,Voltage,Current,Action
0,5.684422248,11.3688428,0
1,8.526633373,11.3688428,0
2,8.526633373,17.0532642,0
3,22.73768892,19.8954749,0
4,22.73768892,25.5798963,0
5,22.73768892,25.5798963,0
6,51.15980016,28.422107,0
7,51.15980016,31.2643177,0
8,51.15980016,34.1065284,0
9,68.21306684,34.1065284,0
10,68.21306684,34.1065284,0
11,68.21306684,34.1065284,0
12,68.21306684,42.6331605,0
13,68.21306684,42.6331605,0
14,68.21306684,42.6331605,0
15,68.21306684,42.6331605,0
16,79.58191134,42.6331605,0
17,79.58191134,42.6331605,0
18,79.58191134,42.6331605,0
19,79.58191134,42.6331605,0
20,79.58191134,45.4753712,0
21,79.58191134,45.4753712,0
22,79.58191134,45.4753712,0
23,79.58191134,45.4753712,0
24,79.58191134,45.4753712,0
25,79.58191134,45.4753712,0
26,79.58191134,45.4753712,0
27,79.58191134,45.4753712,0
28,79.58191134,45.4753712,0
29,79.58191134,45.4753712,0
30,79.58191134,45.4753712,0
31,79.58191134,45.4753712,0
32,79.58191134,45.4753712,0
33,79.58191134,45.4753712,0
34,79.58191134,51.1597926,0
35,79.58191134,51.1597926,0
36,79.58191134,51.1597926,0
37,79.58191134,51.1597926,0
38,79.58191134,51.1597926,0
39,79.58191134,51.1597926,0
40,79.58191134,51.1597926,0
41,79.58191134,51.1597926,0
42,79.58191134,51.1597926,0
43,79.58191134,51.1597926,0
44,79.58191134,51.1597926,0
45,82.42412246,51.1597926,0
46,82.42412246,51.1597926,0
47,82.42412246,51.1597926,0
48,82.42412246,51.1597926,0
49,82.42412246,51.1597926,0
50,82.42412246,51.1597926,0
51,82.42412246,51.1597926,0
52,82.42412246,51.1597926,0
53,82.42412246,51.1597926,0
54,82.42412246,51.1597926,0
55,82.42412246,51.1597926,0
56,82.42412246,51.1597926,0
57,82.42412246,51.1597926,0
58,82.42412246,51.1597926,0
59,82.42412246,51.1597926,0
60,82.42412246,51.1597926,0
61,82.42412246,51.1597926,0
62,82.42412246,51.1597926,0
63,82.42412246,51.1597926,0
64,82.42412246,51.1597926,0
65,82.42412246,51.1597926,0
66,82.42412246,51.1597926,0
67,82.42412246,51.1597926,0
68,82.42412246,51.1597926,0
69,82.42412246,51.1597926,0
70,82.42412246,51.1597926,0
71,82.42412246,51.1597926,0
72,82.42412246,51.1597926,0
73,82.42412246,51.1597926,0
74,82.42412246,51.1597926,0
75,82.42412246,51.1597926,0
76,82.42412246,51.1597926,0
77,82.42412246,51.1597926,0
78,82.42412246,51.1597926,0
79,82.42412246,51.1597926,0
80,82.42412246,54.0020033,0
81,82.42412246,56.844214,0
82,82.42412246,62.5286354,0
83,93.79296696,62.5286354,0
84,93.79296696,62.5286354,0
85,93.79296696,62.5286354,0
86,93.79296696,62.5286354,0
87,93.79296696,62.5286354,0
88,105.1618115,62.5286354,0
89,105.1618115,62.5286354,0
90,105.1618115,65.3708461,0
91,105.1618115,65.3708461,0
92,105.1618115,65.3708461,0
93,119.372867,65.3708461,0
94,119.372867,73.8974782,0
95,119.372867,73.8974782,0
96,119.372867,73.8974782,0
97,119.372867,76.7396889,0
98,119.372867,79.5818996,0
99,119.372867,85.266321,0
100,119.372867,85.266321,0
101,130.7417115,85.266321,0
102,130.7417115,85.266321,0
103,139.2683449,85.266321,0
104,139.2683449,85.266321,0
105,139.2683449,85.266321,0
106,142.1105559,85.266321,0
107,142.1105559,85.266321,0
108,142.1105559,85.266321,0
109,142.1105559,85.266321,0
110,142.1105559,93.7929531,0
111,142.1105559,93.7929531,0
112,142.1105559,93.7929531,0
113,142.1105559,93.7929531,0
114,142.1105559,93.7929531,0
115,142.1105559,93.7929531,0
116,142.1105559,93.7929531,0
117,142.1105559,93.7929531,0
118,142.1105559,93.7929531,0
119,142.1105559,93.7929531,0
120,142.1105559,93.7929531,0
121,142.1105559,93.7929531,0
122,142.1105559,93.7929531,0
123,142.1105559,93.7929531,0
124,142.1105559,93.7929531,0
125,142.1105559,93.7929531,0
126,142.1105559,93.7929531,0
127,142.1105559,93.7929531,0
128,142.1105559,93.7929531,0
129,142.1105559,93.7929531,0
130,142.1105559,93.7929531,0
131,142.1105559,93.7929531,0
132,142.1105559,93.7929531,0
133,142.1105559,102.3195852,0
134,142.1105559,105.1617959,0
135,142.1105559,105.1617959,0
136,142.1105559,105.1617959,0
137,142.1105559,105.1617959,0
138,142.1105559,105.1617959,0
139,142.1105559,105.1617959,0
140,142.1105559,105.1617959,0
141,142.1105559,105.1617959,0
142,142.1105559,105.1617959,0
143,142.1105559,108.0040066,0
144,142.1105559,108.0040066,0
145,142.1105559,108.0040066,0
146,142.1105559,108.0040066,0
147,142.1105559,110.8462173,0
148,142.1105559,110.8462173,0
149,142.1105559,110.8462173,0
150,142.1105559,110.8462173,0
151,142.1105559,110.8462173,0
152,142.1105559,110.8462173,0
153,142.1105559,110.8462173,0
154,142.1105559,110.8462173,0
155,142.1105559,110.8462173,0
156,139.2683449,110.8462173,0
157,142.1105559,110.8462173,0
158,142.1105559,113.688428,0
159,142.1105559,113.688428,0
160,150.6371893,113.688428,0
161,150.6371893,119.3728494,0
162,150.6371893,119.3728494,0
163,159.1638227,119.3728494,0
164,159.1638227,125.0572708,0
165,159.1638227,130.7416922,0
166,159.1638227,130.7416922,0
167,159.1638227,130.7416922,0
168,159.1638227,130.7416922,0
169,159.1638227,130.7416922,0
170,159.1638227,130.7416922,0
171,159.1638227,130.7416922,0
172,159.1638227,130.7416922,0
173,159.1638227,130.7416922,0
174,176.2170894,130.7416922,0
175,176.2170894,130.7416922,0
176,187.5859338,130.7416922,0
177,187.5859338,130.7416922,0
178,193.2703561,130.7416922,0
179,193.2703561,130.7416922,0
180,193.2703561,142.110535,0
181,193.2703561,142.110535,0
182,193.2703561,142.110535,0
183,193.2703561,142.110535,0
184,193.2703561,150.6371671,0
185,193.2703561,150.6371671,0
186,193.2703561,150.6371671,0
187,193.2703561,150.6371671,0
188,193.2703561,162.0060099,0
189,193.2703561,164.8482206,0
190,204.6392006,164.8482206,0
191,204.6392006,164.8482206,0
192,204.6392006,164.8482206,0
193,213.165834,164.8482206,0
194,213.165834,164.8482206,0
195,213.165834,173.3748527,0
196,213.165834,173.3748527,0
197,213.165834,173.3748527,0
198,213.165834,173.3748527,0
199,213.165834,173.3748527,0
200,213.165834,173.3748527,0
201,213.165834,173.3748527,0
202,230.2191006,173.3748527,0
203,230.2191006,173.3748527,0
204,230.2191006,173.3748527,0
205,230.2191006,173.3748527,0
206,233.0613118,173.3748527,0
207,233.0613118,173.3748527,0
208,238.745734,173.3748527,0
209,238.745734,179.0592741,0
210,238.745734,179.0592741,0
211,244.4301563,179.0592741,0
212,244.4301563,196.1125383,0
213,244.4301563,196.1125383,0
214,244.4301563,196.1125383,0
215,244.4301563,196.1125383,0
216,244.4301563,196.1125383,0
217,244.4301563,210.3235918,0
218,244.4301563,210.3235918,0
219,244.4301563,210.3235918,0
220,244.4301563,210.3235918,0
221,244.4301563,213.1658025,0
222,244.4301563,213.1658025,0
223,267.1678452,213.1658025,0
224,267.1678452,213.1658025,0
225,267.1678453,216.0080132,0
226,267.1678453,216.0080132,0
227,267.1678453,216.0080132,0
228,267.1678453,216.0080132,0
229,278.5366897,216.0080132,0
230,278.5366897,216.0080132,0
231,278.5366897,216.0080132,0
232,278.5366897,218.8502239,0
233,278.5366897,218.8502239,0
234,278.5366897,218.8502239,0
235,278.5366897,218.8502239,0
236,278.5366897,221.6924346,0
237,284.2211119,221.6924346,0
238,284.2211119,221.6924346,0
239,284.2211119,221.6924346,0
240,284.2211119,221.6924346,0
241,284.2211119,221.6924346,0
242,284.2211119,227.376856,0
243,284.2211119,227.376856,0
244,284.2211119,227.376856,0
245,284.2211119,227.376856,0
246,284.2211119,227.376856,0
247,284.2211119,227.376856,0
248,284.2211119,227.376856,0
249,284.2211119,227.376856,0
250,284.2211119,227.376856,0
251,284.2211119,227.376856,0
252,284.2211119,227.376856,0
253,289.9055342,227.376856,0
254,289.9055342,227.376856,0
255,289.9055342,227.376856,0
256,289.9055342,227.376856,0
257,289.9055342,227.376856,0
258,289.9055342,227.376856,0
259,289.9055342,227.376856,0
260,289.9055342,227.376856,0
261,289.9055342,227.376856,0
262,289.9055342,227.376856,0
263,289.9055342,227.376856,0
264,289.9055342,227.376856,0
265,289.9055342,227.376856,0
266,289.9055342,227.376856,0
267,289.9055342,227.376856,0
268,289.9055342,227.376856,0
269,289.9055342,227.376856,0
270,289.9055342,227.376856,0
271,289.9055342,227.376856,0
272,289.9055342,227.376856,0
273,289.9055342,227.376856,0
274,289.9055342,227.376856,0
275,289.9055342,227.376856,0
276,289.9055342,227.376856,0
277,289.9055342,227.376856,0
278,289.9055342,227.376856,0
279,289.9055342,227.376856,0
280,289.9055342,227.376856,0
281,289.9055342,227.376856,0
282,289.9055342,227.376856,0
283,292.7477453,227.376856,0
284,292.7477453,227.376856,0
285,292.7477453,227.376856,0
286,292.7477453,227.376856,0
287,292.7477453,227.376856,0
288,292.7477453,227.376856,0
289,292.7477453,227.376856,0
290,292.7477453,227.376856,0
291,292.7477453,227.376856,0
292,292.7477453,227.376856,0
293,292.7477453,227.376856,0
294,292.7477453,230.2190667,0
295,292.7477453,230.2190667,0
296,292.7477453,230.2190667,0
297,292.7477453,230.2190667,0
298,292.7477453,230.2190667,0
299,292.7477453,230.2190667,0
300,292.7477453,230.2190667,0
301,292.7477453,230.2190667,0
302,292.7477453,230.2190667,0
303,292.7477453,230.2190667,0
304,292.7477453,230.2190667,0
305,292.7477453,230.2190667,0
306,292.7477453,230.2190667,0
307,292.7477453,230.2190667,0
308,292.7477453,230.2190667,0
309,292.7477453,230.2190667,0
310,292.7477453,230.2190667,0
311,292.7477453,230.2190667,0
312,292.7477453,230.2190667,0
313,292.7477453,230.2190667,0
314,292.7477453,230.2190667,0
315,292.7477453,230.2190667,0
316,292.7477453,230.2190667,0
317,292.7477453,230.2190667,0
318,292.7477453,230.2190667,0
319,292.7477453,230.2190667,0
320,292.7477453,230.2190667,0
321,292.7477453,230.2190667,0
322,292.7477453,230.2190667,0
323,292.7477453,230.2190667,0
324,292.7477453,230.2190667,0
325,292.7477453,230.2190667,0
326,292.7477453,230.2190667,0
327,292.7477453,230.2190667,0
328,292.7477453,230.2190667,0
329,292.7477453,230.2190667,0
330,292.7477453,230.2190667,0
331,292.7477453,230.2190667,0
332,292.7477453,230.2190667,0
333,292.7477453,230.2190667,0
334,292.7477453,230.2190667,0
335,292.7477453,233.0612774,0
336,292.7477453,233.0612774,0
337,292.7477453,233.0612774,0
338,292.7477453,233.0612774,0
339,292.7477453,233.0612774,0
340,292.7477453,233.0612774,0
341,292.7477453,233.0612774,0
342,292.7477453,233.0612774,0
343,292.7477453,233.0612774,0
344,292.7477453,233.0612774,0
345,292.7477453,233.0612774,0
346,292.7477453,233.0612774,0
347,292.7477453,233.0612774,0
348,292.7477453,233.0612774,0
349,292.7477453,233.0612774,0
350,292.7477453,233.0612774,0
351,292.7477453,233.0612774,0
352,292.7477453,233.0612774,0
353,292.7477453,233.0612774,0
354,292.7477453,233.0612774,0
355,292.7477453,233.0612774,0
356,292.7477453,233.0612774,0
357,292.7477453,233.0612774,0
358,292.7477453,233.0612774,0
359,292.7477453,233.0612774,0
360,292.7477453,233.0612774,0
361,292.7477453,233.0612774,0
362,292.7477453,233.0612774,0
363,292.7477453,233.0612774,0
364,292.7477453,233.0612774,0
365,292.7477453,233.0612774,0
366,292.7477453,233.0612774,0
367,292.7477453,233.0612774,0
368,292.7477453,233.0612774,0
369,292.7477453,233.0612774,0
370,292.7477453,233.0612774,0
371,292.7477453,233.0612774,0
372,292.7477453,233.0612774,0
373,292.7477453,233.0612774,0
374,292.7477453,233.0612774,0
375,292.7477453,233.0612774,0
376,292.7477453,233.0612774,0
377,292.7477453,233.0612774,0
378,292.7477453,233.0612774,0
379,292.7477453,233.0612774,0
380,292.7477453,233.0612774,0
381,292.7477453,233.0612774,0
382,292.7477453,233.0612774,0
383,292.7477453,233.0612774,0
384,292.7477453,233.0612774,0
385,292.7477453,230.2190667,0
386,292.7477453,230.2190667,0
387,292.7477453,230.2190667,0
388,292.7477453,230.2190667,0
389,292.7477453,230.2190667,0
390,292.7477453,230.2190667,0
391,292.7477453,230.2190667,0
392,292.7477453,230.2190667,0
393,292.7477453,230.2190667,0
394,292.7477453,230.2190667,0
395,292.7477453,230.2190667,0
396,292.7477453,230.2190667,0
397,292.7477453,230.2190667,0
398,292.7477453,230.2190667,0
399,292.7477453,230.2190667,0
400,292.7477453,230.2190667,0
401,292.7477453,230.2190667,0
402,292.7477453,230.2190667,0
403,292.7477453,230.2190667,0
404,292.7477453,230.2190667,0
405,292.7477453,230.2190667,0
406,292.7477453,230.2190667,0
407,292.7477453,230.2190667,0
408,292.7477453,230.2190667,0
409,292.7477453,230.2190667,0
410,292.7477453,230.2190667,0
411,292.7477453,230.2190667,0
412,292.7477453,230.2190667,0
413,292.7477453,230.2190667,0
414,292.7477453,230.2190667,0
415,292.7477453,230.2190667,0
416,292.7477453,230.2190667,0
417,292.7477453,230.2190667,0
418,292.7477453,230.2190667,0
419,292.7477453,230.2190667,0
420,292.7477453,230.2190667,0
421,292.7477453,230.2190667,0
422,292.7477453,227.376856,0
423,292.7477453,227.376856,0
424,292.7477453,227.376856,0
425,292.7477453,227.376856,0
426,292.7477453,227.376856,0
427,292.7477453,227.376856,0
428,292.7477453,224.5346453,0
429,292.7477453,218.8502239,0
430,255.7990008,218.8502239,0
431,255.7990008,218.8502239,0
432,255.7990008,218.8502239,0
433,255.7990008,218.8502239,0
434,255.7990008,218.8502239,0
435,255.7990008,218.8502239,0
436,255.7990008,218.8502239,0
437,255.7990008,216.0080132,0
438,247.2723674,216.0080132,0
439,247.2723674,207.4813811,0
440,247.2723674,193.2703276,0
441,247.2723674,193.2703276,0
442,247.2723674,193.2703276,0
443,247.2723674,193.2703276,0
444,247.2723674,193.2703276,0
445,233.0613118,193.2703276,0
446,233.0613118,193.2703276,0
447,233.0613118,193.2703276,0
448,233.0613118,193.2703276,0
449,233.0613118,193.2703276,0
450,233.0613118,193.2703276,0
451,227.3768895,193.2703276,0
452,227.3768895,193.2703276,0
453,224.5346785,193.2703276,0
454,221.6924673,193.2703276,0
455,221.6924673,193.2703276,0
456,221.6924673,193.2703276,0
457,221.6924673,193.2703276,0
458,221.6924673,184.7436955,0
459,221.6924673,184.7436955,0
460,221.6924673,184.7436955,0
461,221.6924673,190.4281169,0
462,221.6924673,190.4281169,0
463,221.6924673,190.4281169,0
464,210.3236228,190.4281169,0
465,204.6392006,190.4281169,0
466,204.6392006,190.4281169,0
467,204.6392006,190.4281169,0
468,204.6392006,190.4281169,0
469,204.6392006,190.4281169,0
470,204.6392006,190.4281169,0
471,204.6392006,190.4281169,0
472,204.6392006,190.4281169,0
473,204.6392006,190.4281169,0
474,204.6392006,190.4281169,0
475,204.6392006,190.4281169,0
476,204.6392006,190.4281169,0
477,204.6392006,190.4281169,0
478,204.6392006,190.4281169,0
479,204.6392006,190.4281169,0
480,204.6392006,190.4281169,0
481,204.6392006,190.4281169,0
482,204.6392006,190.4281169,0
483,204.6392006,190.4281169,0
484,204.6392006,190.4281169,0
485,204.6392006,190.4281169,0
486,204.6392006,190.4281169,0
487,204.6392006,190.4281169,0
488,204.6392006,190.4281169,0
489,204.6392006,193.2703276,0
490,204.6392006,193.2703276,0
491,204.6392006,193.2703276,0
492,204.6392006,193.2703276,0
493,204.6392006,193.2703276,0
494,204.6392006,193.2703276,0
495,204.6392006,193.2703276,0
496,204.6392006,193.2703276,0
497,213.165834,193.2703276,0
498,213.165834,193.2703276,0
499,213.165834,193.2703276,0
500,213.165834,193.2703276,0
501,213.165834,193.2703276,0
502,213.165834,193.2703276,0
503,213.165834,193.2703276,0
504,213.165834,193.2703276,0
505,213.165834,193.2703276,0
506,216.0080451,193.2703276,0
507,216.0080451,193.2703276,0
508,216.0080451,193.2703276,0
509,216.0080451,193.2703276,0
510,216.0080451,193.2703276,0
511,216.0080451,193.2703276,0
512,216.0080451,193.2703276,0
513,216.0080451,193.2703276,0
514,216.0080451,193.2703276,0
515,216.0080451,196.1125383,0
516,216.0080451,196.1125383,0
517,216.0080451,196.1125383,0
518,216.0080451,196.1125383,0
519,216.0080451,196.1125383,0
520,216.0080451,196.1125383,0
521,216.0080451,196.1125383,0
522,216.0080451,196.1125383,0
523,216.0080451,196.1125383,0
524,216.0080451,196.1125383,0
525,216.0080451,196.1125383,0
526,221.6924673,196.1125383,0
527,221.6924673,196.1125383,0
528,221.6924673,196.1125383,0
529,221.6924673,196.1125383,0
530,224.5346785,196.1125383,0
531,224.5346785,196.1125383,0
532,224.5346785,196.1125383,0
533,224.5346785,198.954749,0
534,224.5346785,198.954749,0
535,224.5346785,198.954749,0
536,224.5346785,198.954749,0
537,224.5346785,198.954749,0
538,224.5346785,198.954749,0
539,224.5346785,198.954749,0
540,224.5346785,198.954749,0
541,224.5346785,198.954749,0
542,224.5346785,201.7969597,0
543,224.5346785,201.7969597,0
544,224.5346785,201.7969597,0
545,224.5346785,201.7969597,0
546,224.5346785,201.7969597,0
547,224.5346785,201.7969597,0
548,224.5346785,201.7969597,0
549,224.5346785,201.7969597,0
550,224.5346785,201.7969597,0
551,224.5346785,201.7969597,0
552,224.5346785,204.6391704,0
553,224.5346785,204.6391704,0
554,224.5346785,204.6391704,0
555,224.5346785,204.6391704,0
556,224.5346785,204.6391704,0
557,224.5346785,204.6391704,0
558,224.5346785,204.6391704,0
559,224.5346785,204.6391704,0
560,224.5346785,204.6391704,0
561,224.5346785,204.6391704,0
562,224.5346785,204.6391704,0
563,224.5346785,204.6391704,0
564,224.5346785,204.6391704,0
565,224.5346785,207.4813811,0
566,224.5346785,207.4813811,0
567,224.5346785,207.4813811,0
568,224.5346785,207.4813811,0
569,224.5346785,207.4813811,0
570,227.3768896,207.4813811,0
571,230.2191007,207.4813811,0
572,230.2191007,207.4813811,0
573,230.2191007,207.4813811,0
574,230.2191007,207.4813811,0
575,230.2191007,207.4813811,0
576,230.2191007,207.4813811,0
577,230.2191007,207.4813811,0
578,230.2191007,207.4813811,0
579,230.2191007,207.4813811,0
580,230.2191007,207.4813811,0
581,230.2191007,207.4813811,0
582,230.2191007,207.4813811,0
583,230.2191007,207.4813811,0
584,230.2191007,207.4813811,0
585,230.2191007,207.4813811,0
586,230.2191007,207.4813811,0
587,230.2191007,207.4813811,0
588,230.2191007,207.4813811,0
589,230.2191007,207.4813811,0
590,230.2191007,207.4813811,0
591,230.2191007,207.4813811,0
592,230.2191007,207.4813811,0
593,230.2191007,207.4813811,0
594,230.2191007,207.4813811,0
595,230.2191007,207.4813811,0
596,230.2191007,207.4813811,0
597,230.2191007,207.4813811,0
598,230.2191007,207.4813811,0
599,230.2191007,207.4813811,0
600,230.2191007,207.4813811,0
601,230.2191007,207.4813811,0
602,230.2191007,207.4813811,0
603,230.2191007,207.4813811,0
604,230.2191007,207.4813811,0
605,230.2191007,207.4813811,0
606,230.2191007,207.4813811,0
607,230.2191007,207.4813811,0
608,230.2191007,207.4813811,0
609,230.2191007,207.4813811,0
610,230.2191007,207.4813811,0
611,230.2191007,207.4813811,0
612,230.2191007,207.4813811,0
613,230.2191007,207.4813811,0
614,230.2191007,207.4813811,0
615,230.2191007,207.4813811,0
616,230.2191007,207.4813811,0
617,230.2191007,207.4813811,0
618,230.2191007,207.4813811,0
619,230.2191007,207.4813811,0
620,230.2191007,207.4813811,0
621,224.5346785,207.4813811,0
622,224.5346785,207.4813811,0
623,224.5346785,207.4813811,0
624,224.5346785,207.4813811,0
625,224.5346785,207.4813811,0
626,224.5346785,207.4813811,0
627,224.5346785,207.4813811,0
628,224.5346785,207.4813811,0
629,224.5346785,207.4813811,0
630,224.5346785,207.4813811,0
631,224.5346785,207.4813811,0
632,224.5346785,207.4813811,0
633,224.5346785,207.4813811,0
634,224.5346785,207.4813811,0
635,227.3768895,207.4813811,0
636,227.3768895,207.4813811,0
637,227.3768895,207.4813811,0
638,227.3768895,207.4813811,0
639,227.3768895,207.4813811,0
640,227.3768895,207.4813811,0
641,227.3768895,207.4813811,0
642,227.3768895,207.4813811,0
643,227.3768895,207.4813811,0
644,233.0613118,207.4813811,0
645,233.0613118,207.4813811,0
646,233.0613118,207.4813811,0
647,233.0613118,207.4813811,0
648,233.0613118,213.1658025,0
649,233.0613118,213.1658025,0
650,233.0613118,213.1658025,0
651,233.0613118,213.1658025,0
652,233.0613118,213.1658025,0
653,233.0613118,213.1658025,0
654,233.0613118,213.1658025,0
655,252.9567896,213.1658025,0
656,252.9567896,213.1658025,0
657,252.9567896,213.1658025,0
658,270.0100564,213.1658025,0
659,270.0100564,213.1658025,0
660,270.0100564,213.1658025,0
661,270.0100564,213.1658025,0
662,270.0100564,218.8502239,0
663,270.0100564,218.8502239,0
664,270.0100564,218.8502239,0
665,270.0100564,218.8502239,0
666,270.0100564,218.8502239,0
667,270.0100564,218.8502239,0
668,270.0100564,221.6924346,0
669,270.0100564,221.6924346,0
670,272.8522674,221.6924346,0
671,272.8522674,227.376856,0
672,272.8522674,227.376856,0
673,272.8522674,227.376856,0
674,272.8522674,241.5879095,0
675,272.8522674,241.5879095,0
676,272.8522674,241.5879095,0
677,272.8522674,241.5879095,0
678,272.8522674,241.5879095,0
679,272.8522674,241.5879095,0
680,272.8522674,241.5879095,0
681,272.8522674,241.5879095,0
682,272.8522674,241.5879095,0
683,272.8522674,241.5879095,0
684,272.8522674,241.5879095,0
685,272.8522674,241.5879095,0
686,272.8522674,241.5879095,0
687,272.8522674,244.4301202,0
688,272.8522674,244.4301202,0
689,272.8522674,244.4301202,0
690,272.8522674,244.4301202,0
691,272.8522674,244.4301202,0
692,272.8522674,244.4301202,0
693,272.8522674,244.4301202,0
694,272.8522674,244.4301202,0
695,272.8522674,244.4301202,0
696,272.8522674,244.4301202,0
697,272.8522674,244.4301202,0
698,272.8522674,244.4301202,0
699,272.8522674,244.4301202,0
700,272.8522674,244.4301202,0
701,272.8522674,244.4301202,0
702,272.8522674,244.4301202,0
703,272.8522674,244.4301202,0
704,272.8522674,244.4301202,0
705,272.8522674,244.4301202,0
706,272.8522674,244.4301202,0
707,272.8522674,244.4301202,0
708,272.8522674,244.4301202,0
709,272.8522674,244.4301202,0
710,272.8522674,244.4301202,0
711,272.8522674,244.4301202,0
712,272.8522674,244.4301202,0
713,272.8522674,244.4301202,0
714,272.8522674,244.4301202,0
715,272.8522674,244.4301202,0
716,272.8522674,244.4301202,0
717,272.8522674,244.4301202,0
718,272.8522674,244.4301202,0
719,272.8522674,244.4301202,0
720,264.3256341,244.4301202,0
721,264.3256341,244.4301202,0
722,264.3256341,244.4301202,0
723,264.3256341,244.4301202,0
724,264.3256341,244.4301202,0
725,264.3256341,244.4301202,0
726,264.3256341,244.4301202,0
727,264.3256341,244.4301202,0
728,264.3256341,244.4301202,0
729,264.3256341,244.4301202,0
730,264.3256341,244.4301202,0
731,264.3256341,244.4301202,0
732,264.3256341,244.4301202,0
733,264.3256341,244.4301202,0
734,264.3256341,244.4301202,0
735,264.3256341,244.4301202,0
736,264.3256341,244.4301202,0
737,264.3256341,241.5879095,0
738,264.3256341,241.5879095,0
739,264.3256341,241.5879095,0
740,264.3256341,241.5879095,0
741,264.3256341,241.5879095,0
742,264.3256341,241.5879095,0
743,264.3256341,241.5879095,0
744,264.3256341,241.5879095,0
745,264.3256341,241.5879095,0
746,264.3256341,241.5879095,0
747,264.3256341,241.5879095,0
748,264.3256341,241.5879095,0
749,264.3256341,241.5879095,0
750,264.3256341,241.5879095,0
751,264.3256341,241.5879095,0
752,264.3256341,241.5879095,0
753,264.3256341,241.5879095,0
754,264.3256341,241.5879095,0
755,264.3256341,241.5879095,0
756,264.3256341,241.5879095,0
757,264.3256341,241.5879095,0
758,264.3256341,241.5879095,0
759,264.3256341,241.5879095,0
760,264.3256341,241.5879095,0
761,264.3256341,241.5879095,0
762,264.3256341,241.5879095,0
763,264.3256341,241.5879095,0
764,264.3256341,241.5879095,0
765,264.3256341,241.5879095,0
766,264.3256341,241.5879095,0
767,264.3256341,241.5879095,0
768,264.3256341,241.5879095,0
769,264.3256341,241.5879095,0
770,258.6412119,241.5879095,0
771,258.6412119,241.5879095,0
772,258.6412119,241.5879095,0
773,258.6412119,238.7456988,0
774,258.6412119,238.7456988,0
775,255.7990008,238.7456988,0
776,255.7990008,238.7456988,0
777,255.7990008,238.7456988,0
778,255.7990008,238.7456988,0
779,255.7990008,238.7456988,0
780,255.7990008,238.7456988,0
781,255.7990008,238.7456988,0
782,252.9567896,238.7456988,0
783,252.9567896,238.7456988,0
784,252.9567896,238.7456988,0
785,252.9567896,238.7456988,0
786,252.9567896,238.7456988,0
787,252.9567896,238.7456988,0
788,252.9567896,238.7456988,0
789,252.9567896,238.7456988,0
790,252.9567896,238.7456988,0
791,252.9567896,238.7456988,0
792,252.9567896,238.7456988,0
793,252.9567896,238.7456988,0
794,252.9567896,238.7456988,0
795,252.9567896,238.7456988,0
796,252.9567896,238.7456988,0
797,252.9567896,238.7456988,0
798,252.9567896,238.7456988,0
799,250.1145785,238.7456988,0
800,250.1145785,238.7456988,0
801,250.1145785,238.7456988,0
802,250.1145785,238.7456988,0
803,250.1145785,238.7456988,0
804,250.1145785,238.7456988,0
805,250.1145785,238.7456988,0
806,250.1145785,238.7456988,0
807,250.1145785,238.7456988,0
808,250.1145785,238.7456988,0
809,250.1145785,238.7456988,0
810,250.1145785,238.7456988,0
811,250.1145785,238.7456988,0
812,250.1145785,238.7456988,0
813,250.1145785,238.7456988,0
814,250.1145785,238.7456988,0
815,250.1145785,238.7456988,0
816,250.1145785,238.7456988,0
817,250.1145785,238.7456988,0
818,250.1145785,238.7456988,0
819,250.1145785,238.7456988,0
820,250.1145785,238.7456988,0
821,250.1145785,238.7456988,0
822,250.1145785,238.7456988,0
823,250.1145785,238.7456988,0
824,250.1145785,238.7456988,0
825,250.1145785,238.7456988,0
826,250.1145785,238.7456988,0
827,250.1145785,238.7456988,0
828,250.1145785,238.7456988,0
829,250.1145785,238.7456988,0
830,250.1145785,238.7456988,0
831,250.1145785,238.7456988,0
832,244.4301563,238.7456988,0
833,244.4301563,238.7456988,0
834,244.4301563,238.7456988,0
835,244.4301563,238.7456988,0
836,244.4301563,238.7456988,0
837,244.4301563,238.7456988,0
838,244.4301563,238.7456988,0
839,244.4301563,238.7456988,0
840,241.5879452,238.7456988,0
841,241.5879452,238.7456988,0
842,241.5879452,238.7456988,0
843,241.5879452,238.7456988,0
844,241.5879452,238.7456988,0
845,241.5879452,238.7456988,0
846,241.5879452,238.7456988,0
847,241.5879452,238.7456988,0
848,241.5879452,238.7456988,0
849,241.5879452,238.7456988,0
850,241.5879452,238.7456988,0
851,241.5879452,238.7456988,0
852,241.5879452,238.7456988,0
853,241.5879452,238.7456988,0
854,241.5879452,238.7456988,0
855,241.5879452,238.7456988,0
856,241.5879452,238.7456988,0
857,241.5879452,238.7456988,0
858,241.5879452,238.7456988,0
859,241.5879452,238.7456988,0
860,241.5879452,238.7456988,0
861,241.5879452,238.7456988,0
862,241.5879452,238.7456988,0
863,241.5879452,238.7456988,0
864,241.5879452,238.7456988,0
865,241.5879452,235.9034881,0
866,241.5879452,235.9034881,0
867,241.5879452,235.9034881,0
868,241.5879452,233.0612774,0
869,241.5879452,233.0612774,0
870,241.5879452,233.0612774,0
871,241.5879452,233.0612774,0
872,241.5879452,233.0612774,0
873,241.5879452,233.0612774,0
874,241.5879452,233.0612774,0
875,241.5879452,233.0612774,0
876,241.5879452,233.0612774,0
877,241.5879452,233.0612774,0
878,238.7457341,233.0612774,0
879,238.7457341,233.0612774,0
880,238.7457341,233.0612774,0
881,238.7457341,233.0612774,0
882,238.7457341,233.0612774,0
883,238.7457341,233.0612774,0
884,238.7457341,233.0612774,0
885,238.7457341,233.0612774,0
886,238.7457341,233.0612774,0
887,238.7457341,233.0612774,0
888,238.7457341,233.0612774,0
889,233.0613118,233.0612774,0
890,233.0613118,233.0612774,0
891,233.0613118,233.0612774,0
892,233.0613118,233.0612774,0
893,230.2191007,233.0612774,0
894,230.2191007,233.0612774,0
895,230.2191007,233.0612774,0
896,230.2191007,233.0612774,0
897,230.2191007,233.0612774,0
898,230.2191007,233.0612774,0
899,230.2191007,233.0612774,0
900,230.2191007,233.0612774,0
901,230.2191007,233.0612774,0
902,230.2191007,233.0612774,0
903,230.2191007,233.0612774,0
904,230.2191007,233.0612774,0
905,230.2191007,233.0612774,0
906,230.2191007,233.0612774,0
907,230.2191007,233.0612774,0
908,230.2191007,233.0612774,0
909,230.2191007,233.0612774,0
910,230.2191007,233.0612774,0
911,230.2191007,233.0612774,0
912,230.2191007,230.2190667,0
913,230.2191007,230.2190667,0
914,230.2191007,230.2190667,0
915,230.2191007,230.2190667,0
916,230.2191007,230.2190667,0
917,230.2191007,230.2190667,0
918,230.2191007,230.2190667,0
919,230.2191007,230.2190667,0
920,230.2191007,230.2190667,0
921,230.2191007,230.2190667,0
922,230.2191007,230.2190667,0
923,230.2191007,230.2190667,0
924,230.2191007,230.2190667,0
925,230.2191007,230.2190667,0
926,230.2191007,230.2190667,0
927,230.2191007,230.2190667,0
928,230.2191007,230.2190667,0
929,230.2191007,230.2190667,0
930,230.2191007,230.2190667,0
931,230.2191006,230.2190667,0
932,230.2191006,230.2190667,0
933,230.2191006,230.2190667,0
934,230.2191006,230.2190667,0
935,224.5346785,230.2190667,0
936,224.5346785,230.2190667,0
937,224.5346785,230.2190667,0
938,224.5346785,230.2190667,0
939,224.5346785,230.2190667,0
940,224.5346785,230.2190667,0
941,224.5346785,230.2190667,0
942,224.5346785,230.2190667,0
943,224.5346785,230.2190667,0
944,224.5346785,230.2190667,0
945,224.5346785,230.2190667,0
946,224.5346785,230.2190667,0
947,224.5346785,230.2190667,0
948,224.5346785,230.2190667,0
949,224.5346785,230.2190667,0
950,224.5346785,230.2190667,0
951,224.5346785,230.2190667,0
952,224.5346785,230.2190667,0
953,224.5346785,230.2190667,0
954,224.5346785,230.2190667,0
955,224.5346785,230.2190667,0
956,224.5346785,230.2190667,0
957,224.5346785,230.2190667,0
958,224.5346785,230.2190667,0
959,224.5346785,230.2190667,0
960,224.5346785,230.2190667,0
961,224.5346785,230.2190667,0
962,224.5346785,230.2190667,0
963,224.5346785,230.2190667,0
964,224.5346785,230.2190667,0
965,224.5346785,230.2190667,0
966,224.5346785,224.5346453,0
967,224.5346785,224.5346453,0
968,224.5346785,224.5346453,0
969,224.5346785,224.5346453,0
970,224.5346785,230.2190667,0
971,224.5346785,230.2190667,0
972,224.5346785,230.2190667,0
973,224.5346785,230.2190667,0
974,224.5346785,230.2190667,0
975,224.5346785,230.2190667,0
976,218.8502562,230.2190667,0
977,218.8502562,230.2190667,0
978,218.8502562,230.2190667,0
979,218.8502562,230.2190667,0
980,218.8502562,230.2190667,0
981,218.8502562,230.2190667,0
982,218.8502562,230.2190667,0
983,218.8502562,230.2190667,0
984,218.8502562,230.2190667,0
985,218.8502562,230.2190667,0
986,218.8502562,230.2190667,0
987,218.8502562,230.2190667,0
988,218.8502562,230.2190667,0
989,218.8502562,230.2190667,0
990,218.8502562,230.2190667,0
991,218.8502562,230.2190667,0
992,218.8502562,230.2190667,0
993,218.8502562,230.2190667,0
994,218.8502562,230.2190667,0
995,218.8502562,230.2190667,0
996,218.8502562,230.2190667,0
997,218.8502562,230.2190667,0
998,218.8502562,230.2190667,0
999,218.8502562,230.2190667,0
1000,218.8502562,230.2190667,0
1001,218.8502562,230.2190667,0
1002,218.8502562,230.2190667,0
1003,218.8502562,230.2190667,0
1004,218.8502562,230.2190667,0
1005,218.8502562,230.2190667,0
1006,218.8502562,230.2190667,0
1007,218.8502562,230.2190667,0
1008,218.8502562,230.2190667,0
1009,218.8502562,230.2190667,0
1010,218.8502562,230.2190667,0
1011,218.8502562,230.2190667,0
1012,218.8502562,230.2190667,0
1013,218.8502562,230.2190667,0
1014,218.8502562,230.2190667,0
1015,218.8502562,230.2190667,0
1016,218.8502562,230.2190667,0
1017,218.8502562,230.2190667,0
1018,218.8502562,230.2190667,0
1019,218.8502562,230.2190667,0
1020,218.8502562,227.376856,0
1021,218.8502562,227.376856,0
1022,218.8502562,227.376856,0
1023,218.8502562,227.376856,0
1024,216.0080451,227.376856,0
1025,216.0080451,227.376856,0
1026,216.0080451,227.376856,0
1027,216.0080451,227.376856,0
1028,216.0080451,227.376856,0
1029,216.0080451,227.376856,0
1030,216.0080451,227.376856,0
1031,216.0080451,227.376856,0
1032,210.3236228,227.376856,0
1033,210.3236228,227.376856,0
1034,210.3236228,227.376856,0
1035,210.3236228,227.376856,0
1036,210.3236228,227.376856,0
1037,210.3236228,227.376856,0
1038,210.3236228,227.376856,0
1039,210.3236228,227.376856,0
1040,210.3236228,227.376856,0
1041,210.3236228,227.376856,0
1042,210.3236228,227.376856,0
1043,210.3236228,227.376856,0
1044,210.3236228,227.376856,0
1045,210.3236228,227.376856,0
1046,210.3236228,227.376856,0
1047,210.3236228,227.376856,0
1048,210.3236228,227.376856,0
1049,210.3236228,227.376856,0
1050,210.3236228,227.376856,0
1051,210.3236228,227.376856,0
1052,210.3236228,227.376856,0
1053,210.3236228,227.376856,0
1054,210.3236228,227.376856,0
1055,210.3236228,227.376856,0
1056,210.3236228,227.376856,0
1057,210.3236228,227.376856,0
1058,210.3236228,227.376856,0
1059,210.3236228,227.376856,0
1060,210.3236228,227.376856,0
1061,210.3236228,227.376856,0
1062,210.3236228,227.376856,0
1063,210.3236228,227.376856,0
1064,210.3236228,227.376856,0
1065,210.3236228,227.376856,0
1066,210.3236228,227.376856,0
1067,210.3236228,227.376856,0
1068,210.3236228,227.376856,0
1069,210.3236228,227.376856,0
1070,210.3236228,227.376856,0
1071,207.4814117,227.376856,0
1072,207.4814117,227.376856,0
1073,207.4814117,227.376856,0
1074,207.4814117,227.376856,0
1075,207.4814117,227.376856,0
1076,207.4814117,227.376856,0
1077,207.4814117,227.376856,0
1078,207.4814117,227.376856,0
1079,207.4814117,227.376856,0
1080,207.4814117,227.376856,0
1081,207.4814117,227.376856,0
1082,207.4814117,227.376856,0
1083,207.4814117,227.376856,0
1084,204.6392006,227.376856,0
1085,204.6392006,224.5346453,0
1086,204.6392006,224.5346453,0
1087,204.6392006,224.5346453,0
1088,204.6392006,224.5346453,0
1089,204.6392006,224.5346453,0
1090,204.6392006,224.5346453,0
1091,204.6392006,224.5346453,0
1092,204.6392006,224.5346453,0
1093,204.6392006,224.5346453,0
1094,204.6392006,224.5346453,0
1095,204.6392006,224.5346453,0
1096,201.7969895,224.5346453,0
1097,201.7969895,224.5346453,0
1098,201.7969895,224.5346453,0
1099,201.7969895,224.5346453,0
1100,201.7969895,224.5346453,0
1101,201.7969895,224.5346453,0
1102,201.7969895,224.5346453,0
1103,201.7969895,224.5346453,0
1104,201.7969895,224.5346453,0
1105,201.7969895,224.5346453,0
1106,201.7969895,224.5346453,0
1107,201.7969895,224.5346453,0
1108,201.7969895,224.5346453,0
1109,201.7969895,224.5346453,0
1110,201.7969895,224.5346453,0
1111,201.7969895,224.5346453,0
1112,201.7969895,224.5346453,0
1113,201.7969895,224.5346453,0
1114,201.7969895,224.5346453,0
1115,193.2703561,224.5346453,0
1116,193.2703561,224.5346453,0
1117,201.7969895,224.5346453,0
1118,201.7969895,224.5346453,0
1119,201.7969895,224.5346453,0
1120,201.7969895,224.5346453,0
1121,201.7969895,224.5346453,0
1122,201.7969895,224.5346453,0
1123,201.7969895,224.5346453,0
1124,201.7969895,224.5346453,0
1125,201.7969895,224.5346453,0
1126,201.7969895,224.5346453,0
1127,201.7969895,224.5346453,0
1128,201.7969895,224.5346453,0
1129,201.7969895,224.5346453,0
1130,201.7969895,224.5346453,0
1131,201.7969895,224.5346453,0
1132,201.7969895,224.5346453,0
1133,201.7969895,224.5346453,0
1134,201.7969895,224.5346453,0
1135,201.7969895,224.5346453,0
1136,201.7969895,224.5346453,0
1137,201.7969895,224.5346453,0
1138,201.7969895,224.5346453,0
1139,201.7969895,224.5346453,0
1140,201.7969895,224.5346453,0
1141,201.7969895,224.5346453,0
1142,201.7969895,224.5346453,0
1143,201.7969895,224.5346453,0
1144,201.7969895,224.5346453,0
1145,201.7969895,224.5346453,0
1146,201.7969895,224.5346453,0
1147,201.7969895,224.5346453,0
1148,201.7969895,224.5346453,0
1149,201.7969895,224.5346453,0
1150,201.7969895,224.5346453,0
1151,201.7969895,224.5346453,0
1152,201.7969895,224.5346453,0
1153,201.7969895,224.5346453,0
1154,201.7969895,224.5346453,0
1155,201.7969895,224.5346453,0
1156,201.7969895,224.5346453,0
1157,201.7969895,224.5346453,0
1158,201.7969895,224.5346453,0
1159,201.7969895,224.5346453,0
1160,201.7969895,224.5346453,0
1161,201.7969895,224.5346453,0
1162,201.7969895,224.5346453,0
1163,201.7969895,224.5346453,0
1164,201.7969895,224.5346453,0
1165,201.7969895,224.5346453,0
1166,201.7969895,224.5346453,0
1167,198.9547783,224.5346453,0
1168,198.9547783,221.6924346,0
1169,198.9547783,221.6924346,0
1170,198.9547783,221.6924346,0
1171,198.9547783,221.6924346,0
1172,198.9547783,221.6924346,0
1173,198.9547783,221.6924346,0
1174,198.9547783,221.6924346,0
1175,198.9547783,221.6924346,0
1176,198.9547783,221.6924346,0
1177,198.9547783,221.6924346,0
1178,198.9547783,221.6924346,0
1179,198.9547783,221.6924346,0
1180,198.9547783,221.6924346,0
1181,198.9547783,221.6924346,0
1182,198.9547783,221.6924346,0
1183,198.9547783,221.6924346,0
1184,193.2703561,221.6924346,0
1185,193.2703561,221.6924346,0
1186,193.2703561,221.6924346,0
1187,193.2703561,221.6924346,0
1188,193.2703561,221.6924346,0
1189,193.2703561,221.6924346,0
1190,193.2703561,221.6924346,0
1191,193.2703561,221.6924346,0
1192,193.2703561,221.6924346,0
1193,193.2703561,221.6924346,0
1194,193.2703561,221.6924346,0
1195,193.2703561,221.6924346,0
1196,193.2703561,221.6924346,0
1197,193.2703561,221.6924346,0
1198,193.2703561,221.6924346,0
1199,193.2703561,221.6924346,0
1200,193.2703561,221.6924346,0
1201,193.2703561,221.6924346,0
1202,193.2703561,221.6924346,0
1203,193.2703561,221.6924346,0
1204,193.2703561,221.6924346,0
1205,193.2703561,221.6924346,0
1206,193.2703561,221.6924346,0
1207,193.2703561,221.6924346,0
1208,193.2703561,221.6924346,0
1209,193.2703561,221.6924346,0
1210,193.2703561,221.6924346,0
1211,193.2703561,221.6924346,0
1212,193.2703561,221.6924346,0
1213,193.2703561,221.6924346,0
1214,193.2703561,221.6924346,0
1215,193.2703561,221.6924346,0
1216,193.2703561,221.6924346,0
1217,193.2703561,221.6924346,0
1218,193.2703561,221.6924346,0
1219,193.2703561,221.6924346,0
1220,193.2703561,221.6924346,0
1221,193.2703561,221.6924346,0
1222,193.2703561,221.6924346,0
1223,193.2703561,221.6924346,0
1224,193.2703561,221.6924346,0
1225,193.2703561,221.6924346,0
1226,193.2703561,221.6924346,0
1227,193.2703561,221.6924346,0
1228,193.2703561,221.6924346,0
1229,193.2703561,221.6924346,0
1230,190.428145,221.6924346,0
1231,190.428145,221.6924346,0
1232,190.428145,221.6924346,0
1233,190.428145,221.6924346,0
1234,190.428145,221.6924346,0
1235,190.428145,221.6924346,0
1236,190.428145,221.6924346,0
1237,190.428145,221.6924346,0
1238,190.428145,221.6924346,0
1239,190.428145,221.6924346,0
1240,190.428145,221.6924346,0
1241,190.428145,221.6924346,0
1242,190.428145,221.6924346,0
1243,190.428145,221.6924346,0
1244,190.428145,221.6924346,0
1245,190.428145,221.6924346,0
1246,190.428145,221.6924346,0
1247,190.428145,221.6924346,0
1248,190.428145,221.6924346,0
1249,190.428145,221.6924346,0
1250,190.428145,221.6924346,0
1251,190.428145,221.6924346,0
1252,190.428145,221.6924346,0
1253,190.428145,221.6924346,0
1254,190.428145,221.6924346,0
1255,190.428145,221.6924346,0
1256,190.428145,221.6924346,0
1257,190.428145,221.6924346,0
1258,190.428145,221.6924346,0
1259,190.428145,221.6924346,0
1260,190.428145,221.6924346,0
1261,190.428145,221.6924346,0
1262,190.428145,221.6924346,0
1263,190.428145,221.6924346,0
1264,190.428145,221.6924346,0
1265,190.428145,221.6924346,0
1266,190.428145,221.6924346,0
1267,190.428145,221.6924346,0
1268,190.428145,221.6924346,0
1269,190.428145,221.6924346,0
1270,190.428145,221.6924346,0
1271,190.428145,221.6924346,0
1272,190.428145,221.6924346,0
1273,190.428145,221.6924346,0
1274,190.428145,221.6924346,0
1275,190.428145,221.6924346,0
1276,190.428145,221.6924346,0
1277,190.428145,221.6924346,0
1278,190.428145,221.6924346,0
1279,190.428145,221.6924346,0
1280,190.428145,221.6924346,0
1281,187.5859339,221.6924346,0
1282,187.5859339,221.6924346,0
1283,187.5859339,221.6924346,0
1284,187.5859339,221.6924346,0
1285,181.9015117,221.6924346,0
1286,181.9015117,221.6924346,0
1287,181.9015117,221.6924346,0
1288,181.9015117,221.6924346,0
1289,181.9015117,221.6924346,0
1290,181.9015117,221.6924346,0
1291,181.9015117,221.6924346,0
1292,181.9015117,221.6924346,0
1293,181.9015117,218.8502239,0
1294,181.9015117,218.8502239,0
1295,181.9015117,218.8502239,0
1296,181.9015117,218.8502239,0
1297,181.9015117,218.8502239,0
1298,181.9015117,218.8502239,0
1299,181.9015117,218.8502239,0
1300,181.9015117,218.8502239,0
1301,181.9015117,218.8502239,0
1302,181.9015117,218.8502239,0
1303,181.9015117,218.8502239,0
1304,181.9015117,218.8502239,0
1305,181.9015117,218.8502239,0
1306,181.9015117,218.8502239,0
1307,181.9015117,218.8502239,0
1308,181.9015117,218.8502239,0
1309,181.9015117,218.8502239,0
1310,181.9015117,218.8502239,0
1311,181.9015117,218.8502239,0
1312,181.9015117,218.8502239,0
1313,181.9015117,218.8502239,0
1314,181.9015117,218.8502239,0
1315,181.9015117,218.8502239,0
1316,181.9015117,218.8502239,0
1317,181.9015117,218.8502239,0
1318,181.9015117,218.8502239,0
1319,181.9015117,218.8502239,0
1320,181.9015117,218.8502239,0
1321,181.9015117,218.8502239,0
1322,181.9015117,218.8502239,0
1323,181.9015117,218.8502239,0
1324,181.9015117,218.8502239,0
1325,181.9015117,218.8502239,0
1326,181.9015117,218.8502239,0
1327,181.9015117,218.8502239,0
1328,181.9015117,218.8502239,0
1329,181.9015117,218.8502239,0
1330,181.9015117,218.8502239,0
1331,181.9015117,218.8502239,0
1332,179.0593005,218.8502239,0
1333,179.0593005,218.8502239,0
1334,179.0593005,218.8502239,0
1335,179.0593005,218.8502239,0
1336,179.0593005,218.8502239,0
1337,179.0593005,218.8502239,0
1338,179.0593005,218.8502239,0
1339,179.0593005,218.8502239,0
1340,179.0593005,218.8502239,0
1341,179.0593005,218.8502239,0
1342,179.0593005,218.8502239,0
1343,179.0593005,218.8502239,0
1344,179.0593005,218.8502239,0
1345,179.0593005,218.8502239,0
1346,179.0593005,218.8502239,0
1347,179.0593005,218.8502239,0
1348,179.0593005,218.8502239,0
1349,179.0593005,218.8502239,0
1350,179.0593005,218.8502239,0
1351,179.0593005,218.8502239,0
1352,179.0593005,218.8502239,0
1353,179.0593005,218.8502239,0
1354,179.0593005,218.8502239,0
1355,179.0593005,218.8502239,0
1356,179.0593005,218.8502239,0
1357,179.0593005,218.8502239,0
1358,179.0593005,218.8502239,0
1359,179.0593005,218.8502239,0
1360,179.0593005,218.8502239,0
1361,179.0593005,218.8502239,0
1362,179.0593005,218.8502239,0
1363,179.0593005,218.8502239,0
1364,179.0593005,218.8502239,0
1365,179.0593005,218.8502239,0
1366,179.0593005,218.8502239,0
1367,179.0593005,218.8502239,0
1368,179.0593005,218.8502239,0
1369,179.0593005,218.8502239,0
1370,179.0593005,218.8502239,0
1371,179.0593005,218.8502239,0
1372,179.0593005,218.8502239,0
1373,179.0593005,218.8502239,0
1374,179.0593005,218.8502239,0
1375,179.0593005,218.8502239,0
1376,179.0593005,218.8502239,0
1377,179.0593005,218.8502239,0
1378,179.0593005,218.8502239,0
1379,179.0593005,218.8502239,0
1380,179.0593005,218.8502239,0
1381,179.0593005,218.8502239,0
1382,179.0593005,218.8502239,0
1383,179.0593005,218.8502239,0
1384,179.0593005,218.8502239,0
1385,179.0593005,218.8502239,0
1386,179.0593005,218.8502239,0
1387,179.0593005,218.8502239,0
1388,179.0593005,218.8502239,0
1389,179.0593005,218.8502239,0
1390,179.0593005,218.8502239,0
1391,179.0593005,218.8502239,0
1392,176.2170894,218.8502239,0
1393,176.2170894,218.8502239,0
1394,176.2170894,218.8502239,0
1395,176.2170894,218.8502239,0
1396,176.2170894,218.8502239,0
1397,176.2170894,218.8502239,0
1398,176.2170894,218.8502239,0
1399,176.2170894,218.8502239,0
1400,176.2170894,218.8502239,0
1401,176.2170894,218.8502239,0
1402,176.2170894,218.8502239,0
1403,176.2170894,218.8502239,0
1404,176.2170894,218.8502239,0
1405,176.2170894,218.8502239,0
1406,176.2170894,218.8502239,0
1407,176.2170894,218.8502239,0
1408,176.2170894,218.8502239,0
1409,176.2170894,218.8502239,0
1410,176.2170894,218.8502239,0
1411,176.2170894,218.8502239,0
1412,176.2170894,218.8502239,0
1413,176.2170894,218.8502239,0
1414,176.2170894,218.8502239,0
1415,176.2170894,218.8502239,0
1416,176.2170894,218.8502239,0
1417,176.2170894,218.8502239,0
1418,176.2170894,218.8502239,0
1419,176.2170894,218.8502239,0
1420,176.2170894,218.8502239,0
1421,170.5326672,218.8502239,0
1422,170.5326672,216.0080132,0
1423,170.5326672,216.0080132,0
1424,170.5326672,216.0080132,0
1425,170.5326672,216.0080132,0
1426,167.690456,216.0080132,0
1427,167.690456,216.0080132,0
1428,167.690456,216.0080132,0
1429,167.690456,216.0080132,0
1430,167.690456,216.0080132,0
1431,167.690456,216.0080132,0
1432,167.690456,216.0080132,0
1433,167.690456,216.0080132,0
1434,167.690456,216.0080132,0
1435,167.690456,216.0080132,0
1436,167.690456,216.0080132,0
1437,167.690456,216.0080132,0
1438,167.690456,216.0080132,0
1439,167.690456,216.0080132,0
1440,167.690456,216.0080132,0
1441,167.690456,216.0080132,0
1442,167.690456,216.0080132,0
1443,167.690456,218.8502239,0
1444,167.690456,218.8502239,0
1445,167.690456,218.8502239,0
1446,167.690456,218.8502239,0
1447,167.690456,218.8502239,0
1448,167.690456,218.8502239,0
1449,167.690456,218.8502239,0
1450,167.690456,218.8502239,0
1451,167.690456,218.8502239,0
1452,167.690456,218.8502239,0
1453,167.690456,218.8502239,0
1454,167.690456,218.8502239,0
1455,167.690456,218.8502239,0
1456,167.690456,218.8502239,0
1457,167.690456,218.8502239,0
1458,167.690456,218.8502239,0
1459,167.690456,218.8502239,0
1460,167.690456,218.8502239,0
1461,167.690456,218.8502239,0
1462,167.690456,218.8502239,0
1463,167.690456,218.8502239,0
1464,167.690456,218.8502239,0
1465,167.690456,218.8502239,0
1466,167.690456,218.8502239,0
1467,167.690456,218.8502239,0
1468,167.690456,218.8502239,0
1469,167.690456,218.8502239,0
1470,167.690456,218.8502239,0
1471,167.690456,218.8502239,0
1472,167.690456,218.8502239,0
1473,167.690456,218.8502239,0
1474,167.690456,218.8502239,0
1475,167.690456,218.8502239,0
1476,167.690456,218.8502239,0
1477,167.690456,218.8502239,0
1478,167.690456,218.8502239,0
1479,167.690456,218.8502239,0
1480,167.690456,218.8502239,0
1481,167.690456,218.8502239,0
1482,167.690456,218.8502239,0
1483,167.690456,218.8502239,0
1484,167.690456,218.8502239,0
1485,167.690456,218.8502239,0
1486,167.690456,218.8502239,0
1487,167.690456,218.8502239,0
1488,167.690456,218.8502239,0
1489,167.690456,218.8502239,0
1490,167.690456,218.8502239,0
1491,164.8482449,218.8502239,0
1492,164.8482449,218.8502239,0
1493,164.8482449,216.0080132,0
1494,164.8482449,216.0080132,0
1495,164.8482449,216.0080132,0
1496,164.8482449,216.0080132,0
1497,164.8482449,216.0080132,0
1498,164.8482449,216.0080132,0
1499,164.8482449,216.0080132,0
1500,164.8482449,216.0080132,0
1501,164.8482449,216.0080132,0
1502,164.8482449,216.0080132,0
1503,164.8482449,216.0080132,0
1504,164.8482449,216.0080132,0
1505,164.8482449,216.0080132,0
1506,164.8482449,216.0080132,0
1507,164.8482449,216.0080132,0
1508,164.8482449,216.0080132,0
1509,164.8482449,216.0080132,0
1510,164.8482449,216.0080132,0
1511,164.8482449,216.0080132,0
1512,164.8482449,216.0080132,0
1513,164.8482449,216.0080132,0
1514,164.8482449,216.0080132,0
1515,164.8482449,216.0080132,0
1516,164.8482449,216.0080132,0
1517,164.8482449,216.0080132,0
1518,164.8482449,216.0080132,0
1519,164.8482449,216.0080132,0
1520,164.8482449,216.0080132,0
1521,164.8482449,216.0080132,0
1522,164.8482449,216.0080132,0
1523,164.8482449,216.0080132,0
1524,164.8482449,216.0080132,0
1525,164.8482449,216.0080132,0
1526,164.8482449,216.0080132,0
1527,164.8482449,216.0080132,0
1528,164.8482449,216.0080132,0
1529,164.8482449,216.0080132,0
1530,164.8482449,216.0080132,0
1531,164.8482449,216.0080132,0
1532,164.8482449,216.0080132,0
1533,164.8482449,216.0080132,0
1534,164.8482449,216.0080132,0
1535,164.8482449,216.0080132,0
1536,164.8482449,216.0080132,0
1537,164.8482449,216.0080132,0
1538,162.0060338,216.0080132,0
1539,162.0060338,216.0080132,0
1540,162.0060338,216.0080132,0
1541,162.0060338,216.0080132,0
1542,162.0060338,216.0080132,0
1543,162.0060338,216.0080132,0
1544,162.0060338,216.0080132,0
1545,162.0060338,216.0080132,0
1546,162.0060338,216.0080132,0
1547,162.0060338,216.0080132,0
1548,162.0060338,216.0080132,0
1549,162.0060338,216.0080132,0
1550,162.0060338,216.0080132,0
1551,162.0060338,216.0080132,0
1552,162.0060338,216.0080132,0
1553,162.0060338,216.0080132,0
1554,162.0060338,216.0080132,0
1555,162.0060338,216.0080132,0
1556,162.0060338,216.0080132,0
1557,162.0060338,213.1658025,0
1558,162.0060338,213.1658025,0
1559,162.0060338,213.1658025,0
1560,162.0060338,216.0080132,0
1561,162.0060338,216.0080132,0
1562,162.0060338,216.0080132,0
1563,162.0060338,216.0080132,0
1564,162.0060338,216.0080132,0
1565,162.0060338,216.0080132,0
1566,162.0060338,216.0080132,0
1567,162.0060338,216.0080132,0
1568,162.0060338,216.0080132,0
1569,162.0060338,216.0080132,0
1570,162.0060338,216.0080132,0
1571,159.1638227,216.0080132,0
1572,159.1638227,216.0080132,0
1573,159.1638227,216.0080132,0
1574,159.1638227,216.0080132,0
1575,159.1638227,216.0080132,0
1576,159.1638227,216.0080132,0
1577,159.1638227,216.0080132,0
1578,159.1638227,216.0080132,0
1579,159.1638227,216.0080132,0
1580,159.1638227,216.0080132,0
1581,159.1638227,216.0080132,0
1582,159.1638227,216.0080132,0
1583,159.1638227,216.0080132,0
1584,159.1638227,216.0080132,0
1585,159.1638227,216.0080132,0
1586,159.1638227,216.0080132,0
1587,159.1638227,216.0080132,0
1588,159.1638227,216.0080132,0
1589,159.1638227,216.0080132,0
1590,159.1638227,216.0080132,0
1591,150.6371894,216.0080132,0
1592,150.6371894,216.0080132,0
1593,156.3216115,216.0080132,0
1594,156.3216115,216.0080132,0
1595,156.3216115,216.0080132,0
1596,156.3216115,216.0080132,0
1597,156.3216115,216.0080132,0
1598,156.3216115,216.0080132,0
1599,156.3216115,216.0080132,0
1600,156.3216115,216.0080132,0
1601,156.3216115,216.0080132,0
1602,156.3216115,216.0080132,0
1603,156.3216115,216.0080132,0
1604,156.3216115,216.0080132,0
1605,156.3216115,216.0080132,0
1606,156.3216115,216.0080132,0
1607,156.3216115,216.0080132,0
1608,156.3216115,216.0080132,0
1609,156.3216115,216.0080132,0
1610,156.3216115,216.0080132,0
1611,156.3216115,216.0080132,0
1612,156.3216115,216.0080132,0
1613,156.3216115,216.0080132,0
1614,156.3216115,216.0080132,0
1615,156.3216115,216.0080132,0
1616,156.3216115,216.0080132,0
1617,156.3216115,216.0080132,0
1618,156.3216115,216.0080132,0
1619,156.3216115,216.0080132,0
1620,156.3216115,216.0080132,0
1621,156.3216115,216.0080132,0
1622,156.3216115,216.0080132,0
1623,156.3216115,216.0080132,0
1624,156.3216115,216.0080132,0
1625,156.3216115,216.0080132,0
1626,156.3216115,216.0080132,0
1627,156.3216115,216.0080132,0
1628,156.3216115,216.0080132,0
1629,156.3216115,216.0080132,0
1630,156.3216115,216.0080132,0
1631,156.3216115,216.0080132,0
1632,156.3216115,216.0080132,0
1633,156.3216115,216.0080132,0
1634,156.3216115,216.0080132,0
1635,156.3216115,213.1658025,0
1636,156.3216115,213.1658025,0
1637,156.3216115,213.1658025,0
1638,156.3216115,213.1658025,0
1639,156.3216115,213.1658025,0
1640,156.3216115,213.1658025,0
1641,156.3216115,213.1658025,0
1642,156.3216115,213.1658025,0
1643,153.4794004,213.1658025,0
1644,153.4794004,213.1658025,0
1645,153.4794004,213.1658025,0
1646,153.4794004,213.1658025,0
1647,153.4794004,213.1658025,0
1648,153.4794004,213.1658025,0
1649,153.4794004,213.1658025,0
1650,153.4794004,213.1658025,0
1651,150.6371893,213.1658025,0
1652,150.6371893,213.1658025,0
1653,150.6371893,213.1658025,0
1654,150.6371893,213.1658025,0
1655,150.6371893,213.1658025,0
1656,150.6371893,213.1658025,0
1657,153.4794004,213.1658025,0
1658,153.4794004,213.1658025,0
1659,153.4794004,213.1658025,0
1660,153.4794004,213.1658025,0
1661,153.4794004,213.1658025,0
1662,153.4794004,213.1658025,0
1663,153.4794004,213.1658025,0
1664,153.4794004,213.1658025,0
1665,153.4794004,213.1658025,0
1666,153.4794004,213.1658025,0
1667,153.4794004,213.1658025,0
1668,153.4794004,213.1658025,0
1669,153.4794004,213.1658025,0
1670,153.4794004,213.1658025,0
1671,153.4794004,213.1658025,0
1672,153.4794004,213.1658025,0
1673,153.4794004,213.1658025,0
1674,153.4794004,213.1658025,0
1675,153.4794004,213.1658025,0
1676,153.4794004,213.1658025,0
1677,153.4794004,213.1658025,0
1678,153.4794004,213.1658025,0
1679,153.4794004,213.1658025,0
1680,153.4794004,213.1658025,0
1681,153.4794004,213.1658025,0
1682,153.4794004,213.1658025,0
1683,153.4794004,213.1658025,0
1684,153.4794004,213.1658025,0
1685,153.4794004,213.1658025,0
1686,153.4794004,213.1658025,0
1687,153.4794004,213.1658025,0
1688,153.4794004,213.1658025,0
1689,153.4794004,213.1658025,0
1690,153.4794004,213.1658025,0
1691,153.4794004,213.1658025,0
1692,153.4794004,213.1658025,0
1693,153.4794004,213.1658025,0
1694,153.4794004,213.1658025,0
1695,153.4794004,213.1658025,0
1696,153.4794004,213.1658025,0
1697,153.4794004,213.1658025,0
1698,153.4794004,213.1658025,0
1699,153.4794004,213.1658025,0
1700,153.4794004,213.1658025,0
1701,153.4794004,213.1658025,0
1702,153.4794004,213.1658025,0
1703,153.4794004,213.1658025,0
1704,153.4794004,213.1658025,0
1705,153.4794004,213.1658025,0
1706,153.4794004,213.1658025,0
1707,153.4794004,213.1658025,0
1708,153.4794004,213.1658025,0
1709,153.4794004,213.1658025,0
1710,153.4794004,213.1658025,0
1711,153.4794004,213.1658025,0
1712,153.4794004,213.1658025,0
1713,153.4794004,213.1658025,0
1714,153.4794004,213.1658025,0
1715,153.4794004,213.1658025,0
1716,153.4794004,213.1658025,0
1717,153.4794004,213.1658025,0
1718,153.4794004,213.1658025,0
1719,153.4794004,213.1658025,0
1720,153.4794004,213.1658025,0
1721,153.4794004,213.1658025,0
1722,153.4794004,213.1658025,0
1723,150.6371894,213.1658025,0
1724,147.7949782,213.1658025,0
1725,147.7949782,213.1658025,0
1726,147.7949782,213.1658025,0
1727,147.7949782,213.1658025,0
1728,147.7949782,213.1658025,0
1729,147.7949782,213.1658025,0
1730,147.7949782,213.1658025,0
1731,147.7949782,213.1658025,0
1732,147.7949782,213.1658025,0
1733,147.7949782,213.1658025,0
1734,147.7949782,213.1658025,0
1735,147.7949782,213.1658025,0
1736,147.7949782,213.1658025,0
1737,147.7949782,213.1658025,0
1738,147.7949782,213.1658025,0
1739,147.7949782,213.1658025,0
1740,147.7949782,213.1658025,0
1741,147.7949782,213.1658025,0
1742,147.7949782,213.1658025,0
1743,147.7949782,213.1658025,0
1744,147.7949782,213.1658025,0
1745,147.7949782,213.1658025,0
1746,147.7949782,213.1658025,0
1747,147.7949782,213.1658025,0
1748,147.7949782,213.1658025,0
1749,147.7949782,213.1658025,0
1750,147.7949782,213.1658025,0
1751,147.7949782,213.1658025,0
1752,147.7949782,213.1658025,0
1753,147.7949782,213.1658025,0
1754,147.7949782,213.1658025,0
1755,147.7949782,213.1658025,0
1756,150.6371893,213.1658025,0
1757,150.6371893,213.1658025,0
1758,150.6371893,213.1658025,0
1759,150.6371893,213.1658025,0
1760,150.6371893,213.1658025,0
1761,150.6371893,213.1658025,0
1762,150.6371893,213.1658025,0
1763,150.6371893,213.1658025,0
1764,150.6371893,213.1658025,0
1765,150.6371893,213.1658025,0
1766,150.6371893,213.1658025,0
1767,150.6371893,213.1658025,0
1768,150.6371893,213.1658025,0
1769,150.6371893,213.1658025,0
1770,150.6371893,213.1658025,0
1771,150.6371893,213.1658025,0
1772,150.6371893,213.1658025,0
1773,150.6371893,213.1658025,0
1774,150.6371893,213.1658025,0
1775,150.6371893,213.1658025,0
1776,150.6371893,213.1658025,0
1777,150.6371893,213.1658025,0
1778,150.6371893,213.1658025,0
1779,150.6371893,213.1658025,0
1780,150.6371893,213.1658025,0
1781,150.6371893,213.1658025,0
1782,150.6371893,213.1658025,0
1783,150.6371893,213.1658025,0
1784,150.6371893,213.1658025,0
1785,150.6371893,213.1658025,0
1786,150.6371893,213.1658025,0
1787,150.6371893,213.1658025,0
1788,150.6371893,213.1658025,0
1789,150.6371893,213.1658025,0
1790,150.6371893,213.1658025,0
1791,150.6371893,213.1658025,0
1792,150.6371893,213.1658025,0
1793,150.6371893,213.1658025,0
1794,150.6371893,213.1658025,0
1795,150.6371893,213.1658025,0
1796,150.6371893,213.1658025,0
1797,150.6371893,213.1658025,0
1798,150.6371893,213.1658025,0
1799,150.6371893,213.1658025,0
1800,150.6371893,213.1658025,0
1801,150.6371893,213.1658025,0
1802,150.6371893,213.1658025,0
1803,150.6371893,213.1658025,0
1804,150.6371893,213.1658025,0
1805,150.6371893,213.1658025,0
1806,150.6371893,213.1658025,0
1807,150.6371893,213.1658025,0
1808,150.6371893,213.1658025,0
1809,150.6371893,213.1658025,0
1810,150.6371893,213.1658025,0
1811,150.6371893,213.1658025,0
1812,150.6371893,213.1658025,0
1813,150.6371893,213.1658025,0
1814,150.6371893,213.1658025,0
1815,150.6371893,213.1658025,0
1816,150.6371893,213.1658025,0
1817,150.6371893,213.1658025,0
1818,150.6371893,213.1658025,0
1819,150.6371893,213.1658025,0
1820,150.6371893,213.1658025,0
1821,150.6371893,213.1658025,0
1822,150.6371893,213.1658025,0
1823,150.6371893,213.1658025,0
1824,150.6371893,213.1658025,0
1825,150.6371893,213.1658025,0
1826,150.6371893,213.1658025,0
1827,150.6371893,213.1658025,0
1828,150.6371893,213.1658025,0
1829,150.6371893,213.1658025,0
1830,150.6371893,213.1658025,0
1831,150.6371893,213.1658025,0
1832,150.6371893,213.1658025,0
1833,150.6371893,213.1658025,0
1834,150.6371893,213.1658025,0
1835,150.6371893,213.1658025,0
1836,150.6371893,213.1658025,0
1837,150.6371893,213.1658025,0
1838,150.6371893,213.1658025,0
1839,150.6371893,213.1658025,0
1840,150.6371893,213.1658025,0
1841,150.6371893,213.1658025,0
1842,150.6371893,213.1658025,0
1843,150.6371893,213.1658025,0
1844,150.6371893,213.1658025,0
1845,150.6371893,213.1658025,0
1846,150.6371893,213.1658025,0
1847,150.6371893,213.1658025,0
1848,150.6371893,213.1658025,0
1849,150.6371893,213.1658025,0
1850,150.6371893,213.1658025,0
1851,150.6371893,213.1658025,0
1852,150.6371893,213.1658025,0
1853,150.6371893,213.1658025,0
1854,150.6371893,213.1658025,0
1855,150.6371893,213.1658025,0
1856,150.6371893,213.1658025,0
1857,150.6371893,213.1658025,0
1858,150.6371893,213.1658025,0
1859,150.6371893,213.1658025,0
1860,150.6371893,213.1658025,0
1861,150.6371893,213.1658025,0
1862,150.6371893,213.1658025,0
1863,150.6371893,213.1658025,0
1864,150.6371893,213.1658025,0
1865,150.6371893,213.1658025,0
1866,150.6371893,213.1658025,0
1867,150.6371893,213.1658025,0
1868,150.6371893,213.1658025,0
1869,150.6371893,213.1658025,0
1870,147.7949782,213.1658025,0
1871,147.7949782,213.1658025,0
1872,147.7949782,213.1658025,0
1873,147.7949782,213.1658025,0
1874,147.7949782,213.1658025,0
1875,147.7949782,213.1658025,0
1876,147.7949782,213.1658025,0
1877,147.7949782,213.1658025,0
1878,147.7949782,213.1658025,0
1879,147.7949782,213.1658025,0
1880,147.7949782,213.1658025,0
1881,147.7949782,213.1658025,0
1882,147.7949782,213.1658025,0
1883,147.7949782,210.3235918,0
1884,147.7949782,210.3235918,0
1885,147.7949782,210.3235918,0
1886,147.7949782,210.3235918,0
1887,147.7949782,210.3235918,0
1888,147.7949782,210.3235918,0
1889,147.7949782,210.3235918,0
1890,147.7949782,210.3235918,0
1891,147.7949782,210.3235918,0
1892,147.7949782,210.3235918,0
1893,147.7949782,210.3235918,0
1894,147.7949782,210.3235918,0
1895,147.7949782,210.3235918,0
1896,147.7949782,210.3235918,0
1897,147.7949782,210.3235918,0
1898,147.7949782,210.3235918,0
1899,147.7949782,210.3235918,0
1900,147.7949782,210.3235918,0
1901,147.7949782,210.3235918,0
1902,147.7949782,210.3235918,0
1903,147.7949782,210.3235918,0
1904,147.7949782,210.3235918,0
1905,147.7949782,210.3235918,0
1906,147.7949782,210.3235918,0
1907,147.7949782,210.3235918,0
1908,147.7949782,210.3235918,0
1909,147.7949782,213.1658025,0
1910,147.7949782,213.1658025,0
1911,147.7949782,213.1658025,0
1912,147.7949782,213.1658025,0
1913,147.7949782,213.1658025,0
1914,147.7949782,213.1658025,0
1915,147.7949782,213.1658025,0
1916,147.7949782,213.1658025,0
1917,147.7949782,213.1658025,0
1918,147.7949782,213.1658025,0
1919,147.7949782,213.1658025,0
1920,147.7949782,213.1658025,0
1921,147.7949782,213.1658025,0
1922,147.7949782,213.1658025,0
1923,147.7949782,213.1658025,0
1924,147.7949782,213.1658025,0
1925,147.7949782,213.1658025,0
1926,144.9527671,213.1658025,0
1927,144.9527671,213.1658025,0
1928,144.9527671,213.1658025,0
1929,144.9527671,213.1658025,0
1930,144.9527671,213.1658025,0
1931,144.9527671,213.1658025,0
1932,144.9527671,213.1658025,0
1933,144.9527671,213.1658025,0
1934,144.9527671,213.1658025,0
1935,144.9527671,213.1658025,0
1936,144.9527671,213.1658025,0
1937,144.9527671,213.1658025,0
1938,144.9527671,213.1658025,0
1939,144.9527671,213.1658025,0
1940,144.9527671,213.1658025,0
1941,144.9527671,213.1658025,0
1942,144.9527671,213.1658025,0
1943,144.9527671,213.1658025,0
1944,144.9527671,213.1658025,0
1945,144.9527671,213.1658025,0
1946,144.9527671,213.1658025,0
1947,144.9527671,213.1658025,0
1948,144.9527671,213.1658025,0
1949,144.9527671,213.1658025,0
1950,144.9527671,213.1658025,0
1951,144.9527671,213.1658025,0
1952,147.7949782,213.1658025,0
1953,147.7949782,213.1658025,0
1954,147.7949782,213.1658025,0
1955,147.7949782,213.1658025,0
1956,147.7949782,213.1658025,0
1957,147.7949782,213.1658025,0
1958,147.7949782,213.1658025,0
1959,147.7949782,210.3235918,0
1960,147.7949782,210.3235918,0
1961,147.7949782,210.3235918,0
1962,147.7949782,210.3235918,0
1963,147.7949782,210.3235918,0
1964,147.7949782,210.3235918,0
1965,147.7949782,210.3235918,0
1966,147.7949782,210.3235918,0
1967,147.7949782,210.3235918,0
1968,147.7949782,210.3235918,0
1969,147.7949782,210.3235918,0
1970,147.7949782,210.3235918,0
1971,147.7949782,210.3235918,0
1972,147.7949782,210.3235918,0
1973,147.7949782,210.3235918,0
1974,147.7949782,210.3235918,0
1975,147.7949782,213.1658025,0
1976,147.7949782,213.1658025,0
1977,147.7949782,213.1658025,0
1978,147.7949782,213.1658025,0
1979,147.7949782,213.1658025,0
1980,147.7949782,213.1658025,0
1981,147.7949782,213.1658025,0
1982,147.7949782,213.1658025,0
1983,147.7949782,213.1658025,0
1984,147.7949782,213.1658025,0
1985,147.7949782,213.1658025,0
1986,147.7949782,213.1658025,0
1987,147.7949782,213.1658025,0
1988,147.7949782,213.1658025,0
1989,147.7949782,213.1658025,0
1990,147.7949782,213.1658025,0
1991,147.7949782,213.1658025,0
1992,147.7949782,213.1658025,0
1993,147.7949782,213.1658025,0
1994,147.7949782,213.1658025,0
1995,147.7949782,213.1658025,0
1996,147.7949782,213.1658025,0
1997,147.7949782,213.1658025,0
1998,147.7949782,213.1658025,0
1999,147.7949782,213.1658025,0
2000,147.7949782,213.1658025,0
2001,147.7949782,213.1658025,0
2002,144.9527671,213.1658025,0
2003,144.9527671,213.1658025,0
2004,144.9527671,213.1658025,0
2005,144.9527671,213.1658025,0
2006,144.9527671,213.1658025,0
2007,144.9527671,213.1658025,0
2008,144.9527671,213.1658025,0
2009,144.9527671,213.1658025,0
2010,144.9527671,213.1658025,0
2011,144.9527671,213.1658025,0
2012,144.9527671,213.1658025,0
2013,144.9527671,213.1658025,0
2014,144.9527671,213.1658025,0
2015,144.9527671,213.1658025,0
2016,144.9527671,213.1658025,0
2017,144.9527671,213.1658025,0
2018,144.9527671,213.1658025,0
2019,144.9527671,213.1658025,0
2020,144.9527671,213.1658025,0
2021,144.9527671,213.1658025,0
2022,144.9527671,213.1658025,0
2023,144.9527671,213.1658025,0
2024,144.9527671,213.1658025,0
2025,144.9527671,213.1658025,0
2026,144.9527671,213.1658025,0
2027,144.9527671,213.1658025,0
2028,144.9527671,213.1658025,0
2029,144.9527671,213.1658025,0
2030,144.9527671,213.1658025,0
2031,144.9527671,213.1658025,0
2032,144.9527671,210.3235918,0
2033,144.9527671,210.3235918,0
2034,144.9527671,210.3235918,0
2035,144.9527671,210.3235918,0
2036,144.9527671,210.3235918,0
2037,144.9527671,210.3235918,0
2038,144.9527671,210.3235918,0
2039,144.9527671,210.3235918,0
2040,144.9527671,210.3235918,0
2041,144.9527671,210.3235918,0
2042,144.9527671,210.3235918,0
2043,142.110556,210.3235918,0
2044,142.110556,210.3235918,0
2045,142.110556,210.3235918,0
2046,142.110556,210.3235918,0
2047,142.110556,210.3235918,0
2048,142.110556,210.3235918,0
2049,142.110556,210.3235918,0
2050,142.110556,210.3235918,0
2051,142.110556,210.3235918,0
2052,142.110556,210.3235918,0
2053,142.110556,210.3235918,0
2054,142.110556,210.3235918,0
2055,142.110556,210.3235918,0
2056,142.110556,210.3235918,0
2057,142.110556,210.3235918,0
2058,142.110556,210.3235918,0
2059,142.110556,210.3235918,0
2060,139.2683449,210.3235918,0
2061,139.2683449,210.3235918,0
2062,139.2683449,210.3235918,0
2063,139.2683449,210.3235918,0
2064,139.2683449,210.3235918,0
2065,139.2683449,210.3235918,0
2066,139.2683449,210.3235918,0
2067,139.2683449,210.3235918,0
2068,139.2683449,210.3235918,0
2069,139.2683449,210.3235918,0
2070,139.2683449,210.3235918,0
2071,139.2683449,210.3235918,0
2072,139.2683449,210.3235918,0
2073,139.2683449,210.3235918,0
2074,139.2683449,210.3235918,0
2075,139.2683449,210.3235918,0
2076,139.2683449,210.3235918,0
2077,139.2683449,210.3235918,0
2078,139.2683449,210.3235918,0
2079,139.2683449,210.3235918,0
2080,139.2683449,210.3235918,0
2081,139.2683449,210.3235918,0
2082,139.2683449,210.3235918,0
2083,139.2683449,210.3235918,0
2084,139.2683449,210.3235918,0
2085,139.2683449,210.3235918,0
2086,139.2683449,210.3235918,0
2087,139.2683449,210.3235918,0
2088,139.2683449,210.3235918,0
2089,139.2683449,210.3235918,0
2090,139.2683449,210.3235918,0
2091,139.2683449,210.3235918,0
2092,139.2683449,210.3235918,0
2093,139.2683449,210.3235918,0
2094,139.2683449,210.3235918,0
2095,139.2683449,210.3235918,0
2096,139.2683449,210.3235918,0
2097,139.2683449,210.3235918,0
2098,139.2683449,210.3235918,0
2099,139.2683449,210.3235918,0
2100,139.2683449,210.3235918,0
2101,139.2683449,210.3235918,0
2102,139.2683449,210.3235918,0
2103,139.2683449,210.3235918,0
2104,139.2683449,210.3235918,0
2105,139.2683449,210.3235918,0
2106,139.2683449,210.3235918,0
2107,139.2683449,210.3235918,0
2108,139.2683449,210.3235918,0
2109,139.2683449,210.3235918,0
2110,139.2683449,210.3235918,0
2111,139.2683449,210.3235918,0
2112,139.2683449,210.3235918,0
2113,136.4261337,210.3235918,0
2114,136.4261337,210.3235918,0
2115,136.4261337,210.3235918,0
2116,136.4261337,210.3235918,0
2117,139.2683448,210.3235918,0
2118,139.2683449,210.3235918,0
2119,139.2683449,210.3235918,0
2120,139.2683449,210.3235918,0
2121,139.2683449,210.3235918,0
2122,139.2683449,210.3235918,0
2123,139.2683449,210.3235918,0
2124,139.2683449,210.3235918,0
2125,139.2683449,210.3235918,0
2126,139.2683449,210.3235918,0
2127,139.2683449,210.3235918,0
2128,139.2683449,210.3235918,0
2129,139.2683449,210.3235918,0
2130,139.2683449,210.3235918,0
2131,139.2683449,210.3235918,0
2132,139.2683449,210.3235918,0
2133,139.2683449,210.3235918,0
2134,139.2683449,210.3235918,0
2135,139.2683449,210.3235918,0
2136,139.2683449,210.3235918,0
2137,139.2683449,210.3235918,0
2138,139.2683449,210.3235918,0
2139,139.2683449,210.3235918,0
2140,139.2683449,210.3235918,0
2141,139.2683449,210.3235918,0
2142,139.2683449,210.3235918,0
2143,139.2683449,210.3235918,0
2144,139.2683449,210.3235918,0
2145,139.2683449,210.3235918,0
2146,139.2683449,210.3235918,0
2147,139.2683449,210.3235918,0
2148,139.2683449,210.3235918,0
2149,139.2683449,210.3235918,0
2150,139.2683449,210.3235918,0
2151,139.2683449,210.3235918,0
2152,139.2683449,210.3235918,0
2153,139.2683449,210.3235918,0
2154,139.2683449,210.3235918,0
2155,139.2683449,210.3235918,0
2156,139.2683449,210.3235918,0
2157,139.2683449,210.3235918,0
2158,139.2683449,210.3235918,0
2159,139.2683449,210.3235918,0
2160,139.2683449,210.3235918,0
2161,139.2683449,210.3235918,0
2162,139.2683449,210.3235918,0
2163,139.2683449,210.3235918,0
2164,139.2683449,210.3235918,0
2165,139.2683449,210.3235918,0
2166,139.2683449,210.3235918,0
2167,139.2683449,210.3235918,0
2168,139.2683449,210.3235918,0
2169,139.2683449,210.3235918,0
2170,139.2683449,210.3235918,0
2171,139.2683449,210.3235918,0
2172,139.2683449,210.3235918,0
2173,139.2683449,210.3235918,0
2174,139.2683449,210.3235918,0
2175,139.2683449,210.3235918,0
2176,139.2683449,210.3235918,0
2177,139.2683449,210.3235918,0
2178,139.2683449,210.3235918,0
2179,139.2683449,210.3235918,0
2180,139.2683449,210.3235918,0
2181,139.2683449,210.3235918,0
2182,139.2683449,210.3235918,0
2183,139.2683449,210.3235918,0
2184,139.2683449,210.3235918,0
2185,139.2683449,210.3235918,0
2186,139.2683449,210.3235918,0
2187,139.2683449,210.3235918,0
2188,136.4261337,210.3235918,0
2189,136.4261337,207.4813811,0
2190,136.4261337,207.4813811,0
2191,136.4261337,207.4813811,0
2192,136.4261337,207.4813811,0
2193,136.4261337,207.4813811,0
2194,136.4261337,207.4813811,0
2195,136.4261337,207.4813811,0
2196,136.4261337,207.4813811,0
2197,136.4261337,207.4813811,0
2198,136.4261337,207.4813811,0
2199,136.4261337,207.4813811,0
2200,136.4261337,207.4813811,0
2201,136.4261337,207.4813811,0
2202,136.4261337,207.4813811,0
2203,136.4261337,207.4813811,0
2204,136.4261337,207.4813811,0
2205,136.4261337,207.4813811,0
2206,136.4261337,207.4813811,0
2207,133.5839226,207.4813811,0
2208,133.5839226,207.4813811,0
2209,133.5839226,207.4813811,0
2210,133.5839226,207.4813811,0
2211,133.5839226,207.4813811,0
2212,133.5839226,207.4813811,0
2213,133.5839226,207.4813811,0
2214,133.5839226,207.4813811,0
2215,133.5839226,207.4813811,0
2216,133.5839226,207.4813811,0
2217,133.5839226,207.4813811,0
2218,133.5839226,207.4813811,0
2219,133.5839226,207.4813811,0
2220,133.5839226,207.4813811,0
2221,133.5839226,207.4813811,0
2222,133.5839226,207.4813811,0
2223,133.5839226,207.4813811,0
2224,133.5839226,207.4813811,0
2225,133.5839226,207.4813811,0
2226,133.5839226,207.4813811,0
2227,133.5839226,207.4813811,0
2228,133.5839226,207.4813811,0
2229,133.5839226,207.4813811,0
2230,133.5839226,207.4813811,0
2231,133.5839226,207.4813811,0
2232,133.5839226,207.4813811,0
2233,133.5839226,207.4813811,0
2234,133.5839226,207.4813811,0
2235,133.5839226,207.4813811,0
2236,133.5839226,207.4813811,0
2237,133.5839226,207.4813811,0
2238,133.5839226,207.4813811,0
2239,133.5839226,207.4813811,0
2240,133.5839226,207.4813811,0
2241,133.5839226,207.4813811,0
2242,133.5839226,207.4813811,0
2243,133.5839226,207.4813811,0
2244,130.7417115,207.4813811,0
2245,130.7417115,207.4813811,0
2246,130.7417115,207.4813811,0
2247,130.7417115,207.4813811,0
2248,130.7417115,207.4813811,0
2249,130.7417115,207.4813811,0
2250,133.5839226,207.4813811,0
2251,133.5839226,207.4813811,0
2252,133.5839226,207.4813811,0
2253,133.5839226,207.4813811,0
2254,133.5839226,207.4813811,0
2255,133.5839226,207.4813811,0
2256,133.5839226,207.4813811,0
2257,133.5839226,207.4813811,0
2258,133.5839226,207.4813811,0
2259,133.5839226,207.4813811,0
2260,133.5839226,207.4813811,0
2261,133.5839226,207.4813811,0
2262,133.5839226,207.4813811,0
2263,133.5839226,207.4813811,0
2264,133.5839226,207.4813811,0
2265,133.5839226,207.4813811,0
2266,133.5839226,207.4813811,0
2267,133.5839226,207.4813811,0
2268,133.5839226,207.4813811,0
2269,133.5839226,207.4813811,0
2270,133.5839226,207.4813811,0
2271,133.5839226,207.4813811,0
2272,133.5839226,207.4813811,0
2273,133.5839226,207.4813811,0
2274,133.5839226,207.4813811,0
2275,133.5839226,207.4813811,0
2276,133.5839226,207.4813811,0
2277,133.5839226,207.4813811,0
2278,133.5839226,207.4813811,0
2279,133.5839226,207.4813811,0
2280,133.5839226,207.4813811,0
2281,133.5839226,207.4813811,0
2282,133.5839226,207.4813811,0
2283,133.5839226,207.4813811,0
2284,133.5839226,207.4813811,0
2285,133.5839226,207.4813811,0
2286,133.5839226,207.4813811,0
2287,133.5839226,207.4813811,0
2288,133.5839226,207.4813811,0
2289,133.5839226,207.4813811,0
2290,133.5839226,207.4813811,0
2291,133.5839226,207.4813811,0
2292,133.5839226,207.4813811,0
2293,133.5839226,207.4813811,0
2294,133.5839226,207.4813811,0
2295,133.5839226,207.4813811,0
2296,133.5839226,207.4813811,0
2297,133.5839226,213.1658025,0
2298,133.5839226,213.1658025,0
2299,133.5839226,213.1658025,0
2300,127.8995004,213.1658025,0
2301,127.8995004,213.1658025,0
2302,127.8995004,213.1658025,0
2303,127.8995004,213.1658025,0
2304,127.8995004,213.1658025,0
2305,127.8995004,213.1658025,0
2306,127.8995004,213.1658025,0
2307,127.8995004,213.1658025,0
2308,127.8995004,213.1658025,0
2309,127.8995004,213.1658025,0
2310,127.8995004,213.1658025,0
2311,127.8995004,213.1658025,0
2312,127.8995004,213.1658025,0
2313,127.8995004,213.1658025,0
2314,127.8995004,213.1658025,0
2315,127.8995004,213.1658025,0
2316,127.8995004,213.1658025,0
2317,127.8995004,213.1658025,0
2318,133.5839226,213.1658025,0
2319,133.5839226,213.1658025,0
2320,133.5839226,213.1658025,0
2321,133.5839226,213.1658025,0
2322,133.5839226,213.1658025,0
2323,133.5839226,213.1658025,0
2324,133.5839226,213.1658025,0
2325,133.5839226,213.1658025,0
2326,133.5839226,213.1658025,0
2327,133.5839226,213.1658025,0
2328,133.5839226,213.1658025,0
2329,133.5839226,213.1658025,0
2330,133.5839226,213.1658025,0
2331,133.5839226,213.1658025,0
2332,133.5839226,213.1658025,0
2333,133.5839226,213.1658025,0
2334,133.5839226,213.1658025,0
2335,133.5839226,213.1658025,0
2336,133.5839226,213.1658025,0
2337,133.5839226,213.1658025,0
2338,133.5839226,213.1658025,0
2339,133.5839226,213.1658025,0
2340,133.5839226,213.1658025,0
2341,133.5839226,213.1658025,0
2342,133.5839226,213.1658025,0
2343,133.5839226,213.1658025,0
2344,133.5839226,213.1658025,0
2345,133.5839226,213.1658025,0
2346,133.5839226,213.1658025,0
2347,133.5839226,210.3235918,0
2348,133.5839226,210.3235918,0
2349,133.5839226,210.3235918,0
2350,133.5839226,210.3235918,0
2351,133.5839226,210.3235918,0
2352,133.5839226,210.3235918,0
2353,133.5839226,210.3235918,0
2354,133.5839226,210.3235918,0
2355,133.5839226,210.3235918,0
2356,133.5839226,210.3235918,0
2357,133.5839226,210.3235918,0
2358,133.5839226,210.3235918,0
2359,133.5839226,210.3235918,0
2360,133.5839226,210.3235918,0
2361,133.5839226,210.3235918,0
2362,133.5839226,210.3235918,0
2363,133.5839226,210.3235918,0
2364,133.5839226,210.3235918,0
2365,133.5839226,210.3235918,0
2366,133.5839226,210.3235918,0
2367,133.5839226,210.3235918,0
2368,130.7417115,210.3235918,0
2369,130.7417115,210.3235918,0
2370,130.7417115,210.3235918,0
2371,130.7417115,210.3235918,0
2372,130.7417115,210.3235918,0
2373,130.7417115,210.3235918,0
2374,130.7417115,210.3235918,0
2375,130.7417115,210.3235918,0
2376,130.7417115,210.3235918,0
2377,130.7417115,210.3235918,0
2378,130.7417115,210.3235918,0
2379,130.7417115,210.3235918,0
2380,130.7417115,210.3235918,0
2381,130.7417115,210.3235918,0
2382,130.7417115,210.3235918,0
2383,130.7417115,210.3235918,0
2384,130.7417115,210.3235918,0
2385,130.7417115,207.4813811,0
2386,130.7417115,207.4813811,0
2387,130.7417115,207.4813811,0
2388,130.7417115,207.4813811,0
2389,130.7417115,207.4813811,0
2390,130.7417115,207.4813811,0
2391,130.7417115,207.4813811,0
2392,130.7417115,207.4813811,0
2393,130.7417115,207.4813811,0
2394,130.7417115,207.4813811,0
2395,130.7417115,207.4813811,0
2396,130.7417115,207.4813811,0
2397,130.7417115,207.4813811,0
2398,130.7417115,207.4813811,0
2399,130.7417115,207.4813811,0
2400,130.7417115,207.4813811,0
2401,130.7417115,207.4813811,0
2402,130.7417115,207.4813811,0
2403,130.7417115,207.4813811,0
2404,130.7417115,207.4813811,0
2405,130.7417115,207.4813811,0
2406,130.7417115,207.4813811,0
2407,130.7417115,207.4813811,0
2408,130.7417115,207.4813811,0
2409,130.7417115,207.4813811,0
2410,127.8995003,207.4813811,0
2411,127.8995003,207.4813811,0
2412,127.8995003,207.4813811,0
2413,127.8995003,207.4813811,0
2414,127.8995003,207.4813811,0
2415,127.8995003,207.4813811,0
2416,127.8995003,207.4813811,0
2417,127.8995003,207.4813811,0
2418,127.8995003,207.4813811,0
2419,127.8995003,207.4813811,0
2420,127.8995003,207.4813811,0
2421,127.8995003,207.4813811,0
2422,127.8995003,207.4813811,0
2423,127.8995003,207.4813811,0
2424,122.2150781,207.4813811,0
2425,122.2150781,207.4813811,0
2426,122.2150781,207.4813811,0
2427,125.0572893,207.4813811,0
2428,125.0572893,207.4813811,0
2429,125.0572893,207.4813811,0
2430,125.0572893,207.4813811,0
2431,125.0572893,207.4813811,0
2432,125.0572893,207.4813811,0
2433,125.0572893,207.4813811,0
2434,125.0572893,207.4813811,0
2435,125.0572893,207.4813811,0
2436,125.0572893,207.4813811,0
2437,127.8995003,207.4813811,0
2438,127.8995003,207.4813811,0
2439,127.8995003,207.4813811,0
2440,127.8995003,207.4813811,0
2441,127.8995003,207.4813811,0
2442,127.8995003,207.4813811,0
2443,127.8995003,207.4813811,0
2444,127.8995003,207.4813811,0
2445,127.8995003,207.4813811,0
2446,127.8995003,207.4813811,0
2447,127.8995003,207.4813811,0
2448,127.8995003,207.4813811,0
2449,127.8995003,207.4813811,0
2450,127.8995003,207.4813811,0
2451,127.8995003,207.4813811,0
2452,127.8995003,207.4813811,0
2453,127.8995003,207.4813811,0
2454,127.8995003,207.4813811,0
2455,127.8995003,207.4813811,0
2456,127.8995003,207.4813811,0
2457,127.8995003,207.4813811,0
2458,127.8995003,207.4813811,0
2459,127.8995003,207.4813811,0
2460,127.8995003,207.4813811,0
2461,127.8995003,207.4813811,0
2462,127.8995003,207.4813811,0
2463,127.8995003,207.4813811,0
2464,127.8995003,207.4813811,0
2465,127.8995003,207.4813811,0
2466,127.8995003,207.4813811,0
2467,127.8995003,207.4813811,0
2468,127.8995003,207.4813811,0
2469,127.8995003,207.4813811,0
2470,127.8995003,207.4813811,0
2471,127.8995003,207.4813811,0
2472,127.8995003,207.4813811,0
2473,127.8995003,207.4813811,0
2474,127.8995003,207.4813811,0
2475,127.8995003,207.4813811,0
2476,127.8995004,207.4813811,0
2477,127.8995004,207.4813811,0
2478,127.8995004,207.4813811,0
2479,127.8995004,207.4813811,0
2480,127.8995004,207.4813811,0
2481,127.8995004,210.3235918,0
2482,127.8995004,210.3235918,0
2483,127.8995004,210.3235918,0
2484,127.8995004,210.3235918,0
2485,127.8995004,210.3235918,0
2486,127.8995004,210.3235918,0
2487,127.8995004,210.3235918,0
2488,127.8995004,210.3235918,0
2489,127.8995004,210.3235918,0
2490,127.8995004,210.3235918,0
2491,127.8995004,210.3235918,0
2492,127.8995004,210.3235918,0
2493,127.8995004,210.3235918,0
2494,127.8995004,210.3235918,0
2495,127.8995004,210.3235918,0
2496,127.8995004,210.3235918,0
2497,127.8995004,210.3235918,0
2498,127.8995004,210.3235918,0
2499,127.8995004,210.3235918,0
2500,127.8995004,210.3235918,0
2501,127.8995004,210.3235918,0
2502,127.8995004,210.3235918,0
2503,127.8995004,210.3235918,0
2504,127.8995004,210.3235918,0
2505,127.8995004,210.3235918,0
2506,127.8995004,210.3235918,0
2507,127.8995004,210.3235918,0
2508,127.8995004,210.3235918,0
2509,127.8995004,210.3235918,0
2510,127.8995004,210.3235918,0
2511,127.8995004,210.3235918,0
2512,127.8995004,210.3235918,0
2513,127.8995004,210.3235918,0
2514,127.8995004,210.3235918,0
2515,127.8995004,210.3235918,0
2516,127.8995004,210.3235918,0
2517,127.8995004,210.3235918,0
2518,127.8995004,210.3235918,0
2519,127.8995004,210.3235918,0
2520,127.8995004,210.3235918,0
2521,127.8995004,210.3235918,0
2522,127.8995004,210.3235918,0
2523,127.8995004,210.3235918,0
2524,127.8995004,210.3235918,0
2525,127.8995004,210.3235918,0
2526,125.0572893,210.3235918,0
2527,125.0572893,210.3235918,0
2528,125.0572893,210.3235918,0
2529,125.0572893,210.3235918,0
2530,125.0572893,210.3235918,0
2531,125.0572893,204.6391704,0
2532,125.0572893,204.6391704,0
2533,125.0572893,204.6391704,0
2534,122.2150781,204.6391704,0
2535,122.2150781,204.6391704,0
2536,122.2150781,204.6391704,0
2537,125.0572893,204.6391704,0
2538,125.0572893,204.6391704,0
2539,125.0572893,204.6391704,0
2540,125.0572893,204.6391704,0
2541,125.0572893,204.6391704,0
2542,125.0572893,204.6391704,0
2543,125.0572893,204.6391704,0
2544,125.0572893,204.6391704,0
2545,125.0572893,204.6391704,0
2546,125.0572893,204.6391704,0
2547,125.0572893,204.6391704,0
2548,125.0572893,204.6391704,0
2549,125.0572893,204.6391704,0
2550,125.0572893,204.6391704,0
2551,125.0572893,204.6391704,0
2552,125.0572893,204.6391704,0
2553,125.0572893,204.6391704,0
2554,125.0572893,204.6391704,0
2555,125.0572893,204.6391704,0
2556,125.0572893,204.6391704,0
2557,125.0572893,204.6391704,0
2558,125.0572893,204.6391704,0
2559,125.0572893,204.6391704,0
2560,125.0572893,204.6391704,0
2561,125.0572893,204.6391704,0
2562,125.0572893,204.6391704,0
2563,125.0572893,204.6391704,0
2564,125.0572893,210.3235918,0
2565,125.0572893,210.3235918,0
2566,125.0572893,210.3235918,0
2567,125.0572893,210.3235918,0
2568,125.0572893,210.3235918,0
2569,125.0572893,210.3235918,0
2570,125.0572893,210.3235918,0
2571,125.0572893,210.3235918,0
2572,125.0572893,210.3235918,0
2573,125.0572893,210.3235918,0
2574,125.0572893,210.3235918,0
2575,125.0572893,210.3235918,0
2576,125.0572893,210.3235918,0
2577,125.0572893,210.3235918,0
2578,125.0572893,210.3235918,0
2579,125.0572893,210.3235918,0
2580,125.0572893,210.3235918,0
2581,125.0572893,210.3235918,0
2582,125.0572893,210.3235918,0
2583,125.0572893,210.3235918,0
2584,125.0572893,210.3235918,0
2585,125.0572893,210.3235918,0
2586,125.0572893,210.3235918,0
2587,122.2150781,210.3235918,0
2588,122.2150781,210.3235918,0
2589,122.2150781,210.3235918,0
2590,122.2150781,210.3235918,0
2591,122.2150781,210.3235918,0
2592,122.2150781,210.3235918,0
2593,122.2150781,210.3235918,0
2594,122.2150781,210.3235918,0
2595,122.2150781,210.3235918,0
2596,122.2150781,210.3235918,0
2597,122.2150781,210.3235918,0
2598,122.2150781,210.3235918,0
2599,122.2150781,210.3235918,0
2600,122.2150781,210.3235918,0
2601,122.2150781,210.3235918,0
2602,122.2150781,210.3235918,0
2603,122.2150781,210.3235918,0
2604,122.2150781,210.3235918,0
2605,122.2150781,210.3235918,0
2606,122.2150781,210.3235918,0
2607,122.2150781,210.3235918,0
2608,122.2150781,210.3235918,0
2609,122.2150781,210.3235918,0
2610,122.2150781,210.3235918,0
2611,122.2150781,210.3235918,0
2612,122.2150781,210.3235918,0
2613,122.2150781,210.3235918,0
2614,122.2150781,210.3235918,0
2615,122.2150781,210.3235918,0
2616,122.2150781,210.3235918,0
2617,122.2150781,210.3235918,0
2618,122.2150781,210.3235918,0
2619,122.2150781,210.3235918,0
2620,122.2150781,210.3235918,0
2621,122.2150781,210.3235918,0
2622,122.2150781,210.3235918,0
2623,122.2150781,210.3235918,0
2624,125.0572893,210.3235918,0
2625,125.0572893,210.3235918,0
2626,125.0572893,210.3235918,0
2627,125.0572893,210.3235918,0
2628,125.0572893,210.3235918,0
2629,125.0572893,210.3235918,0
2630,125.0572893,210.3235918,0
2631,125.0572893,210.3235918,0
2632,125.0572893,210.3235918,0
2633,125.0572893,210.3235918,0
2634,125.0572893,207.4813811,0
2635,125.0572893,207.4813811,0
2636,125.0572893,207.4813811,0
2637,125.0572893,207.4813811,0
2638,125.0572893,207.4813811,0
2639,125.0572893,207.4813811,0
2640,125.0572893,207.4813811,0
2641,125.0572893,207.4813811,0
2642,125.0572893,207.4813811,0
2643,125.0572893,207.4813811,0
2644,125.0572893,207.4813811,0
2645,125.0572893,207.4813811,0
2646,125.0572893,207.4813811,0
2647,125.0572893,207.4813811,0
2648,125.0572893,207.4813811,0
2649,125.0572893,207.4813811,0
2650,125.0572893,207.4813811,0
2651,125.0572893,207.4813811,0
2652,125.0572893,207.4813811,0
2653,125.0572893,204.6391704,0
2654,125.0572893,204.6391704,0
2655,125.0572893,204.6391704,0
2656,125.0572893,204.6391704,0
2657,125.0572893,204.6391704,0
2658,125.0572893,204.6391704,0
2659,125.0572893,204.6391704,0
2660,125.0572893,204.6391704,0
2661,125.0572893,204.6391704,0
2662,125.0572893,204.6391704,0
2663,125.0572893,204.6391704,0
2664,125.0572893,204.6391704,0
2665,125.0572893,204.6391704,0
2666,125.0572893,204.6391704,0
2667,125.0572893,204.6391704,0
2668,125.0572893,204.6391704,0
2669,125.0572893,204.6391704,0
2670,125.0572893,204.6391704,0
2671,125.0572893,204.6391704,0
2672,125.0572893,204.6391704,0
2673,125.0572893,204.6391704,0
2674,122.2150781,204.6391704,0
2675,122.2150781,204.6391704,0
2676,122.2150781,204.6391704,0
2677,122.2150781,204.6391704,0
2678,122.2150781,204.6391704,0
2679,122.2150781,204.6391704,0
2680,122.2150781,204.6391704,0
2681,122.2150781,204.6391704,0
2682,122.2150781,204.6391704,0
2683,122.2150781,204.6391704,0
2684,122.2150781,204.6391704,0
2685,122.2150781,204.6391704,0
2686,122.2150781,204.6391704,0
2687,122.2150781,204.6391704,0
2688,122.2150781,204.6391704,0
2689,119.372867,204.6391704,0
2690,119.372867,204.6391704,0
2691,119.372867,204.6391704,0
2692,119.372867,204.6391704,0
2693,119.372867,204.6391704,0
2694,119.372867,204.6391704,0
2695,119.372867,204.6391704,0
2696,119.372867,201.7969597,0
2697,119.372867,201.7969597,0
2698,122.2150781,204.6391704,0
2699,122.2150781,204.6391704,0
2700,122.2150781,204.6391704,0
2701,122.2150781,204.6391704,0
2702,122.2150781,204.6391704,0
2703,122.2150781,204.6391704,0
2704,122.2150781,204.6391704,0
2705,122.2150781,204.6391704,0
2706,122.2150781,204.6391704,0
2707,122.2150781,204.6391704,0
2708,122.2150781,204.6391704,0
2709,122.2150781,204.6391704,0
2710,122.2150781,207.4813811,0
2711,122.2150781,207.4813811,0
2712,122.2150781,207.4813811,0
2713,122.2150781,207.4813811,0
2714,122.2150781,207.4813811,0
2715,122.2150781,207.4813811,0
2716,122.2150781,207.4813811,0
2717,122.2150781,207.4813811,0
2718,122.2150781,207.4813811,0
2719,122.2150781,207.4813811,0
2720,122.2150781,207.4813811,0
2721,122.2150781,207.4813811,0
2722,122.2150781,207.4813811,0
2723,122.2150781,207.4813811,0
2724,122.2150781,207.4813811,0
2725,122.2150781,207.4813811,0
2726,122.2150781,207.4813811,0
2727,122.2150781,207.4813811,0
2728,122.2150781,207.4813811,0
2729,122.2150781,207.4813811,0
2730,122.2150781,207.4813811,0
2731,122.2150781,207.4813811,0
2732,122.2150781,207.4813811,0
2733,122.2150781,207.4813811,0
2734,122.2150781,207.4813811,0
2735,122.2150781,207.4813811,0
2736,122.2150781,207.4813811,0
2737,122.2150781,207.4813811,0
2738,122.2150781,207.4813811,0
2739,122.2150781,207.4813811,0
2740,122.2150781,207.4813811,0
2741,122.2150781,207.4813811,0
2742,122.2150781,207.4813811,0
2743,122.2150781,207.4813811,0
2744,122.2150781,207.4813811,0
2745,122.2150781,207.4813811,0
2746,122.2150781,207.4813811,0
2747,122.2150781,207.4813811,0
2748,122.2150781,207.4813811,0
2749,122.2150781,207.4813811,0
2750,122.2150781,207.4813811,0
2751,122.2150781,207.4813811,0
2752,122.2150781,207.4813811,0
2753,122.2150781,207.4813811,0
2754,122.2150781,207.4813811,0
2755,122.2150781,207.4813811,0
2756,122.2150781,207.4813811,0
2757,122.2150781,207.4813811,0
2758,122.2150781,207.4813811,0
2759,122.2150781,207.4813811,0
2760,122.2150781,207.4813811,0
2761,122.2150781,207.4813811,0
2762,122.2150781,207.4813811,0
2763,122.2150781,207.4813811,0
2764,122.2150781,207.4813811,0
2765,122.2150781,207.4813811,0
2766,122.2150781,207.4813811,0
2767,122.2150781,207.4813811,0
2768,122.2150781,207.4813811,0
2769,122.2150781,207.4813811,0
2770,122.2150781,207.4813811,0
2771,122.2150781,207.4813811,0
2772,122.2150781,207.4813811,0
2773,119.372867,207.4813811,0
2774,119.372867,207.4813811,0
2775,119.372867,207.4813811,0
2776,119.372867,207.4813811,0
2777,119.372867,207.4813811,0
2778,119.372867,207.4813811,0
2779,119.372867,204.6391704,0
2780,119.372867,204.6391704,0
2781,119.372867,204.6391704,0
2782,119.372867,204.6391704,0
2783,119.372867,204.6391704,0
2784,119.372867,204.6391704,0
2785,119.372867,204.6391704,0
2786,119.372867,204.6391704,0
2787,119.372867,204.6391704,0
2788,119.372867,204.6391704,0
2789,119.372867,204.6391704,0
2790,119.372867,204.6391704,0
2791,119.372867,207.4813811,0
2792,119.372867,207.4813811,0
2793,119.372867,207.4813811,0
2794,119.372867,207.4813811,0
2795,119.372867,207.4813811,0
2796,119.372867,207.4813811,0
2797,119.372867,207.4813811,0
2798,119.372867,207.4813811,0
2799,119.372867,207.4813811,0
2800,119.372867,207.4813811,0
2801,119.372867,207.4813811,0
2802,119.372867,207.4813811,0
2803,119.372867,207.4813811,0
2804,119.372867,207.4813811,0
2805,119.372867,207.4813811,0
2806,119.372867,207.4813811,0
2807,119.372867,207.4813811,0
2808,119.372867,207.4813811,0
2809,119.372867,207.4813811,0
2810,119.372867,207.4813811,0
2811,119.372867,207.4813811,0
2812,119.372867,207.4813811,0
2813,119.372867,207.4813811,0
2814,119.372867,207.4813811,0
2815,119.372867,207.4813811,0
2816,119.372867,207.4813811,0
2817,122.2150781,207.4813811,0
2818,122.2150781,207.4813811,0
2819,122.2150781,207.4813811,0
2820,122.2150781,207.4813811,0
2821,122.2150781,207.4813811,0
2822,122.2150781,207.4813811,0
2823,122.2150781,207.4813811,0
2824,122.2150781,207.4813811,0
2825,122.2150781,207.4813811,0
2826,122.2150781,207.4813811,0
2827,122.2150781,207.4813811,0
2828,122.2150781,207.4813811,0
2829,122.2150781,207.4813811,0
2830,122.2150781,207.4813811,0
2831,122.2150781,210.3235918,0
2832,122.2150781,210.3235918,0
2833,122.2150781,210.3235918,0
2834,122.2150781,210.3235918,0
2835,122.2150781,210.3235918,0
2836,122.2150781,210.3235918,0
2837,122.2150781,210.3235918,0
2838,122.2150781,210.3235918,0
2839,122.2150781,210.3235918,0
2840,122.2150781,210.3235918,0
2841,122.2150781,210.3235918,0
2842,122.2150781,210.3235918,0
2843,122.2150781,210.3235918,0
2844,122.2150781,210.3235918,0
2845,122.2150781,210.3235918,0
2846,122.2150781,210.3235918,0
2847,122.2150781,210.3235918,0
2848,122.2150781,210.3235918,0
2849,122.2150781,210.3235918,0
2850,122.2150781,210.3235918,0
2851,122.2150781,210.3235918,0
2852,122.2150781,210.3235918,0
2853,122.2150781,210.3235918,0
2854,122.2150781,210.3235918,0
2855,122.2150781,210.3235918,0
2856,122.2150781,210.3235918,0
2857,122.2150781,210.3235918,0
2858,122.2150781,210.3235918,0
2859,122.2150781,210.3235918,0
2860,122.2150781,210.3235918,0
2861,122.2150781,210.3235918,0
2862,122.2150781,210.3235918,0
2863,122.2150781,210.3235918,0
2864,122.2150781,210.3235918,0
2865,122.2150781,210.3235918,0
2866,122.2150781,210.3235918,0
2867,119.372867,210.3235918,0
2868,119.372867,210.3235918,0
2869,119.372867,210.3235918,0
2870,119.372867,210.3235918,0
2871,119.372867,210.3235918,0
2872,119.372867,210.3235918,0
2873,119.372867,210.3235918,0
2874,119.372867,210.3235918,0
2875,119.372867,210.3235918,0
2876,119.372867,210.3235918,0
2877,119.372867,210.3235918,0
2878,119.372867,210.3235918,0
2879,119.372867,210.3235918,0
2880,119.372867,210.3235918,0
2881,119.372867,207.4813811,0
2882,119.372867,207.4813811,0
2883,119.372867,207.4813811,0
2884,119.372867,207.4813811,0
2885,119.372867,207.4813811,0
2886,119.372867,207.4813811,0
2887,119.372867,207.4813811,0
2888,119.372867,207.4813811,0
2889,119.372867,207.4813811,0
2890,119.372867,207.4813811,0
2891,119.372867,207.4813811,0
2892,119.372867,207.4813811,0
2893,119.372867,207.4813811,0
2894,110.8462336,207.4813811,0
2895,110.8462336,207.4813811,0
2896,110.8462336,207.4813811,0
2897,110.8462336,207.4813811,0
2898,110.8462336,207.4813811,0
2899,110.8462336,207.4813811,0
2900,110.8462336,207.4813811,0
2901,110.8462336,207.4813811,0
2902,113.6884448,207.4813811,0
2903,113.6884448,207.4813811,0
2904,113.6884448,207.4813811,0
2905,113.6884448,207.4813811,0
2906,113.6884448,207.4813811,0
2907,116.5306559,207.4813811,0
2908,116.5306559,207.4813811,0
2909,116.5306559,207.4813811,0
2910,116.5306559,207.4813811,0
2911,116.5306559,207.4813811,0
2912,116.5306559,207.4813811,0
2913,116.5306559,207.4813811,0
2914,116.5306559,207.4813811,0
2915,116.5306559,207.4813811,0
2916,116.5306559,207.4813811,0
2917,116.5306559,207.4813811,0
2918,122.2150781,207.4813811,0
2919,122.2150781,207.4813811,0
2920,122.2150781,207.4813811,0
2921,122.2150781,207.4813811,0
2922,122.2150781,207.4813811,0
2923,122.2150781,207.4813811,0
2924,122.2150781,207.4813811,0
2925,122.2150781,207.4813811,0
2926,122.2150781,207.4813811,0
2927,122.2150781,207.4813811,0
2928,122.2150781,207.4813811,0
2929,122.2150781,207.4813811,0
2930,122.2150781,207.4813811,0
2931,122.2150781,207.4813811,0
2932,122.2150781,207.4813811,0
2933,122.2150781,207.4813811,0
2934,122.2150781,207.4813811,0
2935,122.2150781,207.4813811,0
2936,122.2150781,207.4813811,0
2937,122.2150781,207.4813811,0
2938,122.2150781,207.4813811,0
2939,122.2150781,207.4813811,0
2940,122.2150781,207.4813811,0
2941,122.2150781,207.4813811,0
2942,122.2150781,207.4813811,0
2943,122.2150781,207.4813811,0
2944,122.2150781,207.4813811,0
2945,122.2150781,207.4813811,0
2946,122.2150781,207.4813811,0
2947,122.2150781,207.4813811,0
2948,122.2150781,204.6391704,0
2949,122.2150781,204.6391704,0
2950,122.2150781,204.6391704,0
2951,122.2150781,204.6391704,0
2952,122.2150781,204.6391704,0
2953,122.2150781,204.6391704,0
2954,122.2150781,204.6391704,0
2955,122.2150781,204.6391704,0
2956,122.2150781,204.6391704,0
2957,122.2150781,204.6391704,0
2958,122.2150781,204.6391704,0
2959,122.2150781,204.6391704,0
2960,122.2150781,204.6391704,0
2961,122.2150781,204.6391704,0
2962,122.2150781,204.6391704,0
2963,122.2150781,204.6391704,0
2964,122.2150781,204.6391704,0
2965,122.2150781,204.6391704,0
2966,122.2150781,204.6391704,0
2967,122.2150781,204.6391704,0
2968,119.372867,204.6391704,0
2969,119.372867,204.6391704,0
2970,119.372867,204.6391704,0
2971,119.372867,204.6391704,0
2972,119.372867,204.6391704,0
2973,119.372867,204.6391704,0
2974,119.372867,204.6391704,0
2975,119.372867,204.6391704,0
2976,119.372867,204.6391704,0
2977,119.372867,204.6391704,0
2978,119.372867,204.6391704,0
2979,119.372867,204.6391704,0
2980,119.372867,204.6391704,0
2981,119.372867,204.6391704,0
2982,119.372867,204.6391704,0
2983,119.372867,204.6391704,0
2984,119.372867,207.4813811,0
2985,119.372867,207.4813811,0
2986,119.372867,207.4813811,0
2987,119.372867,207.4813811,0
2988,119.372867,207.4813811,0
2989,119.372867,207.4813811,0
2990,119.372867,207.4813811,0
2991,119.372867,207.4813811,0
2992,119.372867,207.4813811,0
2993,119.372867,207.4813811,0
2994,119.372867,207.4813811,0
2995,119.372867,207.4813811,0
2996,119.372867,207.4813811,0
2997,119.372867,207.4813811,0
2998,119.372867,207.4813811,0
2999,119.372867,207.4813811,0
3000,119.372867,207.4813811,0
3001,119.372867,207.4813811,0
3002,119.372867,207.4813811,0
3003,119.372867,207.4813811,0
3004,119.372867,207.4813811,0
3005,119.372867,207.4813811,0
3006,119.372867,207.4813811,0
3007,119.372867,207.4813811,0
3008,119.372867,207.4813811,0
3009,119.372867,207.4813811,0
3010,119.372867,207.4813811,0
3011,119.372867,207.4813811,0
3012,119.372867,207.4813811,0
3013,119.372867,207.4813811,0
3014,119.372867,207.4813811,0
3015,119.372867,207.4813811,0
3016,119.372867,207.4813811,0
3017,119.372867,207.4813811,0
3018,119.372867,207.4813811,0
3019,119.372867,207.4813811,0
3020,119.372867,207.4813811,0
3021,119.372867,207.4813811,0
3022,119.372867,207.4813811,0
3023,119.372867,207.4813811,0
3024,119.372867,207.4813811,0
3025,119.372867,207.4813811,0
3026,119.372867,207.4813811,0
3027,119.372867,207.4813811,0
3028,119.372867,207.4813811,0
3029,119.372867,207.4813811,0
3030,119.372867,207.4813811,0
3031,119.372867,207.4813811,0
3032,119.372867,207.4813811,0
3033,119.372867,207.4813811,0
3034,119.372867,207.4813811,0
3035,119.372867,207.4813811,0
3036,119.372867,207.4813811,0
3037,119.372867,207.4813811,0
3038,119.372867,207.4813811,0
3039,119.372867,207.4813811,0
3040,119.372867,207.4813811,0
3041,119.372867,207.4813811,0
3042,119.372867,207.4813811,0
3043,119.372867,207.4813811,0
3044,119.372867,207.4813811,0
3045,119.372867,207.4813811,0
3046,119.372867,207.4813811,0
3047,119.372867,207.4813811,0
3048,119.372867,207.4813811,0
3049,119.372867,207.4813811,0
3050,119.372867,207.4813811,0
3051,119.372867,207.4813811,0
3052,119.372867,207.4813811,0
3053,119.372867,207.4813811,0
3054,119.372867,207.4813811,0
3055,119.372867,207.4813811,0
3056,119.372867,207.4813811,0
3057,119.372867,207.4813811,0
3058,119.372867,207.4813811,0
3059,119.372867,207.4813811,0
3060,119.372867,207.4813811,0
3061,119.372867,207.4813811,0
3062,119.372867,207.4813811,0
3063,119.372867,210.3235918,0
3064,119.372867,210.3235918,0
3065,116.5306559,210.3235918,0
3066,116.5306559,210.3235918,0
3067,116.5306559,210.3235918,0
3068,116.5306559,210.3235918,0
3069,116.5306559,210.3235918,0
3070,119.372867,210.3235918,0
3071,119.372867,210.3235918,0
3072,119.372867,210.3235918,0
3073,119.372867,210.3235918,0
3074,119.372867,210.3235918,0
3075,119.372867,210.3235918,0
3076,119.372867,210.3235918,0
3077,119.372867,210.3235918,0
3078,119.372867,210.3235918,0
3079,119.372867,210.3235918,0
3080,119.372867,210.3235918,0
3081,119.372867,210.3235918,0
3082,119.372867,210.3235918,0
3083,119.372867,210.3235918,0
3084,119.372867,210.3235918,0
3085,119.372867,210.3235918,0
3086,119.372867,210.3235918,0
3087,119.372867,210.3235918,0
3088,119.372867,210.3235918,0
3089,119.372867,210.3235918,0
3090,119.372867,210.3235918,0
3091,119.372867,210.3235918,0
3092,119.372867,210.3235918,0
3093,119.372867,210.3235918,0
3094,119.372867,210.3235918,0
3095,119.372867,210.3235918,0
3096,119.372867,210.3235918,0
3097,119.372867,210.3235918,0
3098,119.372867,210.3235918,0
3099,119.372867,210.3235918,0
3100,119.372867,210.3235918,0
3101,119.372867,210.3235918,0
3102,119.372867,210.3235918,0
3103,119.372867,210.3235918,0
3104,119.372867,210.3235918,0
3105,119.372867,210.3235918,0
3106,119.372867,210.3235918,0
3107,119.372867,210.3235918,0
3108,119.372867,210.3235918,0
3109,119.372867,210.3235918,0
3110,119.372867,210.3235918,0
3111,119.372867,210.3235918,0
3112,119.372867,210.3235918,0
3113,119.372867,207.4813811,0
3114,119.372867,207.4813811,0
3115,119.372867,207.4813811,0
3116,119.372867,207.4813811,0
3117,119.372867,207.4813811,0
3118,119.372867,207.4813811,0
3119,119.372867,207.4813811,0
3120,119.372867,207.4813811,0
3121,119.372867,207.4813811,0
3122,119.372867,207.4813811,0
3123,119.372867,207.4813811,0
3124,119.372867,207.4813811,0
3125,119.372867,207.4813811,0
3126,119.372867,207.4813811,0
3127,119.372867,207.4813811,0
3128,119.372867,207.4813811,0
3129,119.372867,207.4813811,0
3130,119.372867,207.4813811,0
3131,119.372867,207.4813811,0
3132,119.372867,207.4813811,0
3133,119.372867,207.4813811,0
3134,119.372867,207.4813811,0
3135,119.372867,207.4813811,0
3136,119.372867,207.4813811,0
3137,119.372867,207.4813811,0
3138,119.372867,207.4813811,0
3139,119.372867,207.4813811,0
3140,119.372867,207.4813811,0
3141,119.372867,207.4813811,0
3142,119.372867,207.4813811,0
3143,119.372867,207.4813811,0
3144,119.372867,207.4813811,0
3145,119.372867,207.4813811,0
3146,119.372867,207.4813811,0
3147,119.372867,207.4813811,0
3148,119.372867,207.4813811,0
3149,119.372867,207.4813811,0
3150,119.372867,207.4813811,0
3151,119.372867,207.4813811,0
3152,119.372867,207.4813811,0
3153,119.372867,207.4813811,0
3154,119.372867,207.4813811,0
3155,119.372867,207.4813811,0
3156,119.372867,207.4813811,0
3157,119.372867,207.4813811,0
3158,119.372867,207.4813811,0
3159,119.372867,207.4813811,0
3160,119.372867,207.4813811,0
3161,119.372867,207.4813811,0
3162,119.372867,207.4813811,0
3163,119.372867,207.4813811,0
3164,119.372867,207.4813811,0
3165,119.372867,207.4813811,0
3166,119.372867,207.4813811,0
3167,119.372867,207.4813811,0
3168,119.372867,207.4813811,0
3169,119.372867,207.4813811,0
3170,119.372867,207.4813811,0
3171,119.372867,207.4813811,0
3172,119.372867,207.4813811,0
3173,119.372867,207.4813811,0
3174,119.372867,207.4813811,0
3175,119.372867,207.4813811,0
3176,119.372867,207.4813811,0
3177,119.372867,207.4813811,0
3178,119.372867,207.4813811,0
3179,119.372867,207.4813811,0
3180,119.372867,207.4813811,0
3181,119.372867,207.4813811,0
3182,119.372867,207.4813811,0
3183,119.372867,207.4813811,0
3184,119.372867,207.4813811,0
3185,119.372867,207.4813811,0
3186,119.372867,207.4813811,0
3187,119.372867,207.4813811,0
3188,119.372867,207.4813811,0
3189,119.372867,207.4813811,0
3190,119.372867,207.4813811,0
3191,119.372867,207.4813811,0
3192,119.372867,207.4813811,0
3193,119.372867,207.4813811,0
3194,119.372867,207.4813811,0
3195,119.372867,207.4813811,0
3196,119.372867,207.4813811,0
3197,119.372867,207.4813811,0
3198,119.372867,207.4813811,0
3199,119.372867,207.4813811,0
3200,119.372867,207.4813811,0
3201,119.372867,207.4813811,0
3202,119.372867,207.4813811,0
3203,119.372867,207.4813811,0
3204,119.372867,207.4813811,0
3205,119.372867,207.4813811,0
3206,119.372867,207.4813811,0
3207,119.372867,207.4813811,0
3208,119.372867,207.4813811,0
3209,119.372867,207.4813811,0
3210,119.372867,207.4813811,0
3211,119.372867,207.4813811,0
3212,119.372867,207.4813811,0
3213,119.372867,207.4813811,0
3214,119.372867,207.4813811,0
3215,119.372867,204.6391704,0
3216,119.372867,204.6391704,0
3217,119.372867,204.6391704,0
3218,119.372867,204.6391704,0
3219,119.372867,204.6391704,0
3220,116.5306559,204.6391704,0
3221,116.5306559,204.6391704,0
3222,116.5306559,204.6391704,0
3223,116.5306559,201.7969597,0
3224,119.3728669,201.7969597,0
3225,119.3728669,201.7969597,0
3226,119.3728669,201.7969597,0
3227,119.3728669,201.7969597,0
3228,119.3728669,201.7969597,0
3229,119.3728669,201.7969597,0
3230,119.3728669,201.7969597,0
3231,119.3728669,201.7969597,0
3232,119.3728669,201.7969597,0
3233,119.3728669,201.7969597,0
3234,119.3728669,201.7969597,0
3235,119.3728669,204.6391704,0
3236,119.3728669,204.6391704,0
3237,119.3728669,204.6391704,0
3238,119.3728669,204.6391704,0
3239,119.3728669,204.6391704,0
3240,119.3728669,204.6391704,0
3241,119.3728669,204.6391704,0
3242,119.3728669,204.6391704,0
3243,119.3728669,204.6391704,0
3244,119.3728669,204.6391704,0
3245,119.3728669,204.6391704,0
3246,119.3728669,204.6391704,0
3247,119.3728669,204.6391704,0
3248,119.3728669,204.6391704,0
3249,119.3728669,204.6391704,0
3250,119.3728669,204.6391704,0
3251,119.3728669,204.6391704,0
3252,119.3728669,204.6391704,0
3253,119.3728669,204.6391704,0
3254,119.3728669,204.6391704,0
3255,119.3728669,204.6391704,0
3256,119.3728669,204.6391704,0
3257,119.3728669,204.6391704,0
3258,119.3728669,204.6391704,0
3259,119.3728669,204.6391704,0
3260,119.3728669,204.6391704,0
3261,119.3728669,204.6391704,0
3262,119.3728669,204.6391704,0
3263,119.3728669,204.6391704,0
3264,119.3728669,204.6391704,0
3265,119.3728669,204.6391704,0
3266,119.3728669,204.6391704,0
3267,119.3728669,204.6391704,0
3268,119.3728669,204.6391704,0
3269,119.3728669,204.6391704,0
3270,119.3728669,204.6391704,0
3271,119.3728669,207.4813811,0
3272,119.3728669,207.4813811,0
3273,119.3728669,207.4813811,0
3274,116.5306559,207.4813811,0
3275,116.5306559,207.4813811,0
3276,116.5306559,207.4813811,0
3277,116.5306559,207.4813811,0
3278,116.5306559,207.4813811,0
3279,113.6884448,207.4813811,0
3280,113.6884448,207.4813811,0
3281,113.6884448,207.4813811,0
3282,113.6884448,207.4813811,0
3283,113.6884448,207.4813811,0
3284,113.6884448,207.4813811,0
3285,113.6884448,207.4813811,0
3286,113.6884448,207.4813811,0
3287,113.6884448,207.4813811,0
3288,113.6884448,207.4813811,0
3289,113.6884448,207.4813811,0
3290,113.6884448,207.4813811,0
3291,113.6884448,207.4813811,0
3292,113.6884448,207.4813811,0
3293,116.5306559,207.4813811,0
3294,116.5306559,207.4813811,0
3295,116.5306559,207.4813811,0
3296,116.5306559,207.4813811,0
3297,116.5306559,207.4813811,0
3298,116.5306559,207.4813811,0
3299,116.5306559,207.4813811,0
3300,116.5306559,207.4813811,0
3301,116.5306559,207.4813811,0
3302,116.5306559,207.4813811,0
3303,116.5306559,207.4813811,0
3304,116.5306559,207.4813811,0
3305,116.5306559,207.4813811,0
3306,116.5306559,207.4813811,0
3307,116.5306559,207.4813811,0
3308,116.5306559,207.4813811,0
3309,116.5306559,207.4813811,0
3310,116.5306559,207.4813811,0
3311,116.5306559,207.4813811,0
3312,116.5306559,207.4813811,0
3313,116.5306559,207.4813811,0
3314,116.5306559,207.4813811,0
3315,116.5306559,207.4813811,0
3316,116.5306559,207.4813811,0
3317,116.5306559,207.4813811,0
3318,116.5306559,207.4813811,0
3319,116.5306559,207.4813811,0
3320,116.5306559,207.4813811,0
3321,116.5306559,207.4813811,0
3322,116.5306559,207.4813811,0
3323,116.5306559,207.4813811,0
3324,116.5306559,207.4813811,0
3325,116.5306559,207.4813811,0
3326,116.5306559,207.4813811,0
3327,116.5306559,207.4813811,0
3328,116.5306559,207.4813811,0
3329,116.5306559,207.4813811,0
3330,116.5306559,207.4813811,0
3331,116.5306559,207.4813811,0
3332,116.5306559,207.4813811,0
3333,119.3728669,207.4813811,0
3334,119.3728669,207.4813811,0
3335,119.3728669,207.4813811,0
3336,119.3728669,207.4813811,0
3337,119.3728669,207.4813811,0
3338,119.3728669,207.4813811,0
3339,119.3728669,207.4813811,0
3340,119.3728669,207.4813811,0
3341,119.3728669,207.4813811,0
3342,119.3728669,207.4813811,0
3343,119.3728669,207.4813811,0
3344,119.3728669,207.4813811,0
3345,119.3728669,207.4813811,0
3346,119.3728669,207.4813811,0
3347,119.3728669,207.4813811,0
3348,119.3728669,207.4813811,0
3349,119.3728669,207.4813811,0
3350,119.3728669,207.4813811,0
3351,119.3728669,207.4813811,0
3352,119.3728669,207.4813811,0
3353,119.3728669,207.4813811,0
3354,119.3728669,207.4813811,0
3355,119.3728669,207.4813811,0
3356,119.3728669,207.4813811,0
3357,119.3728669,207.4813811,0
3358,119.3728669,207.4813811,0
3359,119.3728669,207.4813811,0
3360,119.3728669,207.4813811,0
3361,119.3728669,207.4813811,0
3362,119.3728669,207.4813811,0
3363,119.3728669,207.4813811,0
3364,119.3728669,207.4813811,0
3365,119.3728669,207.4813811,0
3366,119.3728669,207.4813811,0
3367,119.3728669,207.4813811,0
3368,119.3728669,207.4813811,0
3369,119.3728669,207.4813811,0
3370,119.3728669,207.4813811,0
3371,119.3728669,207.4813811,0
3372,119.3728669,207.4813811,0
3373,119.3728669,207.4813811,0
3374,119.3728669,207.4813811,0
3375,119.3728669,207.4813811,0
3376,119.3728669,207.4813811,0
3377,119.3728669,207.4813811,0
3378,119.3728669,207.4813811,0
3379,119.3728669,207.4813811,0
3380,119.3728669,207.4813811,0
3381,119.3728669,207.4813811,0
3382,119.3728669,207.4813811,0
3383,116.5306559,207.4813811,0
3384,116.5306559,207.4813811,0
3385,116.5306559,207.4813811,0
3386,116.5306559,207.4813811,0
3387,116.5306559,207.4813811,0
3388,116.5306559,207.4813811,0
3389,116.5306559,207.4813811,0
3390,116.5306559,207.4813811,0
3391,116.5306559,207.4813811,0
3392,116.5306559,207.4813811,0
3393,116.5306559,207.4813811,0
3394,116.5306559,207.4813811,0
3395,116.5306559,207.4813811,0
3396,116.5306559,207.4813811,0
3397,116.5306559,207.4813811,0
3398,116.5306559,207.4813811,0
3399,116.5306559,207.4813811,0
3400,116.5306559,207.4813811,0
3401,116.5306559,207.4813811,0
3402,116.5306559,207.4813811,0
3403,116.5306559,207.4813811,0
3404,116.5306559,207.4813811,0
3405,116.5306559,207.4813811,0
3406,116.5306559,207.4813811,0
3407,116.5306559,207.4813811,0
3408,116.5306559,207.4813811,0
3409,116.5306559,207.4813811,0
3410,116.5306559,207.4813811,0
3411,116.5306559,207.4813811,0
3412,116.5306559,207.4813811,0
3413,116.5306559,207.4813811,0
3414,116.5306559,207.4813811,0
3415,116.5306559,207.4813811,0
3416,116.5306559,207.4813811,0
3417,116.5306559,207.4813811,0
3418,116.5306559,207.4813811,0
3419,116.5306559,207.4813811,0
3420,116.5306559,207.4813811,0
3421,116.5306559,207.4813811,0
3422,116.5306559,207.4813811,0
3423,116.5306559,207.4813811,0
3424,116.5306559,207.4813811,0
3425,116.5306559,207.4813811,0
3426,116.5306559,207.4813811,0
3427,116.5306559,207.4813811,0
3428,116.5306559,207.4813811,0
3429,116.5306559,207.4813811,0
3430,116.5306559,207.4813811,0
3431,116.5306559,207.4813811,0
3432,116.5306559,207.4813811,0
3433,116.5306559,207.4813811,0
3434,116.5306559,207.4813811,0
3435,116.5306559,207.4813811,0
3436,116.5306559,207.4813811,0
3437,116.5306559,207.4813811,0
3438,116.5306559,207.4813811,0
3439,116.5306559,207.4813811,0
3440,116.5306559,207.4813811,0
3441,116.5306559,207.4813811,0
3442,116.5306559,207.4813811,0
3443,116.5306559,207.4813811,0
3444,116.5306559,207.4813811,0
3445,116.5306559,207.4813811,0
3446,116.5306559,207.4813811,0
3447,116.5306559,207.4813811,0
3448,116.5306559,207.4813811,0
3449,116.5306559,207.4813811,0
3450,116.5306559,207.4813811,0
3451,116.5306559,207.4813811,0
3452,116.5306559,207.4813811,0
3453,116.5306559,207.4813811,0
3454,116.5306559,207.4813811,0
3455,116.5306559,207.4813811,0
3456,116.5306559,207.4813811,0
3457,116.5306559,207.4813811,0
3458,116.5306559,207.4813811,0
3459,116.5306559,207.4813811,0
3460,116.5306559,207.4813811,0
3461,116.5306559,207.4813811,0
3462,116.5306559,207.4813811,0
3463,116.5306559,207.4813811,0
3464,116.5306559,207.4813811,0
3465,116.5306559,207.4813811,0
3466,116.5306559,207.4813811,0
3467,116.5306559,207.4813811,0
3468,116.5306559,207.4813811,0
3469,116.5306559,207.4813811,0
3470,116.5306559,207.4813811,0
3471,116.5306559,207.4813811,0
3472,116.5306559,204.6391704,0
3473,116.5306559,204.6391704,0
3474,116.5306559,204.6391704,0
3475,116.5306559,204.6391704,0
3476,116.5306559,204.6391704,0
3477,116.5306559,204.6391704,0
3478,116.5306559,204.6391704,0
3479,116.5306559,204.6391704,0
3480,116.5306559,204.6391704,0
3481,119.3728669,204.6391704,0
3482,119.3728669,204.6391704,0
3483,119.3728669,204.6391704,0
3484,119.3728669,204.6391704,0
3485,119.3728669,204.6391704,0
3486,119.3728669,204.6391704,0
3487,119.3728669,204.6391704,0
3488,119.3728669,204.6391704,0
3489,119.3728669,204.6391704,0
3490,119.3728669,204.6391704,0
3491,119.3728669,204.6391704,0
3492,119.3728669,204.6391704,0
3493,119.3728669,204.6391704,0
3494,119.3728669,204.6391704,0
3495,119.3728669,204.6391704,0
3496,119.3728669,204.6391704,0
3497,119.3728669,204.6391704,0
3498,119.3728669,204.6391704,0
3499,119.3728669,204.6391704,0
3500,119.3728669,204.6391704,0
3501,119.3728669,204.6391704,0
3502,119.3728669,204.6391704,0
3503,119.3728669,204.6391704,0
3504,119.3728669,204.6391704,0
3505,119.3728669,204.6391704,0
3506,119.3728669,204.6391704,0
3507,119.3728669,204.6391704,0
3508,119.372867,204.6391704,0
3509,119.372867,204.6391704,0
3510,119.372867,204.6391704,0
3511,119.372867,204.6391704,0
3512,119.372867,204.6391704,0
3513,119.372867,204.6391704,0
3514,119.372867,204.6391704,0
3515,119.372867,204.6391704,0
3516,119.372867,204.6391704,0
3517,119.372867,204.6391704,0
3518,119.372867,204.6391704,0
3519,119.372867,204.6391704,0
3520,119.372867,204.6391704,0
3521,119.372867,207.4813811,0
3522,119.372867,207.4813811,0
3523,119.372867,207.4813811,0
3524,119.372867,207.4813811,0
3525,119.372867,207.4813811,0
3526,119.372867,207.4813811,0
3527,119.372867,207.4813811,0
3528,119.372867,207.4813811,0
3529,119.372867,207.4813811,0
3530,119.372867,207.4813811,0
3531,119.372867,207.4813811,0
3532,119.372867,207.4813811,0
3533,119.372867,207.4813811,0
3534,119.372867,207.4813811,0
3535,119.372867,207.4813811,0
3536,119.372867,207.4813811,0
3537,119.372867,207.4813811,0
3538,119.372867,207.4813811,0
3539,119.372867,207.4813811,0
3540,119.372867,207.4813811,0
3541,119.372867,207.4813811,0
3542,119.372867,207.4813811,0
3543,119.372867,207.4813811,0
3544,119.372867,207.4813811,0
3545,119.372867,207.4813811,0
3546,119.372867,207.4813811,0
3547,119.372867,207.4813811,0
3548,119.372867,207.4813811,0
3549,119.372867,207.4813811,0
3550,119.372867,207.4813811,0
3551,119.372867,207.4813811,0
3552,119.372867,207.4813811,0
3553,119.372867,207.4813811,0
3554,119.372867,207.4813811,0
3555,119.372867,207.4813811,0
3556,119.372867,207.4813811,0
3557,119.372867,207.4813811,0
3558,116.5306559,207.4813811,0
3559,116.5306559,207.4813811,0
3560,116.5306559,207.4813811,0
3561,116.5306559,207.4813811,0
3562,116.5306559,207.4813811,0
3563,116.5306559,207.4813811,0
3564,116.5306559,207.4813811,0
3565,116.5306559,207.4813811,0
3566,116.5306559,207.4813811,0
3567,116.5306559,207.4813811,0
3568,116.5306559,207.4813811,0
3569,116.5306559,207.4813811,0
3570,116.5306559,207.4813811,0
3571,116.5306559,204.6391704,0
3572,116.5306559,204.6391704,0
3573,116.5306559,204.6391704,0
3574,116.5306559,204.6391704,0
3575,116.5306559,204.6391704,0
3576,116.5306559,204.6391704,0
3577,116.5306559,204.6391704,0
3578,116.5306559,204.6391704,0
3579,116.5306559,204.6391704,0
3580,116.5306559,204.6391704,0
3581,119.372867,204.6391704,0
3582,119.372867,204.6391704,0
3583,119.372867,204.6391704,0
3584,119.372867,204.6391704,0
3585,119.372867,204.6391704,0
3586,119.372867,204.6391704,0
3587,119.372867,204.6391704,0
3588,119.372867,204.6391704,0
3589,119.372867,204.6391704,0
3590,119.372867,204.6391704,0
3591,119.372867,204.6391704,0
3592,119.372867,204.6391704,0
3593,119.372867,204.6391704,0
3594,119.372867,207.4813811,0
3595,119.372867,207.4813811,0
3596,119.372867,207.4813811,0
3597,119.372867,207.4813811,0
3598,119.372867,207.4813811,0
3599,119.372867,207.4813811,0
3600,119.372867,207.4813811,0
3601,119.372867,207.4813811,0
3602,119.372867,207.4813811,0
3603,119.372867,207.4813811,0
3604,119.372867,207.4813811,0
3605,119.372867,207.4813811,0
3606,119.372867,207.4813811,0
3607,119.372867,207.4813811,0
3608,119.372867,207.4813811,0
3609,119.372867,207.4813811,0
3610,119.372867,207.4813811,0
3611,119.372867,207.4813811,0
3612,119.372867,207.4813811,0
3613,119.372867,207.4813811,0
3614,119.372867,207.4813811,0
3615,119.372867,207.4813811,0
3616,119.372867,207.4813811,0
3617,119.372867,207.4813811,0
3618,119.372867,207.4813811,0
3619,119.372867,207.4813811,0
3620,119.372867,207.4813811,0
3621,119.372867,207.4813811,0
3622,119.372867,207.4813811,0
3623,119.372867,207.4813811,0
3624,119.372867,207.4813811,0
3625,119.372867,207.4813811,0
3626,119.372867,207.4813811,0
3627,119.372867,207.4813811,0
3628,119.372867,207.4813811,0
3629,119.372867,207.4813811,0
3630,119.372867,207.4813811,0
3631,119.372867,207.4813811,0
3632,119.372867,207.4813811,0
3633,119.372867,207.4813811,0
3634,119.372867,207.4813811,0
3635,119.372867,207.4813811,0
3636,119.372867,207.4813811,0
3637,119.372867,207.4813811,0
3638,119.372867,207.4813811,0
3639,119.372867,207.4813811,0
3640,119.372867,207.4813811,0
3641,119.372867,207.4813811,0
3642,119.372867,207.4813811,0
3643,119.372867,207.4813811,0
3644,119.372867,207.4813811,0
3645,119.372867,207.4813811,0
3646,119.372867,207.4813811,0
3647,119.372867,207.4813811,0
3648,119.372867,207.4813811,0
3649,119.372867,207.4813811,0
3650,119.372867,207.4813811,0
3651,119.372867,207.4813811,0
3652,119.372867,207.4813811,0
3653,119.372867,207.4813811,0
3654,119.372867,207.4813811,0
3655,119.372867,207.4813811,0
3656,119.372867,207.4813811,0
3657,119.372867,207.4813811,0
3658,119.372867,207.4813811,0
3659,119.372867,207.4813811,0
3660,119.372867,207.4813811,0
3661,119.372867,207.4813811,0
3662,119.372867,207.4813811,0
3663,119.372867,207.4813811,0
3664,119.372867,207.4813811,0
3665,119.372867,207.4813811,0
3666,119.372867,207.4813811,0
3667,119.372867,207.4813811,0
3668,119.372867,207.4813811,0
3669,119.372867,207.4813811,0
3670,119.3728669,207.4813811,0
3671,119.3728669,207.4813811,0
3672,119.3728669,207.4813811,0
3673,119.3728669,207.4813811,0
3674,119.3728669,207.4813811,0
3675,119.3728669,207.4813811,0
3676,119.3728669,207.4813811,0
3677,119.3728669,207.4813811,0
3678,119.3728669,207.4813811,0
3679,119.3728669,207.4813811,0
3680,119.3728669,207.4813811,0
3681,119.3728669,207.4813811,0
3682,119.3728669,207.4813811,0
3683,119.3728669,207.4813811,0
3684,119.3728669,207.4813811,0
3685,119.3728669,207.4813811,0
3686,119.3728669,207.4813811,0
3687,119.3728669,207.4813811,0
3688,119.3728669,207.4813811,0
3689,119.3728669,207.4813811,0
3690,119.3728669,207.4813811,0
3691,119.3728669,207.4813811,0
3692,119.3728669,207.4813811,0
3693,119.3728669,207.4813811,0
3694,119.3728669,207.4813811,0
3695,119.3728669,207.4813811,0
3696,119.3728669,207.4813811,0
3697,119.3728669,207.4813811,0
3698,119.3728669,207.4813811,0
3699,119.3728669,207.4813811,0
3700,119.3728669,207.4813811,0
3701,119.3728669,207.4813811,0
3702,119.372867,207.4813811,0
3703,119.372867,207.4813811,0
3704,119.372867,207.4813811,0
3705,119.372867,207.4813811,0
3706,119.372867,207.4813811,0
3707,119.372867,207.4813811,0
3708,119.372867,207.4813811,0
3709,119.372867,207.4813811,0
3710,119.372867,207.4813811,0
3711,119.372867,207.4813811,0
3712,119.372867,207.4813811,0
3713,119.372867,207.4813811,0
3714,119.372867,207.4813811,0
3715,119.372867,207.4813811,0
3716,119.372867,207.4813811,0
3717,119.372867,207.4813811,0
3718,119.372867,207.4813811,0
3719,119.372867,207.4813811,0
3720,119.372867,207.4813811,0
3721,119.372867,207.4813811,0
3722,119.372867,207.4813811,0
3723,119.372867,207.4813811,0
3724,119.372867,207.4813811,0
3725,119.372867,207.4813811,0
3726,119.372867,207.4813811,0
3727,119.372867,207.4813811,0
3728,119.372867,207.4813811,0
3729,119.372867,207.4813811,0
3730,119.372867,207.4813811,0
3731,119.372867,207.4813811,0
3732,119.372867,207.4813811,0
3733,119.372867,207.4813811,0
3734,119.372867,207.4813811,0
3735,119.372867,207.4813811,0
3736,119.372867,207.4813811,0
3737,119.372867,207.4813811,0
3738,119.372867,207.4813811,0
3739,119.372867,207.4813811,0
3740,119.372867,207.4813811,0
3741,119.372867,207.4813811,0
3742,119.372867,207.4813811,0
3743,119.372867,207.4813811,0
3744,119.372867,207.4813811,0
3745,119.372867,207.4813811,0
3746,119.372867,207.4813811,0
3747,119.372867,207.4813811,0
3748,119.372867,207.4813811,0
3749,119.372867,207.4813811,0
3750,119.372867,207.4813811,0
3751,119.372867,207.4813811,0
3752,119.3728669,207.4813811,0
3753,119.3728669,207.4813811,0
3754,119.3728669,207.4813811,0
3755,119.3728669,207.4813811,0
3756,119.3728669,207.4813811,0
3757,119.3728669,207.4813811,0
3758,119.3728669,207.4813811,0
3759,119.3728669,207.4813811,0
3760,119.3728669,207.4813811,0
3761,119.3728669,207.4813811,0
3762,119.3728669,207.4813811,0
3763,119.3728669,207.4813811,0
3764,119.3728669,207.4813811,0
3765,119.3728669,207.4813811,0
3766,119.3728669,207.4813811,0
3767,119.3728669,207.4813811,0
3768,119.3728669,207.4813811,0
3769,119.3728669,207.4813811,0
3770,119.3728669,207.4813811,0
3771,119.3728669,207.4813811,0
3772,119.3728669,207.4813811,0
3773,116.5306559,207.4813811,0
3774,116.5306559,207.4813811,0
3775,116.5306559,207.4813811,0
3776,116.5306559,207.4813811,0
3777,116.5306559,207.4813811,0
3778,116.5306559,207.4813811,0
3779,116.5306559,207.4813811,0
3780,116.5306559,207.4813811,0
3781,116.5306559,207.4813811,0
3782,116.5306559,207.4813811,0
3783,116.5306559,207.4813811,0
3784,116.5306559,204.6391704,0
3785,116.5306559,204.6391704,0
3786,116.5306559,204.6391704,0
3787,116.5306559,204.6391704,0
3788,116.5306559,204.6391704,0
3789,116.5306559,204.6391704,0
3790,116.5306559,204.6391704,0
3791,116.5306559,204.6391704,0
3792,116.5306559,204.6391704,0
3793,116.5306559,204.6391704,0
3794,116.5306559,204.6391704,0
3795,116.5306559,204.6391704,0
3796,116.5306559,204.6391704,0
3797,116.5306559,204.6391704,0
3798,116.5306559,204.6391704,0
3799,116.5306559,204.6391704,0
3800,116.5306559,204.6391704,0
3801,116.5306559,204.6391704,0
3802,116.5306559,204.6391704,0
3803,116.5306559,204.6391704,0
3804,116.5306559,204.6391704,0
3805,116.5306559,204.6391704,0
3806,116.5306559,204.6391704,0
3807,116.5306559,204.6391704,0
3808,116.5306559,204.6391704,0
3809,116.5306559,204.6391704,0
3810,116.5306559,204.6391704,0
3811,116.5306559,204.6391704,0
3812,116.5306559,204.6391704,0
3813,116.5306559,204.6391704,0
3814,116.5306559,204.6391704,0
3815,116.5306559,204.6391704,0
3816,116.5306559,204.6391704,0
3817,116.5306559,204.6391704,0
3818,116.5306559,204.6391704,0
3819,116.5306559,204.6391704,0
3820,116.5306559,204.6391704,0
3821,116.5306559,204.6391704,0
3822,116.5306559,204.6391704,0
3823,116.5306559,207.4813811,0
3824,116.5306559,207.4813811,0
3825,116.5306559,207.4813811,0
3826,116.5306559,207.4813811,0
3827,116.5306559,207.4813811,0
3828,116.5306559,207.4813811,0
3829,116.5306559,207.4813811,0
3830,116.5306559,207.4813811,0
3831,116.5306559,207.4813811,0
3832,116.5306559,207.4813811,0
3833,116.5306559,207.4813811,0
3834,116.5306559,207.4813811,0
3835,116.5306559,207.4813811,0
3836,116.5306559,207.4813811,0
3837,116.5306559,207.4813811,0
3838,116.5306559,207.4813811,0
3839,116.5306559,207.4813811,0
3840,116.5306559,207.4813811,0
3841,116.5306559,207.4813811,0
3842,116.5306559,207.4813811,0
3843,116.5306559,207.4813811,0
3844,116.5306559,207.4813811,0
3845,116.5306559,207.4813811,0
3846,116.5306559,207.4813811,0
3847,116.5306559,207.4813811,0
3848,116.5306559,207.4813811,0
3849,116.5306559,207.4813811,0
3850,116.5306559,207.4813811,0
3851,116.5306559,207.4813811,0
3852,116.5306559,207.4813811,0
3853,116.5306559,207.4813811,0
3854,116.5306559,207.4813811,0
3855,116.5306559,207.4813811,0
3856,116.5306559,207.4813811,0
3857,116.5306559,207.4813811,0
3858,116.5306559,207.4813811,0
3859,116.5306559,207.4813811,0
3860,116.5306559,207.4813811,0
3861,116.5306559,207.4813811,0
3862,116.5306559,207.4813811,0
3863,116.5306559,207.4813811,0
3864,116.5306559,207.4813811,0
3865,116.5306559,207.4813811,0
3866,116.5306559,207.4813811,0
3867,116.5306559,207.4813811,0
3868,116.5306559,207.4813811,0
3869,116.5306559,207.4813811,0
3870,116.5306559,207.4813811,0
3871,116.5306559,207.4813811,0
3872,116.5306559,207.4813811,0
3873,116.5306559,207.4813811,0
3874,119.372867,207.4813811,0
3875,119.372867,207.4813811,0
3876,119.372867,207.4813811,0
3877,119.372867,207.4813811,0
3878,119.372867,207.4813811,0
3879,119.372867,207.4813811,0
3880,119.372867,207.4813811,0
3881,119.372867,207.4813811,0
3882,119.372867,207.4813811,0
3883,119.372867,207.4813811,0
3884,119.372867,207.4813811,0
3885,119.372867,207.4813811,0
3886,119.372867,207.4813811,0
3887,119.372867,207.4813811,0
3888,119.372867,207.4813811,0
3889,119.372867,207.4813811,0
3890,119.372867,207.4813811,0
3891,119.372867,207.4813811,0
3892,119.372867,207.4813811,0
3893,119.372867,207.4813811,0
3894,119.372867,207.4813811,0
3895,119.372867,207.4813811,0
3896,119.372867,207.4813811,0
3897,119.372867,207.4813811,0
3898,119.372867,207.4813811,0
3899,119.372867,207.4813811,0
3900,119.372867,207.4813811,0
3901,119.372867,207.4813811,0
3902,119.372867,207.4813811,0
3903,119.372867,207.4813811,0
3904,119.372867,207.4813811,0
3905,119.372867,207.4813811,0
3906,119.372867,207.4813811,0
3907,119.372867,207.4813811,0
3908,119.372867,207.4813811,0
3909,119.372867,207.4813811,0
3910,119.372867,207.4813811,0
3911,119.372867,207.4813811,0
3912,119.372867,207.4813811,0
3913,119.372867,207.4813811,0
3914,119.372867,207.4813811,0
3915,119.372867,207.4813811,0
3916,119.372867,207.4813811,0
3917,122.2150781,207.4813811,0
3918,122.2150781,207.4813811,0
3919,122.2150781,207.4813811,0
3920,122.2150781,207.4813811,0
3921,122.2150781,207.4813811,0
3922,122.2150781,207.4813811,0
3923,122.2150781,207.4813811,0
3924,122.2150781,207.4813811,0
3925,122.2150781,207.4813811,0
3926,122.2150781,207.4813811,0
3927,122.2150781,207.4813811,0
3928,122.2150781,204.6391704,0
3929,122.2150781,204.6391704,0
3930,122.2150781,204.6391704,0
3931,122.2150781,204.6391704,0
3932,122.2150781,204.6391704,0
3933,122.2150781,204.6391704,0
3934,122.2150781,204.6391704,0
3935,122.2150781,204.6391704,0
3936,122.2150781,204.6391704,0
3937,122.2150781,204.6391704,0
3938,122.2150781,204.6391704,0
3939,122.2150781,204.6391704,0
3940,122.2150781,204.6391704,0
3941,122.2150781,204.6391704,0
3942,122.2150781,204.6391704,0
3943,122.2150781,204.6391704,0
3944,122.2150781,204.6391704,0
3945,122.2150781,204.6391704,0
3946,122.2150781,204.6391704,0
3947,122.2150781,204.6391704,0
3948,122.2150781,204.6391704,0
3949,122.2150781,204.6391704,0
3950,122.2150781,204.6391704,0
3951,122.2150781,204.6391704,0
3952,122.2150781,204.6391704,0
3953,122.2150781,204.6391704,0
3954,122.2150781,204.6391704,0
3955,122.2150781,204.6391704,0
3956,122.2150781,204.6391704,0
3957,122.2150781,204.6391704,0
3958,122.2150781,204.6391704,0
3959,122.2150781,204.6391704,0
3960,122.2150781,204.6391704,0
3961,122.2150781,207.4813811,0
3962,122.2150781,207.4813811,0
3963,122.2150781,207.4813811,0
3964,122.2150781,207.4813811,0
3965,122.2150781,207.4813811,0
3966,122.2150781,207.4813811,0
3967,119.372867,207.4813811,0
3968,119.372867,207.4813811,0
3969,119.372867,207.4813811,0
3970,119.372867,207.4813811,0
3971,119.372867,207.4813811,0
3972,119.372867,207.4813811,0
3973,119.372867,207.4813811,0
3974,119.372867,207.4813811,0
3975,119.372867,207.4813811,0
3976,119.372867,207.4813811,0
3977,119.372867,207.4813811,0
3978,116.5306559,207.4813811,0
3979,116.5306559,207.4813811,0
3980,116.5306559,207.4813811,0
3981,116.5306559,207.4813811,0
3982,116.5306559,207.4813811,0
3983,116.5306559,207.4813811,0
3984,116.5306559,207.4813811,0
3985,116.5306559,207.4813811,0
3986,116.5306559,207.4813811,0
3987,116.5306559,207.4813811,0
3988,116.5306559,207.4813811,0
3989,116.5306559,207.4813811,0
3990,116.5306559,207.4813811,0
3991,116.5306559,207.4813811,0
3992,116.5306559,207.4813811,0
3993,116.5306559,207.4813811,0
3994,116.5306559,207.4813811,0
3995,116.5306559,207.4813811,0
3996,116.5306559,207.4813811,0
3997,116.5306559,207.4813811,0
3998,116.5306559,207.4813811,0
3999,116.5306559,207.4813811,0
4000,116.5306559,207.4813811,0
4001,116.5306559,207.4813811,0
4002,116.5306559,207.4813811,0
4003,116.5306559,207.4813811,0
4004,116.5306559,207.4813811,0
4005,119.372867,207.4813811,0
4006,119.372867,207.4813811,0
4007,119.372867,207.4813811,0
4008,119.372867,207.4813811,0
4009,119.372867,207.4813811,0
4010,119.372867,207.4813811,0
4011,119.372867,207.4813811,0
4012,119.372867,207.4813811,0
4013,119.372867,207.4813811,0
4014,119.372867,207.4813811,0
4015,119.372867,207.4813811,0
4016,119.372867,207.4813811,0
4017,119.372867,207.4813811,0
4018,119.372867,207.4813811,0
4019,119.372867,207.4813811,0
4020,119.372867,207.4813811,0
4021,119.372867,207.4813811,0
4022,119.372867,207.4813811,0
4023,119.372867,207.4813811,0
4024,119.372867,207.4813811,0
4025,119.372867,207.4813811,0
4026,119.372867,207.4813811,0
4027,119.372867,207.4813811,0
4028,119.372867,207.4813811,0
4029,119.372867,207.4813811,0
4030,119.372867,207.4813811,0
4031,119.372867,207.4813811,0
4032,119.372867,207.4813811,0
4033,119.372867,207.4813811,0
4034,119.372867,207.4813811,0
4035,119.372867,207.4813811,0
4036,119.372867,207.4813811,0
4037,119.372867,207.4813811,0
4038,119.372867,207.4813811,0
4039,119.372867,207.4813811,0
4040,119.372867,207.4813811,0
4041,119.372867,207.4813811,0
4042,119.372867,207.4813811,0
4043,119.372867,207.4813811,0
4044,119.372867,207.4813811,0
4045,119.372867,207.4813811,0
4046,119.372867,207.4813811,0
4047,119.372867,207.4813811,0
4048,119.372867,207.4813811,0
4049,119.372867,207.4813811,0
4050,119.372867,207.4813811,0
4051,119.372867,207.4813811,0
4052,119.372867,207.4813811,0
4053,119.372867,207.4813811,0
4054,119.372867,207.4813811,0
4055,119.3728669,207.4813811,0
4056,119.3728669,207.4813811,0
4057,119.3728669,207.4813811,0
4058,119.3728669,207.4813811,0
4059,119.3728669,207.4813811,0
4060,119.3728669,207.4813811,0
4061,119.3728669,207.4813811,0
4062,119.3728669,207.4813811,0
4063,119.3728669,207.4813811,0
4064,119.3728669,207.4813811,0
4065,119.3728669,207.4813811,0
4066,119.3728669,207.4813811,0
4067,116.5306559,207.4813811,0
4068,116.5306559,207.4813811,0
4069,116.5306559,207.4813811,0
4070,116.5306559,207.4813811,0
4071,116.5306559,207.4813811,0
4072,116.5306559,207.4813811,0
4073,116.5306559,207.4813811,0
4074,116.5306559,207.4813811,0
4075,116.5306559,207.4813811,0
4076,116.5306559,207.4813811,0
4077,116.5306559,207.4813811,0
4078,116.5306559,207.4813811,0
4079,116.5306559,207.4813811,0
4080,116.5306559,207.4813811,0
4081,116.5306559,207.4813811,0
4082,116.5306559,207.4813811,0
4083,116.5306559,207.4813811,0
4084,116.5306559,207.4813811,0
4085,116.5306559,207.4813811,0
4086,116.5306559,207.4813811,0
4087,116.5306559,207.4813811,0
4088,116.5306559,207.4813811,0
4089,119.372867,207.4813811,0
4090,119.372867,207.4813811,0
4091,119.372867,207.4813811,0
4092,119.372867,207.4813811,0
4093,119.372867,207.4813811,0
4094,119.372867,207.4813811,0
4095,119.372867,207.4813811,0
4096,119.372867,207.4813811,0
4097,119.372867,207.4813811,0
4098,119.372867,207.4813811,0
4099,119.372867,207.4813811,0
4100,119.372867,207.4813811,0
4101,119.372867,207.4813811,0
4102,119.372867,207.4813811,0
4103,119.372867,207.4813811,0
4104,119.372867,207.4813811,0
4105,119.372867,207.4813811,0
4106,119.372867,207.4813811,0
4107,119.372867,207.4813811,0
4108,119.372867,207.4813811,0
4109,119.372867,207.4813811,0
4110,119.372867,207.4813811,0
4111,119.372867,207.4813811,0
4112,119.372867,207.4813811,0
4113,119.372867,207.4813811,0
4114,119.372867,207.4813811,0
4115,119.372867,207.4813811,0
4116,119.372867,207.4813811,0
4117,119.372867,207.4813811,0
4118,119.372867,207.4813811,0
4119,119.372867,207.4813811,0
4120,119.372867,204.6391704,0
4121,119.372867,204.6391704,0
4122,119.372867,204.6391704,0
4123,119.372867,204.6391704,0
4124,119.372867,207.4813811,0
4125,119.372867,207.4813811,0
4126,119.372867,207.4813811,0
4127,119.372867,207.4813811,0
4128,119.372867,207.4813811,0
4129,119.372867,207.4813811,0
4130,119.372867,207.4813811,0
4131,119.372867,207.4813811,0
4132,119.372867,207.4813811,0
4133,119.372867,207.4813811,0
4134,119.372867,207.4813811,0
4135,119.372867,207.4813811,0
4136,119.372867,207.4813811,0
4137,119.372867,207.4813811,0
4138,119.372867,207.4813811,0
4139,116.5306559,207.4813811,0
4140,116.5306559,207.4813811,0
4141,116.5306559,207.4813811,0
4142,116.5306559,207.4813811,0
4143,116.5306559,207.4813811,0
4144,116.5306559,207.4813811,0
4145,116.5306559,207.4813811,0
4146,116.5306559,207.4813811,0
4147,116.5306559,207.4813811,0
4148,116.5306559,207.4813811,0
4149,116.5306559,207.4813811,0
4150,116.5306559,207.4813811,0
4151,116.5306559,207.4813811,0
4152,116.5306559,207.4813811,0
4153,116.5306559,207.4813811,0
4154,116.5306559,207.4813811,0
4155,116.5306559,207.4813811,0
4156,116.5306559,207.4813811,0
4157,116.5306559,207.4813811,0
4158,116.5306559,207.4813811,0
4159,116.5306559,207.4813811,0
4160,116.5306559,207.4813811,0
4161,116.5306559,207.4813811,0
4162,116.5306559,207.4813811,0
4163,116.5306559,207.4813811,0
4164,116.5306559,207.4813811,0
4165,116.5306559,207.4813811,0
4166,116.5306559,207.4813811,0
4167,116.5306559,207.4813811,0
4168,116.5306559,207.4813811,0
4169,116.5306559,207.4813811,0
4170,116.5306559,207.4813811,0
4171,116.5306559,207.4813811,0
4172,116.5306559,207.4813811,0
4173,116.5306559,207.4813811,0
4174,116.5306559,207.4813811,0
4175,116.5306559,207.4813811,0
4176,116.5306559,207.4813811,0
4177,116.5306559,207.4813811,0
4178,116.5306559,207.4813811,0
4179,116.5306559,207.4813811,0
4180,116.5306559,207.4813811,0
4181,116.5306559,207.4813811,0
4182,116.5306559,207.4813811,0
4183,116.5306559,207.4813811,0
4184,116.5306559,207.4813811,0
4185,116.5306559,207.4813811,0
4186,116.5306559,207.4813811,0
4187,116.5306559,207.4813811,0
4188,116.5306559,207.4813811,0
4189,116.5306559,207.4813811,0
4190,116.5306559,207.4813811,0
4191,116.5306559,207.4813811,0
4192,116.5306559,207.4813811,0
4193,116.5306559,207.4813811,0
4194,116.5306559,207.4813811,0
4195,116.5306559,207.4813811,0
4196,116.5306559,207.4813811,0
4197,116.5306559,207.4813811,0
4198,116.5306559,207.4813811,0
4199,116.5306559,207.4813811,0
4200,116.5306559,204.6391704,0
4201,116.5306559,204.6391704,0
4202,116.5306559,204.6391704,0
4203,116.5306559,204.6391704,0
4204,116.5306559,204.6391704,0
4205,116.5306559,204.6391704,0
4206,116.5306559,204.6391704,0
4207,116.5306559,204.6391704,0
4208,116.5306559,204.6391704,0
4209,116.5306559,204.6391704,0
4210,116.5306559,204.6391704,0
4211,116.5306559,204.6391704,0
4212,116.5306559,204.6391704,0
4213,116.5306559,204.6391704,0
4214,113.6884448,204.6391704,0
4215,113.6884448,204.6391704,0
4216,113.6884448,204.6391704,0
4217,116.5306559,204.6391704,0
4218,116.5306559,204.6391704,0
4219,116.5306559,204.6391704,0
4220,116.5306559,204.6391704,0
4221,116.5306559,204.6391704,0
4222,116.5306559,204.6391704,0
4223,116.5306559,204.6391704,0
4224,116.5306559,204.6391704,0
4225,116.5306559,204.6391704,0
4226,116.5306559,204.6391704,0
4227,116.5306559,204.6391704,0
4228,116.5306559,204.6391704,0
4229,116.5306559,204.6391704,0
4230,116.5306559,204.6391704,0
4231,116.5306559,204.6391704,0
4232,116.5306559,204.6391704,0
4233,116.5306559,204.6391704,0
4234,116.5306559,204.6391704,0
4235,116.5306559,204.6391704,0
4236,116.5306559,204.6391704,0
4237,116.5306559,204.6391704,0
4238,116.5306559,204.6391704,0
4239,116.5306559,204.6391704,0
4240,116.5306559,204.6391704,0
4241,116.5306559,204.6391704,0
4242,116.5306559,204.6391704,0
4243,116.5306559,204.6391704,0
4244,116.5306559,204.6391704,0
4245,116.5306559,204.6391704,0
4246,116.5306559,204.6391704,0
4247,116.5306559,204.6391704,0
4248,116.5306559,204.6391704,0
4249,116.5306559,204.6391704,0
4250,116.5306559,204.6391704,0
4251,116.5306559,204.6391704,0
4252,116.5306559,204.6391704,0
4253,116.5306559,204.6391704,0
4254,116.5306559,204.6391704,0
4255,116.5306559,204.6391704,0
4256,116.5306559,207.4813811,0
4257,116.5306559,207.4813811,0
4258,116.5306559,207.4813811,0
4259,116.5306559,207.4813811,0
4260,116.5306559,207.4813811,0
4261,116.5306559,207.4813811,0
4262,116.5306559,207.4813811,0
4263,116.5306559,207.4813811,0
4264,116.5306559,207.4813811,0
4265,116.5306559,207.4813811,0
4266,116.5306559,207.4813811,0
4267,116.5306559,207.4813811,0
4268,116.5306559,207.4813811,0
4269,116.5306559,207.4813811,0
4270,116.5306559,207.4813811,0
4271,116.5306559,207.4813811,0
4272,116.5306559,207.4813811,0
4273,116.5306559,207.4813811,0
4274,116.5306559,207.4813811,0
4275,116.5306559,207.4813811,0
4276,116.5306559,207.4813811,0
4277,116.5306559,207.4813811,0
4278,119.3728669,207.4813811,0
4279,119.3728669,207.4813811,0
4280,119.3728669,207.4813811,0
4281,119.3728669,207.4813811,0
4282,119.3728669,207.4813811,0
4283,119.3728669,207.4813811,0
4284,119.3728669,207.4813811,0
4285,119.3728669,207.4813811,0
4286,119.3728669,207.4813811,0
4287,119.3728669,207.4813811,0
4288,119.3728669,207.4813811,0
4289,119.3728669,207.4813811,0
4290,119.3728669,207.4813811,0
4291,119.3728669,207.4813811,0
4292,119.3728669,207.4813811,0
4293,119.3728669,207.4813811,0
4294,119.3728669,207.4813811,0
4295,119.3728669,207.4813811,0
4296,119.3728669,207.4813811,0
4297,119.3728669,207.4813811,0
4298,119.3728669,207.4813811,0
4299,119.3728669,207.4813811,0
4300,119.3728669,207.4813811,0
4301,119.3728669,207.4813811,0
4302,119.3728669,207.4813811,0
4303,119.3728669,207.4813811,0
4304,119.3728669,207.4813811,0
4305,119.3728669,207.4813811,0
4306,119.3728669,207.4813811,0
4307,119.3728669,207.4813811,0
4308,119.3728669,207.4813811,0
4309,119.3728669,207.4813811,0
4310,119.3728669,207.4813811,0
4311,119.3728669,207.4813811,0
4312,119.3728669,207.4813811,0
4313,119.3728669,207.4813811,0
4314,119.3728669,207.4813811,0
4315,119.3728669,207.4813811,0
4316,119.3728669,207.4813811,0
4317,119.3728669,207.4813811,0
4318,119.3728669,207.4813811,0
4319,119.3728669,207.4813811,0
4320,119.3728669,207.4813811,0
4321,119.3728669,207.4813811,0
4322,119.3728669,207.4813811,0
4323,119.3728669,207.4813811,0
4324,119.3728669,207.4813811,0
4325,119.3728669,207.4813811,0
4326,119.3728669,207.4813811,0
4327,119.3728669,207.4813811,0
4328,116.5306559,207.4813811,0
4329,116.5306559,207.4813811,0
4330,116.5306559,207.4813811,0
4331,116.5306559,207.4813811,0
4332,116.5306559,207.4813811,0
4333,116.5306559,207.4813811,0
4334,116.5306559,207.4813811,0
4335,116.5306559,207.4813811,0
4336,116.5306559,207.4813811,0
4337,116.5306559,207.4813811,0
4338,116.5306559,207.4813811,0
4339,116.5306559,207.4813811,0
4340,116.5306559,207.4813811,0
4341,116.5306559,207.4813811,0
4342,116.5306559,207.4813811,0
4343,116.5306559,207.4813811,0
4344,116.5306559,207.4813811,0
4345,116.5306559,207.4813811,0
4346,116.5306559,207.4813811,0
4347,116.5306559,207.4813811,0
4348,116.5306559,207.4813811,0
4349,116.5306559,207.4813811,0
4350,116.5306559,207.4813811,0
4351,116.5306559,207.4813811,0
4352,116.5306559,204.6391704,0
4353,116.5306559,204.6391704,0
4354,116.5306559,204.6391704,0
4355,116.5306559,204.6391704,0
4356,116.5306559,204.6391704,0
4357,116.5306559,204.6391704,0
4358,116.5306559,204.6391704,0
4359,116.5306559,204.6391704,0
4360,116.5306559,204.6391704,0
4361,116.5306559,204.6391704,0
4362,116.5306559,204.6391704,0
4363,116.5306559,204.6391704,0
4364,116.5306559,204.6391704,0
4365,116.5306559,204.6391704,0
4366,116.5306559,204.6391704,0
4367,116.5306559,204.6391704,0
4368,116.5306559,204.6391704,0
4369,116.5306559,204.6391704,0
4370,116.5306559,204.6391704,0
4371,116.5306559,204.6391704,0
4372,116.5306559,207.4813811,0
4373,116.5306559,207.4813811,0
4374,116.5306559,207.4813811,0
4375,116.5306559,207.4813811,0
4376,116.5306559,207.4813811,0
4377,116.5306559,207.4813811,0
4378,116.5306559,207.4813811,0
4379,116.5306559,207.4813811,0
4380,116.5306559,207.4813811,0
4381,116.5306559,207.4813811,0
4382,116.5306559,207.4813811,0
4383,116.5306559,207.4813811,0
4384,116.5306559,207.4813811,0
4385,116.5306559,207.4813811,0
4386,116.5306559,207.4813811,0
4387,116.5306559,207.4813811,0
4388,116.5306559,207.4813811,0
4389,116.5306559,207.4813811,0
4390,116.5306559,207.4813811,0
4391,116.5306559,207.4813811,0
4392,116.5306559,207.4813811,0
4393,116.5306559,207.4813811,0
4394,116.5306559,207.4813811,0
4395,116.5306559,207.4813811,0
4396,116.5306559,207.4813811,0
4397,116.5306559,207.4813811,0
4398,116.5306559,207.4813811,0
4399,116.5306559,207.4813811,0
4400,116.5306559,207.4813811,0
4401,116.5306559,207.4813811,0
4402,116.5306559,207.4813811,0
4403,113.6884447,207.4813811,0
4404,113.6884447,207.4813811,0
4405,113.6884447,207.4813811,0
4406,113.6884447,207.4813811,0
4407,113.6884447,207.4813811,0
4408,113.6884447,207.4813811,0
4409,113.6884447,207.4813811,0
4410,113.6884447,207.4813811,0
4411,113.6884447,207.4813811,0
4412,113.6884447,207.4813811,0
4413,113.6884447,207.4813811,0
4414,113.6884447,207.4813811,0
4415,113.6884447,207.4813811,0
4416,113.6884447,207.4813811,0
4417,113.6884447,207.4813811,0
4418,113.6884447,207.4813811,0
4419,113.6884447,207.4813811,0
4420,113.6884447,207.4813811,0
4421,113.6884447,207.4813811,0
4422,113.6884447,207.4813811,0
4423,113.6884447,207.4813811,0
4424,113.6884447,207.4813811,0
4425,113.6884447,207.4813811,0
4426,113.6884447,207.4813811,0
4427,113.6884447,207.4813811,0
4428,113.6884447,207.4813811,0
4429,113.6884447,204.6391704,0
4430,113.6884447,204.6391704,0
4431,113.6884447,204.6391704,0
4432,113.6884447,204.6391704,0
4433,113.6884447,204.6391704,0
4434,113.6884447,204.6391704,0
4435,113.6884447,204.6391704,0
4436,113.6884447,204.6391704,0
4437,113.6884447,204.6391704,0
4438,113.6884447,207.4813811,0
4439,116.5306559,207.4813811,0
4440,116.5306559,207.4813811,0
4441,116.5306559,207.4813811,0
4442,116.5306559,207.4813811,0
4443,116.5306559,207.4813811,0
4444,116.5306559,207.4813811,0
4445,116.5306559,207.4813811,0
4446,116.5306559,207.4813811,0
4447,116.5306559,207.4813811,0
4448,116.5306559,207.4813811,0
4449,116.5306559,207.4813811,0
4450,116.5306559,207.4813811,0
4451,116.5306559,207.4813811,0
4452,116.5306559,207.4813811,0
4453,116.5306559,207.4813811,0
4454,116.5306559,207.4813811,0
4455,116.5306559,207.4813811,0
4456,116.5306559,207.4813811,0
4457,116.5306559,207.4813811,0
4458,116.5306559,207.4813811,0
4459,116.5306559,207.4813811,0
4460,116.5306559,207.4813811,0
4461,116.5306559,207.4813811,0
4462,116.5306559,207.4813811,0
4463,116.5306559,207.4813811,0
4464,116.5306559,207.4813811,0
4465,116.5306559,207.4813811,0
4466,116.5306559,207.4813811,0
4467,116.5306559,207.4813811,0
4468,116.5306559,207.4813811,0
4469,116.5306559,207.4813811,0
4470,116.5306559,207.4813811,0
4471,116.5306559,210.3235918,0
4472,116.5306559,210.3235918,0
4473,116.5306559,210.3235918,0
4474,116.5306559,210.3235918,0
4475,116.5306559,210.3235918,0
4476,116.5306559,210.3235918,0
4477,116.5306559,210.3235918,0
4478,116.5306559,210.3235918,0
4479,116.5306559,210.3235918,0
4480,116.5306559,210.3235918,0
4481,116.5306559,210.3235918,0
4482,116.5306559,210.3235918,0
4483,116.5306559,210.3235918,0
4484,116.5306559,210.3235918,0
4485,116.5306559,210.3235918,0
4486,116.5306559,210.3235918,0
4487,116.5306559,210.3235918,0
4488,116.5306559,210.3235918,0
4489,116.5306559,210.3235918,0
4490,116.5306559,210.3235918,0
4491,116.5306559,210.3235918,0
4492,116.5306559,210.3235918,0
4493,116.5306559,210.3235918,0
4494,116.5306559,210.3235918,0
4495,116.5306559,210.3235918,0
4496,116.5306559,210.3235918,0
4497,116.5306559,210.3235918,0
4498,116.5306559,210.3235918,0
4499,116.5306559,210.3235918,0
4500,116.5306559,210.3235918,0
4501,116.5306559,210.3235918,0
4502,116.5306559,210.3235918,0
4503,116.5306559,210.3235918,0
4504,116.5306559,210.3235918,0
4505,116.5306559,210.3235918,0
4506,116.5306559,210.3235918,0
4507,116.5306559,210.3235918,0
4508,116.5306559,210.3235918,0
4509,116.5306559,210.3235918,0
4510,116.5306559,210.3235918,0
4511,116.5306559,210.3235918,0
4512,116.5306559,210.3235918,0
4513,116.5306559,210.3235918,0
4514,116.5306559,210.3235918,0
4515,116.5306559,210.3235918,0
4516,116.5306559,210.3235918,0
4517,116.5306559,210.3235918,0
4518,116.5306559,210.3235918,0
4519,116.5306559,210.3235918,0
4520,116.5306559,210.3235918,0
4521,116.5306559,207.4813811,0
4522,116.5306559,207.4813811,0
4523,116.5306559,207.4813811,0
4524,116.5306559,207.4813811,0
4525,116.5306559,207.4813811,0
4526,116.5306559,207.4813811,0
4527,116.5306559,207.4813811,0
4528,116.5306559,207.4813811,0
4529,116.5306559,207.4813811,0
4530,116.5306559,207.4813811,0
4531,116.5306559,207.4813811,0
4532,116.5306559,207.4813811,0
4533,116.5306559,207.4813811,0
4534,116.5306559,207.4813811,0
4535,116.5306559,207.4813811,0
4536,116.5306559,207.4813811,0
4537,116.5306559,207.4813811,0
4538,116.5306559,207.4813811,0
4539,116.5306559,207.4813811,0
4540,116.5306559,204.6391704,0
4541,116.5306559,204.6391704,0
4542,116.5306559,204.6391704,0
4543,116.5306559,204.6391704,0
4544,116.5306559,204.6391704,0
4545,116.5306559,204.6391704,0
4546,116.5306559,204.6391704,0
4547,116.5306559,204.6391704,0
4548,116.5306559,204.6391704,0
4549,116.5306559,204.6391704,0
4550,116.5306559,204.6391704,0
4551,116.5306559,207.4813811,0
4552,116.5306559,207.4813811,0
4553,116.5306559,207.4813811,0
4554,116.5306559,207.4813811,0
4555,116.5306559,207.4813811,0
4556,116.5306559,207.4813811,0
4557,116.5306559,207.4813811,0
4558,116.5306559,207.4813811,0
4559,116.5306559,207.4813811,0
4560,116.5306559,207.4813811,0
4561,116.5306559,207.4813811,0
4562,116.5306559,207.4813811,0
4563,113.6884448,207.4813811,0
4564,113.6884448,207.4813811,0
4565,113.6884448,207.4813811,0
4566,113.6884448,207.4813811,0
4567,113.6884448,207.4813811,0
4568,113.6884448,207.4813811,0
4569,113.6884448,207.4813811,0
4570,113.6884448,207.4813811,0
4571,113.6884448,207.4813811,0
4572,113.6884448,207.4813811,0
4573,113.6884448,207.4813811,0
4574,113.6884448,207.4813811,0
4575,113.6884448,207.4813811,0
4576,113.6884448,207.4813811,0
4577,113.6884448,207.4813811,0
4578,113.6884448,207.4813811,0
4579,113.6884448,207.4813811,0
4580,113.6884448,207.4813811,0
4581,113.6884448,207.4813811,0
4582,113.6884448,207.4813811,0
4583,113.6884448,207.4813811,0
4584,113.6884448,207.4813811,0
4585,113.6884448,207.4813811,0
4586,113.6884448,207.4813811,0
4587,113.6884448,207.4813811,0
4588,113.6884448,207.4813811,0
4589,113.6884448,207.4813811,0
4590,113.6884448,207.4813811,0
4591,113.6884448,207.4813811,0
4592,113.6884448,207.4813811,0
4593,113.6884448,207.4813811,0
4594,113.6884448,207.4813811,0
4595,113.6884448,207.4813811,0
4596,113.6884448,207.4813811,0
4597,113.6884448,207.4813811,0
4598,113.6884448,207.4813811,0
4599,113.6884448,207.4813811,0
4600,113.6884448,207.4813811,0
4601,113.6884448,207.4813811,0
4602,113.6884448,207.4813811,0
4603,113.6884448,207.4813811,0
4604,113.6884448,207.4813811,0
4605,113.6884448,207.4813811,0
4606,113.6884448,207.4813811,0
4607,113.6884448,207.4813811,0
4608,113.6884448,207.4813811,0
4609,113.6884448,207.4813811,0
4610,113.6884448,207.4813811,0
4611,113.6884448,207.4813811,0
4612,113.6884448,207.4813811,0
4613,113.6884448,207.4813811,0
4614,113.6884448,207.4813811,0
4615,113.6884448,207.4813811,0
4616,113.6884448,207.4813811,0
4617,113.6884448,207.4813811,0
4618,113.6884448,207.4813811,0
4619,113.6884448,207.4813811,0
4620,113.6884448,207.4813811,0
4621,113.6884448,207.4813811,0
4622,113.6884448,207.4813811,0
4623,113.6884448,207.4813811,0
4624,113.6884448,207.4813811,0
4625,113.6884448,204.6391704,0
4626,113.6884448,204.6391704,0
4627,113.6884448,204.6391704,0
4628,113.6884448,204.6391704,0
4629,113.6884448,204.6391704,0
4630,113.6884448,204.6391704,0
4631,113.6884448,204.6391704,0
4632,113.6884448,204.6391704,0
4633,113.6884448,204.6391704,0
4634,113.6884448,204.6391704,0
4635,113.6884448,204.6391704,0
4636,113.6884448,204.6391704,0
4637,113.6884448,204.6391704,0
4638,113.6884448,204.6391704,0
4639,113.6884448,204.6391704,0
4640,113.6884448,204.6391704,0
4641,113.6884448,204.6391704,0
4642,113.6884448,204.6391704,0
4643,113.6884448,204.6391704,0
4644,113.6884448,204.6391704,0
4645,113.6884448,204.6391704,0
4646,113.6884448,204.6391704,0
4647,113.6884448,204.6391704,0
4648,113.6884448,204.6391704,0
4649,113.6884448,204.6391704,0
4650,113.6884448,204.6391704,0
4651,113.6884448,204.6391704,0
4652,113.6884448,204.6391704,0
4653,113.6884448,204.6391704,0
4654,113.6884448,204.6391704,0
4655,113.6884448,204.6391704,0
4656,113.6884448,204.6391704,0
4657,113.6884448,204.6391704,0
4658,113.6884448,204.6391704,0
4659,113.6884448,204.6391704,0
4660,113.6884448,204.6391704,0
4661,113.6884448,204.6391704,0
4662,113.6884448,204.6391704,0
4663,113.6884448,204.6391704,0
4664,113.6884448,210.3235918,0
4665,113.6884448,210.3235918,0
4666,113.6884448,210.3235918,0
4667,113.6884448,210.3235918,0
4668,113.6884448,210.3235918,0
4669,113.6884448,210.3235918,0
4670,113.6884448,210.3235918,0
4671,113.6884448,210.3235918,0
4672,113.6884448,210.3235918,0
4673,113.6884448,210.3235918,0
4674,113.6884448,210.3235918,0
4675,113.6884448,210.3235918,0
4676,113.6884448,210.3235918,0
4677,113.6884448,210.3235918,0
4678,113.6884448,210.3235918,0
4679,113.6884448,210.3235918,0
4680,113.6884448,210.3235918,0
4681,113.6884448,210.3235918,0
4682,113.6884448,210.3235918,0
4683,113.6884448,210.3235918,0
4684,113.6884448,210.3235918,0
4685,113.6884448,210.3235918,0
4686,113.6884448,210.3235918,0
4687,113.6884448,210.3235918,0
4688,113.6884448,210.3235918,0
4689,113.6884448,210.3235918,0
4690,113.6884448,210.3235918,0
4691,113.6884448,210.3235918,0
4692,113.6884448,210.3235918,0
4693,113.6884448,210.3235918,0
4694,113.6884448,210.3235918,0
4695,113.6884448,210.3235918,0
4696,113.6884448,210.3235918,0
4697,113.6884448,210.3235918,0
4698,113.6884448,210.3235918,0
4699,113.6884448,210.3235918,0
4700,113.6884448,210.3235918,0
4701,113.6884448,210.3235918,0
4702,113.6884448,210.3235918,0
4703,113.6884448,210.3235918,0
4704,113.6884448,210.3235918,0
4705,113.6884448,210.3235918,0
4706,113.6884448,210.3235918,0
4707,113.6884448,210.3235918,0
4708,113.6884448,210.3235918,0
4709,113.6884448,210.3235918,0
4710,113.6884448,210.3235918,0
4711,113.6884448,210.3235918,0
4712,113.6884448,210.3235918,0
4713,113.6884448,210.3235918,0
4714,113.6884448,204.6391704,0
4715,113.6884448,204.6391704,0
4716,113.6884448,204.6391704,0
4717,113.6884448,204.6391704,0
4718,113.6884448,204.6391704,0
4719,113.6884448,204.6391704,0
4720,113.6884448,204.6391704,0
4721,113.6884448,204.6391704,0
4722,113.6884448,204.6391704,0
4723,113.6884448,204.6391704,0
4724,113.6884448,204.6391704,0
4725,113.6884448,204.6391704,0
4726,113.6884448,204.6391704,0
4727,113.6884448,204.6391704,0
4728,113.6884448,204.6391704,0
4729,113.6884448,204.6391704,0
4730,113.6884448,204.6391704,0
4731,113.6884448,204.6391704,0
4732,113.6884448,204.6391704,0
4733,113.6884448,204.6391704,0
4734,113.6884448,204.6391704,0
4735,113.6884448,201.7969597,0
4736,113.6884448,201.7969597,0
4737,113.6884448,204.6391704,0
4738,113.6884448,204.6391704,0
4739,113.6884448,204.6391704,0
4740,113.6884448,204.6391704,0
4741,113.6884448,204.6391704,0
4742,113.6884448,204.6391704,0
4743,113.6884448,204.6391704,0
4744,113.6884448,204.6391704,0
4745,113.6884448,204.6391704,0
4746,113.6884448,204.6391704,0
4747,113.6884448,204.6391704,0
4748,113.6884448,204.6391704,0
4749,113.6884448,204.6391704,0
4750,113.6884448,204.6391704,0
4751,113.6884448,204.6391704,0
4752,113.6884448,204.6391704,0
4753,113.6884448,204.6391704,0
4754,113.6884448,204.6391704,0
4755,113.6884448,204.6391704,0
4756,113.6884448,204.6391704,0
4757,113.6884448,204.6391704,0
4758,113.6884448,204.6391704,0
4759,113.6884448,204.6391704,0
4760,113.6884448,204.6391704,0
4761,113.6884448,204.6391704,0
4762,113.6884448,204.6391704,0
4763,113.6884448,204.6391704,0
4764,113.6884448,204.6391704,0
4765,113.6884448,204.6391704,0
4766,113.6884448,204.6391704,0
4767,113.6884447,204.6391704,0
4768,113.6884447,204.6391704,0
4769,113.6884447,204.6391704,0
4770,113.6884447,204.6391704,0
4771,113.6884447,204.6391704,0
4772,113.6884447,204.6391704,0
4773,116.5306559,204.6391704,0
4774,116.5306559,204.6391704,0
4775,116.5306559,207.4813811,0
4776,116.5306559,207.4813811,0
4777,116.5306559,207.4813811,0
4778,116.5306559,207.4813811,0
4779,116.5306559,207.4813811,0
4780,116.5306559,207.4813811,0
4781,116.5306559,207.4813811,0
4782,116.5306559,207.4813811,0
4783,116.5306559,207.4813811,0
4784,116.5306559,207.4813811,0
4785,116.5306559,207.4813811,0
4786,116.5306559,207.4813811,0
4787,116.5306559,207.4813811,0
4788,116.5306559,207.4813811,0
4789,116.5306559,207.4813811,0
4790,116.5306559,207.4813811,0
4791,116.5306559,207.4813811,0
4792,116.5306559,207.4813811,0
4793,116.5306559,207.4813811,0
4794,116.5306559,207.4813811,0
4795,116.5306559,207.4813811,0
4796,116.5306559,207.4813811,0
4797,116.5306559,207.4813811,0
4798,116.5306559,207.4813811,0
4799,116.5306559,207.4813811,0
4800,116.5306559,207.4813811,0
4801,116.5306559,207.4813811,0
4802,116.5306559,207.4813811,0
4803,116.5306559,207.4813811,0
4804,116.5306559,207.4813811,0
4805,116.5306559,207.4813811,0
4806,116.5306559,207.4813811,0
4807,116.5306559,207.4813811,0
4808,116.5306559,207.4813811,0
4809,116.5306559,207.4813811,0
4810,116.5306559,207.4813811,0
4811,116.5306559,207.4813811,0
4812,116.5306559,207.4813811,0
4813,116.5306559,207.4813811,0
4814,116.5306559,207.4813811,0
4815,116.5306559,207.4813811,0
4816,116.5306559,207.4813811,0
4817,116.5306559,207.4813811,0
4818,116.5306559,207.4813811,0
4819,116.5306559,207.4813811,0
4820,116.5306559,207.4813811,0
4821,116.5306559,207.4813811,0
4822,116.5306559,207.4813811,0
4823,113.6884448,207.4813811,0
4824,113.6884448,207.4813811,0
4825,113.6884448,207.4813811,0
4826,113.6884448,207.4813811,0
4827,113.6884448,207.4813811,0
4828,113.6884448,207.4813811,0
4829,113.6884448,204.6391704,0
4830,113.6884448,204.6391704,0
4831,113.6884448,204.6391704,0
4832,113.6884448,204.6391704,0
4833,113.6884448,204.6391704,0
4834,113.6884448,204.6391704,0
4835,113.6884448,204.6391704,0
4836,113.6884448,204.6391704,0
4837,113.6884448,204.6391704,0
4838,113.6884448,204.6391704,0
4839,113.6884448,204.6391704,0
4840,113.6884448,204.6391704,0
4841,113.6884448,204.6391704,0
4842,113.6884448,204.6391704,0
4843,113.6884448,204.6391704,0
4844,116.5306558,204.6391704,0
4845,116.5306558,204.6391704,0
4846,116.5306558,204.6391704,0
4847,116.5306558,204.6391704,0
4848,116.5306558,204.6391704,0
4849,116.5306558,204.6391704,0
4850,116.5306558,207.4813811,0
4851,116.5306558,207.4813811,0
4852,116.5306558,207.4813811,0
4853,116.5306558,207.4813811,0
4854,116.5306558,207.4813811,0
4855,116.5306558,207.4813811,0
4856,116.5306558,207.4813811,0
4857,116.5306558,207.4813811,0
4858,116.5306558,207.4813811,0
4859,116.5306558,207.4813811,0
4860,116.5306558,207.4813811,0
4861,116.5306558,207.4813811,0
4862,116.5306558,207.4813811,0
4863,116.5306558,207.4813811,0
4864,116.5306558,207.4813811,0
4865,116.5306558,207.4813811,0
4866,116.5306558,207.4813811,0
4867,116.5306558,207.4813811,0
4868,116.5306558,207.4813811,0
4869,116.5306558,207.4813811,0
4870,116.5306558,207.4813811,0
4871,116.5306558,207.4813811,0
4872,116.5306558,207.4813811,0
4873,116.5306558,207.4813811,0
4874,116.5306558,207.4813811,0
4875,116.5306558,207.4813811,0
4876,116.5306558,207.4813811,0
4877,116.5306558,207.4813811,0
4878,116.5306558,207.4813811,0
4879,116.5306558,207.4813811,0
4880,116.5306558,207.4813811,0
4881,116.5306558,207.4813811,0
4882,116.5306558,207.4813811,0
4883,116.5306558,207.4813811,0
4884,116.5306558,207.4813811,0
4885,116.5306558,207.4813811,0
4886,116.5306558,207.4813811,0
4887,116.5306558,207.4813811,0
4888,116.5306559,207.4813811,0
4889,116.5306559,207.4813811,0
4890,116.5306559,207.4813811,0
4891,116.5306559,207.4813811,0
4892,116.5306559,207.4813811,0
4893,116.5306559,207.4813811,0
4894,116.5306559,207.4813811,0
4895,116.5306559,207.4813811,0
4896,116.5306559,207.4813811,0
4897,116.5306559,207.4813811,0
4898,116.5306559,207.4813811,0
4899,116.5306559,207.4813811,0
4900,116.5306559,207.4813811,0
4901,116.5306559,207.4813811,0
4902,116.5306559,207.4813811,0
4903,116.5306559,207.4813811,0
4904,116.5306559,207.4813811,0
4905,116.5306559,207.4813811,0
4906,116.5306559,207.4813811,0
4907,116.5306559,207.4813811,0
4908,116.5306559,207.4813811,0
4909,116.5306559,207.4813811,0
4910,116.5306559,207.4813811,0
4911,116.5306559,207.4813811,0
4912,116.5306559,207.4813811,0
4913,116.5306559,207.4813811,0
4914,116.5306559,207.4813811,0
4915,116.5306559,207.4813811,0
4916,116.5306559,207.4813811,0
4917,116.5306559,207.4813811,0
4918,116.5306559,207.4813811,0
4919,116.5306559,207.4813811,0
4920,116.5306559,207.4813811,0
4921,116.5306559,207.4813811,0
4922,116.5306559,207.4813811,0
4923,116.5306559,207.4813811,0
4924,116.5306559,207.4813811,0
4925,116.5306559,207.4813811,0
4926,116.5306559,207.4813811,0
4927,116.5306559,207.4813811,0
4928,116.5306559,207.4813811,0
4929,116.5306559,207.4813811,0
4930,116.5306559,204.6391704,0
4931,116.5306559,204.6391704,0
4932,116.5306559,204.6391704,0
4933,116.5306559,204.6391704,0
4934,116.5306559,204.6391704,0
4935,116.5306559,204.6391704,0
4936,116.5306559,204.6391704,0
4937,116.5306559,204.6391704,0
4938,113.6884448,204.6391704,0
4939,113.6884448,204.6391704,0
4940,113.6884448,204.6391704,0
4941,113.6884448,204.6391704,0
4942,113.6884448,204.6391704,0
4943,113.6884448,204.6391704,0
4944,113.6884448,204.6391704,0
4945,113.6884448,204.6391704,0
4946,113.6884448,204.6391704,0
4947,113.6884448,204.6391704,0
4948,113.6884448,204.6391704,0
4949,113.6884448,204.6391704,0
4950,113.6884448,204.6391704,0
4951,113.6884448,204.6391704,0
4952,113.6884448,204.6391704,0
4953,116.5306558,204.6391704,0
4954,116.5306558,204.6391704,0
4955,116.5306558,204.6391704,0
4956,116.5306558,204.6391704,0
4957,116.5306558,204.6391704,0
4958,116.5306558,204.6391704,0
4959,116.5306558,204.6391704,0
4960,116.5306558,204.6391704,0
4961,116.5306558,204.6391704,0
4962,116.5306558,204.6391704,0
4963,116.5306558,207.4813811,0
4964,116.5306558,207.4813811,0
4965,116.5306558,207.4813811,0
4966,116.5306558,207.4813811,0
4967,116.5306558,207.4813811,0
4968,116.5306558,207.4813811,0
4969,116.5306558,207.4813811,0
4970,116.5306558,207.4813811,0
4971,116.5306558,207.4813811,0
4972,116.5306558,207.4813811,0
4973,116.5306558,207.4813811,0
4974,116.5306558,207.4813811,0
4975,116.5306558,207.4813811,0
4976,116.5306558,207.4813811,0
4977,116.5306558,207.4813811,0
4978,116.5306558,207.4813811,0
4979,116.5306558,207.4813811,0
4980,116.5306558,207.4813811,0
4981,116.5306558,207.4813811,0
4982,116.5306558,207.4813811,0
4983,116.5306558,207.4813811,0
4984,116.5306558,207.4813811,0
4985,116.5306558,207.4813811,0
4986,116.5306558,207.4813811,0
4987,116.5306558,207.4813811,0
4988,116.5306558,207.4813811,0
4989,116.5306558,207.4813811,0
4990,116.5306558,207.4813811,0
4991,116.5306558,207.4813811,0
4992,116.5306558,207.4813811,0
4993,116.5306558,207.4813811,0
4994,116.5306558,207.4813811,0
4995,116.5306558,207.4813811,0
4996,116.5306558,207.4813811,0
4997,116.5306558,207.4813811,0
4998,116.5306558,207.4813811,0
4999,116.5306558,207.4813811,0
5000,116.5306558,207.4813811,0
5001,116.5306558,207.4813811,0
5002,116.5306558,207.4813811,0
5003,116.5306558,207.4813811,0
5004,116.5306558,207.4813811,0
5005,116.5306558,207.4813811,0
5006,116.5306558,207.4813811,0
5007,116.5306558,207.4813811,0
5008,116.5306558,207.4813811,0
5009,116.5306558,207.4813811,0
5010,116.5306558,207.4813811,0
5011,116.5306558,207.4813811,0
5012,116.5306558,207.4813811,0
5013,116.5306558,207.4813811,0
5014,116.5306558,207.4813811,0
5015,116.5306558,207.4813811,0
5016,116.5306558,207.4813811,0
5017,116.5306558,207.4813811,0
5018,116.5306558,207.4813811,0
5019,116.5306558,207.4813811,0
5020,116.5306558,207.4813811,0
5021,116.5306558,207.4813811,0
5022,116.5306558,207.4813811,0
5023,116.5306558,207.4813811,0
5024,116.5306558,207.4813811,0
5025,113.6884448,207.4813811,0
5026,113.6884448,207.4813811,0
5027,113.6884448,207.4813811,0
5028,119.3728669,207.4813811,0
5029,119.3728669,207.4813811,0
5030,119.3728669,207.4813811,0
5031,119.3728669,207.4813811,0
5032,119.3728669,207.4813811,0
5033,119.3728669,207.4813811,0
5034,119.3728669,207.4813811,0
5035,119.3728669,207.4813811,0
5036,119.3728669,207.4813811,0
5037,119.3728669,207.4813811,0
5038,119.3728669,207.4813811,0
5039,119.3728669,207.4813811,0
5040,119.3728669,207.4813811,0
5041,119.3728669,207.4813811,0
5042,119.3728669,207.4813811,0
5043,119.3728669,201.7969597,0
5044,119.3728669,201.7969597,0
5045,119.3728669,201.7969597,0
5046,119.3728669,201.7969597,0
5047,119.3728669,201.7969597,0
5048,119.3728669,201.7969597,0
5049,119.3728669,204.6391704,0
5050,119.3728669,204.6391704,0
5051,119.3728669,204.6391704,0
5052,119.3728669,204.6391704,0
5053,119.3728669,204.6391704,0
5054,119.3728669,204.6391704,0
5055,119.3728669,204.6391704,0
5056,119.3728669,204.6391704,0
5057,119.3728669,204.6391704,0
5058,119.3728669,204.6391704,0
5059,119.3728669,204.6391704,0
5060,119.3728669,204.6391704,0
5061,119.3728669,204.6391704,0
5062,119.3728669,210.3235918,0
5063,119.3728669,210.3235918,0
5064,119.3728669,210.3235918,0
5065,119.3728669,210.3235918,0
5066,119.3728669,210.3235918,0
5067,119.3728669,210.3235918,0
5068,119.3728669,210.3235918,0
5069,119.3728669,210.3235918,0
5070,119.3728669,210.3235918,0
5071,119.3728669,210.3235918,0
5072,119.3728669,210.3235918,0
5073,119.3728669,210.3235918,0
5074,119.3728669,210.3235918,0
5075,119.3728669,210.3235918,0
5076,119.3728669,210.3235918,0
5077,119.3728669,210.3235918,0
5078,116.5306559,210.3235918,0
5079,116.5306559,210.3235918,0
5080,116.5306559,210.3235918,0
5081,116.5306559,210.3235918,0
5082,116.5306559,210.3235918,0
5083,116.5306559,210.3235918,0
5084,116.5306559,210.3235918,0
5085,116.5306559,210.3235918,0
5086,116.5306559,210.3235918,0
5087,116.5306559,210.3235918,0
5088,116.5306559,210.3235918,0
5089,116.5306559,210.3235918,0
5090,116.5306559,210.3235918,0
5091,116.5306559,210.3235918,0
5092,116.5306559,210.3235918,0
5093,116.5306559,210.3235918,0
5094,116.5306559,210.3235918,0
5095,116.5306559,210.3235918,0
5096,116.5306559,210.3235918,0
5097,116.5306559,210.3235918,0
5098,116.5306559,210.3235918,0
5099,116.5306559,210.3235918,0
5100,116.5306559,210.3235918,0
5101,116.5306559,210.3235918,0
5102,116.5306559,210.3235918,0
5103,116.5306559,210.3235918,0
5104,116.5306559,210.3235918,0
5105,116.5306559,210.3235918,0
5106,116.5306559,210.3235918,0
5107,116.5306559,210.3235918,0
5108,116.5306559,210.3235918,0
5109,116.5306559,210.3235918,0
5110,116.5306559,210.3235918,0
5111,116.5306559,210.3235918,0
5112,116.5306559,204.6391704,0
5113,116.5306559,204.6391704,0
5114,116.5306559,204.6391704,0
5115,116.5306559,204.6391704,0
5116,116.5306559,204.6391704,0
5117,116.5306559,204.6391704,0
5118,116.5306559,204.6391704,0
5119,116.5306559,204.6391704,0
5120,116.5306559,204.6391704,0
5121,116.5306559,204.6391704,0
5122,116.5306559,204.6391704,0
5123,116.5306559,204.6391704,0
5124,116.5306559,204.6391704,0
5125,116.5306559,204.6391704,0
5126,116.5306559,204.6391704,0
5127,116.5306559,204.6391704,0
5128,116.5306559,204.6391704,0
5129,116.5306559,204.6391704,0
5130,116.5306559,204.6391704,0
5131,116.5306559,204.6391704,0
5132,116.5306559,204.6391704,0
5133,116.5306559,204.6391704,0
5134,116.5306559,204.6391704,0
5135,116.5306559,204.6391704,0
5136,116.5306559,204.6391704,0
5137,116.5306559,204.6391704,0
5138,116.5306559,204.6391704,0
5139,116.5306559,204.6391704,0
5140,116.5306559,204.6391704,0
5141,116.5306559,204.6391704,0
5142,116.5306559,204.6391704,0
5143,116.5306559,204.6391704,0
5144,116.5306559,204.6391704,0
5145,116.5306559,207.4813811,0
5146,116.5306559,207.4813811,0
5147,116.5306559,207.4813811,0
5148,116.5306559,207.4813811,0
5149,116.5306559,207.4813811,0
5150,116.5306559,207.4813811,0
5151,116.5306559,207.4813811,0
5152,116.5306559,207.4813811,0
5153,116.5306559,207.4813811,0
5154,116.5306559,207.4813811,0
5155,116.5306559,207.4813811,0
5156,116.5306559,207.4813811,0
5157,116.5306559,207.4813811,0
5158,116.5306559,207.4813811,0
5159,116.5306559,207.4813811,0
5160,116.5306559,207.4813811,0
5161,116.5306559,207.4813811,0
5162,116.5306559,207.4813811,0
5163,116.5306559,207.4813811,0
5164,116.5306559,207.4813811,0
5165,116.5306559,207.4813811,0
5166,116.5306559,207.4813811,0
5167,116.5306559,207.4813811,0
5168,116.5306559,207.4813811,0
5169,116.5306559,207.4813811,0
5170,116.5306559,207.4813811,0
5171,116.5306559,207.4813811,0
5172,116.5306559,207.4813811,0
5173,116.5306559,207.4813811,0
5174,116.5306559,207.4813811,0
5175,116.5306559,207.4813811,0
5176,116.5306559,207.4813811,0
5177,116.5306559,207.4813811,0
5178,116.5306559,207.4813811,0
5179,116.5306559,207.4813811,0
5180,116.5306559,207.4813811,0
5181,116.5306559,207.4813811,0
5182,116.5306559,207.4813811,0
5183,116.5306559,207.4813811,0
5184,116.5306559,207.4813811,0
5185,116.5306559,207.4813811,0
5186,116.5306559,207.4813811,0
5187,116.5306559,207.4813811,0
5188,116.5306559,207.4813811,0
5189,116.5306559,207.4813811,0
5190,116.5306559,207.4813811,0
5191,116.5306559,207.4813811,0
5192,116.5306559,207.4813811,0
5193,116.5306559,207.4813811,0
5194,116.5306559,207.4813811,0
5195,116.5306559,207.4813811,0
5196,116.5306559,207.4813811,0
5197,116.5306559,207.4813811,0
5198,116.5306559,210.3235918,0
5199,116.5306559,210.3235918,0
5200,113.6884448,210.3235918,0
5201,113.6884448,210.3235918,0
5202,113.6884448,210.3235918,0
5203,113.6884448,210.3235918,0
5204,113.6884448,210.3235918,0
5205,113.6884448,210.3235918,0
5206,113.6884448,210.3235918,0
5207,113.6884448,210.3235918,0
5208,113.6884448,210.3235918,0
5209,113.6884448,210.3235918,0
5210,113.6884448,210.3235918,0
5211,113.6884448,210.3235918,0
5212,113.6884448,210.3235918,0
5213,113.6884448,210.3235918,0
5214,113.6884448,210.3235918,0
5215,113.6884448,210.3235918,0
5216,113.6884448,210.3235918,0
5217,113.6884448,210.3235918,0
5218,113.6884448,210.3235918,0
5219,110.8462336,210.3235918,0
5220,110.8462336,210.3235918,0
5221,110.8462336,210.3235918,0
5222,113.6884448,210.3235918,0
5223,113.6884448,210.3235918,0
5224,113.6884448,210.3235918,0
5225,113.6884448,210.3235918,0
5226,113.6884448,210.3235918,0
5227,113.6884448,210.3235918,0
5228,113.6884448,210.3235918,0
5229,113.6884448,210.3235918,0
5230,113.6884448,210.3235918,0
5231,113.6884448,210.3235918,0
5232,113.6884448,210.3235918,0
5233,113.6884448,210.3235918,0
5234,113.6884448,210.3235918,0
5235,113.6884448,210.3235918,0
5236,113.6884448,210.3235918,0
5237,113.6884448,210.3235918,0
5238,113.6884448,210.3235918,0
5239,113.6884448,210.3235918,0
5240,113.6884448,210.3235918,0
5241,113.6884448,210.3235918,0
5242,113.6884448,210.3235918,0
5243,113.6884448,210.3235918,0
5244,113.6884448,210.3235918,0
5245,113.6884448,210.3235918,0
5246,113.6884448,210.3235918,0
5247,113.6884448,210.3235918,0
5248,113.6884448,207.4813811,0
5249,113.6884448,207.4813811,0
5250,113.6884448,207.4813811,0
5251,113.6884448,207.4813811,0
5252,113.6884448,207.4813811,0
5253,113.6884448,207.4813811,0
5254,113.6884448,207.4813811,0
5255,113.6884448,207.4813811,0
5256,113.6884448,207.4813811,0
5257,113.6884448,207.4813811,0
5258,113.6884448,207.4813811,0
5259,113.6884448,207.4813811,0
5260,113.6884448,207.4813811,0
5261,113.6884448,207.4813811,0
5262,113.6884448,207.4813811,0
5263,113.6884448,207.4813811,0
5264,113.6884448,207.4813811,0
5265,113.6884448,207.4813811,0
5266,113.6884448,207.4813811,0
5267,113.6884448,207.4813811,0
5268,113.6884448,207.4813811,0
5269,113.6884448,207.4813811,0
5270,113.6884448,207.4813811,0
5271,113.6884448,207.4813811,0
5272,113.6884447,207.4813811,0
5273,113.6884447,207.4813811,0
5274,113.6884447,207.4813811,0
5275,113.6884447,201.7969597,0
5276,113.6884447,201.7969597,0
5277,113.6884447,201.7969597,0
5278,113.6884447,201.7969597,0
5279,113.6884447,201.7969597,0
5280,113.6884447,204.6391704,0
5281,116.5306559,204.6391704,0
5282,116.5306559,204.6391704,0
5283,116.5306559,204.6391704,0
5284,116.5306559,204.6391704,0
5285,116.5306559,204.6391704,0
5286,116.5306559,204.6391704,0
5287,116.5306559,204.6391704,0
5288,116.5306559,204.6391704,0
5289,116.5306559,204.6391704,0
5290,116.5306559,204.6391704,0
5291,116.5306559,204.6391704,0
5292,116.5306559,204.6391704,0
5293,116.5306559,204.6391704,0
5294,116.5306559,207.4813811,0
5295,116.5306559,207.4813811,0
5296,116.5306559,207.4813811,0
5297,116.5306559,207.4813811,0
5298,116.5306559,207.4813811,0
5299,116.5306559,207.4813811,0
5300,116.5306559,207.4813811,0
5301,116.5306559,207.4813811,0
5302,116.5306559,207.4813811,0
5303,116.5306559,207.4813811,0
5304,116.5306559,207.4813811,0
5305,116.5306559,207.4813811,0
5306,116.5306559,207.4813811,0
5307,116.5306559,207.4813811,0
5308,116.5306559,207.4813811,0
5309,116.5306559,207.4813811,0
5310,116.5306559,207.4813811,0
5311,116.5306559,207.4813811,0
5312,116.5306559,207.4813811,0
5313,116.5306559,207.4813811,0
5314,116.5306559,207.4813811,0
5315,116.5306559,207.4813811,0
5316,116.5306559,207.4813811,0
5317,116.5306559,207.4813811,0
5318,116.5306559,207.4813811,0
5319,116.5306559,207.4813811,0
5320,116.5306559,207.4813811,0
5321,116.5306559,207.4813811,0
5322,116.5306559,207.4813811,0
5323,116.5306559,207.4813811,0
5324,116.5306559,207.4813811,0
5325,116.5306559,207.4813811,0
5326,116.5306559,207.4813811,0
5327,116.5306559,207.4813811,0
5328,116.5306559,207.4813811,0
5329,116.5306559,207.4813811,0
5330,116.5306559,207.4813811,0
5331,113.6884447,207.4813811,0
5332,113.6884447,207.4813811,0
5333,113.6884447,207.4813811,0
5334,113.6884447,207.4813811,0
5335,113.6884447,207.4813811,0
5336,113.6884447,207.4813811,0
5337,113.6884447,207.4813811,0
5338,113.6884447,207.4813811,0
5339,113.6884447,207.4813811,0
5340,113.6884447,207.4813811,0
5341,113.6884447,207.4813811,0
5342,113.6884447,207.4813811,0
5343,113.6884447,207.4813811,0
5344,113.6884447,207.4813811,0
5345,113.6884447,207.4813811,0
5346,113.6884447,207.4813811,0
5347,113.6884447,207.4813811,0
5348,113.6884447,207.4813811,0
5349,113.6884447,207.4813811,0
5350,113.6884447,207.4813811,0
5351,113.6884447,207.4813811,0
5352,116.5306559,207.4813811,0
5353,116.5306559,207.4813811,0
5354,116.5306559,207.4813811,0
5355,116.5306559,207.4813811,0
5356,116.5306559,207.4813811,0
5357,116.5306559,207.4813811,0
5358,116.5306559,207.4813811,0
5359,116.5306559,207.4813811,0
5360,116.5306559,207.4813811,0
5361,116.5306559,207.4813811,0
5362,116.5306559,207.4813811,0
5363,116.5306559,207.4813811,0
5364,116.5306559,207.4813811,0
5365,116.5306559,207.4813811,0
5366,116.5306559,207.4813811,0
5367,116.5306559,207.4813811,0
5368,116.5306559,207.4813811,0
5369,116.5306559,207.4813811,0
5370,116.5306559,207.4813811,0
5371,116.5306559,207.4813811,0
5372,116.5306559,207.4813811,0
5373,116.5306559,207.4813811,0
5374,116.5306559,207.4813811,0
5375,116.5306559,207.4813811,0
5376,116.5306559,207.4813811,0
5377,116.5306559,207.4813811,0
5378,116.5306559,207.4813811,0
5379,116.5306559,207.4813811,0
5380,116.5306559,207.4813811,0
5381,116.5306559,204.6391704,0
5382,116.5306559,204.6391704,0
5383,116.5306559,204.6391704,0
5384,116.5306559,204.6391704,0
5385,116.5306559,204.6391704,0
5386,116.5306559,204.6391704,0
5387,116.5306559,204.6391704,0
5388,116.5306559,204.6391704,0
5389,116.5306559,207.4813811,0
5390,116.5306559,207.4813811,0
5391,116.5306559,207.4813811,0
5392,116.5306559,207.4813811,0
5393,116.5306559,207.4813811,0
5394,116.5306559,207.4813811,0
5395,116.5306559,207.4813811,0
5396,116.5306559,207.4813811,0
5397,116.5306559,207.4813811,0
5398,116.5306559,207.4813811,0
5399,116.5306559,207.4813811,0
5400,116.5306559,207.4813811,0
5401,116.5306559,207.4813811,0
5402,116.5306559,207.4813811,0
5403,116.5306559,207.4813811,0
5404,116.5306559,207.4813811,0
5405,116.5306559,207.4813811,0
5406,116.5306559,207.4813811,0
5407,116.5306559,207.4813811,0
5408,116.5306559,207.4813811,0
5409,116.5306559,207.4813811,0
5410,116.5306559,207.4813811,0
5411,116.5306559,207.4813811,0
5412,116.5306559,207.4813811,0
5413,116.5306559,207.4813811,0
5414,116.5306559,207.4813811,0
5415,116.5306559,207.4813811,0
5416,116.5306559,207.4813811,0
5417,116.5306559,207.4813811,0
5418,116.5306559,207.4813811,0
5419,116.5306559,207.4813811,0
5420,116.5306559,207.4813811,0
5421,116.5306559,207.4813811,0
5422,116.5306559,207.4813811,0
5423,116.5306559,207.4813811,0
5424,116.5306559,207.4813811,0
5425,116.5306559,207.4813811,0
5426,116.5306559,207.4813811,0
5427,116.5306559,207.4813811,0
5428,113.6884448,207.4813811,0
5429,113.6884448,207.4813811,0
5430,113.6884448,207.4813811,0
5431,113.6884448,207.4813811,0
5432,113.6884448,207.4813811,0
5433,113.6884448,207.4813811,0
5434,113.6884448,207.4813811,0
5435,113.6884448,207.4813811,0
5436,113.6884448,207.4813811,0
5437,113.6884448,207.4813811,0
5438,113.6884448,207.4813811,0
5439,113.6884448,204.6391704,0
5440,116.5306558,204.6391704,0
5441,116.5306558,204.6391704,0
5442,116.5306558,204.6391704,0
5443,116.5306558,204.6391704,0
5444,116.5306558,204.6391704,0
5445,116.5306558,204.6391704,0
5446,116.5306558,204.6391704,0
5447,116.5306558,204.6391704,0
5448,116.5306558,204.6391704,0
5449,116.5306558,204.6391704,0
5450,116.5306558,204.6391704,0
5451,116.5306558,204.6391704,0
5452,116.5306558,204.6391704,0
5453,116.5306558,204.6391704,0
5454,116.5306558,204.6391704,0
5455,116.5306558,204.6391704,0
5456,116.5306558,204.6391704,0
5457,116.5306558,204.6391704,0
5458,116.5306558,204.6391704,0
5459,116.5306558,204.6391704,0
5460,116.5306558,204.6391704,0
5461,116.5306558,204.6391704,0
5462,116.5306558,204.6391704,0
5463,116.5306558,204.6391704,0
5464,116.5306558,204.6391704,0
5465,116.5306558,204.6391704,0
5466,116.5306558,204.6391704,0
5467,116.5306558,207.4813811,0
5468,116.5306558,207.4813811,0
5469,116.5306558,207.4813811,0
5470,116.5306558,207.4813811,0
5471,116.5306558,207.4813811,0
5472,116.5306558,207.4813811,0
5473,116.5306558,207.4813811,0
5474,116.5306558,207.4813811,0
5475,116.5306558,207.4813811,0
5476,116.5306558,207.4813811,0
5477,116.5306558,207.4813811,0
5478,116.5306558,207.4813811,0
5479,116.5306558,207.4813811,0
5480,116.5306558,207.4813811,0
5481,116.5306558,207.4813811,0
5482,116.5306558,207.4813811,0
5483,116.5306558,207.4813811,0
5484,116.5306558,207.4813811,0
5485,116.5306558,207.4813811,0
5486,116.5306558,207.4813811,0
5487,116.5306558,207.4813811,0
5488,116.5306558,207.4813811,0
5489,116.5306558,207.4813811,0
5490,113.6884448,207.4813811,0
5491,113.6884448,207.4813811,0
5492,113.6884448,207.4813811,0
5493,113.6884448,207.4813811,0
5494,113.6884448,207.4813811,0
5495,113.6884448,207.4813811,0
5496,113.6884448,210.3235918,0
5497,113.6884448,210.3235918,0
5498,113.6884448,210.3235918,0
5499,113.6884448,210.3235918,0
5500,113.6884448,210.3235918,0
5501,113.6884448,210.3235918,0
5502,113.6884448,210.3235918,0
5503,113.6884448,210.3235918,0
5504,113.6884448,210.3235918,0
5505,113.6884448,210.3235918,0
5506,113.6884448,210.3235918,0
5507,113.6884448,210.3235918,0
5508,113.6884448,210.3235918,0
5509,113.6884448,210.3235918,0
5510,113.6884448,210.3235918,0
5511,113.6884448,210.3235918,0
5512,113.6884448,210.3235918,0
5513,113.6884448,210.3235918,0
5514,113.6884447,210.3235918,0
5515,113.6884447,210.3235918,0
5516,113.6884447,210.3235918,0
5517,113.6884447,210.3235918,0
5518,113.6884447,210.3235918,0
5519,113.6884447,210.3235918,0
5520,113.6884447,210.3235918,0
5521,113.6884447,210.3235918,0
5522,113.6884447,210.3235918,0
5523,113.6884447,210.3235918,0
5524,113.6884447,210.3235918,0
5525,113.6884447,210.3235918,0
5526,113.6884447,210.3235918,0
5527,113.6884447,210.3235918,0
5528,113.6884447,210.3235918,0
5529,113.6884447,210.3235918,0
5530,113.6884447,210.3235918,0
5531,113.6884447,210.3235918,0
5532,113.6884447,210.3235918,0
5533,113.6884447,210.3235918,0
5534,113.6884447,210.3235918,0
5535,113.6884447,210.3235918,0
5536,113.6884447,210.3235918,0
5537,113.6884447,210.3235918,0
5538,113.6884447,210.3235918,0
5539,113.6884447,210.3235918,0
5540,113.6884447,210.3235918,0
5541,113.6884447,210.3235918,0
5542,113.6884447,210.3235918,0
5543,113.6884447,210.3235918,0
5544,113.6884447,210.3235918,0
5545,113.6884447,210.3235918,0
5546,113.6884447,207.4813811,0
5547,113.6884447,207.4813811,0
5548,113.6884447,207.4813811,0
5549,113.6884447,207.4813811,0
5550,113.6884447,207.4813811,0
5551,113.6884447,207.4813811,0
5552,113.6884447,207.4813811,0
5553,113.6884447,207.4813811,0
5554,113.6884447,207.4813811,0
5555,113.6884447,207.4813811,0
5556,113.6884447,207.4813811,0
5557,113.6884447,207.4813811,0
5558,113.6884447,207.4813811,0
5559,113.6884447,207.4813811,0
5560,113.6884447,207.4813811,0
5561,113.6884447,207.4813811,0
5562,113.6884447,207.4813811,0
5563,113.6884447,207.4813811,0
5564,113.6884447,207.4813811,0
5565,113.6884447,207.4813811,0
5566,113.6884447,207.4813811,0
5567,113.6884447,207.4813811,0
5568,113.6884447,207.4813811,0
5569,113.6884447,207.4813811,0
5570,113.6884447,207.4813811,0
5571,113.6884447,207.4813811,0
5572,113.6884447,207.4813811,0
5573,113.6884447,207.4813811,0
5574,113.6884447,207.4813811,0
5575,113.6884447,207.4813811,0
5576,113.6884447,207.4813811,0
5577,113.6884447,207.4813811,0
5578,113.6884447,207.4813811,0
5579,113.6884447,207.4813811,0
5580,113.6884447,207.4813811,0
5581,113.6884447,207.4813811,0
5582,113.6884447,207.4813811,0
5583,113.6884447,207.4813811,0
5584,113.6884447,207.4813811,0
5585,113.6884447,207.4813811,0
5586,113.6884447,207.4813811,0
5587,113.6884447,207.4813811,0
5588,113.6884447,207.4813811,0
5589,113.6884447,207.4813811,0
5590,113.6884447,207.4813811,0
5591,113.6884447,207.4813811,0
5592,113.6884447,207.4813811,0
5593,113.6884447,207.4813811,0
5594,113.6884447,207.4813811,0
5595,113.6884447,207.4813811,0
5596,113.6884447,207.4813811,0
5597,113.6884447,207.4813811,0
5598,113.6884447,207.4813811,0
5599,113.6884447,207.4813811,0
5600,113.6884447,207.4813811,0
5601,113.6884447,207.4813811,0
5602,113.6884447,207.4813811,0
5603,113.6884447,207.4813811,0
5604,113.6884447,207.4813811,0
5605,113.6884447,207.4813811,0
5606,113.6884447,207.4813811,0
5607,113.6884447,207.4813811,0
5608,113.6884447,207.4813811,0
5609,113.6884447,207.4813811,0
5610,113.6884447,207.4813811,0
5611,113.6884447,207.4813811,0
5612,113.6884447,207.4813811,0
5613,113.6884447,207.4813811,0
5614,113.6884448,207.4813811,0
5615,113.6884448,207.4813811,0
5616,113.6884448,207.4813811,0
5617,113.6884448,207.4813811,0
5618,113.6884448,207.4813811,0
5619,113.6884448,207.4813811,0
5620,113.6884448,207.4813811,0
5621,113.6884448,207.4813811,0
5622,113.6884448,207.4813811,0
5623,113.6884448,207.4813811,0
5624,113.6884448,207.4813811,0
5625,113.6884448,207.4813811,0
5626,113.6884448,207.4813811,0
5627,113.6884448,207.4813811,0
5628,113.6884448,207.4813811,0
5629,113.6884448,207.4813811,0
5630,113.6884448,207.4813811,0
5631,113.6884448,207.4813811,0
5632,113.6884448,207.4813811,0
5633,113.6884448,207.4813811,0
5634,113.6884448,207.4813811,0
5635,113.6884448,207.4813811,0
5636,113.6884448,207.4813811,0
5637,113.6884448,207.4813811,0
5638,113.6884448,207.4813811,0
5639,113.6884448,207.4813811,0
5640,113.6884448,207.4813811,0
5641,113.6884448,207.4813811,0
5642,113.6884448,207.4813811,0
5643,113.6884448,207.4813811,0
5644,113.6884448,207.4813811,0
5645,113.6884448,207.4813811,0
5646,113.6884448,207.4813811,0
5647,113.6884448,204.6391704,0
5648,113.6884448,204.6391704,0
5649,113.6884448,204.6391704,0
5650,113.6884448,204.6391704,0
5651,113.6884448,204.6391704,0
5652,113.6884448,204.6391704,0
5653,113.6884448,204.6391704,0
5654,113.6884448,204.6391704,0
5655,113.6884448,204.6391704,0
5656,113.6884448,204.6391704,0
5657,113.6884448,204.6391704,0
5658,113.6884448,204.6391704,0
5659,113.6884448,204.6391704,0
5660,113.6884448,204.6391704,0
5661,113.6884448,204.6391704,0
5662,113.6884448,204.6391704,0
5663,113.6884448,204.6391704,0
5664,113.6884447,204.6391704,0
5665,113.6884447,204.6391704,0
5666,113.6884447,204.6391704,0
5667,113.6884447,204.6391704,0
5668,113.6884447,204.6391704,0
5669,113.6884447,204.6391704,0
5670,113.6884447,204.6391704,0
5671,113.6884447,204.6391704,0
5672,113.6884447,204.6391704,0
5673,113.6884447,204.6391704,0
5674,113.6884447,204.6391704,0
5675,113.6884447,204.6391704,0
5676,113.6884447,204.6391704,0
5677,113.6884447,204.6391704,0
5678,113.6884447,204.6391704,0
5679,113.6884447,204.6391704,0
5680,113.6884447,207.4813811,0
5681,113.6884447,207.4813811,0
5682,113.6884447,207.4813811,0
5683,113.6884447,207.4813811,0
5684,113.6884447,207.4813811,0
5685,113.6884447,207.4813811,0
5686,113.6884447,207.4813811,0
5687,113.6884447,207.4813811,0
5688,113.6884447,207.4813811,0
5689,113.6884447,207.4813811,0
5690,113.6884447,207.4813811,0
5691,110.8462336,207.4813811,0
5692,110.8462336,207.4813811,0
5693,110.8462336,207.4813811,0
5694,110.8462336,207.4813811,0
5695,110.8462336,207.4813811,0
5696,110.8462336,207.4813811,0
5697,110.8462336,207.4813811,0
5698,110.8462336,207.4813811,0
5699,110.8462336,207.4813811,0
5700,110.8462336,207.4813811,0
5701,110.8462336,207.4813811,0
5702,110.8462336,207.4813811,0
5703,110.8462336,207.4813811,0
5704,110.8462336,207.4813811,0
5705,110.8462336,207.4813811,0
5706,110.8462336,207.4813811,0
5707,110.8462336,207.4813811,0
5708,110.8462336,207.4813811,0
5709,110.8462336,207.4813811,0
5710,110.8462336,207.4813811,0
5711,110.8462336,207.4813811,0
5712,110.8462336,207.4813811,0
5713,110.8462336,207.4813811,0
5714,110.8462336,207.4813811,0
5715,110.8462336,207.4813811,0
5716,110.8462336,207.4813811,0
5717,110.8462336,207.4813811,0
5718,110.8462336,207.4813811,0
5719,110.8462336,207.4813811,0
5720,110.8462336,207.4813811,0
5721,110.8462336,207.4813811,0
5722,110.8462336,207.4813811,0
5723,110.8462336,207.4813811,0
5724,110.8462336,207.4813811,0
5725,110.8462336,207.4813811,0
5726,110.8462336,207.4813811,0
5727,110.8462336,207.4813811,0
5728,110.8462336,207.4813811,0
5729,110.8462336,207.4813811,0
5730,110.8462336,204.6391704,0
5731,110.8462336,204.6391704,0
5732,110.8462336,204.6391704,0
5733,110.8462336,204.6391704,0
5734,110.8462336,204.6391704,0
5735,110.8462336,204.6391704,0
5736,110.8462336,204.6391704,0
5737,110.8462336,204.6391704,0
5738,110.8462336,204.6391704,0
5739,110.8462336,204.6391704,0
5740,110.8462336,204.6391704,0
5741,110.8462336,204.6391704,0
5742,110.8462336,204.6391704,0
5743,110.8462336,204.6391704,0
5744,110.8462336,207.4813811,0
5745,110.8462336,207.4813811,0
5746,110.8462336,207.4813811,0
5747,110.8462336,207.4813811,0
5748,110.8462336,207.4813811,0
5749,110.8462336,207.4813811,0
5750,110.8462336,207.4813811,0
5751,110.8462336,207.4813811,0
5752,110.8462336,207.4813811,0
5753,110.8462336,207.4813811,0
5754,110.8462336,207.4813811,0
5755,110.8462336,207.4813811,0
5756,110.8462336,207.4813811,0
5757,110.8462336,207.4813811,0
5758,110.8462336,207.4813811,0
5759,110.8462336,207.4813811,0
5760,110.8462336,207.4813811,0
5761,110.8462336,207.4813811,0
5762,110.8462336,207.4813811,0
5763,110.8462336,207.4813811,0
5764,110.8462336,207.4813811,0
5765,110.8462336,207.4813811,0
5766,110.8462336,207.4813811,0
5767,110.8462336,207.4813811,0
5768,110.8462336,207.4813811,0
5769,110.8462336,207.4813811,0
5770,110.8462336,207.4813811,0
5771,110.8462336,207.4813811,0
5772,110.8462336,207.4813811,0
5773,110.8462336,207.4813811,0
5774,110.8462336,207.4813811,0
5775,110.8462336,207.4813811,0
5776,110.8462336,207.4813811,0
5777,110.8462336,207.4813811,0
5778,110.8462336,207.4813811,0
5779,110.8462336,207.4813811,0
5780,110.8462336,207.4813811,0
5781,110.8462336,207.4813811,0
5782,110.8462336,207.4813811,0
5783,110.8462336,207.4813811,0
5784,110.8462336,207.4813811,0
5785,110.8462336,207.4813811,0
5786,110.8462336,207.4813811,0
5787,110.8462336,207.4813811,0
5788,110.8462336,207.4813811,0
5789,110.8462336,207.4813811,0
5790,110.8462336,207.4813811,0
5791,110.8462336,207.4813811,0
5792,110.8462336,207.4813811,0
5793,110.8462336,207.4813811,0
5794,110.8462336,207.4813811,0
5795,110.8462336,207.4813811,0
5796,110.8462336,207.4813811,0
5797,110.8462336,207.4813811,0
5798,110.8462336,207.4813811,0
5799,110.8462336,207.4813811,0
5800,110.8462336,207.4813811,0
5801,110.8462336,207.4813811,0
5802,110.8462336,207.4813811,0
5803,110.8462336,207.4813811,0
5804,110.8462336,207.4813811,0
5805,110.8462336,207.4813811,0
5806,110.8462336,207.4813811,0
5807,110.8462336,207.4813811,0
5808,110.8462336,207.4813811,0
5809,110.8462336,207.4813811,0
5810,110.8462336,207.4813811,0
5811,110.8462336,210.3235918,0
5812,110.8462336,210.3235918,0
5813,110.8462336,210.3235918,0
5814,110.8462336,210.3235918,0
5815,110.8462336,210.3235918,0
5816,110.8462336,210.3235918,0
5817,110.8462336,210.3235918,0
5818,110.8462336,210.3235918,0
5819,110.8462336,210.3235918,0
5820,110.8462336,210.3235918,0
5821,110.8462336,210.3235918,0
5822,110.8462336,210.3235918,0
5823,110.8462336,210.3235918,0
5824,110.8462336,210.3235918,0
5825,110.8462336,210.3235918,0
5826,110.8462336,210.3235918,0
5827,110.8462336,210.3235918,0
5828,110.8462336,210.3235918,0
5829,110.8462336,210.3235918,0
5830,110.8462336,210.3235918,0
5831,110.8462336,210.3235918,0
5832,110.8462336,210.3235918,0
5833,110.8462336,210.3235918,0
5834,110.8462336,210.3235918,0
5835,110.8462336,210.3235918,0
5836,110.8462336,210.3235918,0
5837,110.8462336,210.3235918,0
5838,110.8462336,210.3235918,0
5839,110.8462336,210.3235918,0
5840,110.8462336,210.3235918,0
5841,110.8462336,210.3235918,0
5842,110.8462336,210.3235918,0
5843,110.8462336,210.3235918,0
5844,110.8462336,210.3235918,0
5845,110.8462336,210.3235918,0
5846,110.8462336,210.3235918,0
5847,110.8462336,210.3235918,0
5848,110.8462336,210.3235918,0
5849,110.8462336,210.3235918,0
5850,110.8462336,210.3235918,0
5851,110.8462336,210.3235918,0
5852,113.6884448,210.3235918,0
5853,113.6884448,210.3235918,0
5854,113.6884448,210.3235918,0
5855,113.6884448,210.3235918,0
5856,113.6884448,210.3235918,0
5857,113.6884448,210.3235918,0
5858,113.6884448,210.3235918,0
5859,113.6884448,210.3235918,0
5860,113.6884448,210.3235918,0
5861,113.6884448,207.4813811,0
5862,113.6884448,207.4813811,0
5863,113.6884448,207.4813811,0
5864,113.6884448,207.4813811,0
5865,113.6884448,207.4813811,0
5866,113.6884448,207.4813811,0
5867,113.6884448,207.4813811,0
5868,113.6884448,207.4813811,0
5869,113.6884448,207.4813811,0
5870,113.6884448,207.4813811,0
5871,113.6884448,207.4813811,0
5872,113.6884448,207.4813811,0
5873,113.6884448,207.4813811,0
5874,113.6884448,207.4813811,0
5875,113.6884448,207.4813811,0
5876,113.6884448,207.4813811,0
5877,113.6884448,207.4813811,0
5878,113.6884448,207.4813811,0
5879,113.6884448,207.4813811,0
5880,113.6884448,207.4813811,0
5881,113.6884448,207.4813811,0
5882,113.6884448,207.4813811,0
5883,113.6884448,207.4813811,0
5884,113.6884448,207.4813811,0
5885,113.6884448,207.4813811,0
5886,113.6884448,207.4813811,0
5887,113.6884448,207.4813811,0
5888,113.6884448,207.4813811,0
5889,113.6884448,207.4813811,0
5890,113.6884448,207.4813811,0
5891,113.6884448,207.4813811,0
5892,113.6884448,207.4813811,0
5893,113.6884448,207.4813811,0
5894,113.6884448,207.4813811,0
5895,113.6884448,207.4813811,0
5896,113.6884448,207.4813811,0
5897,113.6884448,207.4813811,0
5898,113.6884448,207.4813811,0
5899,113.6884448,207.4813811,0
5900,113.6884448,207.4813811,0
5901,113.6884448,207.4813811,0
5902,110.8462336,207.4813811,0
5903,110.8462336,207.4813811,0
5904,110.8462336,207.4813811,0
5905,110.8462336,207.4813811,0
5906,110.8462336,207.4813811,0
5907,110.8462336,207.4813811,0
5908,110.8462336,207.4813811,0
5909,110.8462336,207.4813811,0
5910,110.8462336,207.4813811,0
5911,110.8462336,207.4813811,0
5912,110.8462336,207.4813811,0
5913,110.8462336,207.4813811,0
5914,110.8462336,207.4813811,0
5915,110.8462336,207.4813811,0
5916,110.8462336,207.4813811,0
5917,110.8462336,207.4813811,0
5918,110.8462336,204.6391704,0
5919,110.8462336,204.6391704,0
5920,110.8462336,204.6391704,0
5921,110.8462336,204.6391704,0
5922,110.8462336,204.6391704,0
5923,110.8462336,204.6391704,0
5924,110.8462336,204.6391704,0
5925,110.8462336,204.6391704,0
5926,110.8462336,204.6391704,0
5927,110.8462336,204.6391704,0
5928,110.8462336,204.6391704,0
5929,110.8462336,204.6391704,0
5930,110.8462336,204.6391704,0
5931,110.8462336,204.6391704,0
5932,110.8462336,204.6391704,0
5933,110.8462336,204.6391704,0
5934,110.8462336,207.4813811,0
5935,110.8462336,207.4813811,0
5936,110.8462336,207.4813811,0
5937,110.8462336,207.4813811,0
5938,110.8462336,207.4813811,0
5939,110.8462336,207.4813811,0
5940,110.8462336,207.4813811,0
5941,110.8462336,207.4813811,0
5942,110.8462336,207.4813811,0
5943,110.8462336,207.4813811,0
5944,110.8462336,207.4813811,0
5945,110.8462336,207.4813811,0
5946,110.8462336,207.4813811,0
5947,110.8462336,207.4813811,0
5948,110.8462336,207.4813811,0
5949,110.8462336,207.4813811,0
5950,110.8462336,207.4813811,0
5951,110.8462336,207.4813811,0
5952,110.8462336,207.4813811,0
5953,110.8462336,207.4813811,0
5954,110.8462336,207.4813811,0
5955,110.8462336,207.4813811,0
5956,110.8462336,207.4813811,0
5957,110.8462336,207.4813811,0
5958,110.8462336,207.4813811,0
5959,110.8462336,210.3235918,0
5960,110.8462336,210.3235918,0
5961,110.8462336,210.3235918,0
5962,110.8462336,210.3235918,0
5963,110.8462336,210.3235918,0
5964,110.8462336,210.3235918,0
5965,110.8462336,210.3235918,0
5966,110.8462336,210.3235918,0
5967,110.8462336,210.3235918,0
5968,110.8462336,210.3235918,0
5969,110.8462336,210.3235918,0
5970,110.8462336,210.3235918,0
5971,110.8462336,210.3235918,0
5972,110.8462336,210.3235918,0
5973,110.8462336,210.3235918,0
5974,110.8462336,210.3235918,0
5975,110.8462336,210.3235918,0
5976,110.8462336,210.3235918,0
5977,110.8462336,210.3235918,0
5978,110.8462336,210.3235918,0
5979,110.8462336,210.3235918,0
5980,110.8462336,210.3235918,0
5981,110.8462336,210.3235918,0
5982,110.8462336,210.3235918,0
5983,110.8462336,210.3235918,0
5984,110.8462336,210.3235918,0
5985,110.8462336,210.3235918,0
5986,110.8462336,210.3235918,0
5987,110.8462336,210.3235918,0
5988,110.8462336,210.3235918,0
5989,110.8462336,210.3235918,0
5990,110.8462336,210.3235918,0
5991,110.8462336,210.3235918,0
5992,110.8462336,210.3235918,0
5993,110.8462336,210.3235918,0
5994,110.8462336,210.3235918,0
5995,110.8462336,210.3235918,0
5996,110.8462336,210.3235918,0
5997,110.8462336,210.3235918,0
5998,110.8462336,210.3235918,0
5999,110.8462336,210.3235918,0
6000,110.8462336,210.3235918,0
6001,110.8462336,210.3235918,0
6002,110.8462336,210.3235918,0
6003,110.8462336,210.3235918,0
6004,110.8462336,210.3235918,0
6005,110.8462336,210.3235918,0
6006,110.8462336,210.3235918,0
6007,110.8462336,210.3235918,0
6008,110.8462336,210.3235918,0
6009,110.8462336,207.4813811,0
6010,110.8462336,207.4813811,0
6011,110.8462336,207.4813811,0
6012,110.8462336,207.4813811,0
6013,110.8462336,207.4813811,0
6014,110.8462336,207.4813811,0
6015,110.8462336,207.4813811,0
6016,110.8462336,207.4813811,0
6017,110.8462336,207.4813811,0
6018,110.8462336,207.4813811,0
6019,110.8462336,207.4813811,0
6020,110.8462336,207.4813811,0
6021,110.8462336,207.4813811,0
6022,110.8462336,207.4813811,0
6023,110.8462336,207.4813811,0
6024,110.8462336,207.4813811,0
6025,110.8462336,207.4813811,0
6026,110.8462336,207.4813811,0
6027,110.8462336,207.4813811,0
6028,110.8462336,207.4813811,0
6029,110.8462336,207.4813811,0
6030,110.8462336,207.4813811,0
6031,110.8462336,207.4813811,0
6032,110.8462336,207.4813811,0
6033,110.8462336,207.4813811,0
6034,110.8462336,207.4813811,0
6035,110.8462336,207.4813811,0
6036,110.8462336,207.4813811,0
6037,110.8462336,207.4813811,0
6038,110.8462336,207.4813811,0
6039,110.8462336,207.4813811,0
6040,110.8462336,207.4813811,0
6041,110.8462336,207.4813811,0
6042,110.8462336,207.4813811,0
6043,110.8462336,207.4813811,0
6044,110.8462336,207.4813811,0
6045,110.8462336,207.4813811,0
6046,110.8462336,207.4813811,0
6047,110.8462336,207.4813811,0
6048,110.8462336,207.4813811,0
6049,110.8462336,207.4813811,0
6050,110.8462336,207.4813811,0
6051,110.8462336,207.4813811,0
6052,110.8462336,210.3235918,0
6053,110.8462336,210.3235918,0
6054,110.8462336,210.3235918,0
6055,110.8462336,210.3235918,0
6056,110.8462336,210.3235918,0
6057,110.8462336,210.3235918,0
6058,113.6884448,210.3235918,0
6059,113.6884448,210.3235918,0
6060,113.6884448,210.3235918,0
6061,113.6884448,210.3235918,0
6062,113.6884448,210.3235918,0
6063,113.6884448,210.3235918,0
6064,113.6884448,210.3235918,0
6065,113.6884448,210.3235918,0
6066,113.6884448,210.3235918,0
6067,113.6884448,210.3235918,0
6068,113.6884448,210.3235918,0
6069,113.6884448,210.3235918,0
6070,113.6884448,210.3235918,0
6071,113.6884448,210.3235918,0
6072,113.6884448,210.3235918,0
6073,113.6884448,210.3235918,0
6074,113.6884448,210.3235918,0
6075,113.6884448,210.3235918,0
6076,113.6884448,210.3235918,0
6077,113.6884448,210.3235918,0
6078,113.6884448,210.3235918,0
6079,113.6884448,210.3235918,0
6080,113.6884448,210.3235918,0
6081,113.6884448,210.3235918,0
6082,113.6884448,210.3235918,0
6083,113.6884448,210.3235918,0
6084,113.6884448,210.3235918,0
6085,113.6884448,210.3235918,0
6086,113.6884448,210.3235918,0
6087,113.6884448,210.3235918,0
6088,113.6884448,210.3235918,0
6089,113.6884448,210.3235918,0
6090,113.6884448,210.3235918,0
6091,113.6884448,210.3235918,0
6092,113.6884448,210.3235918,0
6093,113.6884448,210.3235918,0
6094,113.6884448,210.3235918,0
6095,113.6884448,210.3235918,0
6096,113.6884448,210.3235918,0
6097,113.6884448,210.3235918,0
6098,113.6884448,210.3235918,0
6099,113.6884448,210.3235918,0
6100,113.6884448,210.3235918,0
6101,113.6884448,210.3235918,0
6102,113.6884448,207.4813811,0
6103,113.6884448,207.4813811,0
6104,113.6884448,207.4813811,0
6105,113.6884448,207.4813811,0
6106,113.6884448,207.4813811,0
6107,113.6884448,207.4813811,0
6108,110.8462336,207.4813811,0
6109,110.8462336,207.4813811,0
6110,110.8462336,207.4813811,0
6111,110.8462336,207.4813811,0
6112,110.8462336,207.4813811,0
6113,110.8462336,207.4813811,0
6114,110.8462336,207.4813811,0
6115,110.8462336,207.4813811,0
6116,110.8462336,207.4813811,0
6117,110.8462336,207.4813811,0
6118,110.8462336,207.4813811,0
6119,110.8462336,207.4813811,0
6120,110.8462336,207.4813811,0
6121,110.8462336,207.4813811,0
6122,110.8462336,207.4813811,0
6123,110.8462336,207.4813811,0
6124,110.8462336,207.4813811,0
6125,110.8462336,207.4813811,0
6126,110.8462336,204.6391704,0
6127,110.8462336,204.6391704,0
6128,110.8462336,204.6391704,0
6129,110.8462336,204.6391704,0
6130,110.8462336,204.6391704,0
6131,110.8462336,204.6391704,0
6132,110.8462336,204.6391704,0
6133,110.8462336,204.6391704,0
6134,110.8462336,204.6391704,0
6135,110.8462336,204.6391704,0
6136,110.8462336,204.6391704,0
6137,110.8462336,204.6391704,0
6138,110.8462336,204.6391704,0
6139,110.8462336,204.6391704,0
6140,110.8462336,204.6391704,0
6141,110.8462336,204.6391704,0
6142,110.8462336,204.6391704,0
6143,110.8462336,204.6391704,0
6144,110.8462336,204.6391704,0
6145,110.8462336,204.6391704,0
6146,110.8462336,204.6391704,0
6147,110.8462336,204.6391704,0
6148,110.8462336,204.6391704,0
6149,110.8462336,204.6391704,0
6150,110.8462336,204.6391704,0
6151,110.8462336,204.6391704,0
6152,110.8462336,204.6391704,0
6153,110.8462336,204.6391704,0
6154,110.8462336,204.6391704,0
6155,110.8462336,204.6391704,0
6156,110.8462336,204.6391704,0
6157,110.8462336,204.6391704,0
6158,110.8462336,204.6391704,0
6159,110.8462336,204.6391704,0
6160,110.8462336,204.6391704,0
6161,110.8462336,204.6391704,0
6162,110.8462336,204.6391704,0
6163,110.8462336,204.6391704,0
6164,110.8462336,204.6391704,0
6165,110.8462336,207.4813811,0
6166,110.8462336,207.4813811,0
6167,110.8462336,207.4813811,0
6168,110.8462336,207.4813811,0
6169,110.8462336,207.4813811,0
6170,110.8462336,207.4813811,0
6171,110.8462336,207.4813811,0
6172,110.8462336,207.4813811,0
6173,110.8462336,207.4813811,0
6174,110.8462336,207.4813811,0
6175,110.8462336,207.4813811,0
6176,110.8462336,207.4813811,0
6177,110.8462336,207.4813811,0
6178,110.8462336,207.4813811,0
6179,110.8462336,207.4813811,0
6180,110.8462336,207.4813811,0
6181,110.8462336,207.4813811,0
6182,110.8462336,207.4813811,0
6183,110.8462336,207.4813811,0
6184,110.8462336,207.4813811,0
6185,110.8462336,207.4813811,0
6186,110.8462336,207.4813811,0
6187,110.8462336,207.4813811,0
6188,110.8462336,207.4813811,0
6189,110.8462336,207.4813811,0
6190,110.8462336,207.4813811,0
6191,110.8462336,207.4813811,0
6192,110.8462336,207.4813811,0
6193,110.8462336,207.4813811,0
6194,110.8462336,207.4813811,0
6195,110.8462336,207.4813811,0
6196,110.8462336,207.4813811,0
6197,110.8462336,207.4813811,0
6198,110.8462336,207.4813811,0
6199,110.8462336,207.4813811,0
6200,110.8462336,207.4813811,0
6201,110.8462336,207.4813811,0
6202,110.8462336,207.4813811,0
6203,110.8462336,207.4813811,0
6204,110.8462336,207.4813811,0
6205,110.8462336,207.4813811,0
6206,110.8462336,207.4813811,0
6207,110.8462336,207.4813811,0
6208,110.8462336,207.4813811,0
6209,110.8462336,207.4813811,0
6210,110.8462336,207.4813811,0
6211,110.8462336,207.4813811,0
6212,110.8462336,207.4813811,0
6213,110.8462336,207.4813811,0
6214,110.8462336,207.4813811,0
6215,110.8462336,204.6391704,0
6216,110.8462336,204.6391704,0
6217,110.8462336,204.6391704,0
6218,110.8462336,204.6391704,0
6219,110.8462336,204.6391704,0
6220,110.8462336,204.6391704,0
6221,110.8462336,204.6391704,0
6222,110.8462336,204.6391704,0
6223,110.8462336,204.6391704,0
6224,110.8462336,204.6391704,0
6225,110.8462336,204.6391704,0
6226,110.8462336,204.6391704,0
6227,110.8462336,204.6391704,0
6228,110.8462336,204.6391704,0
6229,110.8462336,204.6391704,0
6230,110.8462336,204.6391704,0
6231,110.8462336,204.6391704,0
6232,110.8462336,204.6391704,0
6233,110.8462336,204.6391704,0
6234,110.8462336,204.6391704,0
6235,110.8462336,204.6391704,0
6236,110.8462336,204.6391704,0
6237,110.8462336,204.6391704,0
6238,110.8462336,204.6391704,0
6239,110.8462336,204.6391704,0
6240,110.8462336,204.6391704,0
6241,110.8462336,204.6391704,0
6242,110.8462336,204.6391704,0
6243,110.8462336,204.6391704,0
6244,110.8462336,204.6391704,0
6245,110.8462336,204.6391704,0
6246,110.8462336,204.6391704,0
6247,110.8462336,204.6391704,0
6248,110.8462336,204.6391704,0
6249,110.8462336,204.6391704,0
6250,110.8462336,204.6391704,0
6251,110.8462336,204.6391704,0
6252,110.8462336,204.6391704,0
6253,110.8462336,204.6391704,0
6254,110.8462336,204.6391704,0
6255,110.8462336,204.6391704,0
6256,110.8462336,204.6391704,0
6257,110.8462336,204.6391704,0
6258,110.8462336,204.6391704,0
6259,110.8462336,204.6391704,0
6260,110.8462336,204.6391704,0
6261,113.6884447,204.6391704,0
6262,113.6884447,204.6391704,0
6263,113.6884447,204.6391704,0
6264,113.6884447,204.6391704,0
6265,113.6884447,204.6391704,0
6266,113.6884447,204.6391704,0
6267,113.6884447,204.6391704,0
6268,113.6884448,204.6391704,0
6269,113.6884448,204.6391704,0
6270,113.6884448,204.6391704,0
6271,113.6884448,204.6391704,0
6272,113.6884448,204.6391704,0
6273,113.6884448,204.6391704,0
6274,113.6884448,204.6391704,0
6275,113.6884448,204.6391704,0
6276,113.6884448,204.6391704,0
6277,113.6884448,204.6391704,0
6278,113.6884448,204.6391704,0
6279,113.6884448,204.6391704,0
6280,113.6884448,204.6391704,0
6281,113.6884448,204.6391704,0
6282,113.6884448,204.6391704,0
6283,113.6884448,204.6391704,0
6284,113.6884448,204.6391704,0
6285,113.6884448,204.6391704,0
6286,113.6884448,204.6391704,0
6287,113.6884448,204.6391704,0
6288,113.6884448,204.6391704,0
6289,113.6884448,204.6391704,0
6290,113.6884448,204.6391704,0
6291,113.6884448,204.6391704,0
6292,113.6884448,207.4813811,0
6293,113.6884448,207.4813811,0
6294,113.6884448,207.4813811,0
6295,113.6884448,207.4813811,0
6296,113.6884448,207.4813811,0
6297,113.6884448,207.4813811,0
6298,113.6884448,207.4813811,0
6299,113.6884448,207.4813811,0
6300,113.6884448,207.4813811,0
6301,113.6884448,207.4813811,0
6302,113.6884448,207.4813811,0
6303,113.6884448,207.4813811,0
6304,113.6884448,207.4813811,0
6305,113.6884448,207.4813811,0
6306,113.6884448,207.4813811,0
6307,113.6884448,207.4813811,0
6308,113.6884448,207.4813811,0
6309,113.6884448,207.4813811,0
6310,113.6884448,207.4813811,0
6311,113.6884448,207.4813811,0
6312,113.6884448,207.4813811,0
6313,113.6884448,207.4813811,0
6314,113.6884448,207.4813811,0
6315,113.6884448,207.4813811,0
6316,113.6884448,207.4813811,0
6317,113.6884448,207.4813811,0
6318,110.8462336,207.4813811,0
6319,110.8462336,207.4813811,0
6320,110.8462336,207.4813811,0
6321,110.8462336,207.4813811,0
6322,110.8462336,207.4813811,0
6323,110.8462336,207.4813811,0
6324,110.8462336,207.4813811,0
6325,110.8462336,207.4813811,0
6326,110.8462336,207.4813811,0
6327,110.8462336,207.4813811,0
6328,113.6884447,207.4813811,0
6329,113.6884447,207.4813811,0
6330,113.6884447,207.4813811,0
6331,113.6884447,207.4813811,0
6332,113.6884447,207.4813811,0
6333,113.6884447,207.4813811,0
6334,113.6884447,207.4813811,0
6335,113.6884447,207.4813811,0
6336,113.6884447,207.4813811,0
6337,113.6884447,207.4813811,0
6338,113.6884447,207.4813811,0
6339,113.6884447,207.4813811,0
6340,113.6884447,207.4813811,0
6341,113.6884447,207.4813811,0
6342,113.6884447,207.4813811,0
6343,113.6884447,207.4813811,0
6344,113.6884447,207.4813811,0
6345,113.6884447,207.4813811,0
6346,113.6884447,207.4813811,0
6347,113.6884447,207.4813811,0
6348,113.6884447,207.4813811,0
6349,113.6884447,207.4813811,0
6350,113.6884447,207.4813811,0
6351,113.6884447,207.4813811,0
6352,113.6884447,207.4813811,0
6353,113.6884447,207.4813811,0
6354,113.6884447,207.4813811,0
6355,113.6884447,207.4813811,0
6356,113.6884447,207.4813811,0
6357,113.6884447,207.4813811,0
6358,113.6884447,207.4813811,0
6359,113.6884447,207.4813811,0
6360,113.6884447,207.4813811,0
6361,113.6884447,207.4813811,0
6362,113.6884447,207.4813811,0
6363,113.6884447,207.4813811,0
6364,113.6884447,207.4813811,0
6365,113.6884447,207.4813811,0
6366,113.6884447,207.4813811,0
6367,113.6884447,207.4813811,0
6368,113.6884447,207.4813811,0
6369,113.6884447,207.4813811,0
6370,113.6884447,207.4813811,0
6371,113.6884447,207.4813811,0
6372,113.6884447,207.4813811,0
6373,113.6884447,207.4813811,0
6374,113.6884447,207.4813811,0
6375,113.6884447,207.4813811,0
6376,113.6884447,207.4813811,0
6377,113.6884447,207.4813811,0
6378,113.6884447,207.4813811,0
6379,113.6884447,207.4813811,0
6380,113.6884447,207.4813811,0
6381,113.6884447,207.4813811,0
6382,113.6884447,207.4813811,0
6383,113.6884447,207.4813811,0
6384,113.6884447,207.4813811,0
6385,113.6884447,207.4813811,0
6386,113.6884448,207.4813811,0
6387,113.6884448,207.4813811,0
6388,113.6884448,207.4813811,0
6389,113.6884448,207.4813811,0
6390,113.6884448,207.4813811,0
6391,113.6884448,207.4813811,0
6392,113.6884448,207.4813811,0
6393,113.6884448,207.4813811,0
6394,113.6884448,207.4813811,0
6395,113.6884448,207.4813811,0
6396,113.6884448,207.4813811,0
6397,113.6884448,207.4813811,0
6398,113.6884448,207.4813811,0
6399,113.6884448,207.4813811,0
6400,113.6884448,207.4813811,0
6401,113.6884448,207.4813811,0
6402,113.6884448,207.4813811,0
6403,113.6884448,207.4813811,0
6404,113.6884448,207.4813811,0
6405,113.6884448,207.4813811,0
6406,113.6884448,207.4813811,0
6407,113.6884448,207.4813811,0
6408,113.6884448,207.4813811,0
6409,113.6884448,207.4813811,0
6410,113.6884448,207.4813811,0
6411,113.6884448,207.4813811,0
6412,113.6884448,207.4813811,0
6413,113.6884448,207.4813811,0
6414,113.6884448,207.4813811,0
6415,113.6884448,207.4813811,0
6416,113.6884448,207.4813811,0
6417,113.6884448,207.4813811,0
6418,113.6884448,207.4813811,0
6419,113.6884448,207.4813811,0
6420,113.6884448,207.4813811,0
6421,113.6884448,207.4813811,0
6422,113.6884448,207.4813811,0
6423,113.6884448,207.4813811,0
6424,113.6884448,207.4813811,0
6425,113.6884448,207.4813811,0
6426,113.6884448,207.4813811,0
6427,113.6884448,207.4813811,0
6428,113.6884448,207.4813811,0
6429,113.6884448,207.4813811,0
6430,113.6884448,207.4813811,0
6431,113.6884448,207.4813811,0
6432,113.6884448,207.4813811,0
6433,113.6884448,207.4813811,0
6434,113.6884448,207.4813811,0
6435,113.6884448,207.4813811,0
6436,113.6884448,207.4813811,0
6437,113.6884448,207.4813811,0
6438,113.6884448,207.4813811,0
6439,113.6884448,207.4813811,0
6440,113.6884448,207.4813811,0
6441,113.6884448,207.4813811,0
6442,113.6884448,207.4813811,0
6443,113.6884448,207.4813811,0
6444,113.6884448,207.4813811,0
6445,113.6884448,207.4813811,0
6446,113.6884448,207.4813811,0
6447,113.6884448,207.4813811,0
6448,113.6884448,207.4813811,0
6449,113.6884448,207.4813811,0
6450,113.6884448,204.6391704,0
6451,113.6884448,204.6391704,0
6452,113.6884448,204.6391704,0
6453,113.6884448,204.6391704,0
6454,113.6884448,204.6391704,0
6455,113.6884448,204.6391704,0
6456,113.6884448,204.6391704,0
6457,113.6884448,204.6391704,0
6458,113.6884448,204.6391704,0
6459,113.6884448,204.6391704,0
6460,113.6884448,204.6391704,0
6461,113.6884448,204.6391704,0
6462,113.6884448,204.6391704,0
6463,113.6884448,204.6391704,0
6464,113.6884448,204.6391704,0
6465,113.6884448,204.6391704,0
6466,113.6884448,204.6391704,0
6467,113.6884448,204.6391704,0
6468,113.6884448,204.6391704,0
6469,113.6884448,204.6391704,0
6470,113.6884448,204.6391704,0
6471,113.6884448,204.6391704,0
6472,113.6884448,204.6391704,0
6473,113.6884448,204.6391704,0
6474,113.6884448,204.6391704,0
6475,113.6884448,207.4813811,0
6476,113.6884448,207.4813811,0
6477,113.6884448,207.4813811,0
6478,113.6884448,207.4813811,0
6479,113.6884448,207.4813811,0
6480,113.6884448,207.4813811,0
6481,113.6884448,207.4813811,0
6482,113.6884448,207.4813811,0
6483,113.6884448,207.4813811,0
6484,113.6884448,207.4813811,0
6485,113.6884448,207.4813811,0
6486,113.6884448,207.4813811,0
6487,113.6884448,207.4813811,0
6488,113.6884448,207.4813811,0
6489,113.6884448,207.4813811,0
6490,113.6884448,207.4813811,0
6491,113.6884448,207.4813811,0
6492,113.6884447,207.4813811,0
6493,113.6884447,207.4813811,0
6494,113.6884447,207.4813811,0
6495,113.6884447,207.4813811,0
6496,113.6884447,207.4813811,0
6497,113.6884447,207.4813811,0
6498,113.6884447,207.4813811,0
6499,113.6884447,207.4813811,0
6500,113.6884447,207.4813811,0
6501,113.6884447,207.4813811,0
6502,113.6884447,207.4813811,0
6503,113.6884447,207.4813811,0
6504,113.6884447,207.4813811,0
6505,113.6884447,207.4813811,0
6506,113.6884447,207.4813811,0
6507,113.6884447,207.4813811,0
6508,113.6884447,207.4813811,0
6509,113.6884447,207.4813811,0
6510,113.6884447,207.4813811,0
6511,113.6884447,207.4813811,0
6512,113.6884447,207.4813811,0
6513,113.6884447,207.4813811,0
6514,113.6884447,207.4813811,0
6515,113.6884447,207.4813811,0
6516,113.6884447,207.4813811,0
6517,113.6884447,207.4813811,0
6518,113.6884447,207.4813811,0
6519,113.6884447,207.4813811,0
6520,113.6884447,207.4813811,0
6521,113.6884447,207.4813811,0
6522,113.6884447,207.4813811,0
6523,113.6884447,207.4813811,0
6524,113.6884447,207.4813811,0
6525,113.6884447,204.6391704,0
6526,113.6884447,204.6391704,0
6527,113.6884448,204.6391704,0
6528,113.6884448,204.6391704,0
6529,113.6884448,204.6391704,0
6530,113.6884448,204.6391704,0
6531,113.6884448,204.6391704,0
6532,113.6884448,204.6391704,0
6533,113.6884448,204.6391704,0
6534,113.6884448,204.6391704,0
6535,113.6884448,204.6391704,0
6536,113.6884448,204.6391704,0
6537,113.6884448,204.6391704,0
6538,113.6884448,204.6391704,0
6539,113.6884448,204.6391704,0
6540,113.6884448,204.6391704,0
6541,113.6884448,204.6391704,0
6542,113.6884448,204.6391704,0
6543,113.6884448,204.6391704,0
6544,113.6884448,204.6391704,0
6545,113.6884448,204.6391704,0
6546,113.6884448,204.6391704,0
6547,113.6884448,204.6391704,0
6548,113.6884448,204.6391704,0
6549,113.6884448,204.6391704,0
6550,113.6884448,204.6391704,0
6551,113.6884448,204.6391704,0
6552,113.6884448,204.6391704,0
6553,113.6884448,204.6391704,0
6554,113.6884448,204.6391704,0
6555,113.6884448,204.6391704,0
6556,113.6884448,204.6391704,0
6557,113.6884448,204.6391704,0
6558,113.6884448,204.6391704,0
6559,113.6884448,204.6391704,0
6560,113.6884448,204.6391704,0
6561,113.6884448,204.6391704,0
6562,113.6884448,204.6391704,0
6563,113.6884448,204.6391704,0
6564,113.6884448,204.6391704,0
6565,113.6884448,207.4813811,0
6566,113.6884448,207.4813811,0
6567,113.6884448,207.4813811,0
6568,113.6884448,207.4813811,0
6569,113.6884448,207.4813811,0
6570,113.6884448,207.4813811,0
6571,113.6884448,207.4813811,0
6572,113.6884448,207.4813811,0
6573,113.6884448,207.4813811,0
6574,113.6884448,207.4813811,0
6575,113.6884448,207.4813811,0
6576,113.6884448,207.4813811,0
6577,113.6884448,207.4813811,0
6578,113.6884448,207.4813811,0
6579,113.6884448,207.4813811,0
6580,113.6884448,207.4813811,0
6581,113.6884448,207.4813811,0
6582,113.6884448,207.4813811,0
6583,113.6884448,207.4813811,0
6584,113.6884448,207.4813811,0
6585,113.6884448,207.4813811,0
6586,113.6884448,207.4813811,0
6587,113.6884448,207.4813811,0
6588,113.6884448,207.4813811,0
6589,113.6884448,207.4813811,0
6590,116.5306557,207.4813811,0
6591,116.5306557,207.4813811,0
6592,116.5306557,207.4813811,0
6593,116.5306557,207.4813811,0
6594,116.5306557,207.4813811,0
6595,116.5306557,207.4813811,0
6596,116.5306557,207.4813811,0
6597,116.5306557,207.4813811,0
6598,116.5306557,207.4813811,0
6599,116.5306557,207.4813811,0
6600,116.5306557,207.4813811,0
6601,116.5306557,207.4813811,0
6602,116.5306557,207.4813811,0
6603,116.5306557,207.4813811,0
6604,116.5306557,207.4813811,0
6605,116.5306557,207.4813811,0
6606,116.5306557,207.4813811,0
6607,116.5306557,207.4813811,0
6608,116.5306557,207.4813811,0
6609,116.5306557,207.4813811,0
6610,116.5306557,207.4813811,0
6611,116.5306557,207.4813811,0
6612,116.5306557,207.4813811,0
6613,116.5306557,207.4813811,0
6614,116.5306557,207.4813811,0
6615,116.5306557,207.4813811,0
6616,116.5306557,207.4813811,0
6617,116.5306557,207.4813811,0
6618,116.5306557,207.4813811,0
6619,116.5306557,207.4813811,0
6620,116.5306557,207.4813811,0
6621,116.5306557,207.4813811,0
6622,116.5306557,207.4813811,0
6623,116.5306557,207.4813811,0
6624,116.5306557,207.4813811,0
6625,116.5306557,207.4813811,0
6626,116.5306557,207.4813811,0
6627,116.5306557,207.4813811,0
6628,116.5306557,207.4813811,0
6629,116.5306557,207.4813811,0
6630,116.5306557,207.4813811,0
6631,116.5306557,207.4813811,0
6632,116.5306557,207.4813811,0
6633,116.5306557,207.4813811,0
6634,116.5306557,207.4813811,0
6635,116.5306557,207.4813811,0
6636,116.5306557,207.4813811,0
6637,116.5306557,207.4813811,0
6638,116.5306557,207.4813811,0
6639,116.5306557,207.4813811,0
6640,110.8462336,207.4813811,0
6641,110.8462336,207.4813811,0
6642,110.8462336,207.4813811,0
6643,110.8462336,207.4813811,0
6644,110.8462336,207.4813811,0
6645,110.8462336,207.4813811,0
6646,110.8462336,207.4813811,0
6647,110.8462336,207.4813811,0
6648,110.8462336,207.4813811,0
6649,110.8462336,207.4813811,0
6650,110.8462336,207.4813811,0
6651,110.8462336,207.4813811,0
6652,110.8462336,207.4813811,0
6653,110.8462336,207.4813811,0
6654,110.8462336,207.4813811,0
6655,110.8462336,207.4813811,0
6656,110.8462336,207.4813811,0
6657,110.8462336,207.4813811,0
6658,110.8462336,207.4813811,0
6659,110.8462336,207.4813811,0
6660,110.8462336,207.4813811,0
6661,110.8462336,207.4813811,0
6662,110.8462336,207.4813811,0
6663,110.8462336,207.4813811,0
6664,110.8462336,207.4813811,0
6665,110.8462336,207.4813811,0
6666,110.8462336,207.4813811,0
6667,110.8462336,207.4813811,0
6668,110.8462336,207.4813811,0
6669,110.8462336,207.4813811,0
6670,110.8462336,207.4813811,0
6671,110.8462336,207.4813811,0
6672,110.8462336,207.4813811,0
6673,110.8462336,207.4813811,0
6674,110.8462336,207.4813811,0
6675,110.8462336,207.4813811,0
6676,110.8462336,207.4813811,0
6677,110.8462336,207.4813811,0
6678,110.8462336,207.4813811,0
6679,110.8462336,207.4813811,0
6680,110.8462336,207.4813811,0
6681,110.8462336,207.4813811,0
6682,110.8462336,207.4813811,0
6683,110.8462336,207.4813811,0
6684,110.8462336,207.4813811,0
6685,110.8462336,207.4813811,0
6686,110.8462336,207.4813811,0
6687,110.8462336,207.4813811,0
6688,110.8462336,207.4813811,0
6689,113.6884447,207.4813811,0
6690,113.6884447,207.4813811,0
6691,113.6884447,207.4813811,0
6692,113.6884447,207.4813811,0
6693,113.6884447,207.4813811,0
6694,113.6884447,207.4813811,0
6695,113.6884447,207.4813811,0
6696,113.6884447,207.4813811,0
6697,113.6884447,207.4813811,0
6698,113.6884447,207.4813811,0
6699,113.6884447,207.4813811,0
6700,113.6884447,207.4813811,0
6701,113.6884447,207.4813811,0
6702,113.6884447,207.4813811,0
6703,113.6884447,207.4813811,0
6704,113.6884447,207.4813811,0
6705,113.6884447,207.4813811,0
6706,113.6884447,207.4813811,0
6707,113.6884447,207.4813811,0
6708,113.6884447,207.4813811,0
6709,113.6884447,207.4813811,0
6710,113.6884447,207.4813811,0
6711,113.6884447,207.4813811,0
6712,113.6884447,207.4813811,0
6713,113.6884447,207.4813811,0
6714,113.6884447,207.4813811,0
6715,113.6884447,207.4813811,0
6716,113.6884447,207.4813811,0
6717,113.6884447,207.4813811,0
6718,113.6884447,207.4813811,0
6719,113.6884447,207.4813811,0
6720,113.6884447,207.4813811,0
6721,113.6884447,207.4813811,0
6722,113.6884447,207.4813811,0
6723,113.6884447,207.4813811,0
6724,113.6884447,207.4813811,0
6725,113.6884447,207.4813811,0
6726,113.6884447,207.4813811,0
6727,113.6884447,207.4813811,0
6728,113.6884447,207.4813811,0
6729,113.6884447,207.4813811,0
6730,113.6884448,207.4813811,0
6731,113.6884448,207.4813811,0
6732,113.6884448,207.4813811,0
6733,113.6884448,207.4813811,0
6734,113.6884448,207.4813811,0
6735,113.6884448,207.4813811,0
6736,113.6884448,207.4813811,0
6737,113.6884448,207.4813811,0
6738,113.6884448,207.4813811,0
6739,113.6884448,207.4813811,0
6740,113.6884448,207.4813811,0
6741,113.6884448,207.4813811,0
6742,113.6884448,207.4813811,0
6743,113.6884448,207.4813811,0
6744,113.6884448,207.4813811,0
6745,113.6884448,207.4813811,0
6746,113.6884448,207.4813811,0
6747,113.6884448,207.4813811,0
6748,113.6884448,207.4813811,0
6749,113.6884448,207.4813811,0
6750,113.6884448,207.4813811,0
6751,113.6884448,207.4813811,0
6752,113.6884448,207.4813811,0
6753,113.6884448,207.4813811,0
6754,113.6884448,207.4813811,0
6755,113.6884448,207.4813811,0
6756,113.6884448,207.4813811,0
6757,113.6884448,207.4813811,0
6758,113.6884448,207.4813811,0
6759,113.6884448,207.4813811,0
6760,113.6884448,207.4813811,0
6761,113.6884448,207.4813811,0
6762,113.6884448,207.4813811,0
6763,113.6884448,207.4813811,0
6764,113.6884448,207.4813811,0
6765,113.6884448,207.4813811,0
6766,113.6884448,207.4813811,0
6767,113.6884448,207.4813811,0
6768,113.6884448,207.4813811,0
6769,113.6884448,207.4813811,0
6770,113.6884448,207.4813811,0
6771,113.6884448,207.4813811,0
6772,113.6884448,207.4813811,0
6773,113.6884448,207.4813811,0
6774,113.6884448,207.4813811,0
6775,113.6884448,207.4813811,0
6776,113.6884448,207.4813811,0
6777,113.6884448,207.4813811,0
6778,113.6884448,207.4813811,0
6779,113.6884448,207.4813811,0
6780,110.8462336,207.4813811,0
6781,110.8462336,207.4813811,0
6782,110.8462336,207.4813811,0
6783,110.8462336,207.4813811,0
6784,110.8462336,207.4813811,0
6785,110.8462336,207.4813811,0
6786,110.8462336,207.4813811,0
6787,110.8462336,207.4813811,0
6788,110.8462336,207.4813811,0
6789,110.8462336,207.4813811,0
6790,110.8462336,207.4813811,0
6791,110.8462336,207.4813811,0
6792,110.8462336,207.4813811,0
6793,110.8462336,207.4813811,0
6794,110.8462336,207.4813811,0
6795,110.8462336,207.4813811,0
6796,110.8462336,207.4813811,0
6797,110.8462336,207.4813811,0
6798,110.8462336,207.4813811,0
6799,110.8462336,207.4813811,0
6800,110.8462336,207.4813811,0
6801,110.8462336,207.4813811,0
6802,110.8462336,204.6391704,0
6803,110.8462336,204.6391704,0
6804,110.8462336,204.6391704,0
6805,110.8462336,204.6391704,0
6806,110.8462336,204.6391704,0
6807,110.8462336,204.6391704,0
6808,110.8462336,204.6391704,0
6809,110.8462336,204.6391704,0
6810,110.8462336,204.6391704,0
6811,110.8462336,204.6391704,0
6812,110.8462336,204.6391704,0
6813,110.8462336,204.6391704,0
6814,110.8462336,204.6391704,0
6815,110.8462336,204.6391704,0
6816,110.8462336,204.6391704,0
6817,110.8462336,204.6391704,0
6818,110.8462336,204.6391704,0
6819,110.8462336,204.6391704,0
6820,110.8462336,204.6391704,0
6821,110.8462336,204.6391704,0
6822,110.8462336,204.6391704,0
6823,110.8462336,204.6391704,0
6824,110.8462336,204.6391704,0
6825,110.8462336,204.6391704,0
6826,110.8462336,204.6391704,0
6827,110.8462336,204.6391704,0
6828,110.8462336,204.6391704,0
6829,110.8462336,204.6391704,0
6830,110.8462336,204.6391704,0
6831,110.8462336,204.6391704,0
6832,110.8462336,204.6391704,0
6833,110.8462336,204.6391704,0
6834,110.8462336,204.6391704,0
6835,110.8462336,204.6391704,0
6836,110.8462336,204.6391704,0
6837,110.8462336,204.6391704,0
6838,110.8462336,204.6391704,0
6839,110.8462336,204.6391704,0
6840,110.8462336,204.6391704,0
6841,110.8462336,204.6391704,0
6842,110.8462336,204.6391704,0
6843,110.8462336,204.6391704,0
6844,110.8462336,204.6391704,0
6845,110.8462336,204.6391704,0
6846,110.8462336,207.4813811,0
6847,110.8462336,207.4813811,0
6848,110.8462336,207.4813811,0
6849,110.8462336,207.4813811,0
6850,110.8462336,207.4813811,0
6851,110.8462336,207.4813811,0
6852,110.8462336,207.4813811,0
6853,110.8462336,207.4813811,0
6854,110.8462336,207.4813811,0
6855,110.8462336,207.4813811,0
6856,110.8462336,207.4813811,0
6857,110.8462336,207.4813811,0
6858,110.8462336,207.4813811,0
6859,110.8462336,207.4813811,0
6860,108.0040225,207.4813811,0
6861,108.0040225,207.4813811,0
6862,108.0040225,207.4813811,0
6863,108.0040225,207.4813811,0
6864,108.0040225,207.4813811,0
6865,108.0040225,207.4813811,0
6866,108.0040225,207.4813811,0
6867,108.0040225,207.4813811,0
6868,108.0040225,207.4813811,0
6869,108.0040225,207.4813811,0
6870,108.0040225,207.4813811,0
6871,108.0040225,207.4813811,0
6872,108.0040225,207.4813811,0
6873,113.6884448,207.4813811,0
6874,113.6884448,207.4813811,0
6875,113.6884448,207.4813811,0
6876,113.6884448,207.4813811,0
6877,113.6884448,207.4813811,0
6878,113.6884448,207.4813811,0
6879,113.6884448,207.4813811,0
6880,113.6884448,207.4813811,0
6881,113.6884448,207.4813811,0
6882,113.6884448,207.4813811,0
6883,113.6884448,207.4813811,0
6884,113.6884448,207.4813811,0
6885,113.6884448,207.4813811,0
6886,113.6884448,207.4813811,0
6887,113.6884448,207.4813811,0
6888,113.6884448,207.4813811,0
6889,113.6884448,207.4813811,0
6890,113.6884448,207.4813811,0
6891,113.6884448,207.4813811,0
6892,113.6884448,207.4813811,0
6893,113.6884448,207.4813811,0
6894,113.6884448,207.4813811,0
6895,113.6884448,207.4813811,0
6896,113.6884448,204.6391704,0
6897,113.6884448,204.6391704,0
6898,113.6884448,204.6391704,0
6899,113.6884448,204.6391704,0
6900,113.6884448,204.6391704,0
6901,113.6884448,204.6391704,0
6902,113.6884448,204.6391704,0
6903,113.6884448,204.6391704,0
6904,113.6884448,204.6391704,0
6905,113.6884448,204.6391704,0
6906,113.6884448,204.6391704,0
6907,113.6884448,204.6391704,0
6908,113.6884448,204.6391704,0
6909,113.6884448,204.6391704,0
6910,113.6884448,204.6391704,0
6911,113.6884448,204.6391704,0
6912,113.6884448,204.6391704,0
6913,113.6884448,204.6391704,0
6914,113.6884448,204.6391704,0
6915,113.6884448,204.6391704,0
6916,113.6884448,204.6391704,0
6917,113.6884448,204.6391704,0
6918,113.6884448,204.6391704,0
6919,113.6884448,204.6391704,0
6920,113.6884448,204.6391704,0
6921,113.6884448,204.6391704,0
6922,113.6884448,204.6391704,0
6923,113.6884447,204.6391704,0
6924,113.6884447,204.6391704,0
6925,113.6884447,204.6391704,0
6926,113.6884447,201.7969597,0
6927,113.6884447,204.6391704,0
6928,110.8462336,204.6391704,0
6929,110.8462336,204.6391704,0
6930,110.8462336,204.6391704,0
6931,110.8462336,204.6391704,0
6932,110.8462336,204.6391704,0
6933,110.8462336,204.6391704,0
6934,110.8462336,204.6391704,0
6935,110.8462336,204.6391704,0
6936,110.8462336,204.6391704,0
6937,110.8462336,204.6391704,0
6938,110.8462336,204.6391704,0
6939,110.8462336,204.6391704,0
6940,110.8462336,204.6391704,0
6941,110.8462336,204.6391704,0
6942,110.8462336,204.6391704,0
6943,110.8462336,204.6391704,0
6944,110.8462336,204.6391704,0
6945,110.8462336,204.6391704,0
6946,110.8462336,204.6391704,0
6947,110.8462336,204.6391704,0
6948,110.8462336,204.6391704,0
6949,110.8462336,204.6391704,0
6950,110.8462336,204.6391704,0
6951,110.8462336,204.6391704,0
6952,110.8462336,204.6391704,0
6953,110.8462336,204.6391704,0
6954,110.8462336,204.6391704,0
6955,110.8462336,204.6391704,0
6956,110.8462336,204.6391704,0
6957,110.8462336,204.6391704,0
6958,110.8462336,204.6391704,0
6959,110.8462336,204.6391704,0
6960,110.8462336,204.6391704,0
6961,110.8462336,204.6391704,0
6962,110.8462336,204.6391704,0
6963,110.8462336,204.6391704,0
6964,110.8462336,204.6391704,0
6965,110.8462336,204.6391704,0
6966,110.8462336,204.6391704,0
6967,110.8462336,204.6391704,0
6968,110.8462336,204.6391704,0
6969,110.8462336,204.6391704,0
6970,110.8462336,204.6391704,0
6971,110.8462336,204.6391704,0
6972,113.6884447,204.6391704,0
6973,113.6884447,204.6391704,0
6974,113.6884447,204.6391704,0
6975,113.6884447,204.6391704,0
6976,113.6884447,204.6391704,0
6977,113.6884447,204.6391704,0
6978,113.6884447,204.6391704,0
6979,113.6884447,204.6391704,0
6980,113.6884447,204.6391704,0
6981,113.6884447,204.6391704,0
6982,113.6884447,204.6391704,0
6983,113.6884447,204.6391704,0
6984,113.6884447,204.6391704,0
6985,113.6884447,204.6391704,0
6986,113.6884447,207.4813811,0
6987,113.6884448,207.4813811,0
6988,113.6884448,207.4813811,0
6989,113.6884448,207.4813811,0
6990,113.6884448,207.4813811,0
6991,113.6884448,207.4813811,0
6992,113.6884448,207.4813811,0
6993,113.6884448,207.4813811,0
6994,113.6884448,207.4813811,0
6995,113.6884448,207.4813811,0
6996,113.6884448,207.4813811,0
6997,113.6884448,207.4813811,0
6998,113.6884448,207.4813811,0
6999,113.6884448,207.4813811,0
7000,113.6884448,207.4813811,0
7001,113.6884448,207.4813811,0
7002,113.6884448,207.4813811,0
7003,113.6884448,207.4813811,0
7004,113.6884448,207.4813811,0
7005,113.6884448,207.4813811,0
7006,113.6884448,207.4813811,0
7007,113.6884448,207.4813811,0
7008,113.6884448,207.4813811,0
7009,113.6884448,207.4813811,0
7010,113.6884448,207.4813811,0
7011,113.6884448,207.4813811,0
7012,113.6884448,207.4813811,0
7013,113.6884448,207.4813811,0
7014,113.6884448,207.4813811,0
7015,113.6884448,207.4813811,0
7016,113.6884448,207.4813811,0
7017,113.6884448,207.4813811,0
7018,113.6884448,207.4813811,0
7019,113.6884448,207.4813811,0
7020,113.6884448,207.4813811,0
7021,113.6884448,207.4813811,0
7022,113.6884448,207.4813811,0
7023,113.6884448,207.4813811,0
7024,113.6884448,207.4813811,0
7025,113.6884448,207.4813811,0
7026,113.6884448,207.4813811,0
7027,113.6884448,207.4813811,0
7028,113.6884448,207.4813811,0
7029,113.6884448,207.4813811,0
7030,113.6884448,207.4813811,0
7031,113.6884448,207.4813811,0
7032,113.6884448,207.4813811,0
7033,113.6884448,207.4813811,0
7034,113.6884448,207.4813811,0
7035,113.6884448,207.4813811,0
7036,113.6884448,204.6391704,0
7037,113.6884448,204.6391704,0
7038,108.0040225,204.6391704,0
7039,108.0040225,204.6391704,0
7040,108.0040225,204.6391704,0
7041,108.0040225,204.6391704,0
7042,108.0040225,204.6391704,0
7043,108.0040225,204.6391704,0
7044,110.8462336,204.6391704,0
7045,110.8462336,204.6391704,0
7046,110.8462336,204.6391704,0
7047,110.8462336,204.6391704,0
7048,113.6884446,204.6391704,0
7049,113.6884446,204.6391704,0
7050,113.6884446,204.6391704,0
7051,113.6884446,204.6391704,0
7052,113.6884446,204.6391704,0
7053,113.6884446,204.6391704,0
7054,113.6884446,204.6391704,0
7055,113.6884446,204.6391704,0
7056,113.6884446,204.6391704,0
7057,113.6884446,204.6391704,0
7058,113.6884446,204.6391704,0
7059,113.6884446,204.6391704,0
7060,113.6884446,204.6391704,0
7061,113.6884446,207.4813811,0
7062,113.6884446,207.4813811,0
7063,113.6884446,207.4813811,0
7064,113.6884446,207.4813811,0
7065,113.6884446,207.4813811,0
7066,113.6884446,207.4813811,0
7067,113.6884446,207.4813811,0
7068,113.6884446,207.4813811,0
7069,113.6884446,207.4813811,0
7070,113.6884446,207.4813811,0
7071,113.6884446,207.4813811,0
7072,113.6884446,207.4813811,0
7073,113.6884446,207.4813811,0
7074,113.6884446,207.4813811,0
7075,113.6884446,207.4813811,0
7076,113.6884446,207.4813811,0
7077,116.5306558,207.4813811,0
7078,116.5306558,207.4813811,0
7079,116.5306558,207.4813811,0
7080,116.5306558,207.4813811,0
7081,116.5306558,207.4813811,0
7082,116.5306558,207.4813811,0
7083,116.5306558,207.4813811,0
7084,116.5306558,207.4813811,0
7085,116.5306558,207.4813811,0
7086,116.5306558,207.4813811,0
7087,116.5306558,207.4813811,0
7088,116.5306558,207.4813811,0
7089,116.5306558,207.4813811,0
7090,116.5306558,207.4813811,0
7091,116.5306558,207.4813811,0
7092,116.5306558,207.4813811,0
7093,116.5306558,207.4813811,0
7094,116.5306558,207.4813811,0
7095,116.5306558,207.4813811,0
7096,116.5306558,207.4813811,0
7097,116.5306558,207.4813811,0
7098,116.5306558,207.4813811,0
7099,116.5306558,207.4813811,0
7100,116.5306558,207.4813811,0
7101,116.5306558,207.4813811,0
7102,116.5306558,207.4813811,0
7103,116.5306558,207.4813811,0
7104,116.5306558,207.4813811,0
7105,116.5306558,207.4813811,0
7106,116.5306558,207.4813811,0
7107,116.5306558,207.4813811,0
7108,116.5306558,207.4813811,0
7109,116.5306558,207.4813811,0
7110,116.5306558,207.4813811,0
7111,116.5306558,204.6391704,0
7112,116.5306558,204.6391704,0
7113,116.5306558,204.6391704,0
7114,116.5306558,204.6391704,0
7115,116.5306558,207.4813811,0
7116,116.5306558,207.4813811,0
7117,116.5306558,207.4813811,0
7118,116.5306558,207.4813811,0
7119,116.5306558,207.4813811,0
7120,116.5306558,207.4813811,0
7121,116.5306558,207.4813811,0
7122,116.5306558,207.4813811,0
7123,116.5306558,207.4813811,0
7124,116.5306558,207.4813811,0
7125,116.5306558,207.4813811,0
7126,116.5306558,207.4813811,0
7127,113.6884448,207.4813811,0
7128,113.6884448,207.4813811,0
7129,113.6884448,207.4813811,0
7130,113.6884448,207.4813811,0
7131,113.6884448,207.4813811,0
7132,113.6884448,207.4813811,0
7133,113.6884448,207.4813811,0
7134,113.6884448,207.4813811,0
7135,113.6884448,207.4813811,0
7136,113.6884448,207.4813811,0
7137,113.6884448,207.4813811,0
7138,113.6884448,207.4813811,0
7139,113.6884448,207.4813811,0
7140,113.6884448,207.4813811,0
7141,113.6884448,207.4813811,0
7142,113.6884448,207.4813811,0
7143,113.6884448,207.4813811,0
7144,113.6884448,207.4813811,0
7145,113.6884448,207.4813811,0
7146,113.6884448,207.4813811,0
7147,113.6884448,207.4813811,0
7148,113.6884448,207.4813811,0
7149,113.6884448,207.4813811,0
7150,113.6884448,207.4813811,0
7151,113.6884448,207.4813811,0
7152,113.6884448,207.4813811,0
7153,113.6884448,207.4813811,0
7154,113.6884448,207.4813811,0
7155,113.6884448,207.4813811,0
7156,113.6884448,207.4813811,0
7157,113.6884448,207.4813811,0
7158,113.6884448,207.4813811,0
7159,113.6884448,207.4813811,0
7160,113.6884448,207.4813811,0
7161,113.6884448,207.4813811,0
7162,113.6884448,207.4813811,0
7163,113.6884448,207.4813811,0
7164,113.6884448,207.4813811,0
7165,113.6884448,207.4813811,0
7166,113.6884448,207.4813811,0
7167,113.6884448,207.4813811,0
7168,113.6884448,207.4813811,0
7169,113.6884448,207.4813811,0
7170,113.6884448,207.4813811,0
7171,113.6884448,207.4813811,0
7172,113.6884448,207.4813811,0
7173,113.6884448,207.4813811,0
7174,113.6884448,207.4813811,0
7175,113.6884448,207.4813811,0
7176,113.6884448,207.4813811,0
7177,113.6884448,207.4813811,0
7178,113.6884448,207.4813811,0
7179,113.6884448,207.4813811,0
7180,113.6884448,207.4813811,0
7181,113.6884448,207.4813811,0
7182,113.6884448,207.4813811,0
7183,113.6884448,207.4813811,0
7184,113.6884448,207.4813811,0
7185,113.6884448,207.4813811,0
7186,113.6884448,207.4813811,0
7187,113.6884448,207.4813811,0
7188,113.6884448,207.4813811,0
7189,113.6884448,207.4813811,0
7190,113.6884448,207.4813811,0
7191,113.6884448,207.4813811,0
7192,113.6884448,207.4813811,0
7193,113.6884448,207.4813811,0
7194,113.6884448,207.4813811,0
7195,113.6884448,207.4813811,0
7196,113.6884448,207.4813811,0
7197,113.6884448,207.4813811,0
7198,113.6884448,207.4813811,0
7199,113.6884448,207.4813811,0
7200,113.6884448,207.4813811,0
7201,113.6884448,207.4813811,0
7202,113.6884448,207.4813811,0
7203,113.6884448,207.4813811,0
7204,113.6884448,207.4813811,0
7205,113.6884448,207.4813811,0
7206,113.6884448,207.4813811,0
7207,113.6884448,207.4813811,0
7208,113.6884448,207.4813811,0
7209,113.6884448,207.4813811,0
7210,113.6884448,207.4813811,0
7211,113.6884448,204.6391704,0
7212,113.6884448,204.6391704,0
7213,113.6884448,204.6391704,0
7214,113.6884448,204.6391704,0
7215,113.6884448,204.6391704,0
7216,113.6884448,204.6391704,0
7217,113.6884448,204.6391704,0
7218,113.6884448,204.6391704,0
7219,113.6884448,204.6391704,0
7220,113.6884448,204.6391704,0
7221,113.6884448,204.6391704,0
7222,113.6884448,204.6391704,0
7223,113.6884448,204.6391704,0
7224,113.6884448,204.6391704,0
7225,113.6884448,204.6391704,0
7226,113.6884448,204.6391704,0
7227,113.6884448,207.4813811,0
7228,113.6884448,207.4813811,0
7229,113.6884448,207.4813811,0
7230,113.6884448,207.4813811,0
7231,113.6884448,207.4813811,0
7232,113.6884448,207.4813811,0
7233,113.6884448,207.4813811,0
7234,113.6884448,207.4813811,0
7235,113.6884448,207.4813811,0
7236,113.6884448,207.4813811,0
7237,113.6884448,207.4813811,0
7238,113.6884448,207.4813811,0
7239,113.6884448,207.4813811,0
7240,113.6884448,207.4813811,0
7241,113.6884448,207.4813811,0
7242,113.6884448,207.4813811,0
7243,113.6884448,207.4813811,0
7244,113.6884448,207.4813811,0
7245,113.6884448,207.4813811,0
7246,113.6884448,207.4813811,0
7247,113.6884448,207.4813811,0
7248,113.6884448,207.4813811,0
7249,113.6884448,207.4813811,0
7250,113.6884448,207.4813811,0
7251,113.6884448,207.4813811,0
7252,113.6884448,207.4813811,0
7253,113.6884448,210.3235918,0
7254,113.6884448,210.3235918,0
7255,113.6884448,210.3235918,0
7256,113.6884448,210.3235918,0
7257,113.6884448,210.3235918,0
7258,113.6884448,210.3235918,0
7259,113.6884448,210.3235918,0
7260,113.6884448,210.3235918,0
7261,113.6884448,210.3235918,0
7262,113.6884448,210.3235918,0
7263,113.6884448,210.3235918,0
7264,113.6884448,210.3235918,0
7265,113.6884448,210.3235918,0
7266,113.6884448,210.3235918,0
7267,113.6884448,210.3235918,0
7268,113.6884448,210.3235918,0
7269,113.6884448,210.3235918,0
7270,113.6884448,210.3235918,0
7271,113.6884448,210.3235918,0
7272,113.6884448,210.3235918,0
7273,113.6884448,210.3235918,0
7274,113.6884448,210.3235918,0
7275,113.6884448,210.3235918,0
7276,113.6884448,210.3235918,0
7277,113.6884448,210.3235918,0
7278,113.6884448,210.3235918,0
7279,113.6884448,210.3235918,0
7280,113.6884448,210.3235918,0
7281,113.6884448,210.3235918,0
7282,113.6884448,210.3235918,0
7283,113.6884448,210.3235918,0
7284,113.6884448,210.3235918,0
7285,113.6884448,210.3235918,0
7286,113.6884448,210.3235918,0
7287,113.6884448,210.3235918,0
7288,113.6884448,210.3235918,0
7289,113.6884448,210.3235918,0
7290,113.6884448,210.3235918,0
7291,113.6884448,210.3235918,0
7292,113.6884448,210.3235918,0
7293,113.6884448,210.3235918,0
7294,113.6884448,210.3235918,0
7295,113.6884448,210.3235918,0
7296,113.6884448,210.3235918,0
7297,113.6884448,210.3235918,0
7298,113.6884448,210.3235918,0
7299,113.6884448,210.3235918,0
7300,113.6884448,210.3235918,0
7301,113.6884448,210.3235918,0
7302,113.6884448,210.3235918,0
7303,113.6884448,207.4813811,0
7304,113.6884448,207.4813811,0
7305,113.6884448,207.4813811,0
7306,113.6884448,207.4813811,0
7307,113.6884448,207.4813811,0
7308,113.6884448,204.6391704,0
7309,113.6884448,204.6391704,0
7310,113.6884448,204.6391704,0
7311,110.8462336,204.6391704,0
7312,110.8462336,204.6391704,0
7313,110.8462336,204.6391704,0
7314,110.8462336,204.6391704,0
7315,113.6884446,204.6391704,0
7316,113.6884446,204.6391704,0
7317,113.6884446,204.6391704,0
7318,113.6884446,204.6391704,0
7319,113.6884446,204.6391704,0
7320,113.6884446,204.6391704,0
7321,113.6884446,204.6391704,0
7322,113.6884446,204.6391704,0
7323,113.6884446,204.6391704,0
7324,113.6884446,204.6391704,0
7325,113.6884446,204.6391704,0
7326,113.6884446,204.6391704,0
7327,113.6884446,207.4813811,0
7328,113.6884446,207.4813811,0
7329,113.6884446,207.4813811,0
7330,113.6884446,207.4813811,0
7331,113.6884446,207.4813811,0
7332,113.6884446,207.4813811,0
7333,113.6884446,207.4813811,0
7334,113.6884446,207.4813811,0
7335,113.6884446,207.4813811,0
7336,113.6884446,207.4813811,0
7337,113.6884446,207.4813811,0
7338,113.6884446,207.4813811,0
7339,113.6884446,207.4813811,0
7340,113.6884446,207.4813811,0
7341,113.6884446,207.4813811,0
7342,113.6884448,207.4813811,0
7343,113.6884448,207.4813811,0
7344,113.6884448,207.4813811,0
7345,113.6884448,207.4813811,0
7346,113.6884448,207.4813811,0
7347,113.6884448,207.4813811,0
7348,113.6884448,207.4813811,0
7349,113.6884448,207.4813811,0
7350,113.6884448,207.4813811,0
7351,113.6884448,207.4813811,0
7352,113.6884448,207.4813811,0
7353,113.6884448,207.4813811,0
7354,113.6884448,207.4813811,0
7355,113.6884448,207.4813811,0
7356,113.6884448,207.4813811,0
7357,113.6884448,207.4813811,0
7358,113.6884448,207.4813811,0
7359,113.6884448,207.4813811,0
7360,113.6884448,207.4813811,0
7361,113.6884448,207.4813811,0
7362,113.6884448,207.4813811,0
7363,113.6884448,207.4813811,0
7364,113.6884448,207.4813811,0
7365,113.6884448,207.4813811,0
7366,113.6884448,207.4813811,0
7367,113.6884448,207.4813811,0
7368,113.6884448,207.4813811,0
7369,113.6884448,207.4813811,0
7370,113.6884448,207.4813811,0
7371,116.5306559,207.4813811,0
7372,116.5306559,207.4813811,0
7373,116.5306559,207.4813811,0
7374,116.5306559,207.4813811,0
7375,116.5306559,207.4813811,0
7376,116.5306559,207.4813811,0
7377,116.5306559,207.4813811,0
7378,116.5306559,207.4813811,0
7379,116.5306559,207.4813811,0
7380,116.5306559,207.4813811,0
7381,116.5306559,207.4813811,0
7382,116.5306559,207.4813811,0
7383,116.5306559,207.4813811,0
7384,116.5306559,207.4813811,0
7385,116.5306559,207.4813811,0
7386,116.5306559,207.4813811,0
7387,116.5306559,207.4813811,0
7388,116.5306559,207.4813811,0
7389,116.5306559,207.4813811,0
7390,116.5306559,207.4813811,0
7391,116.5306559,207.4813811,0
7392,116.5306559,207.4813811,0
7393,116.5306559,207.4813811,0
7394,116.5306559,207.4813811,0
7395,116.5306559,207.4813811,0
7396,116.5306559,207.4813811,0
7397,116.5306559,207.4813811,0
7398,116.5306559,207.4813811,0
7399,116.5306559,207.4813811,0
7400,116.5306559,207.4813811,0
7401,116.5306559,207.4813811,0
7402,116.5306559,207.4813811,0
7403,116.5306559,207.4813811,0
7404,116.5306559,207.4813811,0
7405,116.5306559,207.4813811,0
7406,116.5306559,207.4813811,0
7407,116.5306559,210.3235918,0
7408,116.5306559,210.3235918,0
7409,116.5306559,210.3235918,0
7410,116.5306559,210.3235918,0
7411,116.5306559,210.3235918,0
7412,116.5306559,210.3235918,0
7413,116.5306559,210.3235918,0
7414,116.5306559,210.3235918,0
7415,116.5306559,210.3235918,0
7416,116.5306559,210.3235918,0
7417,116.5306559,210.3235918,0
7418,116.5306559,210.3235918,0
7419,116.5306559,210.3235918,0
7420,116.5306559,210.3235918,0
7421,113.6884446,210.3235918,0
7422,113.6884446,210.3235918,0
7423,113.6884446,210.3235918,0
7424,113.6884446,210.3235918,0
7425,113.6884446,210.3235918,0
7426,113.6884446,210.3235918,0
7427,113.6884446,210.3235918,0
7428,113.6884446,210.3235918,0
7429,113.6884446,210.3235918,0
7430,113.6884446,210.3235918,0
7431,113.6884446,210.3235918,0
7432,113.6884447,210.3235918,0
7433,113.6884447,210.3235918,0
7434,113.6884447,210.3235918,0
7435,113.6884447,210.3235918,0
7436,113.6884447,210.3235918,0
7437,113.6884447,210.3235918,0
7438,113.6884447,210.3235918,0
7439,113.6884447,210.3235918,0
7440,113.6884447,210.3235918,0
7441,113.6884447,210.3235918,0
7442,113.6884447,210.3235918,0
7443,113.6884447,210.3235918,0
7444,113.6884447,210.3235918,0
7445,113.6884447,210.3235918,0
7446,113.6884447,210.3235918,0
7447,113.6884447,210.3235918,0
7448,113.6884447,210.3235918,0
7449,113.6884447,210.3235918,0
7450,113.6884447,210.3235918,0
7451,113.6884447,210.3235918,0
7452,113.6884447,210.3235918,0
7453,113.6884448,210.3235918,0
7454,113.6884448,210.3235918,0
7455,113.6884448,210.3235918,0
7456,113.6884448,210.3235918,0
7457,113.6884448,204.6391704,0
7458,113.6884448,204.6391704,0
7459,113.6884448,204.6391704,0
7460,113.6884448,204.6391704,0
7461,113.6884448,204.6391704,0
7462,113.6884448,204.6391704,0
7463,113.6884448,204.6391704,0
7464,113.6884448,204.6391704,0
7465,113.6884448,204.6391704,0
7466,113.6884448,204.6391704,0
7467,113.6884448,204.6391704,0
7468,113.6884448,204.6391704,0
7469,113.6884448,204.6391704,0
7470,113.6884448,204.6391704,0
7471,113.6884448,204.6391704,0
7472,113.6884448,204.6391704,0
7473,113.6884448,204.6391704,0
7474,113.6884448,204.6391704,0
7475,113.6884448,204.6391704,0
7476,113.6884448,204.6391704,0
7477,113.6884448,204.6391704,0
7478,113.6884448,204.6391704,0
7479,113.6884448,204.6391704,0
7480,113.6884448,204.6391704,0
7481,113.6884448,204.6391704,0
7482,113.6884448,204.6391704,0
7483,113.6884448,204.6391704,0
7484,113.6884448,204.6391704,0
7485,113.6884448,204.6391704,0
7486,113.6884448,204.6391704,0
7487,113.6884448,204.6391704,0
7488,113.6884448,204.6391704,0
7489,113.6884448,204.6391704,0
7490,113.6884448,204.6391704,0
7491,113.6884448,204.6391704,0
7492,113.6884448,204.6391704,0
7493,113.6884448,204.6391704,0
7494,113.6884448,204.6391704,0
7495,113.6884448,204.6391704,0
7496,113.6884448,204.6391704,0
7497,113.6884448,204.6391704,0
7498,113.6884448,204.6391704,0
7499,113.6884448,204.6391704,0
7500,113.6884448,204.6391704,0
7501,113.6884448,204.6391704,0
7502,113.6884448,204.6391704,0
7503,113.6884446,204.6391704,0
7504,113.6884446,204.6391704,0
7505,113.6884446,204.6391704,0
7506,113.6884446,204.6391704,0
7507,113.6884446,204.6391704,0
7508,113.6884446,204.6391704,0
7509,113.6884446,204.6391704,0
7510,113.6884446,204.6391704,0
7511,113.6884446,204.6391704,0
7512,113.6884446,204.6391704,0
7513,113.6884446,204.6391704,0
7514,113.6884446,204.6391704,0
7515,113.6884446,204.6391704,0
7516,113.6884446,204.6391704,0
7517,113.6884446,204.6391704,0
7518,113.6884446,204.6391704,0
7519,113.6884446,204.6391704,0
7520,113.6884446,204.6391704,0
7521,113.6884446,204.6391704,0
7522,113.6884446,204.6391704,0
7523,113.6884446,204.6391704,0
7524,113.6884446,204.6391704,0
7525,113.6884446,204.6391704,0
7526,113.6884446,204.6391704,0
7527,113.6884446,204.6391704,0
7528,113.6884446,204.6391704,0
7529,113.6884446,204.6391704,0
7530,113.6884446,204.6391704,0
7531,113.6884446,204.6391704,0
7532,113.6884446,204.6391704,0
7533,113.6884446,204.6391704,0
7534,113.6884446,204.6391704,0
7535,113.6884446,204.6391704,0
7536,113.6884446,204.6391704,0
7537,113.6884446,204.6391704,0
7538,113.6884446,204.6391704,0
7539,113.6884446,204.6391704,0
7540,110.8462336,204.6391704,0
7541,110.8462336,204.6391704,0
7542,110.8462336,204.6391704,0
7543,110.8462336,204.6391704,0
7544,110.8462336,204.6391704,0
7545,110.8462336,204.6391704,0
7546,110.8462336,204.6391704,0
7547,110.8462336,204.6391704,0
7548,110.8462336,204.6391704,0
7549,110.8462336,204.6391704,0
7550,110.8462336,204.6391704,0
7551,110.8462336,204.6391704,0
7552,110.8462336,204.6391704,0
7553,110.8462336,204.6391704,0
7554,110.8462336,204.6391704,0
7555,110.8462336,204.6391704,0
7556,110.8462336,204.6391704,0
7557,110.8462336,204.6391704,0
7558,110.8462336,204.6391704,0
7559,110.8462336,204.6391704,0
7560,110.8462336,204.6391704,0
7561,110.8462336,204.6391704,0
7562,110.8462336,207.4813811,0
7563,110.8462336,207.4813811,0
7564,110.8462336,207.4813811,0
7565,110.8462336,207.4813811,0
7566,110.8462336,207.4813811,0
7567,110.8462336,207.4813811,0
7568,110.8462336,207.4813811,0
7569,110.8462336,207.4813811,0
7570,110.8462336,207.4813811,0
7571,110.8462336,207.4813811,0
7572,110.8462336,207.4813811,0
7573,110.8462336,207.4813811,0
7574,110.8462336,207.4813811,0
7575,110.8462336,207.4813811,0
7576,110.8462336,207.4813811,0
7577,110.8462336,207.4813811,0
7578,110.8462336,207.4813811,0
7579,110.8462336,207.4813811,0
7580,110.8462336,207.4813811,0
7581,110.8462336,207.4813811,0
7582,110.8462336,207.4813811,0
7583,110.8462336,207.4813811,0
7584,110.8462336,207.4813811,0
7585,110.8462336,207.4813811,0
7586,110.8462336,207.4813811,0
7587,110.8462336,207.4813811,0
7588,110.8462336,207.4813811,0
7589,110.8462336,207.4813811,0
7590,110.8462336,207.4813811,0
7591,110.8462336,207.4813811,0
7592,110.8462336,207.4813811,0
7593,110.8462336,207.4813811,0
7594,110.8462336,207.4813811,0
7595,110.8462336,207.4813811,0
7596,110.8462336,207.4813811,0
7597,110.8462336,207.4813811,0
7598,110.8462336,207.4813811,0
7599,110.8462336,207.4813811,0
7600,110.8462336,207.4813811,0
7601,110.8462336,207.4813811,0
7602,110.8462336,207.4813811,0
7603,110.8462336,207.4813811,0
7604,110.8462336,207.4813811,0
7605,110.8462336,207.4813811,0
7606,110.8462336,207.4813811,0
7607,110.8462336,207.4813811,0
7608,110.8462336,207.4813811,0
7609,110.8462336,207.4813811,0
7610,110.8462336,207.4813811,0
7611,110.8462336,207.4813811,0
7612,110.8462336,204.6391704,0
7613,110.8462336,204.6391704,0
7614,110.8462336,204.6391704,0
7615,110.8462336,204.6391704,0
7616,110.8462336,204.6391704,0
7617,110.8462336,204.6391704,0
7618,110.8462336,204.6391704,0
7619,110.8462336,204.6391704,0
7620,110.8462336,204.6391704,0
7621,110.8462336,204.6391704,0
7622,110.8462336,204.6391704,0
7623,110.8462336,204.6391704,0
7624,110.8462336,204.6391704,0
7625,110.8462336,204.6391704,0
7626,110.8462336,204.6391704,0
7627,110.8462336,204.6391704,0
7628,110.8462336,204.6391704,0
7629,110.8462336,204.6391704,0
7630,110.8462336,204.6391704,0
7631,110.8462336,204.6391704,0
7632,110.8462336,204.6391704,0
7633,110.8462336,204.6391704,0
7634,110.8462336,204.6391704,0
7635,110.8462336,204.6391704,0
7636,110.8462336,204.6391704,0
7637,110.8462336,204.6391704,0
7638,110.8462336,204.6391704,0
7639,110.8462336,204.6391704,0
7640,110.8462336,204.6391704,0
7641,110.8462336,204.6391704,0
7642,110.8462336,204.6391704,0
7643,110.8462336,204.6391704,0
7644,110.8462336,204.6391704,0
7645,110.8462336,204.6391704,0
7646,110.8462336,204.6391704,0
7647,110.8462336,204.6391704,0
7648,110.8462336,204.6391704,0
7649,110.8462336,204.6391704,0
7650,110.8462336,204.6391704,0
7651,110.8462336,204.6391704,0
7652,110.8462336,204.6391704,0
7653,110.8462336,204.6391704,0
7654,110.8462336,204.6391704,0
7655,110.8462336,204.6391704,0
7656,110.8462336,204.6391704,0
7657,110.8462336,204.6391704,0
7658,110.8462336,204.6391704,0
7659,110.8462336,204.6391704,0
7660,110.8462336,204.6391704,0
7661,110.8462336,204.6391704,0
7662,110.8462336,204.6391704,0
7663,110.8462336,204.6391704,0
7664,110.8462336,204.6391704,0
7665,110.8462336,204.6391704,0
7666,110.8462336,204.6391704,0
7667,110.8462336,204.6391704,0
7668,110.8462336,204.6391704,0
7669,110.8462336,204.6391704,0
7670,110.8462336,204.6391704,0
7671,110.8462336,204.6391704,0
7672,110.8462336,204.6391704,0
7673,110.8462336,204.6391704,0
7674,110.8462336,204.6391704,0
7675,110.8462336,204.6391704,0
7676,110.8462336,204.6391704,0
7677,110.8462336,204.6391704,0
7678,110.8462336,204.6391704,0
7679,110.8462336,204.6391704,0
7680,110.8462336,204.6391704,0
7681,110.8462336,204.6391704,0
7682,108.0040225,204.6391704,0
7683,108.0040225,204.6391704,0
7684,108.0040225,204.6391704,0
7685,108.0040225,204.6391704,0
7686,108.0040225,204.6391704,0
7687,108.0040225,204.6391704,0
7688,108.0040225,204.6391704,0
7689,108.0040225,204.6391704,0
7690,108.0040225,204.6391704,0
7691,110.8462336,204.6391704,0
7692,110.8462336,204.6391704,0
7693,110.8462336,204.6391704,0
7694,110.8462336,204.6391704,0
7695,110.8462336,204.6391704,0
7696,110.8462336,204.6391704,0
7697,110.8462336,204.6391704,0
7698,110.8462336,204.6391704,0
7699,110.8462336,204.6391704,0
7700,110.8462336,204.6391704,0
7701,110.8462336,204.6391704,0
7702,110.8462336,204.6391704,0
7703,110.8462336,204.6391704,0
7704,110.8462336,204.6391704,0
7705,110.8462336,204.6391704,0
7706,110.8462336,204.6391704,0
7707,110.8462336,204.6391704,0
7708,110.8462336,204.6391704,0
7709,110.8462336,204.6391704,0
7710,110.8462336,204.6391704,0
7711,110.8462336,204.6391704,0
7712,110.8462336,204.6391704,0
7713,110.8462336,204.6391704,0
7714,110.8462336,204.6391704,0
7715,110.8462336,204.6391704,0
7716,110.8462336,204.6391704,0
7717,110.8462336,204.6391704,0
7718,110.8462336,204.6391704,0
7719,110.8462336,204.6391704,0
7720,110.8462336,204.6391704,0
7721,110.8462336,204.6391704,0
7722,110.8462336,204.6391704,0
7723,110.8462336,204.6391704,0
7724,110.8462336,204.6391704,0
7725,110.8462336,204.6391704,0
7726,110.8462336,204.6391704,0
7727,110.8462336,204.6391704,0
7728,110.8462336,204.6391704,0
7729,110.8462336,204.6391704,0
7730,110.8462336,204.6391704,0
7731,110.8462336,204.6391704,0
7732,110.8462336,204.6391704,0
7733,110.8462336,204.6391704,0
7734,110.8462336,204.6391704,0
7735,110.8462336,204.6391704,0
7736,110.8462336,204.6391704,0
7737,110.8462336,204.6391704,0
7738,110.8462336,204.6391704,0
7739,110.8462336,204.6391704,0
7740,110.8462336,204.6391704,0
7741,108.0040224,204.6391704,0
7742,108.0040224,204.6391704,0
7743,108.0040224,204.6391704,0
7744,108.0040224,204.6391704,0
7745,108.0040224,204.6391704,0
7746,108.0040224,204.6391704,0
7747,108.0040224,204.6391704,0
7748,108.0040224,204.6391704,0
7749,108.0040224,204.6391704,0
7750,108.0040224,204.6391704,0
7751,108.0040224,204.6391704,0
7752,108.0040224,204.6391704,0
7753,108.0040224,204.6391704,0
7754,108.0040224,204.6391704,0
7755,108.0040224,204.6391704,0
7756,108.0040224,204.6391704,0
7757,108.0040224,204.6391704,0
7758,108.0040224,204.6391704,0
7759,108.0040224,204.6391704,0
7760,108.0040224,204.6391704,0
7761,108.0040224,204.6391704,0
7762,108.0040224,204.6391704,0
7763,108.0040224,204.6391704,0
7764,108.0040224,204.6391704,0
7765,108.0040224,204.6391704,0
7766,108.0040224,204.6391704,0
7767,108.0040224,204.6391704,0
7768,108.0040224,204.6391704,0
7769,108.0040224,204.6391704,0
7770,108.0040224,204.6391704,0
7771,108.0040224,204.6391704,0
7772,108.0040224,204.6391704,0
7773,108.0040224,204.6391704,0
7774,108.0040224,204.6391704,0
7775,108.0040224,204.6391704,0
7776,108.0040224,204.6391704,0
7777,108.0040224,204.6391704,0
7778,108.0040224,204.6391704,0
7779,108.0040224,204.6391704,0
7780,108.0040224,204.6391704,0
7781,108.0040224,204.6391704,0
7782,108.0040224,204.6391704,0
7783,108.0040224,204.6391704,0
7784,108.0040224,204.6391704,0
7785,108.0040224,204.6391704,0
7786,108.0040224,204.6391704,0
7787,108.0040224,204.6391704,0
7788,108.0040224,204.6391704,0
7789,108.0040224,204.6391704,0
7790,108.0040224,204.6391704,0
7791,108.0040224,204.6391704,0
7792,108.0040224,204.6391704,0
7793,108.0040224,204.6391704,0
7794,108.0040224,204.6391704,0
7795,108.0040224,204.6391704,0
7796,108.0040224,204.6391704,0
7797,108.0040224,204.6391704,0
7798,108.0040224,204.6391704,0
7799,108.0040224,204.6391704,0
7800,108.0040224,204.6391704,0
7801,108.0040224,204.6391704,0
7802,108.0040224,204.6391704,0
7803,108.0040224,204.6391704,0
7804,108.0040224,204.6391704,0
7805,102.3196003,204.6391704,0
7806,102.3196003,204.6391704,0
7807,102.3196003,204.6391704,0
7808,102.3196003,204.6391704,0
7809,102.3196003,204.6391704,0
7810,102.3196003,204.6391704,0
7811,102.3196003,204.6391704,0
7812,102.3196003,204.6391704,0
7813,105.1618115,204.6391704,0
7814,105.1618115,204.6391704,0
7815,105.1618115,204.6391704,0
7816,105.1618115,204.6391704,0
7817,105.1618115,204.6391704,0
7818,105.1618115,204.6391704,0
7819,105.1618115,204.6391704,0
7820,105.1618115,204.6391704,0
7821,105.1618115,204.6391704,0
7822,105.1618115,204.6391704,0
7823,105.1618115,204.6391704,0
7824,105.1618115,204.6391704,0
7825,105.1618115,204.6391704,0
7826,105.1618115,204.6391704,0
7827,105.1618115,204.6391704,0
7828,105.1618115,204.6391704,0
7829,105.1618115,204.6391704,0
7830,105.1618115,204.6391704,0
7831,105.1618115,204.6391704,0
7832,105.1618115,204.6391704,0
7833,105.1618115,204.6391704,0
7834,105.1618115,204.6391704,0
7835,105.1618115,204.6391704,0
7836,105.1618115,204.6391704,0
7837,105.1618115,204.6391704,0
7838,105.1618115,204.6391704,0
7839,105.1618115,204.6391704,0
7840,105.1618115,204.6391704,0
7841,105.1618115,204.6391704,0
7842,105.1618115,204.6391704,0
7843,105.1618115,204.6391704,0
7844,105.1618115,204.6391704,0
7845,105.1618115,204.6391704,0
7846,105.1618115,204.6391704,0
7847,105.1618115,204.6391704,0
7848,105.1618115,204.6391704,0
7849,105.1618115,207.4813811,0
7850,105.1618115,207.4813811,0
7851,105.1618115,207.4813811,0
7852,105.1618115,207.4813811,0
7853,105.1618115,207.4813811,0
7854,105.1618115,207.4813811,0
7855,105.1618115,207.4813811,0
7856,105.1618115,207.4813811,0
7857,105.1618115,207.4813811,0
7858,105.1618115,207.4813811,0
7859,105.1618115,207.4813811,0
7860,105.1618115,207.4813811,0
7861,105.1618115,207.4813811,0
7862,105.1618115,207.4813811,0
7863,105.1618115,207.4813811,0
7864,105.1618115,207.4813811,0
7865,105.1618115,207.4813811,0
7866,105.1618115,207.4813811,0
7867,105.1618115,207.4813811,0
7868,105.1618115,207.4813811,0
7869,105.1618115,207.4813811,0
7870,105.1618115,207.4813811,0
7871,105.1618115,207.4813811,0
7872,105.1618115,207.4813811,0
7873,105.1618115,207.4813811,0
7874,105.1618115,207.4813811,0
7875,105.1618115,207.4813811,0
7876,105.1618115,207.4813811,0
7877,105.1618115,207.4813811,0
7878,105.1618115,207.4813811,0
7879,105.1618115,207.4813811,0
7880,105.1618115,207.4813811,0
7881,105.1618115,207.4813811,0
7882,105.1618115,207.4813811,0
7883,105.1618115,207.4813811,0
7884,105.1618115,207.4813811,0
7885,105.1618115,207.4813811,0
7886,105.1618115,207.4813811,0
7887,105.1618115,207.4813811,0
7888,105.1618115,207.4813811,0
7889,105.1618115,207.4813811,0
7890,105.1618115,207.4813811,0
7891,105.1618115,207.4813811,0
7892,105.1618115,207.4813811,0
7893,105.1618115,207.4813811,0
7894,108.0040225,207.4813811,0
7895,108.0040225,207.4813811,0
7896,108.0040225,207.4813811,0
7897,108.0040225,207.4813811,0
7898,108.0040225,207.4813811,0
7899,108.0040225,204.6391704,0
7900,108.0040225,204.6391704,0
7901,108.0040225,204.6391704,0
7902,108.0040225,204.6391704,0
7903,108.0040225,204.6391704,0
7904,108.0040225,204.6391704,0
7905,108.0040225,204.6391704,0
7906,108.0040225,204.6391704,0
7907,108.0040225,204.6391704,0
7908,108.0040225,204.6391704,0
7909,108.0040225,204.6391704,0
7910,108.0040225,204.6391704,0
7911,108.0040225,204.6391704,0
7912,108.0040225,204.6391704,0
7913,108.0040225,204.6391704,0
7914,108.0040225,204.6391704,0
7915,108.0040225,204.6391704,0
7916,108.0040225,204.6391704,0
7917,108.0040225,204.6391704,0
7918,108.0040225,204.6391704,0
7919,108.0040225,204.6391704,0
7920,108.0040225,204.6391704,0
7921,108.0040225,204.6391704,0
7922,108.0040225,207.4813811,0
7923,108.0040225,207.4813811,0
7924,108.0040225,207.4813811,0
7925,108.0040225,207.4813811,0
7926,108.0040225,207.4813811,0
7927,108.0040225,207.4813811,0
7928,108.0040225,207.4813811,0
7929,108.0040225,207.4813811,0
7930,108.0040225,207.4813811,0
7931,108.0040225,207.4813811,0
7932,108.0040225,207.4813811,0
7933,108.0040225,207.4813811,0
7934,108.0040225,207.4813811,0
7935,108.0040225,207.4813811,0
7936,108.0040225,207.4813811,0
7937,108.0040225,207.4813811,0
7938,108.0040225,207.4813811,0
7939,108.0040225,207.4813811,0
7940,108.0040225,207.4813811,0
7941,108.0040225,207.4813811,0
7942,108.0040225,207.4813811,0
7943,108.0040225,207.4813811,0
7944,108.0040225,207.4813811,0
7945,108.0040225,207.4813811,0
7946,108.0040225,207.4813811,0
7947,108.0040225,207.4813811,0
7948,108.0040225,207.4813811,0
7949,108.0040225,207.4813811,0
7950,108.0040225,207.4813811,0
7951,108.0040225,207.4813811,0
7952,108.0040225,207.4813811,0
7953,108.0040225,207.4813811,0
7954,108.0040225,207.4813811,0
7955,108.0040225,207.4813811,0
7956,108.0040225,207.4813811,0
7957,108.0040225,207.4813811,0
7958,108.0040225,207.4813811,0
7959,108.0040225,207.4813811,0
7960,108.0040225,207.4813811,0
7961,108.0040225,207.4813811,0
7962,108.0040225,207.4813811,0
7963,108.0040225,207.4813811,0
7964,108.0040225,207.4813811,0
7965,108.0040225,207.4813811,0
7966,108.0040225,207.4813811,0
7967,108.0040225,207.4813811,0
7968,108.0040225,207.4813811,0
7969,108.0040225,207.4813811,0
7970,108.0040225,207.4813811,0
7971,108.0040225,207.4813811,0
7972,108.0040225,207.4813811,0
7973,108.0040225,207.4813811,0
7974,108.0040225,207.4813811,0
7975,108.0040225,207.4813811,0
7976,108.0040225,207.4813811,0
7977,108.0040225,207.4813811,0
7978,108.0040225,207.4813811,0
7979,108.0040225,207.4813811,0
7980,108.0040225,207.4813811,0
7981,108.0040225,207.4813811,0
7982,108.0040225,207.4813811,0
7983,108.0040225,207.4813811,0
7984,108.0040225,207.4813811,0
7985,108.0040225,207.4813811,0
7986,108.0040225,207.4813811,0
7987,108.0040225,207.4813811,0
7988,108.0040225,207.4813811,0
7989,108.0040225,207.4813811,0
7990,108.0040225,207.4813811,0
7991,108.0040225,207.4813811,0
7992,108.0040225,207.4813811,0
7993,108.0040225,207.4813811,0
7994,108.0040225,207.4813811,0
7995,108.0040225,207.4813811,0
7996,105.1618115,207.4813811,0
7997,105.1618115,207.4813811,0
7998,105.1618115,207.4813811,0
7999,105.1618115,207.4813811,0
8000,105.1618115,207.4813811,0
8001,105.1618115,207.4813811,0
8002,105.1618115,207.4813811,0
8003,105.1618115,198.954749,0
8004,105.1618115,198.954749,0
8005,105.1618115,201.7969597,0
8006,105.1618115,201.7969597,0
8007,105.1618115,201.7969597,0
8008,105.1618115,201.7969597,0
8009,105.1618115,204.6391704,0
8010,105.1618114,204.6391704,0
8011,105.1618114,204.6391704,0
8012,105.1618114,204.6391704,0
8013,105.1618114,204.6391704,0
8014,105.1618114,204.6391704,0
8015,105.1618114,204.6391704,0
8016,105.1618114,204.6391704,0
8017,105.1618114,204.6391704,0
8018,105.1618114,204.6391704,0
8019,105.1618114,204.6391704,0
8020,105.1618114,204.6391704,0
8021,105.1618114,204.6391704,0
8022,105.1618114,204.6391704,0
8023,105.1618114,204.6391704,0
8024,105.1618114,204.6391704,0
8025,105.1618114,204.6391704,0
8026,105.1618113,204.6391704,0
8027,105.1618113,204.6391704,0
8028,105.1618113,204.6391704,0
8029,105.1618113,204.6391704,0
8030,105.1618113,204.6391704,0
8031,105.1618113,204.6391704,0
8032,105.1618113,204.6391704,0
8033,105.1618113,204.6391704,0
8034,105.1618113,204.6391704,0
8035,105.1618113,204.6391704,0
8036,105.1618113,204.6391704,0
8037,105.1618113,204.6391704,0
8038,105.1618113,204.6391704,0
8039,105.1618113,204.6391704,0
8040,105.1618113,204.6391704,0
8041,105.1618113,207.4813811,0
8042,105.1618113,207.4813811,0
8043,105.1618113,207.4813811,0
8044,105.1618113,207.4813811,0
8045,105.1618112,207.4813811,0
8046,105.1618112,207.4813811,0
8047,105.1618113,207.4813811,0
8048,105.1618113,207.4813811,0
8049,105.1618113,207.4813811,0
8050,105.1618113,207.4813811,0
8051,105.1618113,207.4813811,0
8052,105.1618113,207.4813811,0
8053,105.1618113,207.4813811,0
8054,105.1618113,207.4813811,0
8055,105.1618113,207.4813811,0
8056,105.1618113,207.4813811,0
8057,105.1618113,207.4813811,0
8058,105.1618113,207.4813811,0
8059,105.1618113,207.4813811,0
8060,105.1618113,207.4813811,0
8061,105.1618113,207.4813811,0
8062,105.1618114,207.4813811,0
8063,105.1618114,207.4813811,0
8064,105.1618114,207.4813811,0
8065,105.1618114,207.4813811,0
8066,105.1618114,207.4813811,0
8067,105.1618114,207.4813811,0
8068,105.1618114,207.4813811,0
8069,105.1618114,207.4813811,0
8070,105.1618114,207.4813811,0
8071,105.1618114,207.4813811,0
8072,105.1618114,207.4813811,0
8073,105.1618114,207.4813811,0
8074,105.1618114,207.4813811,0
8075,105.1618114,207.4813811,0
8076,105.1618114,207.4813811,0
8077,105.1618114,207.4813811,0
8078,105.1618114,207.4813811,0
8079,105.1618114,207.4813811,0
8080,105.1618114,207.4813811,0
8081,105.1618114,207.4813811,0
8082,105.1618114,207.4813811,0
8083,105.1618114,207.4813811,0
8084,105.1618114,207.4813811,0
8085,105.1618114,207.4813811,0
8086,105.1618114,207.4813811,0
8087,105.1618114,207.4813811,0
8088,105.1618114,207.4813811,0
8089,105.1618114,207.4813811,0
8090,105.1618114,207.4813811,0
8091,105.1618114,204.6391704,0
8092,105.1618114,204.6391704,0
8093,105.1618114,204.6391704,0
8094,105.1618114,204.6391704,0
8095,105.1618114,204.6391704,0
8096,105.1618114,204.6391704,0
8097,105.1618114,204.6391704,0
8098,105.1618114,204.6391704,0
8099,105.1618114,204.6391704,0
8100,105.1618114,204.6391704,0
8101,105.1618114,204.6391704,0
8102,105.1618114,204.6391704,0
8103,105.1618114,204.6391704,0
8104,108.0040224,204.6391704,0
8105,108.0040224,204.6391704,0
8106,108.0040224,204.6391704,0
8107,108.0040224,204.6391704,0
8108,108.0040224,204.6391704,0
8109,108.0040224,204.6391704,0
8110,108.0040224,204.6391704,0
8111,108.0040224,204.6391704,0
8112,108.0040224,204.6391704,0
8113,108.0040224,204.6391704,0
8114,108.0040224,204.6391704,0
8115,108.0040224,204.6391704,0
8116,108.0040224,204.6391704,0
8117,108.0040224,204.6391704,0
8118,108.0040224,204.6391704,0
8119,108.0040224,204.6391704,0
8120,108.0040224,204.6391704,0
8121,108.0040224,204.6391704,0
8122,108.0040224,204.6391704,0
8123,108.0040224,204.6391704,0
8124,108.0040224,204.6391704,0
8125,108.0040224,204.6391704,0
8126,108.0040224,204.6391704,0
8127,108.0040224,204.6391704,0
8128,108.0040224,204.6391704,0
8129,108.0040224,204.6391704,0
8130,108.0040224,204.6391704,0
8131,108.0040224,204.6391704,0
8132,108.0040224,204.6391704,0
8133,108.0040224,204.6391704,0
8134,108.0040224,204.6391704,0
8135,108.0040224,204.6391704,0
8136,108.0040224,204.6391704,0
8137,108.0040224,204.6391704,0
8138,108.0040224,204.6391704,0
8139,108.0040224,204.6391704,0
8140,108.0040224,204.6391704,0
8141,108.0040224,204.6391704,0
8142,108.0040224,204.6391704,0
8143,108.0040224,204.6391704,0
8144,108.0040224,204.6391704,0
8145,108.0040224,204.6391704,0
8146,108.0040224,204.6391704,0
8147,108.0040224,204.6391704,0
8148,108.0040224,204.6391704,0
8149,108.0040224,204.6391704,0
8150,108.0040224,204.6391704,0
8151,108.0040224,204.6391704,0
8152,108.0040224,204.6391704,0
8153,108.0040224,204.6391704,0
8154,105.1618114,204.6391704,0
8155,105.1618114,204.6391704,0
8156,105.1618114,204.6391704,0
8157,105.1618114,204.6391704,0
8158,105.1618114,204.6391704,0
8159,105.1618114,204.6391704,0
8160,105.1618114,204.6391704,0
8161,105.1618114,204.6391704,0
8162,105.1618114,204.6391704,0
8163,105.1618114,204.6391704,0
8164,105.1618114,204.6391704,0
8165,105.1618114,204.6391704,0
8166,105.1618114,204.6391704,0
8167,105.1618114,204.6391704,0
8168,105.1618114,204.6391704,0
8169,105.1618114,204.6391704,0
8170,105.1618114,204.6391704,0
8171,105.1618114,204.6391704,0
8172,105.1618114,204.6391704,0
8173,105.1618114,204.6391704,0
8174,105.1618114,204.6391704,0
8175,105.1618114,204.6391704,0
8176,105.1618114,204.6391704,0
8177,105.1618114,204.6391704,0
8178,105.1618114,204.6391704,0
8179,105.1618114,204.6391704,0
8180,105.1618114,204.6391704,0
8181,102.3196001,204.6391704,0
8182,102.3196002,204.6391704,0
8183,102.3196002,204.6391704,0
8184,102.3196002,204.6391704,0
8185,102.3196002,204.6391704,0
8186,102.3196003,204.6391704,0
8187,102.3196003,204.6391704,0
8188,102.3196003,204.6391704,0
8189,102.3196003,204.6391704,0
8190,102.3196003,204.6391704,0
8191,102.3196003,204.6391704,0
8192,102.3196003,204.6391704,0
8193,102.3196003,204.6391704,0
8194,102.3196003,204.6391704,0
8195,102.3196003,204.6391704,0
8196,102.3196003,204.6391704,0
8197,102.3196003,204.6391704,0
8198,102.3196003,204.6391704,0
8199,102.3196003,204.6391704,0
8200,102.3196003,204.6391704,0
8201,102.3196003,204.6391704,0
8202,102.3196003,204.6391704,0
8203,105.1618114,204.6391704,0
8204,105.1618114,204.6391704,0
8205,105.1618114,204.6391704,0
8206,105.1618114,204.6391704,0
8207,105.1618114,204.6391704,0
8208,105.1618114,204.6391704,0
8209,105.1618114,204.6391704,0
8210,105.1618114,204.6391704,0
8211,105.1618114,204.6391704,0
8212,105.1618114,204.6391704,0
8213,105.1618114,204.6391704,0
8214,105.1618114,204.6391704,0
8215,105.1618114,204.6391704,0
8216,105.1618114,204.6391704,0
8217,105.1618114,204.6391704,0
8218,105.1618114,204.6391704,0
8219,105.1618114,204.6391704,0
8220,105.1618114,207.4813811,0
8221,105.1618114,207.4813811,0
8222,105.1618114,207.4813811,0
8223,105.1618114,207.4813811,0
8224,105.1618114,207.4813811,0
8225,105.1618114,207.4813811,0
8226,105.1618114,207.4813811,0
8227,105.1618114,207.4813811,0
8228,105.1618114,207.4813811,0
8229,105.1618114,207.4813811,0
8230,105.1618114,207.4813811,0
8231,105.1618114,207.4813811,0
8232,105.1618114,207.4813811,0
8233,105.1618114,207.4813811,0
8234,105.1618114,207.4813811,0
8235,105.1618114,207.4813811,0
8236,105.1618114,207.4813811,0
8237,105.1618114,207.4813811,0
8238,105.1618114,207.4813811,0
8239,105.1618114,207.4813811,0
8240,105.1618114,207.4813811,0
8241,105.1618114,207.4813811,0
8242,105.1618114,207.4813811,0
8243,105.1618114,207.4813811,0
8244,105.1618114,207.4813811,0
8245,105.1618114,207.4813811,0
8246,105.1618114,207.4813811,0
8247,105.1618114,207.4813811,0
8248,105.1618114,207.4813811,0
8249,105.1618114,207.4813811,0
8250,105.1618114,207.4813811,0
8251,105.1618114,207.4813811,0
8252,105.1618114,207.4813811,0
8253,105.1618113,207.4813811,0
8254,105.1618113,207.4813811,0
8255,105.1618113,207.4813811,0
8256,105.1618113,207.4813811,0
8257,105.1618113,207.4813811,0
8258,105.1618113,207.4813811,0
8259,105.1618113,207.4813811,0
8260,105.1618113,207.4813811,0
8261,105.1618113,207.4813811,0
8262,105.1618113,207.4813811,0
8263,105.1618113,207.4813811,0
8264,105.1618113,207.4813811,0
8265,105.1618113,207.4813811,0
8266,105.1618113,207.4813811,0
8267,105.1618113,207.4813811,0
8268,102.3196003,207.4813811,0
8269,102.3196003,207.4813811,0
8270,102.3196003,207.4813811,0
8271,102.3196003,207.4813811,0
8272,102.3196003,207.4813811,0
8273,102.3196003,207.4813811,0
8274,102.3196003,207.4813811,0
8275,102.3196003,207.4813811,0
8276,102.3196003,201.7969597,0
8277,102.3196003,201.7969597,0
8278,102.3196003,201.7969597,0
8279,102.3196003,201.7969597,0
8280,102.3196003,201.7969597,0
8281,102.3196003,201.7969597,0
8282,102.3196003,201.7969597,0
8283,102.3196003,201.7969597,0
8284,105.1618113,204.6391704,0
8285,105.1618113,204.6391704,0
8286,105.1618113,204.6391704,0
8287,105.1618113,204.6391704,0
8288,105.1618113,204.6391704,0
8289,105.1618113,204.6391704,0
8290,105.1618113,204.6391704,0
8291,105.1618113,204.6391704,0
8292,105.1618113,204.6391704,0
8293,105.1618113,204.6391704,0
8294,105.1618113,204.6391704,0
8295,105.1618113,204.6391704,0
8296,105.1618113,204.6391704,0
8297,105.1618113,204.6391704,0
8298,105.1618113,204.6391704,0
8299,105.1618113,204.6391704,0
8300,105.1618113,204.6391704,0
8301,105.1618113,204.6391704,0
8302,105.1618113,204.6391704,0
8303,105.1618113,204.6391704,0
8304,105.1618113,204.6391704,0
8305,105.1618113,204.6391704,0
8306,105.1618113,204.6391704,0
8307,105.1618113,204.6391704,0
8308,105.1618113,204.6391704,0
8309,105.1618113,204.6391704,0
8310,105.1618113,204.6391704,0
8311,105.1618113,204.6391704,0
8312,105.1618113,204.6391704,0
8313,105.1618113,204.6391704,0
8314,105.1618113,204.6391704,0
8315,105.1618113,204.6391704,0
8316,105.1618113,204.6391704,0
8317,105.1618113,204.6391704,0
8318,105.1618113,204.6391704,0
8319,105.1618113,204.6391704,0
8320,105.1618113,204.6391704,0
8321,105.1618113,204.6391704,0
8322,105.1618113,204.6391704,0
8323,105.1618113,204.6391704,0
8324,105.1618113,204.6391704,0
8325,105.1618113,204.6391704,0
8326,105.1618113,204.6391704,0
8327,105.1618113,204.6391704,0
8328,105.1618113,204.6391704,0
8329,105.1618113,204.6391704,0
8330,105.1618113,204.6391704,0
8331,105.1618113,204.6391704,0
8332,105.1618113,204.6391704,0
8333,105.1618113,204.6391704,0
8334,102.3196003,204.6391704,0
8335,102.3196003,204.6391704,0
8336,102.3196003,204.6391704,0
8337,102.3196003,204.6391704,0
8338,102.3196003,204.6391704,0
8339,102.3196003,204.6391704,0
8340,102.3196003,204.6391704,0
8341,102.3196003,204.6391704,0
8342,102.3196003,204.6391704,0
8343,102.3196003,204.6391704,0
8344,102.3196003,207.4813811,0
8345,102.3196003,207.4813811,0
8346,102.3196003,207.4813811,0
8347,102.3196003,207.4813811,0
8348,102.3196003,207.4813811,0
8349,102.3196003,207.4813811,0
8350,102.3196003,207.4813811,0
8351,102.3196003,207.4813811,0
8352,102.3196003,207.4813811,0
8353,102.3196003,207.4813811,0
8354,102.3196003,207.4813811,0
8355,102.3196003,207.4813811,0
8356,102.3196003,207.4813811,0
8357,102.3196003,207.4813811,0
8358,102.3196003,207.4813811,0
8359,102.3196003,207.4813811,0
8360,102.3196003,207.4813811,0
8361,102.3196003,207.4813811,0
8362,102.3196003,207.4813811,0
8363,102.3196003,207.4813811,0
8364,102.3196003,207.4813811,0
8365,102.3196003,207.4813811,0
8366,102.3196003,207.4813811,0
8367,102.3196003,207.4813811,0
8368,102.3196003,207.4813811,0
8369,102.3196003,207.4813811,0
8370,102.3196003,207.4813811,0
8371,102.3196003,207.4813811,0
8372,102.3196003,207.4813811,0
8373,102.3196003,207.4813811,0
8374,102.3196003,207.4813811,0
8375,102.3196003,207.4813811,0
8376,102.3196003,207.4813811,0
8377,102.3196003,207.4813811,0
8378,102.3196003,207.4813811,0
8379,102.3196003,207.4813811,0
8380,102.3196003,207.4813811,0
8381,102.3196003,207.4813811,0
8382,102.3196003,207.4813811,0
8383,102.3196003,207.4813811,0
8384,102.3196003,207.4813811,0
8385,102.3196003,207.4813811,0
8386,102.3196003,207.4813811,0
8387,102.3196003,207.4813811,0
8388,102.3196003,207.4813811,0
8389,102.3196003,207.4813811,0
8390,102.3196003,207.4813811,0
8391,102.3196003,207.4813811,0
8392,102.3196003,207.4813811,0
8393,102.3196003,207.4813811,0
8394,102.3196003,204.6391704,0
8395,102.3196003,204.6391704,0
8396,102.3196003,204.6391704,0
8397,102.3196003,204.6391704,0
8398,102.3196003,204.6391704,0
8399,102.3196003,204.6391704,0
8400,102.3196003,204.6391704,0
8401,102.3196003,204.6391704,0
8402,102.3196003,204.6391704,0
8403,102.3196003,204.6391704,0
8404,102.3196003,204.6391704,0
8405,102.3196003,204.6391704,0
8406,102.3196003,204.6391704,0
8407,102.3196003,204.6391704,0
8408,102.3196003,204.6391704,0
8409,102.3196003,204.6391704,0
8410,102.3196003,204.6391704,0
8411,102.3196003,204.6391704,0
8412,102.3196003,204.6391704,0
8413,102.3196003,204.6391704,0
8414,102.3196003,204.6391704,0
8415,102.3196003,204.6391704,0
8416,102.3196003,204.6391704,0
8417,102.3196003,204.6391704,0
8418,102.3196003,204.6391704,0
8419,102.3196003,204.6391704,0
8420,102.3196003,204.6391704,0
8421,102.3196003,204.6391704,0
8422,102.3196002,204.6391704,0
8423,102.3196002,204.6391704,0
8424,102.3196002,204.6391704,0
8425,102.3196002,204.6391704,0
8426,102.3196002,204.6391704,0
8427,102.3196002,204.6391704,0
8428,102.3196002,204.6391704,0
8429,102.3196002,204.6391704,0
8430,102.3196002,204.6391704,0
8431,102.3196002,204.6391704,0
8432,102.3196002,204.6391704,0
8433,102.3196002,204.6391704,0
8434,102.3196002,204.6391704,0
8435,102.3196002,204.6391704,0
8436,102.3196002,204.6391704,0
8437,102.3196002,204.6391704,0
8438,102.3196002,204.6391704,0
8439,102.3196002,204.6391704,0
8440,102.3196002,204.6391704,0
8441,102.3196002,204.6391704,0
8442,102.3196002,204.6391704,0
8443,102.3196002,204.6391704,0
8444,102.3196002,204.6391704,0
8445,102.3196002,204.6391704,0
8446,102.3196002,204.6391704,0
8447,102.3196002,204.6391704,0
8448,102.3196002,204.6391704,0
8449,102.3196002,204.6391704,0
8450,102.3196002,204.6391704,0
8451,102.3196002,204.6391704,0
8452,102.3196002,204.6391704,0
8453,102.3196002,204.6391704,0
8454,102.3196002,204.6391704,0
8455,102.3196002,204.6391704,0
8456,102.3196002,204.6391704,0
8457,102.3196002,204.6391704,0
8458,102.3196002,204.6391704,0
8459,102.3196002,204.6391704,0
8460,102.3196002,204.6391704,0
8461,102.3196002,204.6391704,0
8462,102.3196002,204.6391704,0
8463,102.3196002,204.6391704,0
8464,102.3196002,207.4813811,0
8465,102.3196002,207.4813811,0
8466,102.3196002,207.4813811,0
8467,102.3196003,207.4813811,0
8468,102.3196003,207.4813811,0
8469,102.3196003,207.4813811,0
8470,102.3196003,207.4813811,0
8471,102.3196003,207.4813811,0
8472,102.3196003,207.4813811,0
8473,102.3196003,207.4813811,0
8474,102.3196003,207.4813811,0
8475,102.3196003,207.4813811,0
8476,102.3196003,207.4813811,0
8477,102.3196003,207.4813811,0
8478,102.3196003,207.4813811,0
8479,102.3196003,207.4813811,0
8480,102.3196003,207.4813811,0
8481,102.3196003,207.4813811,0
8482,102.3196003,207.4813811,0
8483,102.3196003,207.4813811,0
8484,102.3196003,207.4813811,0
8485,102.3196003,207.4813811,0
8486,102.3196003,207.4813811,0
8487,102.3196003,207.4813811,0
8488,102.3196003,207.4813811,0
8489,102.3196003,207.4813811,0
8490,102.3196003,207.4813811,0
8491,105.1618113,207.4813811,0
8492,105.1618113,207.4813811,0
8493,105.1618113,207.4813811,0
8494,105.1618113,207.4813811,0
8495,105.1618113,207.4813811,0
8496,105.1618113,207.4813811,0
8497,105.1618113,207.4813811,0
8498,105.1618113,207.4813811,0
8499,105.1618113,207.4813811,0
8500,105.1618113,207.4813811,0
8501,105.1618113,207.4813811,0
8502,105.1618113,207.4813811,0
8503,105.1618113,207.4813811,0
8504,105.1618113,207.4813811,0
8505,105.1618113,207.4813811,0
8506,105.1618113,207.4813811,0
8507,105.1618113,207.4813811,0
8508,105.1618113,207.4813811,0
8509,105.1618113,207.4813811,0
8510,105.1618113,207.4813811,0
8511,105.1618113,207.4813811,0
8512,105.1618113,207.4813811,0
8513,105.1618113,207.4813811,0
8514,105.1618113,207.4813811,0
8515,105.1618113,207.4813811,0
8516,105.1618113,207.4813811,0
8517,105.1618113,207.4813811,0
8518,105.1618113,207.4813811,0
8519,105.1618113,207.4813811,0
8520,105.1618113,207.4813811,0
8521,105.1618113,207.4813811,0
8522,105.1618113,207.4813811,0
8523,105.1618113,207.4813811,0
8524,105.1618113,207.4813811,0
8525,105.1618113,207.4813811,0
8526,105.1618113,207.4813811,0
8527,105.1618113,207.4813811,0
8528,105.1618113,207.4813811,0
8529,105.1618113,207.4813811,0
8530,105.1618113,207.4813811,0
8531,105.1618113,207.4813811,0
8532,105.1618113,207.4813811,0
8533,105.1618113,207.4813811,0
8534,105.1618113,207.4813811,0
8535,105.1618113,207.4813811,0
8536,105.1618113,207.4813811,0
8537,105.1618113,207.4813811,0
8538,105.1618113,207.4813811,0
8539,105.1618113,207.4813811,0
8540,105.1618113,207.4813811,0
8541,102.3196003,207.4813811,0
8542,102.3196003,207.4813811,0
8543,102.3196003,207.4813811,0
8544,102.3196003,207.4813811,0
8545,102.3196003,207.4813811,0
8546,102.3196003,207.4813811,0
8547,102.3196003,204.6391704,0
8548,102.3196003,204.6391704,0
8549,102.3196003,204.6391704,0
8550,102.3196003,204.6391704,0
8551,102.3196003,204.6391704,0
8552,102.3196003,204.6391704,0
8553,102.3196003,204.6391704,0
8554,102.3196003,204.6391704,0
8555,102.3196003,204.6391704,0
8556,102.3196003,204.6391704,0
8557,102.3196003,204.6391704,0
8558,102.3196003,204.6391704,0
8559,102.3196003,204.6391704,0
8560,102.3196003,204.6391704,0
8561,102.3196003,204.6391704,0
8562,102.3196003,204.6391704,0
8563,102.3196003,204.6391704,0
8564,102.3196003,204.6391704,0
8565,102.3196003,204.6391704,0
8566,102.3196003,204.6391704,0
8567,102.3196003,204.6391704,0
8568,102.3196003,204.6391704,0
8569,102.3196003,204.6391704,0
8570,102.3196003,204.6391704,0
8571,102.3196003,204.6391704,0
8572,102.3196003,204.6391704,0
8573,102.3196003,204.6391704,0
8574,102.3196003,204.6391704,0
8575,102.3196003,204.6391704,0
8576,102.3196003,204.6391704,0
8577,102.3196003,204.6391704,0
8578,102.3196002,204.6391704,0
8579,102.3196002,204.6391704,0
8580,102.3196002,204.6391704,0
8581,102.3196002,204.6391704,0
8582,102.3196002,204.6391704,0
8583,102.3196002,204.6391704,0
8584,102.3196002,204.6391704,0
8585,102.3196002,204.6391704,0
8586,102.3196002,204.6391704,0
8587,102.3196002,204.6391704,0
8588,102.3196002,204.6391704,0
8589,102.3196002,204.6391704,0
8590,102.3196002,204.6391704,0
8591,102.3196002,204.6391704,0
8592,102.3196002,204.6391704,0
8593,102.3196002,204.6391704,0
8594,102.3196002,204.6391704,0
8595,102.3196002,204.6391704,0
8596,102.3196002,204.6391704,0
8597,102.3196002,204.6391704,0
8598,102.3196002,204.6391704,0
8599,102.3196002,204.6391704,0
8600,102.3196002,204.6391704,0
8601,102.3196002,204.6391704,0
8602,105.1618114,204.6391704,0
8603,105.1618114,204.6391704,0
8604,105.1618114,204.6391704,0
8605,105.1618114,204.6391704,0
8606,105.1618114,204.6391704,0
8607,105.1618114,204.6391704,0
8608,105.1618114,204.6391704,0
8609,105.1618114,204.6391704,0
8610,105.1618114,204.6391704,0
8611,105.1618114,204.6391704,0
8612,105.1618114,204.6391704,0
8613,105.1618114,204.6391704,0
8614,105.1618114,204.6391704,0
8615,105.1618114,204.6391704,0
8616,105.1618114,204.6391704,0
8617,105.1618114,204.6391704,0
8618,105.1618114,204.6391704,0
8619,105.1618114,204.6391704,0
8620,105.1618114,204.6391704,0
8621,105.1618114,204.6391704,0
8622,105.1618114,204.6391704,0
8623,105.1618114,204.6391704,0
8624,105.1618114,204.6391704,0
8625,105.1618114,204.6391704,0
8626,105.1618114,204.6391704,0
8627,105.1618114,204.6391704,0
8628,105.1618114,204.6391704,0
8629,105.1618114,204.6391704,0
8630,105.1618114,204.6391704,0
8631,105.1618114,204.6391704,0
8632,105.1618114,204.6391704,0
8633,105.1618114,204.6391704,0
8634,105.1618114,204.6391704,0
8635,105.1618114,204.6391704,0
8636,105.1618114,204.6391704,0
8637,105.1618114,204.6391704,0
8638,105.1618114,204.6391704,0
8639,105.1618114,204.6391704,0
8640,105.1618114,204.6391704,0
8641,105.1618114,204.6391704,0
8642,105.1618114,204.6391704,0
8643,105.1618114,204.6391704,0
8644,105.1618114,204.6391704,0
8645,105.1618114,204.6391704,0
8646,105.1618114,204.6391704,0
8647,105.1618114,204.6391704,0
8648,105.1618114,204.6391704,0
8649,105.1618114,204.6391704,0
8650,105.1618114,204.6391704,0
8651,105.1618114,204.6391704,0
8652,102.3196003,204.6391704,0
8653,102.3196002,204.6391704,0
8654,102.3196002,204.6391704,0
8655,102.3196002,204.6391704,0
8656,102.3196002,204.6391704,0
8657,102.3196002,204.6391704,0
8658,102.3196002,204.6391704,0
8659,102.3196002,204.6391704,0
8660,102.3196002,204.6391704,0
8661,102.3196002,204.6391704,0
8662,102.3196002,204.6391704,0
8663,102.3196002,204.6391704,0
8664,102.3196002,204.6391704,0
8665,102.3196002,204.6391704,0
8666,102.3196002,204.6391704,0
8667,102.3196002,204.6391704,0
8668,102.3196002,204.6391704,0
8669,102.3196002,204.6391704,0
8670,102.3196002,204.6391704,0
8671,102.3196002,204.6391704,0
8672,102.3196002,204.6391704,0
8673,102.3196002,204.6391704,0
8674,102.3196002,204.6391704,0
8675,102.3196002,204.6391704,0
8676,102.3196002,204.6391704,0
8677,102.3196002,204.6391704,0
8678,102.3196002,204.6391704,0
8679,102.3196002,204.6391704,0
8680,102.3196002,204.6391704,0
8681,102.3196002,204.6391704,0
8682,102.3196002,204.6391704,0
8683,102.3196002,204.6391704,0
8684,102.3196002,204.6391704,0
8685,102.3196002,204.6391704,0
8686,102.3196002,204.6391704,0
8687,102.3196002,204.6391704,0
8688,102.3196002,204.6391704,0
8689,102.3196002,204.6391704,0
8690,102.3196002,204.6391704,0
8691,102.3196002,204.6391704,0
8692,102.3196002,204.6391704,0
8693,102.3196002,204.6391704,0
8694,102.3196002,204.6391704,0
8695,102.3196002,204.6391704,0
8696,102.3196002,204.6391704,0
8697,102.3196002,204.6391704,0
8698,102.3196002,204.6391704,0
8699,102.3196002,204.6391704,0
8700,102.3196002,204.6391704,0
8701,102.3196002,204.6391704,0
8702,102.3196002,204.6391704,0
8703,102.3196002,204.6391704,0
8704,102.3196002,204.6391704,0
8705,102.3196002,204.6391704,0
8706,102.3196002,204.6391704,0
8707,102.3196002,204.6391704,0
8708,102.3196002,204.6391704,0
8709,102.3196002,204.6391704,0
8710,102.3196002,204.6391704,0
8711,102.3196002,204.6391704,0
8712,102.3196002,204.6391704,0
8713,102.3196002,204.6391704,0
8714,102.3196002,204.6391704,0
8715,102.3196002,204.6391704,0
8716,102.3196002,204.6391704,0
8717,102.3196002,204.6391704,0
8718,102.3196002,204.6391704,0
8719,102.3196002,204.6391704,0
8720,102.3196002,204.6391704,0
8721,102.3196002,204.6391704,0
8722,102.3196002,204.6391704,0
8723,102.3196002,204.6391704,0
8724,102.3196002,204.6391704,0
8725,102.3196002,204.6391704,0
8726,102.3196002,207.4813811,0
8727,102.3196002,207.4813811,0
8728,102.3196002,207.4813811,0
8729,102.3196002,207.4813811,0
8730,102.3196002,207.4813811,0
8731,102.3196002,207.4813811,0
8732,102.3196002,207.4813811,0
8733,102.3196002,207.4813811,0
8734,102.3196002,207.4813811,0
8735,102.3196002,207.4813811,0
8736,102.3196002,207.4813811,0
8737,102.3196002,207.4813811,0
8738,102.3196002,207.4813811,0
8739,102.3196002,207.4813811,0
8740,102.3196002,207.4813811,0
8741,99.47738906,207.4813811,0
8742,99.47738906,207.4813811,0
8743,99.47738906,207.4813811,0
8744,99.47738906,207.4813811,0
8745,99.47738906,207.4813811,0
8746,99.47738906,207.4813811,0
8747,99.47738906,207.4813811,0
8748,99.47738906,207.4813811,0
8749,99.47738906,207.4813811,0
8750,99.47738906,207.4813811,0
8751,99.47738906,207.4813811,0
8752,99.47738906,207.4813811,0
8753,99.47738906,207.4813811,0
8754,102.3196002,207.4813811,0
8755,102.3196002,207.4813811,0
8756,102.3196002,207.4813811,0
8757,102.3196002,207.4813811,0
8758,102.3196002,207.4813811,0
8759,102.3196002,207.4813811,0
8760,102.3196002,207.4813811,0
8761,102.3196002,207.4813811,0
8762,102.3196002,207.4813811,0
8763,102.3196002,207.4813811,0
8764,102.3196002,207.4813811,0
8765,102.3196002,207.4813811,0
8766,102.3196002,207.4813811,0
8767,102.3196002,207.4813811,0
8768,102.3196002,207.4813811,0
8769,102.3196002,207.4813811,0
8770,102.3196002,207.4813811,0
8771,102.3196002,207.4813811,0
8772,102.3196002,207.4813811,0
8773,102.3196002,207.4813811,0
8774,102.3196002,207.4813811,0
8775,102.3196002,207.4813811,0
8776,102.3196002,204.6391704,0
8777,102.3196002,204.6391704,0
8778,102.3196002,204.6391704,0
8779,102.3196002,204.6391704,0
8780,102.3196003,204.6391704,0
8781,102.3196003,204.6391704,0
8782,102.3196003,204.6391704,0
8783,102.3196003,204.6391704,0
8784,102.3196003,204.6391704,0
8785,102.3196003,204.6391704,0
8786,102.3196003,204.6391704,0
8787,102.3196003,204.6391704,0
8788,102.3196003,204.6391704,0
8789,102.3196003,204.6391704,0
8790,102.3196003,204.6391704,0
8791,102.3196003,204.6391704,0
8792,102.3196003,204.6391704,0
8793,102.3196003,204.6391704,0
8794,102.3196003,204.6391704,0
8795,102.3196003,204.6391704,0
8796,102.3196003,204.6391704,0
8797,102.3196003,204.6391704,0
8798,102.3196003,204.6391704,0
8799,102.3196003,204.6391704,0
8800,102.3196003,204.6391704,0
8801,102.3196003,204.6391704,0
8802,102.3196003,204.6391704,0
8803,102.3196003,204.6391704,0
8804,102.3196003,204.6391704,0
8805,102.3196003,204.6391704,0
8806,102.3196003,204.6391704,0
8807,102.3196003,204.6391704,0
8808,102.3196003,204.6391704,0
8809,102.3196003,204.6391704,0
8810,102.3196003,204.6391704,0
8811,102.3196003,204.6391704,0
8812,102.3196003,204.6391704,0
8813,102.3196003,204.6391704,0
8814,102.3196003,204.6391704,0
8815,102.3196003,204.6391704,0
8816,102.3196003,204.6391704,0
8817,102.3196003,204.6391704,0
8818,102.3196003,204.6391704,0
8819,102.3196003,204.6391704,0
8820,102.3196003,204.6391704,0
8821,102.3196003,204.6391704,0
8822,102.3196003,204.6391704,0
8823,102.3196003,204.6391704,0
8824,102.3196003,204.6391704,0
8825,102.3196003,204.6391704,0
8826,102.3196003,204.6391704,0
8827,102.3196003,204.6391704,0
8828,102.3196003,204.6391704,0
8829,102.3196003,204.6391704,0
8830,102.3196002,204.6391704,0
8831,102.3196002,204.6391704,0
8832,102.3196002,204.6391704,0
8833,102.3196002,204.6391704,0
8834,102.3196002,204.6391704,0
8835,102.3196002,204.6391704,0
8836,102.3196002,204.6391704,0
8837,102.3196002,204.6391704,0
8838,102.3196002,204.6391704,0
8839,102.3196002,204.6391704,0
8840,102.3196002,204.6391704,0
8841,102.3196002,204.6391704,0
8842,102.3196002,204.6391704,0
8843,102.3196002,204.6391704,0
8844,102.3196002,204.6391704,0
8845,102.3196002,204.6391704,0
8846,102.3196002,204.6391704,0
8847,102.3196002,204.6391704,0
8848,102.3196002,204.6391704,0
8849,102.3196002,204.6391704,0
8850,102.3196002,204.6391704,0
8851,102.3196002,204.6391704,0
8852,102.3196002,201.7969597,0
8853,102.3196002,201.7969597,0
8854,102.3196002,201.7969597,0
8855,102.3196002,201.7969597,0
8856,102.3196002,201.7969597,0
8857,102.3196002,201.7969597,0
8858,102.3196002,201.7969597,0
8859,102.3196002,201.7969597,0
8860,102.3196002,201.7969597,0
8861,102.3196002,201.7969597,0
8862,102.3196002,201.7969597,0
8863,102.3196002,201.7969597,0
8864,102.3196002,201.7969597,0
8865,102.3196002,201.7969597,0
8866,102.3196002,201.7969597,0
8867,102.3196002,201.7969597,0
8868,102.3196002,201.7969597,0
8869,102.3196002,201.7969597,0
8870,102.3196002,201.7969597,0
8871,102.3196002,204.6391704,0
8872,102.3196002,204.6391704,0
8873,102.3196002,204.6391704,0
8874,102.3196002,204.6391704,0
8875,102.3196002,204.6391704,0
8876,102.3196002,204.6391704,0
8877,102.3196002,204.6391704,0
8878,102.3196002,204.6391704,0
8879,102.3196002,204.6391704,0
8880,102.3196002,204.6391704,0
8881,102.3196002,204.6391704,0
8882,102.3196002,204.6391704,0
8883,102.3196002,204.6391704,0
8884,102.3196003,204.6391704,0
8885,102.3196003,204.6391704,0
8886,102.3196003,204.6391704,0
8887,102.3196003,204.6391704,0
8888,102.3196003,204.6391704,0
8889,102.3196003,204.6391704,0
8890,102.3196003,204.6391704,0
8891,102.3196003,204.6391704,0
8892,102.3196003,204.6391704,0
8893,102.3196003,204.6391704,0
8894,102.3196003,204.6391704,0
8895,102.3196003,204.6391704,0
8896,102.3196003,204.6391704,0
8897,102.3196003,204.6391704,0
8898,102.3196003,204.6391704,0
8899,102.3196003,204.6391704,0
8900,102.3196003,204.6391704,0
8901,102.3196003,204.6391704,0
8902,102.3196003,204.6391704,0
8903,102.3196003,204.6391704,0
8904,102.3196003,204.6391704,0
8905,102.3196003,204.6391704,0
8906,102.3196003,204.6391704,0
8907,102.3196003,204.6391704,0
8908,102.3196003,204.6391704,0
8909,102.3196003,204.6391704,0
8910,102.3196003,204.6391704,0
8911,102.3196003,204.6391704,0
8912,102.3196003,204.6391704,0
8913,102.3196003,204.6391704,0
8914,102.3196003,204.6391704,0
8915,102.3196003,204.6391704,0
8916,102.3196003,204.6391704,0
8917,102.3196003,204.6391704,0
8918,102.3196003,204.6391704,0
8919,102.3196003,204.6391704,0
8920,102.3196003,204.6391704,0
8921,102.3196003,204.6391704,0
8922,102.3196003,204.6391704,0
8923,102.3196003,204.6391704,0
8924,102.3196003,204.6391704,0
8925,102.3196003,204.6391704,0
8926,102.3196003,204.6391704,0
8927,102.3196003,204.6391704,0
8928,102.3196003,204.6391704,0
8929,102.3196003,204.6391704,0
8930,102.3196003,204.6391704,0
8931,102.3196003,204.6391704,0
8932,102.3196003,204.6391704,0
8933,102.3196003,204.6391704,0
8934,99.47738913,204.6391704,0
8935,99.47738913,204.6391704,0
8936,99.47738913,201.7969597,0
8937,99.47738913,201.7969597,0
8938,99.47738913,201.7969597,0
8939,99.47738913,201.7969597,0
8940,99.47738913,201.7969597,0
8941,99.47738913,201.7969597,0
8942,99.47738913,201.7969597,0
8943,99.47738913,201.7969597,0
8944,99.47738913,201.7969597,0
8945,99.47738913,201.7969597,0
8946,99.47738913,201.7969597,0
8947,99.47738913,201.7969597,0
8948,99.47738913,201.7969597,0
8949,99.47738913,201.7969597,0
8950,99.47738913,201.7969597,0
8951,99.47738913,201.7969597,0
8952,99.47738913,201.7969597,0
8953,99.47738913,201.7969597,0
8954,99.47738913,201.7969597,0
8955,99.47738913,201.7969597,0
8956,99.47738913,201.7969597,0
8957,99.47738913,201.7969597,0
8958,99.47738913,201.7969597,0
8959,99.47738921,201.7969597,0
8960,99.47738921,201.7969597,0
8961,99.47738921,201.7969597,0
8962,99.47738921,201.7969597,0
8963,99.47738921,201.7969597,0
8964,99.47738921,201.7969597,0
8965,99.47738921,201.7969597,0
8966,99.47738921,201.7969597,0
8967,99.47738921,201.7969597,0
8968,99.47738921,201.7969597,0
8969,99.47738921,201.7969597,0
8970,99.47738921,201.7969597,0
8971,99.47738921,201.7969597,0
8972,99.47738921,201.7969597,0
8973,99.47738921,201.7969597,0
8974,99.47738921,201.7969597,0
8975,99.47738921,201.7969597,0
8976,99.47738921,201.7969597,0
8977,99.47738921,201.7969597,0
8978,99.47738921,201.7969597,0
8979,99.47738921,201.7969597,0
8980,99.47738921,201.7969597,0
8981,99.47738921,201.7969597,0
8982,99.47738921,201.7969597,0
8983,99.47738921,201.7969597,0
8984,99.47738921,201.7969597,0
8985,99.47738921,201.7969597,0
8986,99.47738921,201.7969597,0
8987,99.47738921,201.7969597,0
8988,99.47738921,201.7969597,0
8989,99.47738921,201.7969597,0
8990,99.47738921,201.7969597,0
8991,99.47738921,201.7969597,0
8992,99.47738921,201.7969597,0
8993,99.47738921,201.7969597,0
8994,99.47738921,201.7969597,0
8995,99.47738921,201.7969597,0
8996,99.47738921,201.7969597,0
8997,99.47738921,201.7969597,0
8998,99.47738921,201.7969597,0
8999,99.47738921,201.7969597,0
9000,99.47738921,201.7969597,0
9001,99.47738921,201.7969597,0
9002,99.47738921,201.7969597,0
9003,99.47738921,201.7969597,0
9004,99.47738921,201.7969597,0
9005,99.47738921,201.7969597,0
9006,99.47738921,201.7969597,0
9007,99.47738921,201.7969597,0
9008,99.47738921,201.7969597,0
9009,99.47738921,204.6391704,0
9010,99.47738921,204.6391704,0
9011,99.47738921,204.6391704,0
9012,99.47738921,204.6391704,0
9013,99.47738921,204.6391704,0
9014,99.47738921,204.6391704,0
9015,99.47738921,204.6391704,0
9016,99.47738921,204.6391704,0
9017,99.47738921,204.6391704,0
9018,99.47738921,204.6391704,0
9019,99.47738921,204.6391704,0
9020,99.47738921,204.6391704,0
9021,99.47738921,204.6391704,0
9022,99.47738921,204.6391704,0
9023,99.47738921,204.6391704,0
9024,99.47738921,204.6391704,0
9025,99.47738921,204.6391704,0
9026,99.47738921,204.6391704,0
9027,99.47738921,204.6391704,0
9028,99.47738921,204.6391704,0
9029,99.47738921,204.6391704,0
9030,99.47738921,204.6391704,0
9031,99.47738921,204.6391704,0
9032,99.47738921,204.6391704,0
9033,99.47738921,204.6391704,0
9034,102.3196003,204.6391704,0
9035,102.3196003,204.6391704,0
9036,102.3196003,204.6391704,0
9037,102.3196003,204.6391704,0
9038,102.3196003,204.6391704,0
9039,102.3196003,204.6391704,0
9040,102.3196003,204.6391704,0
9041,102.3196003,204.6391704,0
9042,102.3196003,204.6391704,0
9043,102.3196003,204.6391704,0
9044,102.3196003,204.6391704,0
9045,102.3196003,204.6391704,0
9046,102.3196003,204.6391704,0
9047,102.3196003,204.6391704,0
9048,102.3196003,204.6391704,0
9049,102.3196003,204.6391704,0
9050,102.3196003,204.6391704,0
9051,102.3196003,204.6391704,0
9052,102.3196003,204.6391704,0
9053,102.3196003,204.6391704,0
9054,102.3196003,204.6391704,0
9055,102.3196003,204.6391704,0
9056,102.3196003,204.6391704,0
9057,102.3196003,204.6391704,0
9058,102.3196003,204.6391704,0
9059,102.3196003,204.6391704,0
9060,102.3196003,204.6391704,0
9061,102.3196003,204.6391704,0
9062,102.3196003,204.6391704,0
9063,102.3196003,204.6391704,0
9064,102.3196003,204.6391704,0
9065,102.3196003,204.6391704,0
9066,102.3196003,204.6391704,0
9067,102.3196003,204.6391704,0
9068,102.3196003,204.6391704,0
9069,102.3196003,204.6391704,0
9070,102.3196003,204.6391704,0
9071,102.3196003,204.6391704,0
9072,102.3196003,204.6391704,0
9073,102.3196003,204.6391704,0
9074,102.3196003,204.6391704,0
9075,102.3196003,204.6391704,0
9076,102.3196003,204.6391704,0
9077,102.3196003,204.6391704,0
9078,102.3196003,204.6391704,0
9079,102.3196003,204.6391704,0
9080,102.3196003,204.6391704,0
9081,102.3196003,204.6391704,0
9082,102.3196003,204.6391704,0
9083,102.3196003,204.6391704,0
9084,102.3196002,204.6391704,0
9085,102.3196002,204.6391704,0
9086,102.3196002,204.6391704,0
9087,102.3196002,204.6391704,0
9088,102.3196002,204.6391704,0
9089,102.3196002,204.6391704,0
9090,102.3196002,204.6391704,0
9091,102.3196002,204.6391704,0
9092,102.3196002,204.6391704,0
9093,102.3196002,204.6391704,0
9094,102.3196002,204.6391704,0
9095,102.3196002,204.6391704,0
9096,102.3196002,204.6391704,0
9097,102.3196002,204.6391704,0
9098,102.3196002,204.6391704,0
9099,102.3196002,204.6391704,0
9100,102.3196002,204.6391704,0
9101,102.3196002,204.6391704,0
9102,102.3196002,204.6391704,0
9103,102.3196002,204.6391704,0
9104,102.3196003,204.6391704,0
9105,102.3196003,204.6391704,0
9106,102.3196003,204.6391704,0
9107,102.3196003,204.6391704,0
9108,102.3196003,204.6391704,0
9109,102.3196003,204.6391704,0
9110,102.3196003,204.6391704,0
9111,102.3196003,204.6391704,0
9112,102.3196003,204.6391704,0
9113,102.3196003,204.6391704,0
9114,102.3196003,204.6391704,0
9115,102.3196003,204.6391704,0
9116,102.3196003,204.6391704,0
9117,102.3196003,204.6391704,0
9118,102.3196003,204.6391704,0
9119,102.3196003,204.6391704,0
9120,102.3196003,204.6391704,0
9121,102.3196003,204.6391704,0
9122,102.3196003,204.6391704,0
9123,102.3196003,204.6391704,0
9124,102.3196003,204.6391704,0
9125,102.3196003,204.6391704,0
9126,102.3196003,204.6391704,0
9127,102.3196003,204.6391704,0
9128,102.3196003,204.6391704,0
9129,102.3196003,204.6391704,0
9130,102.3196003,204.6391704,0
9131,102.3196003,204.6391704,0
9132,102.3196003,204.6391704,0
9133,102.3196003,204.6391704,0
9134,102.3196003,204.6391704,0
9135,102.3196003,204.6391704,0
9136,102.3196003,204.6391704,0
9137,102.3196003,204.6391704,0
9138,102.3196003,204.6391704,0
9139,102.3196003,204.6391704,0
9140,102.3196003,204.6391704,0
9141,102.3196003,204.6391704,0
9142,102.3196003,204.6391704,0
9143,102.3196003,204.6391704,0
9144,102.3196003,204.6391704,0
9145,102.3196003,204.6391704,0
9146,102.3196003,204.6391704,0
9147,102.3196003,204.6391704,0
9148,102.3196003,204.6391704,0
9149,102.3196003,204.6391704,0
9150,102.3196003,204.6391704,0
9151,102.3196003,204.6391704,0
9152,102.3196003,204.6391704,0
9153,102.3196003,204.6391704,0
9154,102.3196002,204.6391704,0
9155,102.3196002,204.6391704,0
9156,102.3196002,204.6391704,0
9157,102.3196002,204.6391704,0
9158,102.3196002,204.6391704,0
9159,102.3196002,204.6391704,0
9160,102.3196002,204.6391704,0
9161,102.3196002,204.6391704,0
9162,102.3196002,204.6391704,0
9163,102.3196002,204.6391704,0
9164,102.3196002,204.6391704,0
9165,102.3196002,204.6391704,0
9166,102.3196002,204.6391704,0
9167,102.3196002,204.6391704,0
9168,102.3196002,204.6391704,0
9169,102.3196002,204.6391704,0
9170,102.3196002,204.6391704,0
9171,102.3196002,204.6391704,0
9172,102.3196003,204.6391704,0
9173,102.3196003,204.6391704,0
9174,102.3196003,204.6391704,0
9175,102.3196003,204.6391704,0
9176,102.3196003,204.6391704,0
9177,102.3196003,204.6391704,0
9178,102.3196003,204.6391704,0
9179,102.3196003,204.6391704,0
9180,102.3196003,204.6391704,0
9181,102.3196003,204.6391704,0
9182,102.3196003,204.6391704,0
9183,102.3196003,204.6391704,0
9184,102.3196003,204.6391704,0
9185,102.3196003,204.6391704,0
9186,102.3196003,204.6391704,0
9187,102.3196003,204.6391704,0
9188,102.3196003,204.6391704,0
9189,102.3196003,204.6391704,0
9190,102.3196003,204.6391704,0
9191,102.3196003,204.6391704,0
9192,102.3196003,201.7969597,0
9193,102.3196003,201.7969597,0
9194,102.3196003,201.7969597,0
9195,102.3196003,201.7969597,0
9196,102.3196003,204.6391704,0
9197,102.3196003,204.6391704,0
9198,102.3196003,204.6391704,0
9199,102.3196003,204.6391704,0
9200,102.3196003,204.6391704,0
9201,102.3196003,204.6391704,0
9202,102.3196003,204.6391704,0
9203,102.3196003,204.6391704,0
9204,102.3196003,204.6391704,0
9205,102.3196003,204.6391704,0
9206,102.3196003,204.6391704,0
9207,102.3196003,204.6391704,0
9208,102.3196003,204.6391704,0
9209,102.3196003,204.6391704,0
9210,102.3196003,204.6391704,0
9211,102.3196003,204.6391704,0
9212,102.3196003,204.6391704,0
9213,102.3196003,204.6391704,0
9214,102.3196003,204.6391704,0
9215,102.3196003,204.6391704,0
9216,102.3196003,204.6391704,0
9217,102.3196003,204.6391704,0
9218,102.3196003,204.6391704,0
9219,102.3196003,204.6391704,0
9220,102.3196003,204.6391704,0
9221,102.3196003,204.6391704,0
9222,102.3196003,204.6391704,0
9223,102.3196003,204.6391704,0
9224,102.3196003,204.6391704,0
9225,102.3196003,204.6391704,0
9226,102.3196003,204.6391704,0
9227,102.3196003,204.6391704,0
9228,102.3196003,204.6391704,0
9229,102.3196003,204.6391704,0
9230,102.3196003,204.6391704,0
9231,102.3196003,204.6391704,0
9232,102.3196003,204.6391704,0
9233,102.3196003,204.6391704,0
9234,102.3196003,204.6391704,0
9235,102.3196003,204.6391704,0
9236,102.3196003,204.6391704,0
9237,102.3196003,204.6391704,0
9238,102.3196003,204.6391704,0
9239,102.3196003,204.6391704,0
9240,102.3196003,204.6391704,0
9241,102.3196003,204.6391704,0
9242,96.63517808,204.6391704,0
9243,96.63517808,204.6391704,0
9244,102.3196001,204.6391704,0
9245,102.3196001,204.6391704,0
9246,102.3196001,204.6391704,0
9247,102.3196001,204.6391704,0
9248,102.3196001,204.6391704,0
9249,102.3196001,204.6391704,0
9250,102.3196001,204.6391704,0
9251,102.3196001,204.6391704,0
9252,102.3196001,204.6391704,0
9253,102.3196001,204.6391704,0
9254,102.3196003,204.6391704,0
9255,102.3196003,204.6391704,0
9256,102.3196003,204.6391704,0
9257,102.3196003,204.6391704,0
9258,102.3196003,204.6391704,0
9259,102.3196003,204.6391704,0
9260,105.1618113,204.6391704,0
9261,105.1618113,204.6391704,0
9262,105.1618113,207.4813811,0
9263,105.1618113,207.4813811,0
9264,105.1618113,207.4813811,0
9265,105.1618113,207.4813811,0
9266,105.1618113,207.4813811,0
9267,105.1618113,207.4813811,0
9268,105.1618113,207.4813811,0
9269,105.1618113,207.4813811,0
9270,105.1618113,207.4813811,0
9271,105.1618113,207.4813811,0
9272,105.1618113,207.4813811,0
9273,105.1618113,207.4813811,0
9274,105.1618113,207.4813811,0
9275,105.1618113,207.4813811,0
9276,105.1618113,207.4813811,0
9277,105.1618113,207.4813811,0
9278,105.1618113,207.4813811,0
9279,105.1618113,207.4813811,0
9280,105.1618113,207.4813811,0
9281,105.1618113,207.4813811,0
9282,105.1618113,207.4813811,0
9283,105.1618113,207.4813811,0
9284,105.1618113,207.4813811,0
9285,105.1618113,207.4813811,0
9286,105.1618113,207.4813811,0
9287,105.1618113,207.4813811,0
9288,105.1618113,207.4813811,0
9289,105.1618113,207.4813811,0
9290,105.1618113,207.4813811,0
9291,105.1618113,207.4813811,0
9292,105.1618113,207.4813811,0
9293,105.1618113,207.4813811,0
9294,105.1618113,207.4813811,0
9295,105.1618114,207.4813811,0
9296,105.1618114,207.4813811,0
9297,105.1618114,207.4813811,0
9298,105.1618114,207.4813811,0
9299,105.1618114,207.4813811,0
9300,105.1618114,207.4813811,0
9301,105.1618114,207.4813811,0
9302,105.1618114,207.4813811,0
9303,105.1618114,207.4813811,0
9304,105.1618114,207.4813811,0
9305,105.1618114,207.4813811,0
9306,105.1618114,207.4813811,0
9307,105.1618114,207.4813811,0
9308,105.1618114,207.4813811,0
9309,105.1618114,207.4813811,0
9310,105.1618114,207.4813811,0
9311,105.1618114,207.4813811,0
9312,105.1618114,201.7969597,0
9313,105.1618114,201.7969597,0
9314,105.1618114,201.7969597,0
9315,105.1618114,201.7969597,0
9316,105.1618114,201.7969597,0
9317,105.1618114,201.7969597,0
9318,105.1618114,201.7969597,0
9319,105.1618114,201.7969597,0
9320,105.1618114,201.7969597,0
9321,105.1618114,201.7969597,0
9322,105.1618114,204.6391704,0
9323,105.1618114,204.6391704,0
9324,105.1618114,204.6391704,0
9325,105.1618114,204.6391704,0
9326,105.1618114,204.6391704,0
9327,105.1618114,204.6391704,0
9328,105.1618114,204.6391704,0
9329,105.1618114,204.6391704,0
9330,105.1618114,204.6391704,0
9331,105.1618114,204.6391704,0
9332,105.1618114,204.6391704,0
9333,105.1618114,204.6391704,0
9334,105.1618114,204.6391704,0
9335,105.1618114,204.6391704,0
9336,105.1618114,204.6391704,0
9337,105.1618114,204.6391704,0
9338,105.1618114,204.6391704,0
9339,105.1618114,204.6391704,0
9340,105.1618114,204.6391704,0
9341,105.1618114,204.6391704,0
9342,105.1618114,204.6391704,0
9343,105.1618114,204.6391704,0
9344,105.1618114,204.6391704,0
9345,99.47738921,204.6391704,0
9346,99.47738921,204.6391704,0
9347,99.47738921,204.6391704,0
9348,99.47738921,204.6391704,0
9349,99.47738921,204.6391704,0
9350,99.47738921,204.6391704,0
9351,99.47738921,204.6391704,0
9352,99.47738921,204.6391704,0
9353,99.47738921,204.6391704,0
9354,99.47738921,204.6391704,0
9355,99.47738921,204.6391704,0
9356,99.47738921,204.6391704,0
9357,99.47738921,204.6391704,0
9358,99.47738921,204.6391704,0
9359,99.47738921,204.6391704,0
9360,99.47738921,204.6391704,0
9361,99.47738921,204.6391704,0
9362,99.47738921,204.6391704,0
9363,99.47738921,204.6391704,0
9364,99.47738921,204.6391704,0
9365,99.47738921,204.6391704,0
9366,99.47738921,204.6391704,0
9367,99.47738921,204.6391704,0
9368,99.47738921,204.6391704,0
9369,99.47738921,204.6391704,0
9370,99.47738921,204.6391704,0
9371,99.47738921,204.6391704,0
9372,99.47738921,204.6391704,0
9373,99.47738921,204.6391704,0
9374,99.47738921,204.6391704,0
9375,99.47738921,204.6391704,0
9376,99.47738921,204.6391704,0
9377,99.47738921,204.6391704,0
9378,99.47738921,204.6391704,0
9379,99.47738921,204.6391704,0
9380,99.47738921,204.6391704,0
9381,102.3196002,204.6391704,0
9382,102.3196002,204.6391704,0
9383,102.3196002,204.6391704,0
9384,102.3196002,204.6391704,0
9385,102.3196002,204.6391704,0
9386,102.3196002,204.6391704,0
9387,102.3196002,204.6391704,0
9388,102.3196002,204.6391704,0
9389,102.3196002,204.6391704,0
9390,102.3196002,204.6391704,0
9391,102.3196002,204.6391704,0
9392,102.3196002,204.6391704,0
9393,102.3196002,204.6391704,0
9394,102.3196002,204.6391704,0
9395,102.3196002,204.6391704,0
9396,102.3196002,204.6391704,0
9397,102.3196002,204.6391704,0
9398,102.3196002,204.6391704,0
9399,102.3196002,204.6391704,0
9400,102.3196002,204.6391704,0
9401,102.3196002,204.6391704,0
9402,102.3196002,204.6391704,0
9403,102.3196002,204.6391704,0
9404,102.3196002,204.6391704,0
9405,102.3196002,204.6391704,0
9406,105.1618112,204.6391704,0
9407,105.1618112,204.6391704,0
9408,105.1618112,204.6391704,0
9409,105.1618112,204.6391704,0
9410,105.1618112,204.6391704,0
9411,105.1618112,204.6391704,0
9412,105.1618112,204.6391704,0
9413,105.1618112,204.6391704,0
9414,105.1618112,204.6391704,0
9415,105.1618112,204.6391704,0
9416,105.1618112,204.6391704,0
9417,105.1618112,204.6391704,0
9418,105.1618112,204.6391704,0
9419,105.1618112,204.6391704,0
9420,105.1618112,204.6391704,0
9421,105.1618112,204.6391704,0
9422,105.1618112,204.6391704,0
9423,105.1618112,204.6391704,0
9424,105.1618112,204.6391704,0
9425,105.1618112,204.6391704,0
9426,105.1618112,204.6391704,0
9427,105.1618112,204.6391704,0
9428,105.1618112,204.6391704,0
9429,105.1618112,204.6391704,0
9430,105.1618112,204.6391704,0
9431,105.1618112,204.6391704,0
9432,105.1618112,204.6391704,0
9433,105.1618112,204.6391704,0
9434,105.1618112,204.6391704,0
9435,105.1618112,204.6391704,0
9436,105.1618112,204.6391704,0
9437,105.1618112,204.6391704,0
9438,105.1618112,204.6391704,0
9439,105.1618112,204.6391704,0
9440,105.1618112,204.6391704,0
9441,105.1618112,204.6391704,0
9442,105.1618112,204.6391704,0
9443,105.1618112,204.6391704,0
9444,105.1618112,204.6391704,0
9445,105.1618112,204.6391704,0
9446,105.1618112,204.6391704,0
9447,105.1618112,204.6391704,0
9448,105.1618112,204.6391704,0
9449,105.1618112,204.6391704,0
9450,105.1618112,204.6391704,0
9451,105.1618112,204.6391704,0
9452,105.1618112,204.6391704,0
9453,105.1618112,204.6391704,0
9454,105.1618112,204.6391704,0
9455,105.1618112,204.6391704,0
9456,102.3196003,204.6391704,0
9457,102.3196001,204.6391704,0
9458,102.3196001,204.6391704,0
9459,102.3196001,204.6391704,0
9460,102.3196001,204.6391704,0
9461,102.3196001,204.6391704,0
9462,102.3196001,204.6391704,0
9463,102.3196001,204.6391704,0
9464,102.3196001,204.6391704,0
9465,102.3196001,204.6391704,0
9466,102.3196001,204.6391704,0
9467,102.3196001,204.6391704,0
9468,102.3196001,204.6391704,0
9469,102.3196001,204.6391704,0
9470,102.3196001,204.6391704,0
9471,102.3196001,204.6391704,0
9472,102.3196001,204.6391704,0
9473,102.3196001,204.6391704,0
9474,102.3196001,204.6391704,0
9475,102.3196001,204.6391704,0
9476,102.3196001,204.6391704,0
9477,102.3196001,204.6391704,0
9478,102.3196001,204.6391704,0
9479,102.3196001,204.6391704,0
9480,102.3196001,204.6391704,0
9481,102.3196001,204.6391704,0
9482,102.3196001,204.6391704,0
9483,102.3196001,204.6391704,0
9484,102.3196001,204.6391704,0
9485,102.3196001,204.6391704,0
9486,102.3196001,204.6391704,0
9487,102.3196001,204.6391704,0
9488,102.3196001,204.6391704,0
9489,102.3196001,204.6391704,0
9490,102.3196001,204.6391704,0
9491,102.3196001,204.6391704,0
9492,102.3196001,204.6391704,0
9493,102.3196001,204.6391704,0
9494,102.3196001,204.6391704,0
9495,102.3196001,204.6391704,0
9496,102.3196001,204.6391704,0
9497,102.3196001,204.6391704,0
9498,102.3196001,204.6391704,0
9499,102.3196001,204.6391704,0
9500,102.3196001,204.6391704,0
9501,102.3196001,204.6391704,0
9502,102.3196001,204.6391704,0
9503,102.3196001,204.6391704,0
9504,102.3196001,204.6391704,0
9505,102.3196001,204.6391704,0
9506,102.3196001,204.6391704,0
9507,102.3196001,204.6391704,0
9508,102.3196001,204.6391704,0
9509,102.3196001,204.6391704,0
9510,93.79296696,204.6391704,0
9511,96.63517808,204.6391704,0
9512,96.63517808,204.6391704,0
9513,96.63517808,204.6391704,0
9514,96.63517808,204.6391704,0
9515,96.63517808,204.6391704,0
9516,96.63517808,204.6391704,0
9517,105.1618112,204.6391704,0
9518,105.1618112,204.6391704,0
9519,105.1618112,204.6391704,0
9520,105.1618112,204.6391704,0
9521,105.1618112,204.6391704,0
9522,105.1618112,204.6391704,0
9523,105.1618112,204.6391704,0
9524,105.1618112,204.6391704,0
9525,105.1618112,204.6391704,0
9526,105.1618112,204.6391704,0
9527,105.1618112,204.6391704,0
9528,105.1618112,204.6391704,0
9529,105.1618112,204.6391704,0
9530,105.1618112,204.6391704,0
9531,105.1618112,204.6391704,0
9532,105.1618112,204.6391704,0
9533,105.1618112,204.6391704,0
9534,105.1618112,204.6391704,0
9535,105.1618112,204.6391704,0
9536,105.1618112,204.6391704,0
9537,105.1618112,204.6391704,0
9538,105.1618112,204.6391704,0
9539,105.1618112,204.6391704,0
9540,105.1618112,204.6391704,0
9541,105.1618112,204.6391704,0
9542,105.1618112,204.6391704,0
9543,105.1618112,204.6391704,0
9544,105.1618112,204.6391704,0
9545,105.1618112,204.6391704,0
9546,105.1618112,204.6391704,0
9547,105.1618112,204.6391704,0
9548,105.1618112,204.6391704,0
9549,105.1618112,204.6391704,0
9550,105.1618112,204.6391704,0
9551,105.1618112,204.6391704,0
9552,105.1618112,204.6391704,0
9553,105.1618112,204.6391704,0
9554,105.1618112,204.6391704,0
9555,105.1618112,204.6391704,0
9556,105.1618112,204.6391704,0
9557,105.1618112,204.6391704,0
9558,105.1618112,204.6391704,0
9559,105.1618112,204.6391704,0
9560,105.1618112,204.6391704,0
9561,105.1618112,204.6391704,0
9562,105.1618112,204.6391704,0
9563,105.1618112,204.6391704,0
9564,105.1618112,204.6391704,0
9565,105.1618112,204.6391704,0
9566,105.1618112,204.6391704,0
9567,102.3196003,204.6391704,0
9568,102.3196003,204.6391704,0
9569,102.3196003,204.6391704,0
9570,102.3196003,204.6391704,0
9571,102.3196003,204.6391704,0
9572,102.3196003,204.6391704,0
9573,102.3196003,204.6391704,0
9574,102.3196003,204.6391704,0
9575,102.3196003,204.6391704,0
9576,102.3196003,204.6391704,0
9577,102.3196003,204.6391704,0
9578,102.3196003,204.6391704,0
9579,102.3196003,204.6391704,0
9580,102.3196003,204.6391704,0
9581,102.3196003,204.6391704,0
9582,102.3196003,204.6391704,0
9583,102.3196003,204.6391704,0
9584,102.3196003,204.6391704,0
9585,102.3196003,204.6391704,0
9586,102.3196003,204.6391704,0
9587,102.3196003,204.6391704,0
9588,102.3196003,204.6391704,0
9589,102.3196003,201.7969597,0
9590,102.3196003,201.7969597,0
9591,102.3196003,201.7969597,0
9592,102.3196003,201.7969597,0
9593,102.3196003,201.7969597,0
9594,102.3196003,204.6391704,0
9595,102.3196003,204.6391704,0
9596,102.3196003,204.6391704,0
9597,102.3196003,204.6391704,0
9598,102.3196003,204.6391704,0
9599,102.3196003,204.6391704,0
9600,102.3196003,204.6391704,0
9601,102.3196003,204.6391704,0
9602,102.3196003,204.6391704,0
9603,102.3196003,204.6391704,0
9604,102.3196003,204.6391704,0
9605,102.3196003,204.6391704,0
9606,102.3196003,204.6391704,0
9607,102.3196003,204.6391704,0
9608,102.3196003,204.6391704,0
9609,102.3196003,204.6391704,0
9610,102.3196003,204.6391704,0
9611,102.3196003,204.6391704,0
9612,102.3196003,204.6391704,0
9613,102.3196003,204.6391704,0
9614,102.3196003,204.6391704,0
9615,102.3196003,204.6391704,0
9616,102.3196003,204.6391704,0
9617,102.3196003,204.6391704,0
9618,102.3196003,204.6391704,0
9619,102.3196002,204.6391704,0
9620,102.3196002,204.6391704,0
9621,102.3196002,204.6391704,0
9622,102.3196002,204.6391704,0
9623,102.3196002,204.6391704,0
9624,102.3196002,204.6391704,0
9625,102.3196002,204.6391704,0
9626,102.3196002,204.6391704,0
9627,102.3196002,204.6391704,0
9628,102.3196002,204.6391704,0
9629,102.3196002,204.6391704,0
9630,102.3196002,204.6391704,0
9631,102.3196002,204.6391704,0
9632,102.3196002,204.6391704,0
9633,102.3196002,204.6391704,0
9634,102.3196002,204.6391704,0
9635,102.3196002,204.6391704,0
9636,102.3196002,204.6391704,0
9637,102.3196002,204.6391704,0
9638,102.3196002,204.6391704,0
9639,102.3196002,204.6391704,0
9640,102.3196002,204.6391704,0
9641,102.3196002,204.6391704,0
9642,102.3196002,204.6391704,0
9643,102.3196002,204.6391704,0
9644,102.3196002,204.6391704,0
9645,102.3196002,204.6391704,0
9646,102.3196002,204.6391704,0
9647,102.3196002,204.6391704,0
9648,102.3196002,204.6391704,0
9649,102.3196002,204.6391704,0
9650,102.3196002,204.6391704,0
9651,102.3196002,204.6391704,0
9652,102.3196001,204.6391704,0
9653,102.3196001,204.6391704,0
9654,102.3196001,204.6391704,0
9655,102.3196001,204.6391704,0
9656,102.3196001,204.6391704,0
9657,102.3196001,204.6391704,0
9658,102.3196001,204.6391704,0
9659,99.47738906,204.6391704,0
9660,99.47738906,204.6391704,0
9661,99.47738906,204.6391704,0
9662,99.47738906,204.6391704,0
9663,99.47738906,204.6391704,0
9664,99.47738906,204.6391704,0
9665,99.47738906,204.6391704,0
9666,99.47738906,204.6391704,0
9667,99.47738906,204.6391704,0
9668,99.47738906,204.6391704,0
9669,99.47738906,204.6391704,0
9670,99.47738906,204.6391704,0
9671,99.47738906,204.6391704,0
9672,99.47738906,204.6391704,0
9673,99.47738906,204.6391704,0
9674,99.47738906,204.6391704,0
9675,99.47738906,204.6391704,0
9676,99.47738906,204.6391704,0
9677,99.47738906,204.6391704,0
9678,99.47738899,204.6391704,0
9679,99.47738899,204.6391704,0
9680,99.47738899,204.6391704,0
9681,99.47738899,204.6391704,0
9682,99.47738899,204.6391704,0
9683,99.47738899,204.6391704,0
9684,99.47738899,207.4813811,0
9685,99.47738921,207.4813811,0
9686,99.47738921,207.4813811,0
9687,99.47738921,207.4813811,0
9688,99.47738921,207.4813811,0
9689,99.47738921,207.4813811,0
9690,99.47738921,207.4813811,0
9691,99.47738921,207.4813811,0
9692,99.47738921,207.4813811,0
9693,99.47738921,207.4813811,0
9694,99.47738921,207.4813811,0
9695,99.47738921,207.4813811,0
9696,99.47738921,207.4813811,0
9697,99.47738921,207.4813811,0
9698,99.47738921,207.4813811,0
9699,99.47738921,207.4813811,0
9700,99.47738921,207.4813811,0
9701,99.47738921,207.4813811,0
9702,99.47738921,207.4813811,0
9703,99.47738921,207.4813811,0
9704,99.47738921,207.4813811,0
9705,99.47738921,207.4813811,0
9706,102.3196002,207.4813811,0
9707,102.3196002,207.4813811,0
9708,102.3196002,207.4813811,0
9709,102.3196002,207.4813811,0
9710,102.3196002,207.4813811,0
9711,102.3196002,207.4813811,0
9712,102.3196002,207.4813811,0
9713,102.3196002,207.4813811,0
9714,102.3196002,207.4813811,0
9715,102.3196002,207.4813811,0
9716,102.3196002,207.4813811,0
9717,102.3196002,207.4813811,0
9718,102.3196002,207.4813811,0
9719,102.3196002,207.4813811,0
9720,102.3196002,207.4813811,0
9721,102.3196002,207.4813811,0
9722,102.3196002,207.4813811,0
9723,102.3196002,207.4813811,0
9724,102.3196002,207.4813811,0
9725,102.3196002,207.4813811,0
9726,102.3196002,207.4813811,0
9727,102.3196002,207.4813811,0
9728,102.3196002,207.4813811,0
9729,102.3196002,207.4813811,0
9730,102.3196002,207.4813811,0
9731,102.3196003,207.4813811,0
9732,102.3196003,207.4813811,0
9733,102.3196003,207.4813811,0
9734,102.3196003,204.6391704,0
9735,102.3196003,204.6391704,0
9736,102.3196003,204.6391704,0
9737,102.3196003,204.6391704,0
9738,102.3196003,204.6391704,0
9739,102.3196003,204.6391704,0
9740,102.3196003,204.6391704,0
9741,102.3196003,204.6391704,0
9742,102.3196003,204.6391704,0
9743,102.3196003,204.6391704,0
9744,102.3196003,204.6391704,0
9745,102.3196003,204.6391704,0
9746,102.3196003,204.6391704,0
9747,102.3196003,204.6391704,0
9748,102.3196003,204.6391704,0
9749,102.3196003,204.6391704,0
9750,102.3196003,204.6391704,0
9751,102.3196003,204.6391704,0
9752,102.3196003,204.6391704,0
9753,102.3196003,204.6391704,0
9754,102.3196003,204.6391704,0
9755,102.3196003,204.6391704,0
9756,102.3196003,204.6391704,0
9757,102.3196003,204.6391704,0
9758,102.3196003,204.6391704,0
9759,102.3196003,204.6391704,0
9760,102.3196003,204.6391704,0
9761,102.3196003,204.6391704,0
9762,102.3196003,204.6391704,0
9763,102.3196003,204.6391704,0
9764,102.3196003,204.6391704,0
9765,102.3196003,204.6391704,0
9766,102.3196003,204.6391704,0
9767,102.3196003,204.6391704,0
9768,102.3196003,204.6391704,0
9769,102.3196003,204.6391704,0
9770,102.3196003,204.6391704,0
9771,102.3196003,204.6391704,0
9772,102.3196003,204.6391704,0
9773,102.3196003,204.6391704,0
9774,102.3196003,204.6391704,0
9775,102.3196003,204.6391704,0
9776,102.3196003,204.6391704,0
9777,102.3196003,204.6391704,0
9778,102.3196003,204.6391704,0
9779,102.3196003,204.6391704,0
9780,102.3196003,204.6391704,0
9781,99.47738921,204.6391704,0
9782,99.47738921,204.6391704,0
9783,99.47738921,204.6391704,0
9784,99.47738921,204.6391704,0
9785,99.47738921,204.6391704,0
9786,99.47738921,204.6391704,0
9787,99.47738921,204.6391704,0
9788,99.47738921,204.6391704,0
9789,99.47738921,204.6391704,0
9790,99.47738921,204.6391704,0
9791,102.3196001,204.6391704,0
9792,102.3196001,204.6391704,0
9793,102.3196001,204.6391704,0
9794,102.3196001,204.6391704,0
9795,102.3196001,204.6391704,0
9796,102.3196001,204.6391704,0
9797,102.3196001,204.6391704,0
9798,102.3196001,204.6391704,0
9799,102.3196001,204.6391704,0
9800,102.3196001,204.6391704,0
9801,102.3196001,204.6391704,0
9802,102.3196001,204.6391704,0
9803,102.3196001,204.6391704,0
9804,102.3196001,204.6391704,0
9805,102.3196001,204.6391704,0
9806,102.3196001,204.6391704,0
9807,102.3196001,204.6391704,0
9808,102.3196001,204.6391704,0
9809,102.3196001,204.6391704,0
9810,102.3196001,204.6391704,0
9811,102.3196001,204.6391704,0
9812,102.3196001,204.6391704,0
9813,102.3196001,204.6391704,0
9814,102.3196001,204.6391704,0
9815,102.3196001,204.6391704,0
9816,102.3196001,204.6391704,0
9817,102.3196001,204.6391704,0
9818,102.3196001,204.6391704,0
9819,102.3196001,201.7969597,0
9820,102.3196001,201.7969597,0
9821,102.3196001,201.7969597,0
9822,102.3196001,201.7969597,0
9823,102.3196001,201.7969597,0
9824,102.3196001,201.7969597,0
9825,102.3196001,201.7969597,0
9826,102.3196001,201.7969597,0
9827,102.3196001,201.7969597,0
9828,102.3196001,201.7969597,0
9829,102.3196001,201.7969597,0
9830,102.3196001,201.7969597,0
9831,102.3196001,201.7969597,0
9832,102.3196001,201.7969597,0
9833,102.3196001,201.7969597,0
9834,102.3196001,201.7969597,0
9835,102.3196001,201.7969597,0
9836,102.3196001,201.7969597,0
9837,102.3196001,201.7969597,0
9838,102.3196001,201.7969597,0
9839,102.3196001,201.7969597,0
9840,102.3196001,201.7969597,0
9841,102.3196001,201.7969597,0
9842,102.3196001,201.7969597,0
9843,102.3196001,201.7969597,0
9844,102.3196001,201.7969597,0
9845,102.3196001,201.7969597,0
9846,102.3196001,201.7969597,0
9847,102.3196001,201.7969597,0
9848,102.3196001,201.7969597,0
9849,102.3196001,201.7969597,0
9850,102.3196001,207.4813811,0
9851,102.3196001,207.4813811,0
9852,102.3196001,207.4813811,0
9853,102.3196001,207.4813811,0
9854,102.3196001,207.4813811,0
9855,102.3196001,207.4813811,0
9856,102.3196001,207.4813811,0
9857,102.3196001,207.4813811,0
9858,102.3196001,207.4813811,0
9859,102.3196001,207.4813811,0
9860,102.3196001,207.4813811,0
9861,102.3196001,207.4813811,0
9862,102.3196001,207.4813811,0
9863,102.3196001,207.4813811,0
9864,102.3196001,207.4813811,0
9865,102.3196001,207.4813811,0
9866,102.3196001,207.4813811,0
9867,102.3196001,207.4813811,0
9868,102.3196001,207.4813811,0
9869,102.3196001,207.4813811,0
9870,102.3196001,207.4813811,0
9871,102.3196001,207.4813811,0
9872,102.3196001,207.4813811,0
9873,102.3196001,207.4813811,0
9874,102.3196001,207.4813811,0
9875,102.3196001,207.4813811,0
9876,102.3196001,207.4813811,0
9877,102.3196001,207.4813811,0
9878,102.3196001,207.4813811,0
9879,102.3196001,207.4813811,0
9880,102.3196001,207.4813811,0
9881,102.3196001,207.4813811,0
9882,102.3196001,207.4813811,0
9883,102.3196001,207.4813811,0
9884,102.3196001,207.4813811,0
9885,102.3196001,207.4813811,0
9886,102.3196001,207.4813811,0
9887,102.3196001,207.4813811,0
9888,102.3196001,207.4813811,0
9889,102.3196001,207.4813811,0
9890,99.47738913,207.4813811,0
9891,99.47738913,207.4813811,0
9892,99.47738913,207.4813811,0
9893,99.47738913,207.4813811,0
9894,99.47738913,207.4813811,0
9895,99.47738913,207.4813811,0
9896,99.47738913,207.4813811,0
9897,99.47738913,207.4813811,0
9898,99.47738913,207.4813811,0
9899,99.47738913,207.4813811,0
9900,99.47738913,204.6391704,0
9901,99.47738913,204.6391704,0
9902,99.47738913,204.6391704,0
9903,99.47738913,204.6391704,0
9904,99.47738913,204.6391704,0
9905,99.47738913,204.6391704,0
9906,99.47738913,204.6391704,0
9907,102.3196001,204.6391704,0
9908,102.3196001,204.6391704,0
9909,102.3196001,204.6391704,0
9910,102.3196001,204.6391704,0
9911,102.3196001,204.6391704,0
9912,102.3196001,204.6391704,0
9913,102.3196001,204.6391704,0
9914,102.3196001,204.6391704,0
9915,102.3196001,204.6391704,0
9916,102.3196001,204.6391704,0
9917,102.3196001,204.6391704,0
9918,102.3196001,204.6391704,0
9919,102.3196001,204.6391704,0
9920,102.3196001,204.6391704,0
9921,102.3196001,204.6391704,0
9922,102.3196001,207.4813811,0
9923,102.3196003,207.4813811,0
9924,102.3196003,207.4813811,0
9925,102.3196003,207.4813811,0
9926,102.3196003,207.4813811,0
9927,102.3196003,207.4813811,0
9928,102.3196003,207.4813811,0
9929,102.3196003,207.4813811,0
9930,102.3196003,207.4813811,0
9931,102.3196003,207.4813811,0
9932,102.3196003,207.4813811,0
9933,102.3196003,207.4813811,0
9934,102.3196003,207.4813811,0
9935,102.3196003,207.4813811,0
9936,102.3196003,207.4813811,0
9937,102.3196003,207.4813811,0
9938,102.3196003,207.4813811,0
9939,102.3196003,207.4813811,0
9940,102.3196003,207.4813811,0
9941,102.3196003,207.4813811,0
9942,102.3196003,207.4813811,0
9943,102.3196003,207.4813811,0
9944,102.3196003,207.4813811,0
9945,102.3196003,207.4813811,0
9946,102.3196003,207.4813811,0
9947,102.3196003,207.4813811,0
9948,102.3196003,207.4813811,0
9949,102.3196003,207.4813811,0
9950,102.3196003,207.4813811,0
9951,102.3196003,207.4813811,0
9952,102.3196003,207.4813811,0
9953,102.3196003,207.4813811,0
9954,102.3196003,207.4813811,0
9955,102.3196003,207.4813811,0
9956,102.3196003,207.4813811,0
9957,102.3196003,207.4813811,0
9958,102.3196003,207.4813811,0
9959,102.3196003,207.4813811,0
9960,102.3196003,207.4813811,0
9961,102.3196003,207.4813811,0
9962,102.3196003,207.4813811,0
9963,102.3196003,207.4813811,0
9964,102.3196003,207.4813811,0
9965,102.3196003,207.4813811,0
9966,102.3196003,207.4813811,0
9967,102.3196003,207.4813811,0
9968,102.3196003,207.4813811,0
9969,102.3196003,207.4813811,0
9970,102.3196003,207.4813811,0
9971,102.3196003,207.4813811,0
9972,102.3196003,204.6391704,0
9973,102.3196001,204.6391704,0
9974,102.3196001,204.6391704,0
9975,102.3196001,204.6391704,0
9976,102.3196001,204.6391704,0
9977,102.3196001,204.6391704,0
9978,102.3196001,204.6391704,0
9979,102.3196001,204.6391704,0
9980,102.3196002,204.6391704,0
9981,102.3196002,204.6391704,0
9982,102.3196002,204.6391704,0
9983,102.3196002,204.6391704,0
9984,102.3196002,204.6391704,0
9985,102.3196002,204.6391704,0
9986,102.3196002,204.6391704,0
9987,102.3196002,204.6391704,0
9988,102.3196002,204.6391704,0
9989,102.3196002,204.6391704,0
9990,102.3196002,204.6391704,0
9991,102.3196002,204.6391704,0
9992,102.3196002,204.6391704,0
9993,102.3196002,204.6391704,0
9994,102.3196002,204.6391704,0
9995,102.3196002,204.6391704,0
9996,102.3196002,204.6391704,0
9997,102.3196002,204.6391704,0
9998,105.1618112,204.6391704,0
9999,105.1618112,204.6391704,0
10000,105.1618112,204.6391704,0
10001,105.1618112,204.6391704,0
10002,105.1618112,204.6391704,0
10003,105.1618112,204.6391704,0
10004,105.1618112,204.6391704,0
10005,105.1618112,204.6391704,0
10006,105.1618112,204.6391704,0
10007,105.1618112,204.6391704,0
10008,105.1618112,204.6391704,0
10009,105.1618112,204.6391704,0
10010,105.1618112,204.6391704,0
10011,105.1618112,204.6391704,0
10012,105.1618112,204.6391704,0
10013,105.1618112,204.6391704,0
10014,105.1618112,204.6391704,0
10015,105.1618112,204.6391704,0
10016,105.1618112,204.6391704,0
10017,105.1618112,204.6391704,0
10018,105.1618112,204.6391704,0
10019,105.1618112,204.6391704,0
10020,105.1618112,204.6391704,0
10021,105.1618112,204.6391704,0
10022,105.1618112,204.6391704,0
10023,105.1618112,204.6391704,0
10024,105.1618112,204.6391704,0
10025,105.1618112,204.6391704,0
10026,105.1618112,204.6391704,0
10027,105.1618112,204.6391704,0
10028,105.1618112,204.6391704,0
10029,105.1618112,204.6391704,0
10030,105.1618112,204.6391704,0
10031,105.1618112,204.6391704,0
10032,105.1618112,204.6391704,0
10033,105.1618112,204.6391704,0
10034,105.1618112,204.6391704,0
10035,105.1618112,204.6391704,0
10036,105.1618112,204.6391704,0
10037,105.1618112,204.6391704,0
10038,105.1618112,204.6391704,0
10039,105.1618112,204.6391704,0
10040,105.1618112,204.6391704,0
10041,105.1618112,204.6391704,0
10042,105.1618112,204.6391704,0
10043,105.1618112,204.6391704,0
10044,105.1618112,204.6391704,0
10045,105.1618112,204.6391704,0
10046,105.1618112,204.6391704,0
10047,105.1618112,204.6391704,0
10048,102.3196001,204.6391704,0
10049,102.3196001,204.6391704,0
10050,102.3196001,204.6391704,0
10051,102.3196001,204.6391704,0
10052,102.3196001,204.6391704,0
10053,102.3196001,204.6391704,0
10054,102.3196001,204.6391704,0
10055,102.3196001,204.6391704,0
10056,102.3196001,204.6391704,0
10057,102.3196001,204.6391704,0
10058,102.3196001,201.7969597,0
10059,102.3196001,201.7969597,0
10060,102.3196002,201.7969597,0
10061,102.3196002,201.7969597,0
10062,102.3196002,204.6391704,0
10063,102.3196002,204.6391704,0
10064,102.3196002,204.6391704,0
10065,102.3196002,204.6391704,0
10066,102.3196002,204.6391704,0
10067,102.3196002,204.6391704,0
10068,102.3196002,204.6391704,0
10069,102.3196002,204.6391704,0
10070,102.3196002,204.6391704,0
10071,102.3196002,204.6391704,0
10072,102.3196002,204.6391704,0
10073,102.3196002,204.6391704,0
10074,102.3196002,204.6391704,0
10075,102.3196002,204.6391704,0
10076,102.3196002,204.6391704,0
10077,102.3196002,204.6391704,0
10078,102.3196002,204.6391704,0
10079,102.3196002,204.6391704,0
10080,102.3196002,204.6391704,0
10081,102.3196002,204.6391704,0
10082,102.3196002,204.6391704,0
10083,102.3196002,204.6391704,0
10084,102.3196002,204.6391704,0
10085,102.3196002,204.6391704,0
10086,102.3196002,204.6391704,0
10087,102.3196002,204.6391704,0
10088,102.3196002,204.6391704,0
10089,102.3196002,204.6391704,0
10090,102.3196002,204.6391704,0
10091,102.3196002,204.6391704,0
10092,102.3196002,204.6391704,0
10093,102.3196002,204.6391704,0
10094,102.3196002,204.6391704,0
10095,102.3196002,204.6391704,0
10096,102.3196002,204.6391704,0
10097,102.3196002,204.6391704,0
10098,102.3196002,204.6391704,0
10099,102.3196003,204.6391704,0
10100,102.3196003,204.6391704,0
10101,102.3196003,204.6391704,0
10102,102.3196003,204.6391704,0
10103,102.3196003,204.6391704,0
10104,102.3196003,204.6391704,0
10105,105.1618112,204.6391704,0
10106,105.1618112,204.6391704,0
10107,105.1618112,204.6391704,0
10108,105.1618112,204.6391704,0
10109,105.1618112,204.6391704,0
10110,105.1618112,204.6391704,0
10111,105.1618112,204.6391704,0
10112,105.1618112,204.6391704,0
10113,105.1618112,204.6391704,0
10114,105.1618112,204.6391704,0
10115,105.1618114,204.6391704,0
10116,105.1618114,204.6391704,0
10117,105.1618114,204.6391704,0
10118,105.1618114,204.6391704,0
10119,105.1618114,204.6391704,0
10120,105.1618114,204.6391704,0
10121,105.1618114,204.6391704,0
10122,105.1618114,204.6391704,0
10123,105.1618114,204.6391704,0
10124,105.1618114,204.6391704,0
10125,105.1618114,204.6391704,0
10126,105.1618114,204.6391704,0
10127,105.1618114,204.6391704,0
10128,105.1618114,204.6391704,0
10129,105.1618114,204.6391704,0
10130,105.1618114,204.6391704,0
10131,105.1618114,204.6391704,0
10132,105.1618114,204.6391704,0
10133,105.1618114,204.6391704,0
10134,105.1618114,204.6391704,0
10135,105.1618114,204.6391704,0
10136,105.1618114,204.6391704,0
10137,105.1618114,204.6391704,0
10138,105.1618114,204.6391704,0
10139,105.1618114,204.6391704,0
10140,105.1618114,204.6391704,0
10141,105.1618114,204.6391704,0
10142,105.1618114,204.6391704,0
10143,105.1618114,204.6391704,0
10144,105.1618114,204.6391704,0
10145,105.1618114,204.6391704,0
10146,105.1618114,204.6391704,0
10147,105.1618114,204.6391704,0
10148,105.1618114,204.6391704,0
10149,105.1618114,204.6391704,0
10150,105.1618114,204.6391704,0
10151,105.1618114,204.6391704,0
10152,105.1618114,204.6391704,0
10153,105.1618114,204.6391704,0
10154,105.1618114,204.6391704,0
10155,105.1618114,204.6391704,0
10156,105.1618114,204.6391704,0
10157,105.1618114,204.6391704,0
10158,105.1618114,204.6391704,0
10159,105.1618114,204.6391704,0
10160,105.1618114,204.6391704,0
10161,105.1618114,204.6391704,0
10162,105.1618114,204.6391704,0
10163,105.1618114,204.6391704,0
10164,105.1618114,204.6391704,0
10165,105.1618114,207.4813811,0
10166,105.1618114,207.4813811,0
10167,105.1618114,207.4813811,0
10168,105.1618114,207.4813811,0
10169,105.1618114,207.4813811,0
10170,105.1618114,207.4813811,0
10171,105.1618114,207.4813811,0
10172,105.1618114,207.4813811,0
10173,105.1618114,207.4813811,0
10174,105.1618114,207.4813811,0
10175,105.1618114,207.4813811,0
10176,105.1618114,207.4813811,0
10177,105.1618114,207.4813811,0
10178,105.1618114,207.4813811,0
10179,105.1618114,207.4813811,0
10180,105.1618114,207.4813811,0
10181,105.1618114,207.4813811,0
10182,105.1618114,207.4813811,0
10183,105.1618114,207.4813811,0
10184,105.1618114,207.4813811,0
10185,105.1618114,207.4813811,0
10186,105.1618114,207.4813811,0
10187,105.1618114,207.4813811,0
10188,105.1618114,207.4813811,0
10189,105.1618114,207.4813811,0
10190,105.1618114,207.4813811,0
10191,105.1618114,207.4813811,0
10192,105.1618114,207.4813811,0
10193,105.1618114,207.4813811,0
10194,105.1618114,207.4813811,0
10195,105.1618114,207.4813811,0
10196,105.1618114,207.4813811,0
10197,105.1618114,207.4813811,0
10198,105.1618114,207.4813811,0
10199,105.1618114,207.4813811,0
10200,105.1618114,207.4813811,0
10201,105.1618114,207.4813811,0
10202,105.1618114,207.4813811,0
10203,105.1618114,207.4813811,0
10204,105.1618114,207.4813811,0
10205,105.1618114,207.4813811,0
10206,102.3196002,207.4813811,0
10207,102.3196002,207.4813811,0
10208,102.3196002,207.4813811,0
10209,102.3196002,207.4813811,0
10210,102.3196002,207.4813811,0
10211,102.3196002,207.4813811,0
10212,102.3196002,207.4813811,0
10213,102.3196002,207.4813811,0
10214,102.3196002,207.4813811,0
10215,102.3196002,204.6391704,0
10216,102.3196002,204.6391704,0
10217,102.3196002,204.6391704,0
10218,102.3196002,204.6391704,0
10219,102.3196002,204.6391704,0
10220,102.3196002,204.6391704,0
10221,102.3196002,204.6391704,0
10222,102.3196002,204.6391704,0
10223,102.3196002,204.6391704,0
10224,102.3196002,204.6391704,0
10225,102.3196002,204.6391704,0
10226,102.3196002,204.6391704,0
10227,102.3196002,204.6391704,0
10228,102.3196002,204.6391704,0
10229,102.3196002,204.6391704,0
10230,102.3196002,204.6391704,0
10231,102.3196002,204.6391704,0
10232,102.3196002,204.6391704,0
10233,102.3196002,204.6391704,0
10234,102.3196002,204.6391704,0
10235,102.3196002,204.6391704,0
10236,102.3196002,204.6391704,0
10237,102.3196002,204.6391704,0
10238,102.3196002,204.6391704,0
10239,102.3196002,204.6391704,0
10240,102.3196002,204.6391704,0
10241,102.3196002,204.6391704,0
10242,102.3196002,204.6391704,0
10243,102.3196002,204.6391704,0
10244,102.3196002,204.6391704,0
10245,102.3196002,204.6391704,0
10246,102.3196002,204.6391704,0
10247,102.3196002,204.6391704,0
10248,102.3196002,204.6391704,0
10249,102.3196002,204.6391704,0
10250,102.3196002,204.6391704,0
10251,102.3196002,204.6391704,0
10252,102.3196002,204.6391704,0
10253,102.3196002,204.6391704,0
10254,102.3196002,204.6391704,0
10255,102.3196002,204.6391704,0
10256,102.3196002,204.6391704,0
10257,102.3196002,204.6391704,0
10258,102.3196002,204.6391704,0
10259,99.47738921,204.6391704,0
10260,99.47738921,204.6391704,0
10261,105.1618114,204.6391704,0
10262,105.1618114,204.6391704,0
10263,105.1618114,204.6391704,0
10264,105.1618114,204.6391704,0
10265,105.1618114,204.6391704,0
10266,105.1618114,204.6391704,0
10267,105.1618114,204.6391704,0
10268,105.1618114,204.6391704,0
10269,105.1618114,204.6391704,0
10270,105.1618114,204.6391704,0
10271,105.1618114,204.6391704,0
10272,105.1618114,204.6391704,0
10273,105.1618114,204.6391704,0
10274,105.1618114,204.6391704,0
10275,105.1618114,204.6391704,0
10276,105.1618114,204.6391704,0
10277,105.1618114,204.6391704,0
10278,105.1618114,204.6391704,0
10279,105.1618114,204.6391704,0
10280,105.1618114,204.6391704,0
10281,105.1618114,204.6391704,0
10282,105.1618114,204.6391704,0
10283,105.1618114,204.6391704,0
10284,105.1618114,204.6391704,0
10285,105.1618114,204.6391704,0
10286,105.1618114,204.6391704,0
10287,105.1618114,204.6391704,0
10288,105.1618114,204.6391704,0
10289,105.1618114,204.6391704,0
10290,105.1618114,204.6391704,0
10291,105.1618114,204.6391704,0
10292,105.1618114,204.6391704,0
10293,105.1618114,204.6391704,0
10294,105.1618114,204.6391704,0
10295,105.1618114,204.6391704,0
10296,105.1618114,204.6391704,0
10297,105.1618114,204.6391704,0
10298,105.1618114,204.6391704,0
10299,105.1618114,204.6391704,0
10300,105.1618114,204.6391704,0
10301,105.1618114,204.6391704,0
10302,105.1618114,204.6391704,0
10303,105.1618114,204.6391704,0
10304,105.1618114,204.6391704,0
10305,105.1618114,204.6391704,0
10306,105.1618114,204.6391704,0
10307,105.1618114,204.6391704,0
10308,105.1618114,204.6391704,0
10309,105.1618114,204.6391704,0
10310,105.1618114,204.6391704,0
10311,105.1618112,204.6391704,0
10312,105.1618112,204.6391704,0
10313,105.1618112,204.6391704,0
10314,105.1618112,204.6391704,0
10315,105.1618112,204.6391704,0
10316,105.1618112,204.6391704,0
10317,105.1618112,204.6391704,0
10318,105.1618112,204.6391704,0
10319,105.1618112,204.6391704,0
10320,105.1618112,204.6391704,0
10321,105.1618112,204.6391704,0
10322,105.1618112,204.6391704,0
10323,105.1618112,204.6391704,0
10324,105.1618112,204.6391704,0
10325,105.1618112,204.6391704,0
10326,105.1618112,207.4813811,0
10327,105.1618112,207.4813811,0
10328,105.1618112,207.4813811,0
10329,105.1618112,207.4813811,0
10330,105.1618114,207.4813811,0
10331,105.1618114,207.4813811,0
10332,105.1618114,207.4813811,0
10333,105.1618114,207.4813811,0
10334,105.1618114,207.4813811,0
10335,105.1618114,207.4813811,0
10336,105.1618114,207.4813811,0
10337,105.1618114,207.4813811,0
10338,105.1618114,207.4813811,0
10339,105.1618114,207.4813811,0
10340,105.1618114,207.4813811,0
10341,105.1618114,207.4813811,0
10342,105.1618114,207.4813811,0
10343,105.1618114,207.4813811,0
10344,105.1618114,207.4813811,0
10345,105.1618114,207.4813811,0
10346,105.1618114,207.4813811,0
10347,105.1618114,207.4813811,0
10348,105.1618114,207.4813811,0
10349,105.1618114,207.4813811,0
10350,105.1618114,207.4813811,0
10351,105.1618114,207.4813811,0
10352,105.1618114,207.4813811,0
10353,105.1618114,207.4813811,0
10354,105.1618114,207.4813811,0
10355,105.1618114,207.4813811,0
10356,105.1618114,207.4813811,0
10357,105.1618114,207.4813811,0
10358,105.1618114,207.4813811,0
10359,105.1618114,207.4813811,0
10360,105.1618114,207.4813811,0
10361,105.1618114,207.4813811,0
10362,105.1618114,207.4813811,0
10363,105.1618114,207.4813811,0
10364,105.1618114,207.4813811,0
10365,105.1618114,207.4813811,0
10366,105.1618114,207.4813811,0
10367,105.1618114,207.4813811,0
10368,105.1618114,207.4813811,0
10369,105.1618114,207.4813811,0
10370,105.1618114,207.4813811,0
10371,105.1618114,207.4813811,0
10372,105.1618114,207.4813811,0
10373,105.1618114,207.4813811,0
10374,105.1618114,207.4813811,0
10375,105.1618114,207.4813811,0
10376,105.1618114,204.6391704,0
10377,105.1618114,204.6391704,0
10378,105.1618114,204.6391704,0
10379,105.1618114,204.6391704,0
10380,105.1618114,204.6391704,0
10381,105.1618114,204.6391704,0
10382,105.1618114,204.6391704,0
10383,105.1618114,204.6391704,0
10384,105.1618114,204.6391704,0
10385,105.1618114,204.6391704,0
10386,105.1618114,204.6391704,0
10387,105.1618114,204.6391704,0
10388,105.1618114,204.6391704,0
10389,105.1618114,204.6391704,0
10390,105.1618114,204.6391704,0
10391,105.1618114,204.6391704,0
10392,105.1618114,204.6391704,0
10393,105.1618114,204.6391704,0
10394,105.1618114,204.6391704,0
10395,105.1618114,204.6391704,0
10396,105.1618114,204.6391704,0
10397,105.1618114,204.6391704,0
10398,105.1618114,204.6391704,0
10399,105.1618114,204.6391704,0
10400,105.1618114,204.6391704,0
10401,105.1618114,204.6391704,0
10402,105.1618114,204.6391704,0
10403,105.1618114,204.6391704,0
10404,105.1618114,204.6391704,0
10405,105.1618114,204.6391704,0
10406,105.1618114,204.6391704,0
10407,105.1618114,207.4813811,0
10408,105.1618114,207.4813811,0
10409,105.1618114,207.4813811,0
10410,105.1618114,207.4813811,0
10411,105.1618114,207.4813811,0
10412,105.1618114,207.4813811,0
10413,105.1618114,207.4813811,0
10414,105.1618114,207.4813811,0
10415,105.1618114,207.4813811,0
10416,105.1618114,207.4813811,0
10417,105.1618114,207.4813811,0
10418,105.1618114,207.4813811,0
10419,105.1618114,207.4813811,0
10420,105.1618114,207.4813811,0
10421,105.1618114,207.4813811,0
10422,105.1618114,207.4813811,0
10423,105.1618114,207.4813811,0
10424,105.1618114,207.4813811,0
10425,105.1618114,207.4813811,0
10426,105.1618114,207.4813811,0
10427,105.1618114,207.4813811,0
10428,105.1618114,207.4813811,0
10429,105.1618114,207.4813811,0
10430,105.1618114,207.4813811,0
10431,105.1618114,207.4813811,0
10432,105.1618114,207.4813811,0
10433,105.1618114,207.4813811,0
10434,105.1618114,207.4813811,0
10435,105.1618114,207.4813811,0
10436,105.1618114,207.4813811,0
10437,105.1618114,207.4813811,0
10438,105.1618112,207.4813811,0
10439,105.1618112,207.4813811,0
10440,105.1618112,207.4813811,0
10441,105.1618112,207.4813811,0
10442,105.1618112,207.4813811,0
10443,105.1618112,207.4813811,0
10444,105.1618112,207.4813811,0
10445,105.1618112,207.4813811,0
10446,105.1618112,207.4813811,0
10447,105.1618112,207.4813811,0
10448,105.1618112,207.4813811,0
10449,105.1618112,207.4813811,0
10450,105.1618112,207.4813811,0
10451,105.1618112,207.4813811,0
10452,102.3196003,207.4813811,0
10453,102.3196001,207.4813811,0
10454,102.3196001,207.4813811,0
10455,102.3196001,207.4813811,0
10456,102.3196001,207.4813811,0
10457,99.47738913,207.4813811,0
10458,99.47738913,207.4813811,0
10459,99.47738913,207.4813811,0
10460,99.47738913,207.4813811,0
10461,99.47738913,207.4813811,0
10462,99.47738913,207.4813811,0
10463,99.47738913,207.4813811,0
10464,99.47738913,207.4813811,0
10465,99.47738913,207.4813811,0
10466,99.47738913,207.4813811,0
10467,99.47738913,207.4813811,0
10468,99.47738913,207.4813811,0
10469,99.47738913,207.4813811,0
10470,99.47738913,207.4813811,0
10471,99.47738913,207.4813811,0
10472,102.3196002,207.4813811,0
10473,102.3196002,207.4813811,0
10474,102.3196002,207.4813811,0
10475,102.3196002,207.4813811,0
10476,102.3196002,207.4813811,0
10477,102.3196002,207.4813811,0
10478,105.1618112,207.4813811,0
10479,105.1618112,207.4813811,0
10480,105.1618112,207.4813811,0
10481,105.1618115,207.4813811,0
10482,105.1618115,207.4813811,0
10483,105.1618115,207.4813811,0
10484,105.1618115,207.4813811,0
10485,105.1618115,207.4813811,0
10486,105.1618115,204.6391704,0
10487,105.1618115,204.6391704,0
10488,105.1618115,204.6391704,0
10489,105.1618115,204.6391704,0
10490,105.1618115,204.6391704,0
10491,105.1618115,204.6391704,0
10492,105.1618115,204.6391704,0
10493,105.1618115,204.6391704,0
10494,105.1618115,204.6391704,0
10495,105.1618115,204.6391704,0
10496,105.1618115,204.6391704,0
10497,105.1618115,204.6391704,0
10498,105.1618115,204.6391704,0
10499,105.1618115,204.6391704,0
10500,105.1618115,204.6391704,0
10501,105.1618115,204.6391704,0
10502,105.1618115,204.6391704,0
10503,105.1618115,204.6391704,0
10504,105.1618115,204.6391704,0
10505,105.1618115,204.6391704,0
10506,105.1618115,204.6391704,0
10507,105.1618115,204.6391704,0
10508,105.1618115,204.6391704,0
10509,105.1618115,204.6391704,0
10510,105.1618115,204.6391704,0
10511,105.1618115,204.6391704,0
10512,105.1618115,204.6391704,0
10513,105.1618115,204.6391704,0
10514,105.1618115,204.6391704,0
10515,105.1618115,204.6391704,0
10516,105.1618115,204.6391704,0
10517,105.1618115,204.6391704,0
10518,105.1618115,204.6391704,0
10519,105.1618115,204.6391704,0
10520,105.1618115,204.6391704,0
10521,105.1618115,204.6391704,0
10522,105.1618115,204.6391704,0
10523,105.1618115,204.6391704,0
10524,105.1618115,204.6391704,0
10525,105.1618115,204.6391704,0
10526,108.0040224,204.6391704,0
10527,108.0040224,204.6391704,0
10528,108.0040224,204.6391704,0
10529,108.0040224,204.6391704,0
10530,108.0040224,204.6391704,0
10531,108.0040224,204.6391704,0
10532,108.0040224,204.6391704,0
10533,108.0040224,204.6391704,0
10534,108.0040224,204.6391704,0
10535,108.0040224,204.6391704,0
10536,108.0040224,204.6391704,0
10537,108.0040224,204.6391704,0
10538,108.0040224,204.6391704,0
10539,108.0040224,204.6391704,0
10540,108.0040224,204.6391704,0
10541,108.0040224,204.6391704,0
10542,108.0040224,204.6391704,0
10543,108.0040224,204.6391704,0
10544,108.0040224,204.6391704,0
10545,108.0040224,204.6391704,0
10546,108.0040224,204.6391704,0
10547,108.0040224,204.6391704,0
10548,108.0040224,204.6391704,0
10549,108.0040224,204.6391704,0
10550,108.0040224,204.6391704,0
10551,108.0040224,204.6391704,0
10552,108.0040224,204.6391704,0
10553,108.0040224,204.6391704,0
10554,108.0040224,204.6391704,0
10555,108.0040224,204.6391704,0
10556,108.0040224,204.6391704,0
10557,108.0040224,204.6391704,0
10558,108.0040224,204.6391704,0
10559,108.0040224,204.6391704,0
10560,108.0040224,204.6391704,0
10561,108.0040224,204.6391704,0
10562,108.0040224,204.6391704,0
10563,108.0040224,204.6391704,0
10564,108.0040224,204.6391704,0
10565,108.0040224,204.6391704,0
10566,108.0040224,204.6391704,0
10567,108.0040224,204.6391704,0
10568,108.0040224,204.6391704,0
10569,108.0040224,204.6391704,0
10570,108.0040224,204.6391704,0
10571,108.0040224,204.6391704,0
10572,108.0040224,204.6391704,0
10573,108.0040224,204.6391704,0
10574,108.0040224,204.6391704,0
10575,108.0040224,204.6391704,0
10576,108.0040224,204.6391704,0
10577,108.0040224,204.6391704,0
10578,108.0040224,204.6391704,0
10579,108.0040224,204.6391704,0
10580,108.0040224,204.6391704,0
10581,108.0040224,204.6391704,0
10582,108.0040224,204.6391704,0
10583,108.0040224,204.6391704,0
10584,108.0040224,204.6391704,0
10585,108.0040224,204.6391704,0
10586,108.0040224,204.6391704,0
10587,108.0040224,204.6391704,0
10588,108.0040224,204.6391704,0
10589,108.0040224,204.6391704,0
10590,108.0040224,204.6391704,0
10591,108.0040224,204.6391704,0
10592,108.0040224,204.6391704,0
10593,108.0040224,204.6391704,0
10594,108.0040224,204.6391704,0
10595,108.0040224,204.6391704,0
10596,108.0040224,204.6391704,0
10597,108.0040224,204.6391704,0
10598,108.0040224,204.6391704,0
10599,108.0040224,201.7969597,0
10600,108.0040224,201.7969597,0
10601,108.0040224,201.7969597,0
10602,108.0040224,201.7969597,0
10603,108.0040224,201.7969597,0
10604,108.0040224,204.6391704,0
10605,108.0040224,204.6391704,0
10606,108.0040224,204.6391704,0
10607,108.0040224,204.6391704,0
10608,108.0040224,204.6391704,0
10609,108.0040224,204.6391704,0
10610,108.0040224,204.6391704,0
10611,108.0040224,204.6391704,0
10612,108.0040224,204.6391704,0
10613,108.0040224,204.6391704,0
10614,108.0040224,204.6391704,0
10615,108.0040224,204.6391704,0
10616,108.0040224,204.6391704,0
10617,108.0040224,204.6391704,0
10618,108.0040224,204.6391704,0
10619,108.0040224,204.6391704,0
10620,108.0040224,204.6391704,0
10621,108.0040223,204.6391704,0
10622,108.0040223,204.6391704,0
10623,108.0040223,204.6391704,0
10624,108.0040223,204.6391704,0
10625,108.0040223,204.6391704,0
10626,105.1618115,204.6391704,0
10627,105.1618115,204.6391704,0
10628,105.1618115,204.6391704,0
10629,105.1618115,204.6391704,0
10630,105.1618115,204.6391704,0
10631,105.1618115,204.6391704,0
10632,105.1618115,204.6391704,0
10633,105.1618114,204.6391704,0
10634,105.1618114,204.6391704,0
10635,105.1618114,204.6391704,0
10636,105.1618114,204.6391704,0
10637,105.1618114,204.6391704,0
10638,105.1618114,204.6391704,0
10639,105.1618114,204.6391704,0
10640,105.1618114,204.6391704,0
10641,105.1618114,204.6391704,0
10642,105.1618114,204.6391704,0
10643,105.1618114,204.6391704,0
10644,105.1618114,204.6391704,0
10645,105.1618114,204.6391704,0
10646,105.1618114,204.6391704,0
10647,105.1618114,204.6391704,0
10648,105.1618114,204.6391704,0
10649,105.1618115,204.6391704,0
10650,105.1618115,204.6391704,0
10651,105.1618115,204.6391704,0
10652,105.1618115,204.6391704,0
10653,105.1618115,204.6391704,0
10654,105.1618115,204.6391704,0
10655,105.1618115,204.6391704,0
10656,105.1618115,204.6391704,0
10657,105.1618115,204.6391704,0
10658,105.1618115,204.6391704,0
10659,105.1618115,204.6391704,0
10660,105.1618115,204.6391704,0
10661,105.1618115,204.6391704,0
10662,105.1618115,204.6391704,0
10663,105.1618115,204.6391704,0
10664,108.0040224,204.6391704,0
10665,108.0040224,204.6391704,0
10666,108.0040224,204.6391704,0
10667,108.0040224,204.6391704,0
10668,108.0040224,204.6391704,0
10669,108.0040224,204.6391704,0
10670,108.0040224,204.6391704,0
10671,108.0040224,204.6391704,0
10672,108.0040224,204.6391704,0
10673,108.0040224,204.6391704,0
10674,108.0040224,204.6391704,0
10675,108.0040224,204.6391704,0
10676,108.0040224,204.6391704,0
10677,108.0040224,204.6391704,0
10678,108.0040224,204.6391704,0
10679,108.0040224,204.6391704,0
10680,108.0040224,204.6391704,0
10681,108.0040224,204.6391704,0
10682,108.0040224,204.6391704,0
10683,108.0040224,204.6391704,0
10684,108.0040224,204.6391704,0
10685,108.0040224,204.6391704,0
10686,108.0040224,204.6391704,0
10687,108.0040224,207.4813811,0
10688,108.0040224,207.4813811,0
10689,108.0040224,207.4813811,0
10690,108.0040225,207.4813811,0
10691,108.0040225,207.4813811,0
10692,108.0040225,207.4813811,0
10693,108.0040225,207.4813811,0
10694,108.0040225,207.4813811,0
10695,108.0040225,207.4813811,0
10696,108.0040225,207.4813811,0
10697,108.0040226,207.4813811,0
10698,108.0040226,207.4813811,0
10699,108.0040226,207.4813811,0
10700,108.0040226,207.4813811,0
10701,108.0040226,207.4813811,0
10702,108.0040226,207.4813811,0
10703,108.0040226,207.4813811,0
10704,108.0040226,207.4813811,0
10705,108.0040226,207.4813811,0
10706,108.0040226,207.4813811,0
10707,108.0040226,207.4813811,0
10708,108.0040226,207.4813811,0
10709,108.0040226,207.4813811,0
10710,108.0040226,207.4813811,0
10711,108.0040226,207.4813811,0
10712,108.0040226,207.4813811,0
10713,108.0040226,207.4813811,0
10714,108.0040226,207.4813811,0
10715,108.0040226,207.4813811,0
10716,108.0040226,207.4813811,0
10717,108.0040226,207.4813811,0
10718,108.0040226,207.4813811,0
10719,108.0040226,207.4813811,0
10720,108.0040226,207.4813811,0
10721,108.0040226,207.4813811,0
10722,108.0040226,207.4813811,0
10723,108.0040226,207.4813811,0
10724,108.0040226,207.4813811,0
10725,108.0040226,207.4813811,0
10726,108.0040226,207.4813811,0
10727,108.0040226,207.4813811,0
10728,108.0040226,207.4813811,0
10729,108.0040226,207.4813811,0
10730,108.0040226,207.4813811,0
10731,108.0040226,207.4813811,0
10732,108.0040226,207.4813811,0
10733,108.0040226,207.4813811,0
10734,108.0040226,207.4813811,0
10735,108.0040226,207.4813811,0
10736,108.0040226,207.4813811,0
10737,108.0040226,204.6391704,0
10738,108.0040226,204.6391704,0
10739,108.0040226,204.6391704,0
10740,108.0040226,204.6391704,0
10741,108.0040226,204.6391704,0
10742,108.0040226,204.6391704,0
10743,108.0040226,204.6391704,0
10744,108.0040226,204.6391704,0
10745,108.0040226,204.6391704,0
10746,108.0040226,204.6391704,0
10747,105.1618113,204.6391704,0
10748,105.1618113,204.6391704,0
10749,105.1618113,204.6391704,0
10750,105.1618113,204.6391704,0
10751,105.1618113,204.6391704,0
10752,105.1618113,204.6391704,0
10753,105.1618113,204.6391704,0
10754,105.1618113,204.6391704,0
10755,105.1618113,204.6391704,0
10756,105.1618112,204.6391704,0
10757,105.1618112,204.6391704,0
10758,105.1618112,204.6391704,0
10759,105.1618112,204.6391704,0
10760,105.1618112,204.6391704,0
10761,105.1618112,204.6391704,0
10762,105.1618112,204.6391704,0
10763,105.1618112,204.6391704,0
10764,105.1618112,204.6391704,0
10765,105.1618112,204.6391704,0
10766,105.1618112,204.6391704,0
10767,105.1618112,204.6391704,0
10768,105.1618112,204.6391704,0
10769,105.1618112,207.4813811,0
10770,105.1618112,207.4813811,0
10771,105.1618112,207.4813811,0
10772,105.1618112,207.4813811,0
10773,105.1618112,207.4813811,0
10774,105.1618112,207.4813811,0
10775,105.1618112,207.4813811,0
10776,105.1618112,207.4813811,0
10777,105.1618112,207.4813811,0
10778,110.8462334,207.4813811,0
10779,110.8462334,207.4813811,0
10780,110.8462334,207.4813811,0
10781,110.8462334,207.4813811,0
10782,110.8462334,207.4813811,0
10783,110.8462334,207.4813811,0
10784,110.8462334,207.4813811,0
10785,110.8462334,207.4813811,0
10786,110.8462334,207.4813811,0
10787,110.8462334,207.4813811,0
10788,110.8462334,207.4813811,0
10789,110.8462334,207.4813811,0
10790,110.8462334,207.4813811,0
10791,110.8462334,207.4813811,0
10792,110.8462334,207.4813811,0
10793,110.8462334,207.4813811,0
10794,110.8462334,207.4813811,0
10795,110.8462334,207.4813811,0
10796,110.8462334,207.4813811,0
10797,110.8462334,207.4813811,0
10798,110.8462334,207.4813811,0
10799,110.8462334,207.4813811,0
10800,110.8462334,207.4813811,0
10801,110.8462334,207.4813811,0
10802,110.8462334,207.4813811,0
10803,110.8462334,207.4813811,0
10804,110.8462334,207.4813811,0
10805,110.8462334,207.4813811,0
10806,110.8462334,207.4813811,0
10807,110.8462334,207.4813811,0
10808,110.8462334,207.4813811,0
10809,110.8462334,207.4813811,0
10810,110.8462334,207.4813811,0
10811,110.8462334,207.4813811,0
10812,110.8462334,207.4813811,0
10813,110.8462336,207.4813811,0
10814,110.8462336,207.4813811,0
10815,110.8462336,207.4813811,0
10816,110.8462336,207.4813811,0
10817,110.8462336,207.4813811,0
10818,110.8462336,207.4813811,0
10819,110.8462336,204.6391704,0
10820,110.8462336,204.6391704,0
10821,110.8462336,204.6391704,0
10822,110.8462336,204.6391704,0
10823,110.8462336,204.6391704,0
10824,110.8462336,204.6391704,0
10825,110.8462336,204.6391704,0
10826,110.8462336,204.6391704,0
10827,110.8462336,204.6391704,0
10828,110.8462336,204.6391704,0
10829,110.8462336,204.6391704,0
10830,110.8462336,204.6391704,0
10831,110.8462336,204.6391704,0
10832,110.8462336,204.6391704,0
10833,116.5306557,204.6391704,0
10834,116.5306559,204.6391704,0
10835,116.5306559,204.6391704,0
10836,116.5306559,204.6391704,0
10837,116.5306559,204.6391704,0
10838,116.5306559,204.6391704,0
10839,116.5306559,204.6391704,0
10840,116.5306559,204.6391704,0
10841,116.5306559,204.6391704,0
10842,116.5306559,204.6391704,0
10843,116.5306559,204.6391704,0
10844,116.5306559,204.6391704,0
10845,116.5306559,204.6391704,0
10846,116.5306559,204.6391704,0
10847,116.5306559,204.6391704,0
10848,116.5306559,204.6391704,0
10849,116.5306559,204.6391704,0
10850,116.5306559,207.4813811,0
10851,116.5306559,207.4813811,0
10852,116.5306559,207.4813811,0
10853,116.5306559,207.4813811,0
10854,116.5306559,207.4813811,0
10855,116.5306559,207.4813811,0
10856,116.5306559,207.4813811,0
10857,116.5306559,207.4813811,0
10858,116.5306559,207.4813811,0
10859,116.5306559,207.4813811,0
10860,116.5306559,207.4813811,0
10861,116.5306559,207.4813811,0
10862,116.5306559,207.4813811,0
10863,116.5306559,207.4813811,0
10864,116.5306559,207.4813811,0
10865,116.5306559,207.4813811,0
10866,116.5306559,207.4813811,0
10867,116.5306559,207.4813811,0
10868,116.5306559,207.4813811,0
10869,116.5306559,207.4813811,0
10870,116.5306559,207.4813811,0
10871,116.5306559,207.4813811,0
10872,116.5306559,207.4813811,0
10873,116.5306559,207.4813811,0
10874,116.5306559,207.4813811,0
10875,116.5306559,207.4813811,0
10876,116.5306559,207.4813811,0
10877,116.5306559,207.4813811,0
10878,116.5306559,207.4813811,0
10879,116.5306559,207.4813811,0
10880,116.5306559,207.4813811,0
10881,116.5306559,207.4813811,0
10882,116.5306559,207.4813811,0
10883,116.5306559,207.4813811,0
10884,113.6884447,207.4813811,0
10885,113.6884447,207.4813811,0
10886,113.6884447,207.4813811,0
10887,113.6884447,207.4813811,0
10888,113.6884447,207.4813811,0
10889,113.6884447,207.4813811,0
10890,113.6884447,207.4813811,0
10891,113.6884447,207.4813811,0
10892,113.6884447,207.4813811,0
10893,113.6884447,207.4813811,0
10894,113.6884447,207.4813811,0
10895,113.6884447,207.4813811,0
10896,113.6884447,207.4813811,0
10897,113.6884447,207.4813811,0
10898,113.6884447,207.4813811,0
10899,113.6884447,207.4813811,0
10900,113.6884447,204.6391704,0
10901,113.6884447,204.6391704,0
10902,113.6884447,204.6391704,0
10903,113.6884447,204.6391704,0
10904,113.6884447,204.6391704,0
10905,113.6884447,204.6391704,0
10906,113.6884447,204.6391704,0
10907,113.6884447,204.6391704,0
10908,113.6884447,204.6391704,0
10909,113.6884447,204.6391704,0
10910,113.6884447,204.6391704,0
10911,113.6884447,204.6391704,0
10912,113.6884447,204.6391704,0
10913,113.6884447,204.6391704,0
10914,113.6884447,204.6391704,0
10915,113.6884447,204.6391704,0
10916,113.6884447,204.6391704,0
10917,113.6884447,204.6391704,0
10918,113.6884447,204.6391704,0
10919,113.6884447,204.6391704,0
10920,113.6884447,204.6391704,0
10921,113.6884447,204.6391704,0
10922,113.6884447,204.6391704,0
10923,113.6884447,204.6391704,0
10924,113.6884447,204.6391704,0
10925,113.6884447,204.6391704,0
10926,113.6884447,204.6391704,0
10927,113.6884447,204.6391704,0
10928,113.6884447,204.6391704,0
10929,113.6884447,204.6391704,0
10930,113.6884447,204.6391704,0
10931,113.6884447,204.6391704,0
10932,108.0040225,204.6391704,0
10933,110.8462336,204.6391704,0
10934,110.8462336,204.6391704,0
10935,110.8462336,204.6391704,0
10936,110.8462336,204.6391704,0
10937,110.8462336,204.6391704,0
10938,110.8462336,204.6391704,0
10939,110.8462336,207.4813811,0
10940,110.8462336,207.4813811,0
10941,110.8462336,207.4813811,0
10942,110.8462336,207.4813811,0
10943,110.8462336,207.4813811,0
10944,110.8462336,207.4813811,0
10945,110.8462336,207.4813811,0
10946,110.8462336,207.4813811,0
10947,110.8462336,207.4813811,0
10948,110.8462336,207.4813811,0
10949,110.8462336,207.4813811,0
10950,110.8462336,207.4813811,0
10951,110.8462336,207.4813811,0
10952,110.8462336,207.4813811,0
10953,110.8462336,207.4813811,0
10954,110.8462336,207.4813811,0
10955,110.8462336,207.4813811,0
10956,110.8462336,207.4813811,0
10957,110.8462336,207.4813811,0
10958,110.8462336,207.4813811,0
10959,110.8462336,207.4813811,0
10960,110.8462336,207.4813811,0
10961,110.8462336,207.4813811,0
10962,110.8462336,207.4813811,0
10963,110.8462336,207.4813811,0
10964,110.8462336,207.4813811,0
10965,110.8462336,207.4813811,0
10966,110.8462336,207.4813811,0
10967,110.8462336,207.4813811,0
10968,110.8462336,207.4813811,0
10969,110.8462336,207.4813811,0
10970,110.8462336,207.4813811,0
10971,110.8462336,207.4813811,0
10972,110.8462336,207.4813811,0
10973,110.8462336,207.4813811,0
10974,110.8462336,207.4813811,0
10975,110.8462336,207.4813811,0
10976,110.8462336,207.4813811,0
10977,110.8462336,207.4813811,0
10978,110.8462336,207.4813811,0
10979,110.8462336,207.4813811,0
10980,110.8462336,207.4813811,0
10981,110.8462336,207.4813811,0
10982,110.8462336,207.4813811,0
10983,110.8462336,207.4813811,0
10984,110.8462336,207.4813811,0
10985,110.8462336,207.4813811,0
10986,110.8462336,207.4813811,0
10987,110.8462336,207.4813811,0
10988,110.8462336,207.4813811,0
10989,110.8462336,207.4813811,0
10990,110.8462336,207.4813811,0
10991,110.8462336,207.4813811,0
10992,110.8462336,207.4813811,0
10993,110.8462336,207.4813811,0
10994,110.8462336,207.4813811,0
10995,110.8462336,207.4813811,0
10996,110.8462336,207.4813811,0
10997,110.8462336,207.4813811,0
10998,110.8462336,207.4813811,0
10999,110.8462336,207.4813811,0
11000,110.8462336,207.4813811,0
11001,110.8462336,207.4813811,0
11002,110.8462336,207.4813811,0
11003,110.8462336,207.4813811,0
11004,110.8462336,207.4813811,0
11005,110.8462336,207.4813811,0
11006,110.8462336,207.4813811,0
11007,110.8462336,207.4813811,0
11008,110.8462336,207.4813811,0
11009,110.8462336,207.4813811,0
11010,110.8462336,207.4813811,0
11011,110.8462336,207.4813811,0
11012,110.8462336,207.4813811,0
11013,110.8462336,207.4813811,0
11014,110.8462336,207.4813811,0
11015,110.8462336,207.4813811,0
11016,110.8462336,207.4813811,0
11017,110.8462336,207.4813811,0
11018,110.8462336,207.4813811,0
11019,110.8462336,204.6391704,0
11020,110.8462336,204.6391704,0
11021,110.8462336,204.6391704,0
11022,110.8462336,204.6391704,0
11023,110.8462336,204.6391704,0
11024,110.8462336,204.6391704,0
11025,110.8462336,204.6391704,0
11026,110.8462336,204.6391704,0
11027,110.8462336,204.6391704,0
11028,110.8462336,204.6391704,0
11029,110.8462336,204.6391704,0
11030,110.8462336,204.6391704,0
11031,110.8462336,204.6391704,0
11032,110.8462336,204.6391704,0
11033,110.8462336,204.6391704,0
11034,110.8462336,204.6391704,0
11035,110.8462336,204.6391704,0
11036,110.8462336,204.6391704,0
11037,110.8462336,204.6391704,0
11038,110.8462336,204.6391704,0
11039,110.8462336,204.6391704,0
11040,110.8462336,204.6391704,0
11041,110.8462336,204.6391704,0
11042,110.8462336,204.6391704,0
11043,110.8462336,204.6391704,0
11044,110.8462336,204.6391704,0
11045,110.8462336,204.6391704,0
11046,110.8462336,204.6391704,0
11047,110.8462336,204.6391704,0
11048,110.8462336,204.6391704,0
11049,110.8462336,204.6391704,0
11050,110.8462335,204.6391704,0
11051,110.8462335,204.6391704,0
11052,110.8462335,204.6391704,0
11053,110.8462335,204.6391704,0
11054,110.8462335,204.6391704,0
11055,110.8462335,204.6391704,0
11056,110.8462335,204.6391704,0
11057,110.8462336,204.6391704,0
11058,110.8462336,204.6391704,0
11059,110.8462336,204.6391704,0
11060,110.8462336,204.6391704,0
11061,110.8462336,204.6391704,0
11062,110.8462336,204.6391704,0
11063,110.8462336,204.6391704,0
11064,110.8462336,204.6391704,0
11065,110.8462336,204.6391704,0
11066,110.8462336,204.6391704,0
11067,110.8462336,204.6391704,0
11068,110.8462336,204.6391704,0
11069,110.8462336,204.6391704,0
11070,110.8462336,204.6391704,0
11071,110.8462336,204.6391704,0
11072,110.8462336,204.6391704,0
11073,110.8462336,204.6391704,0
11074,110.8462336,204.6391704,0
11075,110.8462336,204.6391704,0
11076,110.8462336,204.6391704,0
11077,110.8462336,204.6391704,0
11078,110.8462336,204.6391704,0
11079,110.8462336,204.6391704,0
11080,110.8462336,204.6391704,0
11081,110.8462336,204.6391704,0
11082,110.8462336,204.6391704,0
11083,110.8462336,204.6391704,0
11084,110.8462336,204.6391704,0
11085,110.8462336,204.6391704,0
11086,110.8462336,204.6391704,0
11087,110.8462336,204.6391704,0
11088,110.8462336,204.6391704,0
11089,110.8462336,204.6391704,0
11090,110.8462336,204.6391704,0
11091,110.8462336,204.6391704,0
11092,110.8462336,204.6391704,0
11093,110.8462336,204.6391704,0
11094,110.8462336,204.6391704,0
11095,110.8462336,204.6391704,0
11096,110.8462336,204.6391704,0
11097,110.8462336,204.6391704,0
11098,110.8462336,204.6391704,0
11099,110.8462336,204.6391704,0
11100,110.8462336,204.6391704,0
11101,110.8462336,204.6391704,0
11102,110.8462336,204.6391704,0
11103,110.8462336,204.6391704,0
11104,110.8462336,204.6391704,0
11105,110.8462336,204.6391704,0
11106,110.8462336,204.6391704,0
11107,110.8462335,204.6391704,0
11108,110.8462335,204.6391704,0
11109,110.8462335,204.6391704,0
11110,110.8462335,204.6391704,0
11111,110.8462335,204.6391704,0
11112,110.8462335,204.6391704,0
11113,110.8462335,204.6391704,0
11114,110.8462335,204.6391704,0
11115,110.8462335,204.6391704,0
11116,110.8462335,204.6391704,0
11117,110.8462336,204.6391704,0
11118,110.8462336,204.6391704,0
11119,110.8462336,204.6391704,0
11120,110.8462336,204.6391704,0
11121,110.8462336,204.6391704,0
11122,110.8462336,204.6391704,0
11123,110.8462336,204.6391704,0
11124,110.8462336,204.6391704,0
11125,110.8462336,204.6391704,0
11126,110.8462336,204.6391704,0
11127,110.8462336,204.6391704,0
11128,110.8462336,207.4813811,0
11129,110.8462336,207.4813811,0
11130,110.8462336,207.4813811,0
11131,110.8462336,207.4813811,0
11132,110.8462336,207.4813811,0
11133,110.8462336,207.4813811,0
11134,110.8462336,207.4813811,0
11135,110.8462336,207.4813811,0
11136,110.8462336,207.4813811,0
11137,110.8462336,207.4813811,0
11138,110.8462336,207.4813811,0
11139,110.8462336,207.4813811,0
11140,110.8462336,207.4813811,0
11141,110.8462336,207.4813811,0
11142,110.8462336,207.4813811,0
11143,110.8462336,207.4813811,0
11144,110.8462336,207.4813811,0
11145,110.8462336,207.4813811,0
11146,110.8462336,207.4813811,0
11147,110.8462336,207.4813811,0
11148,110.8462336,207.4813811,0
11149,110.8462336,207.4813811,0
11150,110.8462336,207.4813811,0
11151,110.8462336,207.4813811,0
11152,110.8462336,207.4813811,0
11153,110.8462336,207.4813811,0
11154,110.8462336,207.4813811,0
11155,110.8462336,207.4813811,0
11156,110.8462336,207.4813811,0
11157,110.8462336,207.4813811,0
11158,110.8462336,207.4813811,0
11159,110.8462336,207.4813811,0
11160,110.8462336,207.4813811,0
11161,110.8462336,207.4813811,0
11162,110.8462336,207.4813811,0
11163,110.8462336,207.4813811,0
11164,110.8462336,207.4813811,0
11165,110.8462336,207.4813811,0
11166,110.8462336,207.4813811,0
11167,110.8462336,207.4813811,0
11168,110.8462336,207.4813811,0
11169,110.8462336,207.4813811,0
11170,110.8462336,207.4813811,0
11171,110.8462336,207.4813811,0
11172,110.8462336,207.4813811,0
11173,110.8462336,207.4813811,0
11174,110.8462336,207.4813811,0
11175,110.8462336,207.4813811,0
11176,110.8462336,207.4813811,0
11177,110.8462336,207.4813811,0
11178,110.8462336,204.6391704,0
11179,110.8462336,204.6391704,0
11180,110.8462336,204.6391704,0
11181,110.8462336,204.6391704,0
11182,110.8462336,204.6391704,0
11183,110.8462336,204.6391704,0
11184,110.8462336,204.6391704,0
11185,110.8462336,204.6391704,0
11186,110.8462336,204.6391704,0
11187,110.8462336,204.6391704,0
11188,110.8462336,204.6391704,0
11189,110.8462336,204.6391704,0
11190,110.8462336,204.6391704,0
11191,110.8462336,204.6391704,0
11192,110.8462336,204.6391704,0
11193,110.8462336,204.6391704,0
11194,110.8462336,204.6391704,0
11195,110.8462336,204.6391704,0
11196,110.8462336,204.6391704,0
11197,110.8462336,204.6391704,0
11198,110.8462336,204.6391704,0
11199,110.8462336,204.6391704,0
11200,110.8462336,204.6391704,0
11201,108.0040225,204.6391704,0
11202,108.0040225,204.6391704,0
11203,108.0040225,204.6391704,0
11204,108.0040223,204.6391704,0
11205,108.0040223,204.6391704,0
11206,108.0040223,204.6391704,0
11207,108.0040223,204.6391704,0
11208,108.0040223,204.6391704,0
11209,108.0040223,204.6391704,0
11210,108.0040223,204.6391704,0
11211,108.0040223,204.6391704,0
11212,108.0040223,204.6391704,0
11213,108.0040223,204.6391704,0
11214,108.0040223,204.6391704,0
11215,108.0040223,204.6391704,0
11216,108.0040223,204.6391704,0
11217,108.0040223,204.6391704,0
11218,108.0040223,204.6391704,0
11219,108.0040223,204.6391704,0
11220,108.0040223,204.6391704,0
11221,108.0040223,204.6391704,0
11222,108.0040223,204.6391704,0
11223,108.0040224,204.6391704,0
11224,108.0040224,204.6391704,0
11225,108.0040224,204.6391704,0
11226,108.0040224,204.6391704,0
11227,108.0040224,204.6391704,0
11228,108.0040224,204.6391704,0
11229,108.0040224,204.6391704,0
11230,108.0040224,204.6391704,0
11231,108.0040224,204.6391704,0
11232,108.0040224,204.6391704,0
11233,108.0040224,204.6391704,0
11234,108.0040224,204.6391704,0
11235,108.0040224,204.6391704,0
11236,108.0040224,204.6391704,0
11237,108.0040224,204.6391704,0
11238,108.0040224,204.6391704,0
11239,108.0040224,204.6391704,0
11240,108.0040224,204.6391704,0
11241,108.0040224,204.6391704,0
11242,108.0040224,204.6391704,0
11243,108.0040224,204.6391704,0
11244,108.0040224,204.6391704,0
11245,108.0040224,204.6391704,0
11246,108.0040224,204.6391704,0
11247,108.0040224,204.6391704,0
11248,108.0040224,204.6391704,0
11249,108.0040224,204.6391704,0
11250,108.0040224,204.6391704,0
11251,108.0040224,204.6391704,0
11252,108.0040224,204.6391704,0
11253,108.0040224,204.6391704,0
11254,108.0040224,204.6391704,0
11255,108.0040224,204.6391704,0
11256,108.0040224,204.6391704,0
11257,108.0040224,204.6391704,0
11258,108.0040224,204.6391704,0
11259,108.0040224,204.6391704,0
11260,108.0040224,204.6391704,0
11261,108.0040224,204.6391704,0
11262,110.8462336,204.6391704,0
11263,110.8462336,204.6391704,0
11264,110.8462336,204.6391704,0
11265,110.8462336,204.6391704,0
11266,110.8462336,204.6391704,0
11267,110.8462336,204.6391704,0
11268,110.8462336,204.6391704,0
11269,110.8462336,204.6391704,0
11270,110.8462336,204.6391704,0
11271,110.8462336,204.6391704,0
11272,110.8462336,204.6391704,0
11273,110.8462336,204.6391704,0
11274,110.8462336,204.6391704,0
11275,110.8462336,204.6391704,0
11276,110.8462336,204.6391704,0
11277,110.8462336,204.6391704,0
11278,110.8462336,204.6391704,0
11279,110.8462336,204.6391704,0
11280,110.8462336,204.6391704,0
11281,110.8462336,204.6391704,0
11282,110.8462336,204.6391704,0
11283,110.8462336,204.6391704,0
11284,110.8462336,204.6391704,0
11285,110.8462336,204.6391704,0
11286,110.8462336,204.6391704,0
11287,110.8462336,204.6391704,0
11288,110.8462336,204.6391704,0
11289,110.8462336,207.4813811,0
11290,110.8462336,207.4813811,0
11291,110.8462336,207.4813811,0
11292,110.8462336,207.4813811,0
11293,110.8462336,207.4813811,0
11294,110.8462336,207.4813811,0
11295,110.8462336,207.4813811,0
11296,110.8462336,207.4813811,0
11297,110.8462336,207.4813811,0
11298,110.8462336,207.4813811,0
11299,110.8462336,207.4813811,0
11300,110.8462336,207.4813811,0
11301,110.8462336,207.4813811,0
11302,110.8462336,207.4813811,0
11303,110.8462336,207.4813811,0
11304,110.8462336,207.4813811,0
11305,110.8462336,207.4813811,0
11306,110.8462336,207.4813811,0
11307,110.8462336,207.4813811,0
11308,110.8462336,207.4813811,0
11309,110.8462336,207.4813811,0
11310,110.8462336,207.4813811,0
11311,110.8462336,207.4813811,0
11312,108.0040226,207.4813811,0
11313,108.0040226,207.4813811,0
11314,108.0040226,207.4813811,0
11315,108.0040226,207.4813811,0
11316,108.0040226,207.4813811,0
11317,108.0040226,207.4813811,0
11318,108.0040226,207.4813811,0
11319,108.0040226,207.4813811,0
11320,108.0040226,207.4813811,0
11321,108.0040226,207.4813811,0
11322,108.0040226,207.4813811,0
11323,108.0040226,207.4813811,0
11324,108.0040226,207.4813811,0
11325,108.0040226,207.4813811,0
11326,108.0040226,207.4813811,0
11327,108.0040226,207.4813811,0
11328,108.0040226,207.4813811,0
11329,108.0040226,207.4813811,0
11330,108.0040226,207.4813811,0
11331,108.0040226,207.4813811,0
11332,108.0040226,207.4813811,0
11333,108.0040226,207.4813811,0
11334,108.0040226,207.4813811,0
11335,108.0040226,207.4813811,0
11336,108.0040226,207.4813811,0
11337,108.0040226,207.4813811,0
11338,108.0040226,207.4813811,0
11339,108.0040226,204.6391704,0
11340,108.0040226,204.6391704,0
11341,108.0040226,204.6391704,0
11342,108.0040226,204.6391704,0
11343,108.0040226,204.6391704,0
11344,108.0040226,204.6391704,0
11345,108.0040226,204.6391704,0
11346,108.0040226,204.6391704,0
11347,108.0040226,204.6391704,0
11348,108.0040226,204.6391704,0
11349,108.0040226,204.6391704,0
11350,108.0040226,204.6391704,0
11351,108.0040226,204.6391704,0
11352,99.47738899,204.6391704,0
11353,99.47738899,204.6391704,0
11354,99.47738899,204.6391704,0
11355,99.47738899,204.6391704,0
11356,99.47738899,204.6391704,0
11357,99.47738899,204.6391704,0
11358,99.47738899,204.6391704,0
11359,99.47738899,204.6391704,0
11360,99.47738899,204.6391704,0
11361,99.47738899,204.6391704,0
11362,99.47738899,204.6391704,0
11363,99.47738899,204.6391704,0
11364,99.47738899,204.6391704,0
11365,99.47738899,204.6391704,0
11366,99.47738899,204.6391704,0
11367,99.47738899,204.6391704,0
11368,99.47738899,204.6391704,0
11369,99.47738899,204.6391704,0
11370,99.47738899,204.6391704,0
11371,99.47738899,204.6391704,0
11372,99.47738899,204.6391704,0
11373,99.47738899,204.6391704,0
11374,99.47738899,204.6391704,0
11375,99.47738899,204.6391704,0
11376,99.47738899,204.6391704,0
11377,99.47738899,204.6391704,0
11378,99.47738906,204.6391704,0
11379,99.47738906,204.6391704,0
11380,99.47738906,204.6391704,0
11381,102.3196001,204.6391704,0
11382,102.3196001,204.6391704,0
11383,108.0040224,201.7969597,0
11384,108.0040224,201.7969597,0
11385,108.0040224,201.7969597,0
11386,108.0040224,201.7969597,0
11387,108.0040224,201.7969597,0
11388,108.0040224,201.7969597,0
11389,108.0040224,201.7969597,0
11390,108.0040224,201.7969597,0
11391,108.0040224,201.7969597,0
11392,108.0040224,201.7969597,0
11393,108.0040224,201.7969597,0
11394,108.0040224,201.7969597,0
11395,108.0040224,201.7969597,0
11396,108.0040224,201.7969597,0
11397,108.0040224,201.7969597,0
11398,108.0040224,201.7969597,0
11399,108.0040224,201.7969597,0
11400,108.0040224,204.6391704,0
11401,108.0040224,204.6391704,0
11402,108.0040224,204.6391704,0
11403,108.0040224,204.6391704,0
11404,108.0040224,204.6391704,0
11405,108.0040224,204.6391704,0
11406,108.0040224,204.6391704,0
11407,108.0040224,204.6391704,0
11408,108.0040224,204.6391704,0
11409,108.0040224,204.6391704,0
11410,108.0040224,204.6391704,0
11411,108.0040224,204.6391704,0
11412,108.0040224,204.6391704,0
11413,108.0040224,204.6391704,0
11414,108.0040224,204.6391704,0
11415,108.0040224,204.6391704,0
11416,108.0040224,204.6391704,0
11417,108.0040224,204.6391704,0
11418,108.0040224,204.6391704,0
11419,108.0040224,204.6391704,0
11420,108.0040224,204.6391704,0
11421,108.0040224,204.6391704,0
11422,108.0040224,204.6391704,0
11423,108.0040224,207.4813811,0
11424,108.0040224,207.4813811,0
11425,108.0040224,207.4813811,0
11426,108.0040224,207.4813811,0
11427,108.0040224,207.4813811,0
11428,108.0040224,207.4813811,0
11429,108.0040224,207.4813811,0
11430,108.0040224,207.4813811,0
11431,108.0040224,207.4813811,0
11432,108.0040224,207.4813811,0
11433,108.0040224,207.4813811,0
11434,108.0040224,207.4813811,0
11435,108.0040224,207.4813811,0
11436,108.0040224,207.4813811,0
11437,108.0040224,207.4813811,0
11438,108.0040224,207.4813811,0
11439,108.0040224,207.4813811,0
11440,108.0040224,207.4813811,0
11441,108.0040224,207.4813811,0
11442,108.0040224,207.4813811,0
11443,108.0040224,207.4813811,0
11444,108.0040224,207.4813811,0
11445,108.0040224,207.4813811,0
11446,108.0040224,207.4813811,0
11447,108.0040224,207.4813811,0
11448,108.0040224,207.4813811,0
11449,108.0040224,207.4813811,0
11450,108.0040224,207.4813811,0
11451,108.0040224,207.4813811,0
11452,108.0040224,207.4813811,0
11453,108.0040224,207.4813811,0
11454,108.0040224,207.4813811,0
11455,108.0040224,207.4813811,0
11456,108.0040224,207.4813811,0
11457,108.0040224,207.4813811,0
11458,108.0040224,207.4813811,0
11459,108.0040224,207.4813811,0
11460,108.0040224,207.4813811,0
11461,108.0040224,207.4813811,0
11462,108.0040224,207.4813811,0
11463,108.0040224,207.4813811,0
11464,108.0040224,207.4813811,0
11465,108.0040224,207.4813811,0
11466,108.0040224,207.4813811,0
11467,108.0040224,207.4813811,0
11468,108.0040224,207.4813811,0
11469,108.0040224,207.4813811,0
11470,108.0040224,207.4813811,0
11471,108.0040224,207.4813811,0
11472,108.0040224,207.4813811,0
11473,108.0040224,204.6391704,0
11474,108.0040224,204.6391704,0
11475,108.0040224,204.6391704,0
11476,108.0040224,204.6391704,0
11477,108.0040224,204.6391704,0
11478,108.0040224,204.6391704,0
11479,108.0040224,204.6391704,0
11480,108.0040224,204.6391704,0
11481,108.0040224,204.6391704,0
11482,108.0040224,204.6391704,0
11483,108.0040224,204.6391704,0
11484,108.0040224,204.6391704,0
11485,108.0040224,204.6391704,0
11486,108.0040224,204.6391704,0
11487,108.0040224,204.6391704,0
11488,108.0040224,204.6391704,0
11489,108.0040224,204.6391704,0
11490,108.0040224,204.6391704,0
11491,108.0040224,204.6391704,0
11492,108.0040224,204.6391704,0
11493,105.1618115,204.6391704,0
11494,102.3196003,204.6391704,0
11495,102.3196003,204.6391704,0
11496,105.1618113,204.6391704,0
11497,105.1618113,204.6391704,0
11498,105.1618113,204.6391704,0
11499,105.1618113,204.6391704,0
11500,105.1618113,204.6391704,0
11501,105.1618113,204.6391704,0
11502,105.1618113,204.6391704,0
11503,105.1618113,204.6391704,0
11504,105.1618114,204.6391704,0
11505,105.1618114,204.6391704,0
11506,105.1618114,204.6391704,0
11507,105.1618114,204.6391704,0
11508,105.1618114,204.6391704,0
11509,105.1618114,204.6391704,0
11510,105.1618114,204.6391704,0
11511,105.1618114,204.6391704,0
11512,105.1618114,204.6391704,0
11513,105.1618114,204.6391704,0
11514,105.1618114,204.6391704,0
11515,105.1618114,204.6391704,0
11516,105.1618114,204.6391704,0
11517,105.1618114,204.6391704,0
11518,105.1618114,204.6391704,0
11519,105.1618114,204.6391704,0
11520,105.1618114,204.6391704,0
11521,105.1618114,204.6391704,0
11522,105.1618114,204.6391704,0
11523,105.1618114,204.6391704,0
11524,105.1618114,204.6391704,0
11525,105.1618114,204.6391704,0
11526,105.1618114,204.6391704,0
11527,105.1618114,204.6391704,0
11528,105.1618114,204.6391704,0
11529,105.1618114,204.6391704,0
11530,105.1618114,204.6391704,0
11531,105.1618114,204.6391704,0
11532,105.1618114,204.6391704,0
11533,105.1618114,204.6391704,0
11534,105.1618114,204.6391704,0
11535,105.1618114,204.6391704,0
11536,105.1618114,204.6391704,0
11537,105.1618114,204.6391704,0
11538,105.1618114,204.6391704,0
11539,105.1618114,204.6391704,0
11540,105.1618114,204.6391704,0
11541,105.1618114,204.6391704,0
11542,105.1618114,204.6391704,0
11543,105.1618114,204.6391704,0
11544,105.1618114,207.4813811,0
11545,105.1618114,207.4813811,0
11546,105.1618114,207.4813811,0
11547,105.1618114,207.4813811,0
11548,105.1618114,207.4813811,0
11549,105.1618114,207.4813811,0
11550,105.1618114,207.4813811,0
11551,105.1618114,207.4813811,0
11552,105.1618114,207.4813811,0
11553,105.1618114,207.4813811,0
11554,105.1618113,207.4813811,0
11555,105.1618113,207.4813811,0
11556,105.1618113,207.4813811,0
11557,105.1618113,207.4813811,0
11558,105.1618113,207.4813811,0
11559,105.1618115,207.4813811,0
11560,105.1618115,207.4813811,0
11561,105.1618115,207.4813811,0
11562,105.1618115,207.4813811,0
11563,105.1618115,207.4813811,0
11564,105.1618115,207.4813811,0
11565,105.1618115,207.4813811,0
11566,105.1618115,207.4813811,0
11567,105.1618115,207.4813811,0
11568,105.1618115,207.4813811,0
11569,105.1618115,207.4813811,0
11570,105.1618115,207.4813811,0
11571,105.1618115,207.4813811,0
11572,105.1618115,207.4813811,0
11573,105.1618115,207.4813811,0
11574,105.1618115,207.4813811,0
11575,105.1618115,207.4813811,0
11576,105.1618115,207.4813811,0
11577,105.1618115,207.4813811,0
11578,105.1618115,207.4813811,0
11579,105.1618115,207.4813811,0
11580,105.1618115,207.4813811,0
11581,105.1618115,207.4813811,0
11582,105.1618115,207.4813811,0
11583,105.1618115,207.4813811,0
11584,105.1618115,207.4813811,0
11585,105.1618115,207.4813811,0
11586,105.1618115,207.4813811,0
11587,105.1618115,207.4813811,0
11588,105.1618115,207.4813811,0
11589,105.1618115,207.4813811,0
11590,105.1618115,207.4813811,0
11591,105.1618115,207.4813811,0
11592,105.1618115,207.4813811,0
11593,105.1618115,207.4813811,0
11594,105.1618115,207.4813811,0
11595,105.1618115,207.4813811,0
11596,105.1618115,207.4813811,0
11597,105.1618115,207.4813811,0
11598,105.1618115,207.4813811,0
11599,105.1618115,207.4813811,0
11600,105.1618115,207.4813811,0
11601,105.1618115,207.4813811,0
11602,105.1618115,207.4813811,0
11603,105.1618115,207.4813811,0
11604,105.1618115,207.4813811,0
11605,105.1618115,207.4813811,0
11606,105.1618115,207.4813811,0
11607,105.1618115,207.4813811,0
11608,105.1618115,207.4813811,0
11609,105.1618114,207.4813811,0
11610,105.1618114,207.4813811,0
11611,105.1618114,207.4813811,0
11612,105.1618114,207.4813811,0
11613,105.1618114,207.4813811,0
11614,105.1618114,207.4813811,0
11615,105.1618114,207.4813811,0
11616,105.1618114,207.4813811,0
11617,105.1618114,207.4813811,0
11618,105.1618114,207.4813811,0
11619,105.1618114,207.4813811,0
11620,105.1618114,207.4813811,0
11621,105.1618114,207.4813811,0
11622,105.1618114,207.4813811,0
11623,105.1618114,207.4813811,0
11624,105.1618114,207.4813811,0
11625,105.1618114,207.4813811,0
11626,105.1618114,204.6391704,0
11627,105.1618114,204.6391704,0
11628,105.1618114,204.6391704,0
11629,105.1618114,204.6391704,0
11630,105.1618114,204.6391704,0
11631,105.1618114,204.6391704,0
11632,105.1618114,204.6391704,0
11633,105.1618114,204.6391704,0
11634,105.1618114,204.6391704,0
11635,105.1618114,204.6391704,0
11636,105.1618114,204.6391704,0
11637,105.1618114,204.6391704,0
11638,105.1618114,204.6391704,0
11639,105.1618114,204.6391704,0
11640,105.1618114,204.6391704,0
11641,105.1618114,204.6391704,0
11642,105.1618114,204.6391704,0
11643,105.1618114,204.6391704,0
11644,105.1618114,204.6391704,0
11645,105.1618114,204.6391704,0
11646,105.1618114,204.6391704,0
11647,105.1618114,204.6391704,0
11648,105.1618114,204.6391704,0
11649,105.1618114,204.6391704,0
11650,105.1618114,204.6391704,0
11651,105.1618112,204.6391704,0
11652,105.1618112,204.6391704,0
11653,105.1618112,204.6391704,0
11654,105.1618112,204.6391704,0
11655,105.1618112,204.6391704,0
11656,105.1618112,204.6391704,0
11657,105.1618112,204.6391704,0
11658,105.1618112,204.6391704,0
11659,105.1618112,204.6391704,0
11660,105.1618112,204.6391704,0
11661,105.1618112,204.6391704,0
11662,105.1618112,204.6391704,0
11663,105.1618112,204.6391704,0
11664,105.1618112,204.6391704,0
11665,105.1618112,207.4813811,0
11666,105.1618112,207.4813811,0
11667,105.1618112,207.4813811,0
11668,105.1618112,207.4813811,0
11669,105.1618112,207.4813811,0
11670,105.1618112,207.4813811,0
11671,105.1618112,207.4813811,0
11672,105.1618112,207.4813811,0
11673,105.1618112,207.4813811,0
11674,105.1618112,207.4813811,0
11675,105.1618112,207.4813811,0
11676,102.3196002,207.4813811,0
11677,102.3196002,207.4813811,0
11678,102.3196002,207.4813811,0
11679,102.3196002,207.4813811,0
11680,102.3196002,207.4813811,0
11681,102.3196002,207.4813811,0
11682,102.3196002,207.4813811,0
11683,102.3196002,207.4813811,0
11684,102.3196002,207.4813811,0
11685,102.3196002,207.4813811,0
11686,102.3196002,207.4813811,0
11687,102.3196002,207.4813811,0
11688,102.3196002,207.4813811,0
11689,102.3196002,207.4813811,0
11690,102.3196002,207.4813811,0
11691,102.3196002,207.4813811,0
11692,102.3196002,207.4813811,0
11693,102.3196002,207.4813811,0
11694,102.3196002,207.4813811,0
11695,102.3196002,207.4813811,0
11696,99.47738921,207.4813811,0
11697,99.47738921,207.4813811,0
11698,99.47738921,207.4813811,0
11699,99.47738921,207.4813811,0
11700,99.47738921,207.4813811,0
11701,99.47738921,207.4813811,0
11702,102.3196002,207.4813811,0
11703,102.3196002,207.4813811,0
11704,102.3196002,207.4813811,0
11705,102.3196002,207.4813811,0
11706,102.3196002,207.4813811,0
11707,102.3196002,207.4813811,0
11708,102.3196002,207.4813811,0
11709,102.3196002,207.4813811,0
11710,102.3196002,207.4813811,0
11711,102.3196002,207.4813811,0
11712,102.3196002,207.4813811,0
11713,102.3196002,207.4813811,0
11714,102.3196002,207.4813811,0
11715,102.3196002,204.6391704,0
11716,102.3196002,204.6391704,0
11717,102.3196002,204.6391704,0
11718,102.3196002,204.6391704,0
11719,102.3196002,204.6391704,0
11720,102.3196002,204.6391704,0
11721,102.3196003,204.6391704,0
11722,102.3196003,204.6391704,0
11723,102.3196003,204.6391704,0
11724,102.3196003,204.6391704,0
11725,102.3196003,204.6391704,0
11726,102.3196003,204.6391704,0
11727,102.3196003,204.6391704,0
11728,102.3196003,204.6391704,0
11729,102.3196003,204.6391704,0
11730,102.3196003,204.6391704,0
11731,102.3196003,204.6391704,0
11732,102.3196003,204.6391704,0
11733,102.3196003,204.6391704,0
11734,102.3196003,204.6391704,0
11735,102.3196003,204.6391704,0
11736,102.3196003,204.6391704,0
11737,102.3196003,201.7969597,0
11738,102.3196003,201.7969597,0
11739,102.3196003,201.7969597,0
11740,102.3196003,201.7969597,0
11741,102.3196003,201.7969597,0
11742,102.3196003,201.7969597,0
11743,102.3196003,201.7969597,0
11744,102.3196003,201.7969597,0
11745,102.3196003,201.7969597,0
11746,102.3196003,201.7969597,0
11747,102.3196003,201.7969597,0
11748,102.3196003,204.6391704,0
11749,102.3196003,204.6391704,0
11750,102.3196003,204.6391704,0
11751,102.3196003,204.6391704,0
11752,102.3196003,204.6391704,0
11753,102.3196003,204.6391704,0
11754,102.3196003,204.6391704,0
11755,102.3196003,204.6391704,0
11756,102.3196003,204.6391704,0
11757,102.3196003,204.6391704,0
11758,102.3196003,204.6391704,0
11759,102.3196003,204.6391704,0
11760,102.3196003,204.6391704,0
11761,102.3196003,204.6391704,0
11762,102.3196003,204.6391704,0
11763,102.3196003,204.6391704,0
11764,102.3196003,204.6391704,0
11765,102.3196003,204.6391704,0
11766,102.3196003,204.6391704,0
11767,102.3196003,204.6391704,0
11768,102.3196003,204.6391704,0
11769,102.3196003,204.6391704,0
11770,102.3196003,204.6391704,0
11771,102.3196003,204.6391704,0
11772,102.3196003,204.6391704,0
11773,102.3196003,204.6391704,0
11774,102.3196003,204.6391704,0
11775,102.3196003,204.6391704,0
11776,102.3196003,204.6391704,0
11777,102.3196003,204.6391704,0
11778,102.3196003,204.6391704,0
11779,102.3196003,204.6391704,0
11780,102.3196003,204.6391704,0
11781,102.3196003,204.6391704,0
11782,102.3196003,204.6391704,0
11783,102.3196003,204.6391704,0
11784,102.3196003,204.6391704,0
11785,102.3196003,204.6391704,0
11786,102.3196003,204.6391704,0
11787,102.3196003,207.4813811,0
11788,102.3196003,207.4813811,0
11789,102.3196003,207.4813811,0
11790,102.3196003,207.4813811,0
11791,102.3196003,207.4813811,0
11792,102.3196003,207.4813811,0
11793,102.3196003,207.4813811,0
11794,102.3196003,207.4813811,0
11795,102.3196003,207.4813811,0
11796,102.3196003,207.4813811,0
11797,102.3196003,207.4813811,0
11798,102.3196003,207.4813811,0
11799,102.3196003,207.4813811,0
11800,102.3196003,207.4813811,0
11801,102.3196003,207.4813811,0
11802,102.3196003,207.4813811,0
11803,102.3196003,207.4813811,0
11804,99.47738906,207.4813811,0
11805,99.47738906,207.4813811,0
11806,99.47738906,207.4813811,0
11807,99.47738906,207.4813811,0
11808,99.47738906,207.4813811,0
11809,99.47738906,207.4813811,0
11810,99.47738906,207.4813811,0
11811,99.47738906,207.4813811,0
11812,99.47738906,207.4813811,0
11813,99.47738906,207.4813811,0
11814,99.47738906,207.4813811,0
11815,102.3196,207.4813811,0
11816,102.3196,207.4813811,0
11817,102.3196,207.4813811,0
11818,102.3196,207.4813811,0
11819,102.3196,207.4813811,0
11820,102.3196,207.4813811,0
11821,102.3196,207.4813811,0
11822,102.3196,207.4813811,0
11823,102.3196,207.4813811,0
11824,102.3196,207.4813811,0
11825,102.3196,207.4813811,0
11826,102.3196,207.4813811,0
11827,102.3196,207.4813811,0
11828,102.3196,207.4813811,0
11829,102.3196,207.4813811,0
11830,102.3196,207.4813811,0
11831,102.3196,207.4813811,0
11832,102.3196,207.4813811,0
11833,102.3196,207.4813811,0
11834,102.3196,207.4813811,0
11835,102.3196,207.4813811,0
11836,102.3196,207.4813811,0
11837,102.3196,207.4813811,0
11838,102.3196,207.4813811,0
11839,102.3196,207.4813811,0
11840,102.3196,207.4813811,0
11841,102.3196,207.4813811,0
11842,102.3196,207.4813811,0
11843,102.3196,207.4813811,0
11844,102.3196,207.4813811,0
11845,102.3196,207.4813811,0
11846,102.3196,207.4813811,0
11847,102.3196,207.4813811,0
11848,102.3196,207.4813811,0
11849,102.3196,207.4813811,0
11850,102.3196002,204.6391704,0
11851,102.3196002,204.6391704,0
11852,102.3196002,204.6391704,0
11853,102.3196002,204.6391704,0
11854,102.3196002,204.6391704,0
11855,102.3196002,204.6391704,0
11856,102.3196002,204.6391704,0
11857,102.3196002,204.6391704,0
11858,102.3196003,204.6391704,0
11859,102.3196003,204.6391704,0
11860,102.3196003,204.6391704,0
11861,102.3196003,204.6391704,0
11862,102.3196003,204.6391704,0
11863,102.3196003,204.6391704,0
11864,102.3196003,204.6391704,0
11865,102.3196003,204.6391704,0
11866,102.3196003,204.6391704,0
11867,102.3196003,204.6391704,0
11868,102.3196003,204.6391704,0
11869,102.3196003,204.6391704,0
11870,102.3196003,204.6391704,0
11871,102.3196003,204.6391704,0
11872,102.3196003,204.6391704,0
11873,102.3196003,204.6391704,0
11874,102.3196003,204.6391704,0
11875,102.3196003,204.6391704,0
11876,102.3196003,204.6391704,0
11877,102.3196003,204.6391704,0
11878,102.3196003,204.6391704,0
11879,102.3196003,204.6391704,0
11880,102.3196003,204.6391704,0
11881,102.3196003,204.6391704,0
11882,102.3196003,204.6391704,0
11883,102.3196003,204.6391704,0
11884,102.3196003,204.6391704,0
11885,102.3196003,204.6391704,0
11886,102.3196003,204.6391704,0
11887,102.3196003,204.6391704,0
11888,102.3196003,204.6391704,0
11889,102.3196003,204.6391704,0
11890,102.3196003,204.6391704,0
11891,102.3196003,204.6391704,0
11892,102.3196003,204.6391704,0
11893,102.3196003,204.6391704,0
11894,102.3196003,204.6391704,0
11895,102.3196003,204.6391704,0
11896,102.3196003,204.6391704,0
11897,102.3196003,204.6391704,0
11898,102.3196003,204.6391704,0
11899,102.3196003,204.6391704,0
11900,102.3196003,204.6391704,0
11901,102.3196003,204.6391704,0
11902,102.3196003,204.6391704,0
11903,102.3196003,204.6391704,0
11904,102.3196003,204.6391704,0
11905,102.3196003,204.6391704,0
11906,102.3196003,204.6391704,0
11907,102.3196003,204.6391704,0
11908,102.3196003,204.6391704,0
11909,102.3196003,204.6391704,0
11910,102.3196003,204.6391704,0
11911,102.3196003,204.6391704,0
11912,102.3196003,204.6391704,0
11913,102.3196003,204.6391704,0
11914,102.3196003,204.6391704,0
11915,102.3196003,204.6391704,0
11916,102.3196003,204.6391704,0
11917,102.3196003,204.6391704,0
11918,102.3196003,204.6391704,0
11919,102.3196003,204.6391704,0
11920,102.3196003,204.6391704,0
11921,102.3196003,204.6391704,0
11922,102.3196003,204.6391704,0
11923,102.3196003,204.6391704,0
11924,102.3196003,204.6391704,0
11925,102.3196003,204.6391704,0
11926,102.3196003,204.6391704,0
11927,102.3196003,204.6391704,0
11928,102.3196003,204.6391704,0
11929,102.3196003,204.6391704,0
11930,102.3196003,204.6391704,0
11931,102.3196003,204.6391704,0
11932,102.3196003,204.6391704,0
11933,102.3196003,204.6391704,0
11934,102.3196003,204.6391704,0
11935,102.3196003,204.6391704,0
11936,102.3196003,204.6391704,0
11937,102.3196003,204.6391704,0
11938,102.3196003,204.6391704,0
11939,102.3196003,204.6391704,0
11940,102.3196003,204.6391704,0
11941,102.3196003,204.6391704,0
11942,102.3196003,204.6391704,0
11943,102.3196003,204.6391704,0
11944,102.3196003,204.6391704,0
11945,102.3196003,204.6391704,0
11946,102.3196003,204.6391704,0
11947,102.3196003,204.6391704,0
11948,102.3196003,204.6391704,0
11949,102.3196003,204.6391704,0
11950,102.3196003,204.6391704,0
11951,102.3196003,204.6391704,0
11952,102.3196003,204.6391704,0
11953,102.3196003,204.6391704,0
11954,102.3196003,204.6391704,0
11955,102.3196003,201.7969597,0
11956,102.3196003,201.7969597,0
11957,102.3196003,201.7969597,0
11958,102.3196003,201.7969597,0
11959,102.3196003,201.7969597,0
11960,102.3196003,201.7969597,0
11961,102.3196003,201.7969597,0
11962,102.3196003,201.7969597,0
11963,102.3196003,201.7969597,0
11964,102.3196003,201.7969597,0
11965,102.3196003,201.7969597,0
11966,102.3196003,201.7969597,0
11967,102.3196003,201.7969597,0
11968,102.3196003,201.7969597,0
11969,102.3196003,201.7969597,0
11970,102.3196003,201.7969597,0
11971,102.3196003,201.7969597,0
11972,102.3196003,201.7969597,0
11973,102.3196003,204.6391704,0
11974,102.3196003,204.6391704,0
11975,102.3196003,204.6391704,0
11976,102.3196003,204.6391704,0
11977,102.3196003,204.6391704,0
11978,102.3196003,204.6391704,0
11979,102.3196003,204.6391704,0
11980,102.3196003,204.6391704,0
11981,102.3196003,204.6391704,0
11982,102.3196003,204.6391704,0
11983,102.3196003,204.6391704,0
11984,102.3196003,204.6391704,0
11985,102.3196003,204.6391704,0
11986,102.3196001,204.6391704,0
11987,102.3196001,204.6391704,0
11988,102.3196001,204.6391704,0
11989,102.3196001,204.6391704,0
11990,102.3196001,204.6391704,0
11991,102.3196001,204.6391704,0
11992,102.3196001,204.6391704,0
11993,102.3196001,204.6391704,0
11994,102.3196001,204.6391704,0
11995,102.3196001,204.6391704,0
11996,102.3196003,204.6391704,0
11997,102.3196003,204.6391704,0
11998,102.3196003,204.6391704,0
11999,102.3196003,204.6391704,0
12000,102.3196003,204.6391704,0
12001,102.3196003,204.6391704,0
12002,102.3196003,204.6391704,0
12003,102.3196003,204.6391704,0
12004,102.3196003,204.6391704,0
12005,102.3196003,204.6391704,0
12006,102.3196003,204.6391704,0
12007,102.3196003,204.6391704,0
12008,102.3196003,204.6391704,0
12009,102.3196003,204.6391704,0
12010,102.3196003,204.6391704,0
12011,102.3196003,204.6391704,0
12012,102.3196003,204.6391704,0
12013,102.3196003,204.6391704,0
12014,102.3196003,204.6391704,0
12015,102.3196003,204.6391704,0
12016,102.3196003,204.6391704,0
12017,102.3196003,204.6391704,0
12018,102.3196003,204.6391704,0
12019,102.3196003,204.6391704,0
12020,102.3196003,204.6391704,0
12021,102.3196003,204.6391704,0
12022,102.3196003,204.6391704,0
12023,102.3196003,204.6391704,0
12024,102.3196003,204.6391704,0
12025,102.3196003,204.6391704,0
12026,102.3196003,204.6391704,0
12027,102.3196003,204.6391704,0
12028,102.3196003,204.6391704,0
12029,102.3196003,204.6391704,0
12030,102.3196003,204.6391704,0
12031,102.3196003,204.6391704,0
12032,102.3196003,204.6391704,0
12033,102.3196003,204.6391704,0
12034,102.3196003,204.6391704,0
12035,102.3196003,204.6391704,0
12036,102.3196003,204.6391704,0
12037,102.3196003,204.6391704,0
12038,102.3196003,204.6391704,0
12039,102.3196003,204.6391704,0
12040,102.3196003,204.6391704,0
12041,102.3196003,204.6391704,0
12042,102.3196003,204.6391704,0
12043,102.3196003,204.6391704,0
12044,102.3196003,204.6391704,0
12045,102.3196003,204.6391704,0
12046,102.3196003,204.6391704,0
12047,102.3196003,204.6391704,0
12048,102.3196003,204.6391704,0
12049,102.3196003,204.6391704,0
12050,102.3196003,201.7969597,0
12051,102.3196003,201.7969597,0
12052,102.3196003,201.7969597,0
12053,102.3196003,201.7969597,0
12054,102.3196003,201.7969597,0
12055,102.3196003,201.7969597,0
12056,102.3196003,201.7969597,0
12057,102.3196003,201.7969597,0
12058,102.3196003,201.7969597,0
12059,102.3196003,201.7969597,0
12060,102.3196003,201.7969597,0
12061,102.3196003,201.7969597,0
12062,102.3196003,201.7969597,0
12063,102.3196003,201.7969597,0
12064,102.3196003,201.7969597,0
12065,102.3196003,201.7969597,0
12066,102.3196003,201.7969597,0
12067,102.3196003,201.7969597,0
12068,102.3196003,201.7969597,0
12069,102.3196003,201.7969597,0
12070,102.3196003,201.7969597,0
12071,102.3196003,201.7969597,0
12072,102.3196003,201.7969597,0
12073,102.3196003,201.7969597,0
12074,102.3196003,201.7969597,0
12075,102.3196003,201.7969597,0
12076,102.3196003,201.7969597,0
12077,102.3196003,201.7969597,0
12078,102.3196003,201.7969597,0
12079,102.3196001,201.7969597,0
12080,102.3196001,201.7969597,0
12081,102.3196001,201.7969597,0
12082,102.3196001,201.7969597,0
12083,102.3196001,201.7969597,0
12084,102.3196001,201.7969597,0
12085,102.3196001,201.7969597,0
12086,102.3196001,201.7969597,0
12087,102.3196001,201.7969597,0
12088,102.3196001,201.7969597,0
12089,102.3196001,201.7969597,0
12090,102.3196001,201.7969597,0
12091,102.3196001,201.7969597,0
12092,102.3196001,201.7969597,0
12093,102.3196001,201.7969597,0
12094,102.3196001,201.7969597,0
12095,102.3196001,201.7969597,0
12096,102.3196001,201.7969597,0
12097,102.3196001,201.7969597,0
12098,102.3196001,201.7969597,0
12099,102.3196001,201.7969597,0
12100,102.3196001,201.7969597,0
12101,102.3196001,201.7969597,0
12102,102.3196001,201.7969597,0
12103,102.3196001,201.7969597,0
12104,102.3196001,201.7969597,0
12105,102.3196001,201.7969597,0
12106,102.3196001,201.7969597,0
12107,102.3196001,201.7969597,0
12108,102.3196001,201.7969597,0
12109,102.3196001,201.7969597,0
12110,102.3196001,201.7969597,0
12111,102.3196001,201.7969597,0
12112,102.3196001,201.7969597,0
12113,102.3196001,201.7969597,0
12114,102.3196001,201.7969597,0
12115,102.3196001,201.7969597,0
12116,102.3196001,201.7969597,0
12117,102.3196001,201.7969597,0
12118,102.3196001,201.7969597,0
12119,102.3196001,204.6391704,0
12120,102.3196001,204.6391704,0
12121,99.47738913,204.6391704,0
12122,99.47738913,204.6391704,0
12123,99.47738913,204.6391704,0
12124,99.47738913,204.6391704,0
12125,99.47738913,204.6391704,0
12126,99.47738913,204.6391704,0
12127,99.47738913,204.6391704,0
12128,99.47738913,204.6391704,0
12129,99.47738913,204.6391704,0
12130,99.47738913,204.6391704,0
12131,99.47738913,204.6391704,0
12132,99.47738913,204.6391704,0
12133,99.47738913,204.6391704,0
12134,99.47738913,204.6391704,0
12135,99.47738913,204.6391704,0
12136,99.47738913,204.6391704,0
12137,99.47738913,204.6391704,0
12138,99.47738913,204.6391704,0
12139,99.47738913,204.6391704,0
12140,99.47738913,204.6391704,0
12141,99.47738913,204.6391704,0
12142,99.47738913,204.6391704,0
12143,99.47738913,204.6391704,0
12144,99.47738913,204.6391704,0
12145,99.47738913,204.6391704,0
12146,99.47738913,204.6391704,0
12147,99.47738913,204.6391704,0
12148,99.47738913,204.6391704,0
12149,99.47738913,204.6391704,0
12150,99.47738913,204.6391704,0
12151,99.47738913,204.6391704,0
12152,99.47738913,204.6391704,0
12153,99.47738913,204.6391704,0
12154,99.47738913,204.6391704,0
12155,99.47738913,204.6391704,0
12156,99.47738913,204.6391704,0
12157,99.47738913,204.6391704,0
12158,99.47738913,204.6391704,0
12159,99.47738913,204.6391704,0
12160,99.47738913,204.6391704,0
12161,99.47738913,204.6391704,0
12162,99.47738913,204.6391704,0
12163,99.47738913,204.6391704,0
12164,99.47738913,204.6391704,0
12165,99.47738913,204.6391704,0
12166,99.47738913,204.6391704,0
12167,99.47738913,204.6391704,0
12168,99.47738913,204.6391704,0
12169,99.47738913,201.7969597,0
12170,99.47738913,201.7969597,0
12171,99.47738913,201.7969597,0
12172,99.47738913,201.7969597,0
12173,99.47738913,201.7969597,0
12174,99.47738913,201.7969597,0
12175,99.47738906,201.7969597,0
12176,99.47738906,201.7969597,0
12177,99.47738906,201.7969597,0
12178,102.3196,201.7969597,0
12179,102.3196,201.7969597,0
12180,102.3196,201.7969597,0
12181,102.3196,201.7969597,0
12182,102.3196,201.7969597,0
12183,102.3196,201.7969597,0
12184,102.3196,201.7969597,0
12185,102.3196,201.7969597,0
12186,102.3196,201.7969597,0
12187,102.3196,201.7969597,0
12188,102.3196,201.7969597,0
12189,102.3196,201.7969597,0
12190,102.3196,201.7969597,0
12191,102.3196,201.7969597,0
12192,102.3196,201.7969597,0
12193,102.3196,201.7969597,0
12194,102.3196,201.7969597,0
12195,102.3196003,201.7969597,0
12196,102.3196003,201.7969597,0
12197,102.3196003,201.7969597,0
12198,102.3196003,201.7969597,0
12199,102.3196003,201.7969597,0
12200,102.3196003,201.7969597,0
12201,102.3196003,201.7969597,0
12202,102.3196003,201.7969597,0
12203,102.3196003,201.7969597,0
12204,102.3196003,201.7969597,0
12205,102.3196003,201.7969597,0
12206,102.3196003,201.7969597,0
12207,102.3196003,201.7969597,0
12208,102.3196003,201.7969597,0
12209,102.3196003,201.7969597,0
12210,102.3196003,201.7969597,0
12211,102.3196003,201.7969597,0
12212,102.3196003,201.7969597,0
12213,102.3196003,201.7969597,0
12214,102.3196003,201.7969597,0
12215,102.3196003,201.7969597,0
12216,102.3196003,204.6391704,0
12217,102.3196003,204.6391704,0
12218,102.3196003,204.6391704,0
12219,102.3196003,204.6391704,0
12220,102.3196003,204.6391704,0
12221,102.3196003,204.6391704,0
12222,102.3196003,204.6391704,0
12223,102.3196003,204.6391704,0
12224,102.3196003,204.6391704,0
12225,102.3196003,204.6391704,0
12226,102.3196003,204.6391704,0
12227,102.3196003,204.6391704,0
12228,102.3196003,204.6391704,0
12229,102.3196003,204.6391704,0
12230,102.3196003,204.6391704,0
12231,102.3196003,204.6391704,0
12232,102.3196003,204.6391704,0
12233,102.3196003,204.6391704,0
12234,102.3196003,204.6391704,0
12235,102.3196003,204.6391704,0
12236,102.3196003,204.6391704,0
12237,102.3196003,204.6391704,0
12238,102.3196003,204.6391704,0
12239,102.3196003,204.6391704,0
12240,102.3196003,204.6391704,0
12241,102.3196003,204.6391704,0
12242,102.3196003,204.6391704,0
12243,102.3196003,204.6391704,0
12244,102.3196003,204.6391704,0
12245,102.3196002,204.6391704,0
12246,102.3196002,204.6391704,0
12247,102.3196002,204.6391704,0
12248,102.3196002,204.6391704,0
12249,102.3196002,204.6391704,0
12250,102.3196002,204.6391704,0
12251,102.3196002,204.6391704,0
12252,102.3196002,204.6391704,0
12253,102.3196002,204.6391704,0
12254,102.3196002,204.6391704,0
12255,102.3196002,204.6391704,0
12256,102.3196002,204.6391704,0
12257,102.3196002,204.6391704,0
12258,102.3196001,204.6391704,0
12259,102.3196001,204.6391704,0
12260,102.3196001,204.6391704,0
12261,102.3196001,204.6391704,0
12262,102.3196001,204.6391704,0
12263,102.3196001,204.6391704,0
12264,102.3196001,204.6391704,0
12265,102.3196001,204.6391704,0
12266,102.3196001,204.6391704,0
12267,102.3196001,204.6391704,0
12268,102.3196001,204.6391704,0
12269,102.3196001,204.6391704,0
12270,102.3196001,204.6391704,0
12271,102.3196001,204.6391704,0
12272,102.3196001,204.6391704,0
12273,102.3196001,204.6391704,0
12274,102.3196001,204.6391704,0
12275,102.3196001,204.6391704,0
12276,102.3196001,204.6391704,0
12277,102.3196001,204.6391704,0
12278,102.3196001,204.6391704,0
12279,102.3196001,204.6391704,0
12280,102.3196001,204.6391704,0
12281,102.3196001,204.6391704,0
12282,102.3196001,204.6391704,0
12283,102.3196001,204.6391704,0
12284,102.3196001,204.6391704,0
12285,102.3196001,204.6391704,0
12286,102.3196001,204.6391704,0
12287,102.3196001,204.6391704,0
12288,102.3196001,204.6391704,0
12289,102.3196001,204.6391704,0
12290,102.3196001,204.6391704,0
12291,102.3196001,204.6391704,0
12292,102.3196001,204.6391704,0
12293,102.3196001,204.6391704,0
12294,102.3196001,204.6391704,0
12295,102.3196001,204.6391704,0
12296,102.3196001,204.6391704,0
12297,102.3196001,204.6391704,0
12298,102.3196001,204.6391704,0
12299,102.3196001,204.6391704,0
12300,102.3196001,204.6391704,0
12301,102.3196001,204.6391704,0
12302,102.3196001,204.6391704,0
12303,102.3196001,204.6391704,0
12304,102.3196001,204.6391704,0
12305,102.3196001,204.6391704,0
12306,102.3196001,204.6391704,0
12307,102.3196001,204.6391704,0
12308,102.3196001,204.6391704,0
12309,102.3196001,204.6391704,0
12310,102.3196001,204.6391704,0
12311,102.3196001,204.6391704,0
12312,102.3196001,204.6391704,0
12313,102.3196001,204.6391704,0
12314,102.3196001,204.6391704,0
12315,102.3196001,204.6391704,0
12316,102.3196001,204.6391704,0
12317,102.3196001,204.6391704,0
12318,102.3196001,204.6391704,0
12319,102.3196001,204.6391704,0
12320,102.3196001,204.6391704,0
12321,102.3196001,204.6391704,0
12322,102.3196001,204.6391704,0
12323,102.3196001,204.6391704,0
12324,102.3196001,204.6391704,0
12325,102.3196001,204.6391704,1
12326,102.3196001,204.6391704,1
12327,102.3196001,204.6391704,1
12328,102.3196001,204.6391704,1
12329,102.3196001,204.6391704,1
12330,102.3196001,204.6391704,1
12331,102.3196001,204.6391704,1
12332,102.3196001,204.6391704,1
12333,102.3196001,204.6391704,1
12334,102.3196001,204.6391704,1
12335,102.3196001,204.6391704,1
12336,102.3196001,204.6391704,1
12337,102.3196001,204.6391704,1
12338,102.3196001,204.6391704,1
12339,102.3196001,204.6391704,1
12340,102.3196001,204.6391704,1
12341,102.3196001,204.6391704,1
12342,102.3196001,204.6391704,1
12343,102.3196001,204.6391704,1
12344,102.3196001,204.6391704,1
12345,102.3196001,204.6391704,1
12346,102.3196001,204.6391704,1
12347,102.3196001,204.6391704,1
12348,99.47738921,204.6391704,1
12349,99.47738921,204.6391704,1
12350,99.47738921,204.6391704,1
12351,99.47738906,204.6391704,1
12352,99.47738906,204.6391704,1
12353,99.47738906,204.6391704,1
12354,99.47738906,204.6391704,1
12355,99.47738906,204.6391704,1
12356,99.47738906,204.6391704,1
12357,99.47738921,204.6391704,1
12358,99.47738921,204.6391704,1
12359,99.47738921,207.4813811,1
12360,99.47738921,207.4813811,1
12361,99.47738921,207.4813811,1
12362,99.47738921,207.4813811,1
12363,99.47738921,207.4813811,1
12364,99.47738921,207.4813811,1
12365,99.47738921,207.4813811,1
12366,99.47738921,207.4813811,1
12367,99.47738921,207.4813811,1
12368,99.47738921,207.4813811,1
12369,99.47738921,207.4813811,1
12370,99.47738921,207.4813811,1
12371,99.47738921,207.4813811,1
12372,99.47738921,207.4813811,1
12373,99.47738921,207.4813811,1
12374,99.47738921,207.4813811,1
12375,99.47738921,207.4813811,1
12376,102.3196002,207.4813811,1
12377,102.3196002,207.4813811,1
12378,102.3196002,207.4813811,1
12379,102.3196002,207.4813811,1
12380,102.3196002,207.4813811,1
12381,102.3196002,207.4813811,1
12382,102.3196002,207.4813811,1
12383,102.3196002,207.4813811,1
12384,102.3196002,207.4813811,1
12385,102.3196002,207.4813811,1
12386,102.3196002,207.4813811,1
12387,102.3196002,207.4813811,1
12388,102.3196002,207.4813811,1
12389,102.3196002,207.4813811,1
12390,102.3196002,207.4813811,1
12391,102.3196002,207.4813811,1
12392,102.3196002,207.4813811,1
12393,102.3196002,207.4813811,1
12394,102.3196002,207.4813811,1
12395,102.3196002,207.4813811,1
12396,102.3196002,207.4813811,1
12397,102.3196002,207.4813811,1
12398,102.3196002,207.4813811,1
12399,102.3196002,207.4813811,1
12400,102.3196002,207.4813811,1
12401,102.3196002,207.4813811,1
12402,102.3196002,207.4813811,1
12403,102.3196002,207.4813811,1
12404,102.3196002,207.4813811,1
12405,102.3196002,207.4813811,1
12406,102.3196002,207.4813811,1
12407,102.3196002,207.4813811,1
12408,102.3196002,207.4813811,1
12409,102.3196002,207.4813811,1
12410,102.3196002,207.4813811,1
12411,102.3196002,207.4813811,1
12412,102.3196002,207.4813811,1
12413,102.3196002,207.4813811,1
12414,102.3196002,207.4813811,1
12415,102.3196002,207.4813811,1
12416,102.3196002,207.4813811,1
12417,102.3196002,207.4813811,1
12418,102.3196002,207.4813811,1
12419,102.3196002,207.4813811,1
12420,102.3196002,207.4813811,1
12421,102.3196002,207.4813811,1
12422,102.3196002,207.4813811,1
12423,102.3196002,207.4813811,1
12424,102.3196002,207.4813811,1
12425,102.3196002,207.4813811,1
12426,96.63517808,207.4813811,1
12427,96.63517808,207.4813811,1
12428,96.63517808,207.4813811,1
12429,96.63517808,204.6391704,1
12430,96.63517808,204.6391704,1
12431,96.63517808,204.6391704,1
12432,96.63517808,204.6391704,1
12433,96.63517808,204.6391704,1
12434,96.63517808,204.6391704,1
12435,96.63517808,204.6391704,1
12436,96.63517808,204.6391704,1
12437,96.63517808,204.6391704,1
12438,96.63517808,204.6391704,1
12439,96.63517808,204.6391704,1
12440,99.47738906,204.6391704,1
12441,99.47738906,204.6391704,1
12442,99.47738906,204.6391704,1
12443,99.47738906,204.6391704,1
12444,99.47738906,204.6391704,1
12445,99.47738906,204.6391704,1
12446,99.47738906,204.6391704,1
12447,99.47738906,204.6391704,1
12448,99.47738906,204.6391704,1
12449,99.47738906,204.6391704,1
12450,99.47738906,204.6391704,1
12451,99.47738906,204.6391704,1
12452,99.47738906,204.6391704,1
12453,99.47738906,204.6391704,1
12454,99.47738906,204.6391704,1
12455,99.47738906,204.6391704,1
12456,99.47738906,204.6391704,1
12457,99.47738906,204.6391704,1
12458,99.47738906,204.6391704,1
12459,99.47738906,204.6391704,1
12460,99.47738906,204.6391704,1
12461,99.47738906,204.6391704,1
12462,99.47738906,204.6391704,1
12463,99.47738906,204.6391704,1
12464,99.47738906,204.6391704,1
12465,99.47738906,204.6391704,1
12466,99.47738906,204.6391704,1
12467,99.47738906,204.6391704,1
12468,99.47738906,204.6391704,1
12469,99.47738906,204.6391704,1
12470,99.47738906,204.6391704,1
12471,99.47738906,204.6391704,1
12472,99.47738906,204.6391704,1
12473,99.47738906,204.6391704,1
12474,99.47738906,204.6391704,1
12475,99.47738906,204.6391704,1
12476,99.47738913,204.6391704,1
12477,99.47738913,204.6391704,1
12478,99.47738913,204.6391704,1
12479,99.47738913,204.6391704,1
12480,99.47738913,204.6391704,1
12481,99.47738913,204.6391704,1
12482,99.47738913,204.6391704,1
12483,99.47738913,204.6391704,1
12484,99.47738913,204.6391704,1
12485,99.47738913,204.6391704,1
12486,99.47738913,204.6391704,1
12487,99.47738913,204.6391704,1
12488,99.47738913,204.6391704,1
12489,99.47738913,204.6391704,1
12490,99.47738913,204.6391704,1
12491,99.47738913,204.6391704,1
12492,99.47738913,204.6391704,1
12493,99.47738913,204.6391704,1
12494,99.47738913,204.6391704,1
12495,99.47738913,204.6391704,1
12496,99.47738913,204.6391704,1
12497,99.47738913,204.6391704,1
12498,102.3196003,204.6391704,1
12499,102.3196003,204.6391704,1
12500,102.3196003,204.6391704,1
12501,102.3196003,204.6391704,1
12502,102.3196003,204.6391704,1
12503,102.3196003,204.6391704,1
12504,102.3196003,204.6391704,1
12505,102.3196003,204.6391704,1
12506,102.3196003,204.6391704,1
12507,102.3196003,204.6391704,1
12508,102.3196003,204.6391704,1
12509,102.3196003,204.6391704,1
12510,102.3196003,204.6391704,1
12511,102.3196003,204.6391704,1
12512,102.3196003,204.6391704,1
12513,102.3196003,204.6391704,1
12514,102.3196003,204.6391704,1
12515,102.3196003,204.6391704,1
12516,102.3196003,204.6391704,1
12517,102.3196003,204.6391704,1
12518,102.3196003,204.6391704,1
12519,102.3196003,204.6391704,1
12520,102.3196003,204.6391704,1
12521,102.3196003,204.6391704,1
12522,102.3196003,204.6391704,1
12523,102.3196003,204.6391704,1
12524,102.3196003,204.6391704,1
12525,102.3196003,204.6391704,1
12526,102.3196003,204.6391704,1
12527,102.3196003,204.6391704,1
12528,102.3196003,204.6391704,1
12529,102.3196003,204.6391704,1
12530,102.3196003,204.6391704,1
12531,102.3196003,204.6391704,1
12532,102.3196003,204.6391704,1
12533,102.3196003,204.6391704,1
12534,102.3196003,204.6391704,1
12535,102.3196003,204.6391704,1
12536,102.3196003,204.6391704,1
12537,102.3196003,204.6391704,1
12538,102.3196003,204.6391704,1
12539,102.3196003,204.6391704,1
12540,102.3196003,204.6391704,1
12541,102.3196003,204.6391704,1
12542,102.3196003,204.6391704,1
12543,102.3196003,204.6391704,1
12544,102.3196003,204.6391704,1
12545,102.3196003,204.6391704,1
12546,102.3196003,204.6391704,1
12547,102.3196003,204.6391704,1
12548,102.3196002,204.6391704,1
12549,102.3196002,204.6391704,1
12550,102.3196002,204.6391704,1
12551,102.3196002,204.6391704,1
12552,102.3196002,204.6391704,1
12553,99.47738913,204.6391704,1
12554,99.47738913,204.6391704,1
12555,99.47738899,204.6391704,1
12556,99.47738899,204.6391704,1
12557,99.47738899,204.6391704,1
12558,99.47738913,204.6391704,1
12559,99.47738913,204.6391704,1
12560,99.47738913,204.6391704,1
12561,99.47738913,204.6391704,1
12562,99.47738913,204.6391704,1
12563,99.47738913,204.6391704,1
12564,99.47738913,204.6391704,1
12565,99.47738913,204.6391704,1
12566,99.47738913,204.6391704,1
12567,99.47738913,204.6391704,1
12568,99.47738913,204.6391704,1
12569,99.47738913,204.6391704,1
12570,99.47738913,204.6391704,1
12571,99.47738913,204.6391704,1
12572,99.47738913,204.6391704,1
12573,99.47738913,204.6391704,1
12574,99.47738913,204.6391704,1
12575,99.47738913,204.6391704,1
12576,99.47738913,204.6391704,1
12577,99.47738913,204.6391704,1
12578,99.47738913,204.6391704,1
12579,99.47738913,204.6391704,1
12580,99.47738913,204.6391704,1
12581,99.47738913,204.6391704,1
12582,99.47738913,204.6391704,1
12583,99.47738913,204.6391704,1
12584,99.47738913,204.6391704,1
12585,99.47738913,204.6391704,1
12586,99.47738913,204.6391704,1
12587,99.47738913,204.6391704,1
12588,99.47738913,204.6391704,1
12589,99.47738913,204.6391704,1
12590,99.47738913,204.6391704,1
12591,99.47738913,204.6391704,1
12592,99.47738913,204.6391704,1
12593,99.47738913,204.6391704,1
12594,99.47738913,204.6391704,1
12595,99.47738913,204.6391704,1
12596,99.47738913,204.6391704,1
12597,99.47738913,204.6391704,1
12598,99.47738913,204.6391704,1
12599,99.47738913,204.6391704,1
12600,99.47738913,204.6391704,1
12601,99.47738913,204.6391704,1
12602,99.47738913,204.6391704,1
12603,99.47738913,204.6391704,1
12604,99.47738913,204.6391704,1
12605,99.47738913,204.6391704,1
12606,99.47738913,204.6391704,1
12607,99.47738913,204.6391704,1
12608,99.47738913,204.6391704,1
12609,99.47738913,204.6391704,1
12610,99.47738913,204.6391704,1
12611,99.47738913,204.6391704,1
12612,99.47738913,204.6391704,1
12613,99.47738913,204.6391704,1
12614,99.47738913,204.6391704,1
12615,99.47738921,204.6391704,1
12616,99.47738921,204.6391704,1
12617,99.47738921,204.6391704,1
12618,99.47738921,204.6391704,1
12619,99.47738921,204.6391704,1
12620,99.47738921,204.6391704,1
12621,99.47738921,204.6391704,1
12622,99.47738921,204.6391704,1
12623,99.47738921,204.6391704,1
12624,99.47738921,204.6391704,1
12625,99.47738921,204.6391704,1
12626,99.47738921,204.6391704,1
12627,99.47738921,204.6391704,1
12628,99.47738921,204.6391704,1
12629,99.47738921,204.6391704,1
12630,99.47738921,204.6391704,1
12631,99.47738921,204.6391704,1
12632,99.47738921,204.6391704,1
12633,99.47738921,204.6391704,1
12634,99.47738921,204.6391704,1
12635,99.47738921,204.6391704,1
12636,99.47738921,204.6391704,1
12637,99.47738921,204.6391704,1
12638,99.47738921,204.6391704,1
12639,99.47738921,204.6391704,1
12640,99.47738921,204.6391704,1
12641,99.47738921,204.6391704,1
12642,99.47738921,204.6391704,1
12643,99.47738921,204.6391704,1
12644,99.47738921,204.6391704,1
12645,99.47738921,204.6391704,1
12646,99.47738921,204.6391704,1
12647,99.47738921,204.6391704,1
12648,99.47738921,204.6391704,1
12649,99.47738921,204.6391704,1
12650,99.47738921,204.6391704,1
12651,99.47738921,204.6391704,1
12652,99.47738921,204.6391704,1
12653,99.47738921,204.6391704,1
12654,99.47738921,204.6391704,1
12655,99.47738921,204.6391704,1
12656,99.47738921,204.6391704,1
12657,99.47738921,204.6391704,1
12658,99.47738921,204.6391704,1
12659,99.47738921,204.6391704,1
12660,99.47738921,204.6391704,1
12661,99.47738921,204.6391704,1
12662,99.47738921,204.6391704,1
12663,99.47738921,204.6391704,1
12664,99.47738921,204.6391704,1
12665,99.47738892,204.6391704,1
12666,99.47738921,204.6391704,1
12667,99.47738921,204.6391704,1
12668,99.47738921,204.6391704,1
12669,99.47738921,204.6391704,1
12670,99.47738921,204.6391704,1
12671,99.47738921,204.6391704,1
12672,99.47738921,204.6391704,1
12673,99.47738921,204.6391704,1
12674,99.47738921,204.6391704,1
12675,99.47738921,204.6391704,1
12676,99.47738921,204.6391704,1
12677,99.47738921,204.6391704,1
12678,99.47738921,204.6391704,1
12679,99.47738921,204.6391704,1
12680,99.47738921,204.6391704,1
12681,99.47738921,204.6391704,1
12682,99.47738921,204.6391704,1
12683,99.47738921,204.6391704,1
12684,99.47738921,204.6391704,1
12685,99.47738921,204.6391704,1
12686,99.47738921,204.6391704,1
12687,99.47738921,204.6391704,1
12688,99.47738921,204.6391704,1
12689,99.47738921,204.6391704,1
12690,99.47738921,204.6391704,1
12691,99.47738921,204.6391704,1
12692,99.47738921,204.6391704,1
12693,99.47738921,204.6391704,1
12694,102.3196002,204.6391704,1
12695,102.3196002,204.6391704,1
12696,102.3196002,204.6391704,1
12697,102.3196002,204.6391704,1
12698,102.3196002,204.6391704,1
12699,102.3196002,204.6391704,1
12700,102.3196002,204.6391704,1
12701,102.3196002,204.6391704,1
12702,102.3196002,204.6391704,1
12703,102.3196002,204.6391704,1
12704,102.3196002,204.6391704,1
12705,102.3196002,204.6391704,1
12706,102.3196002,204.6391704,1
12707,102.3196002,204.6391704,1
12708,102.3196002,204.6391704,1
12709,102.3196002,204.6391704,1
12710,102.3196002,204.6391704,1
12711,102.3196002,204.6391704,1
12712,102.3196002,204.6391704,1
12713,102.3196002,204.6391704,1
12714,102.3196002,204.6391704,1
12715,102.3196002,204.6391704,1
12716,102.3196002,204.6391704,1
12717,102.3196002,204.6391704,1
12718,102.3196002,204.6391704,1
12719,102.3196002,204.6391704,1
12720,102.3196002,204.6391704,1
12721,102.3196002,204.6391704,1
12722,102.3196002,204.6391704,1
12723,102.3196002,204.6391704,1
12724,102.3196002,204.6391704,1
12725,102.3196002,204.6391704,1
12726,102.3196002,204.6391704,1
12727,102.3196002,204.6391704,1
12728,102.3196002,204.6391704,1
12729,102.3196002,204.6391704,1
12730,102.3196002,204.6391704,1
12731,102.3196002,204.6391704,1
12732,102.3196002,204.6391704,1
12733,102.3196002,204.6391704,1
12734,102.3196002,204.6391704,1
12735,102.3196002,204.6391704,1
12736,102.3196002,204.6391704,1
12737,102.3196002,204.6391704,1
12738,102.3196002,204.6391704,1
12739,102.3196002,204.6391704,1
12740,102.3196002,204.6391704,1
12741,102.3196002,204.6391704,1
12742,102.3196002,204.6391704,1
12743,102.3196002,204.6391704,1
12744,99.47738921,204.6391704,1
12745,99.47738921,204.6391704,1
12746,99.47738921,204.6391704,1
12747,99.47738906,204.6391704,1
12748,99.47738906,204.6391704,1
12749,99.47738906,204.6391704,1
12750,99.47738906,204.6391704,1
12751,99.47738906,204.6391704,1
12752,99.47738906,204.6391704,1
12753,99.47738906,204.6391704,1
12754,99.47738906,204.6391704,1
12755,99.47738906,204.6391704,1
12756,99.47738906,204.6391704,1
12757,99.47738906,204.6391704,1
12758,99.47738906,204.6391704,1
12759,99.47738906,204.6391704,1
12760,99.47738906,204.6391704,1
12761,99.47738906,204.6391704,1
12762,99.47738906,204.6391704,1
12763,99.47738906,204.6391704,1
12764,99.47738906,204.6391704,1
12765,99.47738906,204.6391704,1
12766,99.47738906,204.6391704,1
12767,99.47738906,204.6391704,1
12768,99.47738906,204.6391704,1
12769,99.47738906,204.6391704,1
12770,99.47738906,204.6391704,1
12771,99.47738906,204.6391704,1
12772,99.47738906,204.6391704,1
12773,99.47738906,204.6391704,1
12774,99.47738906,204.6391704,1
12775,99.47738906,204.6391704,1
12776,99.47738899,204.6391704,1
12777,99.47738899,204.6391704,1
12778,99.47738899,204.6391704,1
12779,99.47738899,204.6391704,1
12780,99.47738899,204.6391704,1
12781,99.47738899,204.6391704,1
12782,99.47738899,201.7969597,1
12783,99.47738899,201.7969597,1
12784,99.47738899,201.7969597,1
12785,99.47738899,201.7969597,1
12786,99.47738899,201.7969597,1
12787,99.47738899,201.7969597,1
12788,99.47738899,204.6391704,1
12789,99.47738899,204.6391704,1
12790,99.47738906,204.6391704,1
12791,99.47738906,204.6391704,1
12792,99.47738906,204.6391704,1
12793,99.47738906,204.6391704,1
12794,99.47738906,204.6391704,1
12795,99.47738906,204.6391704,1
12796,99.47738906,204.6391704,1
12797,99.47738906,204.6391704,1
12798,99.47738906,204.6391704,1
12799,99.47738906,204.6391704,1
12800,99.47738906,204.6391704,1
12801,99.47738906,204.6391704,1
12802,99.47738906,204.6391704,1
12803,99.47738906,204.6391704,1
12804,99.47738906,204.6391704,1
12805,99.47738906,204.6391704,1
12806,99.47738906,204.6391704,1
12807,99.47738906,204.6391704,1
12808,99.47738906,204.6391704,1
12809,99.47738906,204.6391704,1
12810,99.47738906,204.6391704,1
12811,99.47738906,204.6391704,1
12812,99.47738906,204.6391704,1
12813,99.47738906,204.6391704,1
12814,99.47738906,204.6391704,1
12815,99.47738906,204.6391704,1
12816,99.47738906,204.6391704,1
12817,99.47738906,204.6391704,1
12818,99.47738906,204.6391704,1
12819,99.47738906,204.6391704,1
12820,99.47738906,204.6391704,1
12821,99.47738906,204.6391704,1
12822,99.47738906,204.6391704,1
12823,99.47738906,204.6391704,1
12824,99.47738906,204.6391704,1
12825,99.47738906,204.6391704,1
12826,99.47738906,204.6391704,1
12827,99.47738906,204.6391704,1
12828,99.47738906,204.6391704,1
12829,99.47738906,204.6391704,1
12830,99.47738906,204.6391704,1
12831,99.47738906,204.6391704,1
12832,99.47738906,204.6391704,1
12833,99.47738906,204.6391704,1
12834,99.47738906,204.6391704,1
12835,99.47738906,204.6391704,1
12836,99.47738906,204.6391704,1
12837,99.47738906,204.6391704,1
12838,99.47738906,204.6391704,1
12839,99.47738906,204.6391704,1
12840,99.47738906,204.6391704,1
12841,99.47738906,204.6391704,1
12842,99.47738906,204.6391704,1
12843,99.47738906,204.6391704,1
12844,99.47738906,204.6391704,1
12845,99.47738906,204.6391704,1
12846,99.47738906,204.6391704,1
12847,99.47738906,204.6391704,1
12848,99.47738921,204.6391704,1
12849,99.47738921,204.6391704,1
12850,99.47738921,204.6391704,1
12851,99.47738921,204.6391704,1
12852,99.47738921,204.6391704,1
12853,99.47738921,204.6391704,1
12854,99.47738921,204.6391704,1
12855,99.47738921,204.6391704,1
12856,99.47738921,204.6391704,1
12857,99.47738921,204.6391704,1
12858,99.47738921,204.6391704,1
12859,99.47738921,204.6391704,1
12860,99.47738921,204.6391704,1
12861,99.47738921,204.6391704,1
12862,99.47738921,204.6391704,1
12863,99.47738921,204.6391704,1
12864,99.47738921,204.6391704,1
12865,99.47738921,204.6391704,1
12866,99.47738921,204.6391704,1
12867,99.47738921,204.6391704,1
12868,99.47738921,204.6391704,1
12869,99.47738921,204.6391704,1
12870,99.47738921,204.6391704,1
12871,99.47738921,204.6391704,1
12872,99.47738921,204.6391704,1
12873,99.47738921,204.6391704,1
12874,99.47738921,204.6391704,1
12875,99.47738921,204.6391704,1
12876,99.47738921,204.6391704,1
12877,99.47738921,204.6391704,1
12878,99.47738921,204.6391704,1
12879,99.47738921,204.6391704,1
12880,99.47738921,204.6391704,1
12881,99.47738921,204.6391704,1
12882,99.47738921,204.6391704,1
12883,99.47738921,204.6391704,1
12884,99.47738921,204.6391704,1
12885,99.47738921,204.6391704,1
12886,99.47738921,204.6391704,1
12887,99.47738921,204.6391704,1
12888,99.47738921,204.6391704,1
12889,99.47738921,204.6391704,1
12890,99.47738921,204.6391704,1
12891,99.47738921,204.6391704,1
12892,99.47738921,204.6391704,1
12893,99.47738921,204.6391704,1
12894,99.47738921,204.6391704,1
12895,99.47738921,204.6391704,1
12896,99.47738921,204.6391704,1
12897,99.47738921,204.6391704,1
12898,99.47738913,204.6391704,1
12899,99.47738921,204.6391704,1
12900,99.47738921,204.6391704,1
12901,99.47738921,204.6391704,1
12902,99.47738921,204.6391704,1
12903,99.47738921,204.6391704,1
12904,99.47738921,204.6391704,1
12905,99.47738921,204.6391704,1
12906,99.47738921,204.6391704,1
12907,99.47738921,204.6391704,1
12908,99.47738921,204.6391704,1
12909,99.47738921,204.6391704,1
12910,99.47738921,204.6391704,1
12911,99.47738921,204.6391704,1
12912,99.47738921,204.6391704,1
12913,99.47738921,204.6391704,1
12914,99.47738921,204.6391704,1
12915,99.47738921,204.6391704,1
12916,99.47738921,204.6391704,1
12917,99.47738921,204.6391704,1
12918,99.47738921,204.6391704,1
12919,99.47738921,204.6391704,1
12920,99.47738921,204.6391704,1
12921,99.47738921,201.7969597,1
12922,99.47738921,201.7969597,1
12923,99.47738921,201.7969597,1
12924,99.47738921,201.7969597,1
12925,99.47738921,201.7969597,1
12926,99.47738921,201.7969597,1
12927,99.47738921,201.7969597,1
12928,99.47738921,201.7969597,1
12929,99.47738921,201.7969597,1
12930,99.47738921,201.7969597,1
12931,99.47738921,201.7969597,1
12932,99.47738921,201.7969597,1
12933,99.47738921,201.7969597,1
12934,99.47738921,201.7969597,1
12935,99.47738921,201.7969597,1
12936,99.47738921,201.7969597,1
12937,99.47738921,201.7969597,1
12938,102.3196,201.7969597,1
12939,102.3196,201.7969597,1
12940,102.3196,201.7969597,1
12941,102.3196,201.7969597,1
12942,102.3196,201.7969597,1
12943,102.3196,201.7969597,1
12944,102.3196,201.7969597,1
12945,102.3196,201.7969597,1
12946,102.3196,201.7969597,1
12947,102.3196,201.7969597,1
12948,102.3196,201.7969597,1
12949,102.3196,201.7969597,1
12950,102.3196,201.7969597,1
12951,102.3196,201.7969597,1
12952,102.3196,201.7969597,1
12953,102.3196,201.7969597,1
12954,102.3196,201.7969597,1
12955,102.3196,201.7969597,1
12956,102.3196,201.7969597,1
12957,102.3196,201.7969597,1
12958,102.3196,201.7969597,1
12959,102.3196,201.7969597,1
12960,102.3196,201.7969597,1
12961,102.3196,201.7969597,1
12962,102.3196,201.7969597,1
12963,102.3196,201.7969597,1
12964,102.3196,201.7969597,1
12965,102.3196,201.7969597,1
12966,102.3196,201.7969597,1
12967,102.3196,204.6391704,1
12968,102.3196,204.6391704,1
12969,102.3196,204.6391704,1
12970,102.3196,204.6391704,1
12971,102.3196,204.6391704,1
12972,102.3196,204.6391704,1
12973,102.3196,204.6391704,1
12974,102.3196,204.6391704,1
12975,102.3196,204.6391704,1
12976,102.3196,204.6391704,1
12977,102.3196,204.6391704,1
12978,102.3196,204.6391704,1
12979,102.3196,204.6391704,1
12980,102.3196,204.6391704,1
12981,102.3196,204.6391704,1
12982,102.3196,204.6391704,1
12983,102.3196,204.6391704,1
12984,102.3196,204.6391704,1
12985,102.3196,204.6391704,1
12986,102.3196,204.6391704,1
12987,102.3196,204.6391704,1
12988,99.47738899,204.6391704,1
12989,99.47738899,204.6391704,1
12990,99.47738899,204.6391704,1
12991,99.47738899,204.6391704,1
12992,99.47738899,204.6391704,1
12993,99.47738899,204.6391704,1
12994,99.47738899,204.6391704,1
12995,99.47738899,204.6391704,1
12996,99.47738899,204.6391704,1
12997,99.47738899,204.6391704,1
12998,99.47738899,204.6391704,1
12999,99.47738899,204.6391704,1
13000,99.47738899,204.6391704,1
13001,99.47738899,204.6391704,1
13002,99.47738899,204.6391704,1
13003,99.47738899,204.6391704,1
13004,99.47738899,204.6391704,1
13005,99.47738899,204.6391704,1
13006,99.47738899,204.6391704,1
13007,99.47738899,204.6391704,1
13008,99.47738899,204.6391704,1
13009,99.47738899,204.6391704,1
13010,99.47738899,204.6391704,1
13011,99.47738899,204.6391704,1
13012,99.47738899,204.6391704,1
13013,99.47738899,204.6391704,1
13014,99.47738899,204.6391704,1
13015,99.47738899,204.6391704,1
13016,99.47738899,204.6391704,1
13017,99.47738899,204.6391704,1
13018,99.47738899,204.6391704,1
13019,99.47738899,204.6391704,1
13020,99.47738899,204.6391704,1
13021,99.47738899,204.6391704,1
13022,99.47738899,204.6391704,1
13023,99.47738899,207.4813811,1
13024,99.47738899,207.4813811,1
13025,99.47738899,207.4813811,1
13026,99.47738899,207.4813811,1
13027,99.47738899,207.4813811,1
13028,102.3196003,207.4813811,1
13029,102.3196003,207.4813811,1
13030,102.3196003,207.4813811,1
13031,102.3196003,207.4813811,1
13032,102.3196003,207.4813811,1
13033,102.3196003,207.4813811,1
13034,102.3196003,207.4813811,1
13035,102.3196003,207.4813811,1
13036,102.3196003,207.4813811,1
13037,102.3196003,207.4813811,1
13038,102.3196003,207.4813811,1
13039,102.3196003,207.4813811,1
13040,102.3196003,207.4813811,1
13041,102.3196003,207.4813811,1
13042,102.3196003,207.4813811,1
13043,102.3196003,207.4813811,1
13044,102.3196003,207.4813811,1
13045,102.3196003,207.4813811,1
13046,102.3196003,207.4813811,1
13047,102.3196003,207.4813811,1
13048,102.3196003,207.4813811,1
13049,102.3196003,207.4813811,1
13050,102.3196003,207.4813811,1
13051,102.3196003,207.4813811,1
13052,102.3196003,207.4813811,1
13053,102.3196003,207.4813811,1
13054,102.3196003,207.4813811,1
13055,102.3196003,207.4813811,1
13056,102.3196003,207.4813811,1
13057,102.3196003,207.4813811,1
13058,102.3196003,207.4813811,1
13059,102.3196003,207.4813811,1
13060,102.3196003,207.4813811,1
13061,102.3196003,207.4813811,1
13062,102.3196003,207.4813811,1
13063,102.3196003,207.4813811,1
13064,102.3196003,207.4813811,1
13065,102.3196003,207.4813811,1
13066,102.3196003,207.4813811,1
13067,102.3196003,207.4813811,1
13068,102.3196003,207.4813811,1
13069,102.3196003,207.4813811,1
13070,102.3196003,207.4813811,1
13071,102.3196003,207.4813811,1
13072,102.3196003,207.4813811,1
13073,102.3196003,204.6391704,1
13074,102.3196003,204.6391704,1
13075,102.3196003,204.6391704,1
13076,102.3196003,204.6391704,1
13077,102.3196003,204.6391704,1
13078,99.47738921,204.6391704,1
13079,99.47738921,204.6391704,1
13080,99.47738921,204.6391704,1
13081,99.47738921,204.6391704,1
13082,99.47738921,204.6391704,1
13083,99.47738921,204.6391704,1
13084,99.47738921,204.6391704,1
13085,99.47738921,204.6391704,1
13086,99.47738921,204.6391704,1
13087,99.47738921,204.6391704,1
13088,99.47738921,204.6391704,1
13089,99.47738921,204.6391704,1
13090,99.47738921,204.6391704,1
13091,99.47738921,204.6391704,1
13092,99.47738921,204.6391704,1
13093,99.47738921,204.6391704,1
13094,99.47738921,204.6391704,1
13095,99.47738921,204.6391704,1
13096,99.47738921,204.6391704,1
13097,99.47738921,204.6391704,1
13098,99.47738921,204.6391704,1
13099,99.47738921,204.6391704,1
13100,99.47738921,204.6391704,1
13101,99.47738921,204.6391704,1
13102,99.47738921,204.6391704,1
13103,99.47738921,204.6391704,1
13104,102.3196002,204.6391704,1
13105,102.3196002,204.6391704,1
13106,102.3196002,204.6391704,1
13107,102.3196002,204.6391704,1
13108,102.3196002,204.6391704,1
13109,102.3196002,204.6391704,1
13110,102.3196002,204.6391704,1
13111,102.3196002,204.6391704,1
13112,102.3196002,204.6391704,1
13113,102.3196002,204.6391704,1
13114,102.3196002,204.6391704,1
13115,102.3196002,204.6391704,1
13116,102.3196002,204.6391704,1
13117,102.3196002,204.6391704,1
13118,102.3196002,204.6391704,1
13119,102.3196002,204.6391704,1
13120,102.3196002,204.6391704,1
13121,102.3196002,204.6391704,1
13122,102.3196002,204.6391704,1
13123,102.3196002,204.6391704,1
13124,102.3196002,204.6391704,1
13125,102.3196002,204.6391704,1
13126,102.3196002,204.6391704,1
13127,102.3196002,204.6391704,1
13128,102.3196002,204.6391704,1
13129,102.3196002,204.6391704,1
13130,102.3196002,204.6391704,1
13131,102.3196002,204.6391704,1
13132,102.3196002,204.6391704,1
13133,102.3196002,204.6391704,1
13134,102.3196002,204.6391704,1
13135,102.3196002,204.6391704,1
13136,102.3196002,204.6391704,1
13137,102.3196002,204.6391704,1
13138,102.3196002,204.6391704,1
13139,102.3196002,204.6391704,1
13140,102.3196002,204.6391704,1
13141,102.3196002,204.6391704,1
13142,102.3196002,204.6391704,1
13143,102.3196002,204.6391704,1
13144,102.3196002,204.6391704,1
13145,102.3196002,204.6391704,1
13146,102.3196002,204.6391704,1
13147,102.3196002,204.6391704,1
13148,102.3196002,204.6391704,1
13149,102.3196002,204.6391704,1
13150,102.3196002,204.6391704,1
13151,102.3196002,204.6391704,1
13152,102.3196002,204.6391704,1
13153,102.3196002,204.6391704,1
13154,99.47738906,204.6391704,1
13155,99.47738906,204.6391704,1
13156,99.47738906,204.6391704,1
13157,99.47738906,204.6391704,1
13158,99.47738906,204.6391704,1
13159,99.47738906,204.6391704,1
13160,99.47738906,204.6391704,1
13161,99.47738906,204.6391704,1
13162,99.47738906,204.6391704,1
13163,99.47738906,204.6391704,1
13164,99.47738892,204.6391704,1
13165,99.47738892,204.6391704,1
13166,99.47738892,204.6391704,1
13167,99.47738892,204.6391704,1
13168,99.47738892,204.6391704,1
13169,99.47738892,204.6391704,1
13170,99.47738892,204.6391704,1
13171,99.47738892,204.6391704,1
13172,99.47738892,204.6391704,1
13173,99.47738892,204.6391704,1
13174,99.47738892,204.6391704,1
13175,99.47738892,204.6391704,1
13176,99.47738892,204.6391704,1
13177,99.47738892,204.6391704,1
13178,99.47738892,204.6391704,1
13179,99.47738892,204.6391704,1
13180,99.47738892,204.6391704,1
13181,99.47738892,204.6391704,1
13182,99.47738892,204.6391704,1
13183,99.47738892,204.6391704,1
13184,99.47738892,204.6391704,1
13185,99.47738892,204.6391704,1
13186,99.47738892,204.6391704,1
13187,99.47738892,204.6391704,1
13188,99.47738892,204.6391704,1
13189,99.47738892,204.6391704,1
13190,99.47738892,204.6391704,1
13191,99.47738892,204.6391704,1
13192,99.47738892,204.6391704,1
13193,99.47738892,204.6391704,1
13194,99.47738892,204.6391704,1
13195,99.47738892,204.6391704,1
13196,99.47738892,204.6391704,1
13197,96.63517801,204.6391704,1
13198,99.47738906,204.6391704,1
13199,99.47738906,204.6391704,1
13200,99.47738906,204.6391704,1
13201,99.47738906,204.6391704,1
13202,99.47738906,204.6391704,1
13203,99.47738906,204.6391704,1
13204,99.47738906,204.6391704,1
13205,99.47738906,204.6391704,1
13206,99.47738906,204.6391704,1
13207,99.47738906,204.6391704,1
13208,99.47738906,204.6391704,1
13209,99.47738906,204.6391704,1
13210,99.47738906,204.6391704,1
13211,99.47738906,204.6391704,1
13212,99.47738906,204.6391704,1
13213,99.47738906,204.6391704,1
13214,99.47738906,204.6391704,1
13215,99.47738906,204.6391704,1
13216,99.47738906,204.6391704,1
13217,99.47738906,204.6391704,1
13218,99.47738906,204.6391704,1
13219,99.47738906,204.6391704,1
13220,99.47738906,204.6391704,1
13221,99.47738906,204.6391704,1
13222,99.47738906,204.6391704,1
13223,99.47738906,204.6391704,1
13224,99.47738906,204.6391704,1
13225,99.47738906,204.6391704,1
13226,99.47738906,204.6391704,1
13227,99.47738906,204.6391704,1
13228,99.47738906,204.6391704,1
13229,99.47738906,204.6391704,1
13230,99.47738906,204.6391704,1
13231,99.47738906,204.6391704,1
13232,99.47738906,204.6391704,1
13233,99.47738906,204.6391704,1
13234,99.47738906,204.6391704,1
13235,99.47738906,204.6391704,1
13236,99.47738906,204.6391704,1
13237,99.47738906,204.6391704,1
13238,99.47738906,204.6391704,1
13239,99.47738906,207.4813811,1
13240,99.47738906,207.4813811,1
13241,99.47738906,207.4813811,1
13242,99.47738906,207.4813811,1
13243,99.47738906,207.4813811,1
13244,99.47738906,207.4813811,1
13245,99.47738906,207.4813811,1
13246,99.47738906,207.4813811,1
13247,99.47738906,207.4813811,1
13248,99.47738906,207.4813811,1
13249,99.47738906,207.4813811,1
13250,99.47738906,207.4813811,1
13251,99.47738906,207.4813811,1
13252,99.47738906,207.4813811,1
13253,99.47738906,207.4813811,1
13254,99.47738906,207.4813811,1
13255,99.47738906,207.4813811,1
13256,99.47738906,207.4813811,1
13257,99.47738906,207.4813811,1
13258,99.47738906,207.4813811,1
13259,99.47738906,207.4813811,1
13260,99.47738906,207.4813811,1
13261,99.47738906,207.4813811,1
13262,99.47738906,207.4813811,1
13263,99.47738906,207.4813811,1
13264,99.47738906,207.4813811,1
13265,99.47738906,207.4813811,1
13266,99.47738906,207.4813811,1
13267,99.47738906,207.4813811,1
13268,99.47738906,207.4813811,1
13269,99.47738906,207.4813811,1
13270,99.47738906,207.4813811,1
13271,99.47738906,207.4813811,1
13272,99.47738906,207.4813811,1
13273,99.47738906,207.4813811,1
13274,99.47738906,207.4813811,1
13275,99.47738906,207.4813811,1
13276,99.47738906,207.4813811,1
13277,99.47738906,207.4813811,1
13278,99.47738906,207.4813811,1
13279,99.47738906,207.4813811,1
13280,99.47738906,207.4813811,1
13281,99.47738906,207.4813811,1
13282,99.47738906,207.4813811,1
13283,99.47738906,207.4813811,1
13284,99.47738906,207.4813811,1
13285,99.47738906,207.4813811,1
13286,99.47738906,207.4813811,1
13287,99.47738906,207.4813811,1
13288,99.47738906,207.4813811,1
13289,99.47738906,204.6391704,1
13290,99.47738906,204.6391704,1
13291,99.47738906,204.6391704,1
13292,99.47738906,204.6391704,1
13293,99.47738906,204.6391704,1
13294,99.47738906,204.6391704,1
13295,99.47738906,204.6391704,1
13296,99.47738906,204.6391704,1
13297,99.47738906,204.6391704,1
13298,99.47738906,204.6391704,1
13299,99.47738906,204.6391704,1
13300,99.47738906,204.6391704,1
13301,99.47738906,204.6391704,1
13302,99.47738906,204.6391704,1
13303,99.47738906,204.6391704,1
13304,99.47738906,204.6391704,1
13305,99.47738906,204.6391704,1
13306,99.47738906,204.6391704,1
13307,99.47738906,204.6391704,1
13308,99.47738906,204.6391704,1
13309,99.47738906,204.6391704,1
13310,99.47738906,204.6391704,1
13311,99.47738906,204.6391704,1
13312,99.47738906,204.6391704,1
13313,99.47738906,204.6391704,1
13314,99.47738906,204.6391704,1
13315,99.47738906,204.6391704,1
13316,99.47738906,204.6391704,1
13317,99.47738906,204.6391704,1
13318,99.47738906,204.6391704,1
13319,99.47738906,204.6391704,1
13320,99.47738906,204.6391704,1
13321,96.63517801,204.6391704,1
13322,96.63517801,204.6391704,1
13323,96.63517801,204.6391704,1
13324,96.63517801,204.6391704,1
13325,96.63517801,204.6391704,1
13326,96.63517801,204.6391704,1
13327,96.63517801,204.6391704,1
13328,99.47738892,204.6391704,1
13329,99.47738892,204.6391704,1
13330,99.47738892,204.6391704,1
13331,99.47738892,204.6391704,1
13332,99.47738892,204.6391704,1
13333,99.47738892,204.6391704,1
13334,99.47738892,204.6391704,1
13335,99.47738892,204.6391704,1
13336,99.47738892,204.6391704,1
13337,99.47738892,204.6391704,1
13338,99.47738892,204.6391704,1
13339,99.47738892,204.6391704,1
13340,99.47738892,204.6391704,1
13341,99.47738892,204.6391704,1
13342,99.47738892,204.6391704,1
13343,99.47738892,204.6391704,1
13344,99.47738892,204.6391704,1
13345,99.47738892,204.6391704,1
13346,99.47738892,204.6391704,1
13347,99.47738892,204.6391704,1
13348,99.47738892,204.6391704,1
13349,99.47738892,204.6391704,1
13350,99.47738892,204.6391704,1
13351,99.47738892,204.6391704,1
13352,99.47738892,204.6391704,1
13353,99.47738892,204.6391704,1
13354,99.47738892,204.6391704,1
13355,99.47738892,204.6391704,1
13356,99.47738892,204.6391704,1
13357,99.47738892,204.6391704,1
13358,99.47738892,204.6391704,1
13359,99.47738892,204.6391704,1
13360,99.47738892,204.6391704,1
13361,99.47738892,204.6391704,1
13362,99.47738892,204.6391704,1
13363,99.47738892,204.6391704,1
13364,99.47738892,204.6391704,1
13365,99.47738892,204.6391704,1
13366,99.47738892,204.6391704,1
13367,99.47738892,204.6391704,1
13368,99.47738892,204.6391704,1
13369,99.47738892,204.6391704,1
13370,99.47738892,204.6391704,1
13371,99.47738892,204.6391704,1
13372,99.47738892,204.6391704,1
13373,99.47738892,204.6391704,1
13374,99.47738892,204.6391704,1
13375,99.47738892,204.6391704,1
13376,99.47738892,204.6391704,1
13377,99.47738892,204.6391704,1
13378,96.63517808,204.6391704,1
13379,96.63517808,204.6391704,1
13380,96.63517808,204.6391704,1
13381,96.63517808,204.6391704,1
13382,96.63517808,204.6391704,1
13383,96.63517808,204.6391704,1
13384,96.63517808,204.6391704,1
13385,96.63517808,204.6391704,1
13386,96.63517808,204.6391704,1
13387,96.63517808,204.6391704,1
13388,96.63517808,204.6391704,1
13389,96.63517808,204.6391704,1
13390,96.63517808,204.6391704,1
13391,96.63517808,204.6391704,1
13392,96.63517808,204.6391704,1
13393,96.63517808,204.6391704,1
13394,96.63517808,204.6391704,1
13395,96.63517808,204.6391704,1
13396,96.63517808,204.6391704,1
13397,96.63517808,204.6391704,1
13398,96.63517808,204.6391704,1
13399,96.63517808,204.6391704,1
13400,96.63517808,204.6391704,1
13401,96.63517808,204.6391704,1
13402,96.63517808,204.6391704,1
13403,99.47738906,204.6391704,1
13404,99.47738906,204.6391704,1
13405,99.47738906,204.6391704,1
13406,99.47738906,204.6391704,1
13407,99.47738906,204.6391704,1
13408,99.47738906,204.6391704,1
13409,99.47738906,204.6391704,1
13410,99.47738906,204.6391704,1
13411,99.47738906,204.6391704,1
13412,99.47738906,204.6391704,1
13413,99.47738906,204.6391704,1
13414,99.47738906,204.6391704,1
13415,99.47738906,204.6391704,1
13416,99.47738906,204.6391704,1
13417,99.47738906,204.6391704,1
13418,99.47738906,204.6391704,1
13419,99.47738906,204.6391704,1
13420,99.47738906,204.6391704,1
13421,99.47738906,204.6391704,1
13422,99.47738906,204.6391704,1
13423,99.47738906,204.6391704,1
13424,99.47738906,204.6391704,1
13425,99.47738906,204.6391704,1
13426,99.47738906,204.6391704,1
13427,99.47738906,204.6391704,1
13428,99.47738906,204.6391704,1
13429,99.47738906,204.6391704,1
13430,99.47738906,204.6391704,1
13431,99.47738906,204.6391704,1
13432,99.47738906,204.6391704,1
13433,99.47738906,204.6391704,1
13434,99.47738906,204.6391704,1
13435,99.47738906,204.6391704,1
13436,99.47738906,207.4813811,1
13437,99.47738906,207.4813811,1
13438,99.47738906,207.4813811,1
13439,99.47738906,207.4813811,1
13440,99.47738906,207.4813811,1
13441,99.47738906,207.4813811,1
13442,99.47738906,207.4813811,1
13443,99.47738906,207.4813811,1
13444,99.47738906,207.4813811,1
13445,99.47738906,207.4813811,1
13446,99.47738906,207.4813811,1
13447,99.47738906,207.4813811,1
13448,99.47738906,207.4813811,1
13449,99.47738906,207.4813811,1
13450,99.47738906,207.4813811,1
13451,99.47738906,207.4813811,1
13452,99.47738906,207.4813811,1
13453,96.63517787,207.4813811,1
13454,96.63517787,207.4813811,1
13455,96.63517787,207.4813811,1
13456,96.63517787,207.4813811,1
13457,96.63517787,207.4813811,1
13458,96.63517787,207.4813811,1
13459,96.63517787,207.4813811,1
13460,96.63517787,207.4813811,1
13461,96.63517787,207.4813811,1
13462,96.63517787,207.4813811,1
13463,96.63517787,207.4813811,1
13464,96.63517787,207.4813811,1
13465,96.63517787,207.4813811,1
13466,96.63517787,207.4813811,1
13467,96.63517787,207.4813811,1
13468,96.63517787,207.4813811,1
13469,96.63517787,207.4813811,1
13470,96.63517787,207.4813811,1
13471,96.63517787,207.4813811,1
13472,96.63517787,207.4813811,1
13473,96.63517787,207.4813811,1
13474,96.63517787,207.4813811,1
13475,96.63517787,207.4813811,1
13476,96.63517787,207.4813811,1
13477,96.63517787,207.4813811,1
13478,96.63517787,207.4813811,1
13479,96.63517787,207.4813811,1
13480,96.63517787,207.4813811,1
13481,96.63517787,207.4813811,1
13482,96.63517787,207.4813811,1
13483,96.63517787,207.4813811,1
13484,96.63517787,207.4813811,1
13485,96.63517787,207.4813811,1
13486,96.63517787,204.6391704,1
13487,96.63517787,204.6391704,1
13488,96.63517787,204.6391704,1
13489,93.79296689,204.6391704,1
13490,93.79296689,204.6391704,1
13491,93.79296689,204.6391704,1
13492,93.79296689,204.6391704,1
13493,93.79296689,204.6391704,1
13494,93.79296689,204.6391704,1
13495,93.79296689,204.6391704,1
13496,93.79296689,204.6391704,1
13497,93.79296689,204.6391704,1
13498,93.79296689,204.6391704,1
13499,93.79296689,204.6391704,1
13500,93.79296689,204.6391704,1
13501,93.79296689,204.6391704,1
13502,93.79296675,204.6391704,1
13503,93.79296675,204.6391704,1
13504,93.79296675,204.6391704,1
13505,93.79296675,204.6391704,1
13506,93.79296675,204.6391704,1
13507,93.79296675,204.6391704,1
13508,93.79296675,204.6391704,1
13509,96.63517794,204.6391704,1
13510,96.63517794,204.6391704,1
13511,96.63517794,204.6391704,1
13512,96.63517794,204.6391704,1
13513,96.63517794,204.6391704,1
13514,96.63517794,204.6391704,1
13515,96.63517794,204.6391704,1
13516,96.63517794,204.6391704,1
13517,96.63517794,204.6391704,1
13518,96.63517794,204.6391704,1
13519,96.63517794,204.6391704,1
13520,96.63517794,204.6391704,1
13521,99.47738899,204.6391704,1
13522,99.47738899,204.6391704,1
13523,99.47738899,204.6391704,1
13524,99.47738899,204.6391704,1
13525,99.47738899,204.6391704,1
13526,99.47738899,204.6391704,1
13527,99.47738899,204.6391704,1
13528,99.47738899,204.6391704,1
13529,99.47738899,204.6391704,1
13530,99.47738899,204.6391704,1
13531,99.47738899,204.6391704,1
13532,99.47738899,204.6391704,1
13533,99.47738899,204.6391704,1
13534,99.47738899,204.6391704,1
13535,99.47738899,204.6391704,1
13536,99.47738899,204.6391704,1
13537,99.47738899,204.6391704,1
13538,99.47738899,204.6391704,1
13539,99.47738899,204.6391704,1
13540,99.47738899,204.6391704,1
13541,99.47738899,204.6391704,1
13542,99.47738899,204.6391704,1
13543,99.47738899,204.6391704,1
13544,99.47738899,204.6391704,1
13545,99.47738899,204.6391704,1
13546,99.47738899,204.6391704,1
13547,99.47738899,204.6391704,1
13548,99.47738899,204.6391704,1
13549,99.47738899,204.6391704,1
13550,99.47738899,204.6391704,1
13551,99.47738899,204.6391704,1
13552,99.47738899,204.6391704,1
13553,99.47738899,204.6391704,1
13554,99.47738899,204.6391704,1
13555,99.47738899,204.6391704,1
13556,99.47738899,204.6391704,1
13557,99.47738899,204.6391704,1
13558,99.47738899,204.6391704,1
13559,99.47738899,204.6391704,1
13560,99.47738899,204.6391704,1
13561,99.47738899,204.6391704,1
13562,99.47738899,204.6391704,1
13563,99.47738899,204.6391704,1
13564,99.47738899,204.6391704,1
13565,99.47738899,204.6391704,1
13566,99.47738899,204.6391704,1
13567,99.47738899,204.6391704,1
13568,99.47738899,204.6391704,1
13569,99.47738899,204.6391704,1
13570,99.47738899,204.6391704,1
13571,99.47738892,204.6391704,1
13572,99.47738892,204.6391704,1
13573,99.47738892,204.6391704,1
13574,99.47738892,204.6391704,1
13575,99.47738892,204.6391704,1
13576,99.47738892,204.6391704,1
13577,99.47738892,204.6391704,1
13578,99.47738892,204.6391704,1
13579,99.47738892,204.6391704,1
13580,99.47738892,204.6391704,1
13581,99.47738892,204.6391704,1
13582,99.47738913,204.6391704,1
13583,99.47738913,204.6391704,1
13584,99.47738913,204.6391704,1
13585,99.47738913,204.6391704,1
13586,99.47738913,204.6391704,1
13587,99.47738913,204.6391704,1
13588,99.47738913,204.6391704,1
13589,99.47738913,204.6391704,1
13590,99.47738913,204.6391704,1
13591,99.47738913,204.6391704,1
13592,99.47738913,204.6391704,1
13593,99.47738913,204.6391704,1
13594,99.47738913,204.6391704,1
13595,99.47738913,204.6391704,1
13596,99.47738913,204.6391704,1
13597,99.47738913,204.6391704,1
13598,99.47738913,204.6391704,1
13599,99.47738913,204.6391704,1
13600,99.47738913,204.6391704,1
13601,99.47738913,204.6391704,1
13602,99.47738913,204.6391704,1
13603,99.47738913,204.6391704,1
13604,99.47738913,204.6391704,1
13605,99.47738913,204.6391704,1
13606,99.47738913,204.6391704,1
13607,99.47738913,204.6391704,1
13608,99.47738913,204.6391704,1
13609,99.47738913,204.6391704,1
13610,99.47738913,204.6391704,1
13611,99.47738913,204.6391704,1
13612,99.47738913,204.6391704,1
13613,99.47738913,204.6391704,1
13614,99.47738913,204.6391704,1
13615,99.47738913,204.6391704,1
13616,99.47738913,204.6391704,1
13617,99.47738913,204.6391704,1
13618,99.47738913,204.6391704,1
13619,99.47738913,204.6391704,1
13620,99.47738913,204.6391704,1
13621,99.47738913,204.6391704,1
13622,99.47738913,204.6391704,1
13623,99.47738913,204.6391704,1
13624,99.47738913,204.6391704,1
13625,99.47738913,204.6391704,1
13626,99.47738913,204.6391704,1
13627,99.47738913,204.6391704,1
13628,99.47738913,204.6391704,1
13629,99.47738913,204.6391704,1
13630,99.47738913,204.6391704,1
13631,99.47738913,204.6391704,1
13632,93.79296696,204.6391704,1
13633,93.79296696,204.6391704,1
13634,93.79296696,204.6391704,1
13635,93.79296696,204.6391704,1
13636,93.79296696,204.6391704,1
13637,96.63517787,204.6391704,1
13638,96.63517787,204.6391704,1
13639,96.63517787,204.6391704,1
13640,96.63517787,204.6391704,1
13641,96.63517787,204.6391704,1
13642,96.63517787,204.6391704,1
13643,96.63517787,204.6391704,1
13644,96.63517787,204.6391704,1
13645,99.47738899,204.6391704,1
13646,99.47738899,204.6391704,1
13647,99.47738899,204.6391704,1
13648,99.47738899,204.6391704,1
13649,99.47738899,204.6391704,1
13650,99.47738899,204.6391704,1
13651,99.47738899,204.6391704,1
13652,99.47738899,204.6391704,1
13653,99.47738899,204.6391704,1
13654,99.47738899,204.6391704,1
13655,99.47738899,204.6391704,1
13656,99.47738899,204.6391704,1
13657,99.47738899,204.6391704,1
13658,99.47738899,204.6391704,1
13659,99.47738899,204.6391704,1
13660,99.47738899,204.6391704,1
13661,99.47738899,204.6391704,1
13662,99.47738899,204.6391704,1
13663,99.47738899,204.6391704,1
13664,99.47738899,204.6391704,1
13665,99.47738899,204.6391704,1
13666,99.47738899,204.6391704,1
13667,99.47738899,204.6391704,1
13668,99.47738899,204.6391704,1
13669,99.47738899,204.6391704,1
13670,99.47738899,204.6391704,1
13671,99.47738899,204.6391704,1
13672,99.47738899,204.6391704,1
13673,99.47738899,204.6391704,1
13674,99.47738899,204.6391704,1
13675,99.47738899,204.6391704,1
13676,99.47738899,204.6391704,1
13677,99.47738899,201.7969597,1
13678,99.47738899,201.7969597,1
13679,99.47738899,201.7969597,1
13680,99.47738899,201.7969597,1
13681,99.47738899,201.7969597,1
13682,99.47738899,201.7969597,1
13683,99.47738899,201.7969597,1
13684,99.47738899,201.7969597,1
13685,99.47738899,201.7969597,1
13686,99.47738899,201.7969597,1
13687,99.47738899,201.7969597,1
13688,99.47738899,201.7969597,1
13689,99.47738899,201.7969597,1
13690,99.47738899,201.7969597,1
13691,99.47738899,201.7969597,1
13692,99.47738899,201.7969597,1
13693,99.47738899,201.7969597,1
13694,99.47738899,201.7969597,1
13695,96.63517801,201.7969597,1
13696,96.63517801,201.7969597,1
13697,96.63517801,201.7969597,1
13698,96.63517801,201.7969597,1
13699,96.63517801,201.7969597,1
13700,96.63517801,201.7969597,1
13701,96.63517801,201.7969597,1
13702,96.63517801,201.7969597,1
13703,96.63517801,201.7969597,1
13704,96.63517801,201.7969597,1
13705,96.63517801,201.7969597,1
13706,96.63517801,201.7969597,1
13707,96.63517801,201.7969597,1
13708,96.63517801,201.7969597,1
13709,96.63517801,201.7969597,1
13710,96.63517801,204.6391704,1
13711,96.63517801,204.6391704,1
13712,96.63517801,204.6391704,1
13713,96.63517801,204.6391704,1
13714,96.63517801,204.6391704,1
13715,96.63517801,204.6391704,1
13716,96.63517801,204.6391704,1
13717,96.63517801,204.6391704,1
13718,96.63517801,204.6391704,1
13719,96.63517801,204.6391704,1
13720,96.63517801,204.6391704,1
13721,96.63517801,204.6391704,1
13722,96.63517801,204.6391704,1
13723,96.63517801,204.6391704,1
13724,96.63517801,204.6391704,1
13725,96.63517801,204.6391704,1
13726,96.63517801,204.6391704,1
13727,96.63517801,204.6391704,1
13728,96.63517801,204.6391704,1
13729,96.63517787,204.6391704,1
13730,96.63517787,204.6391704,1
13731,96.63517787,204.6391704,1
13732,99.47738892,204.6391704,1
13733,99.47738892,204.6391704,1
13734,99.47738892,204.6391704,1
13735,99.47738892,204.6391704,1
13736,99.47738892,204.6391704,1
13737,99.47738892,204.6391704,1
13738,99.47738892,204.6391704,1
13739,99.47738892,204.6391704,1
13740,99.47738892,204.6391704,1
13741,99.47738892,204.6391704,1
13742,99.47738892,204.6391704,1
13743,99.47738892,204.6391704,1
13744,99.47738892,204.6391704,1
13745,99.47738892,204.6391704,1
13746,99.47738892,204.6391704,1
13747,99.47738892,204.6391704,1
13748,99.47738892,204.6391704,1
13749,99.47738892,204.6391704,1
13750,99.47738892,204.6391704,1
13751,99.47738892,204.6391704,1
13752,99.47738892,204.6391704,1
13753,99.47738892,204.6391704,1
13754,99.47738892,204.6391704,1
13755,99.47738892,204.6391704,1
13756,99.47738892,204.6391704,1
13757,99.47738892,204.6391704,1
13758,99.47738892,204.6391704,1
13759,99.47738892,204.6391704,1
13760,99.47738892,201.7969597,1
13761,99.47738892,201.7969597,1
13762,99.47738892,201.7969597,1
13763,99.47738892,201.7969597,1
13764,99.47738892,201.7969597,1
13765,99.47738892,201.7969597,1
13766,99.47738892,204.6391704,1
13767,99.47738892,204.6391704,1
13768,99.47738892,204.6391704,1
13769,99.47738892,204.6391704,1
13770,99.47738892,204.6391704,1
13771,99.47738892,204.6391704,1
13772,99.47738892,204.6391704,1
13773,99.47738892,204.6391704,1
13774,99.47738892,204.6391704,1
13775,99.47738892,204.6391704,1
13776,99.47738892,204.6391704,1
13777,99.47738892,204.6391704,1
13778,99.47738892,204.6391704,1
13779,99.47738892,204.6391704,1
13780,99.47738892,204.6391704,1
13781,99.47738892,204.6391704,1
13782,96.63517787,204.6391704,1
13783,96.63517794,204.6391704,1
13784,96.63517794,204.6391704,1
13785,96.63517794,204.6391704,1
13786,96.63517794,204.6391704,1
13787,96.63517794,204.6391704,1
13788,96.63517794,204.6391704,1
13789,96.63517794,204.6391704,1
13790,96.63517794,204.6391704,1
13791,96.63517794,204.6391704,1
13792,96.63517794,204.6391704,1
13793,96.63517794,204.6391704,1
13794,96.63517794,204.6391704,1
13795,96.63517794,204.6391704,1
13796,96.63517794,204.6391704,1
13797,96.63517794,204.6391704,1
13798,96.63517794,204.6391704,1
13799,96.63517794,204.6391704,1
13800,96.63517794,204.6391704,1
13801,96.63517794,204.6391704,1
13802,96.63517794,204.6391704,1
13803,96.63517794,204.6391704,1
13804,96.63517794,204.6391704,1
13805,96.63517794,204.6391704,1
13806,96.63517794,204.6391704,1
13807,96.63517794,204.6391704,1
13808,96.63517794,204.6391704,1
13809,96.63517794,204.6391704,1
13810,96.63517794,204.6391704,1
13811,96.63517794,204.6391704,1
13812,96.63517794,204.6391704,1
13813,96.63517794,204.6391704,1
13814,96.63517794,204.6391704,1
13815,96.63517794,204.6391704,1
13816,96.63517794,204.6391704,1
13817,96.63517794,204.6391704,1
13818,96.63517794,204.6391704,1
13819,96.63517794,204.6391704,1
13820,96.63517794,204.6391704,1
13821,96.63517794,204.6391704,1
13822,96.63517801,204.6391704,1
13823,96.63517801,204.6391704,1
13824,96.63517801,204.6391704,1
13825,96.63517801,204.6391704,1
13826,96.63517801,204.6391704,1
13827,96.63517801,204.6391704,1
13828,96.63517801,204.6391704,1
13829,96.63517801,204.6391704,1
13830,96.63517801,204.6391704,1
13831,96.63517801,204.6391704,1
13832,96.63517801,204.6391704,1
13833,96.63517801,204.6391704,1
13834,96.63517801,204.6391704,1
13835,96.63517801,204.6391704,1
13836,96.63517801,204.6391704,1
13837,96.63517801,204.6391704,1
13838,96.63517801,204.6391704,1
13839,96.63517801,204.6391704,1
13840,96.63517801,204.6391704,1
13841,96.63517801,204.6391704,1
13842,96.63517801,204.6391704,1
13843,96.63517801,204.6391704,1
13844,96.63517801,204.6391704,1
13845,96.63517801,204.6391704,1
13846,96.63517801,204.6391704,1
13847,96.63517801,204.6391704,1
13848,96.63517801,204.6391704,1
13849,96.63517801,204.6391704,1
13850,96.63517801,204.6391704,1
13851,96.63517801,204.6391704,1
13852,96.63517801,204.6391704,1
13853,96.63517801,204.6391704,1
13854,96.63517801,204.6391704,1
13855,96.63517801,204.6391704,1
13856,96.63517801,204.6391704,1
13857,96.63517801,204.6391704,1
13858,96.63517801,204.6391704,1
13859,96.63517801,204.6391704,1
13860,96.63517801,204.6391704,1
13861,96.63517801,204.6391704,1
13862,96.63517801,204.6391704,1
13863,96.63517801,204.6391704,1
13864,96.63517801,204.6391704,1
13865,96.63517801,204.6391704,1
13866,96.63517801,204.6391704,1
13867,96.63517801,204.6391704,1
13868,96.63517801,204.6391704,1
13869,96.63517801,204.6391704,1
13870,96.63517801,204.6391704,1
13871,96.63517801,204.6391704,1
13872,96.63517801,204.6391704,1
13873,96.63517801,204.6391704,1
13874,96.63517801,204.6391704,1
13875,96.63517801,204.6391704,1
13876,96.63517801,204.6391704,1
13877,96.63517801,204.6391704,1
13878,96.63517801,204.6391704,1
13879,96.63517801,204.6391704,1
13880,96.63517801,204.6391704,1
13881,96.63517801,204.6391704,1
13882,96.63517801,204.6391704,1
13883,96.63517801,204.6391704,1
13884,96.63517801,204.6391704,1
13885,96.63517801,204.6391704,1
13886,99.47738906,204.6391704,1
13887,99.47738906,204.6391704,1
13888,99.47738906,204.6391704,1
13889,99.47738906,204.6391704,1
13890,99.47738906,204.6391704,1
13891,99.47738906,204.6391704,1
13892,99.47738906,204.6391704,1
13893,99.47738906,204.6391704,1
13894,99.47738906,204.6391704,1
13895,99.47738906,204.6391704,1
13896,99.47738906,204.6391704,1
13897,99.47738906,204.6391704,1
13898,99.47738906,204.6391704,1
13899,99.47738906,204.6391704,1
13900,99.47738906,204.6391704,1
13901,99.47738906,204.6391704,1
13902,99.47738906,204.6391704,1
13903,99.47738906,204.6391704,1
13904,99.47738906,204.6391704,1
13905,99.47738906,204.6391704,1
13906,99.47738906,204.6391704,1
13907,99.47738906,204.6391704,1
13908,99.47738906,204.6391704,1
13909,99.47738906,204.6391704,1
13910,99.47738906,204.6391704,1
13911,99.47738906,204.6391704,1
13912,99.47738906,204.6391704,1
13913,99.47738906,204.6391704,1
13914,99.47738906,204.6391704,1
13915,99.47738906,204.6391704,1
13916,99.47738906,204.6391704,1
13917,99.47738906,204.6391704,1
13918,99.47738906,204.6391704,1
13919,99.47738921,204.6391704,1
13920,99.47738921,204.6391704,1
13921,99.47738921,204.6391704,1
13922,99.47738921,204.6391704,1
13923,99.47738921,204.6391704,1
13924,99.47738921,204.6391704,1
13925,99.47738921,204.6391704,1
13926,99.47738921,204.6391704,1
13927,99.47738921,204.6391704,1
13928,99.47738921,201.7969597,1
13929,99.47738921,201.7969597,1
13930,99.47738921,201.7969597,1
13931,99.47738921,201.7969597,1
13932,99.47738921,201.7969597,1
13933,99.47738921,201.7969597,1
13934,99.47738921,201.7969597,1
13935,99.47738921,201.7969597,1
13936,99.47738921,201.7969597,1
13937,99.47738921,201.7969597,1
13938,99.47738921,201.7969597,1
13939,99.47738921,201.7969597,1
13940,99.47738921,201.7969597,1
13941,99.47738921,201.7969597,1
13942,99.47738921,201.7969597,1
13943,99.47738921,201.7969597,1
13944,99.47738921,201.7969597,1
13945,99.47738921,201.7969597,1
13946,99.47738921,201.7969597,1
13947,99.47738921,201.7969597,1
13948,99.47738921,201.7969597,1
13949,99.47738921,201.7969597,1
13950,99.47738921,201.7969597,1
13951,99.47738921,201.7969597,1
13952,99.47738921,201.7969597,1
13953,99.47738921,201.7969597,1
13954,99.47738921,201.7969597,1
13955,99.47738921,201.7969597,1
13956,99.47738921,201.7969597,1
13957,99.47738921,201.7969597,1
13958,99.47738921,201.7969597,1
13959,99.47738921,201.7969597,1
13960,99.47738921,201.7969597,1
13961,99.47738921,201.7969597,1
13962,99.47738921,201.7969597,1
13963,99.47738921,201.7969597,1
13964,99.47738921,201.7969597,1
13965,99.47738921,201.7969597,1
13966,99.47738921,201.7969597,1
13967,99.47738921,201.7969597,1
