,Voltage,Current,Action
0,11.3688445,11.3688428,0
1,19.89547787,11.3688428,0
2,31.2643223,14.2110535,0
3,31.2643223,14.2110535,0
4,45.47537792,14.2110535,0
5,45.47537792,14.2110535,0
6,45.47537792,17.0532642,0
7,62.52864459,17.0532642,0
8,62.52864459,17.0532642,0
9,65.37085572,17.0532642,0
10,65.37085572,36.9487391,0
11,65.37085572,36.9487391,0
12,65.37085572,36.9487391,0
13,65.37085572,36.9487391,0
14,71.05527796,36.9487391,0
15,71.05527796,36.9487391,0
16,71.05527796,42.6331605,0
17,71.05527796,42.6331605,0
18,71.05527796,42.6331605,0
19,71.05527796,42.6331605,0
20,71.05527796,42.6331605,0
21,71.05527796,42.6331605,0
22,71.05527796,42.6331605,0
23,71.05527796,42.6331605,0
24,71.05527796,42.6331605,0
25,71.05527796,42.6331605,0
26,71.05527796,42.6331605,0
27,71.05527796,45.4753712,0
28,71.05527796,45.4753712,0
29,71.05527796,45.4753712,0
30,73.89748909,45.4753712,0
31,73.89748909,45.4753712,0
32,73.89748909,45.4753712,0
33,73.89748909,45.4753712,0
34,73.89748909,45.4753712,0
35,73.89748909,45.4753712,0
36,73.89748909,45.4753712,0
37,73.89748909,45.4753712,0
38,73.89748909,45.4753712,0
39,73.89748909,45.4753712,0
40,73.89748909,45.4753712,0
41,73.89748909,45.4753712,0
42,73.89748909,45.4753712,0
43,79.58191134,45.4753712,0
44,79.58191134,45.4753712,0
45,79.58191134,45.4753712,0
46,79.58191134,45.4753712,0
47,79.58191134,45.4753712,0
48,79.58191134,45.4753712,0
49,79.58191134,45.4753712,0
50,79.58191134,45.4753712,0
51,79.58191134,45.4753712,0
52,79.58191134,45.4753712,0
53,79.58191134,45.4753712,0
54,79.58191134,45.4753712,0
55,79.58191134,45.4753712,0
56,79.58191134,45.4753712,0
57,79.58191134,45.4753712,0
58,79.58191134,45.4753712,0
59,79.58191134,45.4753712,0
60,79.58191134,45.4753712,0
61,79.58191134,45.4753712,0
62,79.58191134,45.4753712,0
63,79.58191134,45.4753712,0
64,79.58191134,45.4753712,0
65,79.58191134,45.4753712,0
66,79.58191134,45.4753712,0
67,79.58191134,45.4753712,0
68,79.58191134,45.4753712,0
69,79.58191134,45.4753712,0
70,79.58191134,45.4753712,0
71,79.58191134,45.4753712,0
72,79.58191134,45.4753712,0
73,79.58191134,45.4753712,0
74,79.58191134,48.3175819,0
75,79.58191134,48.3175819,0
76,79.58191134,48.3175819,0
77,79.58191134,48.3175819,0
78,79.58191134,48.3175819,0
79,79.58191134,48.3175819,0
80,79.58191134,48.3175819,0
81,79.58191134,48.3175819,0
82,79.58191134,48.3175819,0
83,93.79296696,59.6864247,0
84,93.79296696,59.6864247,0
85,93.79296696,59.6864247,0
86,93.79296696,59.6864247,0
87,96.63517808,59.6864247,0
88,96.63517808,59.6864247,0
89,96.63517808,65.3708461,0
90,96.63517808,65.3708461,0
91,96.63517808,65.3708461,0
92,105.1618114,65.3708461,0
93,105.1618114,65.3708461,0
94,105.1618114,76.7396889,0
95,105.1618114,76.7396889,0
96,105.1618114,85.266321,0
97,105.1618114,85.266321,0
98,105.1618114,85.266321,0
99,105.1618114,88.1085317,0
100,139.2683449,88.1085317,0
101,139.2683449,88.1085317,0
102,139.2683449,88.1085317,0
103,144.9527671,88.1085317,0
104,144.9527671,88.1085317,0
105,144.9527671,88.1085317,0
106,144.9527671,88.1085317,0
107,144.9527671,90.9507424,0
108,144.9527671,90.9507424,0
109,144.9527671,90.9507424,0
110,144.9527671,99.4773745,0
111,144.9527671,99.4773745,0
112,144.9527671,99.4773745,0
113,144.9527671,99.4773745,0
114,144.9527671,99.4773745,0
115,144.9527671,99.4773745,0
116,144.9527671,99.4773745,0
117,144.9527671,99.4773745,0
118,144.9527671,99.4773745,0
119,144.9527671,99.4773745,0
120,144.9527671,99.4773745,0
121,144.9527671,99.4773745,0
122,144.9527671,99.4773745,0
123,144.9527671,99.4773745,0
124,144.9527671,102.3195852,0
125,144.9527671,102.3195852,0
126,144.9527671,102.3195852,0
127,144.9527671,102.3195852,0
128,144.9527671,102.3195852,0
129,144.9527671,102.3195852,0
130,144.9527671,102.3195852,0
131,144.9527671,102.3195852,0
132,144.9527671,102.3195852,0
133,144.9527671,102.3195852,0
134,144.9527671,102.3195852,0
135,144.9527671,102.3195852,0
136,144.9527671,102.3195852,0
137,144.9527671,108.0040066,0
138,144.9527671,108.0040066,0
139,147.7949782,108.0040066,0
140,153.4794004,108.0040066,0
141,153.4794004,108.0040066,0
142,153.4794004,108.0040066,0
143,153.4794004,113.688428,0
144,153.4794004,113.688428,0
145,153.4794004,116.5306387,0
146,153.4794004,116.5306387,0
147,153.4794004,116.5306387,0
148,153.4794004,116.5306387,0
149,153.4794004,116.5306387,0
150,153.4794004,116.5306387,0
151,153.4794004,116.5306387,0
152,156.3216115,116.5306387,0
153,162.0060338,119.3728494,0
154,162.0060338,119.3728494,0
155,162.0060338,119.3728494,0
156,164.8482449,119.3728494,0
157,164.8482449,133.5839029,0
158,164.8482449,133.5839029,0
159,164.8482449,133.5839029,0
160,164.8482449,133.5839029,0
161,164.8482449,133.5839029,0
162,164.8482449,133.5839029,0
163,164.8482449,133.5839029,0
164,164.8482449,133.5839029,0
165,187.5859338,133.5839029,0
166,187.5859338,133.5839029,0
167,190.428145,133.5839029,0
168,193.2703562,133.5839029,0
169,193.2703562,133.5839029,0
170,193.2703562,133.5839029,0
171,193.2703562,133.5839029,0
172,193.2703562,133.5839029,0
173,196.1125672,159.1637992,0
174,196.1125672,159.1637992,0
175,198.9547783,159.1637992,0
176,198.9547783,159.1637992,0
177,198.9547783,159.1637992,0
178,198.9547783,162.0060099,0
179,218.8502562,162.0060099,0
180,218.8502562,162.0060099,0
181,230.2191006,162.0060099,0
182,230.2191006,162.0060099,0
183,230.2191006,162.0060099,0
184,230.2191006,176.2170634,0
185,230.2191006,176.2170634,0
186,230.2191006,179.0592741,0
187,230.2191006,179.0592741,0
188,230.2191006,179.0592741,0
189,230.2191006,179.0592741,0
190,230.2191006,179.0592741,0
191,250.1145785,179.0592741,0
192,250.1145785,179.0592741,0
193,250.1145785,187.5859062,0
194,250.1145785,187.5859062,0
195,250.1145785,187.5859062,0
196,250.1145785,187.5859062,0
197,250.1145785,193.2703276,0
198,250.1145785,193.2703276,0
199,250.1145785,193.2703276,0
200,250.1145785,196.1125383,0
201,250.1145785,196.1125383,0
202,250.1145785,196.1125383,0
203,250.1145785,196.1125383,0
204,250.1145785,207.4813811,0
205,250.1145785,207.4813811,0
206,264.3256341,207.4813811,0
207,264.3256341,207.4813811,0
208,264.3256341,207.4813811,0
209,264.3256341,207.4813811,0
210,264.3256341,207.4813811,0
211,264.3256341,207.4813811,0
212,287.063323,207.4813811,0
213,287.063323,207.4813811,0
214,287.063323,207.4813811,0
215,287.063323,207.4813811,0
216,287.063323,207.4813811,0
217,287.063323,207.4813811,0
218,287.063323,207.4813811,0
219,287.063323,207.4813811,0
220,287.063323,213.1658025,0
221,298.4321675,213.1658025,0
222,298.4321675,213.1658025,0
223,298.4321675,213.1658025,0
224,298.4321675,221.6924346,0
225,298.4321675,221.6924346,0
226,298.4321675,221.6924346,0
227,298.4321675,221.6924346,0
228,298.4321675,221.6924346,0
229,298.4321675,221.6924346,0
230,298.4321675,221.6924346,0
231,298.4321675,224.5346453,0
232,298.4321675,224.5346453,0
233,298.4321675,224.5346453,0
234,298.4321675,224.5346453,0
235,298.4321675,224.5346453,0
236,298.4321675,224.5346453,0
237,298.4321675,224.5346453,0
238,298.4321675,224.5346453,0
239,298.4321675,224.5346453,0
240,298.4321675,224.5346453,0
241,298.4321675,224.5346453,0
242,298.4321675,224.5346453,0
243,298.4321675,224.5346453,0
244,298.4321675,224.5346453,0
245,298.4321675,224.5346453,0
246,298.4321675,224.5346453,0
247,298.4321675,224.5346453,0
248,298.4321675,224.5346453,0
249,298.4321675,224.5346453,0
250,298.4321675,224.5346453,0
251,298.4321675,224.5346453,0
252,298.4321675,224.5346453,0
253,298.4321675,224.5346453,0
254,298.4321675,224.5346453,0
255,298.4321675,224.5346453,0
256,298.4321675,224.5346453,0
257,298.4321675,224.5346453,0
258,298.4321675,224.5346453,0
259,298.4321675,224.5346453,0
260,298.4321675,224.5346453,0
261,298.4321675,224.5346453,0
262,298.4321675,224.5346453,0
263,298.4321675,233.0612774,0
264,298.4321675,233.0612774,0
265,298.4321675,233.0612774,0
266,298.4321675,233.0612774,0
267,298.4321675,233.0612774,0
268,298.4321675,233.0612774,0
269,298.4321675,233.0612774,0
270,304.1165897,233.0612774,0
271,304.1165897,233.0612774,0
272,304.1165897,233.0612774,0
273,304.1165897,233.0612774,0
274,304.1165897,233.0612774,0
275,304.1165897,233.0612774,0
276,304.1165897,233.0612774,0
277,304.1165897,233.0612774,0
278,304.1165897,233.0612774,0
279,304.1165897,233.0612774,0
280,304.1165897,233.0612774,0
281,304.1165897,233.0612774,0
282,304.1165897,233.0612774,0
283,304.1165897,233.0612774,0
284,304.1165898,233.0612774,0
285,304.1165898,233.0612774,0
286,304.1165898,233.0612774,0
287,304.1165898,233.0612774,0
288,304.1165898,233.0612774,0
289,304.1165898,233.0612774,0
290,304.1165898,233.0612774,0
291,304.1165898,233.0612774,0
292,304.1165898,233.0612774,0
293,304.1165898,233.0612774,0
294,304.1165898,233.0612774,0
295,304.1165898,233.0612774,0
296,304.1165898,233.0612774,0
297,304.1165898,233.0612774,0
298,304.1165898,233.0612774,0
299,304.1165898,233.0612774,0
300,304.1165898,233.0612774,0
301,304.1165898,233.0612774,0
302,304.1165898,233.0612774,0
303,304.1165898,233.0612774,0
304,304.1165898,233.0612774,0
305,304.1165898,233.0612774,0
306,304.1165898,233.0612774,0
307,304.1165898,233.0612774,0
308,304.1165898,233.0612774,0
309,304.1165898,233.0612774,0
310,304.1165898,233.0612774,0
311,304.1165898,233.0612774,0
312,304.1165898,233.0612774,0
313,304.1165898,227.376856,0
314,304.1165898,227.376856,0
315,304.1165898,227.376856,0
316,304.1165898,227.376856,0
317,304.1165898,227.376856,0
318,304.1165898,227.376856,0
319,304.1165898,227.376856,0
320,304.1165898,227.376856,0
321,304.1165898,227.376856,0
322,304.1165898,227.376856,0
323,304.1165898,227.376856,0
324,304.1165898,227.376856,0
325,304.1165898,227.376856,0
326,304.1165898,227.376856,0
327,304.1165898,227.376856,0
328,304.1165898,227.376856,0
329,304.1165898,227.376856,0
330,304.1165898,227.376856,0
331,304.1165898,227.376856,0
332,304.1165898,227.376856,0
333,304.1165898,227.376856,0
334,304.1165897,227.376856,0
335,304.1165897,227.376856,0
336,304.1165897,227.376856,0
337,304.1165897,227.376856,0
338,304.1165897,227.376856,0
339,304.1165897,227.376856,0
340,304.1165897,227.376856,0
341,304.1165897,227.376856,0
342,304.1165897,227.376856,0
343,304.1165897,227.376856,0
344,304.1165897,227.376856,0
345,304.1165897,227.376856,0
346,304.1165897,227.376856,0
347,304.1165897,227.376856,0
348,304.1165897,227.376856,0
349,304.1165897,227.376856,0
350,304.1165897,227.376856,0
351,304.1165897,227.376856,0
352,304.1165897,227.376856,0
353,304.1165897,227.376856,0
354,304.1165897,227.376856,0
355,304.1165897,227.376856,0
356,304.1165897,227.376856,0
357,304.1165897,227.376856,0
358,304.1165897,224.5346453,0
359,304.1165897,224.5346453,0
360,304.1165897,224.5346453,0
361,304.1165897,224.5346453,0
362,301.2743787,224.5346453,0
363,301.2743787,224.5346453,0
364,301.2743787,224.5346453,0
365,301.2743787,224.5346453,0
366,301.2743787,224.5346453,0
367,301.2743787,224.5346453,0
368,301.2743787,224.5346453,0
369,301.2743787,224.5346453,0
370,301.2743787,224.5346453,0
371,301.2743787,224.5346453,0
372,301.2743787,224.5346453,0
373,301.2743787,224.5346453,0
374,301.2743787,224.5346453,0
375,301.2743787,224.5346453,0
376,301.2743787,224.5346453,0
377,301.2743787,224.5346453,0
378,301.2743787,224.5346453,0
379,301.2743787,224.5346453,0
380,301.2743787,224.5346453,0
381,301.2743787,224.5346453,0
382,301.2743787,224.5346453,0
383,301.2743787,224.5346453,0
384,301.2743787,224.5346453,0
385,301.2743787,224.5346453,0
386,301.2743787,224.5346453,0
387,301.2743787,224.5346453,0
388,301.2743787,224.5346453,0
389,301.2743787,224.5346453,0
390,301.2743787,224.5346453,0
391,301.2743787,224.5346453,0
392,301.2743787,224.5346453,0
393,301.2743787,224.5346453,0
394,301.2743787,224.5346453,0
395,301.2743787,224.5346453,0
396,301.2743787,224.5346453,0
397,301.2743787,224.5346453,0
398,301.2743787,224.5346453,0
399,301.2743787,224.5346453,0
400,301.2743787,224.5346453,0
401,301.2743787,224.5346453,0
402,301.2743787,224.5346453,0
403,301.2743787,224.5346453,0
404,301.2743787,224.5346453,0
405,301.2743787,224.5346453,0
406,301.2743787,224.5346453,0
407,301.2743787,224.5346453,0
408,301.2743787,224.5346453,0
409,301.2743787,224.5346453,0
410,301.2743787,224.5346453,0
411,301.2743787,224.5346453,0
412,301.2743787,224.5346453,0
413,301.2743787,224.5346453,0
414,301.2743787,224.5346453,0
415,301.2743787,224.5346453,0
416,301.2743787,224.5346453,0
417,301.2743787,224.5346453,0
418,301.2743787,224.5346453,0
419,301.2743787,224.5346453,0
420,301.2743787,224.5346453,0
421,301.2743787,221.6924346,0
422,298.4321675,221.6924346,0
423,295.5899564,221.6924346,0
424,295.5899564,221.6924346,0
425,295.5899564,221.6924346,0
426,295.5899564,221.6924346,0
427,292.7477453,218.8502239,0
428,292.7477453,218.8502239,0
429,281.3789008,218.8502239,0
430,281.3789008,218.8502239,0
431,281.3789008,218.8502239,0
432,281.3789008,216.0080132,0
433,281.3789008,216.0080132,0
434,281.3789008,216.0080132,0
435,281.3789008,207.4813811,0
436,270.0100564,207.4813811,0
437,252.9567896,207.4813811,0
438,252.9567896,198.954749,0
439,252.9567896,198.954749,0
440,252.9567896,198.954749,0
441,252.9567896,198.954749,0
442,252.9567896,198.954749,0
443,241.5879451,198.954749,0
444,241.5879451,198.954749,0
445,241.5879451,179.0592741,0
446,241.5879451,179.0592741,0
447,227.3768895,179.0592741,0
448,227.3768895,179.0592741,0
449,227.3768895,179.0592741,0
450,224.5346784,179.0592741,0
451,224.5346784,179.0592741,0
452,216.0080451,179.0592741,0
453,216.0080451,179.0592741,0
454,216.0080451,179.0592741,0
455,216.0080451,179.0592741,0
456,216.0080451,179.0592741,0
457,216.0080451,179.0592741,0
458,216.0080451,179.0592741,0
459,216.0080451,179.0592741,0
460,216.0080451,179.0592741,0
461,216.0080451,179.0592741,0
462,216.0080451,176.2170634,0
463,204.6392006,176.2170634,0
464,204.6392006,176.2170634,0
465,204.6392006,176.2170634,0
466,204.6392006,176.2170634,0
467,201.7969895,176.2170634,0
468,201.7969895,176.2170634,0
469,201.7969895,176.2170634,0
470,201.7969895,179.0592741,0
471,201.7969895,179.0592741,0
472,201.7969895,179.0592741,0
473,201.7969895,179.0592741,0
474,201.7969895,179.0592741,0
475,201.7969895,179.0592741,0
476,201.7969895,179.0592741,0
477,201.7969895,179.0592741,0
478,201.7969895,179.0592741,0
479,201.7969895,179.0592741,0
480,201.7969895,179.0592741,0
481,201.7969895,179.0592741,0
482,201.7969895,179.0592741,0
483,201.7969895,179.0592741,0
484,201.7969895,179.0592741,0
485,201.7969895,179.0592741,0
486,201.7969895,179.0592741,0
487,201.7969895,179.0592741,0
488,201.7969895,179.0592741,0
489,201.7969895,179.0592741,0
490,201.7969895,179.0592741,0
491,201.7969895,179.0592741,0
492,201.7969895,179.0592741,0
493,201.7969895,179.0592741,0
494,201.7969895,179.0592741,0
495,201.7969895,179.0592741,0
496,201.7969895,179.0592741,0
497,201.7969895,179.0592741,0
498,201.7969895,179.0592741,0
499,201.7969895,179.0592741,0
500,201.7969895,179.0592741,0
501,201.7969895,179.0592741,0
502,201.7969895,179.0592741,0
503,201.7969895,181.9014848,0
504,201.7969895,181.9014848,0
505,201.7969895,181.9014848,0
506,201.7969895,181.9014848,0
507,201.7969895,181.9014848,0
508,201.7969895,181.9014848,0
509,201.7969895,181.9014848,0
510,201.7969895,181.9014848,0
511,201.7969895,181.9014848,0
512,201.7969895,181.9014848,0
513,201.7969895,181.9014848,0
514,201.7969895,181.9014848,0
515,201.7969895,181.9014848,0
516,201.7969895,181.9014848,0
517,201.7969895,181.9014848,0
518,201.7969895,181.9014848,0
519,201.7969895,181.9014848,0
520,201.7969895,181.9014848,0
521,201.7969895,181.9014848,0
522,201.7969895,184.7436955,0
523,201.7969895,184.7436955,0
524,201.7969895,184.7436955,0
525,201.7969895,184.7436955,0
526,201.7969895,184.7436955,0
527,201.7969895,184.7436955,0
528,201.7969895,184.7436955,0
529,201.7969895,184.7436955,0
530,201.7969895,184.7436955,0
531,201.7969895,184.7436955,0
532,201.7969895,184.7436955,0
533,201.7969895,184.7436955,0
534,201.7969895,184.7436955,0
535,201.7969895,184.7436955,0
536,201.7969895,184.7436955,0
537,201.7969895,184.7436955,0
538,201.7969895,184.7436955,0
539,201.7969895,184.7436955,0
540,201.7969895,187.5859062,0
541,201.7969895,187.5859062,0
542,201.7969895,187.5859062,0
543,201.7969895,187.5859062,0
544,201.7969895,187.5859062,0
545,201.7969895,187.5859062,0
546,204.6392006,187.5859062,0
547,204.6392006,187.5859062,0
548,204.6392006,187.5859062,0
549,204.6392006,187.5859062,0
550,204.6392006,187.5859062,0
551,204.6392006,187.5859062,0
552,204.6392006,187.5859062,0
553,204.6392006,187.5859062,0
554,204.6392006,187.5859062,0
555,204.6392006,187.5859062,0
556,204.6392006,190.4281169,0
557,204.6392006,190.4281169,0
558,204.6392006,190.4281169,0
559,204.6392006,190.4281169,0
560,204.6392006,190.4281169,0
561,204.6392006,190.4281169,0
562,204.6392006,190.4281169,0
563,204.6392006,190.4281169,0
564,204.6392006,190.4281169,0
565,204.6392006,190.4281169,0
566,204.6392006,190.4281169,0
567,204.6392006,190.4281169,0
568,204.6392006,190.4281169,0
569,204.6392006,190.4281169,0
570,204.6392006,190.4281169,0
571,204.6392006,190.4281169,0
572,204.6392006,190.4281169,0
573,204.6392006,190.4281169,0
574,204.6392006,190.4281169,0
575,204.6392006,190.4281169,0
576,204.6392006,190.4281169,0
577,204.6392006,190.4281169,0
578,204.6392006,190.4281169,0
579,204.6392006,190.4281169,0
580,204.6392006,190.4281169,0
581,204.6392006,190.4281169,0
582,204.6392006,190.4281169,0
583,204.6392006,190.4281169,0
584,204.6392006,190.4281169,0
585,204.6392006,190.4281169,0
586,204.6392006,190.4281169,0
587,204.6392006,190.4281169,0
588,204.6392006,190.4281169,0
589,204.6392006,190.4281169,0
590,204.6392006,190.4281169,0
591,204.6392006,190.4281169,0
592,204.6392006,190.4281169,0
593,204.6392006,190.4281169,0
594,204.6392006,190.4281169,0
595,204.6392006,190.4281169,0
596,190.428145,190.4281169,0
597,190.428145,190.4281169,0
598,190.428145,190.4281169,0
599,190.428145,190.4281169,0
600,190.428145,190.4281169,0
601,190.428145,190.4281169,0
602,190.428145,190.4281169,0
603,190.428145,190.4281169,0
604,190.428145,190.4281169,0
605,190.428145,190.4281169,0
606,190.428145,190.4281169,0
607,190.428145,190.4281169,0
608,190.428145,190.4281169,0
609,190.428145,190.4281169,0
610,190.428145,190.4281169,0
611,190.428145,190.4281169,0
612,190.428145,190.4281169,0
613,190.428145,190.4281169,0
614,190.428145,190.4281169,0
615,190.428145,190.4281169,0
616,190.428145,190.4281169,0
617,190.428145,190.4281169,0
618,190.428145,190.4281169,0
619,190.428145,190.4281169,0
620,190.428145,190.4281169,0
621,190.428145,190.4281169,0
622,190.428145,190.4281169,0
623,190.428145,190.4281169,0
624,190.428145,190.4281169,0
625,190.428145,196.1125383,0
626,190.428145,196.1125383,0
627,190.428145,196.1125383,0
628,190.428145,196.1125383,0
629,198.9547783,196.1125383,0
630,198.9547783,198.954749,0
631,198.9547783,198.954749,0
632,198.9547783,198.954749,0
633,198.9547783,198.954749,0
634,198.9547783,198.954749,0
635,201.7969895,198.954749,0
636,201.7969895,201.7969597,0
637,201.7969895,201.7969597,0
638,204.6392006,201.7969597,0
639,204.6392006,201.7969597,0
640,204.6392006,201.7969597,0
641,204.6392006,201.7969597,0
642,224.5346785,201.7969597,0
643,224.5346785,201.7969597,0
644,224.5346785,201.7969597,0
645,224.5346785,201.7969597,0
646,224.5346785,201.7969597,0
647,224.5346785,201.7969597,0
648,224.5346785,201.7969597,0
649,224.5346785,201.7969597,0
650,224.5346785,201.7969597,0
651,224.5346785,201.7969597,0
652,224.5346785,201.7969597,0
653,224.5346785,201.7969597,0
654,224.5346785,218.8502239,0
655,224.5346785,218.8502239,0
656,224.5346785,218.8502239,0
657,224.5346785,218.8502239,0
658,224.5346785,218.8502239,0
659,224.5346785,218.8502239,0
660,224.5346785,218.8502239,0
661,224.5346785,218.8502239,0
662,224.5346785,227.376856,0
663,224.5346785,227.376856,0
664,224.5346785,227.376856,0
665,224.5346785,227.376856,0
666,224.5346785,227.376856,0
667,224.5346785,227.376856,0
668,224.5346785,227.376856,0
669,224.5346785,227.376856,0
670,224.5346785,227.376856,0
671,224.5346785,227.376856,0
672,224.5346785,227.376856,0
673,224.5346785,227.376856,0
674,224.5346785,227.376856,0
675,224.5346785,227.376856,0
676,224.5346785,227.376856,0
677,224.5346785,227.376856,0
678,224.5346785,227.376856,0
679,224.5346785,227.376856,0
680,224.5346785,227.376856,0
681,224.5346785,227.376856,0
682,224.5346785,227.376856,0
683,224.5346785,227.376856,0
684,224.5346785,227.376856,0
685,224.5346785,227.376856,0
686,224.5346785,227.376856,0
687,224.5346785,227.376856,0
688,224.5346785,227.376856,0
689,224.5346785,227.376856,0
690,224.5346785,227.376856,0
691,224.5346785,227.376856,0
692,221.6924673,227.376856,0
693,221.6924673,227.376856,0
694,221.6924673,227.376856,0
695,221.6924673,227.376856,0
696,221.6924673,227.376856,0
697,221.6924673,227.376856,0
698,221.6924673,227.376856,0
699,221.6924673,227.376856,0
700,221.6924673,227.376856,0
701,221.6924673,227.376856,0
702,221.6924673,227.376856,0
703,221.6924673,227.376856,0
704,213.165834,227.376856,0
705,213.165834,227.376856,0
706,213.165834,227.376856,0
707,213.165834,227.376856,0
708,213.165834,227.376856,0
709,213.165834,227.376856,0
710,213.165834,227.376856,0
711,213.165834,227.376856,0
712,204.6392006,227.376856,0
713,204.6392006,227.376856,0
714,204.6392006,227.376856,0
715,204.6392006,227.376856,0
716,204.6392006,224.5346453,0
717,204.6392006,224.5346453,0
718,204.6392006,224.5346453,0
719,204.6392006,224.5346453,0
720,204.6392006,224.5346453,0
721,204.6392006,216.0080132,0
722,204.6392006,216.0080132,0
723,204.6392006,216.0080132,0
724,201.7969895,216.0080132,0
725,201.7969895,216.0080132,0
726,201.7969895,221.6924346,0
727,201.7969895,221.6924346,0
728,198.9547783,221.6924346,0
729,198.9547783,221.6924346,0
730,198.9547783,221.6924346,0
731,198.9547783,221.6924346,0
732,198.9547783,221.6924346,0
733,198.9547783,221.6924346,0
734,198.9547783,221.6924346,0
735,198.9547783,221.6924346,0
736,198.9547783,221.6924346,0
737,198.9547783,221.6924346,0
738,198.9547783,221.6924346,0
739,198.9547783,221.6924346,0
740,198.9547783,221.6924346,0
741,198.9547783,221.6924346,0
742,198.9547783,221.6924346,0
743,198.9547783,221.6924346,0
744,198.9547783,221.6924346,0
745,198.9547783,221.6924346,0
746,198.9547783,221.6924346,0
747,198.9547783,221.6924346,0
748,198.9547783,221.6924346,0
749,198.9547783,221.6924346,0
750,198.9547783,221.6924346,0
751,198.9547783,221.6924346,0
752,198.9547783,221.6924346,0
753,198.9547783,221.6924346,0
754,198.9547783,221.6924346,0
755,198.9547783,221.6924346,0
756,198.9547783,221.6924346,0
757,198.9547783,221.6924346,0
758,198.9547783,221.6924346,0
759,198.9547783,221.6924346,0
760,198.9547783,221.6924346,0
761,198.9547783,221.6924346,0
762,198.9547783,221.6924346,0
763,198.9547783,221.6924346,0
764,198.9547783,221.6924346,0
765,193.2703562,221.6924346,0
766,193.2703562,221.6924346,0
767,193.2703562,221.6924346,0
768,193.2703562,221.6924346,0
769,193.2703562,221.6924346,0
770,193.2703562,221.6924346,0
771,193.2703562,221.6924346,0
772,193.2703562,221.6924346,0
773,193.2703562,221.6924346,0
774,193.2703562,221.6924346,0
775,193.2703562,221.6924346,0
776,193.2703562,221.6924346,0
777,193.2703561,221.6924346,0
778,193.2703561,221.6924346,0
779,190.428145,221.6924346,0
780,190.428145,221.6924346,0
781,190.428145,221.6924346,0
782,190.428145,221.6924346,0
783,190.428145,221.6924346,0
784,190.428145,221.6924346,0
785,190.428145,221.6924346,0
786,190.428145,221.6924346,0
787,190.428145,221.6924346,0
788,190.428145,221.6924346,0
789,190.428145,221.6924346,0
790,190.428145,221.6924346,0
791,190.428145,221.6924346,0
792,190.428145,221.6924346,0
793,190.428145,221.6924346,0
794,190.428145,221.6924346,0
795,190.428145,221.6924346,0
796,190.428145,221.6924346,0
797,190.428145,221.6924346,0
798,190.428145,221.6924346,0
799,190.428145,221.6924346,0
800,190.428145,221.6924346,0
801,190.428145,221.6924346,0
802,179.0593005,221.6924346,0
803,179.0593005,221.6924346,0
804,179.0593005,221.6924346,0
805,179.0593005,221.6924346,0
806,179.0593005,221.6924346,0
807,179.0593005,221.6924346,0
808,179.0593005,221.6924346,0
809,179.0593005,221.6924346,0
810,179.0593005,221.6924346,0
811,179.0593005,221.6924346,0
812,179.0593005,221.6924346,0
813,179.0593005,221.6924346,0
814,179.0593005,218.8502239,0
815,179.0593005,218.8502239,0
816,179.0593005,218.8502239,0
817,181.9015117,221.6924346,0
818,181.9015117,221.6924346,0
819,181.9015117,221.6924346,0
820,181.9015117,221.6924346,0
821,181.9015117,221.6924346,0
822,181.9015117,221.6924346,0
823,181.9015117,221.6924346,0
824,181.9015117,221.6924346,0
825,181.9015117,221.6924346,0
826,181.9015117,221.6924346,0
827,181.9015117,221.6924346,0
828,181.9015117,221.6924346,0
829,181.9015117,221.6924346,0
830,181.9015117,221.6924346,0
831,181.9015117,221.6924346,0
832,181.9015117,221.6924346,0
833,181.9015117,221.6924346,0
834,181.9015117,221.6924346,0
835,181.9015117,221.6924346,0
836,181.9015117,221.6924346,0
837,181.9015117,221.6924346,0
838,181.9015117,221.6924346,0
839,181.9015117,221.6924346,0
840,181.9015117,221.6924346,0
841,181.9015117,221.6924346,0
842,181.9015117,221.6924346,0
843,181.9015117,221.6924346,0
844,181.9015117,221.6924346,0
845,181.9015117,221.6924346,0
846,181.9015117,221.6924346,0
847,181.9015117,221.6924346,0
848,181.9015117,221.6924346,0
849,181.9015117,221.6924346,0
850,181.9015117,221.6924346,0
851,181.9015117,221.6924346,0
852,181.9015117,221.6924346,0
853,181.9015117,221.6924346,0
854,181.9015117,221.6924346,0
855,181.9015117,221.6924346,0
856,181.9015117,221.6924346,0
857,181.9015117,221.6924346,0
858,181.9015117,221.6924346,0
859,181.9015117,221.6924346,0
860,181.9015117,221.6924346,0
861,181.9015117,221.6924346,0
862,181.9015117,221.6924346,0
863,181.9015117,221.6924346,0
864,181.9015117,221.6924346,0
865,181.9015117,221.6924346,0
866,181.9015117,221.6924346,0
867,181.9015117,221.6924346,0
868,181.9015117,221.6924346,0
869,181.9015117,221.6924346,0
870,181.9015117,221.6924346,0
871,181.9015117,221.6924346,0
872,181.9015117,221.6924346,0
873,181.9015117,221.6924346,0
874,181.9015117,221.6924346,0
875,181.9015117,221.6924346,0
876,181.9015117,221.6924346,0
877,181.9015117,221.6924346,0
878,181.9015117,221.6924346,0
879,181.9015117,221.6924346,0
880,181.9015117,221.6924346,0
881,181.9015117,218.8502239,0
882,181.9015117,218.8502239,0
883,181.9015117,218.8502239,0
884,181.9015117,218.8502239,0
885,181.9015117,218.8502239,0
886,181.9015117,218.8502239,0
887,181.9015117,216.0080132,0
888,181.9015117,216.0080132,0
889,181.9015117,216.0080132,0
890,181.9015117,216.0080132,0
891,181.9015117,216.0080132,0
892,181.9015117,216.0080132,0
893,181.9015117,216.0080132,0
894,181.9015117,216.0080132,0
895,181.9015117,216.0080132,0
896,181.9015117,216.0080132,0
897,181.9015117,216.0080132,0
898,173.3748783,216.0080132,0
899,173.3748783,216.0080132,0
900,173.3748783,216.0080132,0
901,173.3748783,216.0080132,0
902,173.3748783,216.0080132,0
903,173.3748783,216.0080132,0
904,173.3748783,216.0080132,0
905,173.3748783,216.0080132,0
906,173.3748783,216.0080132,0
907,173.3748783,216.0080132,0
908,173.3748783,216.0080132,0
909,173.3748783,216.0080132,0
910,173.3748783,216.0080132,0
911,173.3748783,216.0080132,0
912,173.3748783,216.0080132,0
913,173.3748783,216.0080132,0
914,173.3748783,216.0080132,0
915,173.3748783,216.0080132,0
916,173.3748783,216.0080132,0
917,173.3748783,216.0080132,0
918,173.3748783,216.0080132,0
919,173.3748783,216.0080132,0
920,173.3748783,216.0080132,0
921,173.3748783,216.0080132,0
922,173.3748783,216.0080132,0
923,173.3748783,216.0080132,0
924,173.3748783,216.0080132,0
925,173.3748783,216.0080132,0
926,173.3748783,218.8502239,0
927,173.3748783,218.8502239,0
928,173.3748783,218.8502239,0
929,173.3748783,218.8502239,0
930,173.3748783,218.8502239,0
931,173.3748783,218.8502239,0
932,173.3748783,218.8502239,0
933,173.3748783,218.8502239,0
934,173.3748783,218.8502239,0
935,173.3748783,218.8502239,0
936,173.3748783,218.8502239,0
937,173.3748783,218.8502239,0
938,173.3748783,218.8502239,0
939,173.3748783,218.8502239,0
940,173.3748783,218.8502239,0
941,173.3748783,218.8502239,0
942,173.3748783,218.8502239,0
943,173.3748783,218.8502239,0
944,173.3748783,218.8502239,0
945,173.3748783,218.8502239,0
946,173.3748783,218.8502239,0
947,173.3748783,218.8502239,0
948,173.3748783,218.8502239,0
949,173.3748783,218.8502239,0
950,173.3748783,218.8502239,0
951,173.3748783,218.8502239,0
952,173.3748783,218.8502239,0
953,173.3748783,218.8502239,0
954,173.3748783,218.8502239,0
955,173.3748783,218.8502239,0
956,173.3748783,218.8502239,0
957,173.3748783,218.8502239,0
958,173.3748783,218.8502239,0
959,173.3748783,218.8502239,0
960,173.3748783,218.8502239,0
961,173.3748783,218.8502239,0
962,173.3748783,218.8502239,0
963,173.3748783,218.8502239,0
964,162.0060338,218.8502239,0
965,162.0060338,218.8502239,0
966,162.0060338,218.8502239,0
967,162.0060338,218.8502239,0
968,162.0060338,218.8502239,0
969,162.0060338,218.8502239,0
970,162.0060338,218.8502239,0
971,162.0060338,218.8502239,0
972,162.0060338,218.8502239,0
973,162.0060338,218.8502239,0
974,162.0060338,218.8502239,0
975,170.5326672,218.8502239,0
976,170.5326672,216.0080132,0
977,170.5326672,216.0080132,0
978,170.5326672,216.0080132,0
979,170.5326672,216.0080132,0
980,170.5326672,216.0080132,0
981,170.5326672,216.0080132,0
982,170.5326672,216.0080132,0
983,170.5326672,216.0080132,0
984,170.5326672,216.0080132,0
985,170.5326672,216.0080132,0
986,170.5326672,216.0080132,0
987,170.5326672,216.0080132,0
988,170.5326672,216.0080132,0
989,170.5326672,216.0080132,0
990,170.5326672,216.0080132,0
991,170.5326672,216.0080132,0
992,170.5326672,216.0080132,0
993,170.5326672,216.0080132,0
994,170.5326672,216.0080132,0
995,170.5326672,216.0080132,0
996,170.5326672,216.0080132,0
997,170.5326672,216.0080132,0
998,170.5326672,216.0080132,0
999,170.5326672,216.0080132,0
1000,170.5326672,216.0080132,0
1001,170.5326672,216.0080132,0
1002,170.5326672,216.0080132,0
1003,170.5326672,216.0080132,0
1004,170.5326672,216.0080132,0
1005,170.5326672,216.0080132,0
1006,170.5326672,216.0080132,0
1007,170.5326672,216.0080132,0
1008,170.5326672,216.0080132,0
1009,170.5326672,216.0080132,0
1010,170.5326672,216.0080132,0
1011,170.5326672,216.0080132,0
1012,170.5326672,216.0080132,0
1013,170.5326672,216.0080132,0
1014,170.5326672,216.0080132,0
1015,170.5326672,216.0080132,0
1016,170.5326672,216.0080132,0
1017,170.5326672,216.0080132,0
1018,170.5326672,216.0080132,0
1019,170.5326672,216.0080132,0
1020,170.5326672,216.0080132,0
1021,170.5326672,216.0080132,0
1022,170.5326672,216.0080132,0
1023,170.5326672,216.0080132,0
1024,170.5326672,216.0080132,0
1025,170.5326672,216.0080132,0
1026,170.5326672,216.0080132,0
1027,170.5326672,216.0080132,0
1028,170.5326672,216.0080132,0
1029,170.5326672,216.0080132,0
1030,170.5326672,216.0080132,0
1031,170.5326672,216.0080132,0
1032,170.5326672,216.0080132,0
1033,170.5326672,216.0080132,0
1034,170.5326672,216.0080132,0
1035,170.5326672,216.0080132,0
1036,170.5326672,216.0080132,0
1037,170.5326672,216.0080132,0
1038,170.5326672,216.0080132,0
1039,170.5326672,216.0080132,0
1040,170.5326672,216.0080132,0
1041,170.5326672,216.0080132,0
1042,170.5326672,216.0080132,0
1043,170.5326672,216.0080132,0
1044,167.690456,216.0080132,0
1045,167.690456,216.0080132,0
1046,167.690456,216.0080132,0
1047,167.690456,216.0080132,0
1048,167.690456,216.0080132,0
1049,167.690456,216.0080132,0
1050,167.690456,216.0080132,0
1051,167.690456,216.0080132,0
1052,167.690456,216.0080132,0
1053,167.690456,216.0080132,0
1054,167.690456,216.0080132,0
1055,167.690456,216.0080132,0
1056,167.690456,216.0080132,0
1057,167.690456,216.0080132,0
1058,167.690456,216.0080132,0
1059,167.690456,216.0080132,0
1060,167.690456,216.0080132,0
1061,167.690456,216.0080132,0
1062,167.690456,216.0080132,0
1063,167.690456,216.0080132,0
1064,167.690456,216.0080132,0
1065,167.690456,216.0080132,0
1066,167.690456,216.0080132,0
1067,167.690456,216.0080132,0
1068,167.690456,216.0080132,0
1069,167.690456,216.0080132,0
1070,167.690456,216.0080132,0
1071,167.690456,216.0080132,0
1072,167.690456,216.0080132,0
1073,167.690456,216.0080132,0
1074,167.690456,216.0080132,0
1075,167.690456,216.0080132,0
1076,167.690456,216.0080132,0
1077,167.690456,216.0080132,0
1078,167.690456,216.0080132,0
1079,167.690456,216.0080132,0
1080,167.690456,216.0080132,0
1081,167.690456,216.0080132,0
1082,167.690456,216.0080132,0
1083,167.690456,216.0080132,0
1084,167.690456,216.0080132,0
1085,167.690456,216.0080132,0
1086,167.690456,216.0080132,0
1087,167.690456,216.0080132,0
1088,167.690456,216.0080132,0
1089,167.690456,216.0080132,0
1090,167.690456,216.0080132,0
1091,167.690456,216.0080132,0
1092,167.690456,216.0080132,0
1093,167.690456,216.0080132,0
1094,167.690456,216.0080132,0
1095,167.690456,216.0080132,0
1096,167.690456,216.0080132,0
1097,167.690456,216.0080132,0
1098,167.690456,216.0080132,0
1099,167.690456,216.0080132,0
1100,167.690456,216.0080132,0
1101,167.690456,216.0080132,0
1102,167.690456,216.0080132,0
1103,167.690456,216.0080132,0
1104,167.690456,216.0080132,0
1105,167.690456,216.0080132,0
1106,167.690456,216.0080132,0
1107,167.690456,216.0080132,0
1108,167.690456,216.0080132,0
1109,167.690456,216.0080132,0
1110,167.690456,216.0080132,0
1111,167.690456,216.0080132,0
1112,167.690456,216.0080132,0
1113,167.690456,216.0080132,0
1114,167.690456,216.0080132,0
1115,167.690456,216.0080132,0
1116,167.690456,216.0080132,0
1117,167.690456,216.0080132,0
1118,162.0060338,216.0080132,0
1119,162.0060338,216.0080132,0
1120,162.0060338,216.0080132,0
1121,162.0060338,216.0080132,0
1122,162.0060338,216.0080132,0
1123,162.0060338,216.0080132,0
1124,162.0060338,216.0080132,0
1125,162.0060338,216.0080132,0
1126,162.0060338,216.0080132,0
1127,162.0060338,216.0080132,0
1128,162.0060338,216.0080132,0
1129,162.0060338,216.0080132,0
1130,162.0060338,216.0080132,0
1131,164.8482449,216.0080132,0
1132,164.8482449,216.0080132,0
1133,164.8482449,216.0080132,0
1134,164.8482449,216.0080132,0
1135,164.8482449,216.0080132,0
1136,164.8482449,216.0080132,0
1137,164.8482449,216.0080132,0
1138,164.8482449,216.0080132,0
1139,164.8482449,216.0080132,0
1140,164.8482449,216.0080132,0
1141,164.8482449,216.0080132,0
1142,164.8482449,216.0080132,0
1143,164.8482449,216.0080132,0
1144,164.8482449,216.0080132,0
1145,164.8482449,213.1658025,0
1146,164.8482449,213.1658025,0
1147,164.8482449,213.1658025,0
1148,164.8482449,213.1658025,0
1149,164.8482449,213.1658025,0
1150,164.8482449,213.1658025,0
1151,164.8482449,213.1658025,0
1152,164.8482449,213.1658025,0
1153,164.8482449,213.1658025,0
1154,164.8482449,213.1658025,0
1155,164.8482449,213.1658025,0
1156,164.8482449,213.1658025,0
1157,164.8482449,213.1658025,0
1158,164.8482449,213.1658025,0
1159,164.8482449,213.1658025,0
1160,164.8482449,213.1658025,0
1161,164.8482449,213.1658025,0
1162,164.8482449,213.1658025,0
1163,164.8482449,213.1658025,0
1164,164.8482449,213.1658025,0
1165,164.8482449,213.1658025,0
1166,164.8482449,213.1658025,0
1167,164.8482449,213.1658025,0
1168,164.8482449,213.1658025,0
1169,164.8482449,213.1658025,0
1170,164.8482449,213.1658025,0
1171,164.8482449,213.1658025,0
1172,164.8482449,213.1658025,0
1173,164.8482449,213.1658025,0
1174,164.8482449,213.1658025,0
1175,164.8482449,213.1658025,0
1176,164.8482449,213.1658025,0
1177,164.8482449,213.1658025,0
1178,164.8482449,213.1658025,0
1179,164.8482449,213.1658025,0
1180,164.8482449,213.1658025,0
1181,162.0060338,213.1658025,0
1182,162.0060338,213.1658025,0
1183,162.0060338,213.1658025,0
1184,162.0060338,213.1658025,0
1185,162.0060338,213.1658025,0
1186,162.0060338,213.1658025,0
1187,162.0060338,213.1658025,0
1188,162.0060338,213.1658025,0
1189,162.0060338,213.1658025,0
1190,162.0060338,213.1658025,0
1191,162.0060338,213.1658025,0
1192,162.0060338,213.1658025,0
1193,162.0060338,213.1658025,0
1194,162.0060338,213.1658025,0
1195,162.0060338,213.1658025,0
1196,162.0060338,213.1658025,0
1197,162.0060338,213.1658025,0
1198,162.0060338,213.1658025,0
1199,162.0060338,213.1658025,0
1200,162.0060338,213.1658025,0
1201,162.0060338,213.1658025,0
1202,162.0060338,213.1658025,0
1203,162.0060338,213.1658025,0
1204,162.0060338,213.1658025,0
1205,162.0060338,213.1658025,0
1206,162.0060338,213.1658025,0
1207,162.0060338,213.1658025,0
1208,162.0060338,213.1658025,0
1209,162.0060338,213.1658025,0
1210,162.0060338,213.1658025,0
1211,162.0060338,213.1658025,0
1212,162.0060338,213.1658025,0
1213,162.0060338,213.1658025,0
1214,162.0060338,216.0080132,0
1215,162.0060338,216.0080132,0
1216,162.0060338,216.0080132,0
1217,162.0060338,216.0080132,0
1218,159.1638227,216.0080132,0
1219,159.1638227,216.0080132,0
1220,159.1638227,216.0080132,0
1221,159.1638227,216.0080132,0
1222,159.1638227,216.0080132,0
1223,159.1638227,216.0080132,0
1224,159.1638227,216.0080132,0
1225,159.1638227,216.0080132,0
1226,159.1638227,216.0080132,0
1227,159.1638227,216.0080132,0
1228,159.1638227,216.0080132,0
1229,159.1638227,216.0080132,0
1230,159.1638227,216.0080132,0
1231,159.1638227,216.0080132,0
1232,159.1638227,216.0080132,0
1233,159.1638227,216.0080132,0
1234,159.1638227,216.0080132,0
1235,159.1638227,216.0080132,0
1236,159.1638227,216.0080132,0
1237,159.1638227,216.0080132,0
1238,159.1638227,216.0080132,0
1239,159.1638227,216.0080132,0
1240,159.1638227,216.0080132,0
1241,159.1638227,216.0080132,0
1242,159.1638227,216.0080132,0
1243,159.1638227,216.0080132,0
1244,159.1638227,216.0080132,0
1245,159.1638227,216.0080132,0
1246,159.1638227,216.0080132,0
1247,159.1638227,216.0080132,0
1248,159.1638227,216.0080132,0
1249,159.1638227,216.0080132,0
1250,159.1638227,216.0080132,0
1251,159.1638227,216.0080132,0
1252,159.1638227,216.0080132,0
1253,159.1638227,216.0080132,0
1254,159.1638227,216.0080132,0
1255,159.1638227,216.0080132,0
1256,159.1638227,216.0080132,0
1257,159.1638227,216.0080132,0
1258,159.1638227,216.0080132,0
1259,159.1638227,216.0080132,0
1260,159.1638227,216.0080132,0
1261,159.1638227,216.0080132,0
1262,159.1638227,216.0080132,0
1263,159.1638227,216.0080132,0
1264,159.1638227,216.0080132,0
1265,159.1638227,216.0080132,0
1266,159.1638227,216.0080132,0
1267,159.1638227,216.0080132,0
1268,159.1638227,216.0080132,0
1269,159.1638227,213.1658025,0
1270,159.1638227,213.1658025,0
1271,159.1638227,213.1658025,0
1272,159.1638227,213.1658025,0
1273,159.1638227,213.1658025,0
1274,159.1638227,213.1658025,0
1275,159.1638227,213.1658025,0
1276,159.1638227,213.1658025,0
1277,159.1638227,213.1658025,0
1278,159.1638227,213.1658025,0
1279,159.1638227,213.1658025,0
1280,159.1638227,213.1658025,0
1281,159.1638227,213.1658025,0
1282,159.1638227,213.1658025,0
1283,159.1638227,213.1658025,0
1284,159.1638227,213.1658025,0
1285,159.1638227,216.0080132,0
1286,159.1638227,216.0080132,0
1287,159.1638227,216.0080132,0
1288,159.1638227,216.0080132,0
1289,159.1638227,216.0080132,0
1290,159.1638227,216.0080132,0
1291,153.4794004,216.0080132,0
1292,156.3216115,216.0080132,0
1293,156.3216115,216.0080132,0
1294,156.3216115,216.0080132,0
1295,156.3216115,216.0080132,0
1296,156.3216115,216.0080132,0
1297,156.3216115,216.0080132,0
1298,156.3216115,216.0080132,0
1299,156.3216115,216.0080132,0
1300,156.3216115,216.0080132,0
1301,156.3216115,216.0080132,0
1302,156.3216115,216.0080132,0
1303,156.3216115,216.0080132,0
1304,156.3216115,216.0080132,0
1305,156.3216115,216.0080132,0
1306,156.3216115,216.0080132,0
1307,156.3216115,216.0080132,0
1308,156.3216115,216.0080132,0
1309,156.3216115,216.0080132,0
1310,156.3216115,216.0080132,0
1311,156.3216115,216.0080132,0
1312,156.3216115,216.0080132,0
1313,156.3216115,216.0080132,0
1314,156.3216115,216.0080132,0
1315,156.3216115,216.0080132,0
1316,156.3216115,216.0080132,0
1317,156.3216115,216.0080132,0
1318,156.3216115,216.0080132,0
1319,156.3216115,216.0080132,0
1320,156.3216115,216.0080132,0
1321,156.3216115,216.0080132,0
1322,156.3216115,216.0080132,0
1323,156.3216115,216.0080132,0
1324,156.3216115,216.0080132,0
1325,156.3216115,216.0080132,0
1326,156.3216115,216.0080132,0
1327,156.3216115,216.0080132,0
1328,156.3216115,216.0080132,0
1329,156.3216115,216.0080132,0
1330,156.3216115,216.0080132,0
1331,156.3216115,216.0080132,0
1332,156.3216115,216.0080132,0
1333,156.3216115,216.0080132,0
1334,156.3216115,216.0080132,0
1335,156.3216115,213.1658025,0
1336,156.3216115,213.1658025,0
1337,156.3216115,213.1658025,0
1338,156.3216115,213.1658025,0
1339,156.3216115,213.1658025,0
1340,156.3216115,213.1658025,0
1341,156.3216115,213.1658025,0
1342,147.7949782,213.1658025,0
1343,147.7949782,213.1658025,0
1344,147.7949782,213.1658025,0
1345,147.7949782,213.1658025,0
1346,147.7949782,213.1658025,0
1347,150.6371893,213.1658025,0
1348,150.6371893,213.1658025,0
1349,150.6371893,213.1658025,0
1350,150.6371893,213.1658025,0
1351,150.6371893,213.1658025,0
1352,150.6371893,213.1658025,0
1353,150.6371893,213.1658025,0
1354,150.6371893,213.1658025,0
1355,150.6371893,213.1658025,0
1356,150.6371893,213.1658025,0
1357,150.6371893,213.1658025,0
1358,150.6371893,213.1658025,0
1359,150.6371893,213.1658025,0
1360,153.4794004,213.1658025,0
1361,153.4794004,213.1658025,0
1362,153.4794004,213.1658025,0
1363,153.4794004,213.1658025,0
1364,153.4794004,213.1658025,0
1365,153.4794004,213.1658025,0
1366,153.4794004,213.1658025,0
1367,153.4794004,213.1658025,0
1368,153.4794004,213.1658025,0
1369,153.4794004,213.1658025,0
1370,153.4794004,213.1658025,0
1371,153.4794004,213.1658025,0
1372,153.4794004,213.1658025,0
1373,153.4794004,213.1658025,0
1374,153.4794004,213.1658025,0
1375,153.4794004,213.1658025,0
1376,153.4794004,213.1658025,0
1377,153.4794004,213.1658025,0
1378,153.4794004,213.1658025,0
1379,153.4794004,213.1658025,0
1380,153.4794004,213.1658025,0
1381,153.4794004,213.1658025,0
1382,153.4794004,213.1658025,0
1383,153.4794004,213.1658025,0
1384,153.4794004,213.1658025,0
1385,153.4794004,213.1658025,0
1386,153.4794004,213.1658025,0
1387,153.4794004,213.1658025,0
1388,153.4794004,213.1658025,0
1389,153.4794004,213.1658025,0
1390,153.4794004,213.1658025,0
1391,153.4794004,213.1658025,0
1392,153.4794004,213.1658025,0
1393,153.4794004,213.1658025,0
1394,153.4794004,213.1658025,0
1395,153.4794004,213.1658025,0
1396,153.4794004,213.1658025,0
1397,153.4794004,213.1658025,0
1398,153.4794004,213.1658025,0
1399,153.4794004,213.1658025,0
1400,153.4794004,213.1658025,0
1401,153.4794004,213.1658025,0
1402,153.4794004,213.1658025,0
1403,153.4794004,213.1658025,0
1404,153.4794004,213.1658025,0
1405,153.4794004,213.1658025,0
1406,153.4794004,213.1658025,0
1407,153.4794004,213.1658025,0
1408,153.4794004,213.1658025,0
1409,153.4794004,213.1658025,0
1410,153.4794004,213.1658025,0
1411,153.4794004,213.1658025,0
1412,153.4794004,213.1658025,0
1413,153.4794004,213.1658025,0
1414,153.4794004,213.1658025,0
1415,153.4794004,213.1658025,0
1416,153.4794004,213.1658025,0
1417,153.4794004,213.1658025,0
1418,153.4794004,213.1658025,0
1419,153.4794004,213.1658025,0
1420,153.4794004,213.1658025,0
1421,153.4794004,213.1658025,0
1422,153.4794004,213.1658025,0
1423,153.4794004,213.1658025,0
1424,153.4794004,213.1658025,0
1425,153.4794004,213.1658025,0
1426,153.4794004,213.1658025,0
1427,153.4794004,213.1658025,0
1428,153.4794004,213.1658025,0
1429,153.4794004,213.1658025,0
1430,153.4794004,213.1658025,0
1431,153.4794004,213.1658025,0
1432,153.4794004,213.1658025,0
1433,153.4794004,213.1658025,0
1434,153.4794004,213.1658025,0
1435,153.4794004,213.1658025,0
1436,153.4794004,213.1658025,0
1437,153.4794004,213.1658025,0
1438,153.4794004,213.1658025,0
1439,153.4794004,213.1658025,0
1440,153.4794004,213.1658025,0
1441,150.6371894,213.1658025,0
1442,150.6371894,213.1658025,0
1443,150.6371894,213.1658025,0
1444,150.6371894,213.1658025,0
1445,150.6371894,213.1658025,0
1446,150.6371894,213.1658025,0
1447,150.6371894,213.1658025,0
1448,150.6371894,213.1658025,0
1449,150.6371894,213.1658025,0
1450,150.6371894,213.1658025,0
1451,150.6371894,213.1658025,0
1452,150.6371894,213.1658025,0
1453,150.6371894,213.1658025,0
1454,150.6371894,213.1658025,0
1455,150.6371894,213.1658025,0
1456,150.6371894,213.1658025,0
1457,150.6371894,213.1658025,0
1458,150.6371894,213.1658025,0
1459,150.6371894,213.1658025,0
1460,150.6371894,213.1658025,0
1461,150.6371894,213.1658025,0
1462,150.6371894,213.1658025,0
1463,150.6371894,213.1658025,0
1464,150.6371894,213.1658025,0
1465,150.6371894,213.1658025,0
1466,150.6371893,213.1658025,0
1467,150.6371893,213.1658025,0
1468,150.6371893,213.1658025,0
1469,150.6371893,213.1658025,0
1470,150.6371893,213.1658025,0
1471,150.6371893,213.1658025,0
1472,150.6371893,213.1658025,0
1473,150.6371893,213.1658025,0
1474,150.6371893,213.1658025,0
1475,150.6371893,213.1658025,0
1476,150.6371893,213.1658025,0
1477,150.6371893,213.1658025,0
1478,150.6371893,213.1658025,0
1479,150.6371893,213.1658025,0
1480,150.6371893,213.1658025,0
1481,150.6371893,213.1658025,0
1482,150.6371893,213.1658025,0
1483,150.6371893,213.1658025,0
1484,150.6371893,213.1658025,0
1485,150.6371893,213.1658025,0
1486,150.6371893,213.1658025,0
1487,150.6371893,213.1658025,0
1488,150.6371893,213.1658025,0
1489,150.6371893,213.1658025,0
1490,150.6371893,213.1658025,0
1491,150.6371893,213.1658025,0
1492,150.6371893,213.1658025,0
1493,150.6371893,213.1658025,0
1494,150.6371893,213.1658025,0
1495,150.6371893,213.1658025,0
1496,150.6371893,213.1658025,0
1497,150.6371893,213.1658025,0
1498,150.6371893,213.1658025,0
1499,150.6371893,213.1658025,0
1500,150.6371893,213.1658025,0
1501,150.6371893,213.1658025,0
1502,150.6371893,213.1658025,0
1503,150.6371893,213.1658025,0
1504,147.7949782,213.1658025,0
1505,147.7949782,213.1658025,0
1506,147.7949782,213.1658025,0
1507,147.7949782,213.1658025,0
1508,147.7949782,213.1658025,0
1509,147.7949782,213.1658025,0
1510,147.7949782,213.1658025,0
1511,147.7949782,213.1658025,0
1512,147.7949782,213.1658025,0
1513,147.7949782,213.1658025,0
1514,147.7949782,213.1658025,0
1515,147.7949782,213.1658025,0
1516,147.7949782,213.1658025,0
1517,147.7949782,213.1658025,0
1518,147.7949782,213.1658025,0
1519,147.7949782,213.1658025,0
1520,147.7949782,213.1658025,0
1521,147.7949782,213.1658025,0
1522,147.7949782,213.1658025,0
1523,147.7949782,213.1658025,0
1524,147.7949782,213.1658025,0
1525,147.7949782,213.1658025,0
1526,147.7949782,213.1658025,0
1527,147.7949782,213.1658025,0
1528,147.7949782,213.1658025,0
1529,147.7949782,213.1658025,0
1530,147.7949782,213.1658025,0
1531,147.7949782,213.1658025,0
1532,147.7949782,213.1658025,0
1533,147.7949782,213.1658025,0
1534,144.9527671,213.1658025,0
1535,144.9527671,213.1658025,0
1536,144.9527671,213.1658025,0
1537,147.7949782,213.1658025,0
1538,147.7949782,213.1658025,0
1539,147.7949782,213.1658025,0
1540,147.7949782,213.1658025,0
1541,147.7949782,213.1658025,0
1542,147.7949782,213.1658025,0
1543,147.7949782,213.1658025,0
1544,147.7949782,213.1658025,0
1545,147.7949782,213.1658025,0
1546,147.7949782,213.1658025,0
1547,147.7949782,213.1658025,0
1548,147.7949782,213.1658025,0
1549,147.7949782,213.1658025,0
1550,147.7949782,213.1658025,0
1551,147.7949782,210.3235918,0
1552,147.7949782,210.3235918,0
1553,147.7949782,210.3235918,0
1554,147.7949782,210.3235918,0
1555,147.7949782,210.3235918,0
1556,147.7949782,210.3235918,0
1557,147.7949782,210.3235918,0
1558,147.7949782,210.3235918,0
1559,147.7949782,210.3235918,0
1560,147.7949782,210.3235918,0
1561,147.7949782,210.3235918,0
1562,147.7949782,210.3235918,0
1563,147.7949782,210.3235918,0
1564,147.7949782,210.3235918,0
1565,147.7949782,210.3235918,0
1566,147.7949782,210.3235918,0
1567,147.7949782,210.3235918,0
1568,147.7949782,210.3235918,0
1569,147.7949782,210.3235918,0
1570,147.7949782,210.3235918,0
1571,147.7949782,210.3235918,0
1572,147.7949782,210.3235918,0
1573,147.7949782,210.3235918,0
1574,147.7949782,210.3235918,0
1575,147.7949782,210.3235918,0
1576,147.7949782,210.3235918,0
1577,147.7949782,210.3235918,0
1578,147.7949782,210.3235918,0
1579,147.7949782,210.3235918,0
1580,147.7949782,210.3235918,0
1581,147.7949782,210.3235918,0
1582,147.7949782,210.3235918,0
1583,147.7949782,210.3235918,0
1584,147.7949782,210.3235918,0
1585,147.7949782,210.3235918,0
1586,147.7949782,210.3235918,0
1587,147.7949782,210.3235918,0
1588,147.7949782,210.3235918,0
1589,147.7949782,210.3235918,0
1590,147.7949782,210.3235918,0
1591,147.7949782,210.3235918,0
1592,147.7949782,213.1658025,0
1593,147.7949782,213.1658025,0
1594,147.7949782,213.1658025,0
1595,147.7949782,213.1658025,0
1596,147.7949782,213.1658025,0
1597,147.7949782,213.1658025,0
1598,147.7949782,213.1658025,0
1599,147.7949782,213.1658025,0
1600,147.7949782,213.1658025,0
1601,147.7949782,213.1658025,0
1602,147.7949782,213.1658025,0
1603,147.7949782,213.1658025,0
1604,147.7949782,213.1658025,0
1605,147.7949782,213.1658025,0
1606,147.7949782,213.1658025,0
1607,147.7949782,213.1658025,0
1608,147.7949782,213.1658025,0
1609,147.7949782,213.1658025,0
1610,147.7949782,213.1658025,0
1611,147.7949782,213.1658025,0
1612,147.7949782,213.1658025,0
1613,147.7949782,213.1658025,0
1614,147.7949782,213.1658025,0
1615,147.7949782,213.1658025,0
1616,147.7949782,213.1658025,0
1617,147.7949782,213.1658025,0
1618,147.7949782,213.1658025,0
1619,147.7949782,213.1658025,0
1620,147.7949782,213.1658025,0
1621,147.7949782,213.1658025,0
1622,147.7949782,213.1658025,0
1623,147.7949782,213.1658025,0
1624,147.7949782,213.1658025,0
1625,147.7949782,213.1658025,0
1626,147.7949782,213.1658025,0
1627,147.7949782,213.1658025,0
1628,147.7949782,213.1658025,0
1629,147.7949782,213.1658025,0
1630,147.7949782,213.1658025,0
1631,147.7949782,213.1658025,0
1632,147.7949782,213.1658025,0
1633,147.7949782,213.1658025,0
1634,147.7949782,213.1658025,0
1635,147.7949782,213.1658025,0
1636,147.7949782,213.1658025,0
1637,147.7949782,213.1658025,0
1638,147.7949782,213.1658025,0
1639,147.7949782,213.1658025,0
1640,147.7949782,213.1658025,0
1641,147.7949782,213.1658025,0
1642,147.7949782,213.1658025,0
1643,147.7949782,213.1658025,0
1644,147.7949782,213.1658025,0
1645,147.7949782,213.1658025,0
1646,147.7949782,213.1658025,0
1647,147.7949782,213.1658025,0
1648,144.9527671,213.1658025,0
1649,144.9527671,213.1658025,0
1650,144.9527671,213.1658025,0
1651,144.9527671,213.1658025,0
1652,144.9527671,213.1658025,0
1653,144.9527671,213.1658025,0
1654,144.9527671,213.1658025,0
1655,144.9527671,213.1658025,0
1656,144.9527671,213.1658025,0
1657,144.9527671,213.1658025,0
1658,144.9527671,213.1658025,0
1659,144.9527671,213.1658025,0
1660,144.9527671,213.1658025,0
1661,144.9527671,213.1658025,0
1662,144.9527671,213.1658025,0
1663,144.9527671,213.1658025,0
1664,144.9527671,213.1658025,0
1665,144.9527671,213.1658025,0
1666,144.9527671,213.1658025,0
1667,144.9527671,213.1658025,0
1668,144.9527671,213.1658025,0
1669,144.9527671,213.1658025,0
1670,144.9527671,213.1658025,0
1671,144.9527671,213.1658025,0
1672,144.9527671,213.1658025,0
1673,144.9527671,213.1658025,0
1674,144.9527671,213.1658025,0
1675,144.9527671,213.1658025,0
1676,144.9527671,213.1658025,0
1677,144.9527671,213.1658025,0
1678,144.9527671,213.1658025,0
1679,144.9527671,213.1658025,0
1680,144.9527671,213.1658025,0
1681,144.9527671,213.1658025,0
1682,142.110556,213.1658025,0
1683,142.110556,213.1658025,0
1684,142.110556,213.1658025,0
1685,142.110556,213.1658025,0
1686,142.110556,213.1658025,0
1687,142.110556,213.1658025,0
1688,142.110556,213.1658025,0
1689,142.110556,213.1658025,0
1690,142.110556,213.1658025,0
1691,142.110556,213.1658025,0
1692,142.110556,210.3235918,0
1693,142.110556,210.3235918,0
1694,144.9527671,210.3235918,0
1695,144.9527671,210.3235918,0
1696,144.9527671,210.3235918,0
1697,144.9527671,210.3235918,0
1698,144.9527671,210.3235918,0
1699,144.9527671,210.3235918,0
1700,144.9527671,210.3235918,0
1701,144.9527671,210.3235918,0
1702,144.9527671,210.3235918,0
1703,144.9527671,210.3235918,0
1704,144.9527671,210.3235918,0
1705,144.9527671,210.3235918,0
1706,144.9527671,210.3235918,0
1707,144.9527671,210.3235918,0
1708,144.9527671,210.3235918,0
1709,144.9527671,210.3235918,0
1710,144.9527671,210.3235918,0
1711,144.9527671,210.3235918,0
1712,144.9527671,210.3235918,0
1713,144.9527671,210.3235918,0
1714,144.9527671,210.3235918,0
1715,144.9527671,210.3235918,0
1716,144.9527671,210.3235918,0
1717,144.9527671,210.3235918,0
1718,144.9527671,210.3235918,0
1719,144.9527671,207.4813811,0
1720,144.9527671,207.4813811,0
1721,144.9527671,207.4813811,0
1722,144.9527671,207.4813811,0
1723,144.9527671,207.4813811,0
1724,144.9527671,207.4813811,0
1725,144.9527671,207.4813811,0
1726,144.9527671,210.3235918,0
1727,144.9527671,210.3235918,0
1728,144.9527671,210.3235918,0
1729,144.9527671,210.3235918,0
1730,144.9527671,210.3235918,0
1731,144.9527671,210.3235918,0
1732,144.9527671,210.3235918,0
1733,144.9527671,210.3235918,0
1734,144.9527671,210.3235918,0
1735,144.9527671,210.3235918,0
1736,144.9527671,210.3235918,0
1737,144.9527671,210.3235918,0
1738,144.9527671,210.3235918,0
1739,144.9527671,210.3235918,0
1740,144.9527671,210.3235918,0
1741,144.9527671,210.3235918,0
1742,144.9527671,210.3235918,0
1743,144.9527671,210.3235918,0
1744,144.9527671,210.3235918,0
1745,144.9527671,210.3235918,0
1746,144.9527671,210.3235918,0
1747,144.9527671,210.3235918,0
1748,144.9527671,210.3235918,0
1749,144.9527671,210.3235918,0
1750,144.9527671,210.3235918,0
1751,144.9527671,210.3235918,0
1752,144.9527671,210.3235918,0
1753,144.9527671,210.3235918,0
1754,144.9527671,210.3235918,0
1755,144.9527671,210.3235918,0
1756,144.9527671,210.3235918,0
1757,144.9527671,210.3235918,0
1758,144.9527671,210.3235918,0
1759,144.9527671,210.3235918,0
1760,144.9527671,210.3235918,0
1761,144.9527671,210.3235918,0
1762,144.9527671,210.3235918,0
1763,144.9527671,210.3235918,0
1764,144.9527671,210.3235918,0
1765,144.9527671,210.3235918,0
1766,144.9527671,210.3235918,0
1767,142.1105559,210.3235918,0
1768,142.1105559,210.3235918,0
1769,142.1105559,210.3235918,0
1770,142.1105559,210.3235918,0
1771,142.1105559,210.3235918,0
1772,142.1105559,210.3235918,0
1773,142.1105559,210.3235918,0
1774,142.1105559,210.3235918,0
1775,142.1105559,210.3235918,0
1776,142.1105559,210.3235918,0
1777,142.1105559,210.3235918,0
1778,142.1105559,210.3235918,0
1779,142.1105559,210.3235918,0
1780,142.1105559,210.3235918,0
1781,142.1105559,210.3235918,0
1782,142.1105559,210.3235918,0
1783,142.1105559,210.3235918,0
1784,142.1105559,210.3235918,0
1785,142.1105559,210.3235918,0
1786,142.1105559,207.4813811,0
1787,142.1105559,207.4813811,0
1788,142.1105559,207.4813811,0
1789,142.1105559,207.4813811,0
1790,142.1105559,207.4813811,0
1791,139.2683449,207.4813811,0
1792,139.2683449,207.4813811,0
1793,139.2683449,207.4813811,0
1794,139.2683449,207.4813811,0
1795,139.2683449,207.4813811,0
1796,139.2683449,207.4813811,0
1797,139.2683449,207.4813811,0
1798,139.2683449,207.4813811,0
1799,139.2683449,207.4813811,0
1800,139.2683449,207.4813811,0
1801,139.2683449,207.4813811,0
1802,139.2683449,207.4813811,0
1803,139.2683449,207.4813811,0
1804,139.2683449,207.4813811,0
1805,139.2683449,207.4813811,0
1806,139.2683449,207.4813811,0
1807,139.2683449,207.4813811,0
1808,139.2683449,207.4813811,0
1809,139.2683449,207.4813811,0
1810,139.2683449,207.4813811,0
1811,139.2683449,207.4813811,0
1812,139.2683449,207.4813811,0
1813,139.2683449,207.4813811,0
1814,139.2683449,210.3235918,0
1815,139.2683449,210.3235918,0
1816,139.2683449,210.3235918,0
1817,139.2683449,210.3235918,0
1818,139.2683449,210.3235918,0
1819,139.2683449,210.3235918,0
1820,139.2683449,210.3235918,0
1821,139.2683449,210.3235918,0
1822,139.2683449,210.3235918,0
1823,139.2683449,210.3235918,0
1824,139.2683449,213.1658025,0
1825,139.2683449,213.1658025,0
1826,139.2683449,213.1658025,0
1827,139.2683449,213.1658025,0
1828,139.2683449,213.1658025,0
1829,139.2683449,213.1658025,0
1830,142.1105559,213.1658025,0
1831,142.1105559,213.1658025,0
1832,142.1105559,213.1658025,0
1833,142.1105559,213.1658025,0
1834,142.1105559,213.1658025,0
1835,142.1105559,213.1658025,0
1836,142.1105559,213.1658025,0
1837,142.1105559,213.1658025,0
1838,142.1105559,213.1658025,0
1839,142.1105559,213.1658025,0
1840,142.1105559,213.1658025,0
1841,142.1105559,213.1658025,0
1842,142.1105559,213.1658025,0
1843,142.1105559,213.1658025,0
1844,142.1105559,213.1658025,0
1845,142.1105559,213.1658025,0
1846,142.1105559,213.1658025,0
1847,142.110556,213.1658025,0
1848,142.110556,213.1658025,0
1849,142.110556,213.1658025,0
1850,142.110556,213.1658025,0
1851,142.110556,213.1658025,0
1852,142.110556,213.1658025,0
1853,142.110556,213.1658025,0
1854,142.110556,213.1658025,0
1855,142.110556,213.1658025,0
1856,142.110556,213.1658025,0
1857,142.110556,213.1658025,0
1858,142.110556,213.1658025,0
1859,142.110556,213.1658025,0
1860,142.110556,213.1658025,0
1861,142.110556,213.1658025,0
1862,142.110556,213.1658025,0
1863,142.110556,213.1658025,0
1864,142.110556,213.1658025,0
1865,142.110556,213.1658025,0
1866,142.110556,213.1658025,0
1867,142.110556,213.1658025,0
1868,142.110556,213.1658025,0
1869,142.110556,213.1658025,0
1870,142.110556,213.1658025,0
1871,142.110556,213.1658025,0
1872,142.110556,213.1658025,0
1873,142.110556,213.1658025,0
1874,142.110556,210.3235918,0
1875,142.110556,210.3235918,0
1876,142.110556,210.3235918,0
1877,142.110556,210.3235918,0
1878,142.110556,210.3235918,0
1879,142.110556,210.3235918,0
1880,142.110556,210.3235918,0
1881,142.110556,210.3235918,0
1882,142.110556,210.3235918,0
1883,142.110556,210.3235918,0
1884,142.110556,210.3235918,0
1885,142.110556,210.3235918,0
1886,142.110556,213.1658025,0
1887,142.110556,213.1658025,0
1888,142.110556,213.1658025,0
1889,142.110556,213.1658025,0
1890,142.110556,213.1658025,0
1891,142.110556,213.1658025,0
1892,142.110556,213.1658025,0
1893,142.110556,213.1658025,0
1894,142.110556,213.1658025,0
1895,142.110556,213.1658025,0
1896,142.110556,213.1658025,0
1897,142.110556,213.1658025,0
1898,142.110556,213.1658025,0
1899,142.110556,213.1658025,0
1900,142.110556,213.1658025,0
1901,142.110556,213.1658025,0
1902,142.110556,213.1658025,0
1903,142.110556,213.1658025,0
1904,142.110556,213.1658025,0
1905,142.110556,213.1658025,0
1906,142.110556,213.1658025,0
1907,142.110556,213.1658025,0
1908,142.110556,213.1658025,0
1909,142.110556,213.1658025,0
1910,142.110556,213.1658025,0
1911,142.110556,213.1658025,0
1912,142.110556,213.1658025,0
1913,142.110556,213.1658025,0
1914,142.110556,213.1658025,0
1915,142.110556,213.1658025,0
1916,142.110556,213.1658025,0
1917,142.110556,213.1658025,0
1918,142.110556,213.1658025,0
1919,142.110556,213.1658025,0
1920,142.110556,213.1658025,0
1921,142.110556,213.1658025,0
1922,142.110556,213.1658025,0
1923,142.110556,213.1658025,0
1924,142.110556,213.1658025,0
1925,142.110556,213.1658025,0
1926,142.110556,213.1658025,0
1927,142.110556,213.1658025,0
1928,142.110556,213.1658025,0
1929,142.110556,213.1658025,0
1930,142.110556,213.1658025,0
1931,142.110556,213.1658025,0
1932,142.110556,213.1658025,0
1933,142.110556,213.1658025,0
1934,142.110556,213.1658025,0
1935,142.110556,213.1658025,0
1936,142.110556,213.1658025,0
1937,142.110556,213.1658025,0
1938,142.110556,213.1658025,0
1939,142.110556,213.1658025,0
1940,142.110556,213.1658025,0
1941,142.110556,213.1658025,0
1942,142.110556,210.3235918,0
1943,142.110556,210.3235918,0
1944,142.110556,210.3235918,0
1945,142.110556,210.3235918,0
1946,142.110556,210.3235918,0
1947,142.1105559,210.3235918,0
1948,142.1105559,210.3235918,0
1949,142.1105559,210.3235918,0
1950,142.1105559,210.3235918,0
1951,142.1105559,210.3235918,0
1952,142.1105559,210.3235918,0
1953,142.1105559,210.3235918,0
1954,142.1105559,210.3235918,0
1955,142.1105559,210.3235918,0
1956,142.1105559,210.3235918,0
1957,142.110556,210.3235918,0
1958,142.110556,210.3235918,0
1959,142.110556,210.3235918,0
1960,142.110556,210.3235918,0
1961,142.110556,210.3235918,0
1962,142.110556,210.3235918,0
1963,142.110556,210.3235918,0
1964,142.110556,210.3235918,0
1965,142.110556,210.3235918,0
1966,142.110556,210.3235918,0
1967,142.110556,210.3235918,0
1968,142.110556,210.3235918,0
1969,142.110556,210.3235918,0
1970,142.110556,210.3235918,0
1971,142.110556,210.3235918,0
1972,142.110556,210.3235918,0
1973,142.110556,210.3235918,0
1974,142.110556,210.3235918,0
1975,142.110556,210.3235918,0
1976,142.110556,210.3235918,0
1977,142.110556,210.3235918,0
1978,142.110556,210.3235918,0
1979,142.110556,210.3235918,0
1980,142.110556,210.3235918,0
1981,142.110556,210.3235918,0
1982,142.110556,210.3235918,0
1983,142.110556,210.3235918,0
1984,142.110556,210.3235918,0
1985,142.110556,210.3235918,0
1986,142.110556,210.3235918,0
1987,142.110556,210.3235918,0
1988,142.110556,210.3235918,0
1989,142.110556,210.3235918,0
1990,142.110556,210.3235918,0
1991,142.110556,210.3235918,0
1992,142.110556,210.3235918,0
1993,142.110556,210.3235918,0
1994,142.110556,210.3235918,0
1995,142.110556,210.3235918,0
1996,142.110556,210.3235918,0
1997,142.110556,210.3235918,0
1998,142.110556,210.3235918,0
1999,142.110556,210.3235918,0
2000,142.110556,210.3235918,0
2001,142.110556,210.3235918,0
2002,142.110556,210.3235918,0
2003,142.110556,210.3235918,0
2004,142.110556,210.3235918,0
2005,142.110556,210.3235918,0
2006,142.110556,210.3235918,0
2007,136.4261337,210.3235918,0
2008,136.4261337,210.3235918,0
2009,136.4261337,210.3235918,0
2010,136.4261337,210.3235918,0
2011,136.4261337,210.3235918,0
2012,136.4261337,210.3235918,0
2013,136.4261337,210.3235918,0
2014,136.4261337,210.3235918,0
2015,136.4261337,210.3235918,0
2016,136.4261337,210.3235918,0
2017,136.4261337,210.3235918,0
2018,136.4261337,210.3235918,0
2019,136.4261337,210.3235918,0
2020,136.4261337,210.3235918,0
2021,136.4261337,210.3235918,0
2022,136.4261337,210.3235918,0
2023,136.4261337,210.3235918,0
2024,136.4261337,210.3235918,0
2025,139.2683449,210.3235918,0
2026,139.2683449,210.3235918,0
2027,139.2683449,210.3235918,0
2028,139.2683449,210.3235918,0
2029,139.2683449,210.3235918,0
2030,139.2683449,210.3235918,0
2031,139.2683449,210.3235918,0
2032,139.2683449,210.3235918,0
2033,139.2683449,210.3235918,0
2034,139.2683449,210.3235918,0
2035,139.2683449,210.3235918,0
2036,139.2683449,210.3235918,0
2037,139.2683449,210.3235918,0
2038,139.2683449,210.3235918,0
2039,139.2683449,210.3235918,0
2040,139.2683449,210.3235918,0
2041,139.2683449,210.3235918,0
2042,139.2683449,210.3235918,0
2043,139.2683449,210.3235918,0
2044,139.2683449,210.3235918,0
2045,139.2683449,210.3235918,0
2046,139.2683449,210.3235918,0
2047,139.2683449,210.3235918,0
2048,139.2683449,210.3235918,0
2049,139.2683449,210.3235918,0
2050,139.2683449,210.3235918,0
2051,139.2683449,210.3235918,0
2052,139.2683449,210.3235918,0
2053,139.2683449,210.3235918,0
2054,139.2683449,210.3235918,0
2055,139.2683449,204.6391704,0
2056,139.2683449,204.6391704,0
2057,139.2683449,204.6391704,0
2058,139.2683449,204.6391704,0
2059,139.2683449,204.6391704,0
2060,139.2683449,204.6391704,0
2061,139.2683449,204.6391704,0
2062,139.2683449,204.6391704,0
2063,139.2683449,204.6391704,0
2064,139.2683449,204.6391704,0
2065,139.2683449,204.6391704,0
2066,139.2683449,204.6391704,0
2067,139.2683449,204.6391704,0
2068,139.2683449,204.6391704,0
2069,139.2683449,204.6391704,0
2070,139.2683449,204.6391704,0
2071,139.2683449,204.6391704,0
2072,139.2683449,204.6391704,0
2073,139.2683449,204.6391704,0
2074,139.2683449,204.6391704,0
2075,139.2683449,204.6391704,0
2076,139.2683449,204.6391704,0
2077,139.2683449,204.6391704,0
2078,139.2683449,207.4813811,0
2079,139.2683449,207.4813811,0
2080,139.2683449,207.4813811,0
2081,139.2683449,207.4813811,0
2082,139.2683449,207.4813811,0
2083,139.2683448,207.4813811,0
2084,139.2683448,207.4813811,0
2085,139.2683448,207.4813811,0
2086,139.2683448,207.4813811,0
2087,139.2683448,207.4813811,0
2088,139.2683448,207.4813811,0
2089,139.2683448,207.4813811,0
2090,139.2683448,207.4813811,0
2091,139.2683448,207.4813811,0
2092,139.2683448,207.4813811,0
2093,139.2683448,207.4813811,0
2094,139.2683448,207.4813811,0
2095,139.2683448,207.4813811,0
2096,139.2683448,207.4813811,0
2097,139.2683448,207.4813811,0
2098,139.2683448,207.4813811,0
2099,139.2683448,207.4813811,0
2100,139.2683448,207.4813811,0
2101,139.2683448,207.4813811,0
2102,139.2683448,210.3235918,0
2103,139.2683448,210.3235918,0
2104,139.2683448,210.3235918,0
2105,139.2683448,210.3235918,0
2106,139.2683448,210.3235918,0
2107,136.4261337,210.3235918,0
2108,136.4261337,210.3235918,0
2109,136.4261337,210.3235918,0
2110,136.4261337,210.3235918,0
2111,136.4261337,210.3235918,0
2112,136.4261337,210.3235918,0
2113,136.4261337,210.3235918,0
2114,136.4261337,210.3235918,0
2115,136.4261337,210.3235918,0
2116,136.4261337,210.3235918,0
2117,136.4261337,210.3235918,0
2118,136.4261337,210.3235918,0
2119,136.4261337,210.3235918,0
2120,136.4261337,210.3235918,0
2121,136.4261337,210.3235918,0
2122,136.4261337,210.3235918,0
2123,136.4261337,210.3235918,0
2124,136.4261337,210.3235918,0
2125,136.4261337,210.3235918,0
2126,136.4261337,210.3235918,0
2127,136.4261337,210.3235918,0
2128,136.4261337,210.3235918,0
2129,136.4261337,210.3235918,0
2130,136.4261337,210.3235918,0
2131,136.4261337,210.3235918,0
2132,136.4261337,210.3235918,0
2133,136.4261337,210.3235918,0
2134,136.4261337,210.3235918,0
2135,136.4261337,210.3235918,0
2136,136.4261337,210.3235918,0
2137,136.4261337,210.3235918,0
2138,136.4261337,210.3235918,0
2139,136.4261337,210.3235918,0
2140,136.4261337,210.3235918,0
2141,136.4261337,210.3235918,0
2142,136.4261337,210.3235918,0
2143,136.4261337,210.3235918,0
2144,136.4261337,210.3235918,0
2145,136.4261337,210.3235918,0
2146,136.4261337,210.3235918,0
2147,136.4261337,210.3235918,0
2148,136.4261337,210.3235918,0
2149,136.4261337,210.3235918,0
2150,136.4261337,210.3235918,0
2151,136.4261337,210.3235918,0
2152,136.4261337,210.3235918,0
2153,136.4261337,210.3235918,0
2154,136.4261337,210.3235918,0
2155,136.4261337,210.3235918,0
2156,136.4261337,210.3235918,0
2157,136.4261337,210.3235918,0
2158,136.4261337,210.3235918,0
2159,139.2683448,210.3235918,0
2160,139.2683448,210.3235918,0
2161,139.2683448,210.3235918,0
2162,139.2683448,210.3235918,0
2163,139.2683448,210.3235918,0
2164,139.2683448,210.3235918,0
2165,139.2683448,210.3235918,0
2166,139.2683448,210.3235918,0
2167,139.2683448,210.3235918,0
2168,139.2683448,210.3235918,0
2169,139.2683448,210.3235918,0
2170,139.2683448,210.3235918,0
2171,139.2683448,210.3235918,0
2172,139.2683448,210.3235918,0
2173,139.2683448,210.3235918,0
2174,139.2683448,210.3235918,0
2175,139.2683448,210.3235918,0
2176,139.2683448,210.3235918,0
2177,139.2683448,210.3235918,0
2178,139.2683448,210.3235918,0
2179,139.2683448,210.3235918,0
2180,139.2683448,210.3235918,0
2181,139.2683448,210.3235918,0
2182,139.2683448,210.3235918,0
2183,139.2683448,210.3235918,0
2184,139.2683448,210.3235918,0
2185,139.2683448,210.3235918,0
2186,139.2683448,210.3235918,0
2187,139.2683448,210.3235918,0
2188,139.2683448,210.3235918,0
2189,139.2683448,210.3235918,0
2190,139.2683448,210.3235918,0
2191,139.2683448,210.3235918,0
2192,139.2683448,210.3235918,0
2193,139.2683448,210.3235918,0
2194,139.2683448,210.3235918,0
2195,139.2683448,207.4813811,0
2196,139.2683448,207.4813811,0
2197,139.2683448,207.4813811,0
2198,139.2683448,207.4813811,0
2199,139.2683448,207.4813811,0
2200,139.2683448,207.4813811,0
2201,139.2683448,207.4813811,0
2202,139.2683449,207.4813811,0
2203,139.2683449,207.4813811,0
2204,139.2683449,207.4813811,0
2205,139.2683449,207.4813811,0
2206,139.2683449,207.4813811,0
2207,139.2683449,207.4813811,0
2208,139.2683449,207.4813811,0
2209,139.2683449,207.4813811,0
2210,139.2683449,207.4813811,0
2211,139.2683449,207.4813811,0
2212,139.2683449,207.4813811,0
2213,139.2683449,207.4813811,0
2214,139.2683449,207.4813811,0
2215,139.2683449,207.4813811,0
2216,139.2683449,207.4813811,0
2217,139.2683449,207.4813811,0
2218,139.2683449,207.4813811,0
2219,139.2683449,210.3235918,0
2220,139.2683449,210.3235918,0
2221,139.2683449,210.3235918,0
2222,139.2683449,210.3235918,0
2223,139.2683449,210.3235918,0
2224,139.2683449,210.3235918,0
2225,139.2683449,210.3235918,0
2226,139.2683449,210.3235918,0
2227,139.2683449,210.3235918,0
2228,139.2683449,210.3235918,0
2229,139.2683449,210.3235918,0
2230,139.2683449,210.3235918,0
2231,139.2683449,210.3235918,0
2232,139.2683449,210.3235918,0
2233,139.2683449,210.3235918,0
2234,139.2683449,210.3235918,0
2235,139.2683449,210.3235918,0
2236,139.2683449,210.3235918,0
2237,139.2683449,210.3235918,0
2238,139.2683449,210.3235918,0
2239,139.2683449,210.3235918,0
2240,139.2683449,210.3235918,0
2241,139.2683449,210.3235918,0
2242,139.2683449,210.3235918,0
2243,139.2683449,210.3235918,0
2244,139.2683449,210.3235918,0
2245,139.2683449,210.3235918,0
2246,139.2683449,210.3235918,0
2247,139.2683449,210.3235918,0
2248,139.2683449,210.3235918,0
2249,139.2683449,210.3235918,0
2250,139.2683449,210.3235918,0
2251,139.2683449,210.3235918,0
2252,133.5839226,210.3235918,0
2253,133.5839226,210.3235918,0
2254,133.5839226,210.3235918,0
2255,133.5839226,210.3235918,0
2256,133.5839226,210.3235918,0
2257,133.5839226,210.3235918,0
2258,133.5839226,210.3235918,0
2259,133.5839226,210.3235918,0
2260,133.5839226,210.3235918,0
2261,133.5839226,210.3235918,0
2262,133.5839226,210.3235918,0
2263,133.5839226,210.3235918,0
2264,133.5839226,210.3235918,0
2265,133.5839226,210.3235918,0
2266,133.5839226,210.3235918,0
2267,133.5839226,210.3235918,0
2268,133.5839226,210.3235918,0
2269,133.5839226,210.3235918,0
2270,136.4261337,210.3235918,0
2271,136.4261337,210.3235918,0
2272,136.4261337,210.3235918,0
2273,136.4261337,210.3235918,0
2274,136.4261337,210.3235918,0
2275,136.4261337,210.3235918,0
2276,136.4261337,210.3235918,0
2277,136.4261337,210.3235918,0
2278,136.4261337,210.3235918,0
2279,136.4261337,210.3235918,0
2280,136.4261337,210.3235918,0
2281,136.4261337,210.3235918,0
2282,136.4261337,210.3235918,0
2283,136.4261337,210.3235918,0
2284,136.4261337,210.3235918,0
2285,136.4261337,210.3235918,0
2286,136.4261337,210.3235918,0
2287,136.4261337,210.3235918,0
2288,136.4261337,210.3235918,0
2289,136.4261337,210.3235918,0
2290,136.4261337,210.3235918,0
2291,136.4261337,210.3235918,0
2292,136.4261337,210.3235918,0
2293,136.4261337,210.3235918,0
2294,136.4261337,210.3235918,0
2295,136.4261337,210.3235918,0
2296,136.4261337,210.3235918,0
2297,136.4261337,210.3235918,0
2298,136.4261337,210.3235918,0
2299,136.4261337,210.3235918,0
2300,136.4261337,210.3235918,0
2301,136.4261337,210.3235918,0
2302,136.4261337,210.3235918,0
2303,136.4261337,210.3235918,0
2304,136.4261337,210.3235918,0
2305,136.4261337,210.3235918,0
2306,136.4261337,210.3235918,0
2307,136.4261337,210.3235918,0
2308,136.4261337,210.3235918,0
2309,136.4261337,210.3235918,0
2310,136.4261337,210.3235918,0
2311,136.4261337,210.3235918,0
2312,136.4261337,210.3235918,0
2313,136.4261337,210.3235918,0
2314,136.4261337,210.3235918,0
2315,136.4261337,210.3235918,0
2316,136.4261337,210.3235918,0
2317,136.4261337,210.3235918,0
2318,136.4261337,210.3235918,0
2319,136.4261337,210.3235918,0
2320,136.4261337,207.4813811,0
2321,136.4261337,204.6391704,0
2322,136.4261337,207.4813811,0
2323,136.4261337,207.4813811,0
2324,136.4261337,207.4813811,0
2325,136.4261337,207.4813811,0
2326,136.4261337,207.4813811,0
2327,136.4261337,207.4813811,0
2328,136.4261337,207.4813811,0
2329,136.4261337,207.4813811,0
2330,136.4261337,207.4813811,0
2331,136.4261337,207.4813811,0
2332,136.4261337,207.4813811,0
2333,136.4261337,207.4813811,0
2334,136.4261337,207.4813811,0
2335,136.4261337,207.4813811,0
2336,136.4261337,207.4813811,0
2337,136.4261337,210.3235918,0
2338,136.4261337,210.3235918,0
2339,136.4261337,210.3235918,0
2340,136.4261337,210.3235918,0
2341,136.4261337,210.3235918,0
2342,136.4261337,210.3235918,0
2343,136.4261337,210.3235918,0
2344,136.4261337,210.3235918,0
2345,136.4261337,210.3235918,0
2346,136.4261337,210.3235918,0
2347,136.4261337,210.3235918,0
2348,136.4261337,210.3235918,0
2349,136.4261337,210.3235918,0
2350,136.4261337,210.3235918,0
2351,136.4261337,210.3235918,0
2352,136.4261337,210.3235918,0
2353,136.4261337,210.3235918,0
2354,136.4261337,210.3235918,0
2355,136.4261337,210.3235918,0
2356,136.4261337,210.3235918,0
2357,136.4261337,210.3235918,0
2358,136.4261337,210.3235918,0
2359,136.4261337,210.3235918,0
2360,136.4261337,210.3235918,0
2361,136.4261337,210.3235918,0
2362,136.4261337,210.3235918,0
2363,136.4261337,210.3235918,0
2364,136.4261337,210.3235918,0
2365,136.4261337,210.3235918,0
2366,136.4261337,210.3235918,0
2367,136.4261337,210.3235918,0
2368,136.4261337,210.3235918,0
2369,136.4261337,210.3235918,0
2370,136.4261337,210.3235918,0
2371,136.4261337,210.3235918,0
2372,136.4261337,210.3235918,0
2373,136.4261337,210.3235918,0
2374,136.4261337,210.3235918,0
2375,136.4261337,210.3235918,0
2376,136.4261337,210.3235918,0
2377,136.4261337,210.3235918,0
2378,136.4261337,210.3235918,0
2379,136.4261337,210.3235918,0
2380,136.4261337,210.3235918,0
2381,136.4261337,210.3235918,0
2382,136.4261337,210.3235918,0
2383,136.4261337,210.3235918,0
2384,136.4261337,210.3235918,0
2385,136.4261337,210.3235918,0
2386,136.4261337,210.3235918,0
2387,136.4261337,207.4813811,0
2388,136.4261337,207.4813811,0
2389,136.4261337,207.4813811,0
2390,136.4261337,207.4813811,0
2391,136.4261337,207.4813811,0
2392,136.4261337,207.4813811,0
2393,136.4261337,207.4813811,0
2394,136.4261337,207.4813811,0
2395,136.4261337,207.4813811,0
2396,136.4261337,207.4813811,0
2397,136.4261337,207.4813811,0
2398,136.4261337,207.4813811,0
2399,136.4261337,207.4813811,0
2400,136.4261337,207.4813811,0
2401,136.4261337,207.4813811,0
2402,136.4261337,207.4813811,0
2403,136.4261337,207.4813811,0
2404,136.4261337,207.4813811,0
2405,136.4261337,207.4813811,0
2406,136.4261337,207.4813811,0
2407,136.4261337,207.4813811,0
2408,136.4261337,207.4813811,0
2409,136.4261337,207.4813811,0
2410,136.4261337,207.4813811,0
2411,136.4261337,207.4813811,0
2412,136.4261337,207.4813811,0
2413,136.4261337,207.4813811,0
2414,136.4261337,207.4813811,0
2415,136.4261337,207.4813811,0
2416,136.4261337,207.4813811,0
2417,136.4261337,207.4813811,0
2418,130.7417115,207.4813811,0
2419,130.7417115,207.4813811,0
2420,130.7417115,207.4813811,0
2421,130.7417115,207.4813811,0
2422,130.7417115,207.4813811,0
2423,130.7417115,207.4813811,0
2424,130.7417115,207.4813811,0
2425,130.7417115,207.4813811,0
2426,130.7417115,207.4813811,0
2427,130.7417115,207.4813811,0
2428,130.7417115,207.4813811,0
2429,130.7417115,207.4813811,0
2430,130.7417115,207.4813811,0
2431,130.7417115,207.4813811,0
2432,130.7417115,207.4813811,0
2433,130.7417115,207.4813811,0
2434,130.7417115,207.4813811,0
2435,130.7417115,207.4813811,0
2436,130.7417115,207.4813811,0
2437,130.7417115,207.4813811,0
2438,130.7417115,207.4813811,0
2439,130.7417115,207.4813811,0
2440,130.7417115,207.4813811,0
2441,130.7417115,207.4813811,0
2442,130.7417115,207.4813811,0
2443,130.7417115,207.4813811,0
2444,130.7417115,207.4813811,0
2445,130.7417115,210.3235918,0
2446,133.5839226,210.3235918,0
2447,133.5839226,216.0080132,0
2448,133.5839226,216.0080132,0
2449,133.5839226,216.0080132,0
2450,133.5839226,216.0080132,0
2451,133.5839226,216.0080132,0
2452,133.5839226,216.0080132,0
2453,133.5839226,216.0080132,0
2454,133.5839226,216.0080132,0
2455,133.5839226,216.0080132,0
2456,133.5839226,216.0080132,0
2457,133.5839226,216.0080132,0
2458,133.5839226,216.0080132,0
2459,133.5839226,216.0080132,0
2460,133.5839226,216.0080132,0
2461,133.5839226,216.0080132,0
2462,133.5839226,216.0080132,0
2463,133.5839226,216.0080132,0
2464,133.5839226,216.0080132,0
2465,133.5839226,216.0080132,0
2466,133.5839226,216.0080132,0
2467,133.5839226,216.0080132,0
2468,133.5839226,216.0080132,0
2469,133.5839226,216.0080132,0
2470,133.5839226,216.0080132,0
2471,133.5839226,216.0080132,0
2472,133.5839226,216.0080132,0
2473,133.5839226,216.0080132,0
2474,133.5839226,216.0080132,0
2475,133.5839226,216.0080132,0
2476,133.5839226,216.0080132,0
2477,133.5839226,216.0080132,0
2478,133.5839226,216.0080132,0
2479,133.5839226,216.0080132,0
2480,133.5839226,216.0080132,0
2481,133.5839226,216.0080132,0
2482,133.5839226,216.0080132,0
2483,133.5839226,216.0080132,0
2484,133.5839226,216.0080132,0
2485,133.5839226,216.0080132,0
2486,133.5839226,216.0080132,0
2487,133.5839226,216.0080132,0
2488,133.5839226,216.0080132,0
2489,133.5839226,216.0080132,0
2490,133.5839226,216.0080132,0
2491,136.4261337,216.0080132,0
2492,136.4261337,216.0080132,0
2493,136.4261337,216.0080132,0
2494,136.4261337,216.0080132,0
2495,136.4261337,216.0080132,0
2496,136.4261337,216.0080132,0
2497,136.4261337,210.3235918,0
2498,136.4261337,210.3235918,0
2499,136.4261337,210.3235918,0
2500,136.4261337,210.3235918,0
2501,136.4261337,210.3235918,0
2502,136.4261337,210.3235918,0
2503,136.4261337,210.3235918,0
2504,136.4261337,210.3235918,0
2505,136.4261337,210.3235918,0
2506,136.4261337,210.3235918,0
2507,136.4261337,210.3235918,0
2508,136.4261337,210.3235918,0
2509,136.4261337,210.3235918,0
2510,136.4261337,210.3235918,0
2511,136.4261337,210.3235918,0
2512,136.4261337,210.3235918,0
2513,136.4261337,210.3235918,0
2514,136.4261337,210.3235918,0
2515,136.4261337,210.3235918,0
2516,136.4261337,210.3235918,0
2517,136.4261337,210.3235918,0
2518,136.4261337,210.3235918,0
2519,136.4261337,210.3235918,0
2520,136.4261337,210.3235918,0
2521,136.4261337,210.3235918,0
2522,136.4261337,210.3235918,0
2523,136.4261337,210.3235918,0
2524,136.4261337,210.3235918,0
2525,136.4261337,210.3235918,0
2526,136.4261337,210.3235918,0
2527,136.4261337,210.3235918,0
2528,136.4261337,210.3235918,0
2529,136.4261337,210.3235918,0
2530,136.4261337,210.3235918,0
2531,136.4261337,210.3235918,0
2532,136.4261337,210.3235918,0
2533,136.4261337,210.3235918,0
2534,136.4261337,210.3235918,0
2535,136.4261337,210.3235918,0
2536,136.4261337,210.3235918,0
2537,136.4261337,210.3235918,0
2538,136.4261337,210.3235918,0
2539,136.4261337,210.3235918,0
2540,136.4261337,210.3235918,0
2541,136.4261337,210.3235918,0
2542,136.4261337,210.3235918,0
2543,136.4261337,210.3235918,0
2544,136.4261337,210.3235918,0
2545,136.4261337,210.3235918,0
2546,136.4261337,210.3235918,0
2547,136.4261337,210.3235918,0
2548,136.4261337,210.3235918,0
2549,136.4261337,210.3235918,0
2550,136.4261337,210.3235918,0
2551,136.4261337,210.3235918,0
2552,136.4261337,210.3235918,0
2553,136.4261337,210.3235918,0
2554,136.4261337,210.3235918,0
2555,136.4261337,210.3235918,0
2556,136.4261337,210.3235918,0
2557,136.4261337,210.3235918,0
2558,136.4261337,210.3235918,0
2559,136.4261337,210.3235918,0
2560,136.4261337,210.3235918,0
2561,136.4261337,210.3235918,0
2562,136.4261337,210.3235918,0
2563,136.4261337,210.3235918,0
2564,136.4261337,210.3235918,0
2565,136.4261337,210.3235918,0
2566,136.4261337,210.3235918,0
2567,136.4261337,210.3235918,0
2568,136.4261337,210.3235918,0
2569,136.4261337,210.3235918,0
2570,136.4261337,210.3235918,0
2571,136.4261337,210.3235918,0
2572,136.4261337,210.3235918,0
2573,136.4261337,210.3235918,0
2574,133.5839226,210.3235918,0
2575,133.5839226,210.3235918,0
2576,133.5839226,210.3235918,0
2577,133.5839226,210.3235918,0
2578,133.5839226,210.3235918,0
2579,133.5839226,210.3235918,0
2580,133.5839226,210.3235918,0
2581,133.5839226,210.3235918,0
2582,133.5839226,210.3235918,0
2583,130.7417115,210.3235918,0
2584,130.7417115,210.3235918,0
2585,133.5839226,210.3235918,0
2586,133.5839226,210.3235918,0
2587,133.5839226,210.3235918,0
2588,133.5839226,210.3235918,0
2589,133.5839226,210.3235918,0
2590,133.5839226,210.3235918,0
2591,133.5839226,210.3235918,0
2592,133.5839226,210.3235918,0
2593,133.5839226,210.3235918,0
2594,133.5839226,210.3235918,0
2595,133.5839226,210.3235918,0
2596,133.5839226,210.3235918,0
2597,133.5839226,210.3235918,0
2598,133.5839226,210.3235918,0
2599,133.5839226,210.3235918,0
2600,133.5839226,210.3235918,0
2601,133.5839226,210.3235918,0
2602,133.5839226,210.3235918,0
2603,133.5839226,210.3235918,0
2604,133.5839226,210.3235918,0
2605,133.5839226,210.3235918,0
2606,133.5839226,210.3235918,0
2607,133.5839226,210.3235918,0
2608,133.5839226,210.3235918,0
2609,133.5839226,210.3235918,0
2610,133.5839226,210.3235918,0
2611,133.5839226,210.3235918,0
2612,133.5839226,210.3235918,0
2613,133.5839226,210.3235918,0
2614,133.5839226,210.3235918,0
2615,133.5839226,210.3235918,0
2616,133.5839226,210.3235918,0
2617,133.5839226,210.3235918,0
2618,133.5839226,210.3235918,0
2619,133.5839226,210.3235918,0
2620,133.5839226,210.3235918,0
2621,133.5839226,210.3235918,0
2622,133.5839226,210.3235918,0
2623,133.5839226,210.3235918,0
2624,133.5839226,210.3235918,0
2625,133.5839226,210.3235918,0
2626,133.5839226,210.3235918,0
2627,133.5839226,210.3235918,0
2628,133.5839226,210.3235918,0
2629,133.5839226,210.3235918,0
2630,133.5839226,210.3235918,0
2631,133.5839226,210.3235918,0
2632,133.5839226,210.3235918,0
2633,133.5839226,210.3235918,0
2634,133.5839226,213.1658025,0
2635,133.5839226,213.1658025,0
2636,133.5839226,213.1658025,0
2637,133.5839226,213.1658025,0
2638,133.5839226,213.1658025,0
2639,133.5839226,213.1658025,0
2640,133.5839226,213.1658025,0
2641,133.5839226,213.1658025,0
2642,133.5839226,213.1658025,0
2643,133.5839226,213.1658025,0
2644,133.5839226,213.1658025,0
2645,133.5839226,213.1658025,0
2646,133.5839226,213.1658025,0
2647,133.5839226,213.1658025,0
2648,133.5839226,213.1658025,0
2649,133.5839226,213.1658025,0
2650,133.5839226,213.1658025,0
2651,133.5839226,213.1658025,0
2652,133.5839226,213.1658025,0
2653,133.5839226,213.1658025,0
2654,133.5839226,213.1658025,0
2655,133.5839226,213.1658025,0
2656,133.5839226,213.1658025,0
2657,133.5839226,213.1658025,0
2658,133.5839226,213.1658025,0
2659,133.5839226,213.1658025,0
2660,133.5839226,213.1658025,0
2661,133.5839226,213.1658025,0
2662,133.5839226,213.1658025,0
2663,133.5839226,213.1658025,0
2664,133.5839226,213.1658025,0
2665,133.5839226,213.1658025,0
2666,133.5839226,213.1658025,0
2667,133.5839226,213.1658025,0
2668,133.5839226,213.1658025,0
2669,133.5839226,213.1658025,0
2670,133.5839226,213.1658025,0
2671,133.5839226,213.1658025,0
2672,133.5839226,213.1658025,0
2673,133.5839226,213.1658025,0
2674,133.5839226,213.1658025,0
2675,133.5839226,213.1658025,0
2676,133.5839226,213.1658025,0
2677,133.5839226,213.1658025,0
2678,133.5839226,213.1658025,0
2679,133.5839226,213.1658025,0
2680,133.5839226,213.1658025,0
2681,133.5839226,213.1658025,0
2682,133.5839226,213.1658025,0
2683,133.5839226,213.1658025,0
2684,133.5839226,210.3235918,0
2685,133.5839226,210.3235918,0
2686,133.5839226,210.3235918,0
2687,133.5839226,210.3235918,0
2688,133.5839226,210.3235918,0
2689,133.5839226,210.3235918,0
2690,133.5839226,210.3235918,0
2691,133.5839226,210.3235918,0
2692,133.5839226,210.3235918,0
2693,133.5839226,210.3235918,0
2694,133.5839226,210.3235918,0
2695,133.5839226,210.3235918,0
2696,133.5839226,210.3235918,0
2697,133.5839226,210.3235918,0
2698,133.5839226,210.3235918,0
2699,133.5839226,210.3235918,0
2700,133.5839226,210.3235918,0
2701,133.5839226,210.3235918,0
2702,133.5839226,210.3235918,0
2703,133.5839226,210.3235918,0
2704,133.5839226,210.3235918,0
2705,133.5839226,210.3235918,0
2706,133.5839226,210.3235918,0
2707,133.5839226,210.3235918,0
2708,133.5839226,210.3235918,0
2709,133.5839226,210.3235918,0
2710,133.5839226,210.3235918,0
2711,133.5839226,210.3235918,0
2712,133.5839226,210.3235918,0
2713,133.5839226,210.3235918,0
2714,133.5839226,210.3235918,0
2715,133.5839226,210.3235918,0
2716,133.5839226,210.3235918,0
2717,133.5839226,210.3235918,0
2718,133.5839226,210.3235918,0
2719,133.5839226,210.3235918,0
2720,133.5839226,210.3235918,0
2721,133.5839226,210.3235918,0
2722,133.5839226,210.3235918,0
2723,133.5839226,210.3235918,0
2724,133.5839226,210.3235918,0
2725,133.5839226,210.3235918,0
2726,133.5839226,210.3235918,0
2727,133.5839226,210.3235918,0
2728,133.5839226,210.3235918,0
2729,133.5839226,210.3235918,0
2730,133.5839226,210.3235918,0
2731,133.5839226,210.3235918,0
2732,133.5839226,210.3235918,0
2733,133.5839226,210.3235918,0
2734,133.5839226,210.3235918,0
2735,133.5839226,210.3235918,0
2736,133.5839226,210.3235918,0
2737,133.5839226,210.3235918,0
2738,133.5839226,210.3235918,0
2739,133.5839226,210.3235918,0
2740,133.5839226,210.3235918,0
2741,133.5839226,210.3235918,0
2742,133.5839226,210.3235918,0
2743,133.5839226,210.3235918,0
2744,133.5839226,210.3235918,0
2745,133.5839226,210.3235918,0
2746,133.5839226,210.3235918,0
2747,133.5839226,210.3235918,0
2748,133.5839226,210.3235918,0
2749,133.5839226,210.3235918,0
2750,133.5839226,210.3235918,0
2751,133.5839226,210.3235918,0
2752,133.5839226,210.3235918,0
2753,133.5839226,210.3235918,0
2754,133.5839226,210.3235918,0
2755,133.5839226,210.3235918,0
2756,133.5839226,210.3235918,0
2757,133.5839226,210.3235918,0
2758,130.7417115,210.3235918,0
2759,130.7417115,210.3235918,0
2760,130.7417115,210.3235918,0
2761,130.7417115,210.3235918,0
2762,130.7417115,210.3235918,0
2763,130.7417115,210.3235918,0
2764,130.7417115,210.3235918,0
2765,130.7417115,210.3235918,0
2766,130.7417115,210.3235918,0
2767,130.7417115,210.3235918,0
2768,130.7417115,210.3235918,0
2769,130.7417115,210.3235918,0
2770,130.7417115,210.3235918,0
2771,130.7417115,210.3235918,0
2772,130.7417115,210.3235918,0
2773,130.7417115,210.3235918,0
2774,130.7417115,210.3235918,0
2775,130.7417115,210.3235918,0
2776,130.7417115,210.3235918,0
2777,133.5839226,210.3235918,0
2778,133.5839226,210.3235918,0
2779,133.5839226,210.3235918,0
2780,133.5839226,210.3235918,0
2781,133.5839226,210.3235918,0
2782,133.5839226,210.3235918,0
2783,133.5839226,210.3235918,0
2784,133.5839226,210.3235918,0
2785,133.5839226,210.3235918,0
2786,133.5839226,210.3235918,0
2787,133.5839226,210.3235918,0
2788,133.5839226,210.3235918,0
2789,133.5839226,210.3235918,0
2790,133.5839226,210.3235918,0
2791,133.5839226,207.4813811,0
2792,133.5839226,207.4813811,0
2793,133.5839226,207.4813811,0
2794,133.5839226,210.3235918,0
2795,133.5839226,210.3235918,0
2796,133.5839226,210.3235918,0
2797,133.5839226,210.3235918,0
2798,133.5839226,210.3235918,0
2799,133.5839226,210.3235918,0
2800,133.5839226,210.3235918,0
2801,133.5839226,210.3235918,0
2802,133.5839226,210.3235918,0
2803,133.5839226,210.3235918,0
2804,133.5839226,210.3235918,0
2805,133.5839226,210.3235918,0
2806,133.5839226,210.3235918,0
2807,133.5839226,210.3235918,0
2808,133.5839226,210.3235918,0
2809,133.5839226,210.3235918,0
2810,133.5839226,210.3235918,0
2811,133.5839226,210.3235918,0
2812,133.5839226,210.3235918,0
2813,133.5839226,210.3235918,0
2814,133.5839226,210.3235918,0
2815,133.5839226,210.3235918,0
2816,133.5839226,210.3235918,0
2817,133.5839226,210.3235918,0
2818,133.5839226,210.3235918,0
2819,133.5839226,210.3235918,0
2820,133.5839226,210.3235918,0
2821,133.5839226,210.3235918,0
2822,133.5839226,210.3235918,0
2823,133.5839226,210.3235918,0
2824,133.5839226,210.3235918,0
2825,133.5839226,210.3235918,0
2826,133.5839226,210.3235918,0
2827,133.5839226,210.3235918,0
2828,133.5839226,210.3235918,0
2829,133.5839226,210.3235918,0
2830,133.5839226,210.3235918,0
2831,133.5839226,210.3235918,0
2832,133.5839226,210.3235918,0
2833,133.5839226,210.3235918,0
2834,133.5839226,210.3235918,0
2835,133.5839226,210.3235918,0
2836,133.5839226,210.3235918,0
2837,133.5839226,210.3235918,0
2838,133.5839226,210.3235918,0
2839,133.5839226,210.3235918,0
2840,133.5839226,210.3235918,0
2841,133.5839226,210.3235918,0
2842,133.5839226,210.3235918,0
2843,133.5839226,210.3235918,0
2844,133.5839226,207.4813811,0
2845,133.5839226,207.4813811,0
2846,133.5839226,207.4813811,0
2847,133.5839226,207.4813811,0
2848,130.7417115,207.4813811,0
2849,130.7417115,207.4813811,0
2850,130.7417115,207.4813811,0
2851,130.7417115,207.4813811,0
2852,130.7417115,207.4813811,0
2853,130.7417114,207.4813811,0
2854,130.7417114,207.4813811,0
2855,130.7417115,207.4813811,0
2856,130.7417115,210.3235918,0
2857,130.7417115,210.3235918,0
2858,130.7417115,210.3235918,0
2859,130.7417115,210.3235918,0
2860,130.7417115,210.3235918,0
2861,130.7417115,210.3235918,0
2862,130.7417115,210.3235918,0
2863,130.7417115,210.3235918,0
2864,130.7417115,210.3235918,0
2865,130.7417115,210.3235918,0
2866,130.7417115,210.3235918,0
2867,130.7417115,210.3235918,0
2868,130.7417115,210.3235918,0
2869,130.7417115,210.3235918,0
2870,130.7417115,210.3235918,0
2871,130.7417115,210.3235918,0
2872,130.7417115,210.3235918,0
2873,130.7417115,210.3235918,0
2874,130.7417115,210.3235918,0
2875,130.7417115,210.3235918,0
2876,130.7417115,210.3235918,0
2877,130.7417115,210.3235918,0
2878,130.7417115,210.3235918,0
2879,130.7417115,210.3235918,0
2880,130.7417115,210.3235918,0
2881,130.7417115,210.3235918,0
2882,130.7417115,210.3235918,0
2883,130.7417115,210.3235918,0
2884,130.7417115,210.3235918,0
2885,130.7417115,210.3235918,0
2886,130.7417115,210.3235918,0
2887,130.7417115,210.3235918,0
2888,130.7417115,210.3235918,0
2889,130.7417115,210.3235918,0
2890,130.7417115,210.3235918,0
2891,130.7417115,210.3235918,0
2892,130.7417115,210.3235918,0
2893,130.7417115,210.3235918,0
2894,130.7417115,210.3235918,0
2895,130.7417115,210.3235918,0
2896,130.7417115,210.3235918,0
2897,130.7417115,210.3235918,0
2898,130.7417115,210.3235918,0
2899,130.7417115,210.3235918,0
2900,130.7417115,210.3235918,0
2901,130.7417115,210.3235918,0
2902,130.7417115,210.3235918,0
2903,130.7417115,210.3235918,0
2904,130.7417115,210.3235918,0
2905,130.7417115,210.3235918,0
2906,130.7417115,210.3235918,0
2907,130.7417115,210.3235918,0
2908,130.7417115,210.3235918,0
2909,130.7417115,210.3235918,0
2910,130.7417115,210.3235918,0
2911,130.7417115,210.3235918,0
2912,130.7417115,210.3235918,0
2913,130.7417115,210.3235918,0
2914,130.7417115,210.3235918,0
2915,130.7417115,210.3235918,0
2916,130.7417115,210.3235918,0
2917,130.7417115,210.3235918,0
2918,130.7417115,210.3235918,0
2919,130.7417115,207.4813811,0
2920,130.7417115,207.4813811,0
2921,130.7417115,207.4813811,0
2922,130.7417115,207.4813811,0
2923,130.7417115,207.4813811,0
2924,130.7417115,207.4813811,0
2925,130.7417115,207.4813811,0
2926,130.7417115,207.4813811,0
2927,130.7417115,207.4813811,0
2928,130.7417115,207.4813811,0
2929,130.7417115,207.4813811,0
2930,130.7417115,207.4813811,0
2931,130.7417115,207.4813811,0
2932,130.7417115,207.4813811,0
2933,130.7417115,207.4813811,0
2934,130.7417115,207.4813811,0
2935,130.7417115,207.4813811,0
2936,130.7417115,207.4813811,0
2937,133.5839226,207.4813811,0
2938,133.5839226,207.4813811,0
2939,133.5839226,207.4813811,0
2940,133.5839226,207.4813811,0
2941,133.5839226,207.4813811,0
2942,133.5839226,207.4813811,0
2943,133.5839226,207.4813811,0
2944,133.5839226,207.4813811,0
2945,133.5839226,207.4813811,0
2946,133.5839226,207.4813811,0
2947,133.5839226,207.4813811,0
2948,133.5839226,207.4813811,0
2949,133.5839226,207.4813811,0
2950,133.5839226,207.4813811,0
2951,133.5839226,207.4813811,0
2952,133.5839226,207.4813811,0
2953,133.5839226,207.4813811,0
2954,133.5839226,207.4813811,0
2955,133.5839226,210.3235918,0
2956,133.5839226,210.3235918,0
2957,133.5839226,210.3235918,0
2958,133.5839226,210.3235918,0
2959,133.5839226,210.3235918,0
2960,133.5839226,210.3235918,0
2961,133.5839226,210.3235918,0
2962,133.5839226,210.3235918,0
2963,133.5839226,210.3235918,0
2964,133.5839226,210.3235918,0
2965,133.5839226,210.3235918,0
2966,133.5839226,210.3235918,0
2967,133.5839226,210.3235918,0
2968,133.5839226,210.3235918,0
2969,133.5839226,210.3235918,0
2970,133.5839226,210.3235918,0
2971,133.5839226,210.3235918,0
2972,133.5839226,210.3235918,0
2973,133.5839226,210.3235918,0
2974,133.5839226,210.3235918,0
2975,133.5839226,210.3235918,0
2976,133.5839226,210.3235918,0
2977,133.5839226,210.3235918,0
2978,133.5839226,210.3235918,0
2979,133.5839226,210.3235918,0
2980,133.5839226,210.3235918,0
2981,133.5839226,210.3235918,0
2982,133.5839226,210.3235918,0
2983,133.5839226,210.3235918,0
2984,133.5839226,210.3235918,0
2985,133.5839226,210.3235918,0
2986,133.5839226,210.3235918,0
2987,130.7417114,210.3235918,0
2988,130.7417114,210.3235918,0
2989,130.7417114,210.3235918,0
2990,130.7417115,210.3235918,0
2991,130.7417115,210.3235918,0
2992,130.7417115,210.3235918,0
2993,130.7417115,210.3235918,0
2994,130.7417115,210.3235918,0
2995,130.7417115,210.3235918,0
2996,130.7417115,210.3235918,0
2997,130.7417115,210.3235918,0
2998,130.7417115,210.3235918,0
2999,130.7417115,210.3235918,0
3000,130.7417115,210.3235918,0
3001,130.7417115,210.3235918,0
3002,130.7417115,210.3235918,0
3003,130.7417115,210.3235918,0
3004,130.7417115,210.3235918,0
3005,130.7417115,210.3235918,0
3006,130.7417115,210.3235918,0
3007,130.7417115,210.3235918,0
3008,130.7417115,210.3235918,0
3009,130.7417115,210.3235918,0
3010,130.7417115,210.3235918,0
3011,130.7417115,210.3235918,0
3012,130.7417115,210.3235918,0
3013,130.7417115,210.3235918,0
3014,130.7417115,210.3235918,0
3015,130.7417115,210.3235918,0
3016,130.7417115,210.3235918,0
3017,130.7417115,210.3235918,0
3018,130.7417115,210.3235918,0
3019,130.7417115,210.3235918,0
3020,130.7417115,210.3235918,0
3021,130.7417115,210.3235918,0
3022,130.7417115,210.3235918,0
3023,130.7417115,210.3235918,0
3024,130.7417115,210.3235918,0
3025,130.7417115,210.3235918,0
3026,130.7417115,210.3235918,0
3027,130.7417115,210.3235918,0
3028,130.7417115,210.3235918,0
3029,130.7417115,210.3235918,0
3030,130.7417115,210.3235918,0
3031,130.7417115,210.3235918,0
3032,130.7417115,210.3235918,0
3033,130.7417115,210.3235918,0
3034,130.7417115,210.3235918,0
3035,130.7417115,210.3235918,0
3036,130.7417115,210.3235918,0
3037,130.7417115,210.3235918,0
3038,130.7417115,210.3235918,0
3039,130.7417115,210.3235918,0
3040,130.7417114,210.3235918,0
3041,130.7417114,210.3235918,0
3042,130.7417114,210.3235918,0
3043,130.7417114,210.3235918,0
3044,130.7417114,210.3235918,0
3045,130.7417114,210.3235918,0
3046,130.7417114,210.3235918,0
3047,130.7417114,210.3235918,0
3048,130.7417114,210.3235918,0
3049,130.7417114,210.3235918,0
3050,130.7417114,210.3235918,0
3051,130.7417114,210.3235918,0
3052,130.7417114,210.3235918,0
3053,130.7417114,210.3235918,0
3054,130.7417114,210.3235918,0
3055,130.7417114,210.3235918,0
3056,130.7417114,210.3235918,0
3057,130.7417114,210.3235918,0
3058,130.7417114,210.3235918,0
3059,130.7417114,210.3235918,0
3060,130.7417114,210.3235918,0
3061,130.7417114,210.3235918,0
3062,130.7417114,210.3235918,0
3063,130.7417114,210.3235918,0
3064,130.7417114,210.3235918,0
3065,130.7417114,210.3235918,0
3066,130.7417114,210.3235918,0
3067,127.8995004,210.3235918,0
3068,127.8995004,210.3235918,0
3069,127.8995004,210.3235918,0
3070,127.8995004,210.3235918,0
3071,127.8995004,210.3235918,0
3072,127.8995004,210.3235918,0
3073,127.8995004,210.3235918,0
3074,127.8995004,210.3235918,0
3075,127.8995004,210.3235918,0
3076,127.8995004,210.3235918,0
3077,127.8995004,210.3235918,0
3078,127.8995004,210.3235918,0
3079,127.8995004,210.3235918,0
3080,127.8995004,210.3235918,0
3081,127.8995004,210.3235918,0
3082,127.8995004,210.3235918,0
3083,127.8995004,210.3235918,0
3084,127.8995004,210.3235918,0
3085,127.8995004,210.3235918,0
3086,127.8995004,210.3235918,0
3087,127.8995004,210.3235918,0
3088,127.8995004,210.3235918,0
3089,127.8995004,210.3235918,0
3090,127.8995004,210.3235918,0
3091,127.8995004,210.3235918,0
3092,127.8995004,210.3235918,0
3093,127.8995004,210.3235918,0
3094,127.8995004,210.3235918,0
3095,127.8995004,210.3235918,0
3096,127.8995004,210.3235918,0
3097,127.8995004,210.3235918,0
3098,127.8995004,210.3235918,0
3099,127.8995004,210.3235918,0
3100,127.8995004,210.3235918,0
3101,127.8995004,210.3235918,0
3102,127.8995004,210.3235918,0
3103,127.8995004,210.3235918,0
3104,127.8995004,210.3235918,0
3105,127.8995004,210.3235918,0
3106,127.8995004,210.3235918,0
3107,127.8995004,210.3235918,0
3108,127.8995004,207.4813811,0
3109,127.8995004,207.4813811,0
3110,127.8995004,207.4813811,0
3111,127.8995003,207.4813811,0
3112,127.8995003,207.4813811,0
3113,127.8995003,207.4813811,0
3114,127.8995003,207.4813811,0
3115,127.8995003,207.4813811,0
3116,127.8995003,207.4813811,0
3117,127.8995003,207.4813811,0
3118,127.8995003,207.4813811,0
3119,127.8995003,207.4813811,0
3120,127.8995003,207.4813811,0
3121,127.8995003,207.4813811,0
3122,127.8995003,207.4813811,0
3123,130.7417114,207.4813811,0
3124,130.7417114,207.4813811,0
3125,130.7417114,207.4813811,0
3126,130.7417114,207.4813811,0
3127,130.7417114,207.4813811,0
3128,130.7417114,207.4813811,0
3129,130.7417114,207.4813811,0
3130,130.7417114,207.4813811,0
3131,130.7417114,207.4813811,0
3132,130.7417114,207.4813811,0
3133,130.7417114,207.4813811,0
3134,130.7417114,207.4813811,0
3135,130.7417114,207.4813811,0
3136,130.7417114,207.4813811,0
3137,130.7417114,207.4813811,0
3138,130.7417114,207.4813811,0
3139,130.7417114,207.4813811,0
3140,130.7417114,210.3235918,0
3141,130.7417114,210.3235918,0
3142,130.7417114,210.3235918,0
3143,130.7417114,210.3235918,0
3144,130.7417114,210.3235918,0
3145,130.7417114,210.3235918,0
3146,130.7417114,210.3235918,0
3147,130.7417114,210.3235918,0
3148,130.7417114,210.3235918,0
3149,130.7417114,210.3235918,0
3150,130.7417114,210.3235918,0
3151,130.7417114,210.3235918,0
3152,130.7417114,210.3235918,0
3153,130.7417114,210.3235918,0
3154,130.7417114,210.3235918,0
3155,130.7417114,210.3235918,0
3156,130.7417114,210.3235918,0
3157,130.7417114,210.3235918,0
3158,130.7417114,210.3235918,0
3159,130.7417114,210.3235918,0
3160,130.7417114,210.3235918,0
3161,130.7417114,210.3235918,0
3162,130.7417114,210.3235918,0
3163,130.7417114,210.3235918,0
3164,130.7417114,210.3235918,0
3165,130.7417114,210.3235918,0
3166,130.7417114,210.3235918,0
3167,130.7417114,210.3235918,0
3168,130.7417114,210.3235918,0
3169,130.7417114,210.3235918,0
3170,130.7417114,210.3235918,0
3171,130.7417114,210.3235918,0
3172,130.7417114,210.3235918,0
3173,127.8995004,210.3235918,0
3174,127.8995004,210.3235918,0
3175,127.8995004,210.3235918,0
3176,127.8995004,210.3235918,0
3177,127.8995004,210.3235918,0
3178,127.8995004,210.3235918,0
3179,127.8995004,210.3235918,0
3180,127.8995004,210.3235918,0
3181,127.8995004,210.3235918,0
3182,127.8995004,210.3235918,0
3183,127.8995004,210.3235918,0
3184,127.8995004,210.3235918,0
3185,127.8995004,210.3235918,0
3186,127.8995004,210.3235918,0
3187,127.8995004,210.3235918,0
3188,127.8995004,210.3235918,0
3189,127.8995004,210.3235918,0
3190,127.8995004,210.3235918,0
3191,127.8995004,210.3235918,0
3192,127.8995004,210.3235918,0
3193,127.8995004,210.3235918,0
3194,127.8995004,210.3235918,0
3195,127.8995004,210.3235918,0
3196,127.8995004,210.3235918,0
3197,127.8995004,210.3235918,0
3198,127.8995004,210.3235918,0
3199,127.8995004,210.3235918,0
3200,127.8995004,210.3235918,0
3201,127.8995004,210.3235918,0
3202,127.8995004,210.3235918,0
3203,127.8995004,210.3235918,0
3204,127.8995004,210.3235918,0
3205,127.8995004,210.3235918,0
3206,127.8995004,210.3235918,0
3207,127.8995004,210.3235918,0
3208,127.8995004,210.3235918,0
3209,127.8995004,210.3235918,0
3210,127.8995004,210.3235918,0
3211,127.8995004,210.3235918,0
3212,127.8995004,210.3235918,0
3213,127.8995004,210.3235918,0
3214,127.8995004,210.3235918,0
3215,127.8995004,210.3235918,0
3216,127.8995004,210.3235918,0
3217,127.8995004,210.3235918,0
3218,127.8995004,210.3235918,0
3219,127.8995004,210.3235918,0
3220,127.8995004,210.3235918,0
3221,127.8995004,210.3235918,0
3222,127.8995004,210.3235918,0
3223,127.8995004,210.3235918,0
3224,127.8995004,210.3235918,0
3225,127.8995004,210.3235918,0
3226,127.8995004,210.3235918,0
3227,127.8995004,210.3235918,0
3228,127.8995004,210.3235918,0
3229,127.8995004,210.3235918,0
3230,127.8995004,210.3235918,0
3231,127.8995004,210.3235918,0
3232,127.8995004,210.3235918,0
3233,127.8995004,210.3235918,0
3234,127.8995004,210.3235918,0
3235,127.8995004,210.3235918,0
3236,127.8995004,210.3235918,0
3237,127.8995004,210.3235918,0
3238,127.8995004,210.3235918,0
3239,127.8995004,210.3235918,0
3240,125.0572893,210.3235918,0
3241,125.0572893,210.3235918,0
3242,125.0572893,210.3235918,0
3243,125.0572893,210.3235918,0
3244,125.0572893,210.3235918,0
3245,125.0572893,210.3235918,0
3246,125.0572893,210.3235918,0
3247,125.0572893,210.3235918,0
3248,125.0572893,210.3235918,0
3249,125.0572893,210.3235918,0
3250,125.0572893,210.3235918,0
3251,125.0572893,210.3235918,0
3252,125.0572893,210.3235918,0
3253,125.0572893,210.3235918,0
3254,125.0572892,210.3235918,0
3255,125.0572892,210.3235918,0
3256,125.0572892,210.3235918,0
3257,125.0572892,210.3235918,0
3258,125.0572892,210.3235918,0
3259,125.0572892,210.3235918,0
3260,125.0572892,210.3235918,0
3261,125.0572892,210.3235918,0
3262,125.0572892,210.3235918,0
3263,125.0572892,210.3235918,0
3264,125.0572892,210.3235918,0
3265,125.0572892,210.3235918,0
3266,125.0572892,210.3235918,0
3267,125.0572892,210.3235918,0
3268,125.0572892,210.3235918,0
3269,125.0572892,210.3235918,0
3270,125.0572892,210.3235918,0
3271,125.0572892,210.3235918,0
3272,125.0572892,210.3235918,0
3273,125.0572892,207.4813811,0
3274,125.0572892,207.4813811,0
3275,125.0572892,207.4813811,0
3276,125.0572892,207.4813811,0
3277,125.0572892,207.4813811,0
3278,125.0572892,207.4813811,0
3279,125.0572892,207.4813811,0
3280,125.0572892,207.4813811,0
3281,125.0572892,207.4813811,0
3282,125.0572892,207.4813811,0
3283,125.0572892,207.4813811,0
3284,125.0572892,207.4813811,0
3285,125.0572892,207.4813811,0
3286,125.0572892,207.4813811,0
3287,125.0572892,207.4813811,0
3288,125.0572892,207.4813811,0
3289,125.0572892,207.4813811,0
3290,125.0572892,207.4813811,0
3291,125.0572892,207.4813811,0
3292,125.0572892,207.4813811,0
3293,125.0572892,207.4813811,0
3294,125.0572892,207.4813811,0
3295,125.0572892,207.4813811,0
3296,125.0572892,207.4813811,0
3297,125.0572892,207.4813811,0
3298,125.0572892,207.4813811,0
3299,125.0572892,207.4813811,0
3300,125.0572892,207.4813811,0
3301,125.0572892,207.4813811,0
3302,125.0572892,207.4813811,0
3303,125.0572892,207.4813811,0
3304,125.0572892,207.4813811,0
3305,125.0572892,207.4813811,0
3306,125.0572892,207.4813811,0
3307,125.0572892,207.4813811,0
3308,125.0572892,207.4813811,0
3309,125.0572892,207.4813811,0
3310,125.0572892,207.4813811,0
3311,125.0572892,207.4813811,0
3312,125.0572892,207.4813811,0
3313,125.0572892,207.4813811,0
3314,125.0572892,207.4813811,0
3315,125.0572892,207.4813811,0
3316,127.8995004,207.4813811,0
3317,127.8995004,207.4813811,0
3318,127.8995004,207.4813811,0
3319,127.8995004,207.4813811,0
3320,127.8995004,207.4813811,0
3321,127.8995004,207.4813811,0
3322,127.8995004,207.4813811,0
3323,127.8995004,207.4813811,0
3324,127.8995004,207.4813811,0
3325,127.8995004,207.4813811,0
3326,127.8995004,207.4813811,0
3327,127.8995004,207.4813811,0
3328,127.8995004,207.4813811,0
3329,127.8995004,207.4813811,0
3330,127.8995004,207.4813811,0
3331,127.8995004,207.4813811,0
3332,127.8995004,207.4813811,0
3333,127.8995004,207.4813811,0
3334,127.8995004,207.4813811,0
3335,127.8995004,207.4813811,0
3336,127.8995004,207.4813811,0
3337,127.8995004,207.4813811,0
3338,127.8995004,207.4813811,0
3339,127.8995004,207.4813811,0
3340,127.8995004,207.4813811,0
3341,127.8995004,207.4813811,0
3342,127.8995004,207.4813811,0
3343,127.8995004,207.4813811,0
3344,127.8995004,207.4813811,0
3345,127.8995004,207.4813811,0
3346,127.8995004,207.4813811,0
3347,127.8995004,207.4813811,0
3348,127.8995004,207.4813811,0
3349,127.8995004,210.3235918,0
3350,127.8995004,210.3235918,0
3351,127.8995004,210.3235918,0
3352,127.8995004,210.3235918,0
3353,127.8995004,210.3235918,0
3354,127.8995004,210.3235918,0
3355,127.8995004,210.3235918,0
3356,127.8995004,210.3235918,0
3357,127.8995004,210.3235918,0
3358,127.8995004,210.3235918,0
3359,127.8995004,210.3235918,0
3360,127.8995004,210.3235918,0
3361,127.8995004,210.3235918,0
3362,127.8995004,210.3235918,0
3363,127.8995004,210.3235918,0
3364,127.8995004,210.3235918,0
3365,127.8995004,210.3235918,0
3366,127.8995004,210.3235918,0
3367,127.8995003,210.3235918,0
3368,127.8995003,210.3235918,0
3369,127.8995003,210.3235918,0
3370,127.8995003,210.3235918,0
3371,127.8995003,210.3235918,0
3372,127.8995003,210.3235918,0
3373,127.8995003,210.3235918,0
3374,127.8995003,210.3235918,0
3375,127.8995003,210.3235918,0
3376,127.8995003,210.3235918,0
3377,127.8995003,210.3235918,0
3378,127.8995003,210.3235918,0
3379,127.8995003,210.3235918,0
3380,127.8995003,210.3235918,0
3381,127.8995003,210.3235918,0
3382,127.8995003,210.3235918,0
3383,116.5306559,210.3235918,0
3384,116.5306559,210.3235918,0
3385,116.5306559,210.3235918,0
3386,116.5306559,210.3235918,0
3387,116.5306559,210.3235918,0
3388,125.0572893,210.3235918,0
3389,125.0572893,210.3235918,0
3390,125.0572893,210.3235918,0
3391,125.0572893,210.3235918,0
3392,127.8995004,210.3235918,0
3393,127.8995004,210.3235918,0
3394,127.8995004,210.3235918,0
3395,127.8995004,210.3235918,0
3396,127.8995004,210.3235918,0
3397,127.8995004,210.3235918,0
3398,127.8995004,210.3235918,0
3399,127.8995004,210.3235918,0
3400,127.8995004,210.3235918,0
3401,127.8995004,210.3235918,0
3402,127.8995004,210.3235918,0
3403,127.8995004,210.3235918,0
3404,127.8995004,210.3235918,0
3405,127.8995004,210.3235918,0
3406,127.8995004,210.3235918,0
3407,127.8995004,210.3235918,0
3408,127.8995004,210.3235918,0
3409,127.8995004,210.3235918,0
3410,127.8995004,210.3235918,0
3411,127.8995004,210.3235918,0
3412,127.8995004,207.4813811,0
3413,127.8995004,207.4813811,0
3414,127.8995004,207.4813811,0
3415,127.8995004,207.4813811,0
3416,127.8995004,207.4813811,0
3417,127.8995004,207.4813811,0
3418,127.8995004,207.4813811,0
3419,127.8995004,207.4813811,0
3420,127.8995004,207.4813811,0
3421,127.8995004,207.4813811,0
3422,127.8995004,207.4813811,0
3423,127.8995004,207.4813811,0
3424,127.8995004,204.6391704,0
3425,127.8995004,204.6391704,0
3426,127.8995004,204.6391704,0
3427,127.8995004,204.6391704,0
3428,127.8995004,204.6391704,0
3429,127.8995004,204.6391704,0
3430,127.8995004,204.6391704,0
3431,127.8995004,204.6391704,0
3432,127.8995004,204.6391704,0
3433,127.8995004,207.4813811,0
3434,127.8995004,207.4813811,0
3435,127.8995004,207.4813811,0
3436,127.8995004,207.4813811,0
3437,127.8995004,207.4813811,0
3438,127.8995004,207.4813811,0
3439,127.8995004,207.4813811,0
3440,127.8995004,207.4813811,0
3441,127.8995004,207.4813811,0
3442,127.8995003,207.4813811,0
3443,127.8995003,207.4813811,0
3444,127.8995003,207.4813811,0
3445,127.8995003,207.4813811,0
3446,127.8995003,207.4813811,0
3447,127.8995003,207.4813811,0
3448,127.8995003,207.4813811,0
3449,127.8995003,207.4813811,0
3450,127.8995003,207.4813811,0
3451,127.8995003,207.4813811,0
3452,127.8995003,207.4813811,0
3453,127.8995003,207.4813811,0
3454,127.8995003,207.4813811,0
3455,127.8995003,207.4813811,0
3456,127.8995003,207.4813811,0
3457,127.8995003,207.4813811,0
3458,127.8995003,207.4813811,0
3459,127.8995003,207.4813811,0
3460,127.8995003,207.4813811,0
3461,127.8995003,207.4813811,0
3462,127.8995003,207.4813811,0
3463,127.8995003,207.4813811,0
3464,127.8995003,207.4813811,0
3465,127.8995003,207.4813811,0
3466,127.8995003,207.4813811,0
3467,127.8995003,207.4813811,0
3468,127.8995003,207.4813811,0
3469,127.8995003,207.4813811,0
3470,125.0572893,207.4813811,0
3471,125.0572893,207.4813811,0
3472,125.0572893,207.4813811,0
3473,125.0572893,207.4813811,0
3474,125.0572893,207.4813811,0
3475,125.0572893,207.4813811,0
3476,125.0572893,207.4813811,0
3477,125.0572892,207.4813811,0
3478,125.0572892,207.4813811,0
3479,125.0572892,207.4813811,0
3480,125.0572892,207.4813811,0
3481,125.0572893,207.4813811,0
3482,125.0572893,207.4813811,0
3483,125.0572893,207.4813811,0
3484,125.0572893,207.4813811,0
3485,125.0572893,207.4813811,0
3486,125.0572893,207.4813811,0
3487,125.0572893,207.4813811,0
3488,125.0572893,207.4813811,0
3489,125.0572893,210.3235918,0
3490,125.0572893,210.3235918,0
3491,125.0572893,210.3235918,0
3492,125.0572893,210.3235918,0
3493,125.0572893,210.3235918,0
3494,125.0572893,210.3235918,0
3495,125.0572893,210.3235918,0
3496,125.0572893,210.3235918,0
3497,125.0572893,210.3235918,0
3498,125.0572893,210.3235918,0
3499,125.0572893,210.3235918,0
3500,125.0572893,210.3235918,0
3501,125.0572893,210.3235918,0
3502,125.0572893,210.3235918,0
3503,125.0572893,210.3235918,0
3504,125.0572893,210.3235918,0
3505,125.0572893,210.3235918,0
3506,125.0572893,210.3235918,0
3507,125.0572893,210.3235918,0
3508,125.0572893,210.3235918,0
3509,125.0572893,210.3235918,0
3510,125.0572893,210.3235918,0
3511,125.0572893,210.3235918,0
3512,125.0572893,210.3235918,0
3513,125.0572893,210.3235918,0
3514,125.0572893,210.3235918,0
3515,125.0572893,210.3235918,0
3516,125.0572893,210.3235918,0
3517,125.0572893,210.3235918,0
3518,125.0572893,210.3235918,0
3519,125.0572893,210.3235918,0
3520,125.0572893,210.3235918,0
3521,125.0572893,210.3235918,0
3522,125.0572893,210.3235918,0
3523,125.0572893,210.3235918,0
3524,125.0572893,210.3235918,0
3525,125.0572893,210.3235918,0
3526,125.0572893,210.3235918,0
3527,125.0572893,210.3235918,0
3528,125.0572893,210.3235918,0
3529,125.0572893,210.3235918,0
3530,125.0572893,210.3235918,0
3531,125.0572893,210.3235918,0
3532,125.0572893,210.3235918,0
3533,125.0572893,210.3235918,0
3534,125.0572893,210.3235918,0
3535,125.0572893,210.3235918,0
3536,125.0572893,210.3235918,0
3537,125.0572893,210.3235918,0
3538,125.0572893,210.3235918,0
3539,125.0572893,207.4813811,0
3540,125.0572893,207.4813811,0
3541,125.0572893,207.4813811,0
3542,125.0572893,207.4813811,0
3543,125.0572893,207.4813811,0
3544,125.0572893,207.4813811,0
3545,125.0572893,207.4813811,0
3546,125.0572893,207.4813811,0
3547,125.0572893,207.4813811,0
3548,125.0572893,207.4813811,0
3549,125.0572893,207.4813811,0
3550,125.0572893,207.4813811,0
3551,125.0572893,207.4813811,0
3552,125.0572893,207.4813811,0
3553,125.0572893,207.4813811,0
3554,125.0572893,207.4813811,0
3555,125.0572893,207.4813811,0
3556,125.0572893,207.4813811,0
3557,125.0572893,207.4813811,0
3558,125.0572893,207.4813811,0
3559,125.0572893,207.4813811,0
3560,125.0572893,207.4813811,0
3561,125.0572893,207.4813811,0
3562,125.0572893,207.4813811,0
3563,125.0572893,207.4813811,0
3564,125.0572893,207.4813811,0
3565,125.0572893,207.4813811,0
3566,125.0572893,207.4813811,0
3567,125.0572893,207.4813811,0
3568,125.0572893,207.4813811,0
3569,125.0572893,207.4813811,0
3570,125.0572893,207.4813811,0
3571,125.0572893,207.4813811,0
3572,125.0572893,207.4813811,0
3573,125.0572893,207.4813811,0
3574,125.0572893,207.4813811,0
3575,125.0572893,207.4813811,0
3576,125.0572893,207.4813811,0
3577,125.0572893,207.4813811,0
3578,125.0572893,207.4813811,0
3579,125.0572893,207.4813811,0
3580,125.0572893,207.4813811,0
3581,125.0572893,207.4813811,0
3582,125.0572893,207.4813811,0
3583,125.0572893,207.4813811,0
3584,125.0572893,207.4813811,0
3585,125.0572893,207.4813811,0
3586,125.0572893,207.4813811,0
3587,125.0572893,207.4813811,0
3588,125.0572893,207.4813811,0
3589,125.0572893,207.4813811,0
3590,125.0572893,207.4813811,0
3591,125.0572893,207.4813811,0
3592,125.0572893,207.4813811,0
3593,125.0572893,207.4813811,0
3594,125.0572893,207.4813811,0
3595,125.0572893,207.4813811,0
3596,125.0572893,207.4813811,0
3597,125.0572893,207.4813811,0
3598,125.0572893,207.4813811,0
3599,125.0572893,207.4813811,0
3600,125.0572892,207.4813811,0
3601,125.0572892,207.4813811,0
3602,125.0572892,207.4813811,0
3603,125.0572892,207.4813811,0
3604,125.0572892,207.4813811,0
3605,125.0572892,207.4813811,0
3606,125.0572892,207.4813811,0
3607,125.0572892,207.4813811,0
3608,125.0572892,207.4813811,0
3609,125.0572892,207.4813811,0
3610,125.0572892,207.4813811,0
3611,125.0572892,207.4813811,0
3612,125.0572892,207.4813811,0
3613,125.0572892,207.4813811,0
3614,125.0572892,207.4813811,0
3615,125.0572892,207.4813811,0
3616,125.0572892,207.4813811,0
3617,125.0572892,207.4813811,0
3618,125.0572892,207.4813811,0
3619,125.0572892,207.4813811,0
3620,125.0572892,207.4813811,0
3621,125.0572892,207.4813811,0
3622,125.0572892,207.4813811,0
3623,125.0572892,207.4813811,0
3624,125.0572892,207.4813811,0
3625,125.0572892,207.4813811,0
3626,125.0572892,207.4813811,0
3627,125.0572892,207.4813811,0
3628,125.0572892,207.4813811,0
3629,125.0572892,207.4813811,0
3630,125.0572892,207.4813811,0
3631,125.0572892,207.4813811,0
3632,125.0572892,207.4813811,0
3633,125.0572892,207.4813811,0
3634,125.0572892,207.4813811,0
3635,125.0572892,207.4813811,0
3636,125.0572892,207.4813811,0
3637,125.0572892,207.4813811,0
3638,122.2150781,207.4813811,0
3639,122.2150781,207.4813811,0
3640,122.2150781,207.4813811,0
3641,122.2150781,207.4813811,0
3642,122.2150781,207.4813811,0
3643,122.2150781,207.4813811,0
3644,122.2150781,204.6391704,0
3645,122.2150781,204.6391704,0
3646,122.2150781,204.6391704,0
3647,122.2150781,204.6391704,0
3648,122.2150781,204.6391704,0
3649,122.2150781,204.6391704,0
3650,122.2150781,204.6391704,0
3651,122.2150781,204.6391704,0
3652,122.2150781,204.6391704,0
3653,122.2150781,204.6391704,0
3654,122.2150781,204.6391704,0
3655,125.0572893,204.6391704,0
3656,125.0572893,204.6391704,0
3657,125.0572893,204.6391704,0
3658,125.0572893,204.6391704,0
3659,125.0572893,204.6391704,0
3660,125.0572893,204.6391704,0
3661,125.0572893,204.6391704,0
3662,125.0572893,204.6391704,0
3663,125.0572893,204.6391704,0
3664,125.0572893,204.6391704,0
3665,125.0572893,204.6391704,0
3666,125.0572893,204.6391704,0
3667,125.0572893,204.6391704,0
3668,125.0572893,204.6391704,0
3669,125.0572893,204.6391704,0
3670,125.0572893,204.6391704,0
3671,125.0572893,204.6391704,0
3672,125.0572893,204.6391704,0
3673,125.0572893,204.6391704,0
3674,125.0572893,204.6391704,0
3675,125.0572893,204.6391704,0
3676,125.0572893,204.6391704,0
3677,125.0572893,210.3235918,0
3678,125.0572893,210.3235918,0
3679,125.0572893,210.3235918,0
3680,125.0572893,210.3235918,0
3681,125.0572893,210.3235918,0
3682,125.0572893,210.3235918,0
3683,125.0572893,210.3235918,0
3684,125.0572893,210.3235918,0
3685,125.0572893,210.3235918,0
3686,125.0572893,210.3235918,0
3687,125.0572893,210.3235918,0
3688,125.0572893,210.3235918,0
3689,125.0572893,210.3235918,0
3690,125.0572893,210.3235918,0
3691,125.0572893,210.3235918,0
3692,125.0572893,210.3235918,0
3693,125.0572893,210.3235918,0
3694,125.0572893,210.3235918,0
3695,125.0572893,210.3235918,0
3696,125.0572893,210.3235918,0
3697,125.0572893,210.3235918,0
3698,125.0572893,210.3235918,0
3699,125.0572893,210.3235918,0
3700,125.0572893,210.3235918,0
3701,125.0572893,210.3235918,0
3702,125.0572893,210.3235918,0
3703,125.0572893,210.3235918,0
3704,125.0572893,210.3235918,0
3705,125.0572893,210.3235918,0
3706,125.0572893,210.3235918,0
3707,125.0572893,210.3235918,0
3708,125.0572893,210.3235918,0
3709,125.0572893,210.3235918,0
3710,125.0572893,210.3235918,0
3711,125.0572893,210.3235918,0
3712,125.0572893,210.3235918,0
3713,125.0572893,210.3235918,0
3714,125.0572893,210.3235918,0
3715,125.0572893,210.3235918,0
3716,125.0572893,210.3235918,0
3717,125.0572893,210.3235918,0
3718,125.0572893,210.3235918,0
3719,125.0572893,210.3235918,0
3720,125.0572893,210.3235918,0
3721,125.0572893,210.3235918,0
3722,125.0572893,210.3235918,0
3723,125.0572893,210.3235918,0
3724,125.0572893,210.3235918,0
3725,125.0572893,210.3235918,0
3726,125.0572893,210.3235918,0
3727,125.0572893,207.4813811,0
3728,125.0572893,207.4813811,0
3729,125.0572893,207.4813811,0
3730,125.0572893,207.4813811,0
3731,125.0572893,207.4813811,0
3732,125.0572893,207.4813811,0
3733,125.0572893,207.4813811,0
3734,125.0572893,207.4813811,0
3735,125.0572893,207.4813811,0
3736,125.0572893,207.4813811,0
3737,125.0572893,207.4813811,0
3738,125.0572893,207.4813811,0
3739,125.0572893,207.4813811,0
3740,125.0572893,207.4813811,0
3741,125.0572893,207.4813811,0
3742,125.0572893,207.4813811,0
3743,125.0572893,213.1658025,0
3744,125.0572893,213.1658025,0
3745,125.0572893,213.1658025,0
3746,125.0572893,213.1658025,0
3747,122.2150781,213.1658025,0
3748,122.2150781,213.1658025,0
3749,122.2150781,213.1658025,0
3750,122.2150781,213.1658025,0
3751,122.2150781,213.1658025,0
3752,122.2150781,213.1658025,0
3753,122.2150781,213.1658025,0
3754,122.2150781,213.1658025,0
3755,122.2150781,213.1658025,0
3756,122.2150781,213.1658025,0
3757,122.2150781,213.1658025,0
3758,122.2150781,213.1658025,0
3759,122.2150781,213.1658025,0
3760,122.2150781,213.1658025,0
3761,122.2150781,213.1658025,0
3762,122.2150781,213.1658025,0
3763,122.2150781,213.1658025,0
3764,122.2150781,213.1658025,0
3765,122.2150781,213.1658025,0
3766,122.2150781,213.1658025,0
3767,122.2150781,213.1658025,0
3768,122.2150781,213.1658025,0
3769,122.2150781,213.1658025,0
3770,122.2150781,213.1658025,0
3771,122.2150781,213.1658025,0
3772,122.2150781,213.1658025,0
3773,122.2150781,213.1658025,0
3774,122.2150781,213.1658025,0
3775,122.2150781,213.1658025,0
3776,122.2150781,213.1658025,0
3777,122.2150781,213.1658025,0
3778,122.2150781,213.1658025,0
3779,122.2150781,213.1658025,0
3780,122.2150781,213.1658025,0
3781,122.2150781,213.1658025,0
3782,122.2150781,213.1658025,0
3783,122.2150781,213.1658025,0
3784,122.2150781,213.1658025,0
3785,122.2150781,213.1658025,0
3786,122.2150781,213.1658025,0
3787,122.2150781,213.1658025,0
3788,122.2150781,213.1658025,0
3789,122.2150781,213.1658025,0
3790,122.2150781,213.1658025,0
3791,122.2150781,213.1658025,0
3792,122.2150781,213.1658025,0
3793,122.2150781,207.4813811,0
3794,122.2150781,207.4813811,0
3795,122.2150781,207.4813811,0
3796,122.2150781,207.4813811,0
3797,122.2150781,207.4813811,0
3798,122.2150781,207.4813811,0
3799,122.2150781,207.4813811,0
3800,122.2150781,207.4813811,0
3801,122.2150781,207.4813811,0
3802,122.2150781,207.4813811,0
3803,122.2150781,207.4813811,0
3804,122.2150781,207.4813811,0
3805,122.2150781,207.4813811,0
3806,122.2150781,207.4813811,0
3807,122.2150781,207.4813811,0
3808,119.372867,207.4813811,0
3809,119.372867,207.4813811,0
3810,119.372867,207.4813811,0
3811,119.372867,207.4813811,0
3812,119.372867,207.4813811,0
3813,119.372867,207.4813811,0
3814,119.372867,207.4813811,0
3815,119.372867,207.4813811,0
3816,119.372867,207.4813811,0
3817,119.372867,207.4813811,0
3818,119.372867,207.4813811,0
3819,119.372867,207.4813811,0
3820,119.372867,207.4813811,0
3821,119.372867,207.4813811,0
3822,119.372867,204.6391704,0
3823,119.372867,204.6391704,0
3824,119.372867,204.6391704,0
3825,122.2150781,204.6391704,0
3826,122.2150781,204.6391704,0
3827,122.2150781,204.6391704,0
3828,122.2150781,204.6391704,0
3829,122.2150781,204.6391704,0
3830,122.2150781,204.6391704,0
3831,122.2150781,204.6391704,0
3832,122.2150781,204.6391704,0
3833,122.2150781,204.6391704,0
3834,122.2150781,204.6391704,0
3835,122.2150781,204.6391704,0
3836,122.2150781,204.6391704,0
3837,122.2150781,204.6391704,0
3838,122.2150781,204.6391704,0
3839,122.2150781,204.6391704,0
3840,122.2150781,204.6391704,0
3841,122.2150781,204.6391704,0
3842,122.2150781,204.6391704,0
3843,122.2150781,204.6391704,0
3844,122.2150781,204.6391704,0
3845,122.2150781,204.6391704,0
3846,122.2150781,204.6391704,0
3847,122.2150781,204.6391704,0
3848,122.2150781,204.6391704,0
3849,122.2150781,204.6391704,0
3850,122.2150781,204.6391704,0
3851,122.2150781,204.6391704,0
3852,122.2150781,204.6391704,0
3853,122.2150781,204.6391704,0
3854,122.2150781,204.6391704,0
3855,122.2150781,204.6391704,0
3856,122.2150781,204.6391704,0
3857,122.2150781,204.6391704,0
3858,122.2150781,204.6391704,0
3859,122.2150781,204.6391704,0
3860,122.2150781,204.6391704,0
3861,122.2150781,204.6391704,0
3862,122.2150781,204.6391704,0
3863,122.2150781,204.6391704,0
3864,122.2150781,204.6391704,0
3865,122.2150781,204.6391704,0
3866,122.2150781,204.6391704,0
3867,122.2150781,204.6391704,0
3868,122.2150781,204.6391704,0
3869,122.2150781,204.6391704,0
3870,122.2150781,204.6391704,0
3871,122.2150781,204.6391704,0
3872,122.2150781,204.6391704,0
3873,122.2150781,204.6391704,0
3874,122.2150781,204.6391704,0
3875,122.2150781,204.6391704,0
3876,122.2150781,204.6391704,0
3877,122.2150781,204.6391704,0
3878,122.2150781,204.6391704,0
3879,122.2150781,204.6391704,0
3880,122.2150781,204.6391704,0
3881,122.2150781,204.6391704,0
3882,122.2150781,204.6391704,0
3883,122.2150781,204.6391704,0
3884,122.2150781,204.6391704,0
3885,122.2150781,204.6391704,0
3886,122.2150781,204.6391704,0
3887,122.2150781,204.6391704,0
3888,122.2150781,204.6391704,0
3889,122.2150781,204.6391704,0
3890,122.2150781,204.6391704,0
3891,122.2150781,204.6391704,0
3892,122.2150781,201.7969597,0
3893,122.2150781,201.7969597,0
3894,122.2150781,201.7969597,0
3895,122.2150781,201.7969597,0
3896,122.2150781,201.7969597,0
3897,122.2150781,201.7969597,0
3898,122.2150781,201.7969597,0
3899,122.2150781,201.7969597,0
3900,122.2150781,201.7969597,0
3901,122.2150781,201.7969597,0
3902,122.2150781,201.7969597,0
3903,122.2150781,201.7969597,0
3904,122.2150781,204.6391704,0
3905,122.2150781,204.6391704,0
3906,122.2150781,204.6391704,0
3907,122.2150781,204.6391704,0
3908,122.2150781,204.6391704,0
3909,122.2150781,204.6391704,0
3910,122.2150781,204.6391704,0
3911,122.2150781,204.6391704,0
3912,119.372867,204.6391704,0
3913,119.372867,204.6391704,0
3914,119.372867,204.6391704,0
3915,119.372867,204.6391704,0
3916,119.372867,204.6391704,0
3917,119.372867,204.6391704,0
3918,119.372867,204.6391704,0
3919,119.372867,204.6391704,0
3920,119.372867,204.6391704,0
3921,119.372867,204.6391704,0
3922,119.372867,204.6391704,0
3923,119.372867,204.6391704,0
3924,119.372867,204.6391704,0
3925,119.372867,204.6391704,0
3926,119.372867,204.6391704,0
3927,119.372867,204.6391704,0
3928,119.372867,204.6391704,0
3929,119.372867,204.6391704,0
3930,119.372867,204.6391704,0
3931,119.372867,204.6391704,0
3932,119.372867,204.6391704,0
3933,119.372867,204.6391704,0
3934,119.372867,204.6391704,0
3935,116.5306559,204.6391704,0
3936,116.5306559,204.6391704,0
3937,116.5306559,204.6391704,0
3938,116.5306559,204.6391704,0
3939,119.372867,204.6391704,0
3940,119.372867,204.6391704,0
3941,119.372867,207.4813811,0
3942,119.372867,207.4813811,0
3943,119.372867,207.4813811,0
3944,119.372867,207.4813811,0
3945,119.372867,207.4813811,0
3946,119.372867,207.4813811,0
3947,119.372867,207.4813811,0
3948,119.372867,207.4813811,0
3949,119.372867,207.4813811,0
3950,125.0572892,207.4813811,0
3951,125.0572892,207.4813811,0
3952,125.0572892,207.4813811,0
3953,125.0572892,207.4813811,0
3954,125.0572892,207.4813811,0
3955,125.0572892,207.4813811,0
3956,125.0572892,207.4813811,0
3957,125.0572892,207.4813811,0
3958,125.0572892,207.4813811,0
3959,125.0572892,207.4813811,0
3960,125.0572892,207.4813811,0
3961,125.0572892,207.4813811,0
3962,125.0572892,207.4813811,0
3963,125.0572892,207.4813811,0
3964,125.0572892,207.4813811,0
3965,125.0572892,207.4813811,0
3966,125.0572892,207.4813811,0
3967,125.0572892,207.4813811,0
3968,125.0572892,207.4813811,0
3969,125.0572892,207.4813811,0
3970,125.0572892,207.4813811,0
3971,125.0572892,207.4813811,0
3972,125.0572892,207.4813811,0
3973,125.0572892,207.4813811,0
3974,125.0572892,207.4813811,0
3975,125.0572892,207.4813811,0
3976,125.0572892,207.4813811,0
3977,125.0572892,207.4813811,0
3978,125.0572892,207.4813811,0
3979,125.0572892,207.4813811,0
3980,125.0572892,207.4813811,0
3981,125.0572892,207.4813811,0
3982,125.0572892,207.4813811,0
3983,125.0572892,207.4813811,0
3984,125.0572892,207.4813811,0
3985,125.0572892,207.4813811,0
3986,125.0572892,207.4813811,0
3987,125.0572892,207.4813811,0
3988,125.0572892,207.4813811,0
3989,125.0572892,207.4813811,0
3990,125.0572892,207.4813811,0
3991,125.0572892,207.4813811,0
3992,125.0572892,207.4813811,0
3993,125.0572892,207.4813811,0
3994,125.0572892,207.4813811,0
3995,125.0572892,207.4813811,0
3996,125.0572892,207.4813811,0
3997,125.0572892,207.4813811,0
3998,125.0572892,207.4813811,0
3999,125.0572892,207.4813811,0
4000,122.2150781,207.4813811,0
4001,122.2150781,207.4813811,0
4002,122.2150781,207.4813811,0
4003,122.2150781,207.4813811,0
4004,122.2150781,207.4813811,0
4005,122.2150781,207.4813811,0
4006,122.2150781,207.4813811,0
4007,122.2150781,207.4813811,0
4008,122.2150781,207.4813811,0
4009,122.2150781,207.4813811,0
4010,122.2150781,207.4813811,0
4011,122.2150781,207.4813811,0
4012,122.2150781,207.4813811,0
4013,122.2150781,207.4813811,0
4014,122.2150781,207.4813811,0
4015,122.2150781,207.4813811,0
4016,122.2150781,207.4813811,0
4017,122.2150781,207.4813811,0
4018,122.2150781,210.3235918,0
4019,122.2150781,210.3235918,0
4020,122.2150781,210.3235918,0
4021,122.2150781,210.3235918,0
4022,122.2150781,210.3235918,0
4023,122.2150781,210.3235918,0
4024,122.2150781,210.3235918,0
4025,122.2150781,210.3235918,0
4026,122.2150781,210.3235918,0
4027,122.2150781,210.3235918,0
4028,122.2150781,210.3235918,0
4029,122.2150781,210.3235918,0
4030,122.2150781,210.3235918,0
4031,122.2150781,210.3235918,0
4032,122.2150781,210.3235918,0
4033,122.2150781,210.3235918,0
4034,122.2150781,210.3235918,0
4035,122.2150781,210.3235918,0
4036,122.2150781,210.3235918,0
4037,122.2150781,210.3235918,0
4038,122.2150781,210.3235918,0
4039,122.2150781,210.3235918,0
4040,122.2150781,210.3235918,0
4041,122.2150781,210.3235918,0
4042,122.2150781,210.3235918,0
4043,122.2150781,210.3235918,0
4044,122.2150781,210.3235918,0
4045,122.2150781,210.3235918,0
4046,122.2150781,210.3235918,0
4047,122.2150781,210.3235918,0
4048,122.2150781,210.3235918,0
4049,122.2150781,210.3235918,0
4050,122.2150781,210.3235918,0
4051,122.2150781,210.3235918,0
4052,122.2150781,210.3235918,0
4053,122.2150781,210.3235918,0
4054,122.2150781,210.3235918,0
4055,122.2150781,210.3235918,0
4056,122.2150781,210.3235918,0
4057,122.2150781,210.3235918,0
4058,122.2150781,210.3235918,0
4059,122.2150781,210.3235918,0
4060,122.2150781,210.3235918,0
4061,122.2150781,210.3235918,0
4062,122.2150781,210.3235918,0
4063,122.2150781,210.3235918,0
4064,122.2150781,210.3235918,0
4065,122.2150781,210.3235918,0
4066,122.2150781,210.3235918,0
4067,122.2150781,210.3235918,0
4068,122.2150781,204.6391704,0
4069,122.2150781,204.6391704,0
4070,122.2150781,204.6391704,0
4071,122.2150781,204.6391704,0
4072,122.2150781,204.6391704,0
4073,122.2150781,204.6391704,0
4074,122.2150781,204.6391704,0
4075,122.2150781,204.6391704,0
4076,122.2150781,204.6391704,0
4077,122.2150781,204.6391704,0
4078,122.2150781,204.6391704,0
4079,122.2150781,204.6391704,0
4080,122.2150781,204.6391704,0
4081,122.2150781,207.4813811,0
4082,122.2150781,207.4813811,0
4083,122.2150781,207.4813811,0
4084,119.372867,207.4813811,0
4085,119.372867,207.4813811,0
4086,119.372867,207.4813811,0
4087,119.372867,207.4813811,0
4088,119.372867,207.4813811,0
4089,119.372867,207.4813811,0
4090,119.372867,207.4813811,0
4091,119.372867,207.4813811,0
4092,119.372867,207.4813811,0
4093,119.372867,207.4813811,0
4094,119.372867,207.4813811,0
4095,119.372867,207.4813811,0
4096,119.372867,207.4813811,0
4097,119.372867,207.4813811,0
4098,119.372867,207.4813811,0
4099,119.372867,207.4813811,0
4100,119.372867,207.4813811,0
4101,119.372867,207.4813811,0
4102,119.372867,207.4813811,0
4103,119.372867,207.4813811,0
4104,119.372867,207.4813811,0
4105,119.372867,207.4813811,0
4106,119.372867,207.4813811,0
4107,119.372867,207.4813811,0
4108,122.2150781,207.4813811,0
4109,122.2150781,207.4813811,0
4110,122.2150781,207.4813811,0
4111,122.2150781,207.4813811,0
4112,122.2150781,207.4813811,0
4113,122.2150781,207.4813811,0
4114,122.2150781,207.4813811,0
4115,122.2150781,207.4813811,0
4116,122.2150781,207.4813811,0
4117,122.2150781,207.4813811,0
4118,122.2150781,207.4813811,0
4119,122.2150781,207.4813811,0
4120,122.2150781,207.4813811,0
4121,122.2150781,207.4813811,0
4122,122.2150781,207.4813811,0
4123,122.2150781,207.4813811,0
4124,122.2150781,207.4813811,0
4125,122.2150781,207.4813811,0
4126,122.2150781,207.4813811,0
4127,122.2150781,207.4813811,0
4128,122.2150781,207.4813811,0
4129,122.2150781,207.4813811,0
4130,122.2150781,207.4813811,0
4131,122.2150781,207.4813811,0
4132,122.2150781,207.4813811,0
4133,122.2150781,207.4813811,0
4134,122.2150781,207.4813811,0
4135,122.2150781,207.4813811,0
4136,122.2150781,207.4813811,0
4137,122.2150781,207.4813811,0
4138,122.2150781,207.4813811,0
4139,122.2150781,207.4813811,0
4140,122.2150781,207.4813811,0
4141,122.2150781,207.4813811,0
4142,122.2150781,207.4813811,0
4143,122.2150781,207.4813811,0
4144,122.2150781,207.4813811,0
4145,122.2150781,207.4813811,0
4146,122.2150781,207.4813811,0
4147,122.2150781,207.4813811,0
4148,122.2150781,207.4813811,0
4149,122.2150781,207.4813811,0
4150,122.2150781,207.4813811,0
4151,122.2150781,207.4813811,0
4152,122.2150781,207.4813811,0
4153,122.2150781,207.4813811,0
4154,122.2150781,207.4813811,0
4155,122.2150781,207.4813811,0
4156,122.2150781,207.4813811,0
4157,122.2150781,207.4813811,0
4158,122.2150781,207.4813811,0
4159,122.2150781,207.4813811,0
4160,122.2150781,207.4813811,0
4161,122.2150781,207.4813811,0
4162,122.2150781,207.4813811,0
4163,122.2150781,207.4813811,0
4164,122.2150781,207.4813811,0
4165,122.2150781,207.4813811,0
4166,122.2150781,207.4813811,0
4167,122.2150781,207.4813811,0
4168,122.2150781,207.4813811,0
4169,122.2150781,207.4813811,0
4170,122.2150781,207.4813811,0
4171,122.2150781,207.4813811,0
4172,122.2150781,207.4813811,0
4173,122.2150781,207.4813811,0
4174,122.2150781,207.4813811,0
4175,122.2150781,207.4813811,0
4176,122.2150781,207.4813811,0
4177,122.2150781,207.4813811,0
4178,122.2150781,207.4813811,0
4179,122.2150781,207.4813811,0
4180,122.2150781,207.4813811,0
4181,122.2150781,207.4813811,0
4182,122.2150781,207.4813811,0
4183,122.2150781,207.4813811,0
4184,122.2150781,207.4813811,0
4185,122.2150781,207.4813811,0
4186,122.2150781,207.4813811,0
4187,122.2150781,207.4813811,0
4188,122.2150781,207.4813811,0
4189,122.2150781,207.4813811,0
4190,122.2150781,207.4813811,0
4191,122.2150781,207.4813811,0
4192,122.2150781,207.4813811,0
4193,122.2150781,207.4813811,0
4194,122.2150781,207.4813811,0
4195,122.2150781,207.4813811,0
4196,122.2150781,207.4813811,0
4197,122.2150781,207.4813811,0
4198,122.2150781,207.4813811,0
4199,122.2150781,207.4813811,0
4200,122.2150781,207.4813811,0
4201,122.2150781,207.4813811,0
4202,122.2150781,207.4813811,0
4203,122.2150781,207.4813811,0
4204,122.2150781,207.4813811,0
4205,122.2150781,207.4813811,0
4206,122.2150781,207.4813811,0
4207,122.2150781,207.4813811,0
4208,122.2150781,207.4813811,0
4209,122.2150781,207.4813811,0
4210,122.2150781,207.4813811,0
4211,122.2150781,207.4813811,0
4212,122.2150781,207.4813811,0
4213,122.2150781,207.4813811,0
4214,122.2150781,207.4813811,0
4215,122.2150781,207.4813811,0
4216,122.2150781,207.4813811,0
4217,122.2150781,207.4813811,0
4218,122.2150781,207.4813811,0
4219,122.2150781,207.4813811,0
4220,122.2150781,207.4813811,0
4221,122.2150781,207.4813811,0
4222,122.2150781,207.4813811,0
4223,122.2150781,207.4813811,0
4224,122.2150781,207.4813811,0
4225,122.2150781,207.4813811,0
4226,122.2150781,207.4813811,0
4227,122.2150781,207.4813811,0
4228,122.2150781,207.4813811,0
4229,122.2150781,207.4813811,0
4230,122.2150781,207.4813811,0
4231,122.2150781,207.4813811,0
4232,122.2150781,207.4813811,0
4233,122.2150781,207.4813811,0
4234,122.2150781,207.4813811,0
4235,122.2150781,207.4813811,0
4236,122.2150781,207.4813811,0
4237,122.2150781,207.4813811,0
4238,122.2150781,207.4813811,0
4239,122.2150781,210.3235918,0
4240,122.2150781,210.3235918,0
4241,122.2150781,210.3235918,0
4242,122.2150781,210.3235918,0
4243,122.2150781,210.3235918,0
4244,122.2150781,210.3235918,0
4245,122.2150781,210.3235918,0
4246,122.2150781,210.3235918,0
4247,122.2150781,210.3235918,0
4248,122.2150781,210.3235918,0
4249,122.2150781,210.3235918,0
4250,122.2150781,210.3235918,0
4251,122.2150781,210.3235918,0
4252,122.2150781,210.3235918,0
4253,122.2150781,210.3235918,0
4254,122.2150781,210.3235918,0
4255,122.2150781,210.3235918,0
4256,122.2150781,210.3235918,0
4257,122.2150781,210.3235918,0
4258,122.2150781,210.3235918,0
4259,122.2150781,210.3235918,0
4260,122.2150781,210.3235918,0
4261,122.2150781,210.3235918,0
4262,122.2150781,210.3235918,0
4263,122.2150781,210.3235918,0
4264,122.2150781,210.3235918,0
4265,122.2150781,210.3235918,0
4266,122.2150781,210.3235918,0
4267,122.2150781,210.3235918,0
4268,122.2150781,210.3235918,0
4269,122.2150781,210.3235918,0
4270,122.2150781,210.3235918,0
4271,122.2150781,210.3235918,0
4272,122.2150781,210.3235918,0
4273,122.2150781,210.3235918,0
4274,122.2150781,210.3235918,0
4275,122.2150781,210.3235918,0
4276,122.2150781,210.3235918,0
4277,122.2150781,210.3235918,0
4278,122.2150781,210.3235918,0
4279,122.2150781,210.3235918,0
4280,122.2150781,210.3235918,0
4281,122.2150781,210.3235918,0
4282,122.2150781,210.3235918,0
4283,122.2150781,210.3235918,0
4284,122.2150781,210.3235918,0
4285,122.2150781,210.3235918,0
4286,122.2150781,210.3235918,0
4287,122.2150781,210.3235918,0
4288,122.2150781,210.3235918,0
4289,122.2150781,210.3235918,0
4290,122.2150781,210.3235918,0
4291,122.2150781,210.3235918,0
4292,122.2150781,210.3235918,0
4293,122.2150781,210.3235918,0
4294,122.2150781,210.3235918,0
4295,122.2150781,210.3235918,0
4296,122.2150781,210.3235918,0
4297,122.2150781,210.3235918,0
4298,122.2150781,210.3235918,0
4299,122.2150781,207.4813811,0
4300,122.2150781,207.4813811,0
4301,122.2150781,207.4813811,0
4302,122.2150781,207.4813811,0
4303,122.2150781,207.4813811,0
4304,122.2150781,207.4813811,0
4305,122.2150781,207.4813811,0
4306,122.2150781,207.4813811,0
4307,122.2150781,207.4813811,0
4308,122.2150781,207.4813811,0
4309,122.2150781,207.4813811,0
4310,122.2150781,207.4813811,0
4311,122.2150781,207.4813811,0
4312,122.2150781,207.4813811,0
4313,122.2150781,207.4813811,0
4314,122.2150781,207.4813811,0
4315,122.2150781,207.4813811,0
4316,122.2150781,207.4813811,0
4317,122.2150781,207.4813811,0
4318,122.2150781,207.4813811,0
4319,122.2150781,207.4813811,0
4320,122.2150781,207.4813811,0
4321,122.2150781,207.4813811,0
4322,122.2150781,207.4813811,0
4323,122.2150781,207.4813811,0
4324,122.2150781,207.4813811,0
4325,122.2150781,207.4813811,0
4326,122.2150781,207.4813811,0
4327,122.2150781,207.4813811,0
4328,122.2150781,207.4813811,0
4329,122.2150781,207.4813811,0
4330,122.2150781,207.4813811,0
4331,122.2150781,207.4813811,0
4332,122.2150781,207.4813811,0
4333,122.2150781,207.4813811,0
4334,122.2150781,207.4813811,0
4335,122.2150781,207.4813811,0
4336,122.2150781,207.4813811,0
4337,122.2150781,207.4813811,0
4338,122.2150781,207.4813811,0
4339,122.2150781,207.4813811,0
4340,122.2150781,207.4813811,0
4341,122.2150781,207.4813811,0
4342,122.2150781,207.4813811,0
4343,122.2150781,207.4813811,0
4344,122.2150781,207.4813811,0
4345,122.2150781,207.4813811,0
4346,122.2150781,207.4813811,0
4347,122.2150781,207.4813811,0
4348,122.2150781,207.4813811,0
4349,122.2150781,207.4813811,0
4350,122.2150781,207.4813811,0
4351,119.3728669,207.4813811,0
4352,119.3728669,207.4813811,0
4353,119.3728669,207.4813811,0
4354,119.3728669,207.4813811,0
4355,119.3728669,207.4813811,0
4356,119.3728669,207.4813811,0
4357,119.3728669,207.4813811,0
4358,119.3728669,207.4813811,0
4359,119.3728669,207.4813811,0
4360,119.3728669,207.4813811,0
4361,119.3728669,207.4813811,0
4362,119.3728669,207.4813811,0
4363,122.2150781,207.4813811,0
4364,122.2150781,207.4813811,0
4365,122.2150781,207.4813811,0
4366,122.2150781,207.4813811,0
4367,122.2150781,207.4813811,0
4368,122.2150781,207.4813811,0
4369,122.2150781,207.4813811,0
4370,122.2150781,207.4813811,0
4371,122.2150781,207.4813811,0
4372,122.2150781,207.4813811,0
4373,122.2150781,207.4813811,0
4374,122.2150781,207.4813811,0
4375,122.2150781,207.4813811,0
4376,122.2150781,207.4813811,0
4377,122.2150781,207.4813811,0
4378,122.2150781,207.4813811,0
4379,122.2150781,207.4813811,0
4380,122.2150781,207.4813811,0
4381,122.2150781,207.4813811,0
4382,122.2150781,207.4813811,0
4383,122.2150781,207.4813811,0
4384,122.2150781,207.4813811,0
4385,122.2150781,207.4813811,0
4386,122.2150781,207.4813811,0
4387,122.2150781,207.4813811,0
4388,122.2150781,207.4813811,0
4389,122.2150781,207.4813811,0
4390,122.2150781,207.4813811,0
4391,122.2150781,207.4813811,0
4392,122.2150781,207.4813811,0
4393,122.2150781,207.4813811,0
4394,122.2150781,207.4813811,0
4395,122.2150781,207.4813811,0
4396,122.2150781,207.4813811,0
4397,122.2150781,207.4813811,0
4398,122.2150781,207.4813811,0
4399,122.2150781,207.4813811,0
4400,122.2150781,207.4813811,0
4401,122.2150781,207.4813811,0
4402,122.2150781,207.4813811,0
4403,122.2150781,207.4813811,0
4404,122.2150781,207.4813811,0
4405,122.2150781,207.4813811,0
4406,122.2150781,207.4813811,0
4407,122.2150781,207.4813811,0
4408,122.2150781,210.3235918,0
4409,122.2150781,210.3235918,0
4410,122.2150781,210.3235918,0
4411,122.2150781,210.3235918,0
4412,122.2150781,210.3235918,0
4413,122.2150781,210.3235918,0
4414,122.2150781,210.3235918,0
4415,122.2150781,210.3235918,0
4416,122.2150781,210.3235918,0
4417,122.2150781,210.3235918,0
4418,122.2150781,210.3235918,0
4419,122.2150781,210.3235918,0
4420,122.2150781,210.3235918,0
4421,122.2150781,210.3235918,0
4422,122.2150781,210.3235918,0
4423,122.2150781,210.3235918,0
4424,122.2150781,210.3235918,0
4425,122.2150781,210.3235918,0
4426,122.2150781,210.3235918,0
4427,122.2150781,210.3235918,0
4428,122.2150781,210.3235918,0
4429,122.2150781,210.3235918,0
4430,122.2150781,210.3235918,0
4431,122.2150781,210.3235918,0
4432,122.2150781,210.3235918,0
4433,122.2150781,210.3235918,0
4434,122.2150781,210.3235918,0
4435,122.2150781,210.3235918,0
4436,122.2150781,210.3235918,0
4437,122.2150781,210.3235918,0
4438,122.2150781,210.3235918,0
4439,122.2150781,210.3235918,0
4440,122.2150781,210.3235918,0
4441,122.2150781,210.3235918,0
4442,122.2150781,210.3235918,0
4443,122.2150781,210.3235918,0
4444,122.2150781,210.3235918,0
4445,122.2150781,210.3235918,0
4446,122.2150781,210.3235918,0
4447,122.2150781,210.3235918,0
4448,122.2150781,210.3235918,0
4449,122.2150781,210.3235918,0
4450,122.2150781,210.3235918,0
4451,122.2150781,210.3235918,0
4452,122.2150781,210.3235918,0
4453,122.2150781,210.3235918,0
4454,122.2150781,210.3235918,0
4455,122.2150781,210.3235918,0
4456,122.2150781,210.3235918,0
4457,122.2150781,210.3235918,0
4458,122.2150781,207.4813811,0
4459,122.2150781,207.4813811,0
4460,119.372867,207.4813811,0
4461,119.372867,207.4813811,0
4462,119.372867,207.4813811,0
4463,119.372867,207.4813811,0
4464,119.372867,207.4813811,0
4465,119.372867,207.4813811,0
4466,119.372867,207.4813811,0
4467,119.372867,207.4813811,0
4468,119.372867,207.4813811,0
4469,119.372867,207.4813811,0
4470,119.372867,207.4813811,0
4471,119.372867,207.4813811,0
4472,119.372867,207.4813811,0
4473,119.372867,207.4813811,0
4474,119.372867,207.4813811,0
4475,119.372867,207.4813811,0
4476,119.372867,207.4813811,0
4477,119.372867,207.4813811,0
4478,119.372867,207.4813811,0
4479,119.372867,207.4813811,0
4480,119.372867,207.4813811,0
4481,119.372867,207.4813811,0
4482,119.372867,207.4813811,0
4483,119.372867,207.4813811,0
4484,119.372867,207.4813811,0
4485,119.372867,207.4813811,0
4486,119.372867,207.4813811,0
4487,119.372867,207.4813811,0
4488,119.372867,207.4813811,0
4489,119.372867,207.4813811,0
4490,119.372867,207.4813811,0
4491,119.372867,207.4813811,0
4492,119.372867,207.4813811,0
4493,119.372867,207.4813811,0
4494,119.372867,207.4813811,0
4495,119.372867,207.4813811,0
4496,119.372867,207.4813811,0
4497,119.372867,207.4813811,0
4498,119.372867,207.4813811,0
4499,119.372867,207.4813811,0
4500,119.372867,207.4813811,0
4501,119.372867,207.4813811,0
4502,119.372867,207.4813811,0
4503,119.372867,207.4813811,0
4504,119.372867,207.4813811,0
4505,119.372867,207.4813811,0
4506,119.372867,207.4813811,0
4507,119.372867,207.4813811,0
4508,119.372867,207.4813811,0
4509,119.372867,207.4813811,0
4510,119.372867,207.4813811,0
4511,119.372867,207.4813811,0
4512,119.372867,207.4813811,0
4513,119.372867,207.4813811,0
4514,119.372867,207.4813811,0
4515,119.372867,207.4813811,0
4516,119.372867,207.4813811,0
4517,119.372867,207.4813811,0
4518,119.372867,207.4813811,0
4519,119.372867,207.4813811,0
4520,119.372867,207.4813811,0
4521,119.372867,207.4813811,0
4522,119.372867,207.4813811,0
4523,119.372867,207.4813811,0
4524,119.372867,207.4813811,0
4525,119.372867,207.4813811,0
4526,119.372867,207.4813811,0
4527,119.372867,207.4813811,0
4528,119.372867,207.4813811,0
4529,119.372867,207.4813811,0
4530,119.372867,207.4813811,0
4531,119.372867,207.4813811,0
4532,119.372867,207.4813811,0
4533,119.372867,207.4813811,0
4534,119.372867,207.4813811,0
4535,119.372867,207.4813811,0
4536,119.372867,207.4813811,0
4537,119.372867,207.4813811,0
4538,119.372867,207.4813811,0
4539,119.372867,207.4813811,0
4540,119.372867,207.4813811,0
4541,119.372867,207.4813811,0
4542,119.372867,207.4813811,0
4543,119.372867,207.4813811,0
4544,119.372867,207.4813811,0
4545,119.372867,207.4813811,0
4546,119.372867,207.4813811,0
4547,119.372867,207.4813811,0
4548,119.372867,207.4813811,0
4549,119.372867,207.4813811,0
4550,119.372867,207.4813811,0
4551,119.372867,207.4813811,0
4552,119.372867,207.4813811,0
4553,119.372867,207.4813811,0
4554,119.372867,207.4813811,0
4555,119.372867,207.4813811,0
4556,119.372867,207.4813811,0
4557,119.372867,207.4813811,0
4558,119.3728669,207.4813811,0
4559,119.3728669,207.4813811,0
4560,119.3728669,207.4813811,0
4561,119.3728669,207.4813811,0
4562,119.3728669,207.4813811,0
4563,119.3728669,207.4813811,0
4564,119.3728669,207.4813811,0
4565,119.3728669,207.4813811,0
4566,119.3728669,207.4813811,0
4567,119.3728669,207.4813811,0
4568,119.3728669,207.4813811,0
4569,119.3728669,207.4813811,0
4570,119.3728669,207.4813811,0
4571,116.5306558,207.4813811,0
4572,116.5306558,207.4813811,0
4573,116.5306558,207.4813811,0
4574,116.5306558,207.4813811,0
4575,116.5306558,207.4813811,0
4576,116.5306558,207.4813811,0
4577,116.5306558,207.4813811,0
4578,116.5306558,207.4813811,0
4579,116.5306558,207.4813811,0
4580,116.5306558,207.4813811,0
4581,116.5306558,204.6391704,0
4582,116.5306558,204.6391704,0
4583,116.5306558,204.6391704,0
4584,116.5306558,204.6391704,0
4585,116.5306558,204.6391704,0
4586,116.5306558,204.6391704,0
4587,116.5306558,204.6391704,0
4588,116.5306558,204.6391704,0
4589,116.5306558,204.6391704,0
4590,116.5306559,204.6391704,0
4591,116.5306559,204.6391704,0
4592,116.5306559,204.6391704,0
4593,116.5306559,204.6391704,0
4594,116.5306559,204.6391704,0
4595,116.5306559,204.6391704,0
4596,116.5306559,204.6391704,0
4597,116.5306559,204.6391704,0
4598,116.5306559,204.6391704,0
4599,116.5306559,204.6391704,0
4600,116.5306559,204.6391704,0
4601,116.5306559,204.6391704,0
4602,116.5306559,204.6391704,0
4603,116.5306559,204.6391704,0
4604,116.5306559,204.6391704,0
4605,116.5306559,207.4813811,0
4606,116.5306559,207.4813811,0
4607,116.5306559,207.4813811,0
4608,116.5306559,207.4813811,0
4609,116.5306559,207.4813811,0
4610,116.5306559,207.4813811,0
4611,116.5306559,207.4813811,0
4612,116.5306559,207.4813811,0
4613,116.5306559,207.4813811,0
4614,116.5306559,207.4813811,0
4615,116.5306559,207.4813811,0
4616,116.5306559,207.4813811,0
4617,116.5306559,207.4813811,0
4618,116.5306559,207.4813811,0
4619,116.5306559,207.4813811,0
4620,116.5306559,207.4813811,0
4621,116.5306559,207.4813811,0
4622,119.372867,207.4813811,0
4623,119.372867,207.4813811,0
4624,119.372867,207.4813811,0
4625,119.372867,207.4813811,0
4626,119.372867,207.4813811,0
4627,119.372867,207.4813811,0
4628,119.372867,207.4813811,0
4629,119.372867,207.4813811,0
4630,119.372867,207.4813811,0
4631,119.372867,207.4813811,0
4632,119.372867,207.4813811,0
4633,119.372867,207.4813811,0
4634,119.372867,207.4813811,0
4635,119.372867,207.4813811,0
4636,119.372867,207.4813811,0
4637,119.372867,207.4813811,0
4638,119.372867,207.4813811,0
4639,119.372867,207.4813811,0
4640,119.372867,207.4813811,0
4641,119.372867,207.4813811,0
4642,119.372867,207.4813811,0
4643,119.372867,207.4813811,0
4644,119.372867,207.4813811,0
4645,119.372867,207.4813811,0
4646,119.372867,207.4813811,0
4647,119.372867,207.4813811,0
4648,119.372867,207.4813811,0
4649,119.372867,207.4813811,0
4650,119.372867,207.4813811,0
4651,119.372867,207.4813811,0
4652,119.372867,207.4813811,0
4653,119.372867,207.4813811,0
4654,119.372867,207.4813811,0
4655,119.372867,204.6391704,0
4656,119.372867,204.6391704,0
4657,119.372867,204.6391704,0
4658,119.372867,204.6391704,0
4659,119.372867,204.6391704,0
4660,119.372867,207.4813811,0
4661,119.372867,207.4813811,0
4662,119.372867,207.4813811,0
4663,119.372867,207.4813811,0
4664,119.372867,207.4813811,0
4665,119.372867,207.4813811,0
4666,119.372867,207.4813811,0
4667,119.372867,207.4813811,0
4668,119.372867,207.4813811,0
4669,119.372867,207.4813811,0
4670,119.372867,207.4813811,0
4671,119.372867,207.4813811,0
4672,119.372867,207.4813811,0
4673,119.372867,207.4813811,0
4674,119.372867,207.4813811,0
4675,119.372867,207.4813811,0
4676,119.372867,207.4813811,0
4677,119.372867,207.4813811,0
4678,119.372867,207.4813811,0
4679,119.372867,207.4813811,0
4680,119.372867,207.4813811,0
4681,119.372867,207.4813811,0
4682,119.372867,207.4813811,0
4683,119.372867,207.4813811,0
4684,119.372867,207.4813811,0
4685,119.372867,207.4813811,0
4686,119.372867,207.4813811,0
4687,119.372867,207.4813811,0
4688,119.372867,207.4813811,0
4689,119.372867,207.4813811,0
4690,119.372867,207.4813811,0
4691,119.372867,207.4813811,0
4692,119.372867,207.4813811,0
4693,119.372867,207.4813811,0
4694,119.372867,207.4813811,0
4695,119.372867,207.4813811,0
4696,119.372867,207.4813811,0
4697,119.372867,207.4813811,0
4698,119.372867,207.4813811,0
4699,119.372867,207.4813811,0
4700,119.372867,207.4813811,0
4701,119.372867,207.4813811,0
4702,119.372867,207.4813811,0
4703,119.372867,207.4813811,0
4704,119.372867,207.4813811,0
4705,119.372867,207.4813811,0
4706,119.372867,207.4813811,0
4707,119.372867,207.4813811,0
4708,119.372867,207.4813811,0
4709,119.372867,207.4813811,0
4710,119.372867,207.4813811,0
4711,119.372867,207.4813811,0
4712,119.372867,207.4813811,0
4713,119.372867,207.4813811,0
4714,119.372867,207.4813811,0
4715,119.372867,207.4813811,0
4716,119.372867,207.4813811,0
4717,119.372867,207.4813811,0
4718,119.372867,207.4813811,0
4719,119.372867,207.4813811,0
4720,119.372867,207.4813811,0
4721,119.372867,207.4813811,0
4722,119.372867,207.4813811,0
4723,119.372867,207.4813811,0
4724,119.372867,207.4813811,0
4725,119.372867,207.4813811,0
4726,119.372867,207.4813811,0
4727,119.372867,207.4813811,0
4728,119.372867,207.4813811,0
4729,119.372867,207.4813811,0
4730,119.372867,207.4813811,0
4731,119.372867,207.4813811,0
4732,119.372867,207.4813811,0
4733,119.372867,207.4813811,0
4734,119.372867,207.4813811,0
4735,119.372867,207.4813811,0
4736,119.372867,207.4813811,0
4737,119.372867,204.6391704,0
4738,119.372867,204.6391704,0
4739,119.372867,207.4813811,0
4740,119.372867,207.4813811,0
4741,119.372867,207.4813811,0
4742,119.372867,207.4813811,0
4743,119.372867,207.4813811,0
4744,119.372867,207.4813811,0
4745,119.372867,207.4813811,0
4746,119.372867,207.4813811,0
4747,119.372867,207.4813811,0
4748,119.372867,207.4813811,0
4749,119.372867,207.4813811,0
4750,119.372867,207.4813811,0
4751,119.372867,207.4813811,0
4752,119.372867,207.4813811,0
4753,119.372867,207.4813811,0
4754,119.372867,207.4813811,0
4755,119.372867,207.4813811,0
4756,119.372867,207.4813811,0
4757,119.372867,207.4813811,0
4758,119.372867,207.4813811,0
4759,119.372867,207.4813811,0
4760,119.372867,207.4813811,0
4761,119.372867,207.4813811,0
4762,119.372867,207.4813811,0
4763,119.372867,207.4813811,0
4764,119.372867,207.4813811,0
4765,119.372867,207.4813811,0
4766,119.372867,207.4813811,0
4767,119.372867,207.4813811,0
4768,119.372867,207.4813811,0
4769,119.372867,207.4813811,0
4770,119.372867,207.4813811,0
4771,119.372867,207.4813811,0
4772,119.372867,207.4813811,0
4773,119.372867,207.4813811,0
4774,119.372867,207.4813811,0
4775,119.372867,207.4813811,0
4776,119.372867,207.4813811,0
4777,119.372867,207.4813811,0
4778,119.372867,207.4813811,0
4779,119.372867,207.4813811,0
4780,119.372867,207.4813811,0
4781,119.372867,207.4813811,0
4782,119.372867,207.4813811,0
4783,119.372867,207.4813811,0
4784,119.372867,207.4813811,0
4785,119.372867,207.4813811,0
4786,119.372867,207.4813811,0
4787,119.372867,207.4813811,0
4788,119.372867,207.4813811,0
4789,119.372867,207.4813811,0
4790,119.372867,207.4813811,0
4791,119.372867,207.4813811,0
4792,119.372867,207.4813811,0
4793,119.372867,207.4813811,0
4794,119.372867,207.4813811,0
4795,119.372867,207.4813811,0
4796,119.372867,207.4813811,0
4797,119.372867,207.4813811,0
4798,119.372867,207.4813811,0
4799,119.372867,207.4813811,0
4800,119.372867,207.4813811,0
4801,119.372867,207.4813811,0
4802,119.372867,207.4813811,0
4803,119.372867,207.4813811,0
4804,119.372867,207.4813811,0
4805,119.372867,207.4813811,0
4806,119.372867,207.4813811,0
4807,122.2150781,207.4813811,0
4808,122.2150781,207.4813811,0
4809,122.2150781,207.4813811,0
4810,122.2150781,207.4813811,0
4811,122.2150781,207.4813811,0
4812,122.2150781,207.4813811,0
4813,122.2150781,207.4813811,0
4814,122.2150781,207.4813811,0
4815,122.2150781,207.4813811,0
4816,122.2150781,207.4813811,0
4817,122.2150781,207.4813811,0
4818,122.2150781,207.4813811,0
4819,122.2150781,207.4813811,0
4820,122.2150781,207.4813811,0
4821,122.2150781,207.4813811,0
4822,122.2150781,207.4813811,0
4823,122.2150781,207.4813811,0
4824,122.2150781,207.4813811,0
4825,122.2150781,207.4813811,0
4826,122.2150781,207.4813811,0
4827,122.2150781,207.4813811,0
4828,122.2150781,207.4813811,0
4829,122.2150781,207.4813811,0
4830,122.2150781,207.4813811,0
4831,122.2150781,207.4813811,0
4832,122.2150781,207.4813811,0
4833,122.2150781,207.4813811,0
4834,122.2150781,207.4813811,0
4835,122.2150781,207.4813811,0
4836,122.2150781,207.4813811,0
4837,122.2150781,207.4813811,0
4838,122.2150781,207.4813811,0
4839,122.2150781,204.6391704,0
4840,122.2150781,207.4813811,0
4841,122.2150781,207.4813811,0
4842,122.2150781,207.4813811,0
4843,122.2150781,207.4813811,0
4844,122.2150781,207.4813811,0
4845,122.2150781,207.4813811,0
4846,122.2150781,207.4813811,0
4847,122.2150781,207.4813811,0
4848,122.2150781,207.4813811,0
4849,122.2150781,207.4813811,0
4850,122.2150781,207.4813811,0
4851,122.2150781,207.4813811,0
4852,122.2150781,207.4813811,0
4853,122.2150781,207.4813811,0
4854,122.2150781,207.4813811,0
4855,122.2150781,207.4813811,0
4856,122.2150781,207.4813811,0
4857,122.2150781,207.4813811,0
4858,122.2150781,207.4813811,0
4859,122.2150781,207.4813811,0
4860,122.2150781,207.4813811,0
4861,122.2150781,207.4813811,0
4862,122.2150781,207.4813811,0
4863,122.2150781,207.4813811,0
4864,122.2150781,207.4813811,0
4865,122.2150781,207.4813811,0
4866,122.2150781,207.4813811,0
4867,122.2150781,207.4813811,0
4868,122.2150781,207.4813811,0
4869,122.2150781,207.4813811,0
4870,122.2150781,207.4813811,0
4871,122.2150781,207.4813811,0
4872,122.2150781,207.4813811,0
4873,122.2150781,207.4813811,0
4874,122.2150781,207.4813811,0
4875,122.2150781,207.4813811,0
4876,122.2150781,207.4813811,0
4877,122.2150781,207.4813811,0
4878,122.2150781,207.4813811,0
4879,122.2150781,207.4813811,0
4880,122.2150781,207.4813811,0
4881,122.2150781,207.4813811,0
4882,122.2150781,207.4813811,0
4883,122.2150781,207.4813811,0
4884,122.2150781,207.4813811,0
4885,122.2150781,207.4813811,0
4886,119.372867,207.4813811,0
4887,119.372867,207.4813811,0
4888,119.372867,207.4813811,0
4889,119.372867,207.4813811,0
4890,119.372867,207.4813811,0
4891,119.372867,207.4813811,0
4892,119.372867,207.4813811,0
4893,119.372867,207.4813811,0
4894,119.372867,207.4813811,0
4895,119.372867,207.4813811,0
4896,119.372867,207.4813811,0
4897,119.372867,207.4813811,0
4898,119.372867,207.4813811,0
4899,119.372867,207.4813811,0
4900,119.372867,207.4813811,0
4901,119.372867,204.6391704,0
4902,119.372867,204.6391704,0
4903,119.372867,204.6391704,0
4904,119.372867,204.6391704,0
4905,119.372867,204.6391704,0
4906,119.372867,204.6391704,0
4907,119.372867,204.6391704,0
4908,119.372867,204.6391704,0
4909,119.372867,204.6391704,0
4910,119.372867,204.6391704,0
4911,119.372867,204.6391704,0
4912,119.372867,204.6391704,0
4913,119.372867,204.6391704,0
4914,119.372867,204.6391704,0
4915,119.372867,204.6391704,0
4916,119.372867,204.6391704,0
4917,119.372867,204.6391704,0
4918,119.372867,204.6391704,0
4919,119.372867,204.6391704,0
4920,119.372867,207.4813811,0
4921,119.372867,207.4813811,0
4922,119.372867,207.4813811,0
4923,119.372867,207.4813811,0
4924,119.372867,207.4813811,0
4925,119.372867,207.4813811,0
4926,119.372867,207.4813811,0
4927,119.372867,207.4813811,0
4928,119.372867,207.4813811,0
4929,119.372867,207.4813811,0
4930,119.372867,207.4813811,0
4931,119.372867,207.4813811,0
4932,119.372867,207.4813811,0
4933,119.372867,207.4813811,0
4934,119.372867,207.4813811,0
4935,119.372867,207.4813811,0
4936,119.372867,207.4813811,0
4937,119.372867,207.4813811,0
4938,119.372867,207.4813811,0
4939,119.372867,207.4813811,0
4940,119.372867,207.4813811,0
4941,119.372867,207.4813811,0
4942,119.372867,207.4813811,0
4943,119.372867,207.4813811,0
4944,119.372867,207.4813811,0
4945,119.372867,207.4813811,0
4946,119.372867,207.4813811,0
4947,119.372867,207.4813811,0
4948,119.372867,207.4813811,0
4949,119.372867,207.4813811,0
4950,119.372867,207.4813811,0
4951,119.372867,207.4813811,0
4952,119.372867,207.4813811,0
4953,119.372867,207.4813811,0
4954,119.372867,207.4813811,0
4955,119.372867,207.4813811,0
4956,119.372867,207.4813811,0
4957,119.372867,207.4813811,0
4958,119.372867,207.4813811,0
4959,119.3728669,207.4813811,0
4960,119.3728669,207.4813811,0
4961,119.3728669,207.4813811,0
4962,119.3728669,207.4813811,0
4963,119.3728669,207.4813811,0
4964,119.3728669,207.4813811,0
4965,119.3728669,207.4813811,0
4966,116.5306559,207.4813811,0
4967,116.5306559,207.4813811,0
4968,116.5306559,207.4813811,0
4969,116.5306559,207.4813811,0
4970,116.5306559,204.6391704,0
4971,116.5306559,204.6391704,0
4972,116.5306559,204.6391704,0
4973,116.5306559,204.6391704,0
4974,116.5306559,204.6391704,0
4975,116.5306559,204.6391704,0
4976,119.3728669,204.6391704,0
4977,119.3728669,204.6391704,0
4978,119.3728669,204.6391704,0
4979,119.3728669,204.6391704,0
4980,119.3728669,204.6391704,0
4981,119.3728669,204.6391704,0
4982,119.3728669,207.4813811,0
4983,119.3728669,207.4813811,0
4984,119.3728669,207.4813811,0
4985,119.3728669,207.4813811,0
4986,119.3728669,207.4813811,0
4987,119.3728669,207.4813811,0
4988,119.3728669,207.4813811,0
4989,119.3728669,207.4813811,0
4990,119.3728669,207.4813811,0
4991,119.3728669,207.4813811,0
4992,119.3728669,207.4813811,0
4993,119.3728669,207.4813811,0
4994,119.3728669,207.4813811,0
4995,119.3728669,207.4813811,0
4996,119.3728669,207.4813811,0
4997,119.3728669,207.4813811,0
4998,119.3728669,207.4813811,0
4999,119.3728669,207.4813811,0
5000,119.3728669,207.4813811,0
5001,119.3728669,207.4813811,0
5002,119.3728669,207.4813811,0
5003,119.3728669,207.4813811,0
5004,119.3728669,207.4813811,0
5005,119.3728669,207.4813811,0
5006,119.3728669,207.4813811,0
5007,119.3728669,207.4813811,0
5008,119.3728669,207.4813811,0
5009,119.3728669,207.4813811,0
5010,119.3728669,207.4813811,0
5011,119.3728669,207.4813811,0
5012,119.3728669,207.4813811,0
5013,119.3728669,207.4813811,0
5014,119.3728669,207.4813811,0
5015,119.3728669,207.4813811,0
5016,119.3728669,207.4813811,0
5017,119.3728669,207.4813811,0
5018,119.3728669,207.4813811,0
5019,119.3728669,207.4813811,0
5020,119.372867,207.4813811,0
5021,119.372867,207.4813811,0
5022,119.372867,207.4813811,0
5023,119.372867,207.4813811,0
5024,119.372867,207.4813811,0
5025,119.372867,207.4813811,0
5026,119.372867,207.4813811,0
5027,119.372867,207.4813811,0
5028,119.372867,207.4813811,0
5029,119.372867,207.4813811,0
5030,119.372867,207.4813811,0
5031,119.372867,207.4813811,0
5032,119.372867,204.6391704,0
5033,119.372867,204.6391704,0
5034,119.372867,204.6391704,0
5035,119.372867,204.6391704,0
5036,119.372867,204.6391704,0
5037,119.372867,204.6391704,0
5038,119.372867,204.6391704,0
5039,119.372867,204.6391704,0
5040,119.372867,204.6391704,0
5041,119.372867,204.6391704,0
5042,119.372867,204.6391704,0
5043,119.372867,204.6391704,0
5044,119.372867,204.6391704,0
5045,119.372867,204.6391704,0
5046,119.372867,204.6391704,0
5047,119.372867,204.6391704,0
5048,119.372867,204.6391704,0
5049,119.372867,204.6391704,0
5050,119.372867,204.6391704,0
5051,119.372867,204.6391704,0
5052,119.372867,204.6391704,0
5053,119.372867,204.6391704,0
5054,119.372867,204.6391704,0
5055,119.372867,204.6391704,0
5056,119.372867,204.6391704,0
5057,119.372867,204.6391704,0
5058,119.372867,204.6391704,0
5059,119.372867,204.6391704,0
5060,119.372867,204.6391704,0
5061,119.372867,204.6391704,0
5062,119.372867,204.6391704,0
5063,119.372867,204.6391704,0
5064,119.372867,204.6391704,0
5065,119.372867,204.6391704,0
5066,119.372867,204.6391704,0
5067,119.372867,204.6391704,0
5068,119.372867,204.6391704,0
5069,119.372867,204.6391704,0
5070,113.6884448,204.6391704,0
5071,113.6884448,204.6391704,0
5072,113.6884448,204.6391704,0
5073,113.6884448,204.6391704,0
5074,113.6884448,204.6391704,0
5075,113.6884448,204.6391704,0
5076,113.6884448,204.6391704,0
5077,113.6884448,204.6391704,0
5078,113.6884448,204.6391704,0
5079,113.6884448,204.6391704,0
5080,113.6884448,204.6391704,0
5081,116.5306558,204.6391704,0
5082,116.5306559,204.6391704,0
5083,116.5306559,204.6391704,0
5084,116.5306559,204.6391704,0
5085,116.5306559,204.6391704,0
5086,122.2150781,204.6391704,0
5087,122.2150781,204.6391704,0
5088,122.2150781,204.6391704,0
5089,122.2150781,204.6391704,0
5090,122.2150781,204.6391704,0
5091,122.2150781,204.6391704,0
5092,122.2150781,204.6391704,0
5093,122.2150781,204.6391704,0
5094,122.2150781,204.6391704,0
5095,122.2150781,204.6391704,0
5096,122.2150781,204.6391704,0
5097,122.2150781,204.6391704,0
5098,122.2150781,207.4813811,0
5099,122.2150781,207.4813811,0
5100,122.2150781,207.4813811,0
5101,122.2150781,207.4813811,0
5102,122.2150781,207.4813811,0
5103,122.2150781,207.4813811,0
5104,122.2150781,207.4813811,0
5105,122.2150781,207.4813811,0
5106,122.2150781,207.4813811,0
5107,122.2150781,207.4813811,0
5108,122.2150781,207.4813811,0
5109,122.2150781,207.4813811,0
5110,122.2150781,207.4813811,0
5111,122.2150781,207.4813811,0
5112,122.2150781,207.4813811,0
5113,122.2150781,207.4813811,0
5114,122.2150781,210.3235918,0
5115,122.2150781,210.3235918,0
5116,122.2150781,210.3235918,0
5117,122.2150781,210.3235918,0
5118,122.2150781,210.3235918,0
5119,122.2150781,210.3235918,0
5120,122.2150781,210.3235918,0
5121,122.2150781,210.3235918,0
5122,122.2150781,210.3235918,0
5123,122.2150781,210.3235918,0
5124,122.2150781,210.3235918,0
5125,122.2150781,210.3235918,0
5126,122.2150781,210.3235918,0
5127,122.2150781,210.3235918,0
5128,122.2150781,210.3235918,0
5129,122.2150781,210.3235918,0
5130,122.2150781,210.3235918,0
5131,122.2150781,210.3235918,0
5132,122.2150781,210.3235918,0
5133,122.2150781,210.3235918,0
5134,122.2150781,210.3235918,0
5135,122.2150781,210.3235918,0
5136,119.372867,210.3235918,0
5137,119.372867,210.3235918,0
5138,119.372867,210.3235918,0
5139,119.372867,210.3235918,0
5140,119.372867,210.3235918,0
5141,119.372867,210.3235918,0
5142,119.372867,210.3235918,0
5143,119.372867,210.3235918,0
5144,119.372867,210.3235918,0
5145,119.372867,210.3235918,0
5146,119.372867,210.3235918,0
5147,119.372867,210.3235918,0
5148,119.372867,210.3235918,0
5149,119.372867,210.3235918,0
5150,119.372867,210.3235918,0
5151,119.372867,210.3235918,0
5152,119.372867,210.3235918,0
5153,119.372867,210.3235918,0
5154,119.372867,210.3235918,0
5155,119.372867,210.3235918,0
5156,119.372867,210.3235918,0
5157,119.372867,210.3235918,0
5158,119.372867,210.3235918,0
5159,119.372867,210.3235918,0
5160,119.372867,210.3235918,0
5161,119.372867,210.3235918,0
5162,119.372867,210.3235918,0
5163,119.372867,210.3235918,0
5164,116.5306558,207.4813811,0
5165,116.5306558,207.4813811,0
5166,116.5306558,207.4813811,0
5167,116.5306558,207.4813811,0
5168,116.5306558,207.4813811,0
5169,116.5306558,207.4813811,0
5170,116.5306558,207.4813811,0
5171,116.5306558,207.4813811,0
5172,119.3728669,207.4813811,0
5173,119.3728669,207.4813811,0
5174,119.3728669,207.4813811,0
5175,119.3728669,207.4813811,0
5176,119.3728669,207.4813811,0
5177,122.2150781,207.4813811,0
5178,122.2150781,207.4813811,0
5179,122.2150781,207.4813811,0
5180,122.2150781,207.4813811,0
5181,122.2150781,207.4813811,0
5182,122.2150781,207.4813811,0
5183,122.2150781,207.4813811,0
5184,122.2150781,207.4813811,0
5185,122.2150781,207.4813811,0
5186,122.2150781,207.4813811,0
5187,122.2150781,207.4813811,0
5188,122.2150781,207.4813811,0
5189,122.2150781,207.4813811,0
5190,122.2150781,207.4813811,0
5191,122.2150781,207.4813811,0
5192,122.2150781,207.4813811,0
5193,122.2150781,207.4813811,0
5194,122.2150781,207.4813811,0
5195,122.2150781,207.4813811,0
5196,122.2150781,207.4813811,0
5197,122.2150781,207.4813811,0
5198,122.2150781,207.4813811,0
5199,122.2150781,207.4813811,0
5200,122.2150781,207.4813811,0
5201,122.2150781,207.4813811,0
5202,122.2150781,207.4813811,0
5203,122.2150781,207.4813811,0
5204,122.2150781,207.4813811,0
5205,122.2150781,207.4813811,0
5206,122.2150781,207.4813811,0
5207,122.2150781,207.4813811,0
5208,122.2150781,207.4813811,0
5209,122.2150781,207.4813811,0
5210,122.2150781,207.4813811,0
5211,122.2150781,207.4813811,0
5212,122.2150781,207.4813811,0
5213,122.2150781,207.4813811,0
5214,122.2150781,207.4813811,0
5215,122.2150781,207.4813811,0
5216,122.2150781,207.4813811,0
5217,122.2150781,207.4813811,0
5218,122.2150781,207.4813811,0
5219,122.2150781,207.4813811,0
5220,122.2150781,207.4813811,0
5221,122.2150781,207.4813811,0
5222,122.2150781,207.4813811,0
5223,122.2150781,207.4813811,0
5224,122.2150781,207.4813811,0
5225,122.2150781,207.4813811,0
5226,122.2150781,207.4813811,0
5227,122.2150781,207.4813811,0
5228,122.2150781,207.4813811,0
5229,122.2150781,207.4813811,0
5230,122.2150781,207.4813811,0
5231,122.2150781,207.4813811,0
5232,122.2150781,207.4813811,0
5233,122.2150781,207.4813811,0
5234,122.2150781,207.4813811,0
5235,122.2150781,207.4813811,0
5236,122.2150781,207.4813811,0
5237,122.2150781,207.4813811,0
5238,122.2150781,207.4813811,0
5239,122.2150781,207.4813811,0
5240,122.2150781,207.4813811,0
5241,122.2150781,207.4813811,0
5242,122.2150781,207.4813811,0
5243,122.2150781,207.4813811,0
5244,122.2150781,207.4813811,0
5245,122.2150781,207.4813811,0
5246,122.2150781,207.4813811,0
5247,122.2150781,207.4813811,0
5248,122.2150781,207.4813811,0
5249,122.2150781,207.4813811,0
5250,122.2150781,207.4813811,0
5251,122.2150781,207.4813811,0
5252,122.2150781,207.4813811,0
5253,122.2150781,207.4813811,0
5254,122.2150781,207.4813811,0
5255,119.372867,207.4813811,0
5256,119.372867,207.4813811,0
5257,119.372867,207.4813811,0
5258,119.372867,207.4813811,0
5259,119.372867,207.4813811,0
5260,119.372867,207.4813811,0
5261,119.372867,207.4813811,0
5262,119.372867,207.4813811,0
5263,119.372867,207.4813811,0
5264,119.372867,207.4813811,0
5265,119.372867,207.4813811,0
5266,122.2150781,207.4813811,0
5267,122.2150781,207.4813811,0
5268,122.2150781,204.6391704,0
5269,122.2150781,204.6391704,0
5270,122.2150781,204.6391704,0
5271,122.2150781,204.6391704,0
5272,122.2150781,204.6391704,0
5273,122.2150781,204.6391704,0
5274,122.2150781,204.6391704,0
5275,122.2150781,204.6391704,0
5276,122.2150781,204.6391704,0
5277,122.2150781,204.6391704,0
5278,122.2150781,204.6391704,0
5279,122.2150781,204.6391704,0
5280,122.2150781,204.6391704,0
5281,122.2150781,204.6391704,0
5282,122.2150781,204.6391704,0
5283,122.2150781,204.6391704,0
5284,122.2150781,204.6391704,0
5285,122.2150781,204.6391704,0
5286,122.2150781,204.6391704,0
5287,122.2150781,204.6391704,0
5288,122.2150781,204.6391704,0
5289,122.2150781,204.6391704,0
5290,122.2150781,204.6391704,0
5291,122.2150781,204.6391704,0
5292,122.2150781,204.6391704,0
5293,122.2150781,204.6391704,0
5294,122.2150781,204.6391704,0
5295,122.2150781,204.6391704,0
5296,122.2150781,204.6391704,0
5297,122.2150781,204.6391704,0
5298,122.2150781,207.4813811,0
5299,122.2150781,207.4813811,0
5300,122.2150781,207.4813811,0
5301,122.2150781,207.4813811,0
5302,122.2150781,207.4813811,0
5303,122.2150781,207.4813811,0
5304,122.2150781,207.4813811,0
5305,122.2150781,207.4813811,0
5306,122.2150781,207.4813811,0
5307,122.2150781,207.4813811,0
5308,122.2150781,207.4813811,0
5309,122.2150781,207.4813811,0
5310,122.2150781,207.4813811,0
5311,122.2150781,207.4813811,0
5312,122.2150781,207.4813811,0
5313,122.2150781,207.4813811,0
5314,122.2150781,207.4813811,0
5315,122.2150781,207.4813811,0
5316,122.2150781,207.4813811,0
5317,122.2150781,207.4813811,0
5318,122.2150781,207.4813811,0
5319,122.2150781,207.4813811,0
5320,122.2150781,207.4813811,0
5321,122.2150781,207.4813811,0
5322,122.2150781,207.4813811,0
5323,122.2150781,207.4813811,0
5324,122.2150781,207.4813811,0
5325,122.2150781,207.4813811,0
5326,122.2150781,207.4813811,0
5327,122.2150781,207.4813811,0
5328,122.2150781,207.4813811,0
5329,122.2150781,207.4813811,0
5330,119.372867,207.4813811,0
5331,119.372867,207.4813811,0
5332,119.372867,207.4813811,0
5333,119.372867,207.4813811,0
5334,119.372867,207.4813811,0
5335,119.372867,207.4813811,0
5336,119.372867,207.4813811,0
5337,119.372867,207.4813811,0
5338,119.372867,207.4813811,0
5339,119.372867,207.4813811,0
5340,119.372867,207.4813811,0
5341,119.372867,207.4813811,0
5342,119.372867,207.4813811,0
5343,119.372867,207.4813811,0
5344,119.372867,207.4813811,0
5345,119.372867,207.4813811,0
5346,119.372867,207.4813811,0
5347,119.372867,207.4813811,0
5348,119.372867,207.4813811,0
5349,119.372867,207.4813811,0
5350,119.372867,207.4813811,0
5351,119.372867,207.4813811,0
5352,119.372867,207.4813811,0
5353,119.372867,207.4813811,0
5354,119.372867,207.4813811,0
5355,119.372867,207.4813811,0
5356,119.372867,207.4813811,0
5357,119.372867,207.4813811,0
5358,116.5306559,207.4813811,0
5359,116.5306559,207.4813811,0
5360,116.5306559,207.4813811,0
5361,116.5306559,207.4813811,0
5362,116.5306559,207.4813811,0
5363,116.5306559,207.4813811,0
5364,116.5306559,207.4813811,0
5365,116.5306559,207.4813811,0
5366,116.5306559,207.4813811,0
5367,116.5306559,207.4813811,0
5368,116.5306559,207.4813811,0
5369,116.5306559,207.4813811,0
5370,116.5306559,207.4813811,0
5371,116.5306559,207.4813811,0
5372,119.3728669,207.4813811,0
5373,119.3728669,207.4813811,0
5374,119.3728669,207.4813811,0
5375,119.3728669,207.4813811,0
5376,119.3728669,207.4813811,0
5377,119.3728669,207.4813811,0
5378,119.3728669,207.4813811,0
5379,119.3728669,207.4813811,0
5380,119.3728669,207.4813811,0
5381,119.3728669,207.4813811,0
5382,119.3728669,207.4813811,0
5383,119.3728669,207.4813811,0
5384,119.3728669,207.4813811,0
5385,119.3728669,207.4813811,0
5386,119.3728669,207.4813811,0
5387,119.3728669,207.4813811,0
5388,119.3728669,207.4813811,0
5389,119.3728669,207.4813811,0
5390,119.3728669,207.4813811,0
5391,119.3728669,207.4813811,0
5392,119.3728669,207.4813811,0
5393,119.3728669,207.4813811,0
5394,119.3728669,207.4813811,0
5395,119.3728669,207.4813811,0
5396,119.3728669,207.4813811,0
5397,119.3728669,207.4813811,0
5398,119.3728669,207.4813811,0
5399,119.3728669,207.4813811,0
5400,119.3728669,207.4813811,0
5401,119.3728669,207.4813811,0
5402,119.3728669,207.4813811,0
5403,119.3728669,207.4813811,0
5404,119.3728669,207.4813811,0
5405,119.3728669,207.4813811,0
5406,119.3728669,207.4813811,0
5407,119.3728669,207.4813811,0
5408,119.3728669,207.4813811,0
5409,119.3728669,207.4813811,0
5410,119.3728669,207.4813811,0
5411,119.3728669,207.4813811,0
5412,119.3728669,207.4813811,0
5413,119.3728669,207.4813811,0
5414,119.3728669,207.4813811,0
5415,119.3728669,207.4813811,0
5416,119.3728669,207.4813811,0
5417,119.3728669,207.4813811,0
5418,119.3728669,207.4813811,0
5419,119.3728669,207.4813811,0
5420,119.3728669,207.4813811,0
5421,119.3728669,207.4813811,0
5422,119.3728669,207.4813811,0
5423,119.3728669,207.4813811,0
5424,119.3728669,207.4813811,0
5425,119.3728669,207.4813811,0
5426,119.3728669,207.4813811,0
5427,119.3728669,207.4813811,0
5428,119.3728669,207.4813811,0
5429,119.3728669,207.4813811,0
5430,119.3728669,207.4813811,0
5431,119.3728669,207.4813811,0
5432,119.3728669,207.4813811,0
5433,119.3728669,207.4813811,0
5434,119.3728669,207.4813811,0
5435,119.3728669,207.4813811,0
5436,119.3728669,207.4813811,0
5437,119.3728669,207.4813811,0
5438,119.3728669,207.4813811,0
5439,119.3728669,207.4813811,0
5440,119.3728669,207.4813811,0
5441,119.3728669,207.4813811,0
5442,119.3728669,207.4813811,0
5443,119.3728669,207.4813811,0
5444,119.3728669,207.4813811,0
5445,119.3728669,207.4813811,0
5446,119.3728669,207.4813811,0
5447,119.3728669,207.4813811,0
5448,119.3728669,207.4813811,0
5449,119.3728669,207.4813811,0
5450,119.3728669,207.4813811,0
5451,116.5306559,207.4813811,0
5452,116.5306559,207.4813811,0
5453,116.5306559,207.4813811,0
5454,116.5306559,207.4813811,0
5455,116.5306559,207.4813811,0
5456,116.5306559,207.4813811,0
5457,116.5306559,207.4813811,0
5458,116.5306559,207.4813811,0
5459,116.5306559,207.4813811,0
5460,116.5306559,207.4813811,0
5461,116.5306559,207.4813811,0
5462,116.5306559,207.4813811,0
5463,116.5306559,207.4813811,0
5464,116.5306559,207.4813811,0
5465,116.5306559,207.4813811,0
5466,116.5306559,207.4813811,0
5467,116.5306559,207.4813811,0
5468,116.5306559,207.4813811,0
5469,116.5306559,207.4813811,0
5470,116.5306559,207.4813811,0
5471,116.5306559,207.4813811,0
5472,116.5306559,207.4813811,0
5473,116.5306559,207.4813811,0
5474,116.5306559,207.4813811,0
5475,116.5306559,207.4813811,0
5476,116.5306559,207.4813811,0
5477,116.5306559,207.4813811,0
5478,116.5306559,207.4813811,0
5479,116.5306559,207.4813811,0
5480,116.5306559,207.4813811,0
5481,116.5306559,207.4813811,0
5482,116.5306559,207.4813811,0
5483,116.5306559,207.4813811,0
5484,116.5306559,207.4813811,0
5485,116.5306559,207.4813811,0
5486,116.5306559,207.4813811,0
5487,116.5306559,207.4813811,0
5488,116.5306559,207.4813811,0
5489,116.5306559,207.4813811,0
5490,116.5306559,207.4813811,0
5491,116.5306559,207.4813811,0
5492,116.5306559,207.4813811,0
5493,116.5306559,207.4813811,0
5494,116.5306559,207.4813811,0
5495,116.5306559,207.4813811,0
5496,116.5306559,207.4813811,0
5497,116.5306558,207.4813811,0
5498,116.5306558,207.4813811,0
5499,116.5306558,207.4813811,0
5500,116.5306558,207.4813811,0
5501,116.5306558,207.4813811,0
5502,116.5306558,207.4813811,0
5503,116.5306558,207.4813811,0
5504,119.372867,207.4813811,0
5505,119.372867,207.4813811,0
5506,119.372867,207.4813811,0
5507,119.372867,207.4813811,0
5508,119.372867,207.4813811,0
5509,119.372867,204.6391704,0
5510,119.372867,204.6391704,0
5511,119.372867,204.6391704,0
5512,119.372867,204.6391704,0
5513,119.372867,204.6391704,0
5514,119.372867,204.6391704,0
5515,119.372867,204.6391704,0
5516,119.372867,207.4813811,0
5517,119.372867,207.4813811,0
5518,119.372867,207.4813811,0
5519,119.372867,207.4813811,0
5520,119.372867,207.4813811,0
5521,119.372867,207.4813811,0
5522,119.372867,207.4813811,0
5523,119.372867,207.4813811,0
5524,119.372867,207.4813811,0
5525,119.372867,207.4813811,0
5526,119.372867,207.4813811,0
5527,119.372867,207.4813811,0
5528,119.372867,207.4813811,0
5529,119.372867,207.4813811,0
5530,119.372867,207.4813811,0
5531,119.372867,207.4813811,0
5532,119.372867,207.4813811,0
5533,119.372867,207.4813811,0
5534,119.372867,207.4813811,0
5535,119.372867,207.4813811,0
5536,119.372867,207.4813811,0
5537,119.372867,207.4813811,0
5538,119.372867,207.4813811,0
5539,119.372867,207.4813811,0
5540,119.372867,207.4813811,0
5541,119.372867,207.4813811,0
5542,119.372867,207.4813811,0
5543,119.372867,207.4813811,0
5544,119.372867,207.4813811,0
5545,119.372867,207.4813811,0
5546,119.372867,207.4813811,0
5547,119.372867,207.4813811,0
5548,119.372867,207.4813811,0
5549,119.372867,207.4813811,0
5550,119.372867,207.4813811,0
5551,119.372867,207.4813811,0
5552,119.372867,207.4813811,0
5553,119.372867,207.4813811,0
5554,113.6884448,207.4813811,0
5555,113.6884448,207.4813811,0
5556,113.6884448,207.4813811,0
5557,116.5306559,207.4813811,0
5558,116.5306559,207.4813811,0
5559,116.5306559,207.4813811,0
5560,116.5306559,207.4813811,0
5561,116.5306559,207.4813811,0
5562,116.5306559,207.4813811,0
5563,116.5306559,207.4813811,0
5564,116.5306559,207.4813811,0
5565,116.5306559,207.4813811,0
5566,116.5306559,207.4813811,0
5567,116.5306559,207.4813811,0
5568,116.5306559,207.4813811,0
5569,116.5306559,207.4813811,0
5570,116.5306559,207.4813811,0
5571,116.5306559,207.4813811,0
5572,116.5306559,207.4813811,0
5573,116.5306559,207.4813811,0
5574,116.5306559,207.4813811,0
5575,116.5306559,207.4813811,0
5576,116.5306559,207.4813811,0
5577,116.5306559,207.4813811,0
5578,116.5306559,207.4813811,0
5579,116.5306559,207.4813811,0
5580,116.5306559,207.4813811,0
5581,116.5306559,207.4813811,0
5582,116.5306559,207.4813811,0
5583,116.5306559,207.4813811,0
5584,116.5306559,207.4813811,0
5585,116.5306559,207.4813811,0
5586,116.5306559,207.4813811,0
5587,116.5306559,207.4813811,0
5588,116.5306559,207.4813811,0
5589,116.5306559,207.4813811,0
5590,116.5306559,207.4813811,0
5591,116.5306559,207.4813811,0
5592,116.5306559,207.4813811,0
5593,116.5306559,207.4813811,0
5594,116.5306559,207.4813811,0
5595,116.5306559,207.4813811,0
5596,116.5306559,207.4813811,0
5597,116.5306559,207.4813811,0
5598,116.5306559,207.4813811,0
5599,116.5306559,207.4813811,0
5600,116.5306559,207.4813811,0
5601,116.5306559,207.4813811,0
5602,116.5306559,207.4813811,0
5603,116.5306559,207.4813811,0
5604,116.5306559,207.4813811,0
5605,116.5306559,207.4813811,0
5606,116.5306559,207.4813811,0
5607,116.5306559,207.4813811,0
5608,116.5306559,207.4813811,0
5609,116.5306559,207.4813811,0
5610,116.5306559,207.4813811,0
5611,116.5306559,207.4813811,0
5612,116.5306559,207.4813811,0
5613,116.5306559,207.4813811,0
5614,119.372867,207.4813811,0
5615,119.372867,207.4813811,0
5616,119.372867,207.4813811,0
5617,119.372867,207.4813811,0
5618,119.372867,207.4813811,0
5619,119.372867,207.4813811,0
5620,119.372867,207.4813811,0
5621,119.372867,207.4813811,0
5622,119.372867,207.4813811,0
5623,119.372867,207.4813811,0
5624,119.372867,207.4813811,0
5625,119.372867,207.4813811,0
5626,119.372867,207.4813811,0
5627,119.372867,207.4813811,0
5628,119.372867,207.4813811,0
5629,119.372867,207.4813811,0
5630,119.372867,207.4813811,0
5631,119.372867,207.4813811,0
5632,119.372867,207.4813811,0
5633,119.372867,207.4813811,0
5634,119.372867,207.4813811,0
5635,119.372867,207.4813811,0
5636,119.372867,207.4813811,0
5637,119.372867,207.4813811,0
5638,119.372867,207.4813811,0
5639,119.372867,207.4813811,0
5640,119.372867,207.4813811,0
5641,119.372867,207.4813811,0
5642,119.372867,207.4813811,0
5643,119.372867,207.4813811,0
5644,119.372867,207.4813811,0
5645,119.372867,207.4813811,0
5646,119.372867,207.4813811,0
5647,119.372867,207.4813811,0
5648,119.372867,207.4813811,0
5649,119.372867,207.4813811,0
5650,119.372867,207.4813811,0
5651,119.372867,207.4813811,0
5652,119.372867,207.4813811,0
5653,119.372867,207.4813811,0
5654,119.372867,207.4813811,0
5655,119.372867,207.4813811,0
5656,119.372867,207.4813811,0
5657,119.372867,207.4813811,0
5658,119.372867,207.4813811,0
5659,119.372867,207.4813811,0
5660,119.372867,207.4813811,0
5661,119.372867,207.4813811,0
5662,119.372867,207.4813811,0
5663,119.372867,207.4813811,0
5664,119.372867,207.4813811,0
5665,119.372867,207.4813811,0
5666,119.372867,207.4813811,0
5667,119.372867,204.6391704,0
5668,119.372867,204.6391704,0
5669,119.372867,204.6391704,0
5670,119.372867,204.6391704,0
5671,119.372867,204.6391704,0
5672,119.372867,204.6391704,0
5673,119.372867,204.6391704,0
5674,119.372867,204.6391704,0
5675,119.372867,204.6391704,0
5676,119.372867,204.6391704,0
5677,119.372867,207.4813811,0
5678,119.372867,207.4813811,0
5679,119.372867,207.4813811,0
5680,119.372867,207.4813811,0
5681,119.372867,207.4813811,0
5682,119.372867,207.4813811,0
5683,119.372867,207.4813811,0
5684,119.372867,207.4813811,0
5685,119.372867,207.4813811,0
5686,119.372867,207.4813811,0
5687,119.372867,207.4813811,0
5688,119.372867,207.4813811,0
5689,119.372867,207.4813811,0
5690,119.372867,207.4813811,0
5691,119.372867,207.4813811,0
5692,119.372867,207.4813811,0
5693,119.372867,207.4813811,0
5694,119.372867,207.4813811,0
5695,119.372867,207.4813811,0
5696,119.372867,207.4813811,0
5697,119.372867,207.4813811,0
5698,119.372867,207.4813811,0
5699,119.372867,207.4813811,0
5700,119.372867,207.4813811,0
5701,119.372867,207.4813811,0
5702,119.372867,207.4813811,0
5703,119.372867,207.4813811,0
5704,119.372867,207.4813811,0
5705,119.372867,207.4813811,0
5706,119.372867,207.4813811,0
5707,116.5306559,207.4813811,0
5708,116.5306559,207.4813811,0
5709,116.5306559,207.4813811,0
5710,116.5306559,207.4813811,0
5711,116.5306559,207.4813811,0
5712,116.5306559,207.4813811,0
5713,116.5306559,207.4813811,0
5714,116.5306559,207.4813811,0
5715,116.5306559,207.4813811,0
5716,116.5306559,207.4813811,0
5717,116.5306559,207.4813811,0
5718,116.5306559,207.4813811,0
5719,116.5306559,207.4813811,0
5720,116.5306559,207.4813811,0
5721,116.5306559,207.4813811,0
5722,116.5306559,207.4813811,0
5723,116.5306559,207.4813811,0
5724,116.5306559,207.4813811,0
5725,116.5306559,207.4813811,0
5726,116.5306559,207.4813811,0
5727,116.5306558,207.4813811,0
5728,116.5306558,207.4813811,0
5729,116.5306558,207.4813811,0
5730,116.5306558,207.4813811,0
5731,116.5306558,207.4813811,0
5732,116.5306558,207.4813811,0
5733,116.5306558,207.4813811,0
5734,116.5306558,207.4813811,0
5735,116.5306558,207.4813811,0
5736,116.5306558,207.4813811,0
5737,116.5306558,207.4813811,0
5738,116.5306558,207.4813811,0
5739,116.5306558,207.4813811,0
5740,116.5306558,207.4813811,0
5741,116.5306558,207.4813811,0
5742,116.5306558,207.4813811,0
5743,116.5306558,207.4813811,0
5744,116.5306558,207.4813811,0
5745,116.5306558,207.4813811,0
5746,116.5306558,207.4813811,0
5747,116.5306558,207.4813811,0
5748,116.5306558,207.4813811,0
5749,116.5306558,207.4813811,0
5750,116.5306558,207.4813811,0
5751,116.5306558,207.4813811,0
5752,116.5306558,207.4813811,0
5753,116.5306558,207.4813811,0
5754,116.5306558,207.4813811,0
5755,116.5306558,207.4813811,0
5756,116.5306558,207.4813811,0
5757,116.5306558,207.4813811,0
5758,116.5306558,207.4813811,0
5759,116.5306558,207.4813811,0
5760,116.5306558,207.4813811,0
5761,116.5306558,207.4813811,0
5762,116.5306558,207.4813811,0
5763,116.5306558,207.4813811,0
5764,116.5306558,207.4813811,0
5765,116.5306558,207.4813811,0
5766,116.5306558,207.4813811,0
5767,116.5306558,207.4813811,0
5768,116.5306558,207.4813811,0
5769,116.5306558,207.4813811,0
5770,116.5306558,207.4813811,0
5771,116.5306558,207.4813811,0
5772,116.5306559,207.4813811,0
5773,116.5306559,207.4813811,0
5774,116.5306559,207.4813811,0
5775,116.5306559,207.4813811,0
5776,116.5306559,207.4813811,0
5777,116.5306559,207.4813811,0
5778,116.5306559,207.4813811,0
5779,116.5306559,207.4813811,0
5780,116.5306559,207.4813811,0
5781,116.5306559,207.4813811,0
5782,116.5306559,207.4813811,0
5783,116.5306559,207.4813811,0
5784,116.5306559,207.4813811,0
5785,116.5306559,204.6391704,0
5786,116.5306559,204.6391704,0
5787,116.5306559,204.6391704,0
5788,116.5306559,204.6391704,0
5789,116.5306559,204.6391704,0
5790,116.5306559,204.6391704,0
5791,116.5306559,204.6391704,0
5792,116.5306559,204.6391704,0
5793,116.5306559,204.6391704,0
5794,116.5306559,204.6391704,0
5795,116.5306559,204.6391704,0
5796,116.5306559,204.6391704,0
5797,116.5306559,204.6391704,0
5798,116.5306559,204.6391704,0
5799,116.5306559,204.6391704,0
5800,116.5306559,204.6391704,0
5801,116.5306559,204.6391704,0
5802,116.5306559,204.6391704,0
5803,116.5306559,204.6391704,0
5804,116.5306559,204.6391704,0
5805,116.5306559,204.6391704,0
5806,116.5306559,204.6391704,0
5807,116.5306559,204.6391704,0
5808,116.5306559,204.6391704,0
5809,116.5306559,204.6391704,0
5810,116.5306559,204.6391704,0
5811,116.5306559,204.6391704,0
5812,116.5306559,204.6391704,0
5813,116.5306559,204.6391704,0
5814,116.5306559,204.6391704,0
5815,116.5306559,204.6391704,0
5816,116.5306559,204.6391704,0
5817,116.5306559,204.6391704,0
5818,116.5306559,204.6391704,0
5819,116.5306559,204.6391704,0
5820,116.5306559,204.6391704,0
5821,116.5306559,201.7969597,0
5822,113.6884447,207.4813811,0
5823,113.6884448,207.4813811,0
5824,113.6884448,207.4813811,0
5825,113.6884448,207.4813811,0
5826,113.6884448,207.4813811,0
5827,113.6884448,207.4813811,0
5828,113.6884448,207.4813811,0
5829,113.6884448,207.4813811,0
5830,113.6884448,207.4813811,0
5831,113.6884448,207.4813811,0
5832,113.6884448,207.4813811,0
5833,113.6884448,207.4813811,0
5834,113.6884448,207.4813811,0
5835,113.6884448,207.4813811,0
5836,113.6884448,207.4813811,0
5837,113.6884448,207.4813811,0
5838,113.6884448,207.4813811,0
5839,113.6884448,207.4813811,0
5840,113.6884448,207.4813811,0
5841,113.6884448,207.4813811,0
5842,113.6884448,207.4813811,0
5843,113.6884448,207.4813811,0
5844,113.6884448,207.4813811,0
5845,113.6884448,207.4813811,0
5846,113.6884448,207.4813811,0
5847,113.6884448,207.4813811,0
5848,113.6884448,207.4813811,0
5849,113.6884448,207.4813811,0
5850,113.6884448,207.4813811,0
5851,113.6884448,207.4813811,0
5852,113.6884448,207.4813811,0
5853,113.6884448,207.4813811,0
5854,113.6884448,207.4813811,0
5855,113.6884448,207.4813811,0
5856,113.6884448,207.4813811,0
5857,113.6884448,207.4813811,0
5858,113.6884448,207.4813811,0
5859,113.6884448,207.4813811,0
5860,113.6884448,207.4813811,0
5861,113.6884448,207.4813811,0
5862,113.6884448,207.4813811,0
5863,113.6884448,207.4813811,0
5864,113.6884448,207.4813811,0
5865,113.6884448,207.4813811,0
5866,113.6884448,207.4813811,0
5867,113.6884448,207.4813811,0
5868,113.6884448,207.4813811,0
5869,113.6884448,207.4813811,0
5870,113.6884448,207.4813811,0
5871,113.6884448,207.4813811,0
5872,113.6884448,207.4813811,0
5873,113.6884448,207.4813811,0
5874,113.6884448,207.4813811,0
5875,116.5306559,207.4813811,0
5876,116.5306559,207.4813811,0
5877,116.5306559,207.4813811,0
5878,116.5306559,207.4813811,0
5879,116.5306559,207.4813811,0
5880,116.5306559,207.4813811,0
5881,116.5306559,207.4813811,0
5882,116.5306559,207.4813811,0
5883,116.5306559,207.4813811,0
5884,116.5306559,207.4813811,0
5885,116.5306559,207.4813811,0
5886,116.5306559,207.4813811,0
5887,116.5306559,207.4813811,0
5888,116.5306559,207.4813811,0
5889,116.5306559,207.4813811,0
5890,116.5306559,207.4813811,0
5891,116.5306559,207.4813811,0
5892,116.5306559,207.4813811,0
5893,116.5306559,207.4813811,0
5894,116.5306559,207.4813811,0
5895,116.5306559,207.4813811,0
5896,116.5306559,207.4813811,0
5897,116.5306559,207.4813811,0
5898,116.5306559,207.4813811,0
5899,116.5306559,207.4813811,0
5900,116.5306559,207.4813811,0
5901,116.5306559,207.4813811,0
5902,116.5306559,207.4813811,0
5903,116.5306559,207.4813811,0
5904,116.5306559,207.4813811,0
5905,116.5306559,207.4813811,0
5906,116.5306559,207.4813811,0
5907,116.5306559,207.4813811,0
5908,116.5306559,207.4813811,0
5909,116.5306559,207.4813811,0
5910,116.5306559,207.4813811,0
5911,116.5306559,207.4813811,0
5912,116.5306559,207.4813811,0
5913,116.5306559,207.4813811,0
5914,116.5306559,207.4813811,0
5915,116.5306559,207.4813811,0
5916,116.5306559,207.4813811,0
5917,116.5306559,207.4813811,0
5918,116.5306559,207.4813811,0
5919,116.5306559,207.4813811,0
5920,116.5306559,207.4813811,0
5921,116.5306559,207.4813811,0
5922,116.5306559,207.4813811,0
5923,116.5306559,207.4813811,0
5924,116.5306559,207.4813811,0
5925,116.5306559,207.4813811,0
5926,116.5306559,207.4813811,0
5927,116.5306559,207.4813811,0
5928,116.5306559,207.4813811,0
5929,116.5306559,207.4813811,0
5930,116.5306558,207.4813811,0
5931,116.5306558,207.4813811,0
5932,116.5306558,207.4813811,0
5933,116.5306558,207.4813811,0
5934,113.6884447,207.4813811,0
5935,113.6884447,207.4813811,0
5936,113.6884447,207.4813811,0
5937,113.6884447,207.4813811,0
5938,113.6884447,207.4813811,0
5939,113.6884447,207.4813811,0
5940,113.6884447,207.4813811,0
5941,113.6884447,207.4813811,0
5942,113.6884447,207.4813811,0
5943,113.6884447,207.4813811,0
5944,113.6884447,207.4813811,0
5945,113.6884447,207.4813811,0
5946,113.6884447,207.4813811,0
5947,113.6884447,207.4813811,0
5948,113.6884447,207.4813811,0
5949,113.6884447,207.4813811,0
5950,113.6884447,207.4813811,0
5951,113.6884447,207.4813811,0
5952,113.6884447,207.4813811,0
5953,113.6884447,207.4813811,0
5954,113.6884447,207.4813811,0
5955,113.6884447,207.4813811,0
5956,113.6884447,207.4813811,0
5957,113.6884447,204.6391704,0
5958,113.6884447,204.6391704,0
5959,113.6884447,204.6391704,0
5960,113.6884447,204.6391704,0
5961,113.6884447,204.6391704,0
5962,113.6884447,207.4813811,0
5963,113.6884447,207.4813811,0
5964,113.6884447,207.4813811,0
5965,113.6884447,207.4813811,0
5966,113.6884447,207.4813811,0
5967,113.6884447,207.4813811,0
5968,113.6884447,207.4813811,0
5969,113.6884447,207.4813811,0
5970,113.6884447,207.4813811,0
5971,113.6884447,207.4813811,0
5972,113.6884448,207.4813811,0
5973,113.6884448,207.4813811,0
5974,113.6884448,207.4813811,0
5975,113.6884448,207.4813811,0
5976,113.6884448,207.4813811,0
5977,113.6884448,207.4813811,0
5978,113.6884448,207.4813811,0
5979,113.6884448,207.4813811,0
5980,116.5306559,207.4813811,0
5981,116.5306559,207.4813811,0
5982,116.5306559,207.4813811,0
5983,116.5306559,207.4813811,0
5984,116.5306559,207.4813811,0
5985,116.5306559,207.4813811,0
5986,116.5306559,207.4813811,0
5987,116.5306559,207.4813811,0
5988,116.5306559,207.4813811,0
5989,116.5306559,207.4813811,0
5990,116.5306559,207.4813811,0
5991,116.5306559,207.4813811,0
5992,116.5306559,207.4813811,0
5993,116.5306559,207.4813811,0
5994,116.5306559,207.4813811,0
5995,116.5306559,207.4813811,0
5996,116.5306559,207.4813811,0
5997,116.5306559,207.4813811,0
5998,116.5306559,207.4813811,0
5999,116.5306559,207.4813811,0
6000,116.5306559,207.4813811,0
6001,116.5306559,207.4813811,0
6002,116.5306559,207.4813811,0
6003,116.5306559,207.4813811,0
6004,116.5306559,207.4813811,0
6005,116.5306559,207.4813811,0
6006,116.5306559,207.4813811,0
6007,116.5306559,207.4813811,0
6008,116.5306559,207.4813811,0
6009,116.5306559,207.4813811,0
6010,116.5306559,207.4813811,0
6011,116.5306559,207.4813811,0
6012,116.5306559,207.4813811,0
6013,116.5306559,207.4813811,0
6014,116.5306559,207.4813811,0
6015,116.5306559,207.4813811,0
6016,116.5306559,207.4813811,0
6017,116.5306559,207.4813811,0
6018,116.5306559,207.4813811,0
6019,116.5306559,207.4813811,0
6020,116.5306559,207.4813811,0
6021,116.5306559,207.4813811,0
6022,116.5306559,207.4813811,0
6023,116.5306559,207.4813811,0
6024,116.5306559,207.4813811,0
6025,116.5306559,207.4813811,0
6026,116.5306559,207.4813811,0
6027,116.5306559,207.4813811,0
6028,116.5306559,207.4813811,0
6029,116.5306559,207.4813811,0
6030,116.5306559,207.4813811,0
6031,116.5306559,207.4813811,0
6032,116.5306559,207.4813811,0
6033,116.5306559,207.4813811,0
6034,116.5306559,207.4813811,0
6035,116.5306559,207.4813811,0
6036,116.5306559,207.4813811,0
6037,116.5306559,207.4813811,0
6038,116.5306559,204.6391704,0
6039,116.5306559,204.6391704,0
6040,116.5306559,204.6391704,0
6041,116.5306559,204.6391704,0
6042,116.5306559,204.6391704,0
6043,116.5306559,204.6391704,0
6044,116.5306559,204.6391704,0
6045,116.5306559,204.6391704,0
6046,116.5306559,204.6391704,0
6047,116.5306559,204.6391704,0
6048,116.5306559,207.4813811,0
6049,116.5306559,207.4813811,0
6050,116.5306559,207.4813811,0
6051,116.5306559,207.4813811,0
6052,116.5306559,207.4813811,0
6053,116.5306559,207.4813811,0
6054,116.5306559,207.4813811,0
6055,116.5306559,207.4813811,0
6056,116.5306559,207.4813811,0
6057,116.5306559,207.4813811,0
6058,116.5306559,207.4813811,0
6059,116.5306559,207.4813811,0
6060,116.5306559,207.4813811,0
6061,116.5306559,207.4813811,0
6062,116.5306559,207.4813811,0
6063,116.5306559,207.4813811,0
6064,116.5306559,207.4813811,0
6065,116.5306559,207.4813811,0
6066,116.5306559,207.4813811,0
6067,116.5306559,207.4813811,0
6068,116.5306559,207.4813811,0
6069,116.5306559,207.4813811,0
6070,116.5306559,207.4813811,0
6071,116.5306559,207.4813811,0
6072,116.5306559,207.4813811,0
6073,116.5306559,207.4813811,0
6074,116.5306559,207.4813811,0
6075,116.5306559,207.4813811,0
6076,116.5306559,207.4813811,0
6077,116.5306559,207.4813811,0
6078,116.5306559,207.4813811,0
6079,116.5306559,207.4813811,0
6080,116.5306559,207.4813811,0
6081,116.5306559,207.4813811,0
6082,116.5306559,207.4813811,0
6083,116.5306559,207.4813811,0
6084,116.5306559,207.4813811,0
6085,119.372867,207.4813811,0
6086,119.372867,207.4813811,0
6087,119.372867,207.4813811,0
6088,119.372867,207.4813811,0
6089,119.372867,207.4813811,0
6090,119.372867,207.4813811,0
6091,119.372867,207.4813811,0
6092,119.372867,207.4813811,0
6093,119.372867,207.4813811,0
6094,119.372867,207.4813811,0
6095,119.372867,207.4813811,0
6096,119.372867,207.4813811,0
6097,119.372867,207.4813811,0
6098,119.372867,207.4813811,0
6099,119.372867,207.4813811,0
6100,119.372867,207.4813811,0
6101,119.372867,207.4813811,0
6102,119.372867,207.4813811,0
6103,119.372867,207.4813811,0
6104,119.372867,207.4813811,0
6105,119.372867,207.4813811,0
6106,119.372867,207.4813811,0
6107,119.372867,207.4813811,0
6108,119.372867,207.4813811,0
6109,119.372867,207.4813811,0
6110,119.372867,207.4813811,0
6111,119.372867,207.4813811,0
6112,119.372867,207.4813811,0
6113,119.372867,207.4813811,0
6114,119.372867,207.4813811,0
6115,119.372867,207.4813811,0
6116,119.372867,207.4813811,0
6117,119.372867,207.4813811,0
6118,119.372867,207.4813811,0
6119,119.372867,207.4813811,0
6120,119.372867,207.4813811,0
6121,119.372867,207.4813811,0
6122,119.372867,207.4813811,0
6123,119.372867,207.4813811,0
6124,119.372867,207.4813811,0
6125,119.372867,207.4813811,0
6126,119.372867,207.4813811,0
6127,119.372867,207.4813811,0
6128,119.372867,207.4813811,0
6129,119.372867,207.4813811,0
6130,119.372867,207.4813811,0
6131,119.372867,207.4813811,0
6132,119.372867,207.4813811,0
6133,119.372867,207.4813811,0
6134,119.372867,207.4813811,0
6135,119.372867,207.4813811,0
6136,119.372867,207.4813811,0
6137,119.372867,207.4813811,0
6138,119.372867,207.4813811,0
6139,119.372867,207.4813811,0
6140,119.372867,207.4813811,0
6141,119.372867,207.4813811,0
6142,119.372867,207.4813811,0
6143,119.3728669,207.4813811,0
6144,119.3728669,207.4813811,0
6145,119.3728669,207.4813811,0
6146,119.3728669,207.4813811,0
6147,119.3728669,207.4813811,0
6148,119.3728669,207.4813811,0
6149,119.3728669,207.4813811,0
6150,119.3728669,207.4813811,0
6151,119.3728669,207.4813811,0
6152,119.3728669,204.6391704,0
6153,119.3728669,204.6391704,0
6154,119.3728669,204.6391704,0
6155,119.3728669,204.6391704,0
6156,119.3728669,204.6391704,0
6157,119.3728669,204.6391704,0
6158,119.3728669,204.6391704,0
6159,119.3728669,204.6391704,0
6160,119.3728669,204.6391704,0
6161,119.3728669,204.6391704,0
6162,119.3728669,204.6391704,0
6163,119.3728669,204.6391704,0
6164,119.3728669,204.6391704,0
6165,119.3728669,204.6391704,0
6166,119.3728669,207.4813811,0
6167,119.3728669,207.4813811,0
6168,119.3728669,207.4813811,0
6169,119.3728669,207.4813811,0
6170,119.3728669,207.4813811,0
6171,119.3728669,207.4813811,0
6172,119.3728669,207.4813811,0
6173,116.5306559,207.4813811,0
6174,116.5306559,207.4813811,0
6175,116.5306559,207.4813811,0
6176,116.5306559,207.4813811,0
6177,119.372867,207.4813811,0
6178,119.372867,207.4813811,0
6179,119.372867,207.4813811,0
6180,119.372867,207.4813811,0
6181,119.372867,207.4813811,0
6182,119.372867,207.4813811,0
6183,119.372867,207.4813811,0
6184,119.372867,207.4813811,0
6185,119.372867,207.4813811,0
6186,119.372867,207.4813811,0
6187,119.372867,207.4813811,0
6188,119.372867,207.4813811,0
6189,119.372867,207.4813811,0
6190,119.372867,207.4813811,0
6191,119.372867,207.4813811,0
6192,119.372867,207.4813811,0
6193,119.372867,207.4813811,0
6194,119.372867,207.4813811,0
6195,119.372867,207.4813811,0
6196,119.372867,207.4813811,0
6197,119.372867,207.4813811,0
6198,119.372867,207.4813811,0
6199,119.372867,207.4813811,0
6200,119.372867,207.4813811,0
6201,119.372867,207.4813811,0
6202,119.372867,207.4813811,0
6203,119.372867,207.4813811,0
6204,119.372867,207.4813811,0
6205,119.372867,207.4813811,0
6206,119.372867,207.4813811,0
6207,119.372867,207.4813811,0
6208,119.372867,207.4813811,0
6209,119.372867,207.4813811,0
6210,119.372867,207.4813811,0
6211,119.372867,207.4813811,0
6212,119.372867,207.4813811,0
6213,119.372867,207.4813811,0
6214,119.372867,207.4813811,0
6215,119.372867,207.4813811,0
6216,119.372867,204.6391704,0
6217,119.372867,204.6391704,0
6218,119.372867,204.6391704,0
6219,119.372867,204.6391704,0
6220,119.372867,204.6391704,0
6221,119.372867,204.6391704,0
6222,119.372867,204.6391704,0
6223,119.372867,204.6391704,0
6224,119.372867,204.6391704,0
6225,119.372867,204.6391704,0
6226,119.372867,204.6391704,0
6227,116.5306559,204.6391704,0
6228,116.5306559,204.6391704,0
6229,116.5306559,204.6391704,0
6230,116.5306559,204.6391704,0
6231,116.5306559,204.6391704,0
6232,116.5306559,204.6391704,0
6233,116.5306559,204.6391704,0
6234,116.5306559,204.6391704,0
6235,116.5306559,204.6391704,0
6236,116.5306559,204.6391704,0
6237,116.5306559,204.6391704,0
6238,116.5306559,204.6391704,0
6239,116.5306559,204.6391704,0
6240,116.5306559,204.6391704,0
6241,116.5306559,204.6391704,0
6242,116.5306559,204.6391704,0
6243,116.5306559,204.6391704,0
6244,116.5306559,207.4813811,0
6245,116.5306559,207.4813811,0
6246,116.5306559,207.4813811,0
6247,116.5306559,207.4813811,0
6248,116.5306559,207.4813811,0
6249,116.5306559,207.4813811,0
6250,116.5306559,207.4813811,0
6251,119.3728669,207.4813811,0
6252,119.3728669,207.4813811,0
6253,119.3728669,207.4813811,0
6254,119.3728669,207.4813811,0
6255,119.3728669,207.4813811,0
6256,119.3728669,207.4813811,0
6257,119.3728669,207.4813811,0
6258,119.3728669,207.4813811,0
6259,119.3728669,207.4813811,0
6260,119.3728669,207.4813811,0
6261,119.3728669,207.4813811,0
6262,119.3728669,207.4813811,0
6263,119.3728669,207.4813811,0
6264,119.3728669,207.4813811,0
6265,119.3728669,207.4813811,0
6266,119.3728669,207.4813811,0
6267,119.3728669,207.4813811,0
6268,119.3728669,207.4813811,0
6269,119.3728669,207.4813811,0
6270,119.3728669,207.4813811,0
6271,119.3728669,207.4813811,0
6272,119.3728669,207.4813811,0
6273,119.3728669,207.4813811,0
6274,119.3728669,207.4813811,0
6275,119.3728669,207.4813811,0
6276,119.3728669,207.4813811,0
6277,119.3728669,207.4813811,0
6278,119.3728669,207.4813811,0
6279,119.3728669,207.4813811,0
6280,119.3728669,207.4813811,0
6281,119.3728669,207.4813811,0
6282,119.3728669,207.4813811,0
6283,119.3728669,207.4813811,0
6284,119.3728669,207.4813811,0
6285,119.3728669,207.4813811,0
6286,119.3728669,207.4813811,0
6287,119.3728669,207.4813811,0
6288,119.3728669,207.4813811,0
6289,119.3728669,207.4813811,0
6290,119.3728669,207.4813811,0
6291,119.3728669,207.4813811,0
6292,119.3728669,207.4813811,0
6293,119.3728669,207.4813811,0
6294,119.372867,204.6391704,0
6295,119.372867,204.6391704,0
6296,119.372867,204.6391704,0
6297,119.372867,204.6391704,0
6298,119.372867,204.6391704,0
6299,119.372867,204.6391704,0
6300,119.372867,204.6391704,0
6301,119.372867,204.6391704,0
6302,119.372867,204.6391704,0
6303,119.372867,204.6391704,0
6304,119.372867,204.6391704,0
6305,119.372867,204.6391704,0
6306,119.372867,204.6391704,0
6307,119.372867,201.7969597,0
6308,119.372867,201.7969597,0
6309,119.372867,201.7969597,0
6310,119.372867,201.7969597,0
6311,119.372867,201.7969597,0
6312,119.372867,201.7969597,0
6313,119.372867,201.7969597,0
6314,119.372867,201.7969597,0
6315,119.372867,201.7969597,0
6316,119.372867,201.7969597,0
6317,119.372867,201.7969597,0
6318,119.372867,201.7969597,0
6319,119.372867,201.7969597,0
6320,119.372867,201.7969597,0
6321,119.372867,201.7969597,0
6322,119.372867,201.7969597,0
6323,119.372867,201.7969597,0
6324,119.372867,201.7969597,0
6325,119.372867,201.7969597,0
6326,119.372867,201.7969597,0
6327,119.372867,207.4813811,0
6328,119.372867,207.4813811,0
6329,119.372867,207.4813811,0
6330,119.372867,207.4813811,0
6331,119.372867,207.4813811,0
6332,119.372867,207.4813811,0
6333,119.372867,207.4813811,0
6334,119.372867,207.4813811,0
6335,119.372867,207.4813811,0
6336,119.372867,207.4813811,0
6337,119.372867,207.4813811,0
6338,119.372867,207.4813811,0
6339,119.372867,207.4813811,0
6340,119.372867,207.4813811,0
6341,119.372867,207.4813811,0
6342,119.372867,207.4813811,0
6343,119.372867,207.4813811,0
6344,116.5306559,207.4813811,0
6345,116.5306559,207.4813811,0
6346,116.5306559,207.4813811,0
6347,116.5306559,207.4813811,0
6348,116.5306559,207.4813811,0
6349,116.5306559,207.4813811,0
6350,116.5306559,207.4813811,0
6351,116.5306559,207.4813811,0
6352,116.5306559,207.4813811,0
6353,116.5306559,207.4813811,0
6354,116.5306559,207.4813811,0
6355,116.5306559,207.4813811,0
6356,116.5306559,207.4813811,0
6357,116.5306559,207.4813811,0
6358,116.5306559,207.4813811,0
6359,116.5306559,207.4813811,0
6360,116.5306559,207.4813811,0
6361,116.5306559,207.4813811,0
6362,116.5306559,207.4813811,0
6363,116.5306559,207.4813811,0
6364,116.5306559,207.4813811,0
6365,116.5306559,207.4813811,0
6366,116.5306559,207.4813811,0
6367,116.5306559,207.4813811,0
6368,116.5306559,207.4813811,0
6369,116.5306559,207.4813811,0
6370,119.3728669,207.4813811,0
6371,119.3728669,207.4813811,0
6372,119.3728669,207.4813811,0
6373,119.3728669,207.4813811,0
6374,119.3728669,207.4813811,0
6375,119.3728669,207.4813811,0
6376,119.3728669,207.4813811,0
6377,119.3728669,204.6391704,0
6378,119.3728669,204.6391704,0
6379,119.3728669,204.6391704,0
6380,119.3728669,204.6391704,0
6381,119.3728669,204.6391704,0
6382,119.3728669,204.6391704,0
6383,119.3728669,204.6391704,0
6384,119.3728669,204.6391704,0
6385,119.3728669,204.6391704,0
6386,119.3728669,204.6391704,0
6387,119.3728669,204.6391704,0
6388,119.3728669,204.6391704,0
6389,119.3728669,204.6391704,0
6390,119.3728669,204.6391704,0
6391,119.3728669,204.6391704,0
6392,119.3728669,204.6391704,0
6393,119.3728669,204.6391704,0
6394,119.3728669,204.6391704,0
6395,119.3728669,204.6391704,0
6396,119.3728669,204.6391704,0
6397,119.3728669,204.6391704,0
6398,119.3728669,204.6391704,0
6399,119.3728669,204.6391704,0
6400,119.3728669,204.6391704,0
6401,119.3728669,204.6391704,0
6402,119.3728669,204.6391704,0
6403,119.3728669,204.6391704,0
6404,119.3728669,204.6391704,0
6405,119.3728669,204.6391704,0
6406,119.3728669,204.6391704,0
6407,119.3728669,204.6391704,0
6408,119.3728669,204.6391704,0
6409,119.3728669,204.6391704,0
6410,119.3728669,204.6391704,0
6411,119.3728669,204.6391704,0
6412,119.3728669,204.6391704,0
6413,119.3728669,204.6391704,0
6414,119.3728669,204.6391704,0
6415,119.3728669,204.6391704,0
6416,119.3728669,204.6391704,0
6417,119.3728669,204.6391704,0
6418,119.3728669,204.6391704,0
6419,119.3728669,204.6391704,0
6420,119.3728669,204.6391704,0
6421,119.3728669,204.6391704,0
6422,119.3728669,204.6391704,0
6423,119.3728669,207.4813811,0
6424,119.3728669,207.4813811,0
6425,119.3728669,207.4813811,0
6426,119.3728669,207.4813811,0
6427,119.3728669,207.4813811,0
6428,119.3728669,207.4813811,0
6429,119.3728669,207.4813811,0
6430,119.3728669,207.4813811,0
6431,119.3728669,207.4813811,0
6432,119.3728669,207.4813811,0
6433,119.3728669,207.4813811,0
6434,119.3728669,207.4813811,0
6435,119.3728669,207.4813811,0
6436,116.5306559,207.4813811,0
6437,116.5306559,207.4813811,0
6438,116.5306559,207.4813811,0
6439,116.5306559,207.4813811,0
6440,116.5306559,207.4813811,0
6441,116.5306559,207.4813811,0
6442,116.5306559,207.4813811,0
6443,119.3728669,207.4813811,0
6444,119.3728669,207.4813811,0
6445,119.3728669,207.4813811,0
6446,119.3728669,207.4813811,0
6447,119.3728669,207.4813811,0
6448,119.3728669,207.4813811,0
6449,119.3728669,207.4813811,0
6450,119.3728669,207.4813811,0
6451,119.3728669,207.4813811,0
6452,119.3728669,207.4813811,0
6453,119.3728669,207.4813811,0
6454,119.3728669,207.4813811,0
6455,119.3728669,207.4813811,0
6456,119.3728669,207.4813811,0
6457,119.3728669,207.4813811,0
6458,119.3728669,207.4813811,0
6459,119.3728669,207.4813811,0
6460,119.3728669,207.4813811,0
6461,119.3728669,207.4813811,0
6462,119.3728669,207.4813811,0
6463,119.3728669,207.4813811,0
6464,119.3728669,207.4813811,0
6465,119.3728669,207.4813811,0
6466,119.3728669,207.4813811,0
6467,119.3728669,207.4813811,0
6468,119.3728669,207.4813811,0
6469,119.3728669,207.4813811,0
6470,119.3728669,207.4813811,0
6471,119.3728669,207.4813811,0
6472,119.3728669,207.4813811,0
6473,119.3728669,204.6391704,0
6474,119.3728669,204.6391704,0
6475,119.3728669,204.6391704,0
6476,119.3728669,204.6391704,0
6477,119.3728669,204.6391704,0
6478,119.3728669,204.6391704,0
6479,119.3728669,204.6391704,0
6480,119.3728669,204.6391704,0
6481,119.3728669,204.6391704,0
6482,119.3728669,204.6391704,0
6483,119.3728669,204.6391704,0
6484,119.3728669,204.6391704,0
6485,119.3728669,204.6391704,0
6486,119.3728669,204.6391704,0
6487,119.3728669,204.6391704,0
6488,119.3728669,204.6391704,0
6489,119.3728669,204.6391704,0
6490,119.3728669,204.6391704,0
6491,119.3728669,204.6391704,0
6492,119.3728669,204.6391704,0
6493,119.3728669,204.6391704,0
6494,119.3728669,204.6391704,0
6495,119.3728669,204.6391704,0
6496,119.3728669,204.6391704,0
6497,119.3728669,204.6391704,0
6498,119.3728669,204.6391704,0
6499,119.3728669,204.6391704,0
6500,119.3728669,204.6391704,0
6501,119.3728669,204.6391704,0
6502,119.3728669,204.6391704,0
6503,119.3728669,204.6391704,0
6504,119.3728669,204.6391704,0
6505,119.372867,204.6391704,0
6506,119.372867,204.6391704,0
6507,119.372867,204.6391704,0
6508,119.372867,204.6391704,0
6509,119.372867,204.6391704,0
6510,119.372867,204.6391704,0
6511,119.372867,204.6391704,0
6512,119.372867,204.6391704,0
6513,119.372867,204.6391704,0
6514,119.372867,204.6391704,0
6515,119.372867,204.6391704,0
6516,119.372867,204.6391704,0
6517,119.372867,204.6391704,0
6518,119.372867,204.6391704,0
6519,119.372867,204.6391704,0
6520,119.372867,204.6391704,0
6521,119.372867,204.6391704,0
6522,119.372867,204.6391704,0
6523,119.372867,204.6391704,0
6524,119.372867,204.6391704,0
6525,119.372867,204.6391704,0
6526,119.372867,204.6391704,0
6527,119.372867,204.6391704,0
6528,119.372867,204.6391704,0
6529,119.372867,204.6391704,0
6530,119.372867,204.6391704,0
6531,119.372867,204.6391704,0
6532,119.372867,204.6391704,0
6533,119.372867,204.6391704,0
6534,119.372867,204.6391704,0
6535,119.372867,204.6391704,0
6536,119.372867,204.6391704,0
6537,119.372867,204.6391704,0
6538,119.372867,204.6391704,0
6539,119.372867,204.6391704,0
6540,119.372867,204.6391704,0
6541,119.372867,204.6391704,0
6542,119.372867,204.6391704,0
6543,119.372867,204.6391704,0
6544,119.372867,204.6391704,0
6545,119.372867,204.6391704,0
6546,119.372867,204.6391704,0
6547,119.372867,204.6391704,0
6548,119.372867,204.6391704,0
6549,119.372867,204.6391704,0
6550,119.372867,204.6391704,0
6551,119.372867,204.6391704,0
6552,119.372867,204.6391704,0
6553,119.372867,207.4813811,0
6554,119.372867,207.4813811,0
6555,119.372867,207.4813811,0
6556,119.372867,207.4813811,0
6557,119.372867,207.4813811,0
6558,119.372867,207.4813811,0
6559,119.372867,207.4813811,0
6560,119.372867,207.4813811,0
6561,119.372867,207.4813811,0
6562,119.372867,207.4813811,0
6563,119.372867,207.4813811,0
6564,122.2150781,207.4813811,0
6565,122.2150781,207.4813811,0
6566,122.2150781,207.4813811,0
6567,122.2150781,207.4813811,0
6568,122.2150781,207.4813811,0
6569,122.2150781,207.4813811,0
6570,122.2150781,207.4813811,0
6571,122.2150781,207.4813811,0
6572,122.2150781,207.4813811,0
6573,122.2150781,207.4813811,0
6574,122.2150781,207.4813811,0
6575,122.2150781,207.4813811,0
6576,122.2150781,207.4813811,0
6577,122.2150781,207.4813811,0
6578,122.2150781,207.4813811,0
6579,122.2150781,207.4813811,0
6580,122.2150781,207.4813811,0
6581,122.2150781,207.4813811,0
6582,122.2150781,207.4813811,0
6583,122.2150781,207.4813811,0
6584,122.2150781,207.4813811,0
6585,122.2150781,207.4813811,0
6586,122.2150781,207.4813811,0
6587,122.2150781,207.4813811,0
6588,122.2150781,207.4813811,0
6589,122.2150781,207.4813811,0
6590,122.2150781,207.4813811,0
6591,122.2150781,207.4813811,0
6592,122.2150781,207.4813811,0
6593,122.2150781,207.4813811,0
6594,122.2150781,207.4813811,0
6595,122.2150781,207.4813811,0
6596,122.2150781,207.4813811,0
6597,122.2150781,207.4813811,0
6598,122.2150781,207.4813811,0
6599,122.2150781,207.4813811,0
6600,122.2150781,207.4813811,0
6601,122.2150781,207.4813811,0
6602,122.2150781,207.4813811,0
6603,122.2150781,207.4813811,0
6604,122.2150781,207.4813811,0
6605,122.2150781,207.4813811,0
6606,122.2150781,207.4813811,0
6607,122.2150781,207.4813811,0
6608,122.2150781,207.4813811,0
6609,122.2150781,207.4813811,0
6610,122.2150781,207.4813811,0
6611,122.2150781,207.4813811,0
6612,122.2150781,207.4813811,0
6613,122.2150781,207.4813811,0
6614,119.372867,207.4813811,0
6615,119.372867,207.4813811,0
6616,119.372867,207.4813811,0
6617,119.372867,207.4813811,0
6618,122.2150781,207.4813811,0
6619,122.2150781,207.4813811,0
6620,122.2150781,207.4813811,0
6621,122.2150781,207.4813811,0
6622,122.2150781,207.4813811,0
6623,122.2150781,207.4813811,0
6624,122.2150781,207.4813811,0
6625,122.2150781,207.4813811,0
6626,122.2150781,207.4813811,0
6627,122.2150781,207.4813811,0
6628,122.2150781,207.4813811,0
6629,122.2150781,207.4813811,0
6630,122.2150781,207.4813811,0
6631,122.2150781,207.4813811,0
6632,122.2150781,207.4813811,0
6633,122.2150781,207.4813811,0
6634,122.2150781,207.4813811,0
6635,122.2150781,207.4813811,0
6636,122.2150781,207.4813811,0
6637,122.2150781,207.4813811,0
6638,122.2150781,207.4813811,0
6639,122.2150781,207.4813811,0
6640,122.2150781,207.4813811,0
6641,122.2150781,207.4813811,0
6642,122.2150781,207.4813811,0
6643,122.2150781,207.4813811,0
6644,122.2150781,207.4813811,0
6645,122.2150781,207.4813811,0
6646,122.2150781,207.4813811,0
6647,122.2150781,207.4813811,0
6648,122.2150781,207.4813811,0
6649,122.2150781,207.4813811,0
6650,122.2150781,207.4813811,0
6651,122.2150781,207.4813811,0
6652,122.2150781,207.4813811,0
6653,122.2150781,207.4813811,0
6654,122.2150781,207.4813811,0
6655,122.2150781,207.4813811,0
6656,122.2150781,207.4813811,0
6657,122.2150781,207.4813811,0
6658,122.2150781,207.4813811,0
6659,122.2150781,207.4813811,0
6660,122.2150781,207.4813811,0
6661,122.2150781,207.4813811,0
6662,122.2150781,207.4813811,0
6663,122.2150781,207.4813811,0
6664,122.2150781,207.4813811,0
6665,122.2150781,207.4813811,0
6666,122.2150781,207.4813811,0
6667,122.2150781,207.4813811,0
6668,122.2150781,207.4813811,0
6669,122.2150781,207.4813811,0
6670,122.2150781,207.4813811,0
6671,122.2150781,207.4813811,0
6672,122.2150781,207.4813811,0
6673,122.2150781,207.4813811,0
6674,122.2150781,207.4813811,0
6675,122.2150781,207.4813811,0
6676,122.2150781,207.4813811,0
6677,122.2150781,207.4813811,0
6678,122.2150781,207.4813811,0
6679,122.2150781,207.4813811,0
6680,122.2150781,207.4813811,0
6681,122.2150781,207.4813811,0
6682,122.2150781,207.4813811,0
6683,122.2150781,207.4813811,0
6684,122.2150781,207.4813811,0
6685,122.2150781,207.4813811,0
6686,122.2150781,207.4813811,0
6687,122.2150781,207.4813811,0
6688,122.2150781,207.4813811,0
6689,122.2150781,207.4813811,0
6690,122.2150781,207.4813811,0
6691,122.2150781,207.4813811,0
6692,125.0572893,207.4813811,0
6693,125.0572893,207.4813811,0
6694,125.0572893,207.4813811,0
6695,125.0572893,207.4813811,0
6696,125.0572893,207.4813811,0
6697,125.0572893,207.4813811,0
6698,125.0572893,207.4813811,0
6699,125.0572893,207.4813811,0
6700,125.0572893,207.4813811,0
6701,125.0572893,207.4813811,0
6702,125.0572893,207.4813811,0
6703,125.0572893,207.4813811,0
6704,125.0572893,207.4813811,0
6705,125.0572893,207.4813811,0
6706,125.0572893,207.4813811,0
6707,125.0572893,207.4813811,0
6708,125.0572893,207.4813811,0
6709,125.0572893,207.4813811,0
6710,125.0572893,207.4813811,0
6711,125.0572893,207.4813811,0
6712,125.0572893,207.4813811,0
6713,125.0572893,207.4813811,0
6714,125.0572893,207.4813811,0
6715,125.0572893,207.4813811,0
6716,125.0572893,207.4813811,0
6717,125.0572893,207.4813811,0
6718,125.0572893,207.4813811,0
6719,125.0572893,207.4813811,0
6720,125.0572893,207.4813811,0
6721,125.0572893,207.4813811,0
6722,125.0572893,207.4813811,0
6723,125.0572893,207.4813811,0
6724,125.0572893,207.4813811,0
6725,125.0572893,207.4813811,0
6726,125.0572893,207.4813811,0
6727,125.0572893,207.4813811,0
6728,125.0572893,207.4813811,0
6729,125.0572893,207.4813811,0
6730,125.0572893,207.4813811,0
6731,125.0572893,207.4813811,0
6732,125.0572893,207.4813811,0
6733,125.0572893,207.4813811,0
6734,125.0572893,207.4813811,0
6735,125.0572893,207.4813811,0
6736,125.0572893,207.4813811,0
6737,125.0572893,207.4813811,0
6738,125.0572893,207.4813811,0
6739,125.0572893,207.4813811,0
6740,125.0572893,207.4813811,0
6741,125.0572893,207.4813811,0
6742,125.0572891,207.4813811,0
6743,125.0572891,207.4813811,0
6744,125.0572891,207.4813811,0
6745,125.0572891,207.4813811,0
6746,125.0572891,207.4813811,0
6747,125.0572891,207.4813811,0
6748,125.0572891,207.4813811,0
6749,125.0572891,207.4813811,0
6750,125.0572891,207.4813811,0
6751,125.0572891,204.6391704,0
6752,125.0572891,204.6391704,0
6753,125.0572891,204.6391704,0
6754,125.0572891,204.6391704,0
6755,125.0572891,204.6391704,0
6756,125.0572891,204.6391704,0
6757,125.0572891,204.6391704,0
6758,125.0572891,204.6391704,0
6759,125.0572891,204.6391704,0
6760,127.8995002,204.6391704,0
6761,127.8995002,204.6391704,0
6762,127.8995002,204.6391704,0
6763,127.8995002,204.6391704,0
6764,127.8995002,204.6391704,0
6765,127.8995002,204.6391704,0
6766,127.8995002,204.6391704,0
6767,127.8995002,204.6391704,0
6768,127.8995002,204.6391704,0
6769,127.8995002,204.6391704,0
6770,127.8995002,204.6391704,0
6771,127.8995004,204.6391704,0
6772,127.8995004,204.6391704,0
6773,127.8995004,204.6391704,0
6774,127.8995004,204.6391704,0
6775,127.8995004,204.6391704,0
6776,127.8995004,204.6391704,0
6777,136.4261337,204.6391704,0
6778,136.4261337,204.6391704,0
6779,136.4261337,204.6391704,0
6780,136.4261337,204.6391704,0
6781,136.4261337,204.6391704,0
6782,136.4261337,207.4813811,0
6783,136.4261337,207.4813811,0
6784,136.4261337,207.4813811,0
6785,136.4261337,207.4813811,0
6786,136.4261337,207.4813811,0
6787,136.4261337,207.4813811,0
6788,136.4261337,207.4813811,0
6789,139.2683449,207.4813811,0
6790,139.2683449,207.4813811,0
6791,139.2683449,207.4813811,0
6792,139.2683449,207.4813811,0
6793,139.2683449,210.3235918,0
6794,139.2683449,210.3235918,0
6795,139.2683449,210.3235918,0
6796,139.2683449,210.3235918,0
6797,139.2683449,210.3235918,0
6798,139.2683449,210.3235918,0
6799,139.2683449,210.3235918,0
6800,139.2683449,210.3235918,0
6801,139.2683449,210.3235918,0
6802,139.2683449,210.3235918,0
6803,144.9527669,210.3235918,0
6804,144.9527669,210.3235918,0
6805,144.9527669,210.3235918,0
6806,144.9527669,213.1658025,0
6807,144.9527669,213.1658025,0
6808,144.9527669,213.1658025,0
6809,144.9527669,213.1658025,0
6810,144.9527669,213.1658025,0
6811,144.9527669,213.1658025,0
6812,144.9527669,213.1658025,0
6813,144.9527669,213.1658025,0
6814,150.6371893,213.1658025,0
6815,150.6371893,213.1658025,0
6816,150.6371893,213.1658025,0
6817,150.6371893,213.1658025,0
6818,150.6371893,213.1658025,0
6819,150.6371893,213.1658025,0
6820,150.6371893,213.1658025,0
6821,150.6371893,213.1658025,0
6822,150.6371893,213.1658025,0
6823,150.6371893,213.1658025,0
6824,150.6371893,213.1658025,0
6825,150.6371893,213.1658025,0
6826,150.6371893,213.1658025,0
6827,150.6371893,213.1658025,0
6828,150.6371893,213.1658025,0
6829,150.6371893,213.1658025,0
6830,150.6371893,213.1658025,0
6831,150.6371893,213.1658025,0
6832,150.6371893,213.1658025,0
6833,150.6371893,213.1658025,0
6834,150.6371893,213.1658025,0
6835,150.6371893,213.1658025,0
6836,150.6371893,213.1658025,0
6837,150.6371893,213.1658025,0
6838,150.6371893,213.1658025,0
6839,150.6371893,213.1658025,0
6840,150.6371893,213.1658025,0
6841,150.6371893,213.1658025,0
6842,150.6371893,213.1658025,0
6843,150.6371893,213.1658025,0
6844,150.6371893,213.1658025,0
6845,150.6371893,213.1658025,0
6846,150.6371893,213.1658025,0
6847,150.6371893,213.1658025,0
6848,150.6371893,213.1658025,0
6849,150.6371893,213.1658025,0
6850,150.6371893,213.1658025,0
6851,150.6371893,213.1658025,0
6852,150.6371893,213.1658025,0
6853,150.6371893,213.1658025,0
6854,150.6371893,213.1658025,0
6855,150.6371893,213.1658025,0
6856,150.6371893,210.3235918,0
6857,150.6371893,210.3235918,0
6858,150.6371893,210.3235918,0
6859,150.6371893,210.3235918,0
6860,150.6371893,210.3235918,0
6861,150.6371893,210.3235918,0
6862,150.6371893,210.3235918,0
6863,150.6371893,210.3235918,0
6864,147.7949782,210.3235918,0
6865,147.794978,210.3235918,0
6866,147.794978,210.3235918,0
6867,147.794978,210.3235918,0
6868,147.794978,210.3235918,0
6869,147.794978,210.3235918,0
6870,147.794978,210.3235918,0
6871,147.794978,210.3235918,0
6872,147.794978,210.3235918,0
6873,147.794978,210.3235918,0
6874,147.794978,210.3235918,0
6875,147.794978,210.3235918,0
6876,147.794978,210.3235918,0
6877,147.794978,210.3235918,0
6878,147.794978,210.3235918,0
6879,147.794978,210.3235918,0
6880,147.794978,210.3235918,0
6881,147.794978,210.3235918,0
6882,147.794978,210.3235918,0
6883,147.794978,210.3235918,0
6884,147.794978,210.3235918,0
6885,147.794978,210.3235918,0
6886,147.794978,210.3235918,0
6887,147.794978,210.3235918,0
6888,147.794978,210.3235918,0
6889,147.794978,210.3235918,0
6890,147.794978,210.3235918,0
6891,147.794978,210.3235918,0
6892,147.794978,210.3235918,0
6893,147.794978,210.3235918,0
6894,147.794978,210.3235918,0
6895,147.794978,210.3235918,0
6896,147.794978,210.3235918,0
6897,147.794978,210.3235918,0
6898,147.794978,210.3235918,0
6899,144.952767,210.3235918,0
6900,144.952767,210.3235918,0
6901,144.952767,210.3235918,0
6902,144.952767,210.3235918,0
6903,144.952767,210.3235918,0
6904,144.952767,210.3235918,0
6905,144.952767,210.3235918,0
6906,144.952767,210.3235918,0
6907,144.952767,210.3235918,0
6908,144.952767,210.3235918,0
6909,144.952767,210.3235918,0
6910,144.952767,210.3235918,0
6911,144.952767,210.3235918,0
6912,144.952767,210.3235918,0
6913,142.1105558,210.3235918,0
6914,142.1105558,210.3235918,0
6915,142.1105558,210.3235918,0
6916,142.1105558,210.3235918,0
6917,142.1105558,210.3235918,0
6918,142.110556,210.3235918,0
6919,142.110556,210.3235918,0
6920,142.110556,210.3235918,0
6921,142.110556,213.1658025,0
6922,142.110556,213.1658025,0
6923,142.110556,213.1658025,0
6924,142.110556,213.1658025,0
6925,142.110556,213.1658025,0
6926,142.110556,213.1658025,0
6927,142.110556,213.1658025,0
6928,142.110556,213.1658025,0
6929,142.110556,213.1658025,0
6930,142.110556,213.1658025,0
6931,142.110556,213.1658025,0
6932,142.110556,213.1658025,0
6933,142.110556,213.1658025,0
6934,142.110556,213.1658025,0
6935,142.110556,213.1658025,0
6936,142.110556,213.1658025,0
6937,142.110556,213.1658025,0
6938,142.110556,213.1658025,0
6939,142.110556,213.1658025,0
6940,142.110556,213.1658025,0
6941,142.110556,213.1658025,0
6942,142.110556,213.1658025,0
6943,142.110556,213.1658025,0
6944,142.110556,213.1658025,0
6945,142.110556,213.1658025,0
6946,142.110556,213.1658025,0
6947,142.110556,213.1658025,0
6948,142.110556,213.1658025,0
6949,142.110556,213.1658025,0
6950,142.110556,213.1658025,0
6951,142.110556,213.1658025,0
6952,142.110556,213.1658025,0
6953,142.110556,213.1658025,0
6954,142.110556,213.1658025,0
6955,142.110556,213.1658025,0
6956,142.110556,213.1658025,0
6957,142.110556,213.1658025,0
6958,142.110556,213.1658025,0
6959,142.110556,213.1658025,0
6960,142.110556,213.1658025,0
6961,142.110556,213.1658025,0
6962,142.110556,213.1658025,0
6963,142.110556,213.1658025,0
6964,142.110556,213.1658025,0
6965,142.110556,213.1658025,0
6966,142.110556,213.1658025,0
6967,142.110556,213.1658025,0
6968,139.2683449,213.1658025,0
6969,139.2683449,213.1658025,0
6970,139.2683449,213.1658025,0
6971,139.2683449,210.3235918,0
6972,139.2683449,210.3235918,0
6973,139.2683449,210.3235918,0
6974,139.2683449,210.3235918,0
6975,139.2683449,210.3235918,0
6976,139.2683449,210.3235918,0
6977,139.2683449,210.3235918,0
6978,139.2683449,210.3235918,0
6979,139.2683449,210.3235918,0
6980,139.2683449,210.3235918,0
6981,139.2683449,210.3235918,0
6982,139.2683449,210.3235918,0
6983,139.2683449,210.3235918,0
6984,139.2683449,210.3235918,0
6985,139.2683449,210.3235918,0
6986,139.2683449,210.3235918,0
6987,139.2683449,210.3235918,0
6988,139.2683449,210.3235918,0
6989,139.2683449,210.3235918,0
6990,139.2683449,210.3235918,0
6991,139.2683449,210.3235918,0
6992,139.2683449,210.3235918,0
6993,139.2683449,210.3235918,0
6994,139.2683449,210.3235918,0
6995,139.2683449,210.3235918,0
6996,139.2683449,210.3235918,0
6997,139.2683449,210.3235918,0
6998,139.2683449,210.3235918,0
6999,139.2683449,210.3235918,0
7000,139.2683449,210.3235918,0
7001,139.2683449,210.3235918,0
7002,139.2683449,210.3235918,0
7003,139.2683449,210.3235918,0
7004,139.2683449,210.3235918,0
7005,139.2683448,210.3235918,0
7006,139.2683448,210.3235918,0
7007,139.2683448,210.3235918,0
7008,139.2683448,213.1658025,0
7009,139.2683448,213.1658025,0
7010,139.2683447,213.1658025,0
7011,139.2683447,213.1658025,0
7012,139.2683447,213.1658025,0
7013,139.2683447,213.1658025,0
7014,139.2683447,213.1658025,0
7015,139.2683447,213.1658025,0
7016,139.2683447,213.1658025,0
7017,139.2683447,213.1658025,0
7018,139.2683447,213.1658025,0
7019,139.2683447,213.1658025,0
7020,139.2683447,213.1658025,0
7021,139.2683447,213.1658025,0
7022,139.2683447,213.1658025,0
7023,139.2683447,213.1658025,0
7024,139.2683447,213.1658025,0
7025,139.2683447,213.1658025,0
7026,144.9527671,213.1658025,0
7027,144.9527671,213.1658025,0
7028,144.9527671,213.1658025,0
7029,144.9527671,213.1658025,0
7030,144.9527671,213.1658025,0
7031,144.9527671,213.1658025,0
7032,144.9527671,213.1658025,0
7033,144.9527671,213.1658025,0
7034,144.9527671,213.1658025,0
7035,144.9527671,213.1658025,0
7036,144.9527671,213.1658025,0
7037,144.9527671,213.1658025,0
7038,144.9527671,213.1658025,0
7039,144.9527671,213.1658025,0
7040,144.9527671,213.1658025,0
7041,144.9527671,213.1658025,0
7042,144.9527671,213.1658025,0
7043,144.9527671,213.1658025,0
7044,144.9527671,213.1658025,0
7045,144.9527671,213.1658025,0
7046,144.9527671,213.1658025,0
7047,144.9527671,213.1658025,0
7048,144.9527671,213.1658025,0
7049,144.9527671,213.1658025,0
7050,144.9527671,213.1658025,0
7051,144.9527671,213.1658025,0
7052,144.9527671,213.1658025,0
7053,153.4794003,213.1658025,0
7054,153.4794003,213.1658025,0
7055,153.4794003,213.1658025,0
7056,153.4794003,213.1658025,0
7057,153.4794003,213.1658025,0
7058,153.4794003,210.3235918,0
7059,153.4794003,210.3235918,0
7060,153.4794003,210.3235918,0
7061,153.4794003,213.1658025,0
7062,153.4794003,213.1658025,0
7063,153.4794003,213.1658025,0
7064,153.4794003,213.1658025,0
7065,153.4794003,213.1658025,0
7066,153.4794003,213.1658025,0
7067,153.4794003,213.1658025,0
7068,153.4794003,213.1658025,0
7069,153.4794003,213.1658025,0
7070,153.4794003,213.1658025,0
7071,153.4794003,213.1658025,0
7072,153.4794003,213.1658025,0
7073,153.4794003,213.1658025,0
7074,153.4794003,213.1658025,0
7075,153.4794003,213.1658025,0
7076,153.4794003,213.1658025,0
7077,153.4794003,213.1658025,0
7078,153.4794003,213.1658025,0
7079,153.4794003,213.1658025,0
7080,153.4794003,213.1658025,0
7081,153.4794003,213.1658025,0
7082,153.4794003,213.1658025,0
7083,153.4794003,213.1658025,0
7084,153.4794003,213.1658025,0
7085,153.4794003,213.1658025,0
7086,153.4794003,213.1658025,0
7087,153.4794003,213.1658025,0
7088,153.4794003,213.1658025,0
7089,153.4794003,213.1658025,0
7090,153.4794003,213.1658025,0
7091,153.4794003,213.1658025,0
7092,153.4794003,213.1658025,0
7093,153.4794003,213.1658025,0
7094,153.4794003,213.1658025,0
7095,153.4794003,213.1658025,0
7096,153.4794003,213.1658025,0
7097,153.4794003,213.1658025,0
7098,153.4794003,213.1658025,0
7099,153.4794003,213.1658025,0
7100,153.4794003,213.1658025,0
7101,153.4794003,213.1658025,0
7102,153.4794003,213.1658025,0
7103,142.110556,213.1658025,0
7104,142.110556,213.1658025,0
7105,153.4794003,213.1658025,0
7106,153.4794003,213.1658025,0
7107,153.4794003,213.1658025,0
7108,153.4794004,218.8502239,0
7109,153.4794004,218.8502239,0
7110,153.4794004,218.8502239,0
7111,156.3216115,218.8502239,0
7112,156.3216115,218.8502239,0
7113,156.3216115,218.8502239,0
7114,156.3216115,218.8502239,0
7115,156.3216115,218.8502239,0
7116,156.3216115,218.8502239,0
7117,156.3216115,218.8502239,0
7118,156.3216115,218.8502239,0
7119,156.3216115,218.8502239,0
7120,156.3216115,218.8502239,0
7121,156.3216115,218.8502239,0
7122,162.0060336,218.8502239,0
7123,162.0060336,218.8502239,0
7124,162.0060336,218.8502239,0
7125,162.0060337,218.8502239,0
7126,162.0060337,218.8502239,0
7127,162.0060337,218.8502239,0
7128,162.0060337,218.8502239,0
7129,162.0060337,218.8502239,0
7130,162.0060337,218.8502239,0
7131,162.0060337,218.8502239,0
7132,162.0060337,218.8502239,0
7133,162.0060337,218.8502239,0
7134,162.0060337,218.8502239,0
7135,162.0060337,218.8502239,0
7136,162.0060337,218.8502239,0
7137,162.0060337,218.8502239,0
7138,162.0060337,218.8502239,0
7139,162.0060337,218.8502239,0
7140,162.0060337,218.8502239,0
7141,162.0060337,218.8502239,0
7142,162.0060337,218.8502239,0
7143,162.0060337,218.8502239,0
7144,162.0060337,218.8502239,0
7145,162.0060337,218.8502239,0
7146,162.0060337,218.8502239,0
7147,162.0060337,218.8502239,0
7148,162.0060337,218.8502239,0
7149,162.0060337,218.8502239,0
7150,162.0060337,218.8502239,0
7151,162.0060337,218.8502239,0
7152,162.0060337,218.8502239,0
7153,162.0060337,218.8502239,0
7154,162.0060337,218.8502239,0
7155,162.0060337,218.8502239,0
7156,162.0060337,218.8502239,0
7157,162.0060337,218.8502239,0
7158,162.0060337,216.0080132,0
7159,162.0060337,216.0080132,0
7160,162.0060337,216.0080132,0
7161,162.0060337,216.0080132,0
7162,162.0060337,216.0080132,0
7163,162.0060337,216.0080132,0
7164,162.0060337,216.0080132,0
7165,162.0060337,216.0080132,0
7166,162.0060337,216.0080132,0
7167,162.0060337,216.0080132,0
7168,162.0060337,216.0080132,0
7169,162.0060337,216.0080132,0
7170,162.0060337,216.0080132,0
7171,162.0060337,216.0080132,0
7172,162.0060337,216.0080132,0
7173,162.0060337,216.0080132,0
7174,162.0060337,216.0080132,0
7175,159.1638226,216.0080132,0
7176,159.1638226,216.0080132,0
7177,159.1638226,216.0080132,0
7178,159.1638226,216.0080132,0
7179,159.1638226,216.0080132,0
7180,147.7949781,216.0080132,0
7181,147.7949781,216.0080132,0
7182,147.7949781,216.0080132,0
7183,147.7949781,216.0080132,0
7184,147.7949781,216.0080132,0
7185,147.7949781,216.0080132,0
7186,147.7949781,216.0080132,0
7187,147.7949781,216.0080132,0
7188,147.7949781,216.0080132,0
7189,147.7949781,216.0080132,0
7190,147.7949781,216.0080132,0
7191,147.7949781,216.0080132,0
7192,147.7949781,216.0080132,0
7193,147.7949781,216.0080132,0
7194,147.7949781,216.0080132,0
7195,147.7949781,216.0080132,0
7196,147.7949781,216.0080132,0
7197,147.7949781,216.0080132,0
7198,147.7949781,216.0080132,0
7199,147.7949781,216.0080132,0
7200,147.7949781,216.0080132,0
7201,147.7949781,216.0080132,0
7202,147.7949781,216.0080132,0
7203,147.7949781,216.0080132,0
7204,147.7949781,216.0080132,0
7205,147.7949781,216.0080132,0
7206,147.7949781,216.0080132,0
7207,147.7949781,213.1658025,0
7208,147.7949781,213.1658025,0
7209,147.7949781,213.1658025,0
7210,147.7949781,213.1658025,0
7211,142.1105559,213.1658025,0
7212,142.1105559,213.1658025,0
7213,142.1105559,213.1658025,0
7214,142.1105559,213.1658025,0
7215,142.1105559,213.1658025,0
7216,142.1105559,213.1658025,0
7217,142.1105559,213.1658025,0
7218,142.1105559,213.1658025,0
7219,139.2683447,213.1658025,0
7220,139.2683447,213.1658025,0
7221,139.2683447,213.1658025,0
7222,139.2683447,213.1658025,0
7223,136.4261337,213.1658025,0
7224,136.4261337,213.1658025,0
7225,136.4261337,213.1658025,0
7226,136.4261337,210.3235918,0
7227,136.4261337,210.3235918,0
7228,136.4261337,210.3235918,0
7229,136.4261337,210.3235918,0
7230,136.4261337,210.3235918,0
7231,136.4261337,210.3235918,0
7232,136.4261337,210.3235918,0
7233,136.4261337,210.3235918,0
7234,136.4261337,210.3235918,0
7235,136.4261337,210.3235918,0
7236,136.4261337,210.3235918,0
7237,136.4261337,210.3235918,0
7238,136.4261337,210.3235918,0
7239,136.4261335,207.4813811,0
7240,136.4261335,207.4813811,0
7241,136.4261335,207.4813811,0
7242,136.4261335,207.4813811,0
7243,136.4261335,207.4813811,0
7244,119.3728669,207.4813811,0
7245,119.3728669,207.4813811,0
7246,119.3728669,207.4813811,0
7247,119.3728669,207.4813811,0
7248,119.3728669,207.4813811,0
7249,119.3728669,207.4813811,0
7250,119.3728669,207.4813811,0
7251,119.3728669,207.4813811,0
7252,119.3728669,207.4813811,0
7253,119.3728669,207.4813811,0
7254,119.3728669,207.4813811,0
7255,119.3728669,207.4813811,0
7256,122.2150781,207.4813811,0
7257,122.2150781,207.4813811,0
7258,122.2150781,207.4813811,0
7259,122.2150781,207.4813811,0
7260,122.2150781,207.4813811,0
7261,122.2150781,207.4813811,0
7262,122.2150781,207.4813811,0
7263,122.2150781,207.4813811,0
7264,122.2150781,207.4813811,0
7265,122.2150781,207.4813811,0
7266,122.2150781,207.4813811,0
7267,122.2150781,207.4813811,0
7268,122.2150781,207.4813811,0
7269,122.2150781,204.6391704,0
7270,122.2150781,204.6391704,0
7271,122.2150781,204.6391704,0
7272,122.2150781,204.6391704,0
7273,122.2150781,204.6391704,0
7274,122.2150781,204.6391704,0
7275,122.2150781,204.6391704,0
7276,122.2150781,207.4813811,0
7277,122.2150781,207.4813811,0
7278,122.2150781,207.4813811,0
7279,122.2150781,207.4813811,0
7280,122.2150781,207.4813811,0
7281,122.2150781,207.4813811,0
7282,122.2150781,207.4813811,0
7283,122.2150781,207.4813811,0
7284,122.2150781,207.4813811,0
7285,122.2150781,207.4813811,0
7286,122.2150781,207.4813811,0
7287,122.2150781,207.4813811,0
7288,122.2150781,207.4813811,0
7289,122.2150781,207.4813811,0
7290,122.2150781,207.4813811,0
7291,122.2150781,207.4813811,0
7292,122.2150781,207.4813811,0
7293,122.2150781,207.4813811,0
7294,122.2150781,207.4813811,0
7295,122.2150781,207.4813811,0
7296,122.2150781,207.4813811,0
7297,122.2150781,207.4813811,0
7298,122.2150781,207.4813811,0
7299,122.2150781,207.4813811,0
7300,122.2150781,207.4813811,0
7301,122.2150781,207.4813811,0
7302,122.2150781,207.4813811,0
7303,122.2150781,207.4813811,0
7304,122.2150781,207.4813811,0
7305,122.2150781,207.4813811,0
7306,122.2150781,207.4813811,0
7307,122.2150781,207.4813811,0
7308,122.2150781,207.4813811,0
7309,122.2150781,207.4813811,0
7310,122.2150781,207.4813811,0
7311,122.2150781,207.4813811,0
7312,122.2150781,207.4813811,0
7313,122.2150781,207.4813811,0
7314,122.2150781,207.4813811,0
7315,122.2150781,207.4813811,0
7316,122.2150781,207.4813811,0
7317,122.2150781,207.4813811,0
7318,122.2150781,207.4813811,0
7319,122.2150781,207.4813811,0
7320,122.2150781,207.4813811,0
7321,122.2150781,207.4813811,0
7322,122.2150781,207.4813811,0
7323,122.2150781,207.4813811,0
7324,122.2150781,207.4813811,0
7325,122.2150781,207.4813811,0
7326,122.2150781,207.4813811,0
7327,122.2150781,207.4813811,0
7328,122.2150781,207.4813811,0
7329,122.2150781,207.4813811,0
7330,122.2150781,207.4813811,0
7331,122.2150781,207.4813811,0
7332,122.2150781,207.4813811,0
7333,122.2150781,207.4813811,0
7334,122.2150781,207.4813811,0
7335,122.2150781,207.4813811,0
7336,122.2150781,207.4813811,0
7337,122.2150781,207.4813811,0
7338,122.2150781,207.4813811,0
7339,122.2150781,207.4813811,0
7340,122.2150781,207.4813811,0
7341,122.2150781,207.4813811,0
7342,122.2150781,207.4813811,0
7343,122.2150781,207.4813811,0
7344,122.2150781,207.4813811,0
7345,122.2150781,207.4813811,0
7346,122.2150781,207.4813811,0
7347,122.2150781,204.6391704,0
7348,122.2150781,204.6391704,0
7349,122.2150781,204.6391704,0
7350,122.2150781,204.6391704,0
7351,122.2150781,204.6391704,0
7352,122.2150781,204.6391704,0
7353,122.2150781,204.6391704,0
7354,122.2150781,204.6391704,0
7355,122.2150781,204.6391704,0
7356,122.2150781,207.4813811,0
7357,122.2150781,207.4813811,0
7358,122.2150781,207.4813811,0
7359,122.2150781,207.4813811,0
7360,122.2150781,207.4813811,0
7361,122.2150781,207.4813811,0
7362,122.2150781,207.4813811,0
7363,122.2150781,207.4813811,0
7364,122.2150781,207.4813811,0
7365,122.2150781,207.4813811,0
7366,122.2150781,207.4813811,0
7367,122.2150781,207.4813811,0
7368,122.2150781,207.4813811,0
7369,122.2150781,207.4813811,0
7370,122.2150781,210.3235918,0
7371,122.2150781,210.3235918,0
7372,122.2150781,210.3235918,0
7373,122.2150781,210.3235918,0
7374,122.2150781,210.3235918,0
7375,122.2150781,210.3235918,0
7376,122.2150781,210.3235918,0
7377,122.2150781,210.3235918,0
7378,122.2150781,210.3235918,0
7379,122.2150781,210.3235918,0
7380,122.2150781,210.3235918,0
7381,122.2150781,210.3235918,0
7382,119.372867,210.3235918,0
7383,119.372867,210.3235918,0
7384,119.372867,210.3235918,0
7385,119.372867,210.3235918,0
7386,119.372867,210.3235918,0
7387,119.372867,210.3235918,0
7388,119.3728669,210.3235918,0
7389,119.3728669,210.3235918,0
7390,119.3728669,210.3235918,0
7391,119.3728669,210.3235918,0
7392,119.3728669,210.3235918,0
7393,119.3728669,210.3235918,0
7394,119.3728669,210.3235918,0
7395,119.3728669,210.3235918,0
7396,119.3728669,210.3235918,0
7397,119.3728669,210.3235918,0
7398,119.3728669,210.3235918,0
7399,119.3728669,210.3235918,0
7400,108.0040225,210.3235918,0
7401,108.0040225,210.3235918,0
7402,108.0040225,210.3235918,0
7403,108.0040225,210.3235918,0
7404,108.0040225,210.3235918,0
7405,108.0040225,210.3235918,0
7406,108.0040225,210.3235918,0
7407,108.0040225,210.3235918,0
7408,108.0040225,210.3235918,0
7409,108.0040225,210.3235918,0
7410,108.0040225,210.3235918,0
7411,108.0040225,210.3235918,0
7412,108.0040225,210.3235918,0
7413,108.0040225,210.3235918,0
7414,108.0040225,210.3235918,0
7415,108.0040225,210.3235918,0
7416,108.0040225,210.3235918,0
7417,108.0040225,210.3235918,0
7418,108.0040225,210.3235918,0
7419,108.0040225,210.3235918,0
7420,105.1618113,207.4813811,0
7421,105.1618113,207.4813811,0
7422,105.1618113,207.4813811,0
7423,105.1618113,207.4813811,0
7424,105.1618113,207.4813811,0
7425,105.1618113,207.4813811,0
7426,105.1618113,207.4813811,0
7427,105.1618113,207.4813811,0
7428,105.1618113,207.4813811,0
7429,105.1618113,207.4813811,0
7430,105.1618113,207.4813811,0
7431,105.1618113,207.4813811,0
7432,105.1618113,207.4813811,0
7433,105.1618113,207.4813811,0
7434,105.1618113,207.4813811,0
7435,105.1618113,207.4813811,0
7436,105.1618113,207.4813811,0
7437,105.1618113,207.4813811,0
7438,105.1618113,207.4813811,0
7439,105.1618113,207.4813811,0
7440,105.1618113,207.4813811,0
7441,105.1618113,207.4813811,0
7442,105.1618113,207.4813811,0
7443,105.1618113,207.4813811,0
7444,105.1618113,207.4813811,0
7445,105.1618113,207.4813811,0
7446,105.1618113,207.4813811,0
7447,105.1618113,207.4813811,0
7448,105.1618113,207.4813811,0
7449,105.1618113,207.4813811,0
7450,105.1618113,207.4813811,0
7451,105.1618113,207.4813811,0
7452,105.1618113,207.4813811,0
7453,105.1618113,207.4813811,0
7454,105.1618113,207.4813811,0
7455,105.1618113,207.4813811,0
7456,105.1618113,207.4813811,0
7457,105.1618113,207.4813811,0
7458,105.1618113,207.4813811,0
7459,105.1618113,207.4813811,0
7460,105.1618113,207.4813811,0
7461,105.1618113,207.4813811,0
7462,105.1618113,207.4813811,0
7463,105.1618113,207.4813811,0
7464,105.1618113,207.4813811,0
7465,105.1618113,207.4813811,0
7466,105.1618113,207.4813811,0
7467,105.1618113,207.4813811,0
7468,105.1618113,207.4813811,0
7469,105.1618113,207.4813811,0
7470,105.1618113,207.4813811,0
7471,105.1618113,207.4813811,0
7472,105.1618113,207.4813811,0
7473,105.1618113,207.4813811,0
7474,105.1618113,207.4813811,0
7475,105.1618113,207.4813811,0
7476,105.1618113,207.4813811,0
7477,105.1618113,207.4813811,0
7478,105.1618113,207.4813811,0
7479,105.1618113,207.4813811,0
7480,105.1618113,207.4813811,0
7481,105.1618113,207.4813811,0
7482,105.1618113,207.4813811,0
7483,105.1618113,207.4813811,0
7484,105.1618113,207.4813811,0
7485,105.1618113,207.4813811,0
7486,105.1618113,207.4813811,0
7487,105.1618113,207.4813811,0
7488,105.1618113,207.4813811,0
7489,105.1618113,207.4813811,0
7490,105.1618113,207.4813811,0
7491,105.1618113,207.4813811,0
7492,105.1618113,207.4813811,0
7493,105.1618113,207.4813811,0
7494,105.1618113,207.4813811,0
7495,105.1618113,207.4813811,0
7496,105.1618113,207.4813811,0
7497,105.1618113,207.4813811,0
7498,105.1618113,207.4813811,0
7499,105.1618113,207.4813811,0
7500,105.1618113,207.4813811,0
7501,102.3196002,207.4813811,0
7502,102.3196002,207.4813811,0
7503,102.3196002,207.4813811,0
7504,102.3196002,207.4813811,0
7505,102.3196002,207.4813811,0
7506,102.3196002,204.6391704,0
7507,102.3196002,204.6391704,0
7508,102.3196003,204.6391704,0
7509,102.3196003,204.6391704,0
7510,102.3196003,204.6391704,0
7511,102.3196003,204.6391704,0
7512,102.3196003,204.6391704,0
7513,102.3196003,204.6391704,0
7514,102.3196003,204.6391704,0
7515,102.3196003,204.6391704,0
7516,102.3196003,204.6391704,0
7517,102.3196003,204.6391704,0
7518,102.3196003,204.6391704,0
7519,102.3196003,204.6391704,0
7520,102.3196003,204.6391704,0
7521,102.3196003,204.6391704,0
7522,102.3196003,204.6391704,0
7523,102.3196003,204.6391704,0
7524,102.3196003,204.6391704,0
7525,102.3196003,204.6391704,0
7526,102.3196003,201.7969597,0
7527,102.3196003,201.7969597,0
7528,102.3196003,201.7969597,0
7529,102.3196003,201.7969597,0
7530,102.3196003,201.7969597,0
7531,102.3196003,201.7969597,0
7532,102.3196003,201.7969597,0
7533,102.3196003,201.7969597,0
7534,102.3196003,201.7969597,0
7535,102.3196003,201.7969597,0
7536,102.3196003,201.7969597,0
7537,102.3196003,201.7969597,0
7538,102.3196003,201.7969597,0
7539,102.3196003,201.7969597,0
7540,102.3196003,201.7969597,0
7541,102.3196003,201.7969597,0
7542,102.3196003,201.7969597,0
7543,102.3196003,201.7969597,0
7544,102.3196003,201.7969597,0
7545,102.3196003,201.7969597,0
7546,102.3196003,201.7969597,0
7547,102.3196003,201.7969597,0
7548,102.3196003,201.7969597,0
7549,102.3196003,201.7969597,0
7550,102.3196003,201.7969597,0
7551,102.3196003,201.7969597,0
7552,102.3196003,201.7969597,0
7553,102.3196003,201.7969597,0
7554,102.3196003,201.7969597,0
7555,102.3196003,201.7969597,0
7556,102.3196003,201.7969597,0
7557,102.3196003,201.7969597,0
7558,102.3196003,201.7969597,0
7559,102.3196003,201.7969597,0
7560,102.3196003,201.7969597,0
7561,102.3196003,201.7969597,0
7562,102.3196003,201.7969597,0
7563,102.3196003,204.6391704,0
7564,102.3196003,204.6391704,0
7565,102.3196003,204.6391704,0
7566,102.3196003,204.6391704,0
7567,102.3196003,204.6391704,0
7568,102.3196003,204.6391704,0
7569,102.3196003,204.6391704,0
7570,102.3196003,204.6391704,0
7571,102.3196003,204.6391704,0
7572,102.3196003,204.6391704,0
7573,102.3196003,204.6391704,0
7574,102.3196003,204.6391704,0
7575,102.3196003,204.6391704,0
7576,102.3196003,204.6391704,0
7577,102.3196003,204.6391704,0
7578,102.3196003,204.6391704,0
7579,102.3196003,204.6391704,0
7580,102.3196003,204.6391704,0
7581,102.3196003,204.6391704,0
7582,102.3196003,204.6391704,0
7583,102.3196003,204.6391704,0
7584,102.3196003,204.6391704,0
7585,102.3196003,204.6391704,0
7586,102.3196003,204.6391704,0
7587,102.3196003,204.6391704,0
7588,102.3196003,204.6391704,0
7589,102.3196003,204.6391704,0
7590,102.3196003,204.6391704,0
7591,102.3196003,204.6391704,0
7592,102.3196003,204.6391704,0
7593,102.3196003,204.6391704,0
7594,102.3196003,204.6391704,0
7595,102.3196003,204.6391704,0
7596,102.3196003,204.6391704,0
7597,102.3196003,204.6391704,0
7598,102.3196003,204.6391704,0
7599,102.3196003,204.6391704,0
7600,102.3196003,204.6391704,0
7601,102.3196003,204.6391704,0
7602,102.3196003,204.6391704,0
7603,102.3196003,204.6391704,0
7604,102.3196003,204.6391704,0
7605,102.3196003,204.6391704,0
7606,102.3196003,204.6391704,0
7607,102.3196003,204.6391704,0
7608,102.3196003,204.6391704,0
7609,102.3196003,204.6391704,0
7610,102.3196003,204.6391704,0
7611,102.3196003,204.6391704,0
7612,102.3196003,204.6391704,0
7613,102.3196003,204.6391704,0
7614,102.3196003,204.6391704,0
7615,102.3196003,204.6391704,0
7616,102.3196003,204.6391704,0
7617,102.3196003,204.6391704,0
7618,102.3196003,204.6391704,0
7619,102.3196003,204.6391704,0
7620,102.3196003,204.6391704,0
7621,102.3196003,204.6391704,0
7622,102.3196003,204.6391704,0
7623,102.3196003,204.6391704,0
7624,102.3196003,204.6391704,0
7625,102.3196003,204.6391704,0
7626,102.3196003,204.6391704,0
7627,102.3196003,204.6391704,0
7628,102.3196003,204.6391704,0
7629,102.3196003,204.6391704,0
7630,102.3196003,204.6391704,0
7631,102.3196003,204.6391704,0
7632,102.3196003,204.6391704,0
7633,102.3196003,204.6391704,0
7634,102.3196003,204.6391704,0
7635,102.3196003,204.6391704,0
7636,102.3196003,204.6391704,0
7637,102.3196003,204.6391704,0
7638,102.3196003,204.6391704,0
7639,102.3196003,204.6391704,0
7640,102.3196002,204.6391704,0
7641,102.3196002,204.6391704,0
7642,102.3196002,204.6391704,0
7643,102.3196002,204.6391704,0
7644,102.3196002,204.6391704,0
7645,102.3196002,204.6391704,0
7646,99.47738921,204.6391704,0
7647,99.47738913,204.6391704,0
7648,99.47738913,204.6391704,0
7649,99.47738913,204.6391704,0
7650,99.47738913,204.6391704,0
7651,99.47738913,204.6391704,0
7652,99.47738913,204.6391704,0
7653,99.47738913,204.6391704,0
7654,99.47738913,204.6391704,0
7655,99.47738913,204.6391704,0
7656,99.47738913,204.6391704,0
7657,99.47738913,204.6391704,0
7658,99.47738913,204.6391704,0
7659,99.47738913,204.6391704,0
7660,99.47738913,204.6391704,0
7661,99.47738913,204.6391704,0
7662,99.47738913,204.6391704,0
7663,99.47738913,204.6391704,0
7664,99.47738913,204.6391704,0
7665,99.47738913,204.6391704,0
7666,99.47738913,204.6391704,0
7667,99.47738913,204.6391704,0
7668,99.47738913,204.6391704,0
7669,99.47738913,204.6391704,0
7670,99.47738913,204.6391704,0
7671,99.47738913,204.6391704,0
7672,99.47738913,204.6391704,0
7673,99.47738913,204.6391704,0
7674,99.47738913,204.6391704,0
7675,99.47738913,204.6391704,0
7676,99.47738913,204.6391704,0
7677,99.47738913,204.6391704,0
7678,99.47738913,204.6391704,0
7679,99.47738913,204.6391704,0
7680,99.47738913,204.6391704,0
7681,99.47738913,204.6391704,0
7682,99.47738913,204.6391704,0
7683,99.47738913,204.6391704,0
7684,99.47738913,204.6391704,0
7685,99.47738913,204.6391704,0
7686,99.47738913,204.6391704,0
7687,99.47738913,204.6391704,0
7688,99.47738913,204.6391704,0
7689,99.47738913,204.6391704,0
7690,99.47738913,204.6391704,0
7691,99.47738913,204.6391704,0
7692,99.47738913,204.6391704,0
7693,99.47738913,204.6391704,0
7694,99.47738913,204.6391704,0
7695,99.47738913,204.6391704,0
7696,99.47738913,204.6391704,0
7697,99.47738913,204.6391704,0
7698,99.47738913,204.6391704,0
7699,99.47738913,204.6391704,0
7700,99.47738913,204.6391704,0
7701,99.47738913,204.6391704,0
7702,99.47738913,204.6391704,0
7703,99.47738913,204.6391704,0
7704,99.47738913,204.6391704,0
7705,99.47738913,204.6391704,0
7706,99.47738913,204.6391704,0
7707,99.47738913,204.6391704,0
7708,99.47738913,204.6391704,0
7709,99.47738913,204.6391704,0
7710,102.3196002,204.6391704,0
7711,102.3196002,204.6391704,0
7712,102.3196002,204.6391704,0
7713,102.3196002,204.6391704,0
7714,102.3196002,204.6391704,0
7715,102.3196002,204.6391704,0
7716,102.3196002,204.6391704,0
7717,102.3196002,204.6391704,0
7718,102.3196002,204.6391704,0
7719,102.3196002,204.6391704,0
7720,102.3196002,204.6391704,0
7721,102.3196002,204.6391704,0
7722,102.3196002,204.6391704,0
7723,102.3196002,207.4813811,0
7724,102.3196002,207.4813811,0
7725,102.3196002,207.4813811,0
7726,102.3196002,207.4813811,0
7727,102.3196002,207.4813811,0
7728,102.3196002,207.4813811,0
7729,102.3196002,207.4813811,0
7730,102.3196002,207.4813811,0
7731,102.3196002,207.4813811,0
7732,102.3196002,207.4813811,0
7733,102.3196002,207.4813811,0
7734,102.3196002,207.4813811,0
7735,102.3196002,207.4813811,0
7736,102.3196002,207.4813811,0
7737,102.3196002,207.4813811,0
7738,102.3196002,207.4813811,0
7739,102.3196002,207.4813811,0
7740,102.3196002,207.4813811,0
7741,102.3196002,207.4813811,0
7742,102.3196002,207.4813811,0
7743,102.3196002,207.4813811,0
7744,102.3196002,207.4813811,0
7745,102.3196002,207.4813811,0
7746,102.3196002,207.4813811,0
7747,102.3196002,207.4813811,0
7748,102.3196002,207.4813811,0
7749,102.3196002,207.4813811,0
7750,102.3196002,207.4813811,0
7751,102.3196002,207.4813811,0
7752,102.3196002,207.4813811,0
7753,102.3196002,207.4813811,0
7754,102.3196002,207.4813811,0
7755,102.3196002,207.4813811,0
7756,102.3196002,207.4813811,0
7757,102.3196002,207.4813811,0
7758,102.3196002,207.4813811,0
7759,102.3196002,207.4813811,0
7760,96.63517794,207.4813811,0
7761,96.63517794,207.4813811,0
7762,96.63517794,207.4813811,0
7763,96.63517794,207.4813811,0
7764,96.63517794,207.4813811,0
7765,96.63517794,207.4813811,0
7766,96.63517794,207.4813811,0
7767,96.63517794,207.4813811,0
7768,96.63517794,207.4813811,0
7769,96.63517794,207.4813811,0
7770,96.63517794,207.4813811,0
7771,96.63517794,207.4813811,0
7772,96.63517794,207.4813811,0
7773,96.63517794,204.6391704,0
7774,96.63517794,204.6391704,0
7775,96.63517794,204.6391704,0
7776,96.63517794,204.6391704,0
7777,96.63517794,204.6391704,0
7778,96.63517794,204.6391704,0
7779,96.63517794,204.6391704,0
7780,96.63517794,204.6391704,0
7781,96.63517794,204.6391704,0
7782,96.63517794,204.6391704,0
7783,96.63517794,204.6391704,0
7784,96.63517794,204.6391704,0
7785,96.63517794,204.6391704,0
7786,96.63517794,204.6391704,0
7787,96.63517794,204.6391704,0
7788,96.63517794,204.6391704,0
7789,96.63517794,204.6391704,0
7790,96.63517794,204.6391704,0
7791,96.63517794,204.6391704,0
7792,93.79296696,204.6391704,0
7793,93.79296696,204.6391704,0
7794,93.79296696,204.6391704,0
7795,93.79296696,204.6391704,0
7796,93.79296696,204.6391704,0
7797,93.79296696,204.6391704,0
7798,93.79296696,204.6391704,0
7799,93.79296696,204.6391704,0
7800,93.79296696,204.6391704,0
7801,93.79296696,204.6391704,0
7802,93.79296696,204.6391704,0
7803,93.79296696,204.6391704,0
7804,93.79296696,204.6391704,0
7805,93.79296696,204.6391704,0
7806,93.79296696,204.6391704,0
7807,93.79296696,204.6391704,0
7808,93.79296696,204.6391704,0
7809,93.79296696,204.6391704,0
7810,93.79296696,204.6391704,0
7811,93.79296696,204.6391704,0
7812,93.79296696,204.6391704,0
7813,93.79296696,204.6391704,0
7814,93.79296696,204.6391704,0
7815,93.79296696,204.6391704,0
7816,93.79296696,204.6391704,0
7817,93.79296696,204.6391704,0
7818,93.79296696,204.6391704,0
7819,93.79296696,204.6391704,0
7820,93.79296696,204.6391704,0
7821,93.79296696,204.6391704,0
7822,93.79296696,204.6391704,0
7823,93.79296696,204.6391704,0
7824,93.79296696,204.6391704,0
7825,93.79296696,204.6391704,0
7826,93.79296696,204.6391704,0
7827,93.79296696,204.6391704,0
7828,93.79296696,204.6391704,0
7829,93.79296696,204.6391704,0
7830,93.79296696,204.6391704,0
7831,93.79296696,204.6391704,0
7832,93.79296696,204.6391704,0
7833,93.79296696,204.6391704,0
7834,93.79296696,204.6391704,0
7835,93.79296696,204.6391704,0
7836,93.79296696,204.6391704,0
7837,93.79296696,204.6391704,0
7838,93.79296696,204.6391704,0
7839,93.79296696,204.6391704,0
7840,93.79296696,204.6391704,0
7841,93.79296696,204.6391704,0
7842,93.79296696,204.6391704,0
7843,93.79296696,204.6391704,0
7844,93.79296696,204.6391704,0
7845,93.79296696,204.6391704,0
7846,93.79296696,204.6391704,0
7847,93.79296696,204.6391704,0
7848,93.79296689,204.6391704,0
7849,93.79296689,204.6391704,0
7850,93.79296689,204.6391704,0
7851,93.79296689,204.6391704,0
7852,93.79296689,204.6391704,0
7853,93.79296689,204.6391704,0
7854,93.79296689,204.6391704,0
7855,93.79296689,204.6391704,0
7856,93.79296689,204.6391704,0
7857,93.79296689,204.6391704,0
7858,93.79296689,204.6391704,0
7859,93.79296689,204.6391704,0
7860,93.79296689,204.6391704,0
7861,93.79296689,204.6391704,0
7862,93.79296689,204.6391704,0
7863,93.79296689,204.6391704,0
7864,93.79296689,204.6391704,0
7865,93.79296689,204.6391704,0
7866,93.79296689,204.6391704,0
7867,93.79296689,204.6391704,0
7868,93.79296689,204.6391704,0
7869,93.79296689,204.6391704,0
7870,90.95075583,204.6391704,0
7871,90.95075583,204.6391704,0
7872,90.95075583,204.6391704,0
7873,90.95075583,204.6391704,0
7874,90.95075583,204.6391704,0
7875,90.95075583,204.6391704,0
7876,90.95075583,204.6391704,0
7877,90.95075583,204.6391704,0
7878,90.95075583,204.6391704,0
7879,90.95075583,201.7969597,0
7880,90.95075583,201.7969597,0
7881,90.95075583,201.7969597,0
7882,90.95075583,201.7969597,0
7883,90.95075583,201.7969597,0
7884,90.95075583,201.7969597,0
7885,90.95075583,201.7969597,0
7886,90.95075583,201.7969597,0
7887,90.95075583,201.7969597,0
7888,90.95075583,201.7969597,0
7889,90.95075583,201.7969597,0
7890,90.95075583,201.7969597,0
7891,90.95075583,201.7969597,0
7892,90.95075583,201.7969597,0
7893,90.95075583,201.7969597,0
7894,90.95075583,201.7969597,0
7895,90.95075583,201.7969597,0
7896,90.95075583,201.7969597,0
7897,90.95075583,201.7969597,0
7898,90.95075583,201.7969597,0
7899,90.95075583,201.7969597,0
7900,90.95075583,201.7969597,0
7901,90.95075583,201.7969597,0
7902,90.95075583,201.7969597,0
7903,90.95075583,201.7969597,0
7904,90.95075583,201.7969597,0
7905,90.95075583,204.6391704,0
7906,90.95075583,204.6391704,0
7907,90.95075583,204.6391704,0
7908,90.95075583,204.6391704,0
7909,90.95075576,204.6391704,0
7910,90.95075576,204.6391704,0
7911,90.95075576,204.6391704,0
7912,90.95075576,204.6391704,0
7913,90.95075576,204.6391704,0
7914,90.95075576,204.6391704,0
7915,90.95075576,204.6391704,0
7916,90.95075576,204.6391704,0
7917,90.95075576,204.6391704,0
7918,90.95075576,204.6391704,0
7919,90.95075576,204.6391704,0
7920,90.95075576,204.6391704,0
7921,90.95075576,204.6391704,0
7922,90.95075576,204.6391704,0
7923,90.95075576,204.6391704,0
7924,90.95075576,204.6391704,0
7925,90.95075576,204.6391704,0
7926,90.95075576,204.6391704,0
7927,90.95075576,204.6391704,0
7928,93.79296682,204.6391704,0
7929,93.79296682,204.6391704,0
7930,93.79296682,204.6391704,0
7931,93.79296682,204.6391704,0
7932,93.79296682,204.6391704,0
7933,93.79296682,204.6391704,0
7934,93.79296682,204.6391704,0
7935,93.79296682,204.6391704,0
7936,93.79296682,204.6391704,0
7937,93.79296682,204.6391704,0
7938,93.79296682,204.6391704,0
7939,93.79296682,204.6391704,0
7940,93.79296682,204.6391704,0
7941,93.79296682,204.6391704,0
7942,93.79296682,204.6391704,0
7943,93.79296682,204.6391704,0
7944,93.79296682,204.6391704,0
7945,93.79296682,204.6391704,0
7946,93.79296682,204.6391704,0
7947,93.79296682,204.6391704,0
7948,93.79296682,204.6391704,0
7949,93.79296682,204.6391704,0
7950,93.79296682,204.6391704,0
7951,93.79296682,204.6391704,0
7952,93.79296682,204.6391704,0
7953,93.79296682,204.6391704,0
7954,93.79296682,204.6391704,0
7955,93.79296682,201.7969597,0
7956,93.79296682,201.7969597,0
7957,93.79296682,201.7969597,0
7958,93.79296682,201.7969597,0
7959,93.79296682,201.7969597,0
7960,93.79296682,201.7969597,0
7961,93.79296682,201.7969597,0
7962,93.79296682,201.7969597,0
7963,93.79296682,201.7969597,0
7964,93.79296682,201.7969597,0
7965,93.79296682,201.7969597,0
7966,93.79296682,201.7969597,0
7967,93.79296682,201.7969597,0
7968,93.79296682,201.7969597,0
7969,93.79296682,201.7969597,0
7970,93.79296682,201.7969597,0
7971,93.79296682,201.7969597,0
7972,93.79296682,201.7969597,0
7973,93.79296682,201.7969597,0
7974,93.79296682,201.7969597,0
7975,93.79296682,201.7969597,0
7976,93.79296682,201.7969597,0
7977,93.79296682,201.7969597,0
7978,90.95075583,201.7969597,0
7979,90.95075583,201.7969597,0
7980,90.95075583,204.6391704,0
7981,90.95075583,204.6391704,0
7982,90.95075583,204.6391704,0
7983,90.95075583,204.6391704,0
7984,90.95075583,204.6391704,0
7985,90.95075583,204.6391704,0
7986,90.95075583,204.6391704,0
7987,90.95075583,204.6391704,0
7988,90.95075583,204.6391704,0
7989,90.95075583,204.6391704,0
7990,90.95075583,204.6391704,0
7991,90.95075583,204.6391704,0
7992,90.95075583,204.6391704,0
7993,90.95075583,204.6391704,0
7994,90.95075583,204.6391704,0
7995,90.95075583,204.6391704,0
7996,90.95075583,204.6391704,0
7997,90.95075583,204.6391704,0
7998,90.95075583,204.6391704,0
7999,90.95075583,204.6391704,0
8000,90.95075583,204.6391704,0
8001,90.95075583,204.6391704,0
8002,90.95075583,204.6391704,0
8003,90.95075583,204.6391704,0
8004,90.95075583,204.6391704,0
8005,90.95075569,204.6391704,0
8006,90.95075569,204.6391704,0
8007,90.95075569,204.6391704,0
8008,90.95075569,204.6391704,0
8009,90.95075583,204.6391704,0
8010,90.95075583,204.6391704,0
8011,90.95075583,204.6391704,0
8012,90.95075583,204.6391704,0
8013,90.95075583,204.6391704,0
8014,90.95075583,204.6391704,0
8015,90.95075583,204.6391704,0
8016,90.95075583,204.6391704,0
8017,90.95075583,204.6391704,0
8018,90.95075583,204.6391704,0
8019,90.95075583,204.6391704,0
8020,90.95075583,204.6391704,0
8021,90.95075583,204.6391704,0
8022,90.95075583,204.6391704,0
8023,90.95075583,204.6391704,0
8024,90.95075583,204.6391704,0
8025,90.95075583,204.6391704,0
8026,90.95075583,204.6391704,0
8027,90.95075583,204.6391704,0
8028,90.95075583,204.6391704,0
8029,90.95075583,204.6391704,0
8030,90.95075583,204.6391704,0
8031,90.95075583,204.6391704,0
8032,90.95075583,204.6391704,0
8033,90.95075583,204.6391704,0
8034,90.95075583,204.6391704,0
8035,90.95075583,204.6391704,0
8036,90.95075583,204.6391704,0
8037,90.95075583,204.6391704,0
8038,90.95075583,204.6391704,0
8039,90.95075583,204.6391704,0
8040,90.95075583,204.6391704,0
8041,90.95075583,204.6391704,0
8042,90.95075583,204.6391704,0
8043,90.95075583,204.6391704,0
8044,90.95075583,204.6391704,0
8045,90.95075583,204.6391704,0
8046,90.95075583,204.6391704,0
8047,90.95075583,204.6391704,0
8048,90.95075583,204.6391704,0
8049,90.95075583,204.6391704,0
8050,90.95075583,204.6391704,0
8051,90.95075583,204.6391704,0
8052,90.95075583,204.6391704,0
8053,90.95075583,204.6391704,0
8054,90.95075583,204.6391704,0
8055,90.95075583,204.6391704,0
8056,90.95075583,204.6391704,0
8057,90.95075583,204.6391704,0
8058,90.95075583,204.6391704,0
8059,88.10854471,204.6391704,0
8060,88.10854471,204.6391704,0
8061,88.10854471,204.6391704,0
8062,88.10854471,204.6391704,0
8063,88.10854471,204.6391704,0
8064,88.10854471,204.6391704,0
8065,88.10854471,204.6391704,0
8066,88.10854471,204.6391704,0
8067,88.10854471,204.6391704,0
8068,88.10854471,204.6391704,0
8069,88.10854471,204.6391704,0
8070,88.10854471,204.6391704,0
8071,88.10854471,204.6391704,0
8072,88.10854471,204.6391704,0
8073,88.10854471,204.6391704,0
8074,88.10854471,204.6391704,0
8075,88.10854471,204.6391704,0
8076,88.10854471,204.6391704,0
8077,88.10854471,204.6391704,0
8078,88.10854471,204.6391704,0
8079,88.10854471,204.6391704,0
8080,88.10854471,204.6391704,0
8081,88.10854471,204.6391704,0
8082,88.10854471,204.6391704,0
8083,88.10854471,204.6391704,0
8084,88.10854471,204.6391704,0
8085,88.10854471,204.6391704,0
8086,88.10854471,204.6391704,0
8087,88.10854471,204.6391704,0
8088,88.10854471,204.6391704,0
8089,88.10854471,204.6391704,0
8090,88.10854471,204.6391704,0
8091,88.10854471,204.6391704,0
8092,88.10854471,204.6391704,0
8093,88.10854471,204.6391704,0
8094,88.10854471,204.6391704,0
8095,88.10854471,204.6391704,0
8096,88.10854471,204.6391704,0
8097,88.10854471,204.6391704,0
8098,88.10854471,204.6391704,0
8099,88.10854471,204.6391704,0
8100,88.10854471,204.6391704,0
8101,88.10854471,204.6391704,0
8102,88.10854471,204.6391704,0
8103,88.10854471,204.6391704,0
8104,88.10854471,204.6391704,0
8105,88.10854471,204.6391704,0
8106,88.10854471,204.6391704,0
8107,88.10854471,204.6391704,0
8108,88.10854471,204.6391704,0
8109,88.10854471,204.6391704,0
8110,88.10854471,204.6391704,0
8111,88.10854471,204.6391704,0
8112,88.10854471,204.6391704,0
8113,88.10854471,204.6391704,0
8114,88.10854471,204.6391704,0
8115,88.10854471,204.6391704,0
8116,88.10854471,204.6391704,0
8117,88.10854471,204.6391704,0
8118,88.10854471,204.6391704,0
8119,88.10854471,204.6391704,0
8120,88.10854471,204.6391704,0
8121,88.10854471,204.6391704,0
8122,88.10854471,204.6391704,0
8123,88.10854471,204.6391704,0
8124,88.10854471,204.6391704,0
8125,88.10854471,204.6391704,0
8126,88.10854471,204.6391704,0
8127,88.10854471,204.6391704,0
8128,88.10854457,204.6391704,0
8129,88.10854457,204.6391704,0
8130,88.10854457,204.6391704,0
8131,88.10854457,204.6391704,0
8132,88.10854457,204.6391704,0
8133,88.10854457,204.6391704,0
8134,88.10854457,201.7969597,0
8135,88.10854457,201.7969597,0
8136,88.10854457,201.7969597,0
8137,88.10854457,201.7969597,0
8138,88.10854457,201.7969597,0
8139,88.10854457,201.7969597,0
8140,88.10854457,201.7969597,0
8141,88.10854457,201.7969597,0
8142,88.10854457,201.7969597,0
8143,88.10854457,201.7969597,0
8144,88.10854457,201.7969597,0
8145,88.10854457,201.7969597,0
8146,88.10854457,201.7969597,0
8147,88.10854457,201.7969597,0
8148,88.10854457,201.7969597,0
8149,88.10854457,201.7969597,0
8150,88.10854457,201.7969597,0
8151,88.10854457,201.7969597,0
8152,88.10854457,201.7969597,0
8153,88.10854457,201.7969597,0
8154,88.10854457,201.7969597,0
8155,88.10854457,201.7969597,0
8156,88.10854457,201.7969597,0
8157,88.10854457,201.7969597,0
8158,88.10854457,201.7969597,0
8159,88.10854457,201.7969597,0
8160,88.10854457,201.7969597,0
8161,88.10854457,201.7969597,0
8162,88.10854457,201.7969597,0
8163,88.10854457,201.7969597,0
8164,88.10854457,201.7969597,0
8165,88.10854457,201.7969597,0
8166,88.10854457,201.7969597,0
8167,88.10854457,201.7969597,0
8168,88.10854457,201.7969597,0
8169,88.10854457,201.7969597,0
8170,88.10854457,201.7969597,0
8171,88.10854457,201.7969597,0
8172,88.10854457,201.7969597,0
8173,88.10854457,201.7969597,0
8174,88.10854457,201.7969597,0
8175,88.10854457,201.7969597,0
8176,88.10854457,201.7969597,0
8177,88.10854457,201.7969597,0
8178,88.10854457,201.7969597,0
8179,88.10854457,201.7969597,0
8180,88.10854457,201.7969597,0
8181,88.10854457,201.7969597,0
8182,88.10854457,201.7969597,0
8183,88.10854457,204.6391704,0
8184,88.10854457,204.6391704,0
8185,88.10854457,204.6391704,0
8186,88.10854457,204.6391704,0
8187,88.10854457,204.6391704,0
8188,88.10854457,204.6391704,0
8189,88.10854457,204.6391704,0
8190,88.10854457,204.6391704,0
8191,88.10854457,204.6391704,0
8192,88.10854457,204.6391704,0
8193,88.10854457,204.6391704,0
8194,88.10854457,204.6391704,0
8195,88.10854457,204.6391704,0
8196,88.10854457,204.6391704,0
8197,88.10854457,204.6391704,0
8198,88.10854457,204.6391704,0
8199,88.10854457,204.6391704,0
8200,88.10854457,204.6391704,0
8201,88.10854471,204.6391704,0
8202,88.10854471,204.6391704,0
8203,88.10854471,204.6391704,0
8204,88.10854471,204.6391704,0
8205,88.10854471,204.6391704,0
8206,88.10854471,204.6391704,0
8207,88.10854471,204.6391704,0
8208,88.10854471,204.6391704,0
8209,88.10854471,204.6391704,0
8210,88.10854471,204.6391704,0
8211,88.10854471,204.6391704,0
8212,88.10854471,204.6391704,0
8213,88.10854471,204.6391704,0
8214,88.10854471,204.6391704,0
8215,88.10854471,204.6391704,0
8216,88.10854471,204.6391704,0
8217,88.10854471,204.6391704,0
8218,88.10854471,204.6391704,0
8219,88.10854471,204.6391704,0
8220,88.10854471,204.6391704,0
8221,88.10854471,204.6391704,0
8222,88.10854471,204.6391704,0
8223,88.10854471,204.6391704,0
8224,88.10854471,204.6391704,0
8225,88.10854471,204.6391704,0
8226,88.10854471,204.6391704,0
8227,88.10854471,204.6391704,0
8228,88.10854471,204.6391704,0
8229,88.10854471,204.6391704,0
8230,88.10854471,204.6391704,0
8231,88.10854471,204.6391704,0
8232,88.10854471,204.6391704,0
8233,88.10854471,201.7969597,0
8234,88.10854471,201.7969597,0
8235,88.10854471,201.7969597,0
8236,88.10854471,201.7969597,0
8237,88.10854471,201.7969597,0
8238,88.10854471,201.7969597,0
8239,88.10854471,201.7969597,0
8240,88.10854471,201.7969597,0
8241,88.10854471,201.7969597,0
8242,88.10854471,201.7969597,0
8243,88.10854471,201.7969597,0
8244,88.10854471,201.7969597,0
8245,88.10854471,201.7969597,0
8246,88.10854471,201.7969597,0
8247,88.10854471,201.7969597,0
8248,88.10854471,201.7969597,0
8249,88.10854471,201.7969597,0
8250,88.10854471,201.7969597,0
8251,85.26633351,201.7969597,0
8252,85.26633351,201.7969597,0
8253,85.26633351,201.7969597,0
8254,85.26633351,201.7969597,0
8255,85.26633351,201.7969597,0
8256,85.26633351,201.7969597,0
8257,85.26633351,201.7969597,0
8258,85.26633351,201.7969597,0
8259,85.26633351,201.7969597,0
8260,85.26633351,201.7969597,0
8261,85.26633351,201.7969597,0
8262,85.26633351,201.7969597,0
8263,85.26633351,201.7969597,0
8264,85.26633351,201.7969597,0
8265,85.26633351,204.6391704,0
8266,85.26633351,204.6391704,0
8267,85.26633351,204.6391704,0
8268,85.26633351,204.6391704,0
8269,85.26633351,204.6391704,0
8270,85.26633351,204.6391704,0
8271,85.26633351,204.6391704,0
8272,85.26633351,204.6391704,0
8273,85.26633351,204.6391704,0
8274,85.26633351,204.6391704,0
8275,85.26633351,204.6391704,0
8276,85.26633351,204.6391704,0
8277,85.26633351,204.6391704,0
8278,85.26633351,204.6391704,0
8279,85.26633351,204.6391704,0
8280,85.26633351,204.6391704,0
8281,85.26633351,204.6391704,0
8282,85.26633351,204.6391704,0
8283,85.26633351,204.6391704,0
8284,85.26633351,204.6391704,0
8285,85.26633351,204.6391704,0
8286,85.26633351,204.6391704,0
8287,85.26633344,204.6391704,0
8288,88.10854464,204.6391704,0
8289,88.10854464,204.6391704,0
8290,88.10854464,204.6391704,0
8291,88.10854464,204.6391704,0
8292,88.10854464,204.6391704,0
8293,88.10854464,204.6391704,0
8294,88.10854464,204.6391704,0
8295,88.10854464,204.6391704,0
8296,88.10854464,204.6391704,0
8297,88.10854464,204.6391704,0
8298,88.10854464,204.6391704,0
8299,88.10854464,204.6391704,0
8300,88.10854464,204.6391704,0
8301,88.10854464,204.6391704,0
8302,88.10854464,204.6391704,0
8303,88.10854464,204.6391704,0
8304,88.10854464,204.6391704,0
8305,88.10854464,204.6391704,0
8306,88.10854464,204.6391704,0
8307,88.10854464,204.6391704,0
8308,88.10854464,204.6391704,0
8309,88.10854464,204.6391704,0
8310,88.10854464,204.6391704,0
8311,88.10854464,204.6391704,0
8312,88.10854464,204.6391704,0
8313,88.10854464,204.6391704,0
8314,88.10854464,204.6391704,0
8315,88.10854464,201.7969597,0
8316,88.10854464,201.7969597,0
8317,88.10854464,201.7969597,0
8318,88.10854464,201.7969597,0
8319,88.10854464,201.7969597,0
8320,88.10854464,201.7969597,0
8321,88.10854464,201.7969597,0
8322,88.10854464,201.7969597,0
8323,88.10854464,201.7969597,0
8324,88.10854464,201.7969597,0
8325,88.10854464,201.7969597,0
8326,88.10854464,201.7969597,0
8327,88.10854464,201.7969597,0
8328,88.10854464,201.7969597,0
8329,88.10854464,201.7969597,0
8330,88.10854464,201.7969597,0
8331,88.10854464,201.7969597,0
8332,88.10854464,201.7969597,0
8333,88.10854464,201.7969597,0
8334,88.10854464,201.7969597,0
8335,88.10854464,201.7969597,0
8336,88.10854464,201.7969597,0
8337,88.10854464,201.7969597,0
8338,88.10854457,201.7969597,0
8339,88.10854457,201.7969597,0
8340,88.10854457,201.7969597,0
8341,88.10854457,201.7969597,0
8342,88.10854457,201.7969597,0
8343,88.10854457,201.7969597,0
8344,88.10854457,201.7969597,0
8345,88.10854457,201.7969597,0
8346,88.10854457,201.7969597,0
8347,88.10854457,201.7969597,0
8348,88.10854457,201.7969597,0
8349,88.10854457,201.7969597,0
8350,88.10854457,201.7969597,0
8351,88.10854457,201.7969597,0
8352,88.10854457,201.7969597,0
8353,88.10854457,201.7969597,0
8354,88.10854457,201.7969597,0
8355,88.10854457,201.7969597,0
8356,88.10854457,201.7969597,0
8357,88.10854457,201.7969597,0
8358,88.10854457,201.7969597,0
8359,82.42412246,201.7969597,0
8360,82.42412246,201.7969597,0
8361,82.42412246,201.7969597,0
8362,82.42412246,201.7969597,0
8363,85.26633344,201.7969597,0
8364,85.26633344,201.7969597,0
8365,85.26633344,201.7969597,0
8366,85.26633344,201.7969597,0
8367,85.26633344,201.7969597,0
8368,85.26633344,201.7969597,0
8369,85.26633344,201.7969597,0
8370,85.26633344,201.7969597,0
8371,85.26633344,201.7969597,0
8372,85.26633344,201.7969597,0
8373,85.26633344,201.7969597,0
8374,85.26633344,201.7969597,0
8375,85.26633344,201.7969597,0
8376,85.26633344,201.7969597,0
8377,85.26633344,201.7969597,0
8378,85.26633344,201.7969597,0
8379,85.26633344,201.7969597,0
8380,85.26633344,201.7969597,0
8381,85.26633344,201.7969597,0
8382,85.26633344,201.7969597,0
8383,85.26633344,201.7969597,0
8384,85.26633344,201.7969597,0
8385,85.26633344,201.7969597,0
8386,85.26633344,201.7969597,0
8387,85.26633344,201.7969597,0
8388,85.26633344,201.7969597,0
8389,85.26633344,201.7969597,0
8390,85.26633344,201.7969597,0
8391,85.26633344,201.7969597,0
8392,85.26633344,201.7969597,0
8393,85.26633344,201.7969597,0
8394,85.26633344,201.7969597,0
8395,85.26633344,201.7969597,0
8396,85.26633344,201.7969597,0
8397,85.26633344,201.7969597,0
8398,85.26633344,201.7969597,0
8399,85.26633351,201.7969597,0
8400,85.26633351,201.7969597,0
8401,85.26633351,201.7969597,0
8402,85.26633351,201.7969597,0
8403,85.26633351,201.7969597,0
8404,85.26633351,201.7969597,0
8405,85.26633351,201.7969597,0
8406,85.26633351,201.7969597,0
8407,85.26633351,201.7969597,0
8408,85.26633351,201.7969597,0
8409,85.26633351,201.7969597,0
8410,85.26633351,201.7969597,0
8411,85.26633351,201.7969597,0
8412,85.26633351,201.7969597,0
8413,85.26633351,201.7969597,0
8414,85.26633351,201.7969597,0
8415,85.26633351,201.7969597,0
8416,85.26633351,201.7969597,0
8417,85.26633351,201.7969597,0
8418,85.26633351,201.7969597,0
8419,85.26633351,201.7969597,0
8420,85.26633351,201.7969597,0
8421,85.26633351,201.7969597,0
8422,85.26633351,201.7969597,0
8423,85.26633351,201.7969597,0
8424,85.26633351,201.7969597,0
8425,85.26633351,201.7969597,0
8426,85.26633351,201.7969597,0
8427,85.26633351,201.7969597,0
8428,85.26633351,201.7969597,0
8429,85.26633351,201.7969597,0
8430,85.26633351,201.7969597,0
8431,85.26633351,201.7969597,0
8432,85.26633351,201.7969597,0
8433,85.26633351,201.7969597,0
8434,85.26633351,201.7969597,0
8435,85.26633351,201.7969597,0
8436,85.26633351,201.7969597,0
8437,85.26633351,201.7969597,0
8438,85.26633351,201.7969597,0
8439,85.26633351,201.7969597,0
8440,85.26633351,201.7969597,0
8441,85.26633351,201.7969597,0
8442,85.26633351,201.7969597,0
8443,85.26633351,201.7969597,0
8444,85.26633351,201.7969597,0
8445,85.26633351,201.7969597,0
8446,85.26633351,201.7969597,0
8447,85.26633351,201.7969597,0
8448,85.26633351,201.7969597,0
8449,85.26633351,201.7969597,0
8450,85.26633351,201.7969597,0
8451,85.26633351,201.7969597,0
8452,85.26633351,201.7969597,0
8453,85.26633351,201.7969597,0
8454,85.26633351,201.7969597,0
8455,85.26633351,201.7969597,0
8456,85.26633351,201.7969597,0
8457,85.26633351,201.7969597,0
8458,85.26633351,201.7969597,0
8459,85.26633351,201.7969597,0
8460,85.26633351,201.7969597,0
8461,85.26633351,201.7969597,0
8462,85.26633351,201.7969597,0
8463,85.26633351,201.7969597,0
8464,85.26633351,201.7969597,0
8465,85.26633351,201.7969597,0
8466,85.26633351,201.7969597,0
8467,85.26633351,201.7969597,0
8468,85.26633351,201.7969597,0
8469,85.26633351,201.7969597,0
8470,85.26633351,201.7969597,0
8471,85.26633351,201.7969597,0
8472,85.26633351,201.7969597,0
8473,85.26633351,201.7969597,0
8474,85.26633351,201.7969597,0
8475,85.26633351,201.7969597,0
8476,85.26633351,201.7969597,0
8477,88.10854464,201.7969597,0
8478,88.10854464,201.7969597,0
8479,88.10854464,201.7969597,0
8480,88.10854464,201.7969597,0
8481,88.10854464,201.7969597,0
8482,88.10854464,201.7969597,0
8483,88.10854464,201.7969597,0
8484,88.10854464,201.7969597,0
8485,88.10854464,201.7969597,0
8486,88.10854464,201.7969597,0
8487,88.10854464,201.7969597,0
8488,88.10854464,201.7969597,0
8489,88.10854464,201.7969597,0
8490,88.10854464,201.7969597,0
8491,88.10854464,201.7969597,0
8492,88.10854464,201.7969597,0
8493,88.10854464,201.7969597,0
8494,88.10854464,201.7969597,0
8495,88.10854464,201.7969597,0
8496,88.10854464,201.7969597,0
8497,88.10854464,201.7969597,0
8498,88.10854464,201.7969597,0
8499,88.10854464,201.7969597,0
8500,88.10854464,204.6391704,0
8501,88.10854464,204.6391704,0
8502,88.10854464,204.6391704,0
8503,88.10854464,204.6391704,0
8504,88.10854464,204.6391704,0
8505,88.10854464,204.6391704,0
8506,88.10854464,204.6391704,0
8507,88.10854464,204.6391704,0
8508,88.10854464,204.6391704,0
8509,88.10854464,204.6391704,0
8510,88.10854464,204.6391704,0
8511,88.10854464,204.6391704,0
8512,88.10854464,204.6391704,0
8513,88.10854464,204.6391704,0
8514,88.10854464,204.6391704,0
8515,88.10854464,204.6391704,0
8516,88.10854464,204.6391704,0
8517,88.10854464,204.6391704,0
8518,88.10854464,204.6391704,0
8519,88.10854464,204.6391704,0
8520,88.10854464,204.6391704,0
8521,88.10854464,204.6391704,0
8522,88.10854464,204.6391704,0
8523,88.10854464,204.6391704,0
8524,88.10854464,204.6391704,0
8525,88.10854464,204.6391704,0
8526,88.10854464,204.6391704,0
8527,85.26633358,204.6391704,0
8528,85.26633358,204.6391704,0
8529,85.26633358,204.6391704,0
8530,85.26633358,204.6391704,0
8531,85.26633358,204.6391704,0
8532,85.26633358,204.6391704,0
8533,85.26633358,204.6391704,0
8534,85.26633358,204.6391704,0
8535,85.26633358,204.6391704,0
8536,85.26633358,204.6391704,0
8537,85.26633358,204.6391704,0
8538,85.26633358,204.6391704,0
8539,85.26633358,204.6391704,0
8540,85.26633358,204.6391704,0
8541,85.26633344,204.6391704,0
8542,85.26633358,204.6391704,0
8543,85.26633358,204.6391704,0
8544,85.26633358,204.6391704,0
8545,85.26633358,204.6391704,0
8546,85.26633358,204.6391704,0
8547,85.26633358,204.6391704,0
8548,85.26633358,204.6391704,0
8549,85.26633358,204.6391704,0
8550,85.26633358,201.7969597,0
8551,85.26633358,201.7969597,0
8552,85.26633358,201.7969597,0
8553,85.26633358,204.6391704,0
8554,85.26633358,204.6391704,0
8555,85.26633358,204.6391704,0
8556,85.26633358,204.6391704,0
8557,85.26633358,204.6391704,0
8558,85.26633358,204.6391704,0
8559,85.26633358,204.6391704,0
8560,85.26633358,204.6391704,0
8561,85.26633358,204.6391704,0
8562,85.26633358,204.6391704,0
8563,85.26633358,204.6391704,0
8564,85.26633358,204.6391704,0
8565,85.26633358,204.6391704,0
8566,85.26633358,204.6391704,0
8567,85.26633358,204.6391704,0
8568,85.26633358,204.6391704,0
8569,85.26633358,204.6391704,0
8570,85.26633358,204.6391704,0
8571,85.26633358,204.6391704,0
8572,85.26633358,204.6391704,0
8573,85.26633358,204.6391704,0
8574,85.26633358,204.6391704,0
8575,85.26633358,204.6391704,0
8576,85.26633358,204.6391704,0
8577,85.26633358,204.6391704,0
8578,85.26633358,204.6391704,0
8579,85.26633358,204.6391704,0
8580,85.26633358,204.6391704,0
8581,85.26633358,204.6391704,0
8582,85.26633358,204.6391704,0
8583,85.26633358,204.6391704,0
8584,85.26633358,204.6391704,0
8585,85.26633358,204.6391704,0
8586,85.26633358,204.6391704,0
8587,85.26633358,204.6391704,0
8588,85.26633358,204.6391704,0
8589,85.26633358,204.6391704,0
8590,85.26633358,204.6391704,0
8591,85.26633358,204.6391704,0
8592,85.26633358,204.6391704,0
8593,85.26633358,204.6391704,0
8594,85.26633358,204.6391704,0
8595,85.26633358,204.6391704,0
8596,85.26633358,204.6391704,0
8597,85.26633358,204.6391704,0
8598,85.26633358,204.6391704,0
8599,85.26633358,204.6391704,0
8600,85.26633358,204.6391704,0
8601,85.26633358,204.6391704,0
8602,85.26633358,204.6391704,0
8603,85.26633358,204.6391704,0
8604,85.26633358,204.6391704,0
8605,85.26633358,204.6391704,0
8606,85.26633358,204.6391704,0
8607,85.26633358,204.6391704,0
8608,85.26633358,204.6391704,0
8609,85.26633358,204.6391704,0
8610,85.26633358,204.6391704,0
8611,85.26633358,204.6391704,0
8612,85.26633358,204.6391704,0
8613,85.26633358,204.6391704,0
8614,85.26633358,204.6391704,0
8615,85.26633358,204.6391704,0
8616,85.26633358,204.6391704,0
8617,85.26633358,204.6391704,0
8618,85.26633358,204.6391704,0
8619,85.26633358,204.6391704,0
8620,85.26633358,204.6391704,0
8621,85.26633358,204.6391704,0
8622,85.26633358,204.6391704,0
8623,85.26633358,204.6391704,0
8624,85.26633358,204.6391704,0
8625,85.26633358,204.6391704,0
8626,85.26633358,204.6391704,0
8627,85.26633358,204.6391704,0
8628,85.26633358,204.6391704,0
8629,85.26633358,204.6391704,0
8630,85.26633358,204.6391704,0
8631,85.26633358,204.6391704,0
8632,85.26633358,204.6391704,0
8633,85.26633358,204.6391704,0
8634,85.26633358,204.6391704,0
8635,85.26633358,204.6391704,0
8636,85.26633358,204.6391704,0
8637,85.26633358,204.6391704,0
8638,85.26633358,204.6391704,0
8639,85.26633358,204.6391704,0
8640,85.26633358,204.6391704,0
8641,85.26633358,204.6391704,0
8642,85.26633358,201.7969597,0
8643,85.26633358,201.7969597,0
8644,85.26633358,201.7969597,0
8645,85.26633358,201.7969597,0
8646,85.26633358,201.7969597,0
8647,85.26633358,201.7969597,0
8648,85.26633358,201.7969597,0
8649,85.26633358,201.7969597,0
8650,85.26633358,201.7969597,0
8651,85.26633351,201.7969597,0
8652,85.26633351,201.7969597,0
8653,85.26633351,201.7969597,0
8654,85.26633351,201.7969597,0
8655,85.26633351,201.7969597,0
8656,85.26633351,201.7969597,0
8657,85.26633351,201.7969597,0
8658,85.26633351,201.7969597,0
8659,85.26633351,201.7969597,0
8660,85.26633351,201.7969597,0
8661,85.26633351,201.7969597,0
8662,85.26633351,201.7969597,0
8663,85.26633351,201.7969597,0
8664,85.26633351,201.7969597,0
8665,85.26633351,201.7969597,0
8666,85.26633351,201.7969597,0
8667,85.26633351,201.7969597,0
8668,85.26633351,201.7969597,0
8669,85.26633351,201.7969597,0
8670,85.26633351,201.7969597,0
8671,85.26633351,201.7969597,0
8672,85.26633351,201.7969597,0
8673,85.26633351,201.7969597,0
8674,85.26633351,201.7969597,0
8675,85.26633351,201.7969597,0
8676,85.26633351,201.7969597,0
8677,85.26633351,201.7969597,0
8678,85.26633351,201.7969597,0
8679,85.26633351,201.7969597,0
8680,85.26633351,201.7969597,0
8681,85.26633351,201.7969597,0
8682,85.26633351,201.7969597,0
8683,85.26633351,201.7969597,0
8684,85.26633351,201.7969597,0
8685,85.26633351,201.7969597,0
8686,85.26633351,201.7969597,0
8687,85.26633351,201.7969597,0
8688,85.26633351,201.7969597,0
8689,85.26633351,201.7969597,0
8690,85.26633351,201.7969597,0
8691,85.26633351,201.7969597,0
8692,85.26633351,201.7969597,0
8693,85.26633351,201.7969597,0
8694,85.26633351,201.7969597,0
8695,85.26633351,201.7969597,0
8696,85.26633351,201.7969597,0
8697,85.26633351,201.7969597,0
8698,85.26633351,201.7969597,0
8699,85.26633351,201.7969597,0
8700,85.26633351,201.7969597,0
8701,85.26633351,201.7969597,0
8702,85.26633351,201.7969597,0
8703,85.26633351,201.7969597,0
8704,85.26633351,201.7969597,0
8705,85.26633351,201.7969597,0
8706,85.26633351,201.7969597,0
8707,85.26633351,201.7969597,0
8708,85.26633351,201.7969597,0
8709,85.26633351,201.7969597,0
8710,85.26633351,201.7969597,0
8711,85.26633351,201.7969597,0
8712,85.26633351,201.7969597,0
8713,85.26633351,201.7969597,0
8714,85.26633351,201.7969597,0
8715,85.26633351,201.7969597,0
8716,85.26633351,201.7969597,0
8717,85.26633351,201.7969597,0
8718,85.26633351,201.7969597,0
8719,85.26633351,201.7969597,0
8720,85.26633351,201.7969597,0
8721,85.26633351,201.7969597,0
8722,85.26633351,201.7969597,0
8723,85.26633351,201.7969597,0
8724,85.26633351,201.7969597,0
8725,85.26633351,201.7969597,0
8726,85.26633351,201.7969597,0
8727,85.26633351,201.7969597,0
8728,85.26633351,201.7969597,0
8729,85.26633351,201.7969597,0
8730,85.26633351,201.7969597,0
8731,85.26633351,204.6391704,0
8732,85.26633351,204.6391704,0
8733,85.26633351,204.6391704,0
8734,85.26633351,204.6391704,0
8735,85.26633351,204.6391704,0
8736,85.26633351,204.6391704,0
8737,85.26633351,204.6391704,0
8738,85.26633351,204.6391704,0
8739,85.26633351,204.6391704,0
8740,85.26633351,204.6391704,0
8741,85.26633351,204.6391704,0
8742,85.26633351,204.6391704,0
8743,85.26633351,204.6391704,0
8744,82.42412239,204.6391704,0
8745,82.42412239,204.6391704,0
8746,82.42412239,204.6391704,0
8747,82.42412239,204.6391704,0
8748,82.42412239,204.6391704,0
8749,82.42412239,204.6391704,1
8750,82.42412239,204.6391704,1
8751,82.42412239,204.6391704,1
8752,82.42412239,204.6391704,1
8753,82.42412239,204.6391704,1
8754,82.42412239,204.6391704,1
8755,82.42412239,204.6391704,1
8756,82.42412239,204.6391704,1
8757,82.42412239,204.6391704,1
8758,82.42412239,204.6391704,1
8759,79.58191119,204.6391704,1
8760,79.58191119,204.6391704,1
8761,79.58191119,204.6391704,1
8762,79.58191119,204.6391704,1
8763,82.42412232,204.6391704,1
8764,82.42412232,204.6391704,1
8765,82.42412232,204.6391704,1
8766,82.42412232,204.6391704,1
8767,82.42412232,204.6391704,1
8768,82.42412232,204.6391704,1
8769,82.42412232,204.6391704,1
8770,82.42412232,204.6391704,1
8771,82.42412232,204.6391704,1
8772,82.42412246,204.6391704,1
8773,82.42412246,204.6391704,1
8774,82.42412246,204.6391704,1
8775,82.42412246,204.6391704,1
8776,82.42412246,204.6391704,1
8777,82.42412246,204.6391704,1
8778,82.42412246,204.6391704,1
8779,82.42412246,204.6391704,1
8780,82.42412246,204.6391704,1
8781,82.42412246,201.7969597,1
8782,82.42412246,201.7969597,1
8783,82.42412246,201.7969597,1
8784,85.26633351,204.6391704,1
8785,85.26633351,204.6391704,1
8786,85.26633358,204.6391704,1
8787,85.26633358,204.6391704,1
8788,85.26633358,204.6391704,1
8789,85.26633358,204.6391704,1
8790,85.26633358,204.6391704,1
8791,85.26633358,204.6391704,1
8792,85.26633358,204.6391704,1
8793,85.26633358,204.6391704,1
8794,85.26633358,204.6391704,1
8795,85.26633358,204.6391704,1
8796,85.26633358,204.6391704,1
8797,85.26633358,204.6391704,1
8798,85.26633358,204.6391704,1
8799,85.26633358,204.6391704,1
8800,85.26633358,204.6391704,1
8801,85.26633358,204.6391704,1
8802,85.26633358,204.6391704,1
8803,85.26633358,204.6391704,1
8804,85.26633358,204.6391704,1
8805,85.26633358,204.6391704,1
8806,85.26633358,204.6391704,1
8807,85.26633358,204.6391704,1
8808,85.26633358,204.6391704,1
8809,85.26633358,204.6391704,1
8810,85.26633358,204.6391704,1
8811,85.26633358,204.6391704,1
8812,85.26633358,204.6391704,1
8813,85.26633358,204.6391704,1
8814,85.26633358,204.6391704,1
8815,85.26633358,204.6391704,1
8816,85.26633358,204.6391704,1
8817,85.26633358,204.6391704,1
8818,85.26633358,204.6391704,1
8819,85.26633358,204.6391704,1
8820,85.26633358,204.6391704,1
8821,85.26633358,204.6391704,1
8822,85.26633358,204.6391704,1
8823,85.26633358,204.6391704,1
8824,85.26633358,204.6391704,1
8825,85.26633358,204.6391704,1
8826,85.26633358,204.6391704,1
8827,85.26633358,204.6391704,1
8828,85.26633358,204.6391704,1
8829,85.26633358,204.6391704,1
8830,85.26633358,204.6391704,1
8831,85.26633358,204.6391704,1
8832,85.26633358,204.6391704,1
8833,85.26633358,204.6391704,1
8834,85.26633358,204.6391704,1
8835,85.26633358,204.6391704,1
8836,82.42412239,204.6391704,1
8837,82.42412239,204.6391704,1
8838,82.42412239,204.6391704,1
8839,82.42412239,204.6391704,1
8840,82.42412246,204.6391704,1
8841,82.42412246,204.6391704,1
8842,82.42412246,204.6391704,1
8843,82.42412246,204.6391704,1
8844,82.42412246,204.6391704,1
8845,82.42412246,204.6391704,1
8846,82.42412246,204.6391704,1
8847,82.42412246,204.6391704,1
8848,82.42412246,204.6391704,1
8849,82.42412246,204.6391704,1
8850,82.42412246,204.6391704,1
8851,82.42412246,204.6391704,1
8852,82.42412246,204.6391704,1
8853,82.42412246,204.6391704,1
8854,82.42412246,204.6391704,1
8855,82.42412246,204.6391704,1
8856,82.42412246,204.6391704,1
8857,82.42412246,204.6391704,1
8858,82.42412246,204.6391704,1
8859,82.42412246,204.6391704,1
8860,82.42412246,204.6391704,1
8861,82.42412246,204.6391704,1
8862,82.42412246,204.6391704,1
8863,82.42412246,204.6391704,1
8864,82.42412246,204.6391704,1
8865,82.42412246,204.6391704,1
8866,82.42412246,204.6391704,1
8867,82.42412246,204.6391704,1
8868,82.42412246,204.6391704,1
8869,82.42412246,204.6391704,1
8870,82.42412246,204.6391704,1
8871,82.42412246,204.6391704,1
8872,82.42412246,204.6391704,1
8873,82.42412246,204.6391704,1
8874,82.42412246,204.6391704,1
8875,82.42412246,204.6391704,1
8876,82.42412246,204.6391704,1
8877,82.42412246,204.6391704,1
8878,85.26633351,204.6391704,1
8879,85.26633351,204.6391704,1
8880,85.26633351,204.6391704,1
8881,85.26633351,204.6391704,1
8882,85.26633351,204.6391704,1
8883,85.26633351,204.6391704,1
8884,85.26633351,204.6391704,1
8885,85.26633351,204.6391704,1
8886,85.26633351,204.6391704,1
8887,85.26633351,204.6391704,1
8888,85.26633351,204.6391704,1
8889,85.26633351,204.6391704,1
8890,85.26633351,204.6391704,1
8891,85.26633351,204.6391704,1
8892,85.26633351,204.6391704,1
8893,85.26633351,204.6391704,1
8894,85.26633351,204.6391704,1
8895,85.26633351,204.6391704,1
8896,85.26633351,204.6391704,1
8897,85.26633351,204.6391704,1
8898,85.26633351,204.6391704,1
8899,85.26633351,204.6391704,1
8900,85.26633351,204.6391704,1
8901,85.26633351,204.6391704,1
8902,85.26633351,204.6391704,1
8903,85.26633351,204.6391704,1
8904,85.26633351,204.6391704,1
8905,85.26633351,204.6391704,1
8906,85.26633351,204.6391704,1
8907,85.26633351,204.6391704,1
8908,85.26633351,204.6391704,1
8909,85.26633351,204.6391704,1
8910,85.26633351,204.6391704,1
8911,85.26633351,204.6391704,1
8912,85.26633351,204.6391704,1
8913,85.26633351,204.6391704,1
8914,85.26633351,204.6391704,1
8915,85.26633351,204.6391704,1
8916,85.26633351,204.6391704,1
8917,85.26633351,201.7969597,1
8918,85.26633351,201.7969597,1
8919,85.26633351,201.7969597,1
8920,85.26633351,201.7969597,1
8921,85.26633351,201.7969597,1
8922,85.26633351,201.7969597,1
8923,85.26633351,201.7969597,1
8924,85.26633351,201.7969597,1
8925,85.26633351,201.7969597,1
8926,85.26633351,201.7969597,1
8927,85.26633351,201.7969597,1
8928,82.42412246,201.7969597,1
8929,85.26633344,201.7969597,1
8930,85.26633344,201.7969597,1
8931,85.26633344,201.7969597,1
8932,85.26633344,201.7969597,1
8933,85.26633344,201.7969597,1
8934,85.26633344,201.7969597,1
8935,85.26633344,204.6391704,1
8936,85.26633344,204.6391704,1
8937,85.26633344,204.6391704,1
8938,85.26633344,204.6391704,1
8939,85.26633344,204.6391704,1
8940,85.26633344,204.6391704,1
8941,85.26633344,204.6391704,1
8942,85.26633344,204.6391704,1
8943,85.26633344,204.6391704,1
8944,85.26633344,204.6391704,1
8945,85.26633344,204.6391704,1
8946,85.26633344,204.6391704,1
8947,85.26633344,204.6391704,1
8948,85.26633344,204.6391704,1
8949,85.26633344,204.6391704,1
8950,85.26633344,204.6391704,1
8951,85.26633344,204.6391704,1
8952,85.26633344,204.6391704,1
8953,85.26633344,204.6391704,1
8954,85.26633344,204.6391704,1
8955,85.26633344,204.6391704,1
8956,85.26633344,204.6391704,1
8957,85.26633344,204.6391704,1
8958,85.26633344,204.6391704,1
8959,85.26633344,204.6391704,1
8960,85.26633344,204.6391704,1
8961,85.26633344,204.6391704,1
8962,85.26633344,204.6391704,1
8963,85.26633344,204.6391704,1
8964,85.26633344,204.6391704,1
8965,85.26633344,204.6391704,1
8966,85.26633344,204.6391704,1
8967,85.26633344,204.6391704,1
8968,85.26633344,204.6391704,1
8969,85.26633344,204.6391704,1
8970,85.26633344,204.6391704,1
8971,85.26633344,204.6391704,1
8972,85.26633344,204.6391704,1
8973,85.26633344,204.6391704,1
8974,85.26633351,204.6391704,1
8975,85.26633351,204.6391704,1
8976,85.26633351,204.6391704,1
8977,85.26633351,204.6391704,1
8978,85.26633351,204.6391704,1
8979,85.26633351,204.6391704,1
8980,85.26633351,204.6391704,1
8981,85.26633351,204.6391704,1
8982,85.26633351,204.6391704,1
8983,85.26633351,204.6391704,1
8984,85.26633351,204.6391704,1
8985,85.26633351,204.6391704,1
8986,85.26633351,204.6391704,1
8987,85.26633351,204.6391704,1
8988,85.26633351,204.6391704,1
8989,85.26633351,204.6391704,1
8990,85.26633351,204.6391704,1
8991,85.26633351,204.6391704,1
8992,85.26633351,204.6391704,1
8993,85.26633351,204.6391704,1
8994,85.26633351,204.6391704,1
8995,85.26633351,204.6391704,1
8996,85.26633351,204.6391704,1
8997,85.26633351,204.6391704,1
8998,85.26633351,204.6391704,1
8999,85.26633351,204.6391704,1
9000,85.26633351,204.6391704,1
9001,85.26633351,204.6391704,1
9002,85.26633351,204.6391704,1
9003,85.26633351,204.6391704,1
9004,85.26633351,204.6391704,1
9005,85.26633351,204.6391704,1
9006,85.26633351,204.6391704,1
9007,85.26633351,204.6391704,1
9008,85.26633351,204.6391704,1
9009,85.26633351,201.7969597,1
9010,85.26633351,201.7969597,1
9011,85.26633351,201.7969597,1
9012,85.26633351,201.7969597,1
9013,85.26633351,201.7969597,1
9014,85.26633351,201.7969597,1
9015,85.26633351,201.7969597,1
9016,85.26633351,201.7969597,1
9017,85.26633351,201.7969597,1
9018,85.26633351,201.7969597,1
9019,85.26633351,201.7969597,1
9020,85.26633351,201.7969597,1
9021,85.26633351,201.7969597,1
9022,85.26633351,201.7969597,1
9023,85.26633351,201.7969597,1
9024,82.42412239,201.7969597,1
9025,82.42412239,201.7969597,1
9026,82.42412239,201.7969597,1
9027,82.42412239,201.7969597,1
9028,82.42412239,201.7969597,1
9029,82.42412246,201.7969597,1
9030,82.42412246,201.7969597,1
9031,82.42412246,201.7969597,1
9032,82.42412246,201.7969597,1
9033,82.42412246,201.7969597,1
9034,85.26633344,201.7969597,1
9035,85.26633344,201.7969597,1
9036,85.26633344,201.7969597,1
9037,85.26633344,201.7969597,1
9038,85.26633344,201.7969597,1
9039,85.26633344,201.7969597,1
9040,85.26633344,201.7969597,1
9041,85.26633344,201.7969597,1
9042,85.26633344,201.7969597,1
9043,85.26633344,201.7969597,1
9044,85.26633344,201.7969597,1
9045,85.26633344,201.7969597,1
9046,85.26633344,201.7969597,1
9047,85.26633358,201.7969597,1
9048,85.26633358,201.7969597,1
9049,85.26633358,201.7969597,1
9050,85.26633358,201.7969597,1
9051,85.26633358,201.7969597,1
9052,85.26633358,201.7969597,1
9053,85.26633358,201.7969597,1
9054,85.26633358,201.7969597,1
9055,85.26633358,201.7969597,1
9056,85.26633358,201.7969597,1
9057,85.26633358,201.7969597,1
9058,85.26633358,201.7969597,1
9059,85.26633358,201.7969597,1
9060,85.26633358,201.7969597,1
9061,85.26633358,201.7969597,1
9062,85.26633358,201.7969597,1
9063,85.26633358,201.7969597,1
9064,85.26633358,201.7969597,1
9065,85.26633358,201.7969597,1
9066,85.26633358,201.7969597,1
9067,85.26633358,201.7969597,1
9068,85.26633358,201.7969597,1
9069,85.26633358,201.7969597,1
9070,85.26633358,201.7969597,1
9071,85.26633358,201.7969597,1
9072,85.26633358,201.7969597,1
9073,85.26633358,201.7969597,1
9074,85.26633358,201.7969597,1
9075,85.26633358,201.7969597,1
9076,85.26633358,201.7969597,1
9077,85.26633358,201.7969597,1
9078,85.26633358,201.7969597,1
9079,85.26633358,201.7969597,1
9080,85.26633358,201.7969597,1
9081,85.26633358,201.7969597,1
9082,85.26633358,201.7969597,1
9083,85.26633358,201.7969597,1
9084,85.26633358,201.7969597,1
9085,85.26633358,201.7969597,1
9086,85.26633358,201.7969597,1
9087,85.26633358,201.7969597,1
9088,85.26633358,201.7969597,1
9089,85.26633358,201.7969597,1
9090,85.26633358,201.7969597,1
9091,85.26633358,201.7969597,1
9092,85.26633358,201.7969597,1
9093,85.26633358,201.7969597,1
9094,85.26633358,201.7969597,1
9095,85.26633358,201.7969597,1
9096,85.26633358,201.7969597,1
9097,85.26633344,201.7969597,1
9098,85.26633344,201.7969597,1
9099,85.26633344,201.7969597,1
9100,85.26633344,201.7969597,1
9101,85.26633344,201.7969597,1
9102,85.26633344,201.7969597,1
9103,85.26633344,201.7969597,1
9104,85.26633351,201.7969597,1
9105,85.26633358,201.7969597,1
9106,85.26633358,201.7969597,1
9107,85.26633358,201.7969597,1
9108,85.26633358,201.7969597,1
9109,85.26633358,201.7969597,1
9110,85.26633358,201.7969597,1
9111,85.26633358,201.7969597,1
9112,85.26633358,201.7969597,1
9113,85.26633358,201.7969597,1
9114,85.26633358,201.7969597,1
9115,85.26633358,201.7969597,1
9116,85.26633358,201.7969597,1
9117,85.26633358,201.7969597,1
9118,85.26633358,201.7969597,1
9119,85.26633358,201.7969597,1
9120,85.26633358,201.7969597,1
9121,85.26633358,201.7969597,1
9122,85.26633358,201.7969597,1
9123,85.26633358,201.7969597,1
9124,85.26633358,201.7969597,1
9125,85.26633358,201.7969597,1
9126,85.26633358,201.7969597,1
9127,85.26633358,201.7969597,1
9128,85.26633358,201.7969597,1
9129,85.26633358,201.7969597,1
9130,85.26633358,201.7969597,1
9131,85.26633358,201.7969597,1
9132,85.26633358,201.7969597,1
9133,85.26633358,201.7969597,1
9134,85.26633358,201.7969597,1
9135,85.26633358,201.7969597,1
9136,85.26633358,201.7969597,1
9137,85.26633358,201.7969597,1
9138,85.26633358,201.7969597,1
9139,85.26633358,201.7969597,1
9140,85.26633358,201.7969597,1
9141,85.26633358,201.7969597,1
9142,85.26633358,201.7969597,1
9143,85.26633358,201.7969597,1
9144,85.26633358,201.7969597,1
9145,85.26633358,201.7969597,1
9146,85.26633358,201.7969597,1
9147,85.26633358,201.7969597,1
9148,85.26633358,201.7969597,1
9149,85.26633358,201.7969597,1
9150,85.26633358,201.7969597,1
9151,85.26633358,204.6391704,1
9152,85.26633358,204.6391704,1
9153,85.26633358,204.6391704,1
9154,85.26633358,204.6391704,1
9155,85.26633358,204.6391704,1
9156,85.26633358,204.6391704,1
9157,85.26633358,204.6391704,1
9158,85.26633358,204.6391704,1
9159,85.26633358,204.6391704,1
9160,85.26633358,204.6391704,1
9161,85.26633358,204.6391704,1
9162,85.26633358,204.6391704,1
9163,85.26633358,204.6391704,1
9164,85.26633358,204.6391704,1
9165,85.26633358,204.6391704,1
9166,85.26633358,204.6391704,1
9167,85.26633358,204.6391704,1
9168,85.26633358,204.6391704,1
9169,85.26633358,204.6391704,1
9170,85.26633358,204.6391704,1
9171,85.26633358,204.6391704,1
9172,85.26633358,204.6391704,1
9173,85.26633358,204.6391704,1
9174,85.26633351,204.6391704,1
9175,85.26633351,204.6391704,1
9176,85.26633351,204.6391704,1
9177,85.26633351,204.6391704,1
9178,85.26633351,204.6391704,1
9179,85.26633351,204.6391704,1
9180,85.26633351,204.6391704,1
9181,85.26633351,204.6391704,1
9182,85.26633351,204.6391704,1
9183,85.26633351,204.6391704,1
9184,85.26633351,204.6391704,1
9185,85.26633351,204.6391704,1
9186,85.26633351,204.6391704,1
9187,85.26633351,204.6391704,1
9188,85.26633351,204.6391704,1
9189,85.26633351,204.6391704,1
9190,85.26633351,204.6391704,1
9191,85.26633351,204.6391704,1
9192,85.26633351,204.6391704,1
9193,85.26633351,204.6391704,1
9194,85.26633351,204.6391704,1
9195,85.26633351,204.6391704,1
9196,85.26633351,204.6391704,1
9197,85.26633351,204.6391704,1
9198,85.26633351,204.6391704,1
9199,85.26633351,204.6391704,1
9200,85.26633351,204.6391704,1
9201,85.26633351,204.6391704,1
9202,85.26633351,204.6391704,1
9203,85.26633351,204.6391704,1
9204,85.26633344,204.6391704,1
9205,85.26633344,204.6391704,1
9206,82.42412239,204.6391704,1
9207,82.42412239,204.6391704,1
9208,82.42412239,204.6391704,1
9209,82.42412246,204.6391704,1
9210,82.42412246,204.6391704,1
9211,82.42412246,204.6391704,1
9212,85.26633358,204.6391704,1
9213,85.26633358,204.6391704,1
9214,85.26633358,204.6391704,1
9215,85.26633358,204.6391704,1
9216,85.26633358,204.6391704,1
9217,85.26633358,204.6391704,1
9218,85.26633358,204.6391704,1
9219,85.26633358,201.7969597,1
9220,85.26633358,201.7969597,1
9221,85.26633358,201.7969597,1
9222,85.26633358,201.7969597,1
9223,85.26633358,201.7969597,1
9224,85.26633358,201.7969597,1
9225,85.26633358,201.7969597,1
9226,85.26633358,201.7969597,1
9227,85.26633358,201.7969597,1
9228,85.26633358,201.7969597,1
9229,85.26633358,201.7969597,1
9230,85.26633358,201.7969597,1
9231,85.26633358,201.7969597,1
9232,85.26633358,201.7969597,1
9233,85.26633358,201.7969597,1
9234,85.26633358,204.6391704,1
9235,85.26633358,204.6391704,1
9236,85.26633358,204.6391704,1
9237,85.26633358,204.6391704,1
9238,85.26633358,204.6391704,1
9239,85.26633358,204.6391704,1
9240,85.26633358,204.6391704,1
9241,85.26633358,204.6391704,1
9242,85.26633358,204.6391704,1
9243,85.26633358,204.6391704,1
9244,85.26633358,204.6391704,1
9245,85.26633358,204.6391704,1
9246,85.26633358,204.6391704,1
9247,85.26633358,204.6391704,1
9248,85.26633358,204.6391704,1
9249,85.26633358,204.6391704,1
9250,85.26633358,204.6391704,1
9251,85.26633358,204.6391704,1
9252,85.26633358,204.6391704,1
9253,85.26633358,204.6391704,1
9254,85.26633358,204.6391704,1
9255,85.26633358,204.6391704,1
9256,85.26633358,204.6391704,1
9257,85.26633358,204.6391704,1
9258,85.26633358,204.6391704,1
9259,85.26633358,204.6391704,1
9260,85.26633358,204.6391704,1
9261,85.26633358,204.6391704,1
9262,82.42412246,204.6391704,1
9263,82.42412246,204.6391704,1
9264,82.42412246,204.6391704,1
9265,82.42412246,204.6391704,1
9266,82.42412246,204.6391704,1
9267,82.42412246,204.6391704,1
9268,82.42412246,204.6391704,1
9269,82.42412246,204.6391704,1
9270,82.42412246,204.6391704,1
9271,82.42412246,204.6391704,1
9272,82.42412246,204.6391704,1
9273,82.42412246,204.6391704,1
9274,82.42412246,204.6391704,1
9275,82.42412246,204.6391704,1
9276,82.42412246,204.6391704,1
9277,82.42412246,204.6391704,1
9278,82.42412246,204.6391704,1
9279,82.42412246,204.6391704,1
9280,82.42412246,204.6391704,1
9281,82.42412246,204.6391704,1
9282,82.42412246,204.6391704,1
9283,82.42412246,204.6391704,1
9284,82.42412246,201.7969597,1
9285,82.42412246,201.7969597,1
9286,82.42412246,201.7969597,1
9287,82.42412246,201.7969597,1
9288,82.42412246,201.7969597,1
9289,82.42412246,201.7969597,1
9290,82.42412246,201.7969597,1
9291,82.42412246,201.7969597,1
9292,82.42412246,201.7969597,1
9293,82.42412246,201.7969597,1
9294,82.42412239,201.7969597,1
9295,82.42412239,201.7969597,1
9296,82.42412239,201.7969597,1
9297,82.42412239,201.7969597,1
9298,82.42412239,201.7969597,1
9299,82.42412239,201.7969597,1
9300,82.42412239,201.7969597,1
9301,82.42412239,201.7969597,1
9302,82.42412239,201.7969597,1
9303,85.26633344,201.7969597,1
9304,85.26633344,201.7969597,1
9305,85.26633344,201.7969597,1
9306,85.26633344,201.7969597,1
9307,85.26633344,201.7969597,1
9308,85.26633344,201.7969597,1
9309,85.26633344,201.7969597,1
9310,85.26633344,201.7969597,1
9311,85.26633344,201.7969597,1
9312,85.26633344,201.7969597,1
9313,85.26633344,201.7969597,1
9314,85.26633344,201.7969597,1
9315,85.26633344,201.7969597,1
9316,85.26633344,201.7969597,1
9317,85.26633344,201.7969597,1
9318,85.26633344,201.7969597,1
9319,85.26633344,201.7969597,1
9320,85.26633344,201.7969597,1
9321,85.26633344,201.7969597,1
9322,85.26633344,201.7969597,1
9323,85.26633344,201.7969597,1
9324,85.26633344,201.7969597,1
9325,85.26633344,201.7969597,1
9326,85.26633344,201.7969597,1
9327,85.26633344,201.7969597,1
9328,85.26633344,201.7969597,1
9329,85.26633344,201.7969597,1
9330,85.26633344,201.7969597,1
9331,85.26633344,201.7969597,1
9332,85.26633344,201.7969597,1
9333,85.26633344,201.7969597,1
9334,85.26633344,201.7969597,1
9335,85.26633344,201.7969597,1
9336,85.26633344,201.7969597,1
9337,85.26633344,201.7969597,1
9338,85.26633344,201.7969597,1
9339,85.26633351,201.7969597,1
9340,85.26633351,201.7969597,1
9341,85.26633351,201.7969597,1
9342,85.26633351,201.7969597,1
9343,85.26633351,201.7969597,1
9344,85.26633351,201.7969597,1
9345,85.26633351,201.7969597,1
9346,85.26633351,201.7969597,1
9347,85.26633351,201.7969597,1
9348,85.26633351,201.7969597,1
9349,85.26633351,201.7969597,1
9350,85.26633351,201.7969597,1
9351,85.26633351,201.7969597,1
9352,85.26633351,201.7969597,1
9353,85.26633351,201.7969597,1
9354,85.26633351,201.7969597,1
9355,85.26633351,201.7969597,1
9356,85.26633351,201.7969597,1
9357,85.26633351,201.7969597,1
9358,85.26633351,201.7969597,1
9359,85.26633351,201.7969597,1
9360,85.26633351,201.7969597,1
9361,85.26633351,201.7969597,1
9362,85.26633351,201.7969597,1
9363,85.26633351,201.7969597,1
9364,85.26633351,201.7969597,1
9365,85.26633351,201.7969597,1
9366,85.26633358,201.7969597,1
9367,85.26633358,201.7969597,1
9368,85.26633358,201.7969597,1
9369,85.26633358,201.7969597,1
9370,85.26633358,201.7969597,1
9371,85.26633358,201.7969597,1
9372,85.26633358,201.7969597,1
9373,85.26633358,201.7969597,1
9374,85.26633358,201.7969597,1
9375,85.26633358,201.7969597,1
9376,85.26633358,201.7969597,1
9377,85.26633358,201.7969597,1
9378,85.26633358,201.7969597,1
9379,85.26633358,201.7969597,1
9380,85.26633358,201.7969597,1
9381,85.26633358,201.7969597,1
9382,85.26633358,201.7969597,1
9383,85.26633358,201.7969597,1
9384,85.26633358,201.7969597,1
9385,85.26633358,201.7969597,1
9386,85.26633358,201.7969597,1
9387,85.26633358,201.7969597,1
9388,85.26633358,201.7969597,1
9389,85.26633358,201.7969597,1
9390,85.26633358,201.7969597,1
9391,85.26633358,201.7969597,1
9392,85.26633358,201.7969597,1
9393,85.26633358,201.7969597,1
9394,85.26633358,201.7969597,1
9395,85.26633358,201.7969597,1
9396,85.26633358,201.7969597,1
9397,85.26633358,201.7969597,1
9398,85.26633358,201.7969597,1
9399,85.26633358,201.7969597,1
9400,85.26633358,201.7969597,1
9401,85.26633358,201.7969597,1
9402,85.26633358,201.7969597,1
9403,85.26633358,201.7969597,1
9404,85.26633358,201.7969597,1
9405,85.26633358,201.7969597,1
9406,85.26633358,201.7969597,1
9407,85.26633358,210.3235918,1
9408,85.26633358,210.3235918,1
9409,85.26633358,210.3235918,1
9410,85.26633358,210.3235918,1
9411,85.26633358,210.3235918,1
9412,85.26633358,210.3235918,1
9413,85.26633358,210.3235918,1
9414,85.26633358,210.3235918,1
9415,85.26633358,210.3235918,1
9416,82.42412239,210.3235918,1
9417,82.42412239,210.3235918,1
9418,82.42412239,210.3235918,1
9419,82.42412239,210.3235918,1
9420,82.42412239,210.3235918,1
9421,82.42412239,210.3235918,1
9422,82.42412239,210.3235918,1
9423,82.42412239,210.3235918,1
9424,82.42412239,210.3235918,1
9425,82.42412239,210.3235918,1
9426,82.42412239,210.3235918,1
9427,82.42412239,210.3235918,1
9428,82.42412239,210.3235918,1
9429,82.42412239,210.3235918,1
9430,82.42412239,210.3235918,1
9431,82.42412239,210.3235918,1
9432,82.42412239,210.3235918,1
9433,82.42412239,210.3235918,1
9434,82.42412239,210.3235918,1
9435,82.42412239,210.3235918,1
9436,85.26633351,210.3235918,1
9437,85.26633351,210.3235918,1
9438,85.26633351,210.3235918,1
9439,85.26633351,210.3235918,1
9440,85.26633351,210.3235918,1
9441,85.26633351,210.3235918,1
9442,85.26633351,210.3235918,1
9443,85.26633351,210.3235918,1
9444,85.26633351,210.3235918,1
9445,85.26633351,210.3235918,1
9446,85.26633351,210.3235918,1
9447,85.26633351,210.3235918,1
9448,85.26633351,210.3235918,1
9449,85.26633351,210.3235918,1
9450,85.26633351,210.3235918,1
9451,85.26633351,210.3235918,1
9452,85.26633351,210.3235918,1
9453,85.26633351,210.3235918,1
9454,85.26633351,210.3235918,1
9455,85.26633351,210.3235918,1
9456,85.26633351,210.3235918,1
9457,85.26633351,204.6391704,1
9458,85.26633351,204.6391704,1
9459,85.26633351,204.6391704,1
9460,85.26633351,204.6391704,1
9461,85.26633351,204.6391704,1
9462,85.26633351,204.6391704,1
9463,85.26633351,204.6391704,1
9464,85.26633351,204.6391704,1
9465,85.26633351,204.6391704,1
9466,85.26633351,204.6391704,1
9467,85.26633351,204.6391704,1
9468,85.26633351,204.6391704,1
9469,85.26633351,204.6391704,1
9470,85.26633351,204.6391704,1
9471,85.26633351,204.6391704,1
9472,85.26633351,204.6391704,1
9473,85.26633351,204.6391704,1
9474,85.26633351,204.6391704,1
9475,85.26633351,204.6391704,1
9476,85.26633351,204.6391704,1
9477,85.26633351,204.6391704,1
9478,85.26633351,204.6391704,1
9479,85.26633351,204.6391704,1
9480,85.26633351,204.6391704,1
9481,85.26633351,204.6391704,1
9482,85.26633351,204.6391704,1
9483,85.26633351,204.6391704,1
9484,85.26633351,204.6391704,1
9485,85.26633351,204.6391704,1
9486,85.26633344,204.6391704,1
9487,85.26633344,204.6391704,1
9488,85.26633344,204.6391704,1
9489,85.26633344,204.6391704,1
9490,85.26633344,204.6391704,1
9491,85.26633344,204.6391704,1
9492,85.26633344,204.6391704,1
9493,85.26633344,204.6391704,1
9494,85.26633344,204.6391704,1
9495,88.10854457,204.6391704,1
9496,88.10854457,204.6391704,1
9497,88.10854457,204.6391704,1
9498,88.10854457,204.6391704,1
9499,88.10854457,204.6391704,1
9500,88.10854457,204.6391704,1
9501,88.10854457,204.6391704,1
9502,88.10854457,204.6391704,1
9503,88.10854457,204.6391704,1
9504,88.10854457,204.6391704,1
9505,88.10854457,204.6391704,1
9506,88.10854457,204.6391704,1
9507,88.10854457,204.6391704,1
9508,88.10854457,204.6391704,1
9509,88.10854457,204.6391704,1
9510,88.10854457,204.6391704,1
9511,88.10854457,204.6391704,1
9512,88.10854457,204.6391704,1
9513,88.10854457,204.6391704,1
9514,88.10854457,204.6391704,1
9515,88.10854457,204.6391704,1
9516,88.10854457,204.6391704,1
9517,88.10854457,204.6391704,1
9518,88.10854457,204.6391704,1
9519,88.10854457,204.6391704,1
9520,88.10854457,204.6391704,1
9521,88.10854457,204.6391704,1
9522,88.10854457,204.6391704,1
9523,88.10854457,204.6391704,1
9524,88.10854457,204.6391704,1
9525,88.10854457,204.6391704,1
9526,88.10854457,204.6391704,1
9527,88.10854457,204.6391704,1
9528,88.10854457,204.6391704,1
9529,88.10854457,204.6391704,1
9530,88.10854457,204.6391704,1
9531,88.10854457,204.6391704,1
9532,88.10854457,204.6391704,1
9533,88.10854457,204.6391704,1
9534,88.10854457,204.6391704,1
9535,88.10854457,204.6391704,1
9536,88.10854457,204.6391704,1
9537,88.10854457,204.6391704,1
9538,88.10854457,204.6391704,1
9539,88.10854457,204.6391704,1
9540,88.10854457,204.6391704,1
9541,88.10854457,204.6391704,1
9542,88.10854457,204.6391704,1
9543,88.10854457,201.7969597,1
9544,88.10854457,201.7969597,1
9545,82.42412239,201.7969597,1
9546,82.42412239,201.7969597,1
9547,82.42412239,201.7969597,1
9548,82.42412239,201.7969597,1
9549,82.42412239,201.7969597,1
9550,82.42412239,201.7969597,1
9551,82.42412239,201.7969597,1
9552,82.42412239,201.7969597,1
9553,82.42412239,201.7969597,1
9554,82.42412239,201.7969597,1
9555,82.42412239,201.7969597,1
9556,82.42412239,201.7969597,1
9557,82.42412239,201.7969597,1
9558,82.42412239,201.7969597,1
9559,82.42412239,201.7969597,1
9560,82.42412239,201.7969597,1
9561,82.42412239,201.7969597,1
9562,82.42412239,201.7969597,1
9563,82.42412239,201.7969597,1
9564,82.42412239,201.7969597,1
9565,82.42412239,201.7969597,1
9566,82.42412239,201.7969597,1
9567,82.42412239,201.7969597,1
9568,82.42412239,201.7969597,1
9569,82.42412239,201.7969597,1
9570,82.42412239,201.7969597,1
9571,82.42412239,201.7969597,1
9572,82.42412239,201.7969597,1
9573,82.42412239,201.7969597,1
9574,82.42412239,201.7969597,1
9575,82.42412239,201.7969597,1
9576,82.42412239,201.7969597,1
9577,82.42412239,201.7969597,1
9578,82.42412239,201.7969597,1
9579,82.42412239,201.7969597,1
9580,82.42412239,201.7969597,1
9581,82.42412239,201.7969597,1
9582,82.42412239,201.7969597,1
9583,82.42412239,201.7969597,1
9584,82.42412239,201.7969597,1
9585,82.42412239,201.7969597,1
9586,82.42412239,201.7969597,1
9587,85.26633351,198.954749,1
9588,85.26633351,198.954749,1
9589,85.26633351,198.954749,1
9590,85.26633351,198.954749,1
9591,85.26633351,198.954749,1
9592,85.26633351,198.954749,1
9593,85.26633351,198.954749,1
9594,85.26633351,198.954749,1
9595,85.26633351,198.954749,1
9596,85.26633351,198.954749,1
9597,85.26633351,198.954749,1
9598,85.26633351,198.954749,1
9599,85.26633351,198.954749,1
9600,85.26633351,198.954749,1
9601,85.26633351,198.954749,1
9602,85.26633351,198.954749,1
9603,85.26633351,198.954749,1
9604,85.26633351,198.954749,1
9605,85.26633351,198.954749,1
9606,85.26633351,198.954749,1
9607,85.26633351,198.954749,1
9608,85.26633351,198.954749,1
9609,85.26633351,201.7969597,1
9610,85.26633351,201.7969597,1
9611,85.26633351,201.7969597,1
9612,85.26633351,201.7969597,1
9613,85.26633351,201.7969597,1
9614,85.26633351,201.7969597,1
9615,85.26633351,201.7969597,1
9616,85.26633351,201.7969597,1
9617,85.26633351,201.7969597,1
9618,85.26633351,201.7969597,1
9619,85.26633351,201.7969597,1
9620,85.26633351,201.7969597,1
9621,85.26633351,201.7969597,1
9622,85.26633351,201.7969597,1
9623,85.26633351,201.7969597,1
9624,85.26633351,207.4813811,1
9625,85.26633351,207.4813811,1
9626,85.26633351,207.4813811,1
9627,85.26633351,207.4813811,1
9628,85.26633351,207.4813811,1
9629,85.26633351,207.4813811,1
9630,85.26633351,207.4813811,1
9631,85.26633351,207.4813811,1
9632,85.26633351,207.4813811,1
9633,85.26633351,207.4813811,1
9634,85.26633351,207.4813811,1
9635,85.26633351,207.4813811,1
9636,85.26633351,207.4813811,1
9637,85.26633351,207.4813811,1
9638,85.26633351,207.4813811,1
9639,85.26633351,207.4813811,1
9640,85.26633351,207.4813811,1
9641,85.26633351,207.4813811,1
9642,85.26633351,207.4813811,1
9643,85.26633351,207.4813811,1
9644,85.26633351,207.4813811,1
9645,85.26633351,207.4813811,1
9646,82.42412246,207.4813811,1
9647,82.42412246,207.4813811,1
9648,82.42412246,207.4813811,1
9649,82.42412246,207.4813811,1
9650,82.42412246,207.4813811,1
9651,82.42412246,207.4813811,1
9652,82.42412246,207.4813811,1
9653,82.42412246,207.4813811,1
9654,82.42412246,207.4813811,1
9655,82.42412246,207.4813811,1
9656,82.42412246,207.4813811,1
9657,82.42412246,207.4813811,1
9658,82.42412246,207.4813811,1
9659,82.42412246,207.4813811,1
9660,82.42412246,207.4813811,1
9661,82.42412246,207.4813811,1
9662,82.42412246,207.4813811,1
9663,82.42412246,207.4813811,1
9664,82.42412246,207.4813811,1
9665,82.42412246,207.4813811,1
9666,82.42412246,207.4813811,1
9667,82.42412246,207.4813811,1
9668,82.42412246,207.4813811,1
9669,82.42412246,207.4813811,1
9670,82.42412246,207.4813811,1
9671,82.42412246,207.4813811,1
9672,82.42412246,207.4813811,1
9673,82.42412246,207.4813811,1
9674,82.42412246,201.7969597,1
9675,82.42412246,201.7969597,1
9676,82.42412246,201.7969597,1
9677,82.42412246,201.7969597,1
9678,82.42412246,201.7969597,1
9679,82.42412246,201.7969597,1
9680,82.42412246,201.7969597,1
9681,82.42412246,201.7969597,1
9682,82.42412246,201.7969597,1
9683,82.42412246,201.7969597,1
9684,82.42412246,201.7969597,1
9685,82.42412246,201.7969597,1
9686,82.42412246,201.7969597,1
9687,82.42412246,201.7969597,1
9688,82.42412246,201.7969597,1
9689,82.42412246,201.7969597,1
9690,82.42412246,201.7969597,1
9691,82.42412246,201.7969597,1
9692,82.42412246,201.7969597,1
9693,82.42412246,201.7969597,1
9694,82.42412246,201.7969597,1
9695,82.42412246,201.7969597,1
9696,82.42412246,201.7969597,1
9697,82.42412246,201.7969597,1
9698,82.42412246,201.7969597,1
9699,82.42412246,201.7969597,1
9700,82.42412246,201.7969597,1
9701,82.42412246,201.7969597,1
9702,82.42412246,201.7969597,1
9703,85.26633344,201.7969597,1
9704,85.26633344,201.7969597,1
9705,85.26633344,201.7969597,1
9706,85.26633344,201.7969597,1
9707,85.26633344,201.7969597,1
9708,85.26633344,201.7969597,1
9709,88.10854471,201.7969597,1
9710,88.10854471,201.7969597,1
9711,88.10854471,201.7969597,1
9712,88.10854471,201.7969597,1
9713,88.10854471,201.7969597,1
9714,88.10854471,201.7969597,1
9715,88.10854471,201.7969597,1
9716,88.10854471,201.7969597,1
9717,88.10854471,201.7969597,1
9718,88.10854471,201.7969597,1
9719,88.10854471,201.7969597,1
9720,88.10854471,201.7969597,1
9721,88.10854471,201.7969597,1
9722,88.10854471,201.7969597,1
9723,88.10854471,201.7969597,1
9724,88.10854471,201.7969597,1
9725,88.10854471,201.7969597,1
9726,88.10854471,201.7969597,1
9727,88.10854471,201.7969597,1
9728,88.10854471,201.7969597,1
9729,88.10854471,201.7969597,1
9730,88.10854471,201.7969597,1
9731,88.10854471,201.7969597,1
9732,88.10854471,201.7969597,1
9733,88.10854471,201.7969597,1
9734,88.10854471,201.7969597,1
9735,88.10854471,201.7969597,1
9736,88.10854471,201.7969597,1
9737,88.10854471,201.7969597,1
9738,88.10854471,201.7969597,1
9739,88.10854471,201.7969597,1
9740,88.10854471,201.7969597,1
9741,88.10854471,201.7969597,1
9742,88.10854471,201.7969597,1
9743,88.10854471,201.7969597,1
9744,88.10854471,201.7969597,1
9745,88.10854471,201.7969597,1
9746,88.10854471,201.7969597,1
9747,88.10854471,201.7969597,1
9748,88.10854471,201.7969597,1
9749,88.10854471,201.7969597,1
9750,88.10854471,201.7969597,1
9751,88.10854471,201.7969597,1
9752,88.10854471,201.7969597,1
9753,88.10854471,201.7969597,1
9754,88.10854471,201.7969597,1
9755,88.10854471,201.7969597,1
9756,88.10854471,201.7969597,1
9757,88.10854471,201.7969597,1
9758,88.10854471,201.7969597,1
9759,85.26633358,201.7969597,1
9760,85.26633358,201.7969597,1
9761,85.26633358,201.7969597,1
9762,85.26633358,201.7969597,1
9763,85.26633358,201.7969597,1
9764,85.26633358,201.7969597,1
9765,85.26633358,201.7969597,1
9766,85.26633358,201.7969597,1
9767,85.26633358,201.7969597,1
9768,85.26633358,201.7969597,1
9769,85.26633358,201.7969597,1
9770,85.26633358,201.7969597,1
9771,85.26633358,201.7969597,1
9772,85.26633358,201.7969597,1
9773,85.26633358,201.7969597,1
9774,85.26633358,204.6391704,1
9775,85.26633358,204.6391704,1
9776,85.26633358,204.6391704,1
9777,85.26633358,204.6391704,1
9778,85.26633358,204.6391704,1
9779,85.26633358,204.6391704,1
9780,85.26633358,204.6391704,1
9781,85.26633358,204.6391704,1
9782,85.26633358,204.6391704,1
9783,85.26633358,204.6391704,1
9784,85.26633358,204.6391704,1
9785,85.26633358,204.6391704,1
9786,85.26633358,204.6391704,1
9787,85.26633358,204.6391704,1
9788,85.26633358,204.6391704,1
9789,85.26633358,204.6391704,1
9790,85.26633358,204.6391704,1
9791,85.26633358,204.6391704,1
9792,85.26633358,204.6391704,1
9793,85.26633358,204.6391704,1
9794,85.26633358,204.6391704,1
9795,85.26633358,204.6391704,1
9796,85.26633358,204.6391704,1
9797,85.26633358,204.6391704,1
9798,85.26633358,204.6391704,1
9799,85.26633358,204.6391704,1
9800,85.26633358,204.6391704,1
9801,85.26633358,204.6391704,1
9802,85.26633358,204.6391704,1
9803,85.26633358,204.6391704,1
9804,85.26633358,204.6391704,1
9805,85.26633358,204.6391704,1
9806,85.26633358,204.6391704,1
9807,85.26633358,204.6391704,1
9808,85.26633358,204.6391704,1
9809,85.26633351,204.6391704,1
9810,85.26633351,204.6391704,1
9811,85.26633351,204.6391704,1
9812,85.26633351,204.6391704,1
9813,85.26633351,204.6391704,1
9814,85.26633351,204.6391704,1
9815,85.26633351,204.6391704,1
9816,85.26633351,204.6391704,1
9817,85.26633351,204.6391704,1
9818,85.26633351,204.6391704,1
9819,85.26633351,204.6391704,1
9820,85.26633351,204.6391704,1
9821,85.26633351,204.6391704,1
9822,85.26633351,204.6391704,1
9823,85.26633351,204.6391704,1
9824,85.26633351,204.6391704,1
9825,85.26633351,204.6391704,1
9826,85.26633351,204.6391704,1
9827,85.26633351,204.6391704,1
9828,85.26633351,204.6391704,1
9829,85.26633358,204.6391704,1
9830,85.26633358,204.6391704,1
9831,85.26633358,204.6391704,1
9832,85.26633358,204.6391704,1
9833,85.26633358,198.954749,1
9834,85.26633358,198.954749,1
9835,85.26633358,198.954749,1
9836,85.26633358,198.954749,1
9837,85.26633358,198.954749,1
9838,85.26633358,198.954749,1
9839,85.26633358,198.954749,1
9840,85.26633358,198.954749,1
9841,85.26633358,198.954749,1
9842,85.26633358,201.7969597,1
9843,85.26633358,201.7969597,1
9844,85.26633358,201.7969597,1
9845,85.26633358,201.7969597,1
9846,85.26633358,201.7969597,1
9847,85.26633358,201.7969597,1
9848,85.26633358,201.7969597,1
9849,85.26633358,201.7969597,1
9850,85.26633358,201.7969597,1
9851,85.26633358,201.7969597,1
9852,85.26633358,201.7969597,1
9853,85.26633358,201.7969597,1
9854,85.26633358,201.7969597,1
9855,85.26633358,201.7969597,1
9856,85.26633358,201.7969597,1
9857,85.26633358,201.7969597,1
9858,85.26633358,201.7969597,1
9859,85.26633358,201.7969597,1
9860,85.26633358,201.7969597,1
9861,85.26633358,201.7969597,1
9862,85.26633358,201.7969597,1
9863,85.26633358,201.7969597,1
9864,85.26633358,201.7969597,1
9865,85.26633358,201.7969597,1
9866,85.26633358,201.7969597,1
9867,85.26633358,201.7969597,1
9868,85.26633358,201.7969597,1
9869,85.26633358,201.7969597,1
9870,85.26633358,201.7969597,1
9871,85.26633358,201.7969597,1
9872,85.26633358,204.6391704,1
9873,85.26633358,204.6391704,1
9874,85.26633358,204.6391704,1
9875,85.26633358,204.6391704,1
9876,85.26633358,204.6391704,1
9877,85.26633358,204.6391704,1
9878,85.26633358,204.6391704,1
9879,85.26633358,204.6391704,1
9880,85.26633358,204.6391704,1
9881,85.26633358,204.6391704,1
9882,85.26633358,204.6391704,1
9883,85.26633358,204.6391704,1
9884,85.26633358,204.6391704,1
9885,85.26633358,204.6391704,1
9886,85.26633358,204.6391704,1
9887,85.26633358,204.6391704,1
9888,85.26633358,204.6391704,1
9889,85.26633358,204.6391704,1
9890,85.26633351,204.6391704,1
9891,85.26633351,204.6391704,1
9892,85.26633351,204.6391704,1
9893,85.26633351,204.6391704,1
9894,85.26633351,204.6391704,1
9895,85.26633351,204.6391704,1
9896,85.26633351,204.6391704,1
9897,85.26633351,204.6391704,1
9898,85.26633351,204.6391704,1
9899,85.26633351,204.6391704,1
9900,85.26633351,204.6391704,1
9901,85.26633351,204.6391704,1
9902,85.26633351,204.6391704,1
9903,85.26633351,204.6391704,1
9904,85.26633351,204.6391704,1
9905,85.26633351,204.6391704,1
9906,85.26633351,204.6391704,1
9907,85.26633351,204.6391704,1
9908,85.26633351,204.6391704,1
9909,85.26633351,204.6391704,1
9910,85.26633351,204.6391704,1
9911,85.26633344,204.6391704,1
9912,85.26633344,204.6391704,1
9913,85.26633344,204.6391704,1
9914,85.26633344,204.6391704,1
9915,85.26633344,204.6391704,1
9916,85.26633344,204.6391704,1
9917,82.42412246,204.6391704,1
9918,82.42412246,204.6391704,1
9919,82.42412246,204.6391704,1
9920,82.42412246,204.6391704,1
9921,82.42412246,204.6391704,1
9922,82.42412246,204.6391704,1
9923,82.42412246,204.6391704,1
9924,82.42412246,204.6391704,1
9925,82.42412246,204.6391704,1
9926,82.42412246,204.6391704,1
9927,82.42412246,204.6391704,1
9928,82.42412246,204.6391704,1
9929,82.42412246,204.6391704,1
9930,82.42412246,204.6391704,1
9931,82.42412246,204.6391704,1
9932,82.42412246,204.6391704,1
9933,82.42412246,204.6391704,1
9934,82.42412246,204.6391704,1
9935,82.42412246,204.6391704,1
9936,82.42412246,204.6391704,1
9937,82.42412246,204.6391704,1
9938,82.42412246,204.6391704,1
9939,82.42412246,204.6391704,1
9940,82.42412246,204.6391704,1
9941,82.42412246,204.6391704,1
9942,82.42412246,204.6391704,1
9943,82.42412246,204.6391704,1
9944,82.42412246,204.6391704,1
9945,82.42412246,204.6391704,1
9946,82.42412246,204.6391704,1
9947,82.42412246,204.6391704,1
9948,85.26633358,204.6391704,1
9949,85.26633358,204.6391704,1
9950,85.26633358,204.6391704,1
9951,85.26633358,204.6391704,1
9952,85.26633358,204.6391704,1
9953,85.26633358,204.6391704,1
9954,85.26633358,204.6391704,1
9955,85.26633358,204.6391704,1
9956,85.26633358,204.6391704,1
9957,85.26633358,204.6391704,1
9958,85.26633358,204.6391704,1
9959,85.26633358,204.6391704,1
9960,85.26633358,201.7969597,1
9961,85.26633358,201.7969597,1
9962,85.26633358,201.7969597,1
9963,85.26633358,201.7969597,1
9964,85.26633358,201.7969597,1
9965,85.26633358,201.7969597,1
9966,85.26633358,201.7969597,1
9967,85.26633358,201.7969597,1
9968,85.26633358,201.7969597,1
9969,85.26633358,201.7969597,1
9970,85.26633358,201.7969597,1
9971,85.26633358,201.7969597,1
9972,85.26633358,201.7969597,1
9973,85.26633358,201.7969597,1
9974,85.26633358,201.7969597,1
9975,85.26633358,201.7969597,1
9976,85.26633358,201.7969597,1
9977,85.26633358,201.7969597,1
9978,85.26633358,204.6391704,1
9979,85.26633358,204.6391704,1
9980,85.26633358,204.6391704,1
9981,85.26633358,204.6391704,1
9982,85.26633358,204.6391704,1
9983,85.26633358,204.6391704,1
9984,85.26633358,204.6391704,1
9985,85.26633358,204.6391704,1
9986,85.26633358,204.6391704,1
9987,85.26633358,204.6391704,1
9988,85.26633358,204.6391704,1
9989,85.26633358,204.6391704,1
9990,85.26633358,204.6391704,1
9991,85.26633358,204.6391704,1
9992,85.26633358,204.6391704,1
9993,85.26633358,204.6391704,1
9994,85.26633358,204.6391704,1
9995,85.26633358,204.6391704,1
9996,85.26633358,204.6391704,1
9997,85.26633358,204.6391704,1
9998,85.26633351,204.6391704,1
9999,85.26633351,204.6391704,1
10000,85.26633351,204.6391704,1
10001,85.26633351,204.6391704,1
10002,85.26633351,204.6391704,1
10003,85.26633351,204.6391704,1
10004,85.26633351,204.6391704,1
10005,82.42412246,204.6391704,1
10006,82.42412246,204.6391704,1
10007,82.42412246,204.6391704,1
10008,82.42412246,204.6391704,1
10009,82.42412246,204.6391704,1
10010,82.42412246,204.6391704,1
10011,85.26633351,204.6391704,1
10012,85.26633351,204.6391704,1
10013,85.26633351,204.6391704,1
10014,85.26633351,204.6391704,1
10015,85.26633351,204.6391704,1
10016,85.26633351,204.6391704,1
10017,85.26633351,204.6391704,1
10018,85.26633351,204.6391704,1
10019,85.26633351,204.6391704,1
10020,85.26633351,204.6391704,1
10021,85.26633351,204.6391704,1
10022,85.26633351,204.6391704,1
10023,85.26633351,204.6391704,1
10024,85.26633351,204.6391704,1
10025,85.26633351,204.6391704,1
10026,85.26633351,204.6391704,1
10027,85.26633351,204.6391704,1
10028,85.26633351,201.7969597,1
10029,85.26633351,198.954749,1
10030,85.26633351,198.954749,1
10031,85.26633351,198.954749,1
10032,85.26633351,198.954749,1
10033,85.26633351,198.954749,1
10034,85.26633351,198.954749,1
10035,85.26633351,198.954749,1
10036,85.26633351,198.954749,1
10037,85.26633351,198.954749,1
10038,85.26633351,198.954749,1
10039,85.26633351,198.954749,1
10040,85.26633351,198.954749,1
10041,85.26633351,198.954749,1
10042,85.26633351,198.954749,1
10043,85.26633351,198.954749,1
10044,85.26633351,198.954749,1
10045,85.26633351,198.954749,1
10046,85.26633351,198.954749,1
10047,85.26633351,201.7969597,1
10048,85.26633351,201.7969597,1
10049,85.26633351,201.7969597,1
10050,85.26633351,201.7969597,1
10051,85.26633351,201.7969597,1
10052,85.26633351,201.7969597,1
10053,85.26633351,201.7969597,1
10054,85.26633351,201.7969597,1
10055,85.26633351,201.7969597,1
10056,85.26633351,201.7969597,1
10057,85.26633351,201.7969597,1
10058,85.26633351,201.7969597,1
10059,85.26633351,201.7969597,1
10060,85.26633351,201.7969597,1
10061,82.42412239,201.7969597,1
10062,82.42412239,201.7969597,1
10063,82.42412239,201.7969597,1
10064,82.42412239,201.7969597,1
10065,82.42412239,201.7969597,1
10066,82.42412239,201.7969597,1
10067,82.42412239,201.7969597,1
10068,82.42412239,201.7969597,1
10069,82.42412239,201.7969597,1
10070,85.26633358,201.7969597,1
10071,85.26633358,204.6391704,1
10072,85.26633358,204.6391704,1
10073,85.26633358,204.6391704,1
10074,85.26633358,204.6391704,1
10075,85.26633358,204.6391704,1
10076,85.26633358,204.6391704,1
10077,85.26633358,204.6391704,1
10078,85.26633358,204.6391704,1
10079,85.26633358,204.6391704,1
10080,85.26633358,204.6391704,1
10081,85.26633358,204.6391704,1
10082,85.26633358,204.6391704,1
10083,85.26633358,204.6391704,1
10084,85.26633358,204.6391704,1
10085,85.26633358,204.6391704,1
10086,85.26633358,204.6391704,1
10087,85.26633358,204.6391704,1
10088,85.26633358,204.6391704,1
10089,85.26633358,204.6391704,1
10090,85.26633358,204.6391704,1
10091,85.26633358,204.6391704,1
10092,85.26633358,204.6391704,1
10093,85.26633358,204.6391704,1
10094,85.26633358,204.6391704,1
10095,85.26633358,204.6391704,1
10096,85.26633358,204.6391704,1
10097,85.26633358,204.6391704,1
10098,85.26633358,204.6391704,1
10099,85.26633358,204.6391704,1
10100,85.26633358,204.6391704,1
10101,85.26633358,204.6391704,1
10102,85.26633358,204.6391704,1
10103,85.26633358,204.6391704,1
10104,85.26633358,204.6391704,1
10105,85.26633358,204.6391704,1
10106,85.26633358,204.6391704,1
10107,85.26633358,204.6391704,1
10108,85.26633358,204.6391704,1
10109,85.26633358,204.6391704,1
10110,85.26633358,204.6391704,1
10111,85.26633358,204.6391704,1
10112,85.26633358,204.6391704,1
10113,85.26633358,204.6391704,1
10114,85.26633358,204.6391704,1
10115,85.26633358,204.6391704,1
10116,85.26633358,204.6391704,1
10117,85.26633358,204.6391704,1
10118,85.26633358,204.6391704,1
10119,85.26633358,204.6391704,1
10120,85.26633358,204.6391704,1
10121,85.26633358,204.6391704,1
10122,85.26633358,204.6391704,1
10123,85.26633358,204.6391704,1
10124,85.26633358,204.6391704,1
10125,85.26633358,204.6391704,1
10126,85.26633358,204.6391704,1
10127,85.26633358,204.6391704,1
10128,85.26633358,204.6391704,1
10129,85.26633358,204.6391704,1
10130,85.26633358,204.6391704,1
10131,85.26633358,204.6391704,1
10132,85.26633358,204.6391704,1
10133,85.26633358,204.6391704,1
10134,85.26633358,204.6391704,1
10135,85.26633358,204.6391704,1
10136,85.26633358,204.6391704,1
10137,85.26633358,204.6391704,1
10138,85.26633358,204.6391704,1
10139,85.26633358,204.6391704,1
10140,85.26633358,204.6391704,1
10141,85.26633358,204.6391704,1
10142,85.26633358,204.6391704,1
10143,85.26633358,204.6391704,1
10144,85.26633358,204.6391704,1
10145,85.26633358,204.6391704,1
10146,85.26633358,204.6391704,1
10147,85.26633358,204.6391704,1
10148,85.26633358,204.6391704,1
10149,85.26633358,204.6391704,1
10150,85.26633358,204.6391704,1
10151,85.26633358,204.6391704,1
10152,85.26633358,204.6391704,1
10153,85.26633358,204.6391704,1
10154,85.26633358,204.6391704,1
10155,85.26633358,204.6391704,1
10156,85.26633358,201.7969597,1
10157,85.26633358,201.7969597,1
10158,85.26633358,201.7969597,1
10159,85.26633358,201.7969597,1
10160,85.26633358,201.7969597,1
10161,85.26633358,201.7969597,1
10162,85.26633358,201.7969597,1
10163,85.26633358,201.7969597,1
10164,85.26633358,201.7969597,1
10165,85.26633358,201.7969597,1
10166,85.26633358,201.7969597,1
10167,85.26633358,201.7969597,1
10168,85.26633358,201.7969597,1
10169,85.26633358,201.7969597,1
10170,85.26633358,201.7969597,1
10171,85.26633358,201.7969597,1
10172,85.26633358,201.7969597,1
10173,85.26633358,201.7969597,1
10174,85.26633358,201.7969597,1
10175,85.26633358,201.7969597,1
10176,85.26633358,201.7969597,1
10177,85.26633358,201.7969597,1
10178,85.26633344,201.7969597,1
10179,85.26633344,201.7969597,1
10180,85.26633344,201.7969597,1
10181,85.26633344,201.7969597,1
10182,85.26633344,201.7969597,1
10183,85.26633344,201.7969597,1
10184,85.26633344,201.7969597,1
10185,85.26633344,201.7969597,1
10186,85.26633344,201.7969597,1
10187,85.26633344,201.7969597,1
10188,85.26633344,201.7969597,1
10189,85.26633344,201.7969597,1
10190,85.26633344,201.7969597,1
10191,85.26633344,201.7969597,1
10192,85.26633344,201.7969597,1
10193,85.26633344,207.4813811,1
10194,85.26633344,207.4813811,1
10195,85.26633344,207.4813811,1
10196,85.26633344,207.4813811,1
10197,85.26633344,207.4813811,1
10198,85.26633344,207.4813811,1
10199,85.26633344,207.4813811,1
10200,85.26633344,207.4813811,1
10201,85.26633344,207.4813811,1
10202,85.26633344,207.4813811,1
10203,85.26633351,207.4813811,1
10204,85.26633351,207.4813811,1
10205,85.26633351,207.4813811,1
10206,85.26633351,207.4813811,1
10207,85.26633351,207.4813811,1
10208,85.26633351,207.4813811,1
10209,85.26633351,207.4813811,1
10210,85.26633351,207.4813811,1
10211,85.26633351,207.4813811,1
10212,85.26633351,207.4813811,1
10213,85.26633351,207.4813811,1
10214,85.26633351,207.4813811,1
10215,85.26633351,207.4813811,1
10216,85.26633351,207.4813811,1
10217,85.26633351,207.4813811,1
10218,85.26633351,207.4813811,1
10219,85.26633351,207.4813811,1
10220,85.26633351,207.4813811,1
10221,85.26633351,207.4813811,1
10222,85.26633351,207.4813811,1
10223,85.26633351,207.4813811,1
10224,85.26633351,207.4813811,1
10225,85.26633351,207.4813811,1
10226,85.26633351,207.4813811,1
10227,85.26633351,207.4813811,1
10228,85.26633351,207.4813811,1
10229,85.26633351,207.4813811,1
10230,85.26633351,207.4813811,1
10231,85.26633351,207.4813811,1
10232,85.26633351,207.4813811,1
10233,85.26633351,207.4813811,1
10234,85.26633351,207.4813811,1
10235,85.26633351,207.4813811,1
10236,85.26633351,207.4813811,1
10237,85.26633351,207.4813811,1
10238,85.26633351,207.4813811,1
10239,85.26633351,207.4813811,1
10240,85.26633351,207.4813811,1
10241,85.26633351,207.4813811,1
10242,85.26633351,207.4813811,1
10243,85.26633351,204.6391704,1
10244,85.26633351,204.6391704,1
10245,85.26633351,204.6391704,1
10246,85.26633351,204.6391704,1
10247,85.26633351,204.6391704,1
10248,85.26633351,204.6391704,1
10249,85.26633351,204.6391704,1
10250,85.26633351,204.6391704,1
10251,85.26633351,204.6391704,1
10252,85.26633351,204.6391704,1
10253,82.42412246,201.7969597,1
10254,82.42412246,201.7969597,1
10255,82.42412246,201.7969597,1
10256,82.42412246,201.7969597,1
10257,82.42412246,201.7969597,1
10258,82.42412246,201.7969597,1
10259,85.26633344,201.7969597,1
10260,85.26633344,201.7969597,1
10261,85.26633344,201.7969597,1
10262,85.26633344,201.7969597,1
10263,85.26633344,201.7969597,1
10264,85.26633344,201.7969597,1
10265,85.26633344,201.7969597,1
10266,85.26633344,201.7969597,1
10267,85.26633344,201.7969597,1
10268,85.26633344,201.7969597,1
10269,85.26633344,201.7969597,1
10270,85.26633344,201.7969597,1
10271,85.26633344,201.7969597,1
10272,85.26633344,201.7969597,1
10273,85.26633344,201.7969597,1
10274,85.26633344,201.7969597,1
10275,85.26633344,201.7969597,1
10276,85.26633344,201.7969597,1
10277,85.26633344,201.7969597,1
10278,85.26633344,201.7969597,1
10279,85.26633344,201.7969597,1
10280,85.26633344,201.7969597,1
10281,85.26633344,201.7969597,1
10282,85.26633344,201.7969597,1
10283,85.26633344,201.7969597,1
10284,85.26633344,201.7969597,1
10285,85.26633344,201.7969597,1
10286,85.26633344,201.7969597,1
10287,85.26633344,201.7969597,1
10288,85.26633344,201.7969597,1
10289,85.26633344,201.7969597,1
10290,85.26633344,201.7969597,1
10291,85.26633344,201.7969597,1
10292,85.26633344,201.7969597,1
10293,85.26633344,201.7969597,1
10294,85.26633344,201.7969597,1
10295,85.26633344,201.7969597,1
10296,85.26633344,201.7969597,1
10297,85.26633344,201.7969597,1
10298,85.26633351,201.7969597,1
10299,85.26633351,201.7969597,1
10300,85.26633351,201.7969597,1
10301,85.26633351,201.7969597,1
10302,85.26633351,201.7969597,1
10303,85.26633351,201.7969597,1
10304,85.26633351,201.7969597,1
10305,85.26633351,201.7969597,1
10306,85.26633351,201.7969597,1
10307,85.26633351,201.7969597,1
10308,85.26633351,201.7969597,1
10309,85.26633351,201.7969597,1
10310,85.26633351,201.7969597,1
10311,85.26633351,201.7969597,1
10312,85.26633351,201.7969597,1
10313,85.26633351,201.7969597,1
10314,85.26633351,201.7969597,1
10315,85.26633351,201.7969597,1
10316,85.26633351,201.7969597,1
10317,85.26633351,201.7969597,1
10318,85.26633351,201.7969597,1
10319,85.26633351,201.7969597,1
10320,85.26633351,201.7969597,1
10321,85.26633351,201.7969597,1
10322,85.26633351,201.7969597,1
10323,85.26633351,201.7969597,1
10324,85.26633351,201.7969597,1
10325,85.26633351,201.7969597,1
10326,85.26633351,201.7969597,1
10327,85.26633351,201.7969597,1
10328,85.26633351,201.7969597,1
10329,85.26633351,201.7969597,1
10330,85.26633351,201.7969597,1
10331,85.26633351,201.7969597,1
10332,85.26633351,201.7969597,1
10333,85.26633351,201.7969597,1
10334,85.26633351,201.7969597,1
10335,85.26633351,201.7969597,1
10336,85.26633351,201.7969597,1
10337,85.26633351,201.7969597,1
10338,85.26633351,201.7969597,1
10339,85.26633351,201.7969597,1
10340,85.26633351,201.7969597,1
10341,85.26633351,201.7969597,1
10342,85.26633351,201.7969597,1
10343,85.26633351,201.7969597,1
10344,85.26633351,201.7969597,1
10345,85.26633351,201.7969597,1
10346,85.26633351,201.7969597,1
10347,85.26633351,201.7969597,1
10348,82.42412232,201.7969597,1
10349,82.42412232,201.7969597,1
10350,82.42412232,201.7969597,1
10351,82.42412232,201.7969597,1
10352,79.58191127,201.7969597,1
10353,79.58191127,201.7969597,1
10354,79.58191127,201.7969597,1
10355,79.58191127,201.7969597,1
10356,79.58191127,201.7969597,1
10357,79.58191127,201.7969597,1
10358,79.58191127,201.7969597,1
10359,76.73970014,201.7969597,1
10360,76.73970014,201.7969597,1
10361,76.73970014,201.7969597,1
10362,76.73970014,201.7969597,1
10363,76.73970014,201.7969597,1
10364,76.73970014,201.7969597,1
10365,76.73970014,201.7969597,1
10366,76.73970014,201.7969597,1
10367,76.73970014,201.7969597,1
