,Voltage,Current,Action
0,19.89547787,5.6844214,0
1,25.57990005,5.6844214,0
2,25.57990005,19.8954749,0
3,25.57990005,19.8954749,0
4,25.57990005,22.7376856,0
5,45.47537792,22.7376856,0
6,45.47537792,22.7376856,0
7,45.47537792,25.5798963,0
8,45.47537792,34.1065284,0
9,45.47537792,39.7909498,0
10,45.47537792,39.7909498,0
11,45.47537792,39.7909498,0
12,45.47537792,42.6331605,0
13,45.47537792,42.6331605,0
14,56.84422241,42.6331605,0
15,59.68643354,42.6331605,0
16,59.68643354,45.4753712,0
17,73.89748909,45.4753712,0
18,73.89748909,45.4753712,0
19,73.89748909,45.4753712,0
20,73.89748909,45.4753712,0
21,73.89748909,45.4753712,0
22,73.89748909,45.4753712,0
23,73.89748909,45.4753712,0
24,73.89748909,45.4753712,0
25,79.58191134,45.4753712,0
26,79.58191134,45.4753712,0
27,79.58191134,48.3175819,0
28,79.58191134,48.3175819,0
29,79.58191134,48.3175819,0
30,79.58191134,48.3175819,0
31,79.58191134,48.3175819,0
32,79.58191134,48.3175819,0
33,79.58191134,48.3175819,0
34,79.58191134,48.3175819,0
35,79.58191134,48.3175819,0
36,79.58191134,48.3175819,0
37,79.58191134,48.3175819,0
38,79.58191134,48.3175819,0
39,79.58191134,48.3175819,0
40,82.42412246,48.3175819,0
41,82.42412246,48.3175819,0
42,82.42412246,48.3175819,0
43,82.42412246,48.3175819,0
44,82.42412246,48.3175819,0
45,82.42412246,48.3175819,0
46,82.42412246,48.3175819,0
47,82.42412246,48.3175819,0
48,82.42412246,48.3175819,0
49,82.42412246,48.3175819,0
50,82.42412246,48.3175819,0
51,82.42412246,48.3175819,0
52,82.42412246,48.3175819,0
53,82.42412246,48.3175819,0
54,82.42412246,48.3175819,0
55,82.42412246,48.3175819,0
56,82.42412246,48.3175819,0
57,82.42412246,48.3175819,0
58,82.42412246,48.3175819,0
59,82.42412246,48.3175819,0
60,82.42412246,48.3175819,0
61,82.42412246,48.3175819,0
62,82.42412246,48.3175819,0
63,82.42412246,48.3175819,0
64,82.42412246,48.3175819,0
65,82.42412246,48.3175819,0
66,82.42412246,48.3175819,0
67,82.42412246,48.3175819,0
68,82.42412246,48.3175819,0
69,82.42412246,48.3175819,0
70,82.42412246,48.3175819,0
71,82.42412246,48.3175819,0
72,82.42412246,48.3175819,0
73,82.42412246,48.3175819,0
74,82.42412246,48.3175819,0
75,82.42412246,48.3175819,0
76,82.42412246,48.3175819,0
77,82.42412246,54.0020033,0
78,82.42412246,54.0020033,0
79,82.42412246,54.0020033,0
80,82.42412246,54.0020033,0
81,96.63517808,54.0020033,0
82,96.63517808,54.0020033,0
83,96.63517808,54.0020033,0
84,96.63517808,54.0020033,0
85,96.63517808,59.6864247,0
86,96.63517808,59.6864247,0
87,96.63517808,68.2130568,0
88,96.63517808,68.2130568,0
89,96.63517808,68.2130568,0
90,96.63517808,68.2130568,0
91,110.8462336,68.2130568,0
92,110.8462336,68.2130568,0
93,110.8462336,68.2130568,0
94,119.372867,68.2130568,0
95,122.2150781,68.2130568,0
96,122.2150781,68.2130568,0
97,122.2150781,68.2130568,0
98,122.2150781,68.2130568,0
99,122.2150781,68.2130568,0
100,122.2150781,73.8974782,0
101,122.2150781,88.1085317,0
102,122.2150781,88.1085317,0
103,122.2150781,88.1085317,0
104,122.2150781,88.1085317,0
105,130.7417115,88.1085317,0
106,130.7417115,93.7929531,0
107,130.7417115,93.7929531,0
108,130.7417115,93.7929531,0
109,130.7417115,93.7929531,0
110,130.7417115,93.7929531,0
111,130.7417115,93.7929531,0
112,130.7417115,93.7929531,0
113,130.7417115,93.7929531,0
114,130.7417115,93.7929531,0
115,139.2683448,93.7929531,0
116,139.2683448,93.7929531,0
117,139.2683448,93.7929531,0
118,139.2683448,93.7929531,0
119,139.2683449,93.7929531,0
120,139.2683449,93.7929531,0
121,139.2683449,93.7929531,0
122,139.2683449,93.7929531,0
123,139.2683449,102.3195852,0
124,139.2683449,102.3195852,0
125,139.2683449,102.3195852,0
126,139.2683449,102.3195852,0
127,139.2683449,102.3195852,0
128,139.2683449,102.3195852,0
129,139.2683449,102.3195852,0
130,139.2683449,102.3195852,0
131,139.2683449,102.3195852,0
132,139.2683449,105.1617959,0
133,139.2683449,105.1617959,0
134,139.2683449,105.1617959,0
135,139.2683449,105.1617959,0
136,139.2683449,105.1617959,0
137,139.2683449,105.1617959,0
138,139.2683449,105.1617959,0
139,139.2683449,105.1617959,0
140,139.2683449,105.1617959,0
141,139.2683449,105.1617959,0
142,139.2683449,105.1617959,0
143,139.2683449,105.1617959,0
144,139.2683449,105.1617959,0
145,139.2683449,105.1617959,0
146,139.2683449,105.1617959,0
147,139.2683449,105.1617959,0
148,139.2683449,105.1617959,0
149,139.2683449,105.1617959,0
150,139.2683449,105.1617959,0
151,139.2683449,105.1617959,0
152,139.2683449,105.1617959,0
153,139.2683449,105.1617959,0
154,139.2683449,105.1617959,0
155,139.2683449,105.1617959,0
156,139.2683449,105.1617959,0
157,139.2683449,105.1617959,0
158,139.2683449,105.1617959,0
159,139.2683449,105.1617959,0
160,139.2683449,105.1617959,0
161,139.2683449,105.1617959,0
162,139.2683449,105.1617959,0
163,139.2683449,105.1617959,0
164,139.2683449,105.1617959,0
165,139.2683449,105.1617959,0
166,139.2683449,105.1617959,0
167,139.2683449,105.1617959,0
168,139.2683449,105.1617959,0
169,136.4261337,105.1617959,0
170,136.4261337,105.1617959,0
171,119.372867,105.1617959,0
172,119.372867,105.1617959,0
173,119.372867,105.1617959,0
174,119.372867,105.1617959,0
175,119.372867,105.1617959,0
176,119.372867,105.1617959,0
177,116.5306559,105.1617959,0
178,116.5306559,105.1617959,0
179,116.5306559,105.1617959,0
180,116.5306559,105.1617959,0
181,116.5306559,105.1617959,0
182,116.5306559,105.1617959,0
183,116.5306559,108.0040066,0
184,116.5306559,108.0040066,0
185,116.5306559,108.0040066,0
186,116.5306559,108.0040066,0
187,116.5306559,110.8462173,0
188,116.5306559,110.8462173,0
189,113.6884448,110.8462173,0
190,113.6884448,110.8462173,0
191,113.6884448,110.8462173,0
192,113.6884448,110.8462173,0
193,113.6884448,110.8462173,0
194,113.6884448,110.8462173,0
195,113.6884448,110.8462173,0
196,113.6884448,110.8462173,0
197,113.6884448,110.8462173,0
198,116.5306559,110.8462173,0
199,116.5306559,110.8462173,0
200,116.5306559,113.688428,0
201,116.5306559,125.0572708,0
202,116.5306559,125.0572708,0
203,116.5306559,125.0572708,0
204,130.7417115,125.0572708,0
205,130.7417115,125.0572708,0
206,130.7417115,125.0572708,0
207,130.7417115,125.0572708,0
208,130.7417115,125.0572708,0
209,130.7417115,125.0572708,0
210,130.7417115,125.0572708,0
211,130.7417115,127.8994815,0
212,130.7417115,127.8994815,0
213,139.2683449,127.8994815,0
214,139.2683449,127.8994815,0
215,139.2683449,127.8994815,0
216,139.2683449,127.8994815,0
217,139.2683449,127.8994815,0
218,139.2683449,127.8994815,0
219,139.2683449,127.8994815,0
220,139.2683449,127.8994815,0
221,139.2683449,139.2683243,0
222,139.2683449,139.2683243,0
223,139.2683449,139.2683243,0
224,139.2683449,139.2683243,0
225,139.2683449,139.2683243,0
226,139.2683449,139.2683243,0
227,142.110556,139.2683243,0
228,142.110556,139.2683243,0
229,142.110556,147.7949564,0
230,142.110556,147.7949564,0
231,142.110556,147.7949564,0
232,147.7949782,147.7949564,0
233,147.7949782,147.7949564,0
234,147.7949782,147.7949564,0
235,153.4794004,150.6371671,0
236,153.4794004,153.4793778,0
237,153.4794004,153.4793778,0
238,153.4794004,153.4793778,0
239,153.4794004,153.4793778,0
240,156.3216115,153.4793778,0
241,156.3216115,153.4793778,0
242,156.3216115,156.3215885,0
243,156.3216115,156.3215885,0
244,156.3216115,164.8482206,0
245,156.3216115,164.8482206,0
246,156.3216115,164.8482206,0
247,156.3216115,164.8482206,0
248,156.3216115,164.8482206,0
249,156.3216115,164.8482206,0
250,159.1638227,164.8482206,0
251,162.0060338,164.8482206,0
252,162.0060338,170.532642,0
253,162.0060338,170.532642,0
254,167.690456,170.532642,0
255,167.690456,170.532642,0
256,167.690456,170.532642,0
257,167.690456,170.532642,0
258,167.690456,170.532642,0
259,167.690456,170.532642,0
260,184.7437228,170.532642,0
261,184.7437228,170.532642,0
262,184.7437228,170.532642,0
263,184.7437228,170.532642,0
264,184.7437228,170.532642,0
265,184.7437228,170.532642,0
266,184.7437228,173.3748527,0
267,184.7437228,173.3748527,0
268,184.7437228,179.0592741,0
269,184.7437228,179.0592741,0
270,184.7437228,179.0592741,0
271,184.7437228,187.5859062,0
272,184.7437228,193.2703276,0
273,184.7437228,193.2703276,0
274,184.7437228,193.2703276,0
275,184.7437228,193.2703276,0
276,184.7437228,193.2703276,0
277,184.7437228,193.2703276,0
278,184.7437228,193.2703276,0
279,184.7437228,193.2703276,0
280,198.9547783,193.2703276,0
281,204.6392006,193.2703276,0
282,204.6392006,193.2703276,0
283,204.6392006,193.2703276,0
284,204.6392006,193.2703276,0
285,204.6392006,193.2703276,0
286,204.6392006,193.2703276,0
287,204.6392006,193.2703276,0
288,204.6392006,193.2703276,0
289,204.6392006,204.6391704,0
290,204.6392006,204.6391704,0
291,204.6392006,204.6391704,0
292,204.6392006,204.6391704,0
293,204.6392006,204.6391704,0
294,204.6392006,204.6391704,0
295,204.6392006,204.6391704,0
296,210.3236228,204.6391704,0
297,210.3236228,204.6391704,0
298,210.3236228,204.6391704,0
299,210.3236228,204.6391704,0
300,210.3236228,213.1658025,0
301,210.3236228,213.1658025,0
302,210.3236228,213.1658025,0
303,210.3236228,213.1658025,0
304,210.3236228,213.1658025,0
305,210.3236228,213.1658025,0
306,210.3236228,213.1658025,0
307,210.3236228,213.1658025,0
308,210.3236228,213.1658025,0
309,210.3236228,213.1658025,0
310,210.3236228,213.1658025,0
311,210.3236228,213.1658025,0
312,210.3236228,213.1658025,0
313,210.3236228,213.1658025,0
314,210.3236228,213.1658025,0
315,210.3236228,213.1658025,0
316,210.3236228,213.1658025,0
317,210.3236228,213.1658025,0
318,210.3236228,213.1658025,0
319,210.3236228,213.1658025,0
320,210.3236228,213.1658025,0
321,210.3236228,213.1658025,0
322,210.3236228,213.1658025,0
323,210.3236228,213.1658025,0
324,210.3236228,213.1658025,0
325,210.3236228,213.1658025,0
326,210.3236228,213.1658025,0
327,210.3236228,213.1658025,0
328,216.0080451,213.1658025,0
329,216.0080451,213.1658025,0
330,216.0080451,213.1658025,0
331,216.0080451,213.1658025,0
332,216.0080451,213.1658025,0
333,216.0080451,213.1658025,0
334,216.0080451,213.1658025,0
335,216.0080451,216.0080132,0
336,216.0080451,216.0080132,0
337,216.0080451,216.0080132,0
338,216.0080451,216.0080132,0
339,216.0080451,216.0080132,0
340,216.0080451,216.0080132,0
341,216.0080451,216.0080132,0
342,216.0080451,216.0080132,0
343,216.0080451,216.0080132,0
344,216.0080451,216.0080132,0
345,216.0080451,216.0080132,0
346,216.0080451,216.0080132,0
347,216.0080451,216.0080132,0
348,216.0080451,216.0080132,0
349,216.0080451,216.0080132,0
350,216.0080451,216.0080132,0
351,216.0080451,216.0080132,0
352,216.0080451,216.0080132,0
353,216.0080451,216.0080132,0
354,216.0080451,216.0080132,0
355,216.0080451,216.0080132,0
356,216.0080451,216.0080132,0
357,216.0080451,216.0080132,0
358,216.0080451,216.0080132,0
359,216.0080451,216.0080132,0
360,216.0080451,216.0080132,0
361,216.0080451,216.0080132,0
362,216.0080451,216.0080132,0
363,216.0080451,216.0080132,0
364,216.0080451,216.0080132,0
365,216.0080451,216.0080132,0
366,216.0080451,216.0080132,0
367,216.0080451,216.0080132,0
368,216.0080451,216.0080132,0
369,216.0080451,216.0080132,0
370,216.0080451,216.0080132,0
371,216.0080451,216.0080132,0
372,216.0080451,216.0080132,0
373,216.0080451,216.0080132,0
374,216.0080451,216.0080132,0
375,216.0080451,216.0080132,0
376,216.0080451,216.0080132,0
377,216.0080451,216.0080132,0
378,216.008045,216.0080132,0
379,216.008045,216.0080132,0
380,216.008045,216.0080132,0
381,216.008045,216.0080132,0
382,216.008045,216.0080132,0
383,216.008045,216.0080132,0
384,216.008045,216.0080132,0
385,216.008045,213.1658025,0
386,216.008045,213.1658025,0
387,216.008045,213.1658025,0
388,216.008045,213.1658025,0
389,216.008045,213.1658025,0
390,216.008045,213.1658025,0
391,216.008045,213.1658025,0
392,216.008045,213.1658025,0
393,216.008045,213.1658025,0
394,216.008045,213.1658025,0
395,216.008045,213.1658025,0
396,216.008045,213.1658025,0
397,216.008045,213.1658025,0
398,216.008045,213.1658025,0
399,216.008045,213.1658025,0
400,216.008045,213.1658025,0
401,216.008045,213.1658025,0
402,216.008045,213.1658025,0
403,216.008045,213.1658025,0
404,216.008045,213.1658025,0
405,216.008045,213.1658025,0
406,213.165834,213.1658025,0
407,213.165834,213.1658025,0
408,213.165834,213.1658025,0
409,213.165834,213.1658025,0
410,213.165834,213.1658025,0
411,213.165834,213.1658025,0
412,213.165834,213.1658025,0
413,213.165834,213.1658025,0
414,213.165834,213.1658025,0
415,213.165834,213.1658025,0
416,213.165834,213.1658025,0
417,213.165834,213.1658025,0
418,213.165834,213.1658025,0
419,213.165834,213.1658025,0
420,213.165834,213.1658025,0
421,213.165834,213.1658025,0
422,213.165834,213.1658025,0
423,210.3236228,213.1658025,0
424,210.3236228,213.1658025,0
425,210.3236228,213.1658025,0
426,210.3236228,213.1658025,0
427,210.3236228,213.1658025,0
428,210.3236228,213.1658025,0
429,210.3236228,213.1658025,0
430,210.3236228,213.1658025,0
431,210.3236228,213.1658025,0
432,210.3236228,213.1658025,0
433,210.3236228,213.1658025,0
434,210.3236228,213.1658025,0
435,210.3236228,213.1658025,0
436,210.3236228,213.1658025,0
437,198.9547783,213.1658025,0
438,198.9547783,213.1658025,0
439,198.9547783,213.1658025,0
440,198.9547783,213.1658025,0
441,198.9547783,213.1658025,0
442,198.9547783,213.1658025,0
443,198.9547783,213.1658025,0
444,198.9547783,213.1658025,0
445,198.9547783,201.7969597,0
446,198.9547783,201.7969597,0
447,198.9547783,201.7969597,0
448,198.9547783,201.7969597,0
449,198.9547783,201.7969597,0
450,198.9547783,196.1125383,0
451,198.9547783,196.1125383,0
452,193.2703561,193.2703276,0
453,193.2703561,193.2703276,0
454,193.2703561,193.2703276,0
455,193.2703561,193.2703276,0
456,193.2703561,193.2703276,0
457,193.2703561,193.2703276,0
458,193.2703561,193.2703276,0
459,190.428145,193.2703276,0
460,190.428145,193.2703276,0
461,190.428145,193.2703276,0
462,173.3748783,193.2703276,0
463,173.3748783,193.2703276,0
464,173.3748783,193.2703276,0
465,173.3748783,193.2703276,0
466,173.3748783,193.2703276,0
467,173.3748783,193.2703276,0
468,173.3748783,193.2703276,0
469,173.3748783,193.2703276,0
470,173.3748783,193.2703276,0
471,173.3748783,193.2703276,0
472,173.3748783,193.2703276,0
473,164.8482449,193.2703276,0
474,164.8482449,193.2703276,0
475,164.8482449,193.2703276,0
476,164.8482449,193.2703276,0
477,164.8482449,193.2703276,0
478,164.8482449,193.2703276,0
479,164.8482449,193.2703276,0
480,164.8482449,193.2703276,0
481,164.8482449,193.2703276,0
482,164.8482449,193.2703276,0
483,164.8482449,193.2703276,0
484,164.8482449,193.2703276,0
485,164.8482449,193.2703276,0
486,164.8482449,193.2703276,0
487,164.8482449,193.2703276,0
488,164.8482449,193.2703276,0
489,164.8482449,193.2703276,0
490,164.8482449,201.7969597,0
491,164.8482449,201.7969597,0
492,159.1638227,201.7969597,0
493,159.1638227,201.7969597,0
494,159.1638227,201.7969597,0
495,159.1638227,201.7969597,0
496,159.1638227,201.7969597,0
497,159.1638227,201.7969597,0
498,159.1638227,201.7969597,0
499,159.1638227,201.7969597,0
500,159.1638227,201.7969597,0
501,159.1638227,201.7969597,0
502,159.1638227,201.7969597,0
503,159.1638227,201.7969597,0
504,159.1638227,201.7969597,0
505,159.1638227,201.7969597,0
506,159.1638227,201.7969597,0
507,159.1638227,201.7969597,0
508,159.1638227,201.7969597,0
509,159.1638227,201.7969597,0
510,159.1638227,201.7969597,0
511,159.1638227,201.7969597,0
512,159.1638227,201.7969597,0
513,159.1638227,201.7969597,0
514,159.1638227,201.7969597,0
515,159.1638227,201.7969597,0
516,159.1638227,201.7969597,0
517,159.1638227,201.7969597,0
518,159.1638227,201.7969597,0
519,159.1638227,201.7969597,0
520,159.1638227,207.4813811,0
521,159.1638227,207.4813811,0
522,159.1638227,207.4813811,0
523,159.1638227,207.4813811,0
524,159.1638227,207.4813811,0
525,159.1638227,207.4813811,0
526,159.1638227,207.4813811,0
527,159.1638227,207.4813811,0
528,159.1638227,207.4813811,0
529,156.3216115,207.4813811,0
530,156.3216115,207.4813811,0
531,156.3216115,207.4813811,0
532,156.3216115,207.4813811,0
533,156.3216115,207.4813811,0
534,156.3216115,207.4813811,0
535,156.3216115,207.4813811,0
536,156.3216115,207.4813811,0
537,156.3216115,207.4813811,0
538,156.3216115,207.4813811,0
539,156.3216115,207.4813811,0
540,156.3216115,207.4813811,0
541,156.3216115,207.4813811,0
542,156.3216115,207.4813811,0
543,156.3216115,207.4813811,0
544,156.3216115,207.4813811,0
545,156.3216115,207.4813811,0
546,156.3216115,207.4813811,0
547,156.3216115,207.4813811,0
548,156.3216115,207.4813811,0
549,156.3216115,207.4813811,0
550,156.3216115,207.4813811,0
551,156.3216115,207.4813811,0
552,156.3216115,207.4813811,0
553,156.3216115,207.4813811,0
554,156.3216115,207.4813811,0
555,156.3216115,207.4813811,0
556,156.3216115,207.4813811,0
557,156.3216115,207.4813811,0
558,156.3216115,207.4813811,0
559,156.3216115,207.4813811,0
560,156.3216115,207.4813811,0
561,156.3216115,207.4813811,0
562,156.3216115,207.4813811,0
563,156.3216115,207.4813811,0
564,156.3216115,207.4813811,0
565,156.3216115,207.4813811,0
566,156.3216115,207.4813811,0
567,156.3216115,207.4813811,0
568,156.3216115,207.4813811,0
569,156.3216115,207.4813811,0
570,156.3216115,207.4813811,0
571,156.3216115,207.4813811,0
572,156.3216115,207.4813811,0
573,156.3216115,207.4813811,0
574,156.3216115,207.4813811,0
575,156.3216115,207.4813811,0
576,156.3216115,207.4813811,0
577,156.3216115,207.4813811,0
578,156.3216115,207.4813811,0
579,156.3216115,207.4813811,0
580,156.3216115,207.4813811,0
581,156.3216115,207.4813811,0
582,156.3216115,207.4813811,0
583,156.3216115,207.4813811,0
584,156.3216115,207.4813811,0
585,156.3216115,210.3235918,0
586,156.3216115,210.3235918,0
587,156.3216115,210.3235918,0
588,156.3216115,210.3235918,0
589,156.3216115,210.3235918,0
590,156.3216115,210.3235918,0
591,156.3216115,210.3235918,0
592,156.3216115,210.3235918,0
593,156.3216115,210.3235918,0
594,156.3216115,210.3235918,0
595,156.3216115,210.3235918,0
596,156.3216115,210.3235918,0
597,156.3216115,210.3235918,0
598,156.3216115,210.3235918,0
599,153.4794004,210.3235918,0
600,153.4794004,210.3235918,0
601,153.4794004,210.3235918,0
602,153.4794004,210.3235918,0
603,153.4794004,210.3235918,0
604,153.4794004,210.3235918,0
605,153.4794004,210.3235918,0
606,153.4794004,210.3235918,0
607,153.4794004,210.3235918,0
608,153.4794004,210.3235918,0
609,153.4794004,210.3235918,0
610,153.4794004,210.3235918,0
611,153.4794004,210.3235918,0
612,153.4794004,210.3235918,0
613,153.4794004,210.3235918,0
614,153.4794004,210.3235918,0
615,153.4794004,210.3235918,0
616,153.4794004,210.3235918,0
617,153.4794004,210.3235918,0
618,153.4794004,210.3235918,0
619,153.4794004,210.3235918,0
620,153.4794004,210.3235918,0
621,153.4794005,210.3235918,0
622,153.4794005,210.3235918,0
623,153.4794005,210.3235918,0
624,153.4794005,210.3235918,0
625,153.4794005,210.3235918,0
626,153.4794005,210.3235918,0
627,153.4794005,210.3235918,0
628,153.4794005,210.3235918,0
629,153.4794005,210.3235918,0
630,153.4794005,210.3235918,0
631,153.4794005,210.3235918,0
632,153.4794005,210.3235918,0
633,153.4794005,210.3235918,0
634,153.4794005,210.3235918,0
635,153.4794005,207.4813811,0
636,153.4794005,207.4813811,0
637,153.4794005,207.4813811,0
638,153.4794005,207.4813811,0
639,153.4794005,207.4813811,0
640,153.4794005,207.4813811,0
641,153.4794005,207.4813811,0
642,153.4794005,207.4813811,0
643,153.4794005,207.4813811,0
644,153.4794005,207.4813811,0
645,153.4794005,207.4813811,0
646,153.4794005,207.4813811,0
647,153.4794005,207.4813811,0
648,153.4794005,207.4813811,0
649,153.4794005,207.4813811,0
650,153.4794005,207.4813811,0
651,153.4794005,207.4813811,0
652,153.4794005,207.4813811,0
653,153.4794005,207.4813811,0
654,153.4794005,207.4813811,0
655,153.4794005,207.4813811,0
656,153.4794005,207.4813811,0
657,153.4794005,207.4813811,0
658,153.4794005,207.4813811,0
659,153.4794005,207.4813811,0
660,153.4794005,207.4813811,0
661,153.4794005,207.4813811,0
662,153.4794005,207.4813811,0
663,153.4794005,207.4813811,0
664,153.4794005,207.4813811,0
665,153.4794005,207.4813811,0
666,153.4794005,207.4813811,0
667,153.4794005,207.4813811,0
668,153.4794005,207.4813811,0
669,153.4794005,207.4813811,0
670,153.4794005,207.4813811,0
671,150.6371893,207.4813811,0
672,150.6371893,207.4813811,0
673,150.6371893,207.4813811,0
674,150.6371894,207.4813811,0
675,150.6371894,207.4813811,0
676,150.6371894,207.4813811,0
677,150.6371894,207.4813811,0
678,150.6371894,207.4813811,0
679,150.6371894,207.4813811,0
680,150.6371894,207.4813811,0
681,150.6371894,207.4813811,0
682,150.6371894,207.4813811,0
683,150.6371894,207.4813811,0
684,150.6371894,207.4813811,0
685,150.6371894,207.4813811,0
686,150.6371894,207.4813811,0
687,150.6371894,207.4813811,0
688,153.4794004,207.4813811,0
689,153.4794004,207.4813811,0
690,153.4794004,207.4813811,0
691,153.4794004,207.4813811,0
692,153.4794004,207.4813811,0
693,153.4794004,207.4813811,0
694,153.4794004,207.4813811,0
695,153.4794004,207.4813811,0
696,153.4794004,207.4813811,0
697,153.4794004,207.4813811,0
698,153.4794004,207.4813811,0
699,153.4794004,207.4813811,0
700,153.4794004,207.4813811,0
701,153.4794004,207.4813811,0
702,153.4794004,207.4813811,0
703,153.4794004,207.4813811,0
704,153.4794004,207.4813811,0
705,153.4794004,207.4813811,0
706,153.4794004,204.6391704,0
707,153.4794004,204.6391704,0
708,159.1638227,204.6391704,0
709,159.1638227,204.6391704,0
710,170.5326672,204.6391704,0
711,170.5326672,204.6391704,0
712,170.5326672,207.4813811,0
713,170.5326672,207.4813811,0
714,170.5326672,207.4813811,0
715,170.5326672,207.4813811,0
716,170.5326672,216.0080132,0
717,170.5326672,216.0080132,0
718,170.5326672,216.0080132,0
719,170.5326672,216.0080132,0
720,170.5326672,216.0080132,0
721,170.5326672,216.0080132,0
722,170.5326672,216.0080132,0
723,170.5326672,216.0080132,0
724,170.5326672,216.0080132,0
725,170.5326672,216.0080132,0
726,170.5326672,216.0080132,0
727,170.5326672,216.0080132,0
728,170.5326672,216.0080132,0
729,170.5326672,216.0080132,0
730,170.5326672,216.0080132,0
731,170.5326672,216.0080132,0
732,170.5326672,216.0080132,0
733,170.5326672,216.0080132,0
734,170.5326672,216.0080132,0
735,170.5326672,216.0080132,0
736,170.5326672,216.0080132,0
737,170.5326672,216.0080132,0
738,170.5326672,216.0080132,0
739,170.5326672,216.0080132,0
740,170.5326672,216.0080132,0
741,170.5326672,216.0080132,0
742,170.5326672,216.0080132,0
743,170.5326672,216.0080132,0
744,170.5326672,216.0080132,0
745,170.5326672,216.0080132,0
746,170.5326672,216.0080132,0
747,170.5326672,216.0080132,0
748,170.5326672,216.0080132,0
749,170.5326672,216.0080132,0
750,170.5326672,216.0080132,0
751,170.5326672,216.0080132,0
752,170.5326672,216.0080132,0
753,170.5326672,216.0080132,0
754,170.5326672,216.0080132,0
755,170.5326672,216.0080132,0
756,170.5326672,216.0080132,0
757,170.5326672,216.0080132,0
758,170.5326672,216.0080132,0
759,170.5326672,216.0080132,0
760,170.5326672,216.0080132,0
761,170.5326672,216.0080132,0
762,170.5326672,216.0080132,0
763,170.5326672,216.0080132,0
764,164.8482449,216.0080132,0
765,164.8482449,216.0080132,0
766,164.8482449,216.0080132,0
767,164.8482449,216.0080132,0
768,164.8482449,216.0080132,0
769,164.8482449,216.0080132,0
770,164.8482449,216.0080132,0
771,164.8482449,216.0080132,0
772,164.8482449,216.0080132,0
773,164.8482449,216.0080132,0
774,164.8482449,216.0080132,0
775,164.8482449,216.0080132,0
776,164.8482449,216.0080132,0
777,164.8482449,216.0080132,0
778,162.0060338,216.0080132,0
779,162.0060338,216.0080132,0
780,162.0060338,216.0080132,0
781,162.0060338,216.0080132,0
782,162.0060338,216.0080132,0
783,162.0060338,216.0080132,0
784,162.0060338,218.8502239,0
785,162.0060338,218.8502239,0
786,162.0060338,218.8502239,0
787,162.0060338,218.8502239,0
788,162.0060338,218.8502239,0
789,162.0060338,218.8502239,0
790,162.0060338,218.8502239,0
791,162.0060338,218.8502239,0
792,162.0060338,218.8502239,0
793,162.0060338,218.8502239,0
794,162.0060338,218.8502239,0
795,162.0060338,218.8502239,0
796,162.0060338,218.8502239,0
797,162.0060338,218.8502239,0
798,162.0060338,218.8502239,0
799,162.0060338,218.8502239,0
800,162.0060338,218.8502239,0
801,162.0060338,218.8502239,0
802,162.0060338,218.8502239,0
803,162.0060338,218.8502239,0
804,162.0060338,218.8502239,0
805,162.0060338,218.8502239,0
806,162.0060338,218.8502239,0
807,162.0060338,218.8502239,0
808,162.0060338,218.8502239,0
809,162.0060338,218.8502239,0
810,162.0060338,218.8502239,0
811,162.0060338,218.8502239,0
812,162.0060338,218.8502239,0
813,162.0060338,218.8502239,0
814,162.0060338,218.8502239,0
815,162.0060338,218.8502239,0
816,162.0060338,218.8502239,0
817,162.0060338,218.8502239,0
818,162.0060338,218.8502239,0
819,162.0060338,218.8502239,0
820,162.0060338,218.8502239,0
821,162.0060338,218.8502239,0
822,162.0060338,218.8502239,0
823,162.0060338,218.8502239,0
824,162.0060338,218.8502239,0
825,162.0060338,218.8502239,0
826,162.0060338,218.8502239,0
827,162.0060338,218.8502239,0
828,162.0060338,218.8502239,0
829,162.0060338,218.8502239,0
830,162.0060338,218.8502239,0
831,162.0060338,218.8502239,0
832,162.0060338,218.8502239,0
833,162.0060338,218.8502239,0
834,162.0060338,216.0080132,0
835,162.0060338,216.0080132,0
836,159.1638227,216.0080132,0
837,159.1638227,216.0080132,0
838,159.1638227,216.0080132,0
839,159.1638227,216.0080132,0
840,159.1638227,216.0080132,0
841,159.1638227,216.0080132,0
842,162.0060338,216.0080132,0
843,162.0060338,216.0080132,0
844,162.0060338,216.0080132,0
845,162.0060338,216.0080132,0
846,162.0060338,216.0080132,0
847,162.0060338,216.0080132,0
848,162.0060338,216.0080132,0
849,162.0060338,216.0080132,0
850,162.0060338,216.0080132,0
851,162.0060338,216.0080132,0
852,162.0060338,216.0080132,0
853,162.0060338,216.0080132,0
854,162.0060338,216.0080132,0
855,162.0060338,216.0080132,0
856,162.0060338,216.0080132,0
857,162.0060338,216.0080132,0
858,162.0060338,216.0080132,0
859,162.0060338,216.0080132,0
860,162.0060338,216.0080132,0
861,162.0060338,216.0080132,0
862,162.0060338,216.0080132,0
863,162.0060338,216.0080132,0
864,162.0060338,216.0080132,0
865,162.0060338,216.0080132,0
866,162.0060338,216.0080132,0
867,162.0060338,216.0080132,0
868,162.0060338,216.0080132,0
869,162.0060338,216.0080132,0
870,162.0060338,216.0080132,0
871,162.0060338,216.0080132,0
872,162.0060338,216.0080132,0
873,162.0060338,216.0080132,0
874,162.0060338,216.0080132,0
875,162.0060338,216.0080132,0
876,162.0060338,216.0080132,0
877,162.0060338,216.0080132,0
878,162.0060338,216.0080132,0
879,162.0060338,216.0080132,0
880,162.0060338,216.0080132,0
881,162.0060338,216.0080132,0
882,162.0060338,216.0080132,0
883,162.0060338,216.0080132,0
884,162.0060338,216.0080132,0
885,162.0060338,216.0080132,0
886,162.0060338,216.0080132,0
887,162.0060338,216.0080132,0
888,162.0060338,216.0080132,0
889,162.0060338,216.0080132,0
890,162.0060338,216.0080132,0
891,162.0060338,216.0080132,0
892,156.3216115,216.0080132,0
893,156.3216115,216.0080132,0
894,156.3216115,216.0080132,0
895,156.3216115,216.0080132,0
896,156.3216115,216.0080132,0
897,156.3216115,216.0080132,0
898,156.3216115,216.0080132,0
899,156.3216115,216.0080132,0
900,156.3216115,216.0080132,0
901,156.3216115,216.0080132,0
902,156.3216115,216.0080132,0
903,156.3216115,213.1658025,0
904,156.3216115,213.1658025,0
905,156.3216115,213.1658025,0
906,156.3216115,213.1658025,0
907,156.3216115,213.1658025,0
908,156.3216115,213.1658025,0
909,156.3216115,213.1658025,0
910,156.3216115,213.1658025,0
911,156.3216115,213.1658025,0
912,156.3216115,213.1658025,0
913,156.3216115,213.1658025,0
914,156.3216115,213.1658025,0
915,156.3216115,213.1658025,0
916,156.3216115,213.1658025,0
917,156.3216115,213.1658025,0
918,156.3216115,213.1658025,0
919,156.3216115,213.1658025,0
920,156.3216115,213.1658025,0
921,156.3216115,213.1658025,0
922,156.3216115,213.1658025,0
923,156.3216115,213.1658025,0
924,156.3216115,213.1658025,0
925,156.3216115,213.1658025,0
926,156.3216115,213.1658025,0
927,156.3216115,213.1658025,0
928,156.3216115,213.1658025,0
929,144.9527671,213.1658025,0
930,144.9527671,213.1658025,0
931,144.9527671,213.1658025,0
932,144.9527671,213.1658025,0
933,144.9527671,213.1658025,0
934,144.9527671,213.1658025,0
935,144.9527671,213.1658025,0
936,144.9527671,213.1658025,0
937,144.9527671,213.1658025,0
938,144.9527671,213.1658025,0
939,144.9527671,213.1658025,0
940,144.9527671,213.1658025,0
941,144.9527671,213.1658025,0
942,144.9527671,213.1658025,0
943,144.9527671,213.1658025,0
944,147.7949782,213.1658025,0
945,147.7949782,213.1658025,0
946,147.7949782,213.1658025,0
947,147.7949782,213.1658025,0
948,147.7949782,213.1658025,0
949,147.7949782,213.1658025,0
950,147.7949782,213.1658025,0
951,147.7949782,213.1658025,0
952,150.6371894,213.1658025,0
953,150.6371894,213.1658025,0
954,150.6371894,213.1658025,0
955,153.4794004,213.1658025,0
956,153.4794004,213.1658025,0
957,153.4794004,213.1658025,0
958,153.4794004,213.1658025,0
959,153.4794004,213.1658025,0
960,153.4794004,213.1658025,0
961,153.4794004,213.1658025,0
962,153.4794004,213.1658025,0
963,153.4794004,213.1658025,0
964,153.4794004,213.1658025,0
965,153.4794004,213.1658025,0
966,153.4794004,213.1658025,0
967,153.4794004,213.1658025,0
968,153.4794004,213.1658025,0
969,153.4794004,213.1658025,0
970,153.4794004,213.1658025,0
971,153.4794004,213.1658025,0
972,153.4794004,213.1658025,0
973,153.4794004,213.1658025,0
974,153.4794004,213.1658025,0
975,153.4794004,213.1658025,0
976,153.4794004,213.1658025,0
977,153.4794004,213.1658025,0
978,153.4794004,213.1658025,0
979,153.4794004,213.1658025,0
980,153.4794004,213.1658025,0
981,153.4794004,213.1658025,0
982,153.4794004,213.1658025,0
983,153.4794004,213.1658025,0
984,153.4794004,213.1658025,0
985,153.4794004,213.1658025,0
986,153.4794004,213.1658025,0
987,153.4794004,213.1658025,0
988,153.4794004,213.1658025,0
989,153.4794004,213.1658025,0
990,153.4794005,213.1658025,0
991,153.4794005,213.1658025,0
992,153.4794005,213.1658025,0
993,153.4794005,213.1658025,0
994,153.4794005,213.1658025,0
995,153.4794005,213.1658025,0
996,153.4794005,213.1658025,0
997,153.4794005,213.1658025,0
998,153.4794005,213.1658025,0
999,153.4794005,213.1658025,0
1000,153.4794005,213.1658025,0
1001,153.4794005,213.1658025,0
1002,153.4794005,213.1658025,0
1003,153.4794005,213.1658025,0
1004,153.4794005,213.1658025,0
1005,153.4794005,213.1658025,0
1006,153.4794005,213.1658025,0
1007,153.4794005,213.1658025,0
1008,153.4794005,213.1658025,0
1009,153.4794005,213.1658025,0
1010,153.4794005,213.1658025,0
1011,153.4794005,213.1658025,0
1012,153.4794005,213.1658025,0
1013,153.4794005,213.1658025,0
1014,153.4794005,213.1658025,0
1015,153.4794005,213.1658025,0
1016,153.4794005,213.1658025,0
1017,153.4794005,213.1658025,0
1018,153.4794005,213.1658025,0
1019,153.4794005,213.1658025,0
1020,153.4794005,213.1658025,0
1021,153.4794005,213.1658025,0
1022,153.4794005,213.1658025,0
1023,153.4794005,213.1658025,0
1024,153.4794005,213.1658025,0
1025,153.4794005,213.1658025,0
1026,153.4794005,213.1658025,0
1027,153.4794005,213.1658025,0
1028,153.4794005,213.1658025,0
1029,153.4794005,213.1658025,0
1030,153.4794005,213.1658025,0
1031,153.4794005,213.1658025,0
1032,153.4794005,213.1658025,0
1033,153.4794005,213.1658025,0
1034,153.4794005,213.1658025,0
1035,153.4794005,213.1658025,0
1036,153.4794005,213.1658025,0
1037,153.4794005,213.1658025,0
1038,153.4794005,213.1658025,0
1039,153.4794005,213.1658025,0
1040,153.4794004,213.1658025,0
1041,153.4794004,213.1658025,0
1042,153.4794004,213.1658025,0
1043,153.4794004,213.1658025,0
1044,150.6371893,213.1658025,0
1045,150.6371893,213.1658025,0
1046,150.6371893,213.1658025,0
1047,150.6371893,213.1658025,0
1048,150.6371893,213.1658025,0
1049,150.6371893,213.1658025,0
1050,150.6371894,213.1658025,0
1051,150.6371894,213.1658025,0
1052,150.6371894,213.1658025,0
1053,150.6371894,213.1658025,0
1054,150.6371894,213.1658025,0
1055,150.6371894,213.1658025,0
1056,150.6371894,213.1658025,0
1057,150.6371894,213.1658025,0
1058,150.6371894,213.1658025,0
1059,150.6371894,210.3235918,0
1060,150.6371894,210.3235918,0
1061,150.6371894,210.3235918,0
1062,150.6371894,210.3235918,0
1063,150.6371894,210.3235918,0
1064,150.6371894,210.3235918,0
1065,150.6371894,210.3235918,0
1066,150.6371894,210.3235918,0
1067,150.6371894,210.3235918,0
1068,150.6371894,210.3235918,0
1069,150.6371894,210.3235918,0
1070,150.6371894,210.3235918,0
1071,150.6371894,210.3235918,0
1072,150.6371894,210.3235918,0
1073,150.6371894,210.3235918,0
1074,150.6371894,210.3235918,0
1075,150.6371894,210.3235918,0
1076,150.6371894,210.3235918,0
1077,150.6371894,210.3235918,0
1078,150.6371894,210.3235918,0
1079,150.6371894,210.3235918,0
1080,150.6371894,210.3235918,0
1081,150.6371894,210.3235918,0
1082,150.6371894,210.3235918,0
1083,150.6371894,210.3235918,0
1084,150.6371894,210.3235918,0
1085,150.6371894,210.3235918,0
1086,150.6371894,210.3235918,0
1087,150.6371894,210.3235918,0
1088,150.6371894,210.3235918,0
1089,150.6371894,210.3235918,0
1090,150.6371894,210.3235918,0
1091,150.6371894,210.3235918,0
1092,150.6371894,210.3235918,0
1093,150.6371894,210.3235918,0
1094,150.6371894,210.3235918,0
1095,150.6371894,210.3235918,0
1096,150.6371894,210.3235918,0
1097,150.6371894,210.3235918,0
1098,150.6371894,213.1658025,0
1099,150.6371894,213.1658025,0
1100,150.6371893,213.1658025,0
1101,150.6371893,213.1658025,0
1102,150.6371893,213.1658025,0
1103,150.6371893,213.1658025,0
1104,150.6371893,213.1658025,0
1105,150.6371893,213.1658025,0
1106,150.6371893,213.1658025,0
1107,150.6371893,213.1658025,0
1108,150.6371893,213.1658025,0
1109,150.6371893,213.1658025,0
1110,150.6371893,213.1658025,0
1111,150.6371893,213.1658025,0
1112,150.6371893,213.1658025,0
1113,150.6371893,213.1658025,0
1114,150.6371893,213.1658025,0
1115,150.6371893,213.1658025,0
1116,150.6371893,213.1658025,0
1117,150.6371893,213.1658025,0
1118,150.6371893,213.1658025,0
1119,150.6371893,213.1658025,0
1120,150.6371893,213.1658025,0
1121,150.6371893,213.1658025,0
1122,150.6371893,213.1658025,0
1123,150.6371893,213.1658025,0
1124,150.6371893,213.1658025,0
1125,150.6371893,213.1658025,0
1126,150.6371893,213.1658025,0
1127,150.6371893,213.1658025,0
1128,150.6371893,213.1658025,0
1129,150.6371894,213.1658025,0
1130,150.6371894,213.1658025,0
1131,150.6371894,213.1658025,0
1132,150.6371894,213.1658025,0
1133,150.6371894,213.1658025,0
1134,150.6371894,213.1658025,0
1135,150.6371894,213.1658025,0
1136,150.6371894,213.1658025,0
1137,150.6371894,213.1658025,0
1138,150.6371894,213.1658025,0
1139,150.6371894,213.1658025,0
1140,150.6371894,213.1658025,0
1141,150.6371894,213.1658025,0
1142,150.6371894,213.1658025,0
1143,150.6371894,213.1658025,0
1144,150.6371894,213.1658025,0
1145,150.6371894,213.1658025,0
1146,150.6371894,213.1658025,0
1147,150.6371894,213.1658025,0
1148,150.6371894,213.1658025,0
1149,150.6371894,213.1658025,0
1150,150.6371894,213.1658025,0
1151,150.6371894,213.1658025,0
1152,150.6371894,213.1658025,0
1153,150.6371894,213.1658025,0
1154,150.6371894,213.1658025,0
1155,150.6371894,213.1658025,0
1156,150.6371894,213.1658025,0
1157,150.6371894,213.1658025,0
1158,150.6371894,213.1658025,0
1159,150.6371894,213.1658025,0
1160,150.6371894,213.1658025,0
1161,150.6371894,213.1658025,0
1162,150.6371894,213.1658025,0
1163,150.6371894,213.1658025,0
1164,150.6371894,213.1658025,0
1165,150.6371894,213.1658025,0
1166,150.6371894,213.1658025,0
1167,150.6371894,213.1658025,0
1168,150.6371894,213.1658025,0
1169,150.6371894,213.1658025,0
1170,150.6371894,213.1658025,0
1171,150.6371894,213.1658025,0
1172,150.6371894,213.1658025,0
1173,150.6371894,213.1658025,0
1174,150.6371894,213.1658025,0
1175,150.6371894,213.1658025,0
1176,150.6371894,213.1658025,0
1177,150.6371894,213.1658025,0
1178,150.6371894,213.1658025,0
1179,150.6371894,213.1658025,0
1180,150.6371894,213.1658025,0
1181,150.6371894,213.1658025,0
1182,150.6371894,213.1658025,0
1183,150.6371894,213.1658025,0
1184,150.6371894,213.1658025,0
1185,150.6371894,213.1658025,0
1186,150.6371894,213.1658025,0
1187,150.6371894,213.1658025,0
1188,150.6371894,213.1658025,0
1189,150.6371894,213.1658025,0
1190,150.6371894,213.1658025,0
1191,150.6371894,213.1658025,0
1192,150.6371894,213.1658025,0
1193,150.6371894,213.1658025,0
1194,150.6371894,213.1658025,0
1195,150.6371894,213.1658025,0
1196,150.6371894,213.1658025,0
1197,150.6371894,213.1658025,0
1198,150.6371894,213.1658025,0
1199,150.6371894,213.1658025,0
1200,150.6371894,213.1658025,0
1201,150.6371894,213.1658025,0
1202,150.6371894,213.1658025,0
1203,150.6371894,213.1658025,0
1204,150.6371894,213.1658025,0
1205,150.6371894,213.1658025,0
1206,150.6371894,213.1658025,0
1207,150.6371894,213.1658025,0
1208,150.6371894,213.1658025,0
1209,150.6371894,213.1658025,0
1210,150.6371894,213.1658025,0
1211,150.6371894,213.1658025,0
1212,150.6371894,213.1658025,0
1213,150.6371894,213.1658025,0
1214,150.6371894,213.1658025,0
1215,150.6371894,213.1658025,0
1216,150.6371894,213.1658025,0
1217,150.6371894,213.1658025,0
1218,150.6371894,213.1658025,0
1219,150.6371894,213.1658025,0
1220,147.7949782,213.1658025,0
1221,147.7949782,213.1658025,0
1222,147.7949782,213.1658025,0
1223,147.7949782,213.1658025,0
1224,147.7949782,213.1658025,0
1225,147.7949782,213.1658025,0
1226,147.7949782,213.1658025,0
1227,147.7949782,213.1658025,0
1228,147.7949782,213.1658025,0
1229,147.7949782,213.1658025,0
1230,147.7949782,213.1658025,0
1231,144.9527671,213.1658025,0
1232,144.9527671,213.1658025,0
1233,150.6371893,213.1658025,0
1234,150.6371893,213.1658025,0
1235,150.6371893,213.1658025,0
1236,150.6371893,213.1658025,0
1237,150.6371893,213.1658025,0
1238,150.6371893,213.1658025,0
1239,150.6371893,213.1658025,0
1240,150.6371893,213.1658025,0
1241,150.6371893,213.1658025,0
1242,150.6371893,213.1658025,0
1243,150.6371893,213.1658025,0
1244,150.6371893,213.1658025,0
1245,150.6371893,213.1658025,0
1246,150.6371893,213.1658025,0
1247,150.6371893,213.1658025,0
1248,150.6371893,213.1658025,0
1249,150.6371893,213.1658025,0
1250,150.6371893,213.1658025,0
1251,150.6371893,213.1658025,0
1252,150.6371893,213.1658025,0
1253,150.6371893,213.1658025,0
1254,150.6371893,213.1658025,0
1255,150.6371893,213.1658025,0
1256,150.6371893,213.1658025,0
1257,150.6371893,213.1658025,0
1258,150.6371893,213.1658025,0
1259,150.6371893,213.1658025,0
1260,150.6371893,213.1658025,0
1261,150.6371893,213.1658025,0
1262,150.6371893,213.1658025,0
1263,150.6371893,213.1658025,0
1264,150.6371893,213.1658025,0
1265,150.6371893,213.1658025,0
1266,150.6371893,213.1658025,0
1267,150.6371893,213.1658025,0
1268,150.6371893,213.1658025,0
1269,150.6371893,213.1658025,0
1270,150.6371893,213.1658025,0
1271,150.6371893,213.1658025,0
1272,150.6371893,213.1658025,0
1273,150.6371893,213.1658025,0
1274,150.6371893,213.1658025,0
1275,150.6371893,213.1658025,0
1276,150.6371893,213.1658025,0
1277,150.6371893,213.1658025,0
1278,150.6371893,213.1658025,0
1279,150.6371893,213.1658025,0
1280,150.6371893,213.1658025,0
1281,150.6371893,213.1658025,0
1282,150.6371893,213.1658025,0
1283,144.9527671,213.1658025,0
1284,144.9527671,213.1658025,0
1285,144.9527671,213.1658025,0
1286,144.9527671,213.1658025,0
1287,144.9527671,213.1658025,0
1288,144.9527671,213.1658025,0
1289,144.9527671,213.1658025,0
1290,144.9527671,213.1658025,0
1291,144.9527671,213.1658025,0
1292,144.9527671,213.1658025,0
1293,144.9527671,213.1658025,0
1294,144.9527671,213.1658025,0
1295,144.9527671,213.1658025,0
1296,144.9527671,213.1658025,0
1297,144.9527671,213.1658025,0
1298,144.9527671,213.1658025,0
1299,144.9527671,213.1658025,0
1300,144.9527671,213.1658025,0
1301,144.9527671,213.1658025,0
1302,144.9527671,213.1658025,0
1303,144.9527671,213.1658025,0
1304,144.9527671,213.1658025,0
1305,144.9527671,213.1658025,0
1306,144.9527671,213.1658025,0
1307,144.9527671,213.1658025,0
1308,144.9527671,213.1658025,0
1309,144.9527671,213.1658025,0
1310,144.9527671,213.1658025,0
1311,144.9527671,210.3235918,0
1312,144.9527671,210.3235918,0
1313,144.9527671,210.3235918,0
1314,144.9527671,210.3235918,0
1315,144.9527671,210.3235918,0
1316,144.9527671,210.3235918,0
1317,144.9527671,210.3235918,0
1318,144.9527671,210.3235918,0
1319,144.9527671,210.3235918,0
1320,144.9527671,210.3235918,0
1321,144.9527671,210.3235918,0
1322,144.9527671,210.3235918,0
1323,144.9527671,210.3235918,0
1324,144.9527671,210.3235918,0
1325,144.9527671,210.3235918,0
1326,144.9527671,210.3235918,0
1327,144.9527671,210.3235918,0
1328,144.9527671,210.3235918,0
1329,144.9527671,210.3235918,0
1330,144.9527671,210.3235918,0
1331,144.9527671,210.3235918,0
1332,144.9527671,210.3235918,0
1333,144.9527671,210.3235918,0
1334,144.9527671,210.3235918,0
1335,144.9527671,210.3235918,0
1336,144.9527671,210.3235918,0
1337,144.9527671,210.3235918,0
1338,144.9527671,210.3235918,0
1339,144.9527671,210.3235918,0
1340,144.9527671,210.3235918,0
1341,144.9527671,210.3235918,0
1342,144.9527671,210.3235918,0
1343,144.9527671,210.3235918,0
1344,144.9527671,210.3235918,0
1345,144.9527671,210.3235918,0
1346,144.9527671,210.3235918,0
1347,144.9527671,210.3235918,0
1348,144.9527671,210.3235918,0
1349,144.9527671,210.3235918,0
1350,144.9527671,210.3235918,0
1351,144.9527671,210.3235918,0
1352,144.9527671,210.3235918,0
1353,144.9527671,210.3235918,0
1354,144.9527671,210.3235918,0
1355,144.9527671,210.3235918,0
1356,144.9527671,210.3235918,0
1357,144.9527671,210.3235918,0
1358,144.9527671,210.3235918,0
1359,144.9527671,210.3235918,0
1360,144.9527671,210.3235918,0
1361,144.9527671,210.3235918,0
1362,144.9527671,210.3235918,0
1363,144.9527671,210.3235918,0
1364,144.9527671,210.3235918,0
1365,144.9527671,210.3235918,0
1366,144.9527671,210.3235918,0
1367,144.9527671,210.3235918,0
1368,144.9527671,210.3235918,0
1369,144.9527671,210.3235918,0
1370,144.9527671,210.3235918,0
1371,144.9527671,210.3235918,0
1372,144.9527671,210.3235918,0
1373,144.9527671,210.3235918,0
1374,144.9527671,210.3235918,0
1375,144.9527671,210.3235918,0
1376,144.9527671,210.3235918,0
1377,144.9527671,210.3235918,0
1378,144.9527671,210.3235918,0
1379,144.9527671,210.3235918,0
1380,144.9527671,210.3235918,0
1381,144.9527671,210.3235918,0
1382,144.9527671,210.3235918,0
1383,144.9527671,210.3235918,0
1384,144.9527671,210.3235918,0
1385,144.9527671,210.3235918,0
1386,144.9527671,210.3235918,0
1387,144.9527671,210.3235918,0
1388,144.9527671,210.3235918,0
1389,147.7949782,210.3235918,0
1390,147.7949782,210.3235918,0
1391,147.7949782,210.3235918,0
1392,147.7949782,210.3235918,0
1393,147.7949782,210.3235918,0
1394,147.7949782,210.3235918,0
1395,147.7949782,210.3235918,0
1396,147.7949782,210.3235918,0
1397,147.7949782,210.3235918,0
1398,147.7949782,210.3235918,0
1399,147.7949782,210.3235918,0
1400,147.7949782,210.3235918,0
1401,147.7949782,210.3235918,0
1402,147.7949782,210.3235918,0
1403,147.7949782,210.3235918,0
1404,147.7949782,210.3235918,0
1405,147.7949782,210.3235918,0
1406,147.7949782,210.3235918,0
1407,147.7949782,210.3235918,0
1408,147.7949782,210.3235918,0
1409,147.7949782,210.3235918,0
1410,147.7949782,210.3235918,0
1411,147.7949782,210.3235918,0
1412,147.7949782,210.3235918,0
1413,147.7949782,210.3235918,0
1414,147.7949782,210.3235918,0
1415,147.7949782,210.3235918,0
1416,147.7949782,210.3235918,0
1417,147.7949782,210.3235918,0
1418,147.7949782,210.3235918,0
1419,147.7949782,210.3235918,0
1420,147.7949782,210.3235918,0
1421,147.7949782,210.3235918,0
1422,147.7949782,210.3235918,0
1423,147.7949782,210.3235918,0
1424,147.7949782,210.3235918,0
1425,147.7949782,210.3235918,0
1426,147.7949782,210.3235918,0
1427,147.7949782,210.3235918,0
1428,147.7949782,210.3235918,0
1429,147.7949782,210.3235918,0
1430,147.7949782,210.3235918,0
1431,147.7949782,210.3235918,0
1432,147.7949782,210.3235918,0
1433,147.7949782,210.3235918,0
1434,147.7949782,210.3235918,0
1435,147.7949782,210.3235918,0
1436,147.7949782,210.3235918,0
1437,147.7949782,210.3235918,0
1438,147.7949782,210.3235918,0
1439,144.9527671,210.3235918,0
1440,144.9527671,210.3235918,0
1441,144.9527671,210.3235918,0
1442,144.9527671,210.3235918,0
1443,144.9527671,210.3235918,0
1444,144.9527671,210.3235918,0
1445,144.9527671,210.3235918,0
1446,144.9527671,210.3235918,0
1447,144.9527671,210.3235918,0
1448,144.9527671,210.3235918,0
1449,144.9527671,210.3235918,0
1450,144.9527671,210.3235918,0
1451,144.9527671,210.3235918,0
1452,144.9527671,210.3235918,0
1453,144.9527671,210.3235918,0
1454,144.9527671,210.3235918,0
1455,144.9527671,210.3235918,0
1456,144.9527671,210.3235918,0
1457,144.9527671,210.3235918,0
1458,144.9527671,210.3235918,0
1459,144.9527671,210.3235918,0
1460,144.9527671,210.3235918,0
1461,144.9527671,210.3235918,0
1462,144.9527671,210.3235918,0
1463,144.9527671,210.3235918,0
1464,144.9527671,210.3235918,0
1465,144.9527671,210.3235918,0
1466,144.9527671,210.3235918,0
1467,144.9527671,210.3235918,0
1468,144.9527671,210.3235918,0
1469,144.9527671,210.3235918,0
1470,144.9527671,210.3235918,0
1471,144.9527671,210.3235918,0
1472,144.9527671,210.3235918,0
1473,144.9527671,210.3235918,0
1474,144.9527671,210.3235918,0
1475,144.9527671,210.3235918,0
1476,144.9527671,210.3235918,0
1477,144.9527671,210.3235918,0
1478,144.9527671,210.3235918,0
1479,144.9527671,210.3235918,0
1480,144.9527671,210.3235918,0
1481,144.9527671,210.3235918,0
1482,139.2683449,210.3235918,0
1483,139.2683449,210.3235918,0
1484,139.2683449,210.3235918,0
1485,142.110556,210.3235918,0
1486,142.110556,210.3235918,0
1487,142.110556,210.3235918,0
1488,142.110556,210.3235918,0
1489,142.110556,210.3235918,0
1490,142.110556,210.3235918,0
1491,142.110556,210.3235918,0
1492,142.110556,210.3235918,0
1493,142.110556,210.3235918,0
1494,142.110556,210.3235918,0
1495,142.110556,210.3235918,0
1496,142.110556,210.3235918,0
1497,142.110556,210.3235918,0
1498,142.110556,210.3235918,0
1499,142.110556,210.3235918,0
1500,142.110556,210.3235918,0
1501,142.110556,210.3235918,0
1502,142.110556,210.3235918,0
1503,144.9527671,210.3235918,0
1504,144.9527671,210.3235918,0
1505,144.9527671,210.3235918,0
1506,144.9527671,210.3235918,0
1507,144.9527671,210.3235918,0
1508,144.9527671,210.3235918,0
1509,144.9527671,210.3235918,0
1510,144.9527671,210.3235918,0
1511,144.9527671,210.3235918,0
1512,144.9527671,210.3235918,0
1513,144.9527671,210.3235918,0
1514,144.9527671,210.3235918,0
1515,144.9527671,210.3235918,0
1516,144.9527671,210.3235918,0
1517,144.9527671,210.3235918,0
1518,144.9527671,210.3235918,0
1519,144.9527671,210.3235918,0
1520,144.9527671,210.3235918,0
1521,144.9527671,210.3235918,0
1522,144.9527671,210.3235918,0
1523,144.9527671,210.3235918,0
1524,144.9527671,210.3235918,0
1525,144.9527671,210.3235918,0
1526,144.9527671,210.3235918,0
1527,144.9527671,210.3235918,0
1528,144.9527671,210.3235918,0
1529,144.9527671,210.3235918,0
1530,144.9527671,210.3235918,0
1531,144.9527671,210.3235918,0
1532,144.9527671,210.3235918,0
1533,144.9527671,210.3235918,0
1534,144.9527671,210.3235918,0
1535,144.9527671,210.3235918,0
1536,144.9527671,210.3235918,0
1537,144.9527671,210.3235918,0
1538,144.9527671,210.3235918,0
1539,144.9527671,210.3235918,0
1540,144.9527671,210.3235918,0
1541,144.9527671,210.3235918,0
1542,144.9527671,210.3235918,0
1543,144.9527671,210.3235918,0
1544,144.9527671,210.3235918,0
1545,144.9527671,210.3235918,0
1546,144.9527671,210.3235918,0
1547,144.9527671,210.3235918,0
1548,144.9527671,210.3235918,0
1549,144.9527671,210.3235918,0
1550,144.9527671,210.3235918,0
1551,144.9527671,210.3235918,0
1552,144.9527671,210.3235918,0
1553,144.9527671,210.3235918,0
1554,144.9527671,210.3235918,0
1555,144.9527671,210.3235918,0
1556,144.9527671,210.3235918,0
1557,144.9527671,210.3235918,0
1558,144.9527671,210.3235918,0
1559,144.9527671,210.3235918,0
1560,144.9527671,210.3235918,0
1561,144.9527671,210.3235918,0
1562,144.9527671,210.3235918,0
1563,144.9527671,210.3235918,0
1564,144.9527671,210.3235918,0
1565,144.9527671,210.3235918,0
1566,144.9527671,210.3235918,0
1567,144.9527671,210.3235918,0
1568,144.9527671,210.3235918,0
1569,144.9527671,210.3235918,0
1570,144.9527671,210.3235918,0
1571,144.9527671,210.3235918,0
1572,144.9527671,210.3235918,0
1573,144.9527671,210.3235918,0
1574,144.9527671,210.3235918,0
1575,144.9527671,210.3235918,0
1576,144.9527671,210.3235918,0
1577,144.9527671,210.3235918,0
1578,144.9527671,210.3235918,0
1579,144.9527671,210.3235918,0
1580,136.4261337,210.3235918,0
1581,136.4261337,210.3235918,0
1582,136.4261337,210.3235918,0
1583,136.4261337,210.3235918,0
1584,139.2683448,210.3235918,0
1585,139.2683448,210.3235918,0
1586,139.2683448,210.3235918,0
1587,139.2683448,210.3235918,0
1588,139.2683448,210.3235918,0
1589,139.2683448,210.3235918,0
1590,139.2683448,210.3235918,0
1591,139.2683448,210.3235918,0
1592,139.2683448,210.3235918,0
1593,139.2683448,210.3235918,0
1594,139.2683448,210.3235918,0
1595,139.2683448,210.3235918,0
1596,139.2683448,210.3235918,0
1597,139.2683448,210.3235918,0
1598,139.2683448,213.1658025,0
1599,139.2683448,213.1658025,0
1600,139.2683448,213.1658025,0
1601,139.2683448,213.1658025,0
1602,139.2683448,213.1658025,0
1603,139.2683448,213.1658025,0
1604,139.2683448,213.1658025,0
1605,142.110556,213.1658025,0
1606,142.110556,213.1658025,0
1607,142.110556,213.1658025,0
1608,142.110556,213.1658025,0
1609,142.110556,213.1658025,0
1610,142.110556,213.1658025,0
1611,142.110556,213.1658025,0
1612,142.110556,213.1658025,0
1613,142.110556,213.1658025,0
1614,142.110556,213.1658025,0
1615,142.110556,213.1658025,0
1616,142.110556,213.1658025,0
1617,142.110556,213.1658025,0
1618,142.110556,213.1658025,0
1619,142.110556,213.1658025,0
1620,142.110556,213.1658025,0
1621,142.110556,213.1658025,0
1622,142.110556,213.1658025,0
1623,142.110556,213.1658025,0
1624,142.110556,213.1658025,0
1625,142.110556,213.1658025,0
1626,142.110556,213.1658025,0
1627,142.110556,213.1658025,0
1628,142.110556,213.1658025,0
1629,142.110556,213.1658025,0
1630,142.110556,213.1658025,0
1631,142.110556,213.1658025,0
1632,142.110556,213.1658025,0
1633,142.110556,213.1658025,0
1634,142.110556,213.1658025,0
1635,142.110556,213.1658025,0
1636,142.110556,213.1658025,0
1637,142.110556,213.1658025,0
1638,142.110556,213.1658025,0
1639,142.110556,213.1658025,0
1640,142.110556,213.1658025,0
1641,142.110556,213.1658025,0
1642,142.110556,213.1658025,0
1643,142.110556,213.1658025,0
1644,142.110556,213.1658025,0
1645,142.110556,213.1658025,0
1646,142.110556,213.1658025,0
1647,142.110556,213.1658025,0
1648,142.110556,210.3235918,0
1649,142.110556,210.3235918,0
1650,142.110556,210.3235918,0
1651,142.110556,210.3235918,0
1652,142.110556,210.3235918,0
1653,142.110556,210.3235918,0
1654,142.110556,210.3235918,0
1655,142.1105559,210.3235918,0
1656,142.1105559,210.3235918,0
1657,142.1105559,210.3235918,0
1658,142.1105559,210.3235918,0
1659,142.1105559,210.3235918,0
1660,142.1105559,210.3235918,0
1661,142.1105559,210.3235918,0
1662,142.1105559,210.3235918,0
1663,142.1105559,210.3235918,0
1664,142.1105559,210.3235918,0
1665,142.1105559,210.3235918,0
1666,142.1105559,210.3235918,0
1667,142.1105559,210.3235918,0
1668,142.1105559,210.3235918,0
1669,142.1105559,210.3235918,0
1670,142.1105559,210.3235918,0
1671,142.1105559,210.3235918,0
1672,142.1105559,210.3235918,0
1673,142.1105559,210.3235918,0
1674,142.1105559,210.3235918,0
1675,142.1105559,210.3235918,0
1676,142.1105559,210.3235918,0
1677,142.1105559,210.3235918,0
1678,142.1105559,210.3235918,0
1679,142.1105559,210.3235918,0
1680,142.1105559,210.3235918,0
1681,142.1105559,210.3235918,0
1682,142.1105559,210.3235918,0
1683,142.1105559,210.3235918,0
1684,142.1105559,210.3235918,0
1685,142.1105559,210.3235918,0
1686,142.1105559,210.3235918,0
1687,142.1105559,210.3235918,0
1688,142.1105559,210.3235918,0
1689,142.1105559,210.3235918,0
1690,142.1105559,210.3235918,0
1691,142.1105559,210.3235918,0
1692,142.1105559,210.3235918,0
1693,142.1105559,210.3235918,0
1694,142.1105559,210.3235918,0
1695,142.1105559,210.3235918,0
1696,142.1105559,210.3235918,0
1697,142.1105559,210.3235918,0
1698,142.1105559,210.3235918,0
1699,142.1105559,210.3235918,0
1700,142.1105559,210.3235918,0
1701,142.1105559,210.3235918,0
1702,142.1105559,210.3235918,0
1703,142.1105559,210.3235918,0
1704,142.1105559,210.3235918,0
1705,142.1105559,210.3235918,0
1706,142.1105559,210.3235918,0
1707,139.2683449,210.3235918,0
1708,139.2683449,210.3235918,0
1709,139.2683449,210.3235918,0
1710,139.2683449,210.3235918,0
1711,139.2683449,210.3235918,0
1712,139.2683448,210.3235918,0
1713,139.2683448,210.3235918,0
1714,139.2683448,210.3235918,0
1715,139.2683448,210.3235918,0
1716,139.2683448,210.3235918,0
1717,139.2683448,210.3235918,0
1718,139.2683448,210.3235918,0
1719,139.2683448,210.3235918,0
1720,139.2683448,210.3235918,0
1721,139.2683448,210.3235918,0
1722,139.2683448,210.3235918,0
1723,139.2683448,210.3235918,0
1724,139.2683448,210.3235918,0
1725,139.2683448,210.3235918,0
1726,139.2683448,210.3235918,0
1727,139.2683448,210.3235918,0
1728,139.2683448,210.3235918,0
1729,139.2683448,210.3235918,0
1730,139.2683448,210.3235918,0
1731,139.2683448,210.3235918,0
1732,139.2683448,210.3235918,0
1733,139.2683448,210.3235918,0
1734,139.2683448,210.3235918,0
1735,139.2683448,210.3235918,0
1736,139.2683448,210.3235918,0
1737,139.2683448,210.3235918,0
1738,139.2683448,210.3235918,0
1739,139.2683448,210.3235918,0
1740,139.2683448,210.3235918,0
1741,139.2683448,210.3235918,0
1742,139.2683448,210.3235918,0
1743,139.2683448,210.3235918,0
1744,139.2683448,210.3235918,0
1745,139.2683448,210.3235918,0
1746,136.4261337,210.3235918,0
1747,136.4261337,210.3235918,0
1748,136.4261337,210.3235918,0
1749,136.4261337,210.3235918,0
1750,136.4261337,210.3235918,0
1751,136.4261337,210.3235918,0
1752,136.4261337,210.3235918,0
1753,136.4261337,210.3235918,0
1754,136.4261337,216.0080132,0
1755,136.4261337,216.0080132,0
1756,136.4261337,216.0080132,0
1757,136.4261337,216.0080132,0
1758,139.2683449,216.0080132,0
1759,139.2683449,216.0080132,0
1760,139.2683449,216.0080132,0
1761,139.2683449,216.0080132,0
1762,139.2683449,216.0080132,0
1763,139.2683449,216.0080132,0
1764,139.2683449,216.0080132,0
1765,139.2683449,216.0080132,0
1766,139.2683449,216.0080132,0
1767,139.2683449,216.0080132,0
1768,139.2683449,216.0080132,0
1769,139.2683449,216.0080132,0
1770,139.2683449,216.0080132,0
1771,139.2683449,216.0080132,0
1772,139.2683449,216.0080132,0
1773,139.2683449,216.0080132,0
1774,139.2683449,216.0080132,0
1775,139.2683449,216.0080132,0
1776,139.2683449,216.0080132,0
1777,139.2683449,216.0080132,0
1778,139.2683449,216.0080132,0
1779,139.2683449,216.0080132,0
1780,139.2683449,216.0080132,0
1781,139.2683449,216.0080132,0
1782,139.2683449,216.0080132,0
1783,139.2683449,216.0080132,0
1784,139.2683449,216.0080132,0
1785,139.2683449,216.0080132,0
1786,139.2683449,216.0080132,0
1787,139.2683449,216.0080132,0
1788,139.2683449,216.0080132,0
1789,139.2683449,216.0080132,0
1790,139.2683449,216.0080132,0
1791,139.2683449,216.0080132,0
1792,139.2683449,216.0080132,0
1793,139.2683449,216.0080132,0
1794,139.2683449,216.0080132,0
1795,139.2683449,216.0080132,0
1796,139.2683449,216.0080132,0
1797,139.2683449,216.0080132,0
1798,139.2683449,216.0080132,0
1799,139.2683449,216.0080132,0
1800,139.2683449,216.0080132,0
1801,139.2683449,216.0080132,0
1802,139.2683449,216.0080132,0
1803,139.2683449,216.0080132,0
1804,139.2683449,213.1658025,0
1805,139.2683449,213.1658025,0
1806,139.2683449,213.1658025,0
1807,139.2683449,213.1658025,0
1808,136.4261337,213.1658025,0
1809,136.4261337,213.1658025,0
1810,136.4261337,213.1658025,0
1811,136.4261337,213.1658025,0
1812,136.4261337,213.1658025,0
1813,136.4261337,213.1658025,0
1814,136.4261337,213.1658025,0
1815,136.4261337,213.1658025,0
1816,136.4261337,213.1658025,0
1817,136.4261337,213.1658025,0
1818,136.4261337,213.1658025,0
1819,136.4261337,213.1658025,0
1820,136.4261337,213.1658025,0
1821,136.4261337,213.1658025,0
1822,136.4261337,213.1658025,0
1823,136.4261337,213.1658025,0
1824,136.4261337,213.1658025,0
1825,136.4261337,213.1658025,0
1826,136.4261337,213.1658025,0
1827,136.4261337,213.1658025,0
1828,136.4261337,213.1658025,0
1829,136.4261337,213.1658025,0
1830,136.4261337,213.1658025,0
1831,136.4261337,213.1658025,0
1832,136.4261337,213.1658025,0
1833,136.4261337,210.3235918,0
1834,136.4261337,210.3235918,0
1835,136.4261337,210.3235918,0
1836,136.4261337,210.3235918,0
1837,136.4261337,210.3235918,0
1838,136.4261337,210.3235918,0
1839,136.4261337,210.3235918,0
1840,136.4261337,210.3235918,0
1841,136.4261337,210.3235918,0
1842,136.4261337,210.3235918,0
1843,136.4261337,210.3235918,0
1844,136.4261337,210.3235918,0
1845,136.4261337,210.3235918,0
1846,136.4261337,207.4813811,0
1847,136.4261337,207.4813811,0
1848,136.4261337,207.4813811,0
1849,136.4261337,207.4813811,0
1850,136.4261337,207.4813811,0
1851,136.4261337,207.4813811,0
1852,136.4261337,207.4813811,0
1853,136.4261337,213.1658025,0
1854,136.4261337,213.1658025,0
1855,136.4261337,213.1658025,0
1856,136.4261337,213.1658025,0
1857,136.4261337,213.1658025,0
1858,136.4261337,213.1658025,0
1859,136.4261337,213.1658025,0
1860,136.4261337,213.1658025,0
1861,136.4261337,213.1658025,0
1862,136.4261337,213.1658025,0
1863,136.4261337,213.1658025,0
1864,136.4261337,213.1658025,0
1865,136.4261337,213.1658025,0
1866,136.4261337,213.1658025,0
1867,136.4261337,213.1658025,0
1868,136.4261337,213.1658025,0
1869,136.4261337,213.1658025,0
1870,136.4261337,213.1658025,0
1871,136.4261337,213.1658025,0
1872,136.4261337,213.1658025,0
1873,136.4261337,213.1658025,0
1874,136.4261337,213.1658025,0
1875,136.4261337,213.1658025,0
1876,136.4261337,213.1658025,0
1877,136.4261337,213.1658025,0
1878,136.4261337,213.1658025,0
1879,136.4261337,213.1658025,0
1880,136.4261337,213.1658025,0
1881,136.4261337,213.1658025,0
1882,136.4261337,213.1658025,0
1883,136.4261337,213.1658025,0
1884,136.4261337,213.1658025,0
1885,136.4261337,213.1658025,0
1886,136.4261337,213.1658025,0
1887,136.4261337,213.1658025,0
1888,136.4261337,213.1658025,0
1889,136.4261337,213.1658025,0
1890,136.4261337,213.1658025,0
1891,136.4261337,213.1658025,0
1892,136.4261337,213.1658025,0
1893,136.4261337,213.1658025,0
1894,136.4261337,213.1658025,0
1895,136.4261337,213.1658025,0
1896,136.4261337,213.1658025,0
1897,136.4261337,213.1658025,0
1898,136.4261337,213.1658025,0
1899,136.4261337,213.1658025,0
1900,136.4261337,213.1658025,0
1901,136.4261337,213.1658025,0
1902,136.4261337,213.1658025,0
1903,136.4261337,210.3235918,0
1904,136.4261337,210.3235918,0
1905,136.4261337,210.3235918,0
1906,136.4261337,210.3235918,0
1907,136.4261337,210.3235918,0
1908,136.4261337,210.3235918,0
1909,136.4261337,210.3235918,0
1910,136.4261337,210.3235918,0
1911,136.4261337,210.3235918,0
1912,136.4261337,213.1658025,0
1913,136.4261337,213.1658025,0
1914,136.4261337,213.1658025,0
1915,136.4261337,213.1658025,0
1916,136.4261337,213.1658025,0
1917,133.5839226,213.1658025,0
1918,136.4261337,213.1658025,0
1919,136.4261337,213.1658025,0
1920,136.4261337,213.1658025,0
1921,136.4261337,213.1658025,0
1922,136.4261337,213.1658025,0
1923,136.4261337,213.1658025,0
1924,136.4261337,213.1658025,0
1925,136.4261337,213.1658025,0
1926,136.4261337,213.1658025,0
1927,136.4261337,213.1658025,0
1928,136.4261337,213.1658025,0
1929,136.4261337,213.1658025,0
1930,136.4261337,213.1658025,0
1931,136.4261337,213.1658025,0
1932,136.4261337,213.1658025,0
1933,136.4261337,213.1658025,0
1934,136.4261337,213.1658025,0
1935,136.4261337,213.1658025,0
1936,136.4261337,213.1658025,0
1937,136.4261337,213.1658025,0
1938,136.4261337,213.1658025,0
1939,136.4261337,213.1658025,0
1940,136.4261337,213.1658025,0
1941,136.4261337,213.1658025,0
1942,136.4261337,213.1658025,0
1943,136.4261337,213.1658025,0
1944,136.4261337,213.1658025,0
1945,136.4261337,213.1658025,0
1946,136.4261337,213.1658025,0
1947,136.4261337,213.1658025,0
1948,136.4261337,213.1658025,0
1949,136.4261337,213.1658025,0
1950,136.4261337,213.1658025,0
1951,136.4261337,213.1658025,0
1952,136.4261337,213.1658025,0
1953,136.4261337,213.1658025,0
1954,136.4261337,213.1658025,0
1955,136.4261337,213.1658025,0
1956,136.4261337,213.1658025,0
1957,136.4261337,213.1658025,0
1958,136.4261337,213.1658025,0
1959,136.4261337,213.1658025,0
1960,136.4261337,213.1658025,0
1961,136.4261337,213.1658025,0
1962,136.4261337,210.3235918,0
1963,136.4261337,210.3235918,0
1964,136.4261337,210.3235918,0
1965,136.4261337,210.3235918,0
1966,136.4261337,210.3235918,0
1967,136.4261337,210.3235918,0
1968,136.4261337,210.3235918,0
1969,136.4261337,210.3235918,0
1970,136.4261337,210.3235918,0
1971,136.4261337,210.3235918,0
1972,136.4261337,210.3235918,0
1973,136.4261337,210.3235918,0
1974,136.4261337,210.3235918,0
1975,136.4261337,210.3235918,0
1976,136.4261337,210.3235918,0
1977,136.4261337,210.3235918,0
1978,136.4261337,210.3235918,0
1979,133.5839226,210.3235918,0
1980,133.5839226,210.3235918,0
1981,133.5839226,210.3235918,0
1982,133.5839226,210.3235918,0
1983,133.5839226,210.3235918,0
1984,133.5839226,210.3235918,0
1985,133.5839226,210.3235918,0
1986,133.5839226,210.3235918,0
1987,133.5839226,210.3235918,0
1988,133.5839226,210.3235918,0
1989,133.5839226,210.3235918,0
1990,133.5839226,210.3235918,0
1991,136.4261337,210.3235918,0
1992,136.4261337,210.3235918,0
1993,136.4261337,210.3235918,0
1994,136.4261337,210.3235918,0
1995,136.4261337,210.3235918,0
1996,136.4261337,210.3235918,0
1997,136.4261337,210.3235918,0
1998,136.4261337,210.3235918,0
1999,136.4261337,210.3235918,0
2000,136.4261337,210.3235918,0
2001,136.4261337,210.3235918,0
2002,136.4261337,210.3235918,0
2003,136.4261337,210.3235918,0
2004,136.4261337,210.3235918,0
2005,136.4261337,210.3235918,0
2006,136.4261337,210.3235918,0
2007,136.4261337,210.3235918,0
2008,136.4261337,210.3235918,0
2009,136.4261337,210.3235918,0
2010,136.4261337,210.3235918,0
2011,136.4261337,210.3235918,0
2012,136.4261337,210.3235918,0
2013,136.4261337,210.3235918,0
2014,136.4261337,210.3235918,0
2015,136.4261337,207.4813811,0
2016,136.4261337,207.4813811,0
2017,136.4261337,207.4813811,0
2018,136.4261337,207.4813811,0
2019,136.4261337,207.4813811,0
2020,136.4261337,207.4813811,0
2021,136.4261337,207.4813811,0
2022,136.4261337,207.4813811,0
2023,136.4261337,207.4813811,0
2024,136.4261337,207.4813811,0
2025,136.4261337,207.4813811,0
2026,136.4261337,210.3235918,0
2027,136.4261337,210.3235918,0
2028,136.4261337,210.3235918,0
2029,136.4261337,210.3235918,0
2030,136.4261337,210.3235918,0
2031,136.4261337,210.3235918,0
2032,136.4261337,210.3235918,0
2033,136.4261337,210.3235918,0
2034,136.4261337,210.3235918,0
2035,136.4261337,210.3235918,0
2036,136.4261337,210.3235918,0
2037,136.4261337,210.3235918,0
2038,136.4261337,210.3235918,0
2039,136.4261337,210.3235918,0
2040,136.4261337,210.3235918,0
2041,133.5839226,210.3235918,0
2042,133.5839226,210.3235918,0
2043,133.5839226,210.3235918,0
2044,133.5839226,210.3235918,0
2045,133.5839226,210.3235918,0
2046,133.5839226,210.3235918,0
2047,133.5839226,210.3235918,0
2048,133.5839226,210.3235918,0
2049,133.5839226,210.3235918,0
2050,133.5839226,210.3235918,0
2051,133.5839226,210.3235918,0
2052,133.5839226,210.3235918,0
2053,133.5839226,210.3235918,0
2054,133.5839226,210.3235918,0
2055,133.5839226,210.3235918,0
2056,133.5839226,210.3235918,0
2057,133.5839226,210.3235918,0
2058,133.5839226,210.3235918,0
2059,133.5839226,210.3235918,0
2060,133.5839226,210.3235918,0
2061,133.5839226,210.3235918,0
2062,133.5839226,210.3235918,0
2063,133.5839226,210.3235918,0
2064,133.5839226,210.3235918,0
2065,133.5839226,210.3235918,0
2066,133.5839226,210.3235918,0
2067,133.5839226,210.3235918,0
2068,133.5839226,210.3235918,0
2069,133.5839226,210.3235918,0
2070,133.5839226,210.3235918,0
2071,133.5839226,210.3235918,0
2072,133.5839226,210.3235918,0
2073,133.5839226,210.3235918,0
2074,133.5839226,210.3235918,0
2075,133.5839226,210.3235918,0
2076,133.5839226,207.4813811,0
2077,133.5839226,207.4813811,0
2078,133.5839226,207.4813811,0
2079,133.5839226,207.4813811,0
2080,133.5839226,207.4813811,0
2081,133.5839226,207.4813811,0
2082,133.5839226,207.4813811,0
2083,133.5839226,207.4813811,0
2084,133.5839226,207.4813811,0
2085,133.5839226,207.4813811,0
2086,133.5839226,207.4813811,0
2087,133.5839226,207.4813811,0
2088,133.5839226,207.4813811,0
2089,133.5839226,207.4813811,0
2090,133.5839226,207.4813811,0
2091,133.5839226,207.4813811,0
2092,133.5839226,207.4813811,0
2093,133.5839226,207.4813811,0
2094,133.5839226,207.4813811,0
2095,133.5839226,207.4813811,0
2096,133.5839226,207.4813811,0
2097,133.5839226,207.4813811,0
2098,133.5839226,207.4813811,0
2099,133.5839226,207.4813811,0
2100,133.5839226,207.4813811,0
2101,133.5839226,207.4813811,0
2102,133.5839226,207.4813811,0
2103,133.5839226,207.4813811,0
2104,133.5839226,207.4813811,0
2105,133.5839226,210.3235918,0
2106,133.5839226,210.3235918,0
2107,133.5839226,210.3235918,0
2108,133.5839226,210.3235918,0
2109,133.5839226,210.3235918,0
2110,133.5839226,210.3235918,0
2111,133.5839226,210.3235918,0
2112,133.5839226,210.3235918,0
2113,133.5839226,210.3235918,0
2114,133.5839226,210.3235918,0
2115,133.5839226,210.3235918,0
2116,122.2150781,210.3235918,0
2117,122.2150781,210.3235918,0
2118,122.2150781,210.3235918,0
2119,133.5839226,210.3235918,0
2120,133.5839226,210.3235918,0
2121,133.5839226,210.3235918,0
2122,133.5839226,210.3235918,0
2123,133.5839226,210.3235918,0
2124,133.5839226,210.3235918,0
2125,133.5839226,210.3235918,0
2126,133.5839226,210.3235918,0
2127,133.5839226,210.3235918,0
2128,133.5839226,210.3235918,0
2129,133.5839226,210.3235918,0
2130,133.5839226,210.3235918,0
2131,133.5839226,210.3235918,0
2132,133.5839226,210.3235918,0
2133,133.5839226,210.3235918,0
2134,133.5839226,210.3235918,0
2135,133.5839226,210.3235918,0
2136,133.5839226,210.3235918,0
2137,133.5839226,210.3235918,0
2138,133.5839226,210.3235918,0
2139,133.5839226,210.3235918,0
2140,133.5839226,210.3235918,0
2141,133.5839226,210.3235918,0
2142,133.5839226,210.3235918,0
2143,133.5839226,210.3235918,0
2144,133.5839226,210.3235918,0
2145,133.5839226,210.3235918,0
2146,133.5839226,210.3235918,0
2147,133.5839226,210.3235918,0
2148,133.5839226,210.3235918,0
2149,133.5839226,210.3235918,0
2150,133.5839226,210.3235918,0
2151,133.5839226,210.3235918,0
2152,133.5839226,210.3235918,0
2153,133.5839226,210.3235918,0
2154,133.5839226,210.3235918,0
2155,133.5839226,210.3235918,0
2156,133.5839226,210.3235918,0
2157,133.5839226,210.3235918,0
2158,133.5839226,210.3235918,0
2159,133.5839226,210.3235918,0
2160,133.5839226,210.3235918,0
2161,133.5839226,210.3235918,0
2162,133.5839226,207.4813811,0
2163,133.5839226,207.4813811,0
2164,133.5839226,207.4813811,0
2165,133.5839226,207.4813811,0
2166,133.5839226,207.4813811,0
2167,133.5839226,207.4813811,0
2168,133.5839226,207.4813811,0
2169,130.7417115,207.4813811,0
2170,130.7417115,207.4813811,0
2171,130.7417115,207.4813811,0
2172,130.7417115,207.4813811,0
2173,130.7417115,207.4813811,0
2174,130.7417115,207.4813811,0
2175,130.7417115,207.4813811,0
2176,130.7417115,207.4813811,0
2177,130.7417115,207.4813811,0
2178,130.7417115,207.4813811,0
2179,130.7417115,207.4813811,0
2180,130.7417115,207.4813811,0
2181,130.7417115,207.4813811,0
2182,130.7417115,207.4813811,0
2183,130.7417115,207.4813811,0
2184,130.7417115,207.4813811,0
2185,130.7417115,207.4813811,0
2186,130.7417115,207.4813811,0
2187,130.7417115,207.4813811,0
2188,130.7417115,207.4813811,0
2189,130.7417115,207.4813811,0
2190,130.7417115,207.4813811,0
2191,130.7417115,207.4813811,0
2192,130.7417115,207.4813811,0
2193,130.7417115,207.4813811,0
2194,130.7417115,207.4813811,0
2195,130.7417115,207.4813811,0
2196,130.7417115,207.4813811,0
2197,130.7417115,207.4813811,0
2198,130.7417115,207.4813811,0
2199,130.7417115,207.4813811,0
2200,130.7417115,207.4813811,0
2201,130.7417115,207.4813811,0
2202,130.7417115,207.4813811,0
2203,130.7417115,207.4813811,0
2204,130.7417115,207.4813811,0
2205,130.7417115,207.4813811,0
2206,130.7417115,207.4813811,0
2207,130.7417115,207.4813811,0
2208,130.7417115,207.4813811,0
2209,130.7417115,207.4813811,0
2210,130.7417115,207.4813811,0
2211,130.7417115,207.4813811,0
2212,130.7417115,207.4813811,0
2213,130.7417115,207.4813811,0
2214,130.7417115,207.4813811,0
2215,130.7417115,207.4813811,0
2216,130.7417115,210.3235918,0
2217,130.7417115,210.3235918,0
2218,130.7417115,210.3235918,0
2219,130.7417115,210.3235918,0
2220,130.7417115,210.3235918,0
2221,130.7417115,210.3235918,0
2222,130.7417115,210.3235918,0
2223,130.7417115,210.3235918,0
2224,130.7417115,210.3235918,0
2225,130.7417115,210.3235918,0
2226,130.7417115,210.3235918,0
2227,130.7417115,210.3235918,0
2228,130.7417115,210.3235918,0
2229,133.5839226,210.3235918,0
2230,133.5839226,210.3235918,0
2231,133.5839226,210.3235918,0
2232,133.5839226,210.3235918,0
2233,133.5839226,210.3235918,0
2234,133.5839226,210.3235918,0
2235,133.5839226,210.3235918,0
2236,133.5839226,210.3235918,0
2237,133.5839226,210.3235918,0
2238,133.5839226,210.3235918,0
2239,133.5839226,210.3235918,0
2240,133.5839226,210.3235918,0
2241,133.5839226,210.3235918,0
2242,133.5839226,210.3235918,0
2243,133.5839226,210.3235918,0
2244,133.5839226,210.3235918,0
2245,133.5839226,210.3235918,0
2246,133.5839226,210.3235918,0
2247,133.5839226,210.3235918,0
2248,133.5839226,210.3235918,0
2249,133.5839226,210.3235918,0
2250,133.5839226,210.3235918,0
2251,133.5839226,210.3235918,0
2252,133.5839226,210.3235918,0
2253,133.5839226,210.3235918,0
2254,133.5839226,210.3235918,0
2255,133.5839226,210.3235918,0
2256,133.5839226,210.3235918,0
2257,133.5839226,210.3235918,0
2258,133.5839226,210.3235918,0
2259,133.5839226,210.3235918,0
2260,133.5839226,210.3235918,0
2261,133.5839226,210.3235918,0
2262,133.5839226,210.3235918,0
2263,133.5839226,210.3235918,0
2264,133.5839226,210.3235918,0
2265,133.5839226,210.3235918,0
2266,133.5839226,207.4813811,0
2267,133.5839226,207.4813811,0
2268,133.5839226,207.4813811,0
2269,133.5839226,207.4813811,0
2270,133.5839226,207.4813811,0
2271,133.5839226,207.4813811,0
2272,133.5839226,207.4813811,0
2273,133.5839226,207.4813811,0
2274,133.5839226,207.4813811,0
2275,133.5839226,207.4813811,0
2276,133.5839226,207.4813811,0
2277,133.5839226,207.4813811,0
2278,133.5839226,207.4813811,0
2279,133.5839226,210.3235918,0
2280,133.5839226,210.3235918,0
2281,133.5839226,210.3235918,0
2282,133.5839226,210.3235918,0
2283,133.5839226,210.3235918,0
2284,133.5839226,210.3235918,0
2285,133.5839226,210.3235918,0
2286,133.5839226,210.3235918,0
2287,133.5839226,210.3235918,0
2288,133.5839226,210.3235918,0
2289,133.5839226,210.3235918,0
2290,133.5839226,210.3235918,0
2291,133.5839226,210.3235918,0
2292,133.5839226,210.3235918,0
2293,133.5839226,210.3235918,0
2294,133.5839226,210.3235918,0
2295,133.5839226,210.3235918,0
2296,133.5839226,210.3235918,0
2297,133.5839226,210.3235918,0
2298,133.5839226,210.3235918,0
2299,133.5839226,210.3235918,0
2300,133.5839226,210.3235918,0
2301,133.5839226,210.3235918,0
2302,133.5839226,210.3235918,0
2303,133.5839226,210.3235918,0
2304,133.5839226,210.3235918,0
2305,133.5839226,210.3235918,0
2306,133.5839226,210.3235918,0
2307,133.5839226,210.3235918,0
2308,133.5839226,210.3235918,0
2309,133.5839226,210.3235918,0
2310,133.5839226,210.3235918,0
2311,133.5839226,210.3235918,0
2312,133.5839226,210.3235918,0
2313,133.5839226,210.3235918,0
2314,133.5839226,210.3235918,0
2315,133.5839226,210.3235918,0
2316,133.5839226,210.3235918,0
2317,130.7417115,210.3235918,0
2318,130.7417115,210.3235918,0
2319,130.7417115,210.3235918,0
2320,130.7417115,210.3235918,0
2321,130.7417115,210.3235918,0
2322,130.7417115,210.3235918,0
2323,130.7417115,210.3235918,0
2324,130.7417115,210.3235918,0
2325,130.7417115,210.3235918,0
2326,130.7417115,210.3235918,0
2327,130.7417115,210.3235918,0
2328,130.7417115,210.3235918,0
2329,130.7417115,210.3235918,0
2330,130.7417115,210.3235918,0
2331,130.7417115,210.3235918,0
2332,130.7417115,210.3235918,0
2333,130.7417115,210.3235918,0
2334,130.7417115,210.3235918,0
2335,130.7417115,210.3235918,0
2336,130.7417115,210.3235918,0
2337,130.7417115,210.3235918,0
2338,130.7417115,210.3235918,0
2339,130.7417115,210.3235918,0
2340,130.7417115,210.3235918,0
2341,130.7417115,210.3235918,0
2342,130.7417115,210.3235918,0
2343,130.7417115,210.3235918,0
2344,130.7417115,210.3235918,0
2345,130.7417115,210.3235918,0
2346,130.7417115,210.3235918,0
2347,130.7417115,210.3235918,0
2348,130.7417115,210.3235918,0
2349,130.7417115,210.3235918,0
2350,130.7417115,210.3235918,0
2351,130.7417115,210.3235918,0
2352,130.7417115,210.3235918,0
2353,130.7417115,207.4813811,0
2354,130.7417115,207.4813811,0
2355,130.7417115,207.4813811,0
2356,130.7417115,207.4813811,0
2357,130.7417115,207.4813811,0
2358,130.7417115,207.4813811,0
2359,130.7417115,207.4813811,0
2360,130.7417115,207.4813811,0
2361,130.7417115,207.4813811,0
2362,130.7417115,207.4813811,0
2363,130.7417115,207.4813811,0
2364,130.7417115,207.4813811,0
2365,130.7417115,207.4813811,0
2366,130.7417115,207.4813811,0
2367,130.7417115,207.4813811,0
2368,130.7417115,207.4813811,0
2369,130.7417115,207.4813811,0
2370,130.7417115,207.4813811,0
2371,130.7417115,207.4813811,0
2372,130.7417115,207.4813811,0
2373,130.7417115,207.4813811,0
2374,130.7417115,207.4813811,0
2375,130.7417115,207.4813811,0
2376,130.7417115,207.4813811,0
2377,130.7417115,207.4813811,0
2378,130.7417115,207.4813811,0
2379,130.7417115,207.4813811,0
2380,130.7417115,207.4813811,0
2381,130.7417115,207.4813811,0
2382,130.7417115,207.4813811,0
2383,130.7417115,207.4813811,0
2384,130.7417115,207.4813811,0
2385,130.7417115,207.4813811,0
2386,130.7417115,207.4813811,0
2387,130.7417115,207.4813811,0
2388,130.7417115,207.4813811,0
2389,130.7417115,207.4813811,0
2390,130.7417115,207.4813811,0
2391,130.7417115,207.4813811,0
2392,130.7417115,207.4813811,0
2393,130.7417115,207.4813811,0
2394,130.7417115,207.4813811,0
2395,130.7417115,210.3235918,0
2396,130.7417115,210.3235918,0
2397,130.7417115,210.3235918,0
2398,130.7417115,210.3235918,0
2399,130.7417115,210.3235918,0
2400,130.7417115,210.3235918,0
2401,130.7417115,210.3235918,0
2402,130.7417115,210.3235918,0
2403,130.7417115,210.3235918,0
2404,130.7417115,210.3235918,0
2405,130.7417115,210.3235918,0
2406,130.7417115,210.3235918,0
2407,130.7417115,210.3235918,0
2408,130.7417115,210.3235918,0
2409,130.7417115,210.3235918,0
2410,130.7417115,210.3235918,0
2411,130.7417115,210.3235918,0
2412,130.7417115,210.3235918,0
2413,130.7417115,210.3235918,0
2414,130.7417115,210.3235918,0
2415,130.7417115,210.3235918,0
2416,130.7417115,210.3235918,0
2417,130.7417115,210.3235918,0
2418,130.7417115,210.3235918,0
2419,130.7417115,210.3235918,0
2420,130.7417115,210.3235918,0
2421,130.7417115,210.3235918,0
2422,130.7417115,210.3235918,0
2423,130.7417115,210.3235918,0
2424,130.7417115,210.3235918,0
2425,130.7417115,210.3235918,0
2426,130.7417115,210.3235918,0
2427,130.7417115,210.3235918,0
2428,130.7417115,210.3235918,0
2429,130.7417115,210.3235918,0
2430,130.7417115,210.3235918,0
2431,130.7417115,210.3235918,0
2432,130.7417115,210.3235918,0
2433,130.7417115,210.3235918,0
2434,130.7417115,210.3235918,0
2435,130.7417115,210.3235918,0
2436,130.7417115,210.3235918,0
2437,130.7417115,210.3235918,0
2438,130.7417115,210.3235918,0
2439,130.7417115,210.3235918,0
2440,130.7417115,210.3235918,0
2441,130.7417115,210.3235918,0
2442,130.7417115,210.3235918,0
2443,130.7417115,210.3235918,0
2444,130.7417115,210.3235918,0
2445,130.7417115,207.4813811,0
2446,130.7417115,207.4813811,0
2447,130.7417115,207.4813811,0
2448,130.7417114,207.4813811,0
2449,130.7417114,207.4813811,0
2450,130.7417114,210.3235918,0
2451,130.7417114,210.3235918,0
2452,130.7417114,210.3235918,0
2453,130.7417114,210.3235918,0
2454,130.7417114,210.3235918,0
2455,130.7417114,210.3235918,0
2456,130.7417114,210.3235918,0
2457,130.7417114,210.3235918,0
2458,130.7417114,210.3235918,0
2459,130.7417114,210.3235918,0
2460,130.7417114,210.3235918,0
2461,130.7417114,210.3235918,0
2462,130.7417114,210.3235918,0
2463,130.7417114,210.3235918,0
2464,130.7417114,210.3235918,0
2465,130.7417114,210.3235918,0
2466,130.7417114,210.3235918,0
2467,130.7417114,210.3235918,0
2468,130.7417114,210.3235918,0
2469,130.7417114,210.3235918,0
2470,130.7417114,210.3235918,0
2471,130.7417114,210.3235918,0
2472,130.7417114,210.3235918,0
2473,130.7417114,210.3235918,0
2474,130.7417114,210.3235918,0
2475,130.7417114,210.3235918,0
2476,130.7417114,210.3235918,0
2477,130.7417114,210.3235918,0
2478,130.7417114,210.3235918,0
2479,130.7417114,210.3235918,0
2480,130.7417114,210.3235918,0
2481,130.7417114,210.3235918,0
2482,130.7417114,210.3235918,0
2483,130.7417114,210.3235918,0
2484,130.7417114,210.3235918,0
2485,130.7417114,210.3235918,0
2486,130.7417114,210.3235918,0
2487,127.8995004,210.3235918,0
2488,127.8995004,210.3235918,0
2489,127.8995004,210.3235918,0
2490,125.0572893,210.3235918,0
2491,125.0572893,210.3235918,0
2492,125.0572893,210.3235918,0
2493,127.8995004,210.3235918,0
2494,127.8995004,210.3235918,0
2495,127.8995004,210.3235918,0
2496,127.8995004,210.3235918,0
2497,127.8995004,210.3235918,0
2498,127.8995004,210.3235918,0
2499,127.8995004,210.3235918,0
2500,127.8995004,210.3235918,0
2501,127.8995004,210.3235918,0
2502,127.8995004,210.3235918,0
2503,127.8995004,210.3235918,0
2504,127.8995004,210.3235918,0
2505,127.8995004,210.3235918,0
2506,127.8995004,210.3235918,0
2507,127.8995004,210.3235918,0
2508,127.8995004,210.3235918,0
2509,127.8995004,210.3235918,0
2510,127.8995004,210.3235918,0
2511,127.8995004,210.3235918,0
2512,127.8995004,207.4813811,0
2513,127.8995004,207.4813811,0
2514,127.8995004,207.4813811,0
2515,127.8995004,207.4813811,0
2516,127.8995004,207.4813811,0
2517,127.8995004,207.4813811,0
2518,127.8995004,207.4813811,0
2519,127.8995004,207.4813811,0
2520,127.8995004,207.4813811,0
2521,127.8995004,207.4813811,0
2522,127.8995004,207.4813811,0
2523,127.8995004,207.4813811,0
2524,127.8995004,207.4813811,0
2525,127.8995004,207.4813811,0
2526,127.8995004,207.4813811,0
2527,127.8995004,207.4813811,0
2528,127.8995004,207.4813811,0
2529,127.8995004,207.4813811,0
2530,127.8995004,207.4813811,0
2531,127.8995004,207.4813811,0
2532,127.8995004,207.4813811,0
2533,127.8995004,207.4813811,0
2534,127.8995004,207.4813811,0
2535,127.8995004,207.4813811,0
2536,130.7417114,207.4813811,0
2537,130.7417114,207.4813811,0
2538,130.7417114,207.4813811,0
2539,130.7417114,207.4813811,0
2540,130.7417114,207.4813811,0
2541,130.7417114,207.4813811,0
2542,130.7417114,207.4813811,0
2543,130.7417114,207.4813811,0
2544,130.7417114,207.4813811,0
2545,130.7417114,207.4813811,0
2546,130.7417114,207.4813811,0
2547,130.7417114,207.4813811,0
2548,130.7417114,207.4813811,0
2549,130.7417114,207.4813811,0
2550,130.7417114,207.4813811,0
2551,130.7417114,207.4813811,0
2552,130.7417114,207.4813811,0
2553,130.7417114,207.4813811,0
2554,130.7417114,207.4813811,0
2555,130.7417114,207.4813811,0
2556,130.7417114,207.4813811,0
2557,130.7417114,207.4813811,0
2558,130.7417114,207.4813811,0
2559,130.7417114,207.4813811,0
2560,130.7417114,207.4813811,0
2561,130.7417114,207.4813811,0
2562,130.7417114,207.4813811,0
2563,130.7417114,207.4813811,0
2564,130.7417114,207.4813811,0
2565,130.7417114,207.4813811,0
2566,130.7417114,207.4813811,0
2567,130.7417114,207.4813811,0
2568,130.7417114,207.4813811,0
2569,130.7417114,207.4813811,0
2570,130.7417114,207.4813811,0
2571,130.7417114,207.4813811,0
2572,130.7417114,207.4813811,0
2573,130.7417114,207.4813811,0
2574,130.7417114,207.4813811,0
2575,130.7417114,207.4813811,0
2576,130.7417114,207.4813811,0
2577,130.7417114,207.4813811,0
2578,130.7417114,207.4813811,0
2579,130.7417114,207.4813811,0
2580,130.7417114,207.4813811,0
2581,130.7417114,207.4813811,0
2582,130.7417114,207.4813811,0
2583,130.7417114,207.4813811,0
2584,130.7417114,207.4813811,0
2585,130.7417114,207.4813811,0
2586,127.8995004,207.4813811,0
2587,127.8995004,207.4813811,0
2588,127.8995004,207.4813811,0
2589,127.8995004,207.4813811,0
2590,127.8995004,207.4813811,0
2591,127.8995004,207.4813811,0
2592,127.8995004,207.4813811,0
2593,127.8995004,207.4813811,0
2594,127.8995004,207.4813811,0
2595,127.8995004,207.4813811,0
2596,127.8995004,207.4813811,0
2597,127.8995004,207.4813811,0
2598,127.8995004,207.4813811,0
2599,127.8995004,207.4813811,0
2600,127.8995004,207.4813811,0
2601,127.8995004,207.4813811,0
2602,127.8995004,207.4813811,0
2603,127.8995004,207.4813811,0
2604,127.8995004,207.4813811,0
2605,127.8995004,207.4813811,0
2606,127.8995004,207.4813811,0
2607,127.8995004,207.4813811,0
2608,127.8995004,207.4813811,0
2609,127.8995004,207.4813811,0
2610,127.8995004,207.4813811,0
2611,127.8995004,207.4813811,0
2612,127.8995004,207.4813811,0
2613,127.8995004,207.4813811,0
2614,127.8995004,207.4813811,0
2615,127.8995004,207.4813811,0
2616,127.8995004,207.4813811,0
2617,127.8995004,207.4813811,0
2618,127.8995004,207.4813811,0
2619,127.8995004,207.4813811,0
2620,127.8995004,207.4813811,0
2621,127.8995004,207.4813811,0
2622,127.8995004,207.4813811,0
2623,127.8995004,207.4813811,0
2624,125.0572893,207.4813811,0
2625,125.0572893,207.4813811,0
2626,125.0572893,207.4813811,0
2627,125.0572893,207.4813811,0
2628,125.0572893,207.4813811,0
2629,125.0572893,207.4813811,0
2630,125.0572893,207.4813811,0
2631,125.0572893,207.4813811,0
2632,127.8995004,207.4813811,0
2633,127.8995004,207.4813811,0
2634,127.8995004,207.4813811,0
2635,127.8995004,207.4813811,0
2636,127.8995004,207.4813811,0
2637,127.8995004,207.4813811,0
2638,127.8995004,207.4813811,0
2639,127.8995004,207.4813811,0
2640,127.8995004,207.4813811,0
2641,127.8995004,207.4813811,0
2642,127.8995004,207.4813811,0
2643,127.8995004,207.4813811,0
2644,127.8995004,207.4813811,0
2645,127.8995004,207.4813811,0
2646,127.8995004,207.4813811,0
2647,127.8995004,207.4813811,0
2648,127.8995004,207.4813811,0
2649,127.8995004,207.4813811,0
2650,127.8995004,207.4813811,0
2651,127.8995004,207.4813811,0
2652,127.8995004,207.4813811,0
2653,127.8995004,207.4813811,0
2654,127.8995004,207.4813811,0
2655,127.8995004,207.4813811,0
2656,127.8995004,207.4813811,0
2657,127.8995004,207.4813811,0
2658,127.8995004,207.4813811,0
2659,127.8995004,207.4813811,0
2660,127.8995004,207.4813811,0
2661,127.8995004,207.4813811,0
2662,127.8995004,207.4813811,0
2663,127.8995004,207.4813811,0
2664,127.8995004,207.4813811,0
2665,127.8995004,207.4813811,0
2666,127.8995004,207.4813811,0
2667,127.8995004,210.3235918,0
2668,127.8995004,210.3235918,0
2669,127.8995004,210.3235918,0
2670,127.8995004,210.3235918,0
2671,127.8995004,210.3235918,0
2672,127.8995004,210.3235918,0
2673,127.8995004,210.3235918,0
2674,127.8995004,210.3235918,0
2675,127.8995004,210.3235918,0
2676,127.8995004,210.3235918,0
2677,127.8995004,210.3235918,0
2678,127.8995004,210.3235918,0
2679,127.8995004,210.3235918,0
2680,127.8995004,210.3235918,0
2681,127.8995004,210.3235918,0
2682,127.8995004,210.3235918,0
2683,127.8995004,210.3235918,0
2684,127.8995004,210.3235918,0
2685,127.8995004,210.3235918,0
2686,127.8995004,210.3235918,0
2687,127.8995004,210.3235918,0
2688,127.8995004,210.3235918,0
2689,127.8995004,210.3235918,0
2690,127.8995004,210.3235918,0
2691,127.8995004,210.3235918,0
2692,127.8995004,210.3235918,0
2693,127.8995004,210.3235918,0
2694,127.8995004,210.3235918,0
2695,127.8995004,210.3235918,0
2696,127.8995004,210.3235918,0
2697,127.8995004,210.3235918,0
2698,127.8995004,210.3235918,0
2699,127.8995004,210.3235918,0
2700,127.8995004,210.3235918,0
2701,127.8995004,210.3235918,0
2702,127.8995004,210.3235918,0
2703,127.8995004,210.3235918,0
2704,127.8995004,210.3235918,0
2705,127.8995004,210.3235918,0
2706,127.8995004,210.3235918,0
2707,127.8995004,210.3235918,0
2708,127.8995004,210.3235918,0
2709,127.8995004,210.3235918,0
2710,127.8995004,210.3235918,0
2711,127.8995004,210.3235918,0
2712,127.8995004,210.3235918,0
2713,127.8995004,210.3235918,0
2714,127.8995004,210.3235918,0
2715,127.8995004,210.3235918,0
2716,127.8995004,210.3235918,0
2717,127.8995004,210.3235918,0
2718,127.8995004,210.3235918,0
2719,127.8995004,210.3235918,0
2720,127.8995004,210.3235918,0
2721,127.8995004,210.3235918,0
2722,127.8995004,210.3235918,0
2723,127.8995004,210.3235918,0
2724,127.8995004,210.3235918,0
2725,127.8995004,210.3235918,0
2726,127.8995004,210.3235918,0
2727,127.8995004,210.3235918,0
2728,127.8995004,210.3235918,0
2729,127.8995004,210.3235918,0
2730,127.8995004,210.3235918,0
2731,127.8995004,210.3235918,0
2732,127.8995004,210.3235918,0
2733,127.8995004,210.3235918,0
2734,127.8995004,210.3235918,0
2735,127.8995004,210.3235918,0
2736,127.8995004,210.3235918,0
2737,127.8995004,210.3235918,0
2738,127.8995004,210.3235918,0
2739,127.8995004,210.3235918,0
2740,127.8995004,210.3235918,0
2741,127.8995004,210.3235918,0
2742,127.8995004,210.3235918,0
2743,127.8995004,210.3235918,0
2744,127.8995004,210.3235918,0
2745,127.8995004,210.3235918,0
2746,127.8995004,210.3235918,0
2747,127.8995004,210.3235918,0
2748,127.8995004,210.3235918,0
2749,127.8995004,210.3235918,0
2750,127.8995004,210.3235918,0
2751,127.8995004,210.3235918,0
2752,127.8995004,210.3235918,0
2753,127.8995004,210.3235918,0
2754,127.8995004,210.3235918,0
2755,127.8995004,210.3235918,0
2756,127.8995004,210.3235918,0
2757,127.8995004,210.3235918,0
2758,127.8995003,210.3235918,0
2759,127.8995003,210.3235918,0
2760,127.8995003,210.3235918,0
2761,127.8995003,210.3235918,0
2762,127.8995003,210.3235918,0
2763,127.8995003,210.3235918,0
2764,127.8995003,210.3235918,0
2765,127.8995003,210.3235918,0
2766,127.8995003,210.3235918,0
2767,127.8995003,210.3235918,0
2768,127.8995003,210.3235918,0
2769,127.8995003,210.3235918,0
2770,127.8995003,210.3235918,0
2771,127.8995004,210.3235918,0
2772,127.8995004,207.4813811,0
2773,127.8995004,207.4813811,0
2774,127.8995004,207.4813811,0
2775,127.8995004,207.4813811,0
2776,127.8995004,207.4813811,0
2777,127.8995004,207.4813811,0
2778,127.8995004,207.4813811,0
2779,127.8995004,207.4813811,0
2780,127.8995004,207.4813811,0
2781,127.8995004,207.4813811,0
2782,127.8995004,207.4813811,0
2783,127.8995004,207.4813811,0
2784,127.8995004,207.4813811,0
2785,127.8995004,207.4813811,0
2786,127.8995004,207.4813811,0
2787,127.8995004,207.4813811,0
2788,127.8995004,207.4813811,0
2789,127.8995004,207.4813811,0
2790,127.8995004,207.4813811,0
2791,127.8995004,207.4813811,0
2792,127.8995004,207.4813811,0
2793,127.8995004,207.4813811,0
2794,127.8995004,207.4813811,0
2795,127.8995004,207.4813811,0
2796,127.8995004,207.4813811,0
2797,127.8995004,207.4813811,0
2798,127.8995004,207.4813811,0
2799,127.8995004,207.4813811,0
2800,127.8995004,207.4813811,0
2801,127.8995004,207.4813811,0
2802,127.8995004,207.4813811,0
2803,127.8995004,207.4813811,0
2804,127.8995004,207.4813811,0
2805,127.8995004,207.4813811,0
2806,127.8995004,207.4813811,0
2807,127.8995004,207.4813811,0
2808,127.8995004,207.4813811,0
2809,127.8995004,207.4813811,0
2810,127.8995004,207.4813811,0
2811,127.8995004,207.4813811,0
2812,127.8995004,207.4813811,0
2813,127.8995004,207.4813811,0
2814,127.8995004,207.4813811,0
2815,127.8995004,207.4813811,0
2816,127.8995004,207.4813811,0
2817,127.8995004,207.4813811,0
2818,127.8995004,210.3235918,0
2819,127.8995004,210.3235918,0
2820,127.8995004,210.3235918,0
2821,127.8995004,210.3235918,0
2822,127.8995004,210.3235918,0
2823,125.0572893,210.3235918,0
2824,125.0572893,210.3235918,0
2825,125.0572893,210.3235918,0
2826,125.0572893,210.3235918,0
2827,125.0572893,210.3235918,0
2828,125.0572893,210.3235918,0
2829,125.0572893,210.3235918,0
2830,125.0572893,210.3235918,0
2831,125.0572893,210.3235918,0
2832,125.0572893,210.3235918,0
2833,125.0572893,210.3235918,0
2834,125.0572893,210.3235918,0
2835,125.0572893,210.3235918,0
2836,125.0572893,210.3235918,0
2837,125.0572893,210.3235918,0
2838,125.0572893,210.3235918,0
2839,125.0572893,210.3235918,0
2840,127.8995003,210.3235918,0
2841,127.8995003,210.3235918,0
2842,127.8995003,210.3235918,0
2843,127.8995003,210.3235918,0
2844,127.8995003,210.3235918,0
2845,127.8995003,210.3235918,0
2846,127.8995003,210.3235918,0
2847,127.8995003,210.3235918,0
2848,127.8995003,210.3235918,0
2849,127.8995003,210.3235918,0
2850,127.8995003,210.3235918,0
2851,127.8995003,210.3235918,0
2852,127.8995003,210.3235918,0
2853,127.8995003,210.3235918,0
2854,127.8995003,210.3235918,0
2855,127.8995003,210.3235918,0
2856,127.8995003,210.3235918,0
2857,127.8995003,210.3235918,0
2858,127.8995003,210.3235918,0
2859,127.8995003,210.3235918,0
2860,127.8995003,210.3235918,0
2861,127.8995003,210.3235918,0
2862,127.8995003,210.3235918,0
2863,127.8995003,210.3235918,0
2864,127.8995003,210.3235918,0
2865,127.8995003,210.3235918,0
2866,127.8995003,210.3235918,0
2867,127.8995003,210.3235918,0
2868,127.8995003,210.3235918,0
2869,127.8995003,210.3235918,0
2870,127.8995003,210.3235918,0
2871,127.8995003,210.3235918,0
2872,127.8995003,210.3235918,0
2873,127.8995003,210.3235918,0
2874,127.8995003,207.4813811,0
2875,127.8995003,207.4813811,0
2876,127.8995003,207.4813811,0
2877,127.8995003,207.4813811,0
2878,127.8995003,207.4813811,0
2879,127.8995003,207.4813811,0
2880,127.8995003,207.4813811,0
2881,127.8995003,207.4813811,0
2882,127.8995003,207.4813811,0
2883,127.8995003,207.4813811,0
2884,127.8995003,207.4813811,0
2885,127.8995003,207.4813811,0
2886,127.8995003,207.4813811,0
2887,127.8995003,210.3235918,0
2888,127.8995003,210.3235918,0
2889,127.8995003,210.3235918,0
2890,125.0572893,210.3235918,0
2891,125.0572893,210.3235918,0
2892,125.0572893,210.3235918,0
2893,125.0572893,210.3235918,0
2894,125.0572893,210.3235918,0
2895,125.0572893,210.3235918,0
2896,125.0572893,210.3235918,0
2897,125.0572893,210.3235918,0
2898,125.0572893,210.3235918,0
2899,125.0572893,210.3235918,0
2900,125.0572893,210.3235918,0
2901,125.0572893,210.3235918,0
2902,125.0572893,210.3235918,0
2903,125.0572893,210.3235918,0
2904,125.0572893,210.3235918,0
2905,125.0572893,210.3235918,0
2906,125.0572892,210.3235918,0
2907,125.0572893,210.3235918,0
2908,125.0572893,210.3235918,0
2909,125.0572893,210.3235918,0
2910,125.0572893,210.3235918,0
2911,125.0572893,210.3235918,0
2912,125.0572893,210.3235918,0
2913,125.0572893,210.3235918,0
2914,125.0572893,210.3235918,0
2915,125.0572893,210.3235918,0
2916,125.0572893,210.3235918,0
2917,125.0572893,210.3235918,0
2918,125.0572893,210.3235918,0
2919,125.0572893,210.3235918,0
2920,125.0572893,210.3235918,0
2921,125.0572893,210.3235918,0
2922,125.0572893,210.3235918,0
2923,125.0572893,210.3235918,0
2924,125.0572893,210.3235918,0
2925,125.0572893,210.3235918,0
2926,125.0572893,210.3235918,0
2927,125.0572893,210.3235918,0
2928,125.0572893,210.3235918,0
2929,125.0572893,210.3235918,0
2930,125.0572893,210.3235918,0
2931,125.0572893,210.3235918,0
2932,125.0572893,210.3235918,0
2933,125.0572893,210.3235918,0
2934,125.0572893,210.3235918,0
2935,125.0572893,210.3235918,0
2936,125.0572893,210.3235918,0
2937,125.0572893,207.4813811,0
2938,125.0572893,210.3235918,0
2939,125.0572893,210.3235918,0
2940,125.0572893,210.3235918,0
2941,125.0572893,210.3235918,0
2942,125.0572893,210.3235918,0
2943,125.0572893,210.3235918,0
2944,125.0572893,210.3235918,0
2945,125.0572893,210.3235918,0
2946,125.0572893,210.3235918,0
2947,125.0572893,210.3235918,0
2948,125.0572893,210.3235918,0
2949,125.0572893,210.3235918,0
2950,125.0572893,210.3235918,0
2951,125.0572893,210.3235918,0
2952,125.0572893,210.3235918,0
2953,125.0572893,210.3235918,0
2954,125.0572893,210.3235918,0
2955,125.0572893,210.3235918,0
2956,125.0572893,210.3235918,0
2957,125.0572893,210.3235918,0
2958,125.0572893,210.3235918,0
2959,125.0572893,210.3235918,0
2960,125.0572893,210.3235918,0
2961,125.0572893,210.3235918,0
2962,125.0572893,210.3235918,0
2963,125.0572893,210.3235918,0
2964,125.0572893,210.3235918,0
2965,125.0572893,210.3235918,0
2966,125.0572893,210.3235918,0
2967,125.0572893,210.3235918,0
2968,125.0572893,210.3235918,0
2969,125.0572893,210.3235918,0
2970,125.0572893,210.3235918,0
2971,125.0572893,210.3235918,0
2972,125.0572893,210.3235918,0
2973,125.0572893,210.3235918,0
2974,125.0572893,210.3235918,0
2975,125.0572893,210.3235918,0
2976,125.0572893,210.3235918,0
2977,125.0572893,210.3235918,0
2978,125.0572893,210.3235918,0
2979,125.0572893,210.3235918,0
2980,125.0572893,210.3235918,0
2981,125.0572893,210.3235918,0
2982,125.0572893,210.3235918,0
2983,125.0572893,210.3235918,0
2984,125.0572893,210.3235918,0
2985,125.0572893,210.3235918,0
2986,125.0572893,210.3235918,0
2987,125.0572893,210.3235918,0
2988,125.0572893,207.4813811,0
2989,125.0572893,207.4813811,0
2990,125.0572893,207.4813811,0
2991,125.0572893,207.4813811,0
2992,125.0572893,207.4813811,0
2993,125.0572893,207.4813811,0
2994,125.0572893,207.4813811,0
2995,125.0572893,207.4813811,0
2996,125.0572893,207.4813811,0
2997,125.0572893,207.4813811,0
2998,125.0572893,207.4813811,0
2999,125.0572893,207.4813811,0
3000,125.0572893,207.4813811,0
3001,125.0572893,207.4813811,0
3002,125.0572893,207.4813811,0
3003,125.0572893,207.4813811,0
3004,125.0572893,207.4813811,0
3005,125.0572893,207.4813811,0
3006,125.0572893,207.4813811,0
3007,125.0572893,207.4813811,0
3008,125.0572893,207.4813811,0
3009,125.0572893,207.4813811,0
3010,125.0572893,207.4813811,0
3011,125.0572893,207.4813811,0
3012,125.0572893,207.4813811,0
3013,125.0572893,207.4813811,0
3014,125.0572893,207.4813811,0
3015,125.0572893,207.4813811,0
3016,125.0572893,207.4813811,0
3017,125.0572893,207.4813811,0
3018,125.0572893,207.4813811,0
3019,125.0572893,207.4813811,0
3020,125.0572893,207.4813811,0
3021,125.0572893,207.4813811,0
3022,122.2150781,207.4813811,0
3023,122.2150781,207.4813811,0
3024,122.2150781,207.4813811,0
3025,122.2150781,207.4813811,0
3026,122.2150781,207.4813811,0
3027,122.2150781,207.4813811,0
3028,122.2150781,207.4813811,0
3029,122.2150781,207.4813811,0
3030,125.0572893,207.4813811,0
3031,125.0572893,207.4813811,0
3032,125.0572893,207.4813811,0
3033,125.0572893,207.4813811,0
3034,125.0572893,207.4813811,0
3035,125.0572893,207.4813811,0
3036,125.0572893,207.4813811,0
3037,125.0572893,207.4813811,0
3038,125.0572893,207.4813811,0
3039,125.0572893,207.4813811,0
3040,125.0572893,207.4813811,0
3041,125.0572893,207.4813811,0
3042,125.0572893,207.4813811,0
3043,125.0572893,207.4813811,0
3044,125.0572893,207.4813811,0
3045,125.0572893,207.4813811,0
3046,125.0572893,207.4813811,0
3047,125.0572893,207.4813811,0
3048,125.0572893,207.4813811,0
3049,125.0572893,207.4813811,0
3050,125.0572893,207.4813811,0
3051,125.0572893,207.4813811,0
3052,125.0572893,207.4813811,0
3053,125.0572893,207.4813811,0
3054,125.0572893,207.4813811,0
3055,125.0572893,207.4813811,0
3056,125.0572893,207.4813811,0
3057,125.0572893,207.4813811,0
3058,125.0572893,207.4813811,0
3059,125.0572893,207.4813811,0
3060,125.0572893,207.4813811,0
3061,125.0572893,207.4813811,0
3062,125.0572893,207.4813811,0
3063,125.0572893,207.4813811,0
3064,125.0572893,207.4813811,0
3065,125.0572893,207.4813811,0
3066,125.0572893,207.4813811,0
3067,125.0572893,207.4813811,0
3068,125.0572893,207.4813811,0
3069,125.0572893,207.4813811,0
3070,125.0572893,207.4813811,0
3071,125.0572893,207.4813811,0
3072,125.0572893,207.4813811,0
3073,125.0572893,207.4813811,0
3074,125.0572893,207.4813811,0
3075,125.0572893,207.4813811,0
3076,125.0572893,207.4813811,0
3077,125.0572893,207.4813811,0
3078,125.0572893,207.4813811,0
3079,125.0572893,207.4813811,0
3080,125.0572892,207.4813811,0
3081,125.0572892,207.4813811,0
3082,125.0572892,207.4813811,0
3083,125.0572892,207.4813811,0
3084,125.0572892,207.4813811,0
3085,125.0572892,207.4813811,0
3086,125.0572892,207.4813811,0
3087,125.0572892,207.4813811,0
3088,125.0572892,207.4813811,0
3089,125.0572892,207.4813811,0
3090,125.0572892,207.4813811,0
3091,125.0572892,207.4813811,0
3092,125.0572892,207.4813811,0
3093,125.0572892,207.4813811,0
3094,125.0572892,207.4813811,0
3095,125.0572892,207.4813811,0
3096,125.0572892,207.4813811,0
3097,125.0572892,207.4813811,0
3098,125.0572892,207.4813811,0
3099,125.0572892,207.4813811,0
3100,125.0572892,207.4813811,0
3101,125.0572892,207.4813811,0
3102,125.0572892,207.4813811,0
3103,125.0572892,207.4813811,0
3104,125.0572892,207.4813811,0
3105,125.0572892,207.4813811,0
3106,125.0572892,207.4813811,0
3107,125.0572892,207.4813811,0
3108,125.0572892,207.4813811,0
3109,125.0572892,207.4813811,0
3110,125.0572892,207.4813811,0
3111,125.0572892,207.4813811,0
3112,125.0572892,207.4813811,0
3113,125.0572892,207.4813811,0
3114,125.0572892,207.4813811,0
3115,125.0572892,207.4813811,0
3116,125.0572892,207.4813811,0
3117,125.0572892,207.4813811,0
3118,125.0572892,207.4813811,0
3119,125.0572892,207.4813811,0
3120,125.0572892,207.4813811,0
3121,125.0572892,207.4813811,0
3122,125.0572892,207.4813811,0
3123,125.0572892,207.4813811,0
3124,125.0572892,207.4813811,0
3125,125.0572892,207.4813811,0
3126,125.0572892,207.4813811,0
3127,125.0572892,207.4813811,0
3128,125.0572892,207.4813811,0
3129,125.0572892,207.4813811,0
3130,125.0572892,207.4813811,0
3131,125.0572892,207.4813811,0
3132,125.0572892,207.4813811,0
3133,125.0572892,204.6391704,0
3134,125.0572892,204.6391704,0
3135,125.0572892,204.6391704,0
3136,125.0572892,204.6391704,0
3137,125.0572892,204.6391704,0
3138,125.0572892,204.6391704,0
3139,125.0572892,204.6391704,0
3140,125.0572892,204.6391704,0
3141,125.0572892,204.6391704,0
3142,125.0572892,204.6391704,0
3143,125.0572892,204.6391704,0
3144,125.0572892,204.6391704,0
3145,125.0572892,207.4813811,0
3146,125.0572892,207.4813811,0
3147,125.0572892,207.4813811,0
3148,125.0572892,207.4813811,0
3149,125.0572892,207.4813811,0
3150,125.0572892,207.4813811,0
3151,125.0572892,207.4813811,0
3152,125.0572892,207.4813811,0
3153,125.0572892,207.4813811,0
3154,125.0572892,207.4813811,0
3155,125.0572892,207.4813811,0
3156,125.0572892,207.4813811,0
3157,125.0572892,207.4813811,0
3158,125.0572892,207.4813811,0
3159,125.0572892,207.4813811,0
3160,125.0572892,207.4813811,0
3161,125.0572892,207.4813811,0
3162,125.0572892,207.4813811,0
3163,125.0572892,207.4813811,0
3164,125.0572892,207.4813811,0
3165,125.0572892,207.4813811,0
3166,125.0572892,207.4813811,0
3167,125.0572892,207.4813811,0
3168,125.0572892,207.4813811,0
3169,125.0572892,207.4813811,0
3170,125.0572892,207.4813811,0
3171,125.0572892,207.4813811,0
3172,125.0572892,207.4813811,0
3173,125.0572892,207.4813811,0
3174,125.0572892,207.4813811,0
3175,125.0572892,207.4813811,0
3176,125.0572892,207.4813811,0
3177,125.0572892,207.4813811,0
3178,125.0572892,207.4813811,0
3179,125.0572892,207.4813811,0
3180,125.0572892,207.4813811,0
3181,125.0572892,207.4813811,0
3182,125.0572892,207.4813811,0
3183,125.0572892,207.4813811,0
3184,125.0572892,207.4813811,0
3185,125.0572892,207.4813811,0
3186,125.0572892,207.4813811,0
3187,125.0572892,207.4813811,0
3188,125.0572892,207.4813811,0
3189,125.0572892,207.4813811,0
3190,125.0572892,207.4813811,0
3191,125.0572892,207.4813811,0
3192,125.0572892,207.4813811,0
3193,125.0572892,207.4813811,0
3194,125.0572892,207.4813811,0
3195,125.0572892,207.4813811,0
3196,125.0572892,207.4813811,0
3197,125.0572892,207.4813811,0
3198,125.0572892,207.4813811,0
3199,125.0572892,207.4813811,0
3200,125.0572892,207.4813811,0
3201,125.0572892,207.4813811,0
3202,125.0572892,207.4813811,0
3203,125.0572892,207.4813811,0
3204,122.2150781,207.4813811,0
3205,122.2150781,207.4813811,0
3206,122.2150781,207.4813811,0
3207,122.2150781,207.4813811,0
3208,119.372867,207.4813811,0
3209,119.372867,207.4813811,0
3210,119.372867,207.4813811,0
3211,119.372867,207.4813811,0
3212,119.372867,207.4813811,0
3213,119.372867,207.4813811,0
3214,119.372867,207.4813811,0
3215,119.372867,207.4813811,0
3216,119.372867,207.4813811,0
3217,119.372867,207.4813811,0
3218,119.372867,207.4813811,0
3219,119.372867,207.4813811,0
3220,119.372867,207.4813811,0
3221,119.372867,207.4813811,0
3222,119.372867,207.4813811,0
3223,119.372867,207.4813811,0
3224,119.372867,207.4813811,0
3225,119.372867,207.4813811,0
3226,119.372867,207.4813811,0
3227,119.372867,207.4813811,0
3228,122.2150781,207.4813811,0
3229,122.2150781,207.4813811,0
3230,122.2150781,207.4813811,0
3231,122.2150781,207.4813811,0
3232,122.2150781,207.4813811,0
3233,122.2150781,207.4813811,0
3234,122.2150781,207.4813811,0
3235,122.2150781,207.4813811,0
3236,122.2150781,207.4813811,0
3237,122.2150781,207.4813811,0
3238,122.2150781,207.4813811,0
3239,122.2150781,207.4813811,0
3240,122.2150781,207.4813811,0
3241,122.2150781,207.4813811,0
3242,122.2150781,207.4813811,0
3243,122.2150781,207.4813811,0
3244,122.2150781,207.4813811,0
3245,122.2150781,207.4813811,0
3246,122.2150781,207.4813811,0
3247,122.2150781,204.6391704,0
3248,122.2150781,204.6391704,0
3249,122.2150781,204.6391704,0
3250,122.2150781,204.6391704,0
3251,122.2150781,204.6391704,0
3252,122.2150781,204.6391704,0
3253,122.2150781,204.6391704,0
3254,122.2150781,204.6391704,0
3255,122.2150781,204.6391704,0
3256,122.2150781,204.6391704,0
3257,122.2150781,204.6391704,0
3258,122.2150781,204.6391704,0
3259,122.2150781,204.6391704,0
3260,122.2150781,207.4813811,0
3261,122.2150781,207.4813811,0
3262,122.2150781,207.4813811,0
3263,122.2150781,207.4813811,0
3264,122.2150781,207.4813811,0
3265,122.2150781,207.4813811,0
3266,122.2150781,207.4813811,0
3267,122.2150781,207.4813811,0
3268,122.2150781,207.4813811,0
3269,122.2150781,207.4813811,0
3270,122.2150781,207.4813811,0
3271,122.2150781,207.4813811,0
3272,122.2150781,207.4813811,0
3273,122.2150781,207.4813811,0
3274,122.2150781,207.4813811,0
3275,122.2150781,207.4813811,0
3276,122.2150781,207.4813811,0
3277,122.2150781,207.4813811,0
3278,122.2150781,207.4813811,0
3279,122.2150781,207.4813811,0
3280,122.2150781,207.4813811,0
3281,122.2150781,207.4813811,0
3282,122.2150781,207.4813811,0
3283,122.2150781,207.4813811,0
3284,122.2150781,207.4813811,0
3285,122.2150781,207.4813811,0
3286,122.2150781,207.4813811,0
3287,122.2150781,207.4813811,0
3288,122.2150781,207.4813811,0
3289,122.2150781,207.4813811,0
3290,122.2150781,207.4813811,0
3291,122.2150781,207.4813811,0
3292,122.2150781,210.3235918,0
3293,122.2150781,210.3235918,0
3294,122.2150781,210.3235918,0
3295,122.2150781,210.3235918,0
3296,122.2150781,210.3235918,0
3297,122.2150781,210.3235918,0
3298,122.2150781,210.3235918,0
3299,122.2150781,210.3235918,0
3300,122.2150781,210.3235918,0
3301,122.2150781,210.3235918,0
3302,122.2150781,210.3235918,0
3303,122.2150781,210.3235918,0
3304,122.2150781,210.3235918,0
3305,122.2150781,210.3235918,0
3306,122.2150781,210.3235918,0
3307,122.2150781,210.3235918,0
3308,119.372867,210.3235918,0
3309,119.372867,210.3235918,0
3310,119.372867,210.3235918,0
3311,119.372867,210.3235918,0
3312,119.372867,210.3235918,0
3313,119.372867,210.3235918,0
3314,119.372867,210.3235918,0
3315,119.372867,210.3235918,0
3316,119.372867,210.3235918,0
3317,119.372867,210.3235918,0
3318,119.372867,210.3235918,0
3319,119.372867,210.3235918,0
3320,119.372867,210.3235918,0
3321,119.372867,210.3235918,0
3322,119.372867,210.3235918,0
3323,119.372867,210.3235918,0
3324,119.372867,210.3235918,0
3325,119.372867,210.3235918,0
3326,119.372867,210.3235918,0
3327,119.372867,210.3235918,0
3328,119.372867,210.3235918,0
3329,119.372867,210.3235918,0
3330,119.372867,210.3235918,0
3331,119.372867,210.3235918,0
3332,119.372867,210.3235918,0
3333,119.372867,210.3235918,0
3334,119.372867,210.3235918,0
3335,119.372867,210.3235918,0
3336,119.372867,210.3235918,0
3337,119.372867,210.3235918,0
3338,119.372867,210.3235918,0
3339,119.372867,210.3235918,0
3340,119.372867,210.3235918,0
3341,119.372867,210.3235918,0
3342,119.372867,204.6391704,0
3343,119.372867,204.6391704,0
3344,119.372867,204.6391704,0
3345,119.372867,204.6391704,0
3346,119.372867,204.6391704,0
3347,119.372867,204.6391704,0
3348,119.372867,204.6391704,0
3349,119.372867,204.6391704,0
3350,119.372867,204.6391704,0
3351,119.372867,204.6391704,0
3352,119.372867,204.6391704,0
3353,119.372867,204.6391704,0
3354,119.372867,204.6391704,0
3355,119.372867,204.6391704,0
3356,119.372867,204.6391704,0
3357,119.372867,204.6391704,0
3358,119.372867,204.6391704,0
3359,119.372867,204.6391704,0
3360,119.372867,204.6391704,0
3361,119.3728669,204.6391704,0
3362,119.3728669,204.6391704,0
3363,119.3728669,204.6391704,0
3364,119.3728669,204.6391704,0
3365,119.3728669,204.6391704,0
3366,119.3728669,204.6391704,0
3367,119.3728669,204.6391704,0
3368,119.3728669,204.6391704,0
3369,119.3728669,204.6391704,0
3370,119.3728669,204.6391704,0
3371,119.3728669,204.6391704,0
3372,119.3728669,204.6391704,0
3373,119.3728669,204.6391704,0
3374,119.3728669,204.6391704,0
3375,119.3728669,204.6391704,0
3376,119.3728669,204.6391704,0
3377,119.3728669,204.6391704,0
3378,119.3728669,204.6391704,0
3379,119.3728669,204.6391704,0
3380,119.3728669,204.6391704,0
3381,119.3728669,204.6391704,0
3382,119.3728669,204.6391704,0
3383,119.3728669,204.6391704,0
3384,119.3728669,204.6391704,0
3385,119.3728669,204.6391704,0
3386,119.3728669,204.6391704,0
3387,119.3728669,204.6391704,0
3388,119.3728669,204.6391704,0
3389,119.3728669,204.6391704,0
3390,119.3728669,204.6391704,0
3391,119.3728669,204.6391704,0
3392,119.372867,204.6391704,0
3393,119.372867,204.6391704,0
3394,119.372867,204.6391704,0
3395,119.372867,204.6391704,0
3396,122.2150781,204.6391704,0
3397,122.2150781,204.6391704,0
3398,122.2150781,204.6391704,0
3399,122.2150781,204.6391704,0
3400,122.2150781,204.6391704,0
3401,122.2150781,204.6391704,0
3402,122.2150781,204.6391704,0
3403,122.2150781,204.6391704,0
3404,122.2150781,204.6391704,0
3405,122.2150781,204.6391704,0
3406,122.2150781,204.6391704,0
3407,122.2150781,207.4813811,0
3408,122.2150781,207.4813811,0
3409,122.2150781,207.4813811,0
3410,122.2150781,207.4813811,0
3411,122.2150781,207.4813811,0
3412,122.2150781,207.4813811,0
3413,122.2150781,207.4813811,0
3414,122.2150781,210.3235918,0
3415,122.2150781,210.3235918,0
3416,122.2150781,210.3235918,0
3417,122.2150781,210.3235918,0
3418,122.2150781,210.3235918,0
3419,122.2150781,210.3235918,0
3420,122.2150781,210.3235918,0
3421,122.2150781,210.3235918,0
3422,122.2150781,210.3235918,0
3423,122.2150781,210.3235918,0
3424,122.2150781,210.3235918,0
3425,122.2150781,210.3235918,0
3426,122.2150781,210.3235918,0
3427,122.2150781,210.3235918,0
3428,122.2150781,210.3235918,0
3429,122.2150781,210.3235918,0
3430,122.2150781,210.3235918,0
3431,122.2150781,210.3235918,0
3432,122.2150781,210.3235918,0
3433,122.2150781,210.3235918,0
3434,122.2150781,210.3235918,0
3435,122.2150781,210.3235918,0
3436,122.2150781,210.3235918,0
3437,122.2150781,210.3235918,0
3438,122.2150781,210.3235918,0
3439,122.2150781,210.3235918,0
3440,122.2150781,210.3235918,0
3441,122.2150781,210.3235918,0
3442,122.2150781,210.3235918,0
3443,122.2150781,210.3235918,0
3444,122.2150781,210.3235918,0
3445,122.2150781,210.3235918,0
3446,122.2150781,210.3235918,0
3447,122.2150781,210.3235918,0
3448,122.2150781,210.3235918,0
3449,122.2150781,210.3235918,0
3450,122.2150781,210.3235918,0
3451,122.2150781,210.3235918,0
3452,122.2150781,210.3235918,0
3453,122.2150781,210.3235918,0
3454,122.2150781,210.3235918,0
3455,122.2150781,210.3235918,0
3456,122.2150781,210.3235918,0
3457,122.2150781,210.3235918,0
3458,119.372867,210.3235918,0
3459,119.372867,210.3235918,0
3460,119.372867,210.3235918,0
3461,119.372867,210.3235918,0
3462,119.372867,210.3235918,0
3463,119.372867,210.3235918,0
3464,119.372867,207.4813811,0
3465,119.372867,207.4813811,0
3466,119.372867,207.4813811,0
3467,119.372867,207.4813811,0
3468,122.2150781,207.4813811,0
3469,122.2150781,207.4813811,0
3470,122.2150781,207.4813811,0
3471,122.2150781,207.4813811,0
3472,122.2150781,204.6391704,0
3473,122.2150781,204.6391704,0
3474,122.2150781,204.6391704,0
3475,122.2150781,204.6391704,0
3476,122.2150781,204.6391704,0
3477,122.2150781,204.6391704,0
3478,122.2150781,204.6391704,0
3479,122.2150781,204.6391704,0
3480,122.2150781,207.4813811,0
3481,122.2150781,207.4813811,0
3482,122.2150781,207.4813811,0
3483,122.2150781,207.4813811,0
3484,122.2150781,207.4813811,0
3485,122.2150781,207.4813811,0
3486,122.2150781,207.4813811,0
3487,122.2150781,207.4813811,0
3488,122.2150781,207.4813811,0
3489,122.2150781,207.4813811,0
3490,122.2150781,207.4813811,0
3491,122.2150781,207.4813811,0
3492,122.2150781,207.4813811,0
3493,122.2150781,207.4813811,0
3494,122.2150781,207.4813811,0
3495,122.2150781,207.4813811,0
3496,122.2150781,207.4813811,0
3497,122.2150781,207.4813811,0
3498,122.2150781,207.4813811,0
3499,122.2150781,207.4813811,0
3500,122.2150781,207.4813811,0
3501,122.2150781,207.4813811,0
3502,122.2150781,207.4813811,0
3503,122.2150781,207.4813811,0
3504,122.2150781,207.4813811,0
3505,122.2150781,207.4813811,0
3506,122.2150781,207.4813811,0
3507,122.2150781,207.4813811,0
3508,122.2150781,207.4813811,0
3509,122.2150781,207.4813811,0
3510,122.2150781,207.4813811,0
3511,122.2150781,207.4813811,0
3512,122.2150781,207.4813811,0
3513,122.2150781,207.4813811,0
3514,122.2150781,207.4813811,0
3515,122.2150781,207.4813811,0
3516,122.2150781,207.4813811,0
3517,122.2150781,207.4813811,0
3518,122.2150781,207.4813811,0
3519,122.2150781,207.4813811,0
3520,122.2150781,207.4813811,0
3521,122.2150781,207.4813811,0
3522,122.2150781,207.4813811,0
3523,122.2150781,207.4813811,0
3524,122.2150781,207.4813811,0
3525,122.2150781,207.4813811,0
3526,122.2150781,207.4813811,0
3527,122.2150781,207.4813811,0
3528,122.2150781,207.4813811,0
3529,122.2150781,207.4813811,0
3530,122.2150781,207.4813811,0
3531,122.2150781,207.4813811,0
3532,122.2150781,207.4813811,0
3533,122.2150781,207.4813811,0
3534,122.2150781,207.4813811,0
3535,122.2150781,207.4813811,0
3536,122.2150781,207.4813811,0
3537,122.2150781,207.4813811,0
3538,122.2150781,207.4813811,0
3539,122.2150781,207.4813811,0
3540,122.2150781,207.4813811,0
3541,122.2150781,207.4813811,0
3542,122.2150781,207.4813811,0
3543,122.2150781,207.4813811,0
3544,122.2150781,207.4813811,0
3545,122.2150781,207.4813811,0
3546,122.2150781,207.4813811,0
3547,122.2150781,207.4813811,0
3548,122.2150781,210.3235918,0
3549,122.2150781,210.3235918,0
3550,122.2150781,210.3235918,0
3551,122.2150781,210.3235918,0
3552,122.2150781,210.3235918,0
3553,122.2150781,210.3235918,0
3554,122.2150781,210.3235918,0
3555,122.2150781,210.3235918,0
3556,122.2150781,210.3235918,0
3557,122.2150781,210.3235918,0
3558,122.2150781,210.3235918,0
3559,122.2150781,210.3235918,0
3560,122.2150781,210.3235918,0
3561,122.2150781,210.3235918,0
3562,122.2150781,210.3235918,0
3563,122.2150781,210.3235918,0
3564,122.2150781,210.3235918,0
3565,122.2150781,210.3235918,0
3566,122.2150781,210.3235918,0
3567,122.2150781,210.3235918,0
3568,122.2150781,210.3235918,0
3569,122.2150781,210.3235918,0
3570,122.2150781,210.3235918,0
3571,122.2150781,210.3235918,0
3572,122.2150781,210.3235918,0
3573,122.2150781,210.3235918,0
3574,122.2150781,210.3235918,0
3575,122.2150781,210.3235918,0
3576,122.2150781,210.3235918,0
3577,122.2150781,210.3235918,0
3578,122.2150781,210.3235918,0
3579,122.2150781,210.3235918,0
3580,122.2150781,210.3235918,0
3581,122.2150781,210.3235918,0
3582,122.2150781,210.3235918,0
3583,122.2150781,210.3235918,0
3584,119.372867,210.3235918,0
3585,119.372867,210.3235918,0
3586,119.372867,210.3235918,0
3587,119.372867,210.3235918,0
3588,119.372867,210.3235918,0
3589,119.372867,210.3235918,0
3590,119.372867,210.3235918,0
3591,119.372867,210.3235918,0
3592,119.372867,210.3235918,0
3593,119.372867,210.3235918,0
3594,119.372867,210.3235918,0
3595,119.372867,210.3235918,0
3596,119.372867,210.3235918,0
3597,119.372867,210.3235918,0
3598,119.372867,207.4813811,0
3599,119.372867,207.4813811,0
3600,119.372867,207.4813811,0
3601,119.372867,207.4813811,0
3602,119.372867,207.4813811,0
3603,119.372867,207.4813811,0
3604,119.372867,207.4813811,0
3605,119.372867,207.4813811,0
3606,119.372867,207.4813811,0
3607,119.372867,207.4813811,0
3608,119.372867,207.4813811,0
3609,119.372867,207.4813811,0
3610,119.372867,207.4813811,0
3611,119.372867,207.4813811,0
3612,119.372867,207.4813811,0
3613,119.372867,207.4813811,0
3614,119.372867,207.4813811,0
3615,119.372867,207.4813811,0
3616,119.372867,207.4813811,0
3617,119.372867,207.4813811,0
3618,119.372867,207.4813811,0
3619,119.372867,207.4813811,0
3620,119.372867,207.4813811,0
3621,119.372867,207.4813811,0
3622,119.372867,207.4813811,0
3623,119.372867,207.4813811,0
3624,119.372867,207.4813811,0
3625,119.372867,207.4813811,0
3626,119.372867,207.4813811,0
3627,119.372867,207.4813811,0
3628,119.372867,207.4813811,0
3629,119.372867,207.4813811,0
3630,119.372867,207.4813811,0
3631,119.372867,207.4813811,0
3632,119.372867,207.4813811,0
3633,119.372867,207.4813811,0
3634,119.372867,207.4813811,0
3635,119.372867,207.4813811,0
3636,119.372867,207.4813811,0
3637,119.372867,207.4813811,0
3638,119.372867,207.4813811,0
3639,119.372867,207.4813811,0
3640,119.372867,207.4813811,0
3641,119.372867,207.4813811,0
3642,119.372867,207.4813811,0
3643,119.372867,207.4813811,0
3644,119.372867,207.4813811,0
3645,119.372867,207.4813811,0
3646,119.372867,207.4813811,0
3647,119.372867,207.4813811,0
3648,119.372867,207.4813811,0
3649,119.372867,207.4813811,0
3650,119.372867,207.4813811,0
3651,119.372867,207.4813811,0
3652,119.372867,207.4813811,0
3653,119.372867,207.4813811,0
3654,119.372867,207.4813811,0
3655,119.372867,207.4813811,0
3656,119.372867,207.4813811,0
3657,119.372867,207.4813811,0
3658,119.372867,207.4813811,0
3659,119.372867,207.4813811,0
3660,119.372867,207.4813811,0
3661,119.372867,207.4813811,0
3662,119.372867,207.4813811,0
3663,119.372867,207.4813811,0
3664,119.372867,207.4813811,0
3665,119.372867,207.4813811,0
3666,119.372867,207.4813811,0
3667,119.372867,207.4813811,0
3668,119.372867,207.4813811,0
3669,119.372867,207.4813811,0
3670,119.372867,207.4813811,0
3671,119.372867,207.4813811,0
3672,119.372867,207.4813811,0
3673,119.372867,207.4813811,0
3674,119.372867,207.4813811,0
3675,119.372867,207.4813811,0
3676,119.372867,207.4813811,0
3677,119.372867,207.4813811,0
3678,119.372867,207.4813811,0
3679,119.3728669,207.4813811,0
3680,119.3728669,207.4813811,0
3681,119.3728669,207.4813811,0
3682,119.3728669,207.4813811,0
3683,119.3728669,207.4813811,0
3684,119.3728669,207.4813811,0
3685,119.3728669,207.4813811,0
3686,119.3728669,207.4813811,0
3687,119.3728669,207.4813811,0
3688,119.3728669,207.4813811,0
3689,119.3728669,207.4813811,0
3690,119.3728669,207.4813811,0
3691,110.8462336,207.4813811,0
3692,110.8462336,207.4813811,0
3693,110.8462336,210.3235918,0
3694,116.5306559,210.3235918,0
3695,116.5306559,210.3235918,0
3696,116.5306559,210.3235918,0
3697,116.5306559,210.3235918,0
3698,116.5306559,210.3235918,0
3699,116.5306559,210.3235918,0
3700,116.5306559,210.3235918,0
3701,119.372867,210.3235918,0
3702,119.372867,210.3235918,0
3703,119.372867,210.3235918,0
3704,119.372867,210.3235918,0
3705,119.372867,210.3235918,0
3706,119.372867,210.3235918,0
3707,119.372867,210.3235918,0
3708,119.372867,210.3235918,0
3709,119.372867,210.3235918,0
3710,119.372867,210.3235918,0
3711,119.372867,210.3235918,0
3712,119.372867,210.3235918,0
3713,119.372867,210.3235918,0
3714,119.372867,210.3235918,0
3715,119.372867,210.3235918,0
3716,122.2150781,210.3235918,0
3717,122.2150781,210.3235918,0
3718,122.2150781,210.3235918,0
3719,122.2150781,210.3235918,0
3720,122.2150781,210.3235918,0
3721,122.2150781,210.3235918,0
3722,122.2150781,210.3235918,0
3723,122.2150781,210.3235918,0
3724,122.2150781,210.3235918,0
3725,122.2150781,210.3235918,0
3726,122.2150781,210.3235918,0
3727,122.2150781,210.3235918,0
3728,122.2150781,210.3235918,0
3729,122.2150781,210.3235918,0
3730,122.2150781,210.3235918,0
3731,122.2150781,210.3235918,0
3732,122.2150781,210.3235918,0
3733,122.2150781,210.3235918,0
3734,122.2150781,210.3235918,0
3735,122.2150781,210.3235918,0
3736,122.2150781,210.3235918,0
3737,122.2150781,210.3235918,0
3738,122.2150781,210.3235918,0
3739,122.2150781,210.3235918,0
3740,122.2150781,210.3235918,0
3741,122.2150781,210.3235918,0
3742,122.2150781,210.3235918,0
3743,122.2150781,210.3235918,0
3744,122.2150781,210.3235918,0
3745,122.2150781,210.3235918,0
3746,122.2150781,210.3235918,0
3747,122.2150781,210.3235918,0
3748,122.2150781,210.3235918,0
3749,122.2150781,210.3235918,0
3750,122.2150781,210.3235918,0
3751,122.2150781,210.3235918,0
3752,122.2150781,210.3235918,0
3753,122.2150781,210.3235918,0
3754,122.2150781,210.3235918,0
3755,122.2150781,210.3235918,0
3756,122.2150781,210.3235918,0
3757,122.2150781,210.3235918,0
3758,122.2150781,210.3235918,0
3759,122.2150781,210.3235918,0
3760,122.2150781,210.3235918,0
3761,122.2150781,210.3235918,0
3762,122.2150781,210.3235918,0
3763,122.2150781,210.3235918,0
3764,122.2150781,210.3235918,0
3765,122.2150781,210.3235918,0
3766,119.3728669,210.3235918,0
3767,119.3728669,210.3235918,0
3768,119.3728669,210.3235918,0
3769,119.3728669,210.3235918,0
3770,119.3728669,210.3235918,0
3771,119.3728669,210.3235918,0
3772,119.3728669,210.3235918,0
3773,119.3728669,210.3235918,0
3774,119.3728669,210.3235918,0
3775,119.3728669,210.3235918,0
3776,119.3728669,210.3235918,0
3777,119.3728669,210.3235918,0
3778,119.3728669,210.3235918,0
3779,119.372867,210.3235918,0
3780,119.372867,210.3235918,0
3781,119.372867,210.3235918,0
3782,119.372867,210.3235918,0
3783,119.372867,210.3235918,0
3784,119.372867,210.3235918,0
3785,119.372867,210.3235918,0
3786,119.372867,210.3235918,0
3787,119.372867,210.3235918,0
3788,119.372867,210.3235918,0
3789,119.372867,210.3235918,0
3790,119.372867,210.3235918,0
3791,119.372867,210.3235918,0
3792,119.372867,210.3235918,0
3793,119.372867,210.3235918,0
3794,119.372867,210.3235918,0
3795,119.372867,207.4813811,0
3796,119.372867,207.4813811,0
3797,119.372867,207.4813811,0
3798,119.372867,207.4813811,0
3799,119.372867,207.4813811,0
3800,119.372867,207.4813811,0
3801,119.372867,207.4813811,0
3802,119.372867,207.4813811,0
3803,119.372867,207.4813811,0
3804,119.372867,207.4813811,0
3805,119.372867,207.4813811,0
3806,119.372867,207.4813811,0
3807,119.372867,207.4813811,0
3808,119.372867,204.6391704,0
3809,119.372867,204.6391704,0
3810,119.372867,204.6391704,0
3811,119.372867,201.7969597,0
3812,119.372867,201.7969597,0
3813,119.372867,201.7969597,0
3814,119.372867,201.7969597,0
3815,119.372867,204.6391704,0
3816,119.372867,204.6391704,0
3817,119.372867,204.6391704,0
3818,119.372867,204.6391704,0
3819,119.372867,204.6391704,0
3820,119.372867,204.6391704,0
3821,119.372867,204.6391704,0
3822,119.372867,204.6391704,0
3823,119.372867,204.6391704,0
3824,119.372867,204.6391704,0
3825,119.372867,204.6391704,0
3826,119.372867,204.6391704,0
3827,119.372867,204.6391704,0
3828,119.372867,204.6391704,0
3829,119.3728669,204.6391704,0
3830,119.3728669,204.6391704,0
3831,119.3728669,204.6391704,0
3832,113.6884447,204.6391704,0
3833,113.6884447,204.6391704,0
3834,113.6884448,207.4813811,0
3835,113.6884448,207.4813811,0
3836,113.6884448,207.4813811,0
3837,119.372867,207.4813811,0
3838,119.372867,207.4813811,0
3839,119.372867,207.4813811,0
3840,119.372867,207.4813811,0
3841,119.372867,207.4813811,0
3842,119.372867,207.4813811,0
3843,119.372867,207.4813811,0
3844,119.372867,207.4813811,0
3845,119.372867,207.4813811,0
3846,119.372867,207.4813811,0
3847,119.372867,207.4813811,0
3848,119.372867,207.4813811,0
3849,122.2150781,207.4813811,0
3850,122.2150781,207.4813811,0
3851,122.2150781,207.4813811,0
3852,122.2150781,207.4813811,0
3853,122.2150781,207.4813811,0
3854,122.2150781,207.4813811,0
3855,122.2150781,207.4813811,0
3856,122.2150781,207.4813811,0
3857,122.2150781,207.4813811,0
3858,122.2150781,207.4813811,0
3859,122.2150781,207.4813811,0
3860,122.2150781,207.4813811,0
3861,122.2150781,207.4813811,0
3862,122.2150781,207.4813811,0
3863,122.2150781,207.4813811,0
3864,122.2150781,207.4813811,0
3865,122.2150781,207.4813811,0
3866,122.2150781,207.4813811,0
3867,122.2150781,207.4813811,0
3868,122.2150781,207.4813811,0
3869,122.2150781,207.4813811,0
3870,122.2150781,207.4813811,0
3871,122.2150781,207.4813811,0
3872,122.2150781,207.4813811,0
3873,122.2150781,207.4813811,0
3874,122.2150781,207.4813811,0
3875,122.2150781,207.4813811,0
3876,122.2150781,207.4813811,0
3877,122.2150781,207.4813811,0
3878,122.2150781,207.4813811,0
3879,122.2150781,207.4813811,0
3880,122.2150781,207.4813811,0
3881,122.2150781,207.4813811,0
3882,122.2150781,207.4813811,0
3883,122.2150781,207.4813811,0
3884,122.2150781,207.4813811,0
3885,122.2150781,207.4813811,0
3886,122.2150781,207.4813811,0
3887,122.2150781,207.4813811,0
3888,122.2150781,207.4813811,0
3889,122.2150781,207.4813811,0
3890,122.2150781,207.4813811,0
3891,122.2150781,207.4813811,0
3892,122.2150781,207.4813811,0
3893,122.2150781,207.4813811,0
3894,122.2150781,207.4813811,0
3895,122.2150781,207.4813811,0
3896,122.2150781,207.4813811,0
3897,122.2150781,207.4813811,0
3898,122.2150781,207.4813811,0
3899,122.2150781,207.4813811,0
3900,122.2150781,207.4813811,0
3901,122.2150781,207.4813811,0
3902,122.2150781,207.4813811,0
3903,122.2150781,207.4813811,0
3904,122.2150781,207.4813811,0
3905,122.2150781,207.4813811,0
3906,122.2150781,207.4813811,0
3907,122.2150781,207.4813811,0
3908,122.2150781,207.4813811,0
3909,122.2150781,207.4813811,0
3910,122.2150781,207.4813811,0
3911,122.2150781,207.4813811,0
3912,122.2150781,207.4813811,0
3913,122.2150781,207.4813811,0
3914,122.2150781,207.4813811,0
3915,122.2150781,207.4813811,0
3916,122.2150781,207.4813811,0
3917,122.2150781,207.4813811,0
3918,122.2150781,207.4813811,0
3919,122.2150781,207.4813811,0
3920,122.2150781,207.4813811,0
3921,122.2150781,207.4813811,0
3922,122.2150781,207.4813811,0
3923,122.2150781,207.4813811,0
3924,122.2150781,207.4813811,0
3925,122.2150781,207.4813811,0
3926,122.2150781,207.4813811,0
3927,122.2150781,207.4813811,0
3928,122.2150781,207.4813811,0
3929,122.2150781,207.4813811,0
3930,122.2150781,207.4813811,0
3931,122.2150781,207.4813811,0
3932,122.2150781,207.4813811,0
3933,122.2150781,207.4813811,0
3934,122.2150781,207.4813811,0
3935,122.2150781,207.4813811,0
3936,122.2150781,207.4813811,0
3937,122.2150781,207.4813811,0
3938,122.2150781,207.4813811,0
3939,122.2150781,207.4813811,0
3940,122.2150781,207.4813811,0
3941,122.2150781,207.4813811,0
3942,122.2150781,207.4813811,0
3943,122.2150781,207.4813811,0
3944,122.2150781,207.4813811,0
3945,122.2150781,207.4813811,0
3946,122.2150781,207.4813811,0
3947,122.2150781,207.4813811,0
3948,122.2150781,207.4813811,0
3949,122.2150781,207.4813811,0
3950,122.2150781,207.4813811,0
3951,122.2150781,207.4813811,0
3952,122.2150781,207.4813811,0
3953,122.2150781,207.4813811,0
3954,122.2150781,207.4813811,0
3955,122.2150781,207.4813811,0
3956,122.2150781,207.4813811,0
3957,122.2150781,207.4813811,0
3958,122.2150781,210.3235918,0
3959,122.2150781,210.3235918,0
3960,122.2150781,210.3235918,0
3961,122.2150781,210.3235918,0
3962,122.2150781,210.3235918,0
3963,122.2150781,210.3235918,0
3964,122.2150781,210.3235918,0
3965,122.2150781,210.3235918,0
3966,122.2150781,210.3235918,0
3967,122.2150781,210.3235918,0
3968,122.2150781,210.3235918,0
3969,122.2150781,210.3235918,0
3970,122.2150781,210.3235918,0
3971,122.2150781,210.3235918,0
3972,122.2150781,210.3235918,0
3973,122.2150781,210.3235918,0
3974,122.2150781,210.3235918,0
3975,122.2150781,210.3235918,0
3976,122.2150781,210.3235918,0
3977,122.2150781,210.3235918,0
3978,122.2150781,210.3235918,0
3979,122.2150781,210.3235918,0
3980,122.2150781,210.3235918,0
3981,122.2150781,210.3235918,0
3982,122.2150781,210.3235918,0
3983,122.2150781,210.3235918,0
3984,122.2150781,210.3235918,0
3985,122.2150781,210.3235918,0
3986,122.2150781,210.3235918,0
3987,122.2150781,210.3235918,0
3988,122.2150781,210.3235918,0
3989,122.2150781,210.3235918,0
3990,122.2150781,210.3235918,0
3991,122.2150781,210.3235918,0
3992,122.2150781,210.3235918,0
3993,122.2150781,210.3235918,0
3994,122.2150781,210.3235918,0
3995,122.2150781,210.3235918,0
3996,119.3728669,210.3235918,0
3997,119.3728669,210.3235918,0
3998,119.3728669,210.3235918,0
3999,116.5306559,210.3235918,0
4000,116.5306559,210.3235918,0
4001,116.5306559,210.3235918,0
4002,116.5306559,210.3235918,0
4003,116.5306559,210.3235918,0
4004,116.5306559,210.3235918,0
4005,119.372867,210.3235918,0
4006,119.372867,210.3235918,0
4007,119.372867,210.3235918,0
4008,119.372867,207.4813811,0
4009,119.372867,207.4813811,0
4010,119.372867,207.4813811,0
4011,119.372867,210.3235918,0
4012,119.372867,210.3235918,0
4013,119.372867,210.3235918,0
4014,119.372867,210.3235918,0
4015,119.372867,210.3235918,0
4016,119.372867,210.3235918,0
4017,119.372867,210.3235918,0
4018,119.372867,210.3235918,0
4019,119.372867,210.3235918,0
4020,119.372867,210.3235918,0
4021,119.372867,210.3235918,0
4022,119.372867,210.3235918,0
4023,119.372867,210.3235918,0
4024,119.372867,210.3235918,0
4025,119.372867,210.3235918,0
4026,119.372867,210.3235918,0
4027,119.372867,210.3235918,0
4028,119.372867,210.3235918,0
4029,119.372867,210.3235918,0
4030,119.372867,210.3235918,0
4031,119.372867,210.3235918,0
4032,119.372867,210.3235918,0
4033,119.372867,210.3235918,0
4034,119.372867,210.3235918,0
4035,119.372867,210.3235918,0
4036,119.372867,210.3235918,0
4037,119.372867,210.3235918,0
4038,119.372867,210.3235918,0
4039,119.372867,210.3235918,0
4040,119.372867,210.3235918,0
4041,119.372867,210.3235918,0
4042,119.372867,210.3235918,0
4043,119.372867,210.3235918,0
4044,119.372867,210.3235918,0
4045,119.372867,210.3235918,0
4046,119.372867,210.3235918,0
4047,119.372867,210.3235918,0
4048,119.372867,210.3235918,0
4049,119.372867,210.3235918,0
4050,119.372867,210.3235918,0
4051,119.372867,210.3235918,0
4052,119.372867,210.3235918,0
4053,119.372867,210.3235918,0
4054,119.372867,210.3235918,0
4055,119.372867,210.3235918,0
4056,119.372867,210.3235918,0
4057,119.372867,210.3235918,0
4058,119.372867,210.3235918,0
4059,119.372867,210.3235918,0
4060,119.372867,210.3235918,0
4061,119.372867,207.4813811,0
4062,119.372867,207.4813811,0
4063,119.372867,207.4813811,0
4064,119.372867,207.4813811,0
4065,119.372867,207.4813811,0
4066,119.372867,207.4813811,0
4067,119.372867,207.4813811,0
4068,119.372867,207.4813811,0
4069,119.372867,207.4813811,0
4070,119.372867,207.4813811,0
4071,119.372867,210.3235918,0
4072,119.372867,210.3235918,0
4073,119.372867,210.3235918,0
4074,119.372867,210.3235918,0
4075,119.372867,210.3235918,0
4076,119.372867,210.3235918,0
4077,119.372867,210.3235918,0
4078,119.372867,210.3235918,0
4079,119.372867,210.3235918,0
4080,119.372867,210.3235918,0
4081,119.372867,210.3235918,0
4082,119.372867,210.3235918,0
4083,119.372867,210.3235918,0
4084,119.372867,210.3235918,0
4085,119.372867,210.3235918,0
4086,119.372867,210.3235918,0
4087,119.372867,210.3235918,0
4088,119.372867,210.3235918,0
4089,119.372867,210.3235918,0
4090,119.372867,210.3235918,0
4091,119.372867,210.3235918,0
4092,119.372867,210.3235918,0
4093,119.372867,210.3235918,0
4094,119.372867,210.3235918,0
4095,119.372867,210.3235918,0
4096,119.372867,210.3235918,0
4097,119.372867,210.3235918,0
4098,119.372867,210.3235918,0
4099,119.372867,210.3235918,0
4100,119.372867,210.3235918,0
4101,119.372867,210.3235918,0
4102,119.372867,210.3235918,0
4103,119.372867,210.3235918,0
4104,119.372867,210.3235918,0
4105,119.372867,210.3235918,0
4106,119.372867,210.3235918,0
4107,119.372867,210.3235918,0
4108,119.372867,210.3235918,0
4109,119.372867,210.3235918,0
4110,119.372867,210.3235918,0
4111,119.372867,210.3235918,0
4112,119.372867,210.3235918,0
4113,119.372867,210.3235918,0
4114,119.372867,210.3235918,0
4115,119.372867,210.3235918,0
4116,119.372867,210.3235918,0
4117,119.372867,210.3235918,0
4118,119.372867,210.3235918,0
4119,119.372867,210.3235918,0
4120,119.372867,210.3235918,0
4121,119.372867,207.4813811,0
4122,119.372867,207.4813811,0
4123,119.372867,207.4813811,0
4124,119.372867,207.4813811,0
4125,119.372867,207.4813811,0
4126,119.372867,207.4813811,0
4127,119.372867,207.4813811,0
4128,119.372867,207.4813811,0
4129,119.3728669,207.4813811,0
4130,119.3728669,207.4813811,0
4131,119.3728669,207.4813811,0
4132,119.3728669,207.4813811,0
4133,119.3728669,207.4813811,0
4134,119.3728669,207.4813811,0
4135,119.3728669,207.4813811,0
4136,119.3728669,207.4813811,0
4137,119.3728669,207.4813811,0
4138,119.3728669,207.4813811,0
4139,119.3728669,207.4813811,0
4140,119.3728669,207.4813811,0
4141,119.3728669,207.4813811,0
4142,119.3728669,207.4813811,0
4143,119.372867,207.4813811,0
4144,119.372867,207.4813811,0
4145,119.372867,207.4813811,0
4146,119.372867,207.4813811,0
4147,119.372867,207.4813811,0
4148,119.372867,207.4813811,0
4149,119.372867,204.6391704,0
4150,119.372867,204.6391704,0
4151,119.372867,204.6391704,0
4152,119.372867,204.6391704,0
4153,119.372867,204.6391704,0
4154,119.372867,204.6391704,0
4155,119.372867,204.6391704,0
4156,119.372867,204.6391704,0
4157,119.372867,204.6391704,0
4158,119.372867,204.6391704,0
4159,119.372867,204.6391704,0
4160,119.372867,204.6391704,0
4161,119.372867,204.6391704,0
4162,119.372867,204.6391704,0
4163,119.372867,204.6391704,0
4164,119.372867,204.6391704,0
4165,119.372867,204.6391704,0
4166,119.372867,204.6391704,0
4167,119.372867,204.6391704,0
4168,119.372867,204.6391704,0
4169,119.372867,204.6391704,0
4170,119.372867,204.6391704,0
4171,119.372867,204.6391704,0
4172,122.2150781,204.6391704,0
4173,122.2150781,204.6391704,0
4174,122.2150781,204.6391704,0
4175,122.2150781,204.6391704,0
4176,122.2150781,204.6391704,0
4177,122.2150781,204.6391704,0
4178,122.2150781,204.6391704,0
4179,122.2150781,204.6391704,0
4180,122.2150781,207.4813811,0
4181,122.2150781,207.4813811,0
4182,122.2150781,207.4813811,0
4183,122.2150781,207.4813811,0
4184,122.2150781,207.4813811,0
4185,122.2150781,207.4813811,0
4186,122.2150781,207.4813811,0
4187,122.2150781,207.4813811,0
4188,122.2150781,207.4813811,0
4189,122.2150781,207.4813811,0
4190,122.2150781,207.4813811,0
4191,122.2150781,207.4813811,0
4192,122.2150781,207.4813811,0
4193,122.2150781,207.4813811,0
4194,122.2150781,207.4813811,0
4195,122.2150781,207.4813811,0
4196,122.2150781,207.4813811,0
4197,122.2150781,207.4813811,0
4198,122.2150781,207.4813811,0
4199,122.2150781,207.4813811,0
4200,122.2150781,207.4813811,0
4201,122.2150781,207.4813811,0
4202,122.2150781,207.4813811,0
4203,122.2150781,207.4813811,0
4204,122.2150781,207.4813811,0
4205,122.2150781,207.4813811,0
4206,122.2150781,207.4813811,0
4207,122.2150781,207.4813811,0
4208,122.2150781,207.4813811,0
4209,122.2150781,207.4813811,0
4210,122.2150781,207.4813811,0
4211,122.2150781,207.4813811,0
4212,122.2150781,207.4813811,0
4213,122.2150781,207.4813811,0
4214,122.2150781,207.4813811,0
4215,122.2150781,207.4813811,0
4216,122.2150781,207.4813811,0
4217,122.2150781,207.4813811,0
4218,122.2150781,207.4813811,0
4219,122.2150781,207.4813811,0
4220,122.2150781,207.4813811,0
4221,122.2150781,207.4813811,0
4222,119.372867,207.4813811,0
4223,119.372867,207.4813811,0
4224,119.372867,207.4813811,0
4225,122.2150781,207.4813811,0
4226,122.2150781,207.4813811,0
4227,122.2150781,207.4813811,0
4228,122.2150781,207.4813811,0
4229,122.2150781,207.4813811,0
4230,122.2150781,207.4813811,0
4231,122.2150781,207.4813811,0
4232,122.2150781,207.4813811,0
4233,122.2150781,207.4813811,0
4234,122.2150781,207.4813811,0
4235,122.2150781,207.4813811,0
4236,122.2150781,207.4813811,0
4237,122.2150781,207.4813811,0
4238,122.2150781,207.4813811,0
4239,122.2150781,207.4813811,0
4240,122.2150781,207.4813811,0
4241,122.2150781,207.4813811,0
4242,122.2150781,207.4813811,0
4243,122.2150781,207.4813811,0
4244,122.2150781,207.4813811,0
4245,122.2150781,207.4813811,0
4246,122.2150781,207.4813811,0
4247,122.2150781,207.4813811,0
4248,122.2150781,204.6391704,0
4249,122.2150781,204.6391704,0
4250,122.2150781,204.6391704,0
4251,122.2150781,204.6391704,0
4252,122.2150781,204.6391704,0
4253,122.2150781,210.3235918,0
4254,122.2150781,210.3235918,0
4255,122.2150781,210.3235918,0
4256,122.2150781,210.3235918,0
4257,122.2150781,210.3235918,0
4258,122.2150781,210.3235918,0
4259,122.2150781,210.3235918,0
4260,122.2150781,210.3235918,0
4261,122.2150781,210.3235918,0
4262,122.2150781,210.3235918,0
4263,122.2150781,210.3235918,0
4264,122.2150781,210.3235918,0
4265,122.2150781,210.3235918,0
4266,122.2150781,210.3235918,0
4267,122.2150781,210.3235918,0
4268,122.2150781,210.3235918,0
4269,122.2150781,210.3235918,0
4270,122.2150781,210.3235918,0
4271,122.2150781,210.3235918,0
4272,122.2150781,210.3235918,0
4273,122.2150781,210.3235918,0
4274,122.2150781,210.3235918,0
4275,116.5306558,210.3235918,0
4276,116.5306558,210.3235918,0
4277,116.5306558,210.3235918,0
4278,116.5306558,210.3235918,0
4279,116.5306558,210.3235918,0
4280,116.5306558,210.3235918,0
4281,116.5306558,210.3235918,0
4282,116.5306558,210.3235918,0
4283,116.5306558,210.3235918,0
4284,116.5306558,210.3235918,0
4285,116.5306558,210.3235918,0
4286,116.5306558,210.3235918,0
4287,116.5306558,210.3235918,0
4288,116.5306558,210.3235918,0
4289,119.372867,210.3235918,0
4290,119.372867,210.3235918,0
4291,119.372867,210.3235918,0
4292,119.372867,210.3235918,0
4293,119.372867,210.3235918,0
4294,119.372867,210.3235918,0
4295,119.372867,210.3235918,0
4296,119.372867,210.3235918,0
4297,119.372867,210.3235918,0
4298,119.372867,210.3235918,0
4299,119.372867,210.3235918,0
4300,119.372867,210.3235918,0
4301,119.372867,210.3235918,0
4302,119.372867,210.3235918,0
4303,119.372867,207.4813811,0
4304,119.372867,207.4813811,0
4305,119.372867,207.4813811,0
4306,119.372867,207.4813811,0
4307,119.372867,207.4813811,0
4308,119.372867,207.4813811,0
4309,119.372867,207.4813811,0
4310,119.372867,207.4813811,0
4311,119.372867,207.4813811,0
4312,119.372867,207.4813811,0
4313,119.372867,207.4813811,0
4314,119.372867,207.4813811,0
4315,119.372867,207.4813811,0
4316,119.372867,207.4813811,0
4317,119.372867,207.4813811,0
4318,119.372867,207.4813811,0
4319,119.372867,207.4813811,0
4320,119.372867,207.4813811,0
4321,119.372867,207.4813811,0
4322,119.372867,207.4813811,0
4323,119.372867,207.4813811,0
4324,119.372867,207.4813811,0
4325,119.372867,207.4813811,0
4326,119.372867,207.4813811,0
4327,119.372867,207.4813811,0
4328,119.372867,204.6391704,0
4329,119.372867,204.6391704,0
4330,119.372867,204.6391704,0
4331,119.372867,204.6391704,0
4332,119.372867,204.6391704,0
4333,119.372867,204.6391704,0
4334,119.372867,204.6391704,0
4335,119.372867,204.6391704,0
4336,119.372867,204.6391704,0
4337,119.372867,204.6391704,0
4338,119.372867,204.6391704,0
4339,119.372867,204.6391704,0
4340,119.372867,204.6391704,0
4341,119.372867,204.6391704,0
4342,119.372867,204.6391704,0
4343,119.372867,204.6391704,0
4344,119.372867,204.6391704,0
4345,119.372867,204.6391704,0
4346,119.372867,204.6391704,0
4347,119.372867,204.6391704,0
4348,119.372867,204.6391704,0
4349,119.372867,204.6391704,0
4350,119.372867,204.6391704,0
4351,119.3728669,204.6391704,0
4352,119.3728669,204.6391704,0
4353,119.3728669,204.6391704,0
4354,119.3728669,210.3235918,0
4355,119.3728669,210.3235918,0
4356,119.3728669,210.3235918,0
4357,119.3728669,210.3235918,0
4358,119.3728669,210.3235918,0
4359,119.3728669,210.3235918,0
4360,119.3728669,210.3235918,0
4361,119.3728669,210.3235918,0
4362,119.3728669,210.3235918,0
4363,119.3728669,210.3235918,0
4364,119.3728669,210.3235918,0
4365,119.3728669,210.3235918,0
4366,119.3728669,210.3235918,0
4367,119.3728669,210.3235918,0
4368,119.3728669,210.3235918,0
4369,119.3728669,210.3235918,0
4370,119.3728669,210.3235918,0
4371,119.3728669,210.3235918,0
4372,119.3728669,210.3235918,0
4373,119.3728669,210.3235918,0
4374,119.3728669,210.3235918,0
4375,119.3728669,210.3235918,0
4376,119.3728669,210.3235918,0
4377,119.3728669,210.3235918,0
4378,119.3728669,210.3235918,0
4379,119.3728669,210.3235918,0
4380,119.3728669,210.3235918,0
4381,119.3728669,210.3235918,0
4382,119.3728669,210.3235918,0
4383,119.3728669,210.3235918,0
4384,119.3728669,210.3235918,0
4385,119.3728669,210.3235918,0
4386,119.3728669,210.3235918,0
4387,119.3728669,210.3235918,0
4388,119.3728669,210.3235918,0
4389,119.3728669,210.3235918,0
4390,119.3728669,210.3235918,0
4391,119.3728669,210.3235918,0
4392,119.3728669,210.3235918,0
4393,119.3728669,210.3235918,0
4394,119.3728669,210.3235918,0
4395,119.3728669,210.3235918,0
4396,119.3728669,210.3235918,0
4397,119.3728669,210.3235918,0
4398,119.3728669,210.3235918,0
4399,119.3728669,210.3235918,0
4400,119.3728669,210.3235918,0
4401,116.5306559,210.3235918,0
4402,116.5306559,210.3235918,0
4403,116.5306559,210.3235918,0
4404,116.5306559,210.3235918,0
4405,116.5306559,210.3235918,0
4406,116.5306559,210.3235918,0
4407,116.5306559,210.3235918,0
4408,116.5306559,210.3235918,0
4409,116.5306559,210.3235918,0
4410,116.5306559,210.3235918,0
4411,116.5306559,210.3235918,0
4412,116.5306559,210.3235918,0
4413,116.5306559,210.3235918,0
4414,116.5306559,210.3235918,0
4415,116.5306559,210.3235918,0
4416,116.5306559,210.3235918,0
4417,116.5306559,210.3235918,0
4418,116.5306559,210.3235918,0
4419,116.5306559,210.3235918,0
4420,116.5306559,210.3235918,0
4421,116.5306559,210.3235918,0
4422,116.5306559,210.3235918,0
4423,116.5306559,210.3235918,0
4424,116.5306559,210.3235918,0
4425,116.5306559,210.3235918,0
4426,116.5306559,210.3235918,0
4427,116.5306559,210.3235918,0
4428,116.5306559,210.3235918,0
4429,116.5306559,210.3235918,0
4430,116.5306559,210.3235918,0
4431,116.5306559,210.3235918,0
4432,116.5306559,210.3235918,0
4433,116.5306559,210.3235918,0
4434,116.5306559,210.3235918,0
4435,116.5306559,210.3235918,0
4436,116.5306559,210.3235918,0
4437,116.5306559,210.3235918,0
4438,116.5306559,210.3235918,0
4439,116.5306559,210.3235918,0
4440,116.5306559,210.3235918,0
4441,116.5306559,210.3235918,0
4442,116.5306559,210.3235918,0
4443,116.5306559,210.3235918,0
4444,116.5306559,210.3235918,0
4445,116.5306559,210.3235918,0
4446,116.5306559,210.3235918,0
4447,116.5306559,210.3235918,0
4448,116.5306559,210.3235918,0
4449,116.5306559,210.3235918,0
4450,113.6884448,210.3235918,0
4451,113.6884447,207.4813811,0
4452,122.2150781,207.4813811,0
4453,122.2150781,207.4813811,0
4454,122.2150781,207.4813811,0
4455,122.2150781,207.4813811,0
4456,122.2150781,207.4813811,0
4457,122.2150781,207.4813811,0
4458,122.2150781,207.4813811,0
4459,122.2150781,207.4813811,0
4460,122.2150781,207.4813811,0
4461,122.2150781,207.4813811,0
4462,122.2150781,207.4813811,0
4463,122.2150781,207.4813811,0
4464,122.2150781,207.4813811,0
4465,122.2150781,207.4813811,0
4466,122.2150781,207.4813811,0
4467,122.2150781,207.4813811,0
4468,122.2150781,207.4813811,0
4469,122.2150781,207.4813811,0
4470,122.2150781,207.4813811,0
4471,122.2150781,207.4813811,0
4472,122.2150781,207.4813811,0
4473,122.2150781,207.4813811,0
4474,122.2150781,207.4813811,0
4475,122.2150781,207.4813811,0
4476,122.2150781,207.4813811,0
4477,122.2150781,207.4813811,0
4478,122.2150781,207.4813811,0
4479,122.2150781,207.4813811,0
4480,122.2150781,207.4813811,0
4481,122.2150781,207.4813811,0
4482,122.2150781,207.4813811,0
4483,122.2150781,207.4813811,0
4484,122.2150781,207.4813811,0
4485,122.2150781,207.4813811,0
4486,122.2150781,207.4813811,0
4487,122.2150781,207.4813811,0
4488,122.2150781,207.4813811,0
4489,122.2150781,207.4813811,0
4490,122.2150781,207.4813811,0
4491,122.2150781,207.4813811,0
4492,122.2150781,207.4813811,0
4493,122.2150781,207.4813811,0
4494,122.2150781,207.4813811,0
4495,122.2150781,207.4813811,0
4496,122.2150781,207.4813811,0
4497,122.2150781,207.4813811,0
4498,122.2150781,207.4813811,0
4499,122.2150781,207.4813811,0
4500,122.2150781,207.4813811,0
4501,122.2150781,207.4813811,0
4502,122.2150781,207.4813811,0
4503,122.2150781,207.4813811,0
4504,122.2150781,204.6391704,0
4505,122.2150781,204.6391704,0
4506,122.2150781,204.6391704,0
4507,122.2150781,207.4813811,0
4508,122.2150781,207.4813811,0
4509,122.2150781,207.4813811,0
4510,122.2150781,207.4813811,0
4511,122.2150781,207.4813811,0
4512,122.2150781,207.4813811,0
4513,122.2150781,207.4813811,0
4514,122.2150781,207.4813811,0
4515,122.2150781,207.4813811,0
4516,122.2150781,207.4813811,0
4517,122.2150781,207.4813811,0
4518,122.2150781,207.4813811,0
4519,122.2150781,207.4813811,0
4520,122.2150781,207.4813811,0
4521,122.2150781,210.3235918,0
4522,122.2150781,210.3235918,0
4523,122.2150781,210.3235918,0
4524,122.2150781,210.3235918,0
4525,122.2150781,210.3235918,0
4526,122.2150781,210.3235918,0
4527,122.2150781,210.3235918,0
4528,122.2150781,210.3235918,0
4529,122.2150781,210.3235918,0
4530,122.2150781,210.3235918,0
4531,122.2150781,210.3235918,0
4532,122.2150781,210.3235918,0
4533,122.2150781,210.3235918,0
4534,122.2150781,210.3235918,0
4535,122.2150781,210.3235918,0
4536,122.2150781,210.3235918,0
4537,122.2150781,210.3235918,0
4538,122.2150781,210.3235918,0
4539,122.2150781,210.3235918,0
4540,122.2150781,210.3235918,0
4541,122.2150781,210.3235918,0
4542,122.2150781,210.3235918,0
4543,122.2150781,210.3235918,0
4544,122.2150781,210.3235918,0
4545,122.2150781,210.3235918,0
4546,122.2150781,210.3235918,0
4547,122.2150781,210.3235918,0
4548,122.2150781,210.3235918,0
4549,122.2150781,210.3235918,0
4550,122.2150781,210.3235918,0
4551,122.2150781,210.3235918,0
4552,122.2150781,210.3235918,0
4553,119.372867,210.3235918,0
4554,119.372867,210.3235918,0
4555,119.372867,210.3235918,0
4556,119.372867,210.3235918,0
4557,119.372867,210.3235918,0
4558,119.372867,210.3235918,0
4559,119.372867,210.3235918,0
4560,119.372867,210.3235918,0
4561,119.372867,210.3235918,0
4562,119.372867,210.3235918,0
4563,119.372867,210.3235918,0
4564,119.372867,210.3235918,0
4565,119.372867,210.3235918,0
4566,119.372867,210.3235918,0
4567,119.372867,210.3235918,0
4568,119.372867,210.3235918,0
4569,119.372867,210.3235918,0
4570,119.372867,210.3235918,0
4571,119.372867,210.3235918,0
4572,119.372867,210.3235918,0
4573,119.372867,210.3235918,0
4574,119.372867,210.3235918,0
4575,119.372867,210.3235918,0
4576,119.372867,210.3235918,0
4577,119.372867,210.3235918,0
4578,119.372867,210.3235918,0
4579,119.372867,210.3235918,0
4580,119.372867,210.3235918,0
4581,119.372867,210.3235918,0
4582,119.372867,210.3235918,0
4583,119.372867,210.3235918,0
4584,119.372867,210.3235918,0
4585,119.372867,210.3235918,0
4586,119.372867,210.3235918,0
4587,119.372867,207.4813811,0
4588,119.372867,207.4813811,0
4589,119.372867,207.4813811,0
4590,119.372867,207.4813811,0
4591,119.372867,207.4813811,0
4592,119.372867,207.4813811,0
4593,119.372867,207.4813811,0
4594,119.372867,207.4813811,0
4595,119.372867,207.4813811,0
4596,119.372867,207.4813811,0
4597,119.372867,207.4813811,0
4598,119.372867,207.4813811,0
4599,119.372867,207.4813811,0
4600,119.372867,207.4813811,0
4601,119.372867,207.4813811,0
4602,119.372867,207.4813811,0
4603,119.372867,207.4813811,0
4604,119.372867,207.4813811,0
4605,119.372867,207.4813811,0
4606,119.372867,207.4813811,0
4607,119.372867,207.4813811,0
4608,119.372867,207.4813811,0
4609,119.372867,207.4813811,0
4610,119.372867,207.4813811,0
4611,119.372867,207.4813811,0
4612,119.372867,207.4813811,0
4613,119.372867,207.4813811,0
4614,119.372867,207.4813811,0
4615,119.372867,207.4813811,0
4616,119.372867,207.4813811,0
4617,119.372867,207.4813811,0
4618,119.372867,207.4813811,0
4619,119.372867,207.4813811,0
4620,119.372867,207.4813811,0
4621,119.372867,207.4813811,0
4622,119.372867,207.4813811,0
4623,119.372867,207.4813811,0
4624,119.372867,207.4813811,0
4625,119.372867,207.4813811,0
4626,119.372867,207.4813811,0
4627,119.372867,207.4813811,0
4628,119.372867,207.4813811,0
4629,119.372867,207.4813811,0
4630,119.372867,207.4813811,0
4631,119.372867,207.4813811,0
4632,119.372867,207.4813811,0
4633,119.372867,207.4813811,0
4634,119.372867,207.4813811,0
4635,119.372867,207.4813811,0
4636,119.372867,207.4813811,0
4637,119.372867,207.4813811,0
4638,119.372867,207.4813811,0
4639,119.372867,207.4813811,0
4640,119.372867,207.4813811,0
4641,119.372867,207.4813811,0
4642,119.372867,207.4813811,0
4643,119.372867,207.4813811,0
4644,119.372867,207.4813811,0
4645,119.372867,207.4813811,0
4646,119.372867,207.4813811,0
4647,116.5306559,207.4813811,0
4648,116.5306559,207.4813811,0
4649,116.5306559,207.4813811,0
4650,116.5306559,207.4813811,0
4651,116.5306559,207.4813811,0
4652,116.5306559,207.4813811,0
4653,116.5306559,207.4813811,0
4654,116.5306559,207.4813811,0
4655,116.5306559,207.4813811,0
4656,116.5306559,207.4813811,0
4657,116.5306559,207.4813811,0
4658,116.5306559,207.4813811,0
4659,116.5306559,207.4813811,0
4660,122.2150781,207.4813811,0
4661,122.2150781,207.4813811,0
4662,122.2150781,207.4813811,0
4663,122.2150781,207.4813811,0
4664,122.2150781,207.4813811,0
4665,122.2150781,207.4813811,0
4666,122.2150781,207.4813811,0
4667,122.2150781,207.4813811,0
4668,122.2150781,207.4813811,0
4669,122.2150781,207.4813811,0
4670,122.2150781,207.4813811,0
4671,122.2150781,207.4813811,0
4672,122.2150781,207.4813811,0
4673,122.2150781,207.4813811,0
4674,122.2150781,207.4813811,0
4675,122.2150781,207.4813811,0
4676,122.2150781,207.4813811,0
4677,122.2150781,207.4813811,0
4678,122.2150781,207.4813811,0
4679,122.2150781,207.4813811,0
4680,122.2150781,207.4813811,0
4681,122.2150781,207.4813811,0
4682,122.2150781,207.4813811,0
4683,122.2150781,207.4813811,0
4684,122.2150781,207.4813811,0
4685,122.2150781,207.4813811,0
4686,122.2150781,207.4813811,0
4687,122.2150781,207.4813811,0
4688,122.2150781,207.4813811,0
4689,122.2150781,207.4813811,0
4690,122.2150781,207.4813811,0
4691,122.2150781,207.4813811,0
4692,122.2150781,207.4813811,0
4693,122.2150781,207.4813811,0
4694,122.2150781,207.4813811,0
4695,122.2150781,207.4813811,0
4696,122.2150781,207.4813811,0
4697,122.2150781,207.4813811,0
4698,122.2150781,207.4813811,0
4699,122.2150781,207.4813811,0
4700,122.2150781,207.4813811,0
4701,122.2150781,207.4813811,0
4702,122.2150781,207.4813811,0
4703,122.2150781,207.4813811,0
4704,122.2150781,207.4813811,0
4705,122.2150781,207.4813811,0
4706,122.2150781,207.4813811,0
4707,122.2150781,207.4813811,0
4708,122.2150781,207.4813811,0
4709,122.2150781,207.4813811,0
4710,119.3728669,207.4813811,0
4711,119.3728669,207.4813811,0
4712,119.3728669,207.4813811,0
4713,119.3728669,207.4813811,0
4714,119.3728669,207.4813811,0
4715,119.3728669,207.4813811,0
4716,119.3728669,207.4813811,0
4717,119.3728669,207.4813811,0
4718,119.3728669,207.4813811,0
4719,119.3728669,207.4813811,0
4720,119.3728669,207.4813811,0
4721,119.372867,207.4813811,0
4722,119.372867,207.4813811,0
4723,119.372867,207.4813811,0
4724,119.372867,207.4813811,0
4725,119.372867,207.4813811,0
4726,119.372867,207.4813811,0
4727,119.372867,207.4813811,0
4728,119.372867,207.4813811,0
4729,119.372867,207.4813811,0
4730,119.372867,207.4813811,0
4731,119.372867,207.4813811,0
4732,119.372867,207.4813811,0
4733,119.372867,207.4813811,0
4734,119.372867,207.4813811,0
4735,119.372867,207.4813811,0
4736,119.372867,207.4813811,0
4737,119.372867,207.4813811,0
4738,119.372867,207.4813811,0
4739,119.372867,207.4813811,0
4740,119.372867,207.4813811,0
4741,119.372867,207.4813811,0
4742,119.372867,207.4813811,0
4743,119.372867,207.4813811,0
4744,119.372867,207.4813811,0
4745,119.372867,207.4813811,0
4746,119.372867,207.4813811,0
4747,119.372867,207.4813811,0
4748,119.372867,207.4813811,0
4749,119.372867,207.4813811,0
4750,119.372867,207.4813811,0
4751,119.372867,207.4813811,0
4752,119.372867,207.4813811,0
4753,119.372867,207.4813811,0
4754,119.372867,207.4813811,0
4755,119.372867,207.4813811,0
4756,119.372867,210.3235918,0
4757,119.372867,210.3235918,0
4758,119.372867,210.3235918,0
4759,119.372867,210.3235918,0
4760,119.372867,210.3235918,0
4761,119.372867,210.3235918,0
4762,119.372867,210.3235918,0
4763,119.372867,210.3235918,0
4764,119.372867,210.3235918,0
4765,119.372867,210.3235918,0
4766,119.372867,210.3235918,0
4767,119.372867,210.3235918,0
4768,119.372867,210.3235918,0
4769,119.372867,210.3235918,0
4770,119.372867,210.3235918,0
4771,119.372867,210.3235918,0
4772,119.372867,210.3235918,0
4773,119.372867,210.3235918,0
4774,119.372867,210.3235918,0
4775,119.372867,210.3235918,0
4776,119.372867,210.3235918,0
4777,119.372867,210.3235918,0
4778,119.372867,210.3235918,0
4779,119.372867,210.3235918,0
4780,119.372867,210.3235918,0
4781,119.372867,210.3235918,0
4782,119.372867,210.3235918,0
4783,119.372867,210.3235918,0
4784,119.372867,210.3235918,0
4785,119.372867,210.3235918,0
4786,119.372867,210.3235918,0
4787,119.372867,210.3235918,0
4788,119.372867,210.3235918,0
4789,119.372867,210.3235918,0
4790,119.372867,210.3235918,0
4791,119.372867,210.3235918,0
4792,119.372867,210.3235918,0
4793,119.372867,210.3235918,0
4794,119.372867,210.3235918,0
4795,119.372867,210.3235918,0
4796,119.372867,210.3235918,0
4797,119.372867,210.3235918,0
4798,119.372867,210.3235918,0
4799,119.372867,210.3235918,0
4800,119.372867,210.3235918,0
4801,119.372867,210.3235918,0
4802,119.372867,210.3235918,0
4803,119.372867,210.3235918,0
4804,119.372867,210.3235918,0
4805,119.372867,210.3235918,0
4806,119.372867,207.4813811,0
4807,119.372867,207.4813811,0
4808,119.372867,207.4813811,0
4809,119.372867,207.4813811,0
4810,119.372867,207.4813811,0
4811,119.372867,207.4813811,0
4812,119.372867,207.4813811,0
4813,119.372867,207.4813811,0
4814,119.372867,207.4813811,0
4815,119.372867,207.4813811,0
4816,119.372867,207.4813811,0
4817,119.372867,207.4813811,0
4818,119.372867,207.4813811,0
4819,119.372867,207.4813811,0
4820,119.372867,207.4813811,0
4821,119.372867,207.4813811,0
4822,119.372867,207.4813811,0
4823,119.372867,207.4813811,0
4824,119.372867,207.4813811,0
4825,119.372867,207.4813811,0
4826,119.372867,207.4813811,0
4827,119.372867,207.4813811,0
4828,119.372867,207.4813811,0
4829,119.372867,207.4813811,0
4830,119.372867,207.4813811,0
4831,119.372867,207.4813811,0
4832,119.372867,207.4813811,0
4833,119.372867,207.4813811,0
4834,119.372867,207.4813811,0
4835,119.372867,207.4813811,0
4836,119.372867,207.4813811,0
4837,119.372867,207.4813811,0
4838,119.372867,207.4813811,0
4839,119.372867,207.4813811,0
4840,119.372867,207.4813811,0
4841,119.372867,207.4813811,0
4842,119.372867,207.4813811,0
4843,119.372867,207.4813811,0
4844,119.372867,207.4813811,0
4845,119.372867,207.4813811,0
4846,119.372867,207.4813811,0
4847,119.372867,207.4813811,0
4848,119.372867,207.4813811,0
4849,119.372867,207.4813811,0
4850,119.372867,207.4813811,0
4851,119.372867,207.4813811,0
4852,119.372867,207.4813811,0
4853,119.372867,207.4813811,0
4854,119.372867,207.4813811,0
4855,119.372867,207.4813811,0
4856,119.372867,207.4813811,0
4857,119.372867,207.4813811,0
4858,119.372867,207.4813811,0
4859,119.372867,207.4813811,0
4860,119.372867,207.4813811,0
4861,119.372867,207.4813811,0
4862,122.2150781,207.4813811,0
4863,122.2150781,207.4813811,0
4864,122.2150781,207.4813811,0
4865,122.2150781,207.4813811,0
4866,122.2150781,207.4813811,0
4867,122.2150781,207.4813811,0
4868,122.2150781,207.4813811,0
4869,122.2150781,207.4813811,0
4870,122.2150781,207.4813811,0
4871,122.2150781,207.4813811,0
4872,122.2150781,207.4813811,0
4873,122.2150781,207.4813811,0
4874,122.2150781,207.4813811,0
4875,122.2150781,207.4813811,0
4876,122.2150781,207.4813811,0
4877,122.2150781,207.4813811,0
4878,122.2150781,207.4813811,0
4879,122.2150781,207.4813811,0
4880,122.2150781,207.4813811,0
4881,122.2150781,207.4813811,0
4882,122.2150781,207.4813811,0
4883,122.2150781,207.4813811,0
4884,122.2150781,207.4813811,0
4885,122.2150781,207.4813811,0
4886,122.2150781,207.4813811,0
4887,122.2150781,207.4813811,0
4888,122.2150781,207.4813811,0
4889,122.2150781,207.4813811,0
4890,122.2150781,207.4813811,0
4891,122.2150781,207.4813811,0
4892,122.2150781,207.4813811,0
4893,122.2150781,207.4813811,0
4894,122.2150781,207.4813811,0
4895,122.2150781,207.4813811,0
4896,122.2150781,207.4813811,0
4897,122.2150781,207.4813811,0
4898,122.2150781,207.4813811,0
4899,122.2150781,207.4813811,0
4900,122.2150781,207.4813811,0
4901,122.2150781,207.4813811,0
4902,122.2150781,207.4813811,0
4903,122.2150781,207.4813811,0
4904,122.2150781,207.4813811,0
4905,122.2150781,207.4813811,0
4906,122.2150781,207.4813811,0
4907,122.2150781,207.4813811,0
4908,122.2150781,207.4813811,0
4909,122.2150781,207.4813811,0
4910,122.2150781,207.4813811,0
4911,122.2150781,207.4813811,0
4912,119.372867,207.4813811,0
4913,119.372867,207.4813811,0
4914,119.372867,207.4813811,0
4915,119.372867,207.4813811,0
4916,119.372867,207.4813811,0
4917,119.372867,207.4813811,0
4918,119.372867,207.4813811,0
4919,119.372867,207.4813811,0
4920,119.372867,207.4813811,0
4921,119.372867,207.4813811,0
4922,119.372867,207.4813811,0
4923,119.372867,207.4813811,0
4924,119.372867,207.4813811,0
4925,119.372867,207.4813811,0
4926,119.372867,207.4813811,0
4927,119.372867,207.4813811,0
4928,119.372867,207.4813811,0
4929,119.372867,207.4813811,0
4930,119.372867,207.4813811,0
4931,119.372867,207.4813811,0
4932,119.372867,207.4813811,0
4933,119.372867,207.4813811,0
4934,119.372867,207.4813811,0
4935,119.372867,207.4813811,0
4936,119.372867,207.4813811,0
4937,119.372867,207.4813811,0
4938,119.372867,207.4813811,0
4939,119.372867,207.4813811,0
4940,119.372867,207.4813811,0
4941,119.372867,207.4813811,0
4942,119.372867,207.4813811,0
4943,119.372867,207.4813811,0
4944,119.372867,207.4813811,0
4945,119.372867,207.4813811,0
4946,119.372867,207.4813811,0
4947,119.372867,207.4813811,0
4948,119.372867,207.4813811,0
4949,119.372867,207.4813811,0
4950,119.372867,207.4813811,0
4951,119.372867,207.4813811,0
4952,119.372867,207.4813811,0
4953,119.3728669,207.4813811,0
4954,119.3728669,207.4813811,0
4955,119.3728669,207.4813811,0
4956,119.3728669,207.4813811,0
4957,119.3728669,207.4813811,0
4958,119.3728669,207.4813811,0
4959,119.3728669,207.4813811,0
4960,119.3728669,207.4813811,0
4961,119.3728669,207.4813811,0
4962,119.3728669,207.4813811,0
4963,119.3728669,207.4813811,0
4964,119.3728669,207.4813811,0
4965,119.3728669,207.4813811,0
4966,119.3728669,207.4813811,0
4967,119.3728669,207.4813811,0
4968,119.3728669,207.4813811,0
4969,119.3728669,207.4813811,0
4970,119.3728669,207.4813811,0
4971,119.3728669,207.4813811,0
4972,119.3728669,207.4813811,0
4973,119.3728669,207.4813811,0
4974,119.3728669,207.4813811,0
4975,119.3728669,207.4813811,0
4976,119.3728669,207.4813811,0
4977,119.3728669,207.4813811,0
4978,119.3728669,207.4813811,0
4979,116.5306558,207.4813811,0
4980,116.5306558,207.4813811,0
4981,116.5306558,207.4813811,0
4982,116.5306558,207.4813811,0
4983,116.5306558,207.4813811,0
4984,116.5306558,207.4813811,0
4985,116.5306558,207.4813811,0
4986,116.5306558,207.4813811,0
4987,116.5306558,207.4813811,0
4988,116.5306558,207.4813811,0
4989,116.5306558,207.4813811,0
4990,116.5306558,207.4813811,0
4991,116.5306558,207.4813811,0
4992,116.5306558,207.4813811,0
4993,116.5306558,207.4813811,0
4994,116.5306558,207.4813811,0
4995,116.5306558,207.4813811,0
4996,116.5306558,207.4813811,0
4997,116.5306558,207.4813811,0
4998,116.5306558,207.4813811,0
4999,116.5306558,207.4813811,0
5000,116.5306558,207.4813811,0
5001,116.5306558,207.4813811,0
5002,116.5306558,207.4813811,0
5003,116.5306558,207.4813811,0
5004,116.5306558,207.4813811,0
5005,116.5306558,207.4813811,0
5006,116.5306558,207.4813811,0
5007,116.5306559,207.4813811,0
5008,116.5306559,207.4813811,0
5009,116.5306559,207.4813811,0
5010,116.5306559,207.4813811,0
5011,116.5306559,207.4813811,0
5012,116.5306559,207.4813811,0
5013,116.5306559,207.4813811,0
5014,116.5306559,207.4813811,0
5015,116.5306559,207.4813811,0
5016,116.5306559,207.4813811,0
5017,116.5306559,207.4813811,0
5018,116.5306559,207.4813811,0
5019,116.5306559,207.4813811,0
5020,116.5306559,207.4813811,0
5021,116.5306559,207.4813811,0
5022,116.5306559,207.4813811,0
5023,116.5306559,207.4813811,0
5024,116.5306559,207.4813811,0
5025,116.5306559,207.4813811,0
5026,116.5306559,207.4813811,0
5027,116.5306559,207.4813811,0
5028,116.5306559,207.4813811,0
5029,116.5306559,207.4813811,0
5030,116.5306559,207.4813811,0
5031,116.5306559,207.4813811,0
5032,116.5306559,207.4813811,0
5033,116.5306559,207.4813811,0
5034,116.5306559,207.4813811,0
5035,116.5306559,207.4813811,0
5036,116.5306559,207.4813811,0
5037,116.5306559,207.4813811,0
5038,116.5306559,207.4813811,0
5039,116.5306559,207.4813811,0
5040,116.5306559,207.4813811,0
5041,116.5306559,207.4813811,0
5042,116.5306559,207.4813811,0
5043,116.5306559,207.4813811,0
5044,116.5306559,207.4813811,0
5045,116.5306559,207.4813811,0
5046,116.5306559,207.4813811,0
5047,116.5306559,207.4813811,0
5048,116.5306559,207.4813811,0
5049,116.5306559,207.4813811,0
5050,116.5306559,207.4813811,0
5051,116.5306559,207.4813811,0
5052,116.5306559,207.4813811,0
5053,119.372867,207.4813811,0
5054,119.372867,207.4813811,0
5055,119.372867,207.4813811,0
5056,119.372867,207.4813811,0
5057,119.372867,207.4813811,0
5058,119.372867,207.4813811,0
5059,119.372867,207.4813811,0
5060,119.372867,207.4813811,0
5061,119.372867,207.4813811,0
5062,119.372867,207.4813811,0
5063,119.372867,207.4813811,0
5064,119.372867,207.4813811,0
5065,119.372867,207.4813811,0
5066,119.372867,207.4813811,0
5067,119.372867,207.4813811,0
5068,119.372867,207.4813811,0
5069,119.372867,207.4813811,0
5070,119.372867,207.4813811,0
5071,119.372867,207.4813811,0
5072,119.372867,207.4813811,0
5073,119.372867,207.4813811,0
5074,119.372867,207.4813811,0
5075,119.372867,207.4813811,0
5076,119.372867,207.4813811,0
5077,119.372867,207.4813811,0
5078,119.372867,207.4813811,0
5079,119.372867,207.4813811,0
5080,119.372867,207.4813811,0
5081,119.372867,207.4813811,0
5082,119.372867,207.4813811,0
5083,119.372867,207.4813811,0
5084,119.372867,207.4813811,0
5085,119.372867,207.4813811,0
5086,119.372867,207.4813811,0
5087,119.372867,207.4813811,0
5088,119.372867,207.4813811,0
5089,119.372867,207.4813811,0
5090,119.372867,207.4813811,0
5091,119.372867,207.4813811,0
5092,119.372867,207.4813811,0
5093,119.372867,207.4813811,0
5094,119.372867,207.4813811,0
5095,119.372867,207.4813811,0
5096,119.372867,207.4813811,0
5097,119.372867,207.4813811,0
5098,119.372867,207.4813811,0
5099,119.372867,207.4813811,0
5100,119.372867,207.4813811,0
5101,119.372867,207.4813811,0
5102,119.372867,207.4813811,0
5103,116.5306559,207.4813811,0
5104,116.5306559,207.4813811,0
5105,116.5306559,207.4813811,0
5106,116.5306559,207.4813811,0
5107,116.5306559,207.4813811,0
5108,116.5306559,207.4813811,0
5109,116.5306559,207.4813811,0
5110,116.5306559,207.4813811,0
5111,116.5306559,207.4813811,0
5112,116.5306559,207.4813811,0
5113,116.5306559,207.4813811,0
5114,116.5306559,207.4813811,0
5115,116.5306559,207.4813811,0
5116,116.5306559,207.4813811,0
5117,116.5306559,207.4813811,0
5118,116.5306559,207.4813811,0
5119,116.5306559,207.4813811,0
5120,116.5306559,207.4813811,0
5121,116.5306559,207.4813811,0
5122,116.5306559,207.4813811,0
5123,116.5306559,207.4813811,0
5124,116.5306559,207.4813811,0
5125,116.5306559,207.4813811,0
5126,116.5306559,207.4813811,0
5127,116.5306559,207.4813811,0
5128,116.5306559,207.4813811,0
5129,116.5306559,207.4813811,0
5130,116.5306559,207.4813811,0
5131,116.5306559,207.4813811,0
5132,116.5306559,207.4813811,0
5133,116.5306559,207.4813811,0
5134,116.5306559,207.4813811,0
5135,116.5306559,207.4813811,0
5136,116.5306559,207.4813811,0
5137,116.5306559,207.4813811,0
5138,116.5306559,207.4813811,0
5139,116.5306558,207.4813811,0
5140,116.5306558,207.4813811,0
5141,116.5306558,207.4813811,0
5142,116.5306558,207.4813811,0
5143,116.5306558,207.4813811,0
5144,116.5306558,207.4813811,0
5145,119.372867,207.4813811,0
5146,119.372867,207.4813811,0
5147,119.372867,207.4813811,0
5148,119.372867,207.4813811,0
5149,119.372867,207.4813811,0
5150,119.372867,207.4813811,0
5151,119.372867,207.4813811,0
5152,119.372867,207.4813811,0
5153,119.372867,207.4813811,0
5154,119.372867,207.4813811,0
5155,119.372867,207.4813811,0
5156,119.372867,207.4813811,0
5157,119.372867,207.4813811,0
5158,119.372867,207.4813811,0
5159,119.372867,207.4813811,0
5160,119.372867,207.4813811,0
5161,119.372867,207.4813811,0
5162,119.372867,207.4813811,0
5163,119.372867,207.4813811,0
5164,119.372867,207.4813811,0
5165,119.372867,207.4813811,0
5166,119.372867,207.4813811,0
5167,119.372867,207.4813811,0
5168,119.372867,207.4813811,0
5169,119.372867,207.4813811,0
5170,119.372867,207.4813811,0
5171,119.372867,207.4813811,0
5172,119.372867,207.4813811,0
5173,119.372867,207.4813811,0
5174,119.372867,207.4813811,0
5175,119.372867,207.4813811,0
5176,119.372867,207.4813811,0
5177,119.372867,207.4813811,0
5178,119.372867,207.4813811,0
5179,119.372867,207.4813811,0
5180,119.372867,207.4813811,0
5181,119.372867,210.3235918,0
5182,119.372867,210.3235918,0
5183,119.372867,210.3235918,0
5184,119.372867,210.3235918,0
5185,119.372867,210.3235918,0
5186,119.372867,210.3235918,0
5187,119.372867,210.3235918,0
5188,119.372867,210.3235918,0
5189,119.372867,210.3235918,0
5190,119.372867,210.3235918,0
5191,119.372867,210.3235918,0
5192,119.372867,210.3235918,0
5193,119.372867,210.3235918,0
5194,119.372867,210.3235918,0
5195,116.5306559,210.3235918,0
5196,116.5306559,210.3235918,0
5197,116.5306559,210.3235918,0
5198,116.5306559,210.3235918,0
5199,116.5306559,210.3235918,0
5200,116.5306559,210.3235918,0
5201,116.5306559,210.3235918,0
5202,116.5306559,210.3235918,0
5203,116.5306559,210.3235918,0
5204,116.5306559,210.3235918,0
5205,116.5306559,210.3235918,0
5206,116.5306559,210.3235918,0
5207,116.5306559,210.3235918,0
5208,116.5306559,210.3235918,0
5209,116.5306559,210.3235918,0
5210,116.5306559,210.3235918,0
5211,116.5306559,210.3235918,0
5212,116.5306559,210.3235918,0
5213,116.5306559,210.3235918,0
5214,116.5306559,210.3235918,0
5215,116.5306559,210.3235918,0
5216,116.5306559,210.3235918,0
5217,116.5306559,210.3235918,0
5218,116.5306559,210.3235918,0
5219,116.5306559,210.3235918,0
5220,116.5306559,210.3235918,0
5221,116.5306559,210.3235918,0
5222,116.5306559,210.3235918,0
5223,116.5306559,210.3235918,0
5224,116.5306559,210.3235918,0
5225,116.5306559,210.3235918,0
5226,116.5306559,210.3235918,0
5227,116.5306559,210.3235918,0
5228,119.3728669,210.3235918,0
5229,119.3728669,210.3235918,0
5230,119.3728669,210.3235918,0
5231,119.3728669,207.4813811,0
5232,119.3728669,207.4813811,0
5233,119.3728669,207.4813811,0
5234,119.3728669,207.4813811,0
5235,119.3728669,207.4813811,0
5236,119.3728669,207.4813811,0
5237,119.3728669,207.4813811,0
5238,119.3728669,207.4813811,0
5239,119.3728669,207.4813811,0
5240,119.3728669,207.4813811,0
5241,119.3728669,207.4813811,0
5242,119.3728669,207.4813811,0
5243,119.3728669,207.4813811,0
5244,119.3728669,207.4813811,0
5245,119.3728669,207.4813811,0
5246,119.3728669,207.4813811,0
5247,119.3728669,207.4813811,0
5248,119.3728669,207.4813811,0
5249,119.3728669,207.4813811,0
5250,119.3728669,207.4813811,0
5251,119.3728669,207.4813811,0
5252,119.3728669,207.4813811,0
5253,119.3728669,210.3235918,0
5254,119.3728669,210.3235918,0
5255,119.3728669,210.3235918,0
5256,119.3728669,210.3235918,0
5257,119.3728669,210.3235918,0
5258,119.3728669,210.3235918,0
5259,119.3728669,210.3235918,0
5260,119.3728669,210.3235918,0
5261,119.3728669,210.3235918,0
5262,119.3728669,210.3235918,0
5263,119.3728669,210.3235918,0
5264,119.3728669,210.3235918,0
5265,119.3728669,210.3235918,0
5266,119.3728669,210.3235918,0
5267,119.3728669,210.3235918,0
5268,119.3728669,210.3235918,0
5269,119.3728669,210.3235918,0
5270,119.3728669,210.3235918,0
5271,119.3728669,210.3235918,0
5272,119.3728669,210.3235918,0
5273,119.3728669,210.3235918,0
5274,119.3728669,210.3235918,0
5275,119.3728669,210.3235918,0
5276,119.3728669,210.3235918,0
5277,119.3728669,210.3235918,0
5278,116.5306559,210.3235918,0
5279,116.5306559,210.3235918,0
5280,116.5306559,210.3235918,0
5281,116.5306559,210.3235918,0
5282,116.5306559,210.3235918,0
5283,116.5306559,210.3235918,0
5284,116.5306559,210.3235918,0
5285,116.5306559,210.3235918,0
5286,116.5306558,210.3235918,0
5287,116.5306558,210.3235918,0
5288,116.5306558,210.3235918,0
5289,116.5306559,210.3235918,0
5290,116.5306559,210.3235918,0
5291,116.5306559,210.3235918,0
5292,116.5306559,210.3235918,0
5293,116.5306559,210.3235918,0
5294,116.5306559,210.3235918,0
5295,116.5306559,210.3235918,0
5296,116.5306559,210.3235918,0
5297,116.5306559,210.3235918,0
5298,116.5306559,210.3235918,0
5299,116.5306559,210.3235918,0
5300,116.5306559,210.3235918,0
5301,116.5306559,210.3235918,0
5302,116.5306559,210.3235918,0
5303,116.5306559,207.4813811,0
5304,116.5306559,207.4813811,0
5305,116.5306559,207.4813811,0
5306,116.5306559,207.4813811,0
5307,116.5306559,207.4813811,0
5308,116.5306559,207.4813811,0
5309,116.5306559,207.4813811,0
5310,116.5306559,207.4813811,0
5311,116.5306559,207.4813811,0
5312,116.5306559,207.4813811,0
5313,116.5306559,207.4813811,0
5314,116.5306559,207.4813811,0
5315,116.5306559,207.4813811,0
5316,116.5306559,207.4813811,0
5317,116.5306559,207.4813811,0
5318,116.5306559,207.4813811,0
5319,116.5306559,207.4813811,0
5320,116.5306559,207.4813811,0
5321,116.5306559,207.4813811,0
5322,116.5306559,207.4813811,0
5323,116.5306559,207.4813811,0
5324,116.5306559,207.4813811,0
5325,116.5306559,207.4813811,0
5326,116.5306559,207.4813811,0
5327,116.5306559,207.4813811,0
5328,116.5306559,207.4813811,0
5329,116.5306559,207.4813811,0
5330,116.5306559,207.4813811,0
5331,116.5306559,207.4813811,0
5332,116.5306559,207.4813811,0
5333,116.5306559,207.4813811,0
5334,116.5306559,207.4813811,0
5335,116.5306559,207.4813811,0
5336,119.372867,207.4813811,0
5337,119.372867,207.4813811,0
5338,119.372867,207.4813811,0
5339,119.372867,207.4813811,0
5340,119.372867,207.4813811,0
5341,119.372867,207.4813811,0
5342,119.372867,207.4813811,0
5343,119.372867,207.4813811,0
5344,119.372867,207.4813811,0
5345,119.372867,207.4813811,0
5346,119.372867,207.4813811,0
5347,119.372867,207.4813811,0
5348,119.372867,207.4813811,0
5349,119.372867,207.4813811,0
5350,119.372867,207.4813811,0
5351,119.372867,207.4813811,0
5352,119.372867,207.4813811,0
5353,119.372867,207.4813811,0
5354,119.372867,207.4813811,0
5355,119.372867,207.4813811,0
5356,119.372867,207.4813811,0
5357,119.372867,207.4813811,0
5358,119.372867,207.4813811,0
5359,119.372867,207.4813811,0
5360,119.372867,207.4813811,0
5361,119.372867,207.4813811,0
5362,119.372867,207.4813811,0
5363,119.372867,207.4813811,0
5364,119.372867,207.4813811,0
5365,119.372867,207.4813811,0
5366,119.372867,207.4813811,0
5367,119.372867,207.4813811,0
5368,119.372867,207.4813811,0
5369,119.372867,207.4813811,0
5370,119.372867,207.4813811,0
5371,119.372867,207.4813811,0
5372,119.372867,207.4813811,0
5373,119.372867,207.4813811,0
5374,119.372867,207.4813811,0
5375,119.372867,207.4813811,0
5376,119.372867,207.4813811,0
5377,119.372867,207.4813811,0
5378,119.372867,207.4813811,0
5379,119.372867,207.4813811,0
5380,119.372867,207.4813811,0
5381,119.372867,207.4813811,0
5382,119.372867,207.4813811,0
5383,119.372867,207.4813811,0
5384,119.372867,207.4813811,0
5385,119.372867,207.4813811,0
5386,119.372867,207.4813811,0
5387,119.372867,207.4813811,0
5388,119.372867,207.4813811,0
5389,119.372867,207.4813811,0
5390,119.372867,207.4813811,0
5391,119.372867,207.4813811,0
5392,119.372867,207.4813811,0
5393,119.372867,207.4813811,0
5394,119.372867,207.4813811,0
5395,119.372867,207.4813811,0
5396,119.372867,207.4813811,0
5397,119.372867,207.4813811,0
5398,119.372867,207.4813811,0
5399,119.372867,207.4813811,0
5400,119.372867,207.4813811,0
5401,119.372867,207.4813811,0
5402,119.372867,207.4813811,0
5403,119.372867,207.4813811,0
5404,119.372867,207.4813811,0
5405,119.372867,207.4813811,0
5406,119.372867,207.4813811,0
5407,119.372867,207.4813811,0
5408,119.372867,207.4813811,0
5409,119.372867,207.4813811,0
5410,119.372867,207.4813811,0
5411,119.372867,207.4813811,0
5412,119.372867,207.4813811,0
5413,119.372867,207.4813811,0
5414,119.372867,207.4813811,0
5415,119.372867,207.4813811,0
5416,119.372867,207.4813811,0
5417,119.372867,207.4813811,0
5418,119.372867,207.4813811,0
5419,119.372867,207.4813811,0
5420,119.372867,207.4813811,0
5421,119.372867,207.4813811,0
5422,119.372867,207.4813811,0
5423,119.372867,207.4813811,0
5424,119.372867,207.4813811,0
5425,119.372867,207.4813811,0
5426,119.372867,207.4813811,0
5427,119.372867,207.4813811,0
5428,119.372867,207.4813811,0
5429,119.372867,207.4813811,0
5430,119.372867,207.4813811,0
5431,119.372867,207.4813811,0
5432,119.372867,207.4813811,0
5433,119.372867,207.4813811,0
5434,119.372867,207.4813811,0
5435,119.372867,207.4813811,0
5436,119.372867,207.4813811,0
5437,119.372867,207.4813811,0
5438,119.372867,207.4813811,0
5439,119.372867,207.4813811,0
5440,119.3728669,207.4813811,0
5441,119.3728669,207.4813811,0
5442,119.3728669,207.4813811,0
5443,119.3728669,207.4813811,0
5444,119.3728669,207.4813811,0
5445,119.3728669,207.4813811,0
5446,119.3728669,207.4813811,0
5447,119.3728669,207.4813811,0
5448,116.5306559,207.4813811,0
5449,116.5306559,207.4813811,0
5450,116.5306559,207.4813811,0
5451,116.5306559,207.4813811,0
5452,116.5306559,207.4813811,0
5453,116.5306559,207.4813811,0
5454,116.5306559,207.4813811,0
5455,116.5306559,207.4813811,0
5456,116.5306559,207.4813811,0
5457,116.5306559,207.4813811,0
5458,116.5306559,207.4813811,0
5459,116.5306559,207.4813811,0
5460,116.5306559,207.4813811,0
5461,116.5306559,207.4813811,0
5462,116.5306559,207.4813811,0
5463,116.5306559,207.4813811,0
5464,116.5306559,207.4813811,0
5465,116.5306559,207.4813811,0
5466,116.5306559,207.4813811,0
5467,116.5306559,207.4813811,0
5468,116.5306559,207.4813811,0
5469,116.5306559,207.4813811,0
5470,116.5306559,207.4813811,0
5471,116.5306559,207.4813811,0
5472,116.5306559,207.4813811,0
5473,116.5306559,207.4813811,0
5474,116.5306559,207.4813811,0
5475,116.5306559,207.4813811,0
5476,116.5306559,207.4813811,0
5477,116.5306559,207.4813811,0
5478,119.3728669,207.4813811,0
5479,119.3728669,207.4813811,0
5480,119.3728669,207.4813811,0
5481,119.3728669,207.4813811,0
5482,119.3728669,207.4813811,0
5483,119.3728669,207.4813811,0
5484,119.3728669,207.4813811,0
5485,119.3728669,207.4813811,0
5486,119.3728669,207.4813811,0
5487,119.3728669,207.4813811,0
5488,119.3728669,207.4813811,0
5489,119.3728669,207.4813811,0
5490,119.3728669,207.4813811,0
5491,119.3728669,204.6391704,0
5492,119.3728669,204.6391704,0
5493,119.3728669,204.6391704,0
5494,119.3728669,204.6391704,0
5495,119.3728669,204.6391704,0
5496,119.3728669,204.6391704,0
5497,119.3728669,204.6391704,0
5498,119.3728669,204.6391704,0
5499,119.3728669,204.6391704,0
5500,119.3728669,207.4813811,0
5501,119.3728669,207.4813811,0
5502,119.3728669,207.4813811,0
5503,119.3728669,207.4813811,0
5504,119.3728669,207.4813811,0
5505,119.3728669,207.4813811,0
5506,119.3728669,207.4813811,0
5507,119.3728669,207.4813811,0
5508,119.3728669,207.4813811,0
5509,119.3728669,207.4813811,0
5510,119.3728669,207.4813811,0
5511,119.3728669,207.4813811,0
5512,119.3728669,207.4813811,0
5513,119.3728669,207.4813811,0
5514,119.3728669,207.4813811,0
5515,119.3728669,207.4813811,0
5516,119.3728669,207.4813811,0
5517,119.3728669,207.4813811,0
5518,119.3728669,207.4813811,0
5519,119.3728669,207.4813811,0
5520,119.3728669,207.4813811,0
5521,119.3728669,207.4813811,0
5522,119.3728669,207.4813811,0
5523,119.3728669,207.4813811,0
5524,119.3728669,207.4813811,0
5525,119.3728669,207.4813811,0
5526,119.3728669,207.4813811,0
5527,119.3728669,207.4813811,0
5528,119.3728669,207.4813811,0
5529,119.3728669,207.4813811,0
5530,119.3728669,207.4813811,0
5531,119.3728669,207.4813811,0
5532,119.3728669,207.4813811,0
5533,119.3728669,207.4813811,0
5534,119.3728669,207.4813811,0
5535,119.3728669,207.4813811,0
5536,119.3728669,207.4813811,0
5537,119.3728669,207.4813811,0
5538,119.3728669,207.4813811,0
5539,119.3728669,207.4813811,0
5540,119.3728669,207.4813811,0
5541,119.3728669,207.4813811,0
5542,119.3728669,207.4813811,0
5543,119.3728669,207.4813811,0
5544,119.3728669,207.4813811,0
5545,119.3728669,207.4813811,0
5546,119.3728669,207.4813811,0
5547,119.3728669,207.4813811,0
5548,119.3728669,207.4813811,0
5549,119.3728669,207.4813811,0
5550,119.3728669,207.4813811,0
5551,119.3728669,207.4813811,0
5552,119.3728669,207.4813811,0
5553,119.3728669,207.4813811,0
5554,119.3728669,207.4813811,0
5555,119.3728669,207.4813811,0
5556,119.3728669,207.4813811,0
5557,119.3728669,207.4813811,0
5558,119.3728669,207.4813811,0
5559,119.3728669,207.4813811,0
5560,119.3728669,207.4813811,0
5561,119.3728669,207.4813811,0
5562,119.3728669,207.4813811,0
5563,119.3728669,207.4813811,0
5564,119.3728669,207.4813811,0
5565,119.3728669,207.4813811,0
5566,119.3728669,207.4813811,0
5567,119.3728669,207.4813811,0
5568,119.3728669,207.4813811,0
5569,119.3728669,207.4813811,0
5570,119.3728669,207.4813811,0
5571,119.3728669,207.4813811,0
5572,119.3728669,207.4813811,0
5573,119.3728669,207.4813811,0
5574,119.3728669,207.4813811,0
5575,119.3728669,207.4813811,0
5576,119.3728669,207.4813811,0
5577,119.3728669,207.4813811,0
5578,119.3728669,207.4813811,0
5579,119.3728669,207.4813811,0
5580,119.3728669,207.4813811,0
5581,119.3728669,207.4813811,0
5582,119.3728669,207.4813811,0
5583,119.3728669,207.4813811,0
5584,119.3728669,207.4813811,0
5585,119.3728669,207.4813811,0
5586,119.3728669,207.4813811,0
5587,119.3728669,207.4813811,0
5588,119.3728669,207.4813811,0
5589,119.3728669,207.4813811,0
5590,119.3728669,207.4813811,0
5591,119.3728669,207.4813811,0
5592,119.3728669,210.3235918,0
5593,119.3728669,210.3235918,0
5594,119.372867,210.3235918,0
5595,119.372867,210.3235918,0
5596,119.372867,210.3235918,0
5597,119.372867,210.3235918,0
5598,119.372867,210.3235918,0
5599,119.372867,210.3235918,0
5600,119.372867,210.3235918,0
5601,119.372867,210.3235918,0
5602,119.372867,210.3235918,0
5603,119.372867,210.3235918,0
5604,119.372867,210.3235918,0
5605,119.372867,210.3235918,0
5606,119.372867,210.3235918,0
5607,119.372867,210.3235918,0
5608,119.372867,210.3235918,0
5609,119.372867,210.3235918,0
5610,119.372867,210.3235918,0
5611,119.372867,210.3235918,0
5612,119.372867,210.3235918,0
5613,119.372867,210.3235918,0
5614,119.372867,210.3235918,0
5615,119.372867,210.3235918,0
5616,119.372867,210.3235918,0
5617,119.372867,210.3235918,0
5618,119.372867,210.3235918,0
5619,119.372867,210.3235918,0
5620,119.372867,210.3235918,0
5621,119.372867,210.3235918,0
5622,119.372867,210.3235918,0
5623,119.372867,210.3235918,0
5624,119.372867,210.3235918,0
5625,119.372867,210.3235918,0
5626,119.372867,210.3235918,0
5627,119.372867,210.3235918,0
5628,119.372867,210.3235918,0
5629,119.372867,210.3235918,0
5630,119.372867,210.3235918,0
5631,119.372867,210.3235918,0
5632,119.372867,210.3235918,0
5633,119.372867,210.3235918,0
5634,119.372867,210.3235918,0
5635,119.372867,210.3235918,0
5636,119.372867,210.3235918,0
5637,119.372867,210.3235918,0
5638,119.372867,210.3235918,0
5639,119.372867,210.3235918,0
5640,119.372867,210.3235918,0
5641,119.372867,210.3235918,0
5642,119.372867,207.4813811,0
5643,119.372867,207.4813811,0
5644,119.372867,207.4813811,0
5645,119.372867,207.4813811,0
5646,119.372867,207.4813811,0
5647,119.372867,207.4813811,0
5648,119.372867,207.4813811,0
5649,119.372867,207.4813811,0
5650,119.372867,207.4813811,0
5651,119.372867,207.4813811,0
5652,119.372867,207.4813811,0
5653,119.372867,207.4813811,0
5654,119.372867,207.4813811,0
5655,119.372867,207.4813811,0
5656,119.372867,207.4813811,0
5657,119.372867,207.4813811,0
5658,119.372867,207.4813811,0
5659,119.372867,207.4813811,0
5660,119.372867,207.4813811,0
5661,119.372867,207.4813811,0
5662,119.372867,207.4813811,0
5663,119.372867,207.4813811,0
5664,119.372867,207.4813811,0
5665,119.372867,207.4813811,0
5666,119.372867,207.4813811,0
5667,119.372867,207.4813811,0
5668,119.372867,207.4813811,0
5669,119.372867,207.4813811,0
5670,119.372867,207.4813811,0
5671,119.372867,207.4813811,0
5672,119.372867,207.4813811,0
5673,119.372867,207.4813811,0
5674,119.372867,207.4813811,0
5675,119.372867,207.4813811,0
5676,119.372867,207.4813811,0
5677,119.372867,207.4813811,0
5678,119.372867,207.4813811,0
5679,119.372867,207.4813811,0
5680,119.372867,207.4813811,0
5681,119.372867,207.4813811,0
5682,119.372867,207.4813811,0
5683,119.372867,207.4813811,0
5684,119.372867,207.4813811,0
5685,119.372867,207.4813811,0
5686,119.372867,207.4813811,0
5687,119.372867,207.4813811,0
5688,119.372867,207.4813811,0
5689,119.372867,207.4813811,0
5690,119.372867,207.4813811,0
5691,119.372867,207.4813811,0
5692,119.372867,207.4813811,0
5693,119.372867,207.4813811,0
5694,119.372867,207.4813811,0
5695,119.372867,207.4813811,0
5696,119.372867,207.4813811,0
5697,119.372867,207.4813811,0
5698,119.372867,207.4813811,0
5699,119.372867,207.4813811,0
5700,119.372867,207.4813811,0
5701,119.372867,207.4813811,0
5702,119.372867,207.4813811,0
5703,119.372867,207.4813811,0
5704,119.372867,207.4813811,0
5705,119.372867,207.4813811,0
5706,119.372867,207.4813811,0
5707,119.372867,207.4813811,0
5708,119.372867,207.4813811,0
5709,119.372867,207.4813811,0
5710,119.372867,207.4813811,0
5711,119.372867,207.4813811,0
5712,119.372867,207.4813811,0
5713,122.2150781,207.4813811,0
5714,122.2150781,207.4813811,0
5715,122.2150781,207.4813811,0
5716,122.2150781,207.4813811,0
5717,122.2150781,207.4813811,0
5718,122.2150781,207.4813811,0
5719,122.2150781,207.4813811,0
5720,122.2150781,207.4813811,0
5721,122.2150781,207.4813811,0
5722,122.2150781,207.4813811,0
5723,122.2150781,207.4813811,0
5724,122.2150781,207.4813811,0
5725,122.2150781,207.4813811,0
5726,122.2150781,207.4813811,0
5727,122.2150781,207.4813811,0
5728,122.2150781,207.4813811,0
5729,122.2150781,207.4813811,0
5730,122.2150781,207.4813811,0
5731,122.2150781,207.4813811,0
5732,122.2150781,207.4813811,0
5733,122.2150781,207.4813811,0
5734,122.2150781,207.4813811,0
5735,122.2150781,207.4813811,0
5736,122.2150781,207.4813811,0
5737,122.2150781,207.4813811,0
5738,122.2150781,207.4813811,0
5739,122.2150781,207.4813811,0
5740,122.2150781,207.4813811,0
5741,122.2150781,207.4813811,0
5742,122.2150781,207.4813811,0
5743,122.2150781,207.4813811,0
5744,122.2150781,207.4813811,0
5745,122.2150781,207.4813811,0
5746,122.2150781,207.4813811,0
5747,122.2150781,207.4813811,0
5748,122.2150781,207.4813811,0
5749,122.2150781,207.4813811,0
5750,122.2150781,207.4813811,0
5751,122.2150781,207.4813811,0
5752,122.2150781,207.4813811,0
5753,122.2150781,207.4813811,0
5754,122.2150781,207.4813811,0
5755,122.2150781,207.4813811,0
5756,122.2150781,207.4813811,0
5757,122.2150781,207.4813811,0
5758,122.2150781,207.4813811,0
5759,122.2150781,207.4813811,0
5760,122.2150781,207.4813811,0
5761,122.2150781,207.4813811,0
5762,122.2150781,207.4813811,0
5763,119.372867,207.4813811,0
5764,119.372867,207.4813811,0
5765,119.372867,207.4813811,0
5766,119.372867,207.4813811,0
5767,119.372867,207.4813811,0
5768,119.372867,207.4813811,0
5769,119.372867,207.4813811,0
5770,119.372867,207.4813811,0
5771,119.372867,207.4813811,0
5772,119.372867,207.4813811,0
5773,119.372867,207.4813811,0
5774,119.372867,207.4813811,0
5775,119.372867,207.4813811,0
5776,119.372867,207.4813811,0
5777,119.372867,207.4813811,0
5778,119.372867,207.4813811,0
5779,119.372867,207.4813811,0
5780,119.372867,207.4813811,0
5781,119.372867,207.4813811,0
5782,119.372867,207.4813811,0
5783,119.372867,207.4813811,0
5784,119.372867,207.4813811,0
5785,119.372867,207.4813811,0
5786,119.372867,207.4813811,0
5787,119.372867,207.4813811,0
5788,119.372867,207.4813811,0
5789,119.372867,207.4813811,0
5790,119.372867,207.4813811,0
5791,119.372867,207.4813811,0
5792,119.372867,207.4813811,0
5793,119.372867,207.4813811,0
5794,119.372867,207.4813811,0
5795,119.372867,207.4813811,0
5796,119.3728669,207.4813811,0
5797,119.3728669,207.4813811,0
5798,119.3728669,207.4813811,0
5799,119.3728669,207.4813811,0
5800,119.3728669,207.4813811,0
5801,119.3728669,207.4813811,0
5802,119.3728669,207.4813811,0
5803,119.3728669,207.4813811,0
5804,119.3728669,207.4813811,0
5805,119.3728669,207.4813811,0
5806,119.3728669,207.4813811,0
5807,119.3728669,207.4813811,0
5808,119.3728669,207.4813811,0
5809,119.3728669,207.4813811,0
5810,119.3728669,207.4813811,0
5811,119.3728669,207.4813811,0
5812,119.3728669,207.4813811,0
5813,119.3728669,207.4813811,0
5814,119.3728669,207.4813811,0
5815,119.3728669,207.4813811,0
5816,119.3728669,207.4813811,0
5817,119.3728669,207.4813811,0
5818,119.3728669,207.4813811,0
5819,119.3728669,207.4813811,0
5820,119.3728669,207.4813811,0
5821,119.3728669,207.4813811,0
5822,119.3728669,207.4813811,0
5823,119.3728669,207.4813811,0
5824,119.3728669,207.4813811,0
5825,119.3728669,207.4813811,0
5826,119.3728669,207.4813811,0
5827,119.3728669,207.4813811,0
5828,119.3728669,207.4813811,0
5829,119.3728669,207.4813811,0
5830,119.3728669,207.4813811,0
5831,119.3728669,207.4813811,0
5832,119.3728669,207.4813811,0
5833,119.3728669,207.4813811,0
5834,119.3728669,207.4813811,0
5835,119.3728669,207.4813811,0
5836,119.3728669,207.4813811,0
5837,119.3728669,207.4813811,0
5838,119.3728669,207.4813811,0
5839,119.3728669,207.4813811,0
5840,119.3728669,207.4813811,0
5841,119.3728669,207.4813811,0
5842,119.3728669,207.4813811,0
5843,119.3728669,207.4813811,0
5844,119.3728669,207.4813811,0
5845,119.3728669,207.4813811,0
5846,119.3728669,207.4813811,0
5847,119.3728669,207.4813811,0
5848,119.3728669,207.4813811,0
5849,119.3728669,207.4813811,0
5850,119.3728669,207.4813811,0
5851,119.3728669,207.4813811,0
5852,119.3728669,207.4813811,0
5853,119.3728669,207.4813811,0
5854,119.3728669,207.4813811,0
5855,119.3728669,207.4813811,0
5856,119.3728669,207.4813811,0
5857,119.3728669,207.4813811,0
5858,119.3728669,207.4813811,0
5859,119.3728669,207.4813811,0
5860,119.3728669,207.4813811,0
5861,119.3728669,207.4813811,0
5862,116.5306559,207.4813811,0
5863,116.5306559,207.4813811,0
5864,116.5306559,207.4813811,0
5865,116.5306559,207.4813811,0
5866,116.5306559,207.4813811,0
5867,116.5306559,207.4813811,0
5868,116.5306559,207.4813811,0
5869,116.5306559,207.4813811,0
5870,116.5306559,207.4813811,0
5871,116.5306559,207.4813811,0
5872,116.5306559,207.4813811,0
5873,116.5306559,207.4813811,0
5874,116.5306559,207.4813811,0
5875,116.5306559,207.4813811,0
5876,116.5306559,207.4813811,0
5877,116.5306559,207.4813811,0
5878,116.5306559,207.4813811,0
5879,116.5306559,207.4813811,0
5880,116.5306559,207.4813811,0
5881,116.5306559,207.4813811,0
5882,116.5306559,207.4813811,0
5883,116.5306559,207.4813811,0
5884,116.5306559,207.4813811,0
5885,116.5306559,207.4813811,0
5886,119.3728669,207.4813811,0
5887,119.3728669,207.4813811,0
5888,119.3728669,207.4813811,0
5889,119.3728669,207.4813811,0
5890,119.3728669,207.4813811,0
5891,119.3728669,207.4813811,0
5892,119.3728669,207.4813811,0
5893,119.3728669,207.4813811,0
5894,119.3728669,207.4813811,0
5895,119.3728669,207.4813811,0
5896,119.3728669,207.4813811,0
5897,119.3728669,207.4813811,0
5898,119.3728669,207.4813811,0
5899,119.3728669,207.4813811,0
5900,119.3728669,207.4813811,0
5901,119.3728669,207.4813811,0
5902,119.3728669,207.4813811,0
5903,119.3728669,207.4813811,0
5904,119.3728669,207.4813811,0
5905,119.3728669,207.4813811,0
5906,119.3728669,207.4813811,0
5907,119.3728669,207.4813811,0
5908,119.3728669,207.4813811,0
5909,119.3728669,207.4813811,0
5910,119.3728669,207.4813811,0
5911,119.3728669,207.4813811,0
5912,119.3728669,207.4813811,0
5913,119.3728669,207.4813811,0
5914,119.3728669,207.4813811,0
5915,119.3728669,207.4813811,0
5916,119.3728669,207.4813811,0
5917,119.3728669,207.4813811,0
5918,119.3728669,207.4813811,0
5919,119.3728669,207.4813811,0
5920,119.3728669,207.4813811,0
5921,119.3728669,207.4813811,0
5922,119.3728669,204.6391704,0
5923,119.372867,204.6391704,0
5924,119.372867,204.6391704,0
5925,119.372867,204.6391704,0
5926,119.372867,204.6391704,0
5927,119.372867,204.6391704,0
5928,119.372867,204.6391704,0
5929,119.372867,204.6391704,0
5930,119.372867,204.6391704,0
5931,119.372867,204.6391704,0
5932,119.372867,204.6391704,0
5933,119.372867,204.6391704,0
5934,119.372867,204.6391704,0
5935,119.372867,204.6391704,0
5936,119.372867,204.6391704,0
5937,119.372867,204.6391704,0
5938,119.372867,204.6391704,0
5939,119.372867,204.6391704,0
5940,119.372867,204.6391704,0
5941,119.372867,204.6391704,0
5942,119.372867,204.6391704,0
5943,119.372867,204.6391704,0
5944,119.372867,204.6391704,0
5945,119.372867,204.6391704,0
5946,119.372867,204.6391704,0
5947,119.372867,204.6391704,0
5948,119.372867,204.6391704,0
5949,119.372867,204.6391704,0
5950,119.372867,204.6391704,0
5951,119.372867,204.6391704,0
5952,119.372867,204.6391704,0
5953,119.372867,204.6391704,0
5954,119.372867,204.6391704,0
5955,119.372867,204.6391704,0
5956,119.372867,204.6391704,0
5957,119.372867,204.6391704,0
5958,119.372867,204.6391704,0
5959,119.372867,204.6391704,0
5960,119.372867,204.6391704,0
5961,119.372867,204.6391704,0
5962,119.372867,204.6391704,0
5963,119.372867,204.6391704,0
5964,119.372867,204.6391704,0
5965,119.372867,204.6391704,0
5966,119.372867,204.6391704,0
5967,119.372867,204.6391704,0
5968,119.372867,207.4813811,0
5969,119.372867,207.4813811,0
5970,119.372867,207.4813811,0
5971,119.372867,207.4813811,0
5972,119.372867,207.4813811,0
5973,119.3728669,207.4813811,0
5974,119.3728669,207.4813811,0
5975,119.3728669,207.4813811,0
5976,119.3728669,207.4813811,0
5977,119.3728669,207.4813811,0
5978,119.3728669,207.4813811,0
5979,119.3728669,207.4813811,0
5980,119.3728669,207.4813811,0
5981,119.3728669,207.4813811,0
5982,119.3728669,207.4813811,0
5983,119.3728669,207.4813811,0
5984,119.3728669,207.4813811,0
5985,119.3728669,207.4813811,0
5986,119.3728669,207.4813811,0
5987,119.3728669,207.4813811,0
5988,119.3728669,207.4813811,0
5989,119.3728669,207.4813811,0
5990,119.3728669,207.4813811,0
5991,119.3728669,207.4813811,0
5992,119.3728669,207.4813811,0
5993,119.3728669,207.4813811,0
5994,119.3728669,207.4813811,0
5995,119.3728669,207.4813811,0
5996,119.3728669,207.4813811,0
5997,119.3728669,207.4813811,0
5998,119.3728669,207.4813811,0
5999,119.3728669,207.4813811,0
6000,119.3728669,207.4813811,0
6001,119.3728669,207.4813811,0
6002,119.372867,207.4813811,0
6003,119.372867,207.4813811,0
6004,119.372867,207.4813811,0
6005,119.372867,207.4813811,0
6006,119.372867,207.4813811,0
6007,119.372867,207.4813811,0
6008,119.372867,207.4813811,0
6009,119.372867,207.4813811,0
6010,119.372867,207.4813811,0
6011,119.372867,207.4813811,0
6012,119.372867,207.4813811,0
6013,119.372867,207.4813811,0
6014,119.372867,207.4813811,0
6015,119.372867,207.4813811,0
6016,119.372867,207.4813811,0
6017,119.372867,207.4813811,0
6018,119.372867,204.6391704,0
6019,119.372867,204.6391704,0
6020,119.372867,204.6391704,0
6021,119.372867,204.6391704,0
6022,119.372867,204.6391704,0
6023,119.372867,204.6391704,0
6024,119.372867,204.6391704,0
6025,119.372867,204.6391704,0
6026,119.372867,204.6391704,0
6027,119.372867,204.6391704,0
6028,119.372867,204.6391704,0
6029,119.372867,204.6391704,0
6030,119.372867,204.6391704,0
6031,119.372867,204.6391704,0
6032,119.372867,204.6391704,0
6033,119.372867,204.6391704,0
6034,119.372867,207.4813811,0
6035,119.372867,207.4813811,0
6036,119.372867,207.4813811,0
6037,119.372867,207.4813811,0
6038,119.372867,207.4813811,0
6039,119.372867,207.4813811,0
6040,119.372867,207.4813811,0
6041,119.372867,207.4813811,0
6042,119.372867,207.4813811,0
6043,119.372867,207.4813811,0
6044,119.372867,207.4813811,0
6045,119.372867,207.4813811,0
6046,119.372867,207.4813811,0
6047,119.372867,207.4813811,0
6048,119.372867,207.4813811,0
6049,119.372867,207.4813811,0
6050,119.372867,207.4813811,0
6051,119.372867,207.4813811,0
6052,119.372867,207.4813811,0
6053,119.372867,207.4813811,0
6054,119.372867,207.4813811,0
6055,119.372867,207.4813811,0
6056,119.372867,207.4813811,0
6057,119.372867,207.4813811,0
6058,119.372867,207.4813811,0
6059,119.372867,207.4813811,0
6060,119.372867,207.4813811,0
6061,119.372867,207.4813811,0
6062,119.372867,207.4813811,0
6063,119.372867,207.4813811,0
6064,119.372867,207.4813811,0
6065,119.372867,207.4813811,0
6066,119.372867,207.4813811,0
6067,119.372867,207.4813811,0
6068,119.372867,207.4813811,0
6069,119.372867,207.4813811,0
6070,119.372867,207.4813811,0
6071,119.372867,207.4813811,0
6072,119.372867,207.4813811,0
6073,119.372867,207.4813811,0
6074,119.372867,207.4813811,0
6075,119.372867,207.4813811,0
6076,119.372867,207.4813811,0
6077,119.372867,207.4813811,0
6078,119.372867,207.4813811,0
6079,119.372867,207.4813811,0
6080,119.372867,207.4813811,0
6081,119.372867,207.4813811,0
6082,119.372867,207.4813811,0
6083,119.3728669,207.4813811,0
6084,119.3728669,204.6391704,0
6085,119.3728669,204.6391704,0
6086,119.3728669,204.6391704,0
6087,119.3728669,204.6391704,0
6088,119.3728669,204.6391704,0
6089,119.3728669,204.6391704,0
6090,119.3728669,204.6391704,0
6091,119.3728669,204.6391704,0
6092,119.3728669,204.6391704,0
6093,116.5306558,204.6391704,0
6094,116.5306558,204.6391704,0
6095,116.5306558,207.4813811,0
6096,116.5306558,207.4813811,0
6097,119.3728669,207.4813811,0
6098,119.3728669,207.4813811,0
6099,119.3728669,207.4813811,0
6100,119.3728669,207.4813811,0
6101,119.3728669,207.4813811,0
6102,119.3728669,207.4813811,0
6103,119.3728669,207.4813811,0
6104,119.3728669,207.4813811,0
6105,119.3728669,207.4813811,0
6106,119.3728669,207.4813811,0
6107,119.3728669,207.4813811,0
6108,119.3728669,207.4813811,0
6109,119.3728669,207.4813811,0
6110,119.3728669,207.4813811,0
6111,119.3728669,207.4813811,0
6112,119.3728669,207.4813811,0
6113,119.3728669,207.4813811,0
6114,119.3728669,207.4813811,0
6115,119.3728669,207.4813811,0
6116,119.3728669,207.4813811,0
6117,119.3728669,207.4813811,0
6118,119.3728669,207.4813811,0
6119,119.3728669,207.4813811,0
6120,119.3728669,207.4813811,0
6121,119.3728669,207.4813811,0
6122,119.3728669,207.4813811,0
6123,119.3728669,207.4813811,0
6124,119.3728669,207.4813811,0
6125,119.3728669,207.4813811,0
6126,119.3728669,207.4813811,0
6127,119.3728669,207.4813811,0
6128,119.3728669,207.4813811,0
6129,119.3728669,207.4813811,0
6130,119.3728669,207.4813811,0
6131,119.3728669,207.4813811,0
6132,119.3728669,207.4813811,0
6133,119.3728669,207.4813811,0
6134,119.3728669,207.4813811,0
6135,119.3728669,207.4813811,0
6136,119.3728669,207.4813811,0
6137,119.3728669,207.4813811,0
6138,119.3728669,207.4813811,0
6139,119.3728669,207.4813811,0
6140,119.3728669,207.4813811,0
6141,119.3728669,207.4813811,0
6142,119.3728669,207.4813811,0
6143,119.3728669,207.4813811,0
6144,119.3728669,207.4813811,0
6145,119.3728669,207.4813811,0
6146,119.3728669,207.4813811,0
6147,119.3728669,207.4813811,0
6148,119.3728669,207.4813811,0
6149,119.3728669,207.4813811,0
6150,119.3728669,207.4813811,0
6151,113.6884447,207.4813811,0
6152,113.6884447,207.4813811,0
6153,113.6884447,207.4813811,0
6154,113.6884447,207.4813811,0
6155,113.6884447,207.4813811,0
6156,113.6884447,207.4813811,0
6157,113.6884447,207.4813811,0
6158,113.6884447,207.4813811,0
6159,113.6884447,207.4813811,0
6160,113.6884447,207.4813811,0
6161,113.6884447,207.4813811,0
6162,122.2150781,207.4813811,0
6163,122.2150781,207.4813811,0
6164,122.2150781,207.4813811,0
6165,122.2150781,207.4813811,0
6166,122.2150781,207.4813811,0
6167,122.2150781,207.4813811,0
6168,122.2150781,207.4813811,0
6169,122.2150781,207.4813811,0
6170,122.2150781,207.4813811,0
6171,122.2150781,207.4813811,0
6172,122.2150781,207.4813811,0
6173,122.2150781,207.4813811,0
6174,122.2150781,207.4813811,0
6175,122.2150781,207.4813811,0
6176,122.2150781,207.4813811,0
6177,122.2150781,207.4813811,0
6178,122.2150781,207.4813811,0
6179,122.2150781,207.4813811,0
6180,122.2150781,207.4813811,0
6181,122.2150781,207.4813811,0
6182,122.2150781,207.4813811,0
6183,122.2150781,207.4813811,0
6184,122.2150781,207.4813811,0
6185,122.2150781,204.6391704,0
6186,122.2150781,204.6391704,0
6187,122.2150781,204.6391704,0
6188,122.2150781,204.6391704,0
6189,122.2150781,204.6391704,0
6190,122.2150781,204.6391704,0
6191,122.2150781,204.6391704,0
6192,122.2150781,207.4813811,0
6193,122.2150781,207.4813811,0
6194,122.2150781,207.4813811,0
6195,122.2150781,207.4813811,0
6196,122.2150781,207.4813811,0
6197,122.2150781,207.4813811,0
6198,122.2150781,207.4813811,0
6199,122.2150781,207.4813811,0
6200,122.2150781,207.4813811,0
6201,122.2150781,207.4813811,0
6202,122.2150781,207.4813811,0
6203,122.2150781,207.4813811,0
6204,122.2150781,207.4813811,0
6205,122.2150781,207.4813811,0
6206,122.2150781,207.4813811,0
6207,122.2150781,207.4813811,0
6208,122.2150781,207.4813811,0
6209,122.2150781,207.4813811,0
6210,122.2150781,207.4813811,0
6211,122.2150781,207.4813811,0
6212,122.2150781,207.4813811,0
6213,122.2150781,207.4813811,0
6214,122.2150781,207.4813811,0
6215,122.2150781,207.4813811,0
6216,122.2150781,207.4813811,0
6217,122.2150781,207.4813811,0
6218,122.2150781,207.4813811,0
6219,122.2150781,207.4813811,0
6220,122.2150781,207.4813811,0
6221,122.2150781,207.4813811,0
6222,122.2150781,207.4813811,0
6223,122.2150781,207.4813811,0
6224,122.2150781,207.4813811,0
6225,122.2150781,207.4813811,0
6226,122.2150781,207.4813811,0
6227,122.2150781,207.4813811,0
6228,122.2150781,207.4813811,0
6229,122.2150781,207.4813811,0
6230,122.2150781,207.4813811,0
6231,122.2150781,207.4813811,0
6232,122.2150781,207.4813811,0
6233,122.2150781,207.4813811,0
6234,122.215078,207.4813811,0
6235,122.215078,207.4813811,0
6236,122.215078,207.4813811,0
6237,122.215078,207.4813811,0
6238,122.215078,207.4813811,0
6239,122.215078,207.4813811,0
6240,122.215078,207.4813811,0
6241,122.215078,207.4813811,0
6242,122.215078,207.4813811,0
6243,122.215078,207.4813811,0
6244,122.215078,207.4813811,0
6245,122.215078,207.4813811,0
6246,122.215078,207.4813811,0
6247,122.2150781,207.4813811,0
6248,122.2150781,207.4813811,0
6249,122.2150781,207.4813811,0
6250,122.2150781,207.4813811,0
6251,122.2150781,207.4813811,0
6252,122.2150781,207.4813811,0
6253,122.2150781,207.4813811,0
6254,122.2150781,207.4813811,0
6255,122.2150781,207.4813811,0
6256,122.2150781,207.4813811,0
6257,122.2150781,207.4813811,0
6258,122.2150781,207.4813811,0
6259,122.2150781,207.4813811,0
6260,122.2150781,207.4813811,0
6261,122.2150781,207.4813811,0
6262,122.2150781,207.4813811,0
6263,122.2150781,207.4813811,0
6264,122.2150781,207.4813811,0
6265,122.2150781,207.4813811,0
6266,122.2150781,207.4813811,0
6267,122.2150781,207.4813811,0
6268,122.2150781,207.4813811,0
6269,122.2150781,207.4813811,0
6270,122.2150781,207.4813811,0
6271,122.2150781,207.4813811,0
6272,122.2150781,207.4813811,0
6273,122.2150781,207.4813811,0
6274,122.2150781,207.4813811,0
6275,122.2150781,207.4813811,0
6276,122.2150781,207.4813811,0
6277,122.2150781,207.4813811,0
6278,122.2150781,207.4813811,0
6279,122.2150781,204.6391704,0
6280,122.2150781,204.6391704,0
6281,122.2150781,204.6391704,0
6282,122.2150781,204.6391704,0
6283,122.2150781,204.6391704,0
6284,122.2150781,204.6391704,0
6285,122.2150781,204.6391704,0
6286,122.2150781,204.6391704,0
6287,122.2150781,204.6391704,0
6288,122.2150781,204.6391704,0
6289,122.2150781,204.6391704,0
6290,122.2150781,204.6391704,0
6291,122.2150781,204.6391704,0
6292,122.2150781,204.6391704,0
6293,122.2150781,207.4813811,0
6294,122.2150781,207.4813811,0
6295,122.2150781,207.4813811,0
6296,122.2150781,207.4813811,0
6297,122.2150781,207.4813811,0
6298,122.2150781,207.4813811,0
6299,122.2150781,207.4813811,0
6300,122.2150781,207.4813811,0
6301,122.2150781,207.4813811,0
6302,122.2150781,207.4813811,0
6303,122.2150781,207.4813811,0
6304,122.2150781,207.4813811,0
6305,122.2150781,207.4813811,0
6306,122.2150781,207.4813811,0
6307,122.2150781,207.4813811,0
6308,122.2150781,207.4813811,0
6309,122.2150781,207.4813811,0
6310,122.2150781,207.4813811,0
6311,122.2150781,207.4813811,0
6312,122.2150781,207.4813811,0
6313,122.2150781,207.4813811,0
6314,122.2150781,207.4813811,0
6315,122.2150781,207.4813811,0
6316,122.2150781,207.4813811,0
6317,122.2150781,207.4813811,0
6318,122.2150781,207.4813811,0
6319,122.2150781,207.4813811,0
6320,122.2150781,207.4813811,0
6321,122.2150781,207.4813811,0
6322,122.2150781,207.4813811,0
6323,122.2150781,207.4813811,0
6324,122.2150781,207.4813811,0
6325,122.2150781,210.3235918,0
6326,122.2150781,210.3235918,0
6327,122.2150781,210.3235918,0
6328,122.2150781,210.3235918,0
6329,122.2150781,210.3235918,0
6330,122.2150781,210.3235918,0
6331,122.2150781,210.3235918,0
6332,122.2150781,210.3235918,0
6333,122.2150781,210.3235918,0
6334,122.2150781,210.3235918,0
6335,122.2150781,210.3235918,0
6336,122.2150781,210.3235918,0
6337,122.2150781,210.3235918,0
6338,122.2150781,210.3235918,0
6339,122.2150781,210.3235918,0
6340,122.2150781,210.3235918,0
6341,122.2150781,210.3235918,0
6342,122.2150781,210.3235918,0
6343,122.2150781,210.3235918,0
6344,122.2150781,210.3235918,0
6345,122.2150781,210.3235918,0
6346,122.2150781,210.3235918,0
6347,122.2150781,210.3235918,0
6348,122.2150781,210.3235918,0
6349,122.2150781,210.3235918,0
6350,122.2150781,210.3235918,0
6351,122.2150781,210.3235918,0
6352,122.2150781,210.3235918,0
6353,122.2150781,210.3235918,0
6354,122.2150781,210.3235918,0
6355,122.2150781,210.3235918,0
6356,122.2150781,210.3235918,0
6357,122.2150781,210.3235918,0
6358,122.2150781,210.3235918,0
6359,122.2150781,210.3235918,0
6360,122.2150781,210.3235918,0
6361,122.2150781,210.3235918,0
6362,122.2150781,210.3235918,0
6363,122.2150781,210.3235918,0
6364,122.2150781,210.3235918,0
6365,122.2150781,210.3235918,0
6366,122.2150781,210.3235918,0
6367,122.2150781,210.3235918,0
6368,122.2150781,210.3235918,0
6369,122.2150781,210.3235918,0
6370,122.2150781,210.3235918,0
6371,122.2150781,210.3235918,0
6372,122.2150781,210.3235918,0
6373,122.2150781,210.3235918,0
6374,122.2150781,210.3235918,0
6375,122.2150781,207.4813811,0
6376,122.2150781,207.4813811,0
6377,122.2150781,207.4813811,0
6378,122.2150781,207.4813811,0
6379,122.2150781,207.4813811,0
6380,122.2150781,207.4813811,0
6381,122.2150781,207.4813811,0
6382,122.2150781,207.4813811,0
6383,122.2150781,207.4813811,0
6384,122.2150781,207.4813811,0
6385,122.2150781,207.4813811,0
6386,122.2150781,207.4813811,0
6387,122.2150781,207.4813811,0
6388,122.2150781,207.4813811,0
6389,122.2150781,207.4813811,0
6390,122.2150781,207.4813811,0
6391,122.2150781,207.4813811,0
6392,122.2150781,207.4813811,0
6393,122.2150781,207.4813811,0
6394,122.2150781,207.4813811,0
6395,122.2150781,207.4813811,0
6396,122.2150781,207.4813811,0
6397,122.2150781,207.4813811,0
6398,122.2150781,207.4813811,0
6399,122.2150781,207.4813811,0
6400,122.2150781,207.4813811,0
6401,122.2150781,207.4813811,0
6402,122.2150781,207.4813811,0
6403,122.2150781,207.4813811,0
6404,122.2150781,207.4813811,0
6405,122.2150781,207.4813811,0
6406,122.2150781,207.4813811,0
6407,122.2150781,207.4813811,0
6408,122.2150781,207.4813811,0
6409,122.2150781,207.4813811,0
6410,122.2150781,207.4813811,0
6411,122.2150781,207.4813811,0
6412,122.2150781,207.4813811,0
6413,122.2150781,207.4813811,0
6414,122.2150781,207.4813811,0
6415,122.2150781,207.4813811,0
6416,122.2150781,207.4813811,0
6417,122.2150781,207.4813811,0
6418,122.2150781,207.4813811,0
6419,122.2150781,207.4813811,0
6420,122.2150781,207.4813811,0
6421,122.2150781,207.4813811,0
6422,122.2150781,207.4813811,0
6423,122.2150781,207.4813811,0
6424,122.2150781,207.4813811,0
6425,122.2150781,207.4813811,0
6426,122.2150781,207.4813811,0
6427,122.2150781,207.4813811,0
6428,122.2150781,207.4813811,0
6429,122.2150781,207.4813811,0
6430,122.2150781,207.4813811,0
6431,122.2150781,207.4813811,0
6432,122.2150781,207.4813811,0
6433,122.2150781,207.4813811,0
6434,122.2150781,207.4813811,0
6435,122.2150781,207.4813811,0
6436,122.2150781,207.4813811,0
6437,122.2150781,207.4813811,0
6438,122.2150781,207.4813811,0
6439,122.2150781,207.4813811,0
6440,122.2150781,207.4813811,0
6441,122.2150781,207.4813811,0
6442,122.2150781,207.4813811,0
6443,122.2150781,207.4813811,0
6444,122.2150781,207.4813811,0
6445,119.372867,207.4813811,0
6446,119.372867,207.4813811,0
6447,119.372867,207.4813811,0
6448,119.372867,207.4813811,0
6449,119.372867,207.4813811,0
6450,119.372867,207.4813811,0
6451,119.372867,207.4813811,0
6452,119.372867,207.4813811,0
6453,119.372867,207.4813811,0
6454,119.372867,207.4813811,0
6455,119.372867,207.4813811,0
6456,119.372867,207.4813811,0
6457,122.2150781,207.4813811,0
6458,122.2150781,207.4813811,0
6459,122.2150781,207.4813811,0
6460,122.2150781,207.4813811,0
6461,122.2150781,207.4813811,0
6462,122.2150781,207.4813811,0
6463,122.2150781,207.4813811,0
6464,122.2150781,207.4813811,0
6465,122.2150781,207.4813811,0
6466,122.2150781,207.4813811,0
6467,122.2150781,207.4813811,0
6468,122.2150781,207.4813811,0
6469,122.2150781,207.4813811,0
6470,122.2150781,207.4813811,0
6471,122.2150781,207.4813811,0
6472,122.2150781,207.4813811,0
6473,122.2150781,207.4813811,0
6474,122.2150781,207.4813811,0
6475,122.2150781,207.4813811,0
6476,122.2150781,207.4813811,0
6477,122.2150781,207.4813811,0
6478,122.2150781,207.4813811,0
6479,122.2150781,207.4813811,0
6480,122.2150781,207.4813811,0
6481,122.2150781,207.4813811,0
6482,122.2150781,207.4813811,0
6483,122.2150781,207.4813811,0
6484,122.2150781,207.4813811,0
6485,122.2150781,207.4813811,0
6486,122.2150781,207.4813811,0
6487,122.2150781,207.4813811,0
6488,122.2150781,207.4813811,0
6489,122.2150781,207.4813811,0
6490,122.2150781,207.4813811,0
6491,122.2150781,207.4813811,0
6492,122.2150781,207.4813811,0
6493,122.2150781,207.4813811,0
6494,122.2150781,207.4813811,0
6495,122.2150781,207.4813811,0
6496,122.2150781,207.4813811,0
6497,122.2150781,207.4813811,0
6498,122.2150781,207.4813811,0
6499,122.2150781,207.4813811,0
6500,122.2150781,207.4813811,0
6501,122.2150781,207.4813811,0
6502,122.2150781,207.4813811,0
6503,122.2150781,207.4813811,0
6504,122.2150781,207.4813811,0
6505,122.2150781,207.4813811,0
6506,122.2150781,207.4813811,0
6507,122.2150781,207.4813811,0
6508,122.2150781,207.4813811,0
6509,122.2150781,207.4813811,0
6510,122.2150781,207.4813811,0
6511,122.2150781,207.4813811,0
6512,122.2150781,207.4813811,0
6513,122.2150781,207.4813811,0
6514,122.2150781,207.4813811,0
6515,122.2150781,207.4813811,0
6516,122.2150781,207.4813811,0
6517,122.2150781,207.4813811,0
6518,122.2150781,207.4813811,0
6519,122.2150781,207.4813811,0
6520,122.2150781,207.4813811,0
6521,122.2150781,207.4813811,0
6522,122.2150781,207.4813811,0
6523,122.2150781,207.4813811,0
6524,122.2150781,207.4813811,0
6525,122.2150781,207.4813811,0
6526,122.2150781,207.4813811,0
6527,122.2150781,207.4813811,0
6528,122.2150781,207.4813811,0
6529,122.2150781,207.4813811,0
6530,122.2150781,207.4813811,0
6531,122.2150781,207.4813811,0
6532,122.2150781,207.4813811,0
6533,122.2150781,207.4813811,0
6534,122.2150781,207.4813811,0
6535,122.2150781,207.4813811,0
6536,122.2150781,207.4813811,0
6537,122.2150781,207.4813811,0
6538,122.2150781,207.4813811,0
6539,122.2150781,207.4813811,0
6540,122.2150781,207.4813811,0
6541,122.2150781,207.4813811,0
6542,122.2150781,207.4813811,0
6543,122.2150781,207.4813811,0
6544,122.2150781,207.4813811,0
6545,119.3728669,207.4813811,0
6546,119.3728669,207.4813811,0
6547,119.3728669,207.4813811,0
6548,119.3728669,207.4813811,0
6549,119.3728669,207.4813811,0
6550,119.3728669,207.4813811,0
6551,119.3728669,207.4813811,0
6552,119.3728669,207.4813811,0
6553,119.3728669,207.4813811,0
6554,119.3728669,207.4813811,0
6555,119.3728669,207.4813811,0
6556,119.3728669,207.4813811,0
6557,119.3728669,207.4813811,0
6558,119.3728669,207.4813811,0
6559,119.3728669,207.4813811,0
6560,119.3728669,207.4813811,0
6561,119.3728669,207.4813811,0
6562,119.3728669,207.4813811,0
6563,119.3728669,207.4813811,0
6564,119.3728669,207.4813811,0
6565,119.3728669,207.4813811,0
6566,119.3728669,207.4813811,0
6567,119.3728669,207.4813811,0
6568,119.3728669,207.4813811,0
6569,119.3728669,207.4813811,0
6570,119.3728669,207.4813811,0
6571,119.3728669,207.4813811,0
6572,119.3728669,207.4813811,0
6573,119.3728669,207.4813811,0
6574,119.3728669,207.4813811,0
6575,119.3728669,207.4813811,0
6576,119.3728669,207.4813811,0
6577,119.3728669,207.4813811,0
6578,119.3728669,207.4813811,0
6579,119.3728669,207.4813811,0
6580,119.3728669,207.4813811,0
6581,119.3728669,207.4813811,0
6582,119.3728669,207.4813811,0
6583,119.3728669,207.4813811,0
6584,119.3728669,207.4813811,0
6585,119.3728669,207.4813811,0
6586,119.3728669,207.4813811,0
6587,119.3728669,207.4813811,0
6588,119.3728669,207.4813811,0
6589,119.3728669,207.4813811,0
6590,119.3728669,207.4813811,0
6591,119.3728669,207.4813811,0
6592,119.3728669,207.4813811,0
6593,119.3728669,207.4813811,0
6594,119.3728669,207.4813811,0
6595,119.3728669,207.4813811,0
6596,119.3728669,207.4813811,0
6597,119.3728669,207.4813811,0
6598,119.3728669,207.4813811,0
6599,119.3728669,207.4813811,0
6600,119.3728669,207.4813811,0
6601,119.3728669,207.4813811,0
6602,119.3728669,207.4813811,0
6603,119.3728669,207.4813811,0
6604,119.3728669,207.4813811,0
6605,119.3728669,207.4813811,0
6606,119.3728669,207.4813811,0
6607,119.3728669,207.4813811,0
6608,119.3728669,207.4813811,0
6609,119.3728669,207.4813811,0
6610,122.2150781,207.4813811,0
6611,122.2150781,207.4813811,0
6612,122.2150781,207.4813811,0
6613,122.2150781,207.4813811,0
6614,122.2150781,207.4813811,0
6615,122.2150781,207.4813811,0
6616,122.2150781,207.4813811,0
6617,122.2150781,207.4813811,0
6618,122.2150781,207.4813811,0
6619,122.2150781,207.4813811,0
6620,122.2150781,207.4813811,0
6621,122.2150781,207.4813811,0
6622,122.2150781,207.4813811,0
6623,122.2150781,207.4813811,0
6624,122.2150781,207.4813811,0
6625,122.2150781,207.4813811,0
6626,122.2150781,207.4813811,0
6627,122.2150781,207.4813811,0
6628,122.2150781,207.4813811,0
6629,122.2150781,207.4813811,0
6630,122.2150781,207.4813811,0
6631,122.2150781,207.4813811,0
6632,122.2150781,207.4813811,0
6633,122.2150781,207.4813811,0
6634,122.2150781,207.4813811,0
6635,122.2150781,207.4813811,0
6636,122.2150781,207.4813811,0
6637,122.2150781,207.4813811,0
6638,122.2150781,207.4813811,0
6639,122.2150781,207.4813811,0
6640,122.2150781,207.4813811,0
6641,122.2150781,207.4813811,0
6642,122.2150781,207.4813811,0
6643,122.2150781,207.4813811,0
6644,122.2150781,207.4813811,0
6645,122.2150781,207.4813811,0
6646,122.2150781,207.4813811,0
6647,122.2150781,207.4813811,0
6648,122.2150781,207.4813811,0
6649,122.2150781,207.4813811,0
6650,122.2150781,207.4813811,0
6651,122.2150781,207.4813811,0
6652,122.2150781,207.4813811,0
6653,122.2150781,207.4813811,0
6654,122.2150781,207.4813811,0
6655,122.2150781,207.4813811,0
6656,122.2150781,207.4813811,0
6657,122.2150781,207.4813811,0
6658,122.2150781,207.4813811,0
6659,122.2150781,207.4813811,0
6660,122.2150781,207.4813811,0
6661,122.2150781,207.4813811,0
6662,122.2150781,207.4813811,0
6663,122.2150781,207.4813811,0
6664,122.2150781,207.4813811,0
6665,122.2150781,207.4813811,0
6666,122.2150781,207.4813811,0
6667,122.2150781,207.4813811,0
6668,122.2150781,207.4813811,0
6669,122.2150781,207.4813811,0
6670,122.2150781,204.6391704,0
6671,122.2150781,204.6391704,0
6672,122.2150781,204.6391704,0
6673,122.2150781,204.6391704,0
6674,122.2150781,204.6391704,0
6675,122.2150781,204.6391704,0
6676,122.2150781,204.6391704,0
6677,122.2150781,204.6391704,0
6678,122.2150781,204.6391704,0
6679,122.2150781,204.6391704,0
6680,122.2150781,204.6391704,0
6681,122.2150781,204.6391704,0
6682,122.2150781,204.6391704,0
6683,122.2150781,204.6391704,0
6684,122.2150781,204.6391704,0
6685,122.2150781,204.6391704,0
6686,122.2150781,204.6391704,0
6687,122.2150781,204.6391704,0
6688,122.2150781,204.6391704,0
6689,122.2150781,207.4813811,0
6690,122.2150781,207.4813811,0
6691,122.2150781,207.4813811,0
6692,122.2150781,207.4813811,0
6693,122.2150781,207.4813811,0
6694,122.2150781,207.4813811,0
6695,122.2150781,207.4813811,0
6696,122.2150781,207.4813811,0
6697,122.2150781,207.4813811,0
6698,122.2150781,207.4813811,0
6699,122.2150781,207.4813811,0
6700,122.2150781,207.4813811,0
6701,122.2150781,207.4813811,0
6702,122.2150781,207.4813811,0
6703,122.2150781,207.4813811,0
6704,122.2150781,207.4813811,0
6705,122.2150781,207.4813811,0
6706,122.2150781,207.4813811,0
6707,122.2150781,207.4813811,0
6708,122.2150781,207.4813811,0
6709,122.2150781,207.4813811,0
6710,122.2150781,207.4813811,0
6711,122.2150781,207.4813811,0
6712,122.2150781,207.4813811,0
6713,122.2150781,207.4813811,0
6714,122.2150781,207.4813811,0
6715,122.2150781,207.4813811,0
6716,122.2150781,207.4813811,0
6717,122.2150781,207.4813811,0
6718,122.2150781,207.4813811,0
6719,122.215078,207.4813811,0
6720,122.215078,207.4813811,0
6721,122.215078,207.4813811,0
6722,122.215078,207.4813811,0
6723,122.215078,207.4813811,0
6724,122.215078,207.4813811,0
6725,122.215078,207.4813811,0
6726,122.215078,207.4813811,0
6727,122.215078,207.4813811,0
6728,122.215078,207.4813811,0
6729,122.215078,207.4813811,0
6730,122.215078,207.4813811,0
6731,122.215078,207.4813811,0
6732,122.215078,207.4813811,0
6733,122.215078,207.4813811,0
6734,122.215078,207.4813811,0
6735,122.215078,207.4813811,0
6736,122.215078,207.4813811,0
6737,122.215078,207.4813811,0
6738,122.215078,207.4813811,0
6739,122.215078,207.4813811,0
6740,122.215078,207.4813811,0
6741,122.215078,207.4813811,0
6742,122.215078,207.4813811,0
6743,122.215078,207.4813811,0
6744,122.215078,207.4813811,0
6745,122.215078,207.4813811,0
6746,122.215078,207.4813811,0
6747,122.215078,207.4813811,0
6748,122.215078,207.4813811,0
6749,122.215078,207.4813811,0
6750,122.215078,207.4813811,0
6751,122.215078,207.4813811,0
6752,122.215078,207.4813811,0
6753,122.215078,207.4813811,0
6754,122.215078,207.4813811,0
6755,122.215078,207.4813811,0
6756,122.215078,207.4813811,0
6757,119.372867,207.4813811,0
6758,119.372867,207.4813811,0
6759,119.372867,207.4813811,0
6760,122.2150781,207.4813811,0
6761,122.2150781,207.4813811,0
6762,122.2150781,207.4813811,0
6763,122.2150781,207.4813811,0
6764,122.2150781,207.4813811,0
6765,122.2150781,207.4813811,0
6766,122.2150781,207.4813811,0
6767,122.2150781,207.4813811,0
6768,122.2150781,207.4813811,0
6769,122.2150781,207.4813811,0
6770,122.2150781,207.4813811,0
6771,122.2150781,207.4813811,0
6772,122.2150781,207.4813811,0
6773,122.2150781,207.4813811,0
6774,122.2150781,207.4813811,0
6775,122.2150781,207.4813811,0
6776,122.2150781,207.4813811,0
6777,122.2150781,207.4813811,0
6778,122.2150781,207.4813811,0
6779,122.2150781,207.4813811,0
6780,122.2150781,207.4813811,0
6781,122.2150781,207.4813811,0
6782,122.2150781,207.4813811,0
6783,122.2150781,207.4813811,0
6784,122.2150781,207.4813811,0
6785,122.2150781,207.4813811,0
6786,122.2150781,207.4813811,0
6787,122.2150781,207.4813811,0
6788,122.2150781,204.6391704,0
6789,122.2150781,204.6391704,0
6790,122.2150781,204.6391704,0
6791,122.2150781,204.6391704,0
6792,122.2150781,204.6391704,0
6793,122.2150781,207.4813811,0
6794,122.2150781,207.4813811,0
6795,122.2150781,207.4813811,0
6796,122.2150781,207.4813811,0
6797,122.2150781,207.4813811,0
6798,122.2150781,207.4813811,0
6799,122.2150781,207.4813811,0
6800,122.2150781,207.4813811,0
6801,122.2150781,207.4813811,0
6802,122.2150781,207.4813811,0
6803,122.2150781,207.4813811,0
6804,122.2150781,207.4813811,0
6805,122.2150781,207.4813811,0
6806,122.2150781,207.4813811,0
6807,122.2150781,207.4813811,0
6808,122.2150781,207.4813811,0
6809,122.2150781,207.4813811,0
6810,122.2150781,207.4813811,0
6811,122.2150781,207.4813811,0
6812,122.2150781,207.4813811,0
6813,122.2150781,207.4813811,0
6814,122.2150781,207.4813811,0
6815,122.2150781,207.4813811,0
6816,122.2150781,207.4813811,0
6817,122.2150781,207.4813811,0
6818,122.2150781,207.4813811,0
6819,122.2150781,207.4813811,0
6820,122.2150781,207.4813811,0
6821,122.2150781,207.4813811,0
6822,122.2150781,207.4813811,0
6823,122.2150781,207.4813811,0
6824,122.2150781,207.4813811,0
6825,122.2150781,207.4813811,0
6826,122.2150781,207.4813811,0
6827,122.2150781,207.4813811,0
6828,122.2150781,207.4813811,0
6829,125.0572893,207.4813811,0
6830,125.0572893,207.4813811,0
6831,125.0572893,207.4813811,0
6832,125.0572893,207.4813811,0
6833,125.0572893,207.4813811,0
6834,125.0572893,207.4813811,0
6835,125.0572893,207.4813811,0
6836,125.0572893,207.4813811,0
6837,125.0572893,207.4813811,0
6838,125.0572893,207.4813811,0
6839,125.0572893,207.4813811,0
6840,125.0572893,207.4813811,0
6841,125.0572893,207.4813811,0
6842,125.0572893,207.4813811,0
6843,125.0572893,207.4813811,0
6844,125.0572893,207.4813811,0
6845,125.0572893,207.4813811,0
6846,125.0572893,207.4813811,0
6847,125.0572893,207.4813811,0
6848,125.0572893,207.4813811,0
6849,125.0572893,207.4813811,0
6850,125.0572893,207.4813811,0
6851,125.0572893,207.4813811,0
6852,125.0572893,207.4813811,0
6853,125.0572893,207.4813811,0
6854,125.0572893,207.4813811,0
6855,125.0572893,207.4813811,0
6856,125.0572893,207.4813811,0
6857,125.0572893,207.4813811,0
6858,125.0572893,207.4813811,0
6859,125.0572893,207.4813811,0
6860,125.0572893,207.4813811,0
6861,125.0572893,207.4813811,0
6862,125.0572893,207.4813811,0
6863,125.0572893,207.4813811,0
6864,125.0572893,207.4813811,0
6865,125.0572893,207.4813811,0
6866,125.0572893,207.4813811,0
6867,125.0572893,207.4813811,0
6868,125.0572893,207.4813811,0
6869,125.0572893,207.4813811,0
6870,125.0572893,207.4813811,0
6871,125.0572893,207.4813811,0
6872,125.0572893,207.4813811,0
6873,125.0572893,207.4813811,0
6874,125.0572893,207.4813811,0
6875,125.0572893,207.4813811,0
6876,125.0572893,207.4813811,0
6877,125.0572893,207.4813811,0
6878,125.0572893,207.4813811,0
6879,122.2150781,207.4813811,0
6880,122.2150781,207.4813811,0
6881,122.2150781,207.4813811,0
6882,122.2150781,207.4813811,0
6883,122.2150781,207.4813811,0
6884,122.2150781,207.4813811,0
6885,122.2150781,207.4813811,0
6886,122.2150781,207.4813811,0
6887,122.2150781,207.4813811,0
6888,122.2150781,207.4813811,0
6889,122.2150781,207.4813811,0
6890,122.2150781,207.4813811,0
6891,119.372867,207.4813811,0
6892,119.372867,207.4813811,0
6893,119.372867,207.4813811,0
6894,119.372867,207.4813811,0
6895,119.372867,207.4813811,0
6896,119.372867,207.4813811,0
6897,119.372867,207.4813811,0
6898,119.372867,207.4813811,0
6899,119.372867,207.4813811,0
6900,119.372867,207.4813811,0
6901,119.372867,207.4813811,0
6902,119.372867,207.4813811,0
6903,119.372867,207.4813811,0
6904,119.372867,207.4813811,0
6905,119.372867,207.4813811,0
6906,119.372867,207.4813811,0
6907,122.215078,207.4813811,0
6908,122.215078,207.4813811,0
6909,122.215078,207.4813811,0
6910,122.215078,207.4813811,0
6911,122.215078,207.4813811,0
6912,122.215078,207.4813811,0
6913,122.215078,207.4813811,0
6914,122.215078,207.4813811,0
6915,122.215078,207.4813811,0
6916,122.215078,207.4813811,0
6917,122.215078,207.4813811,0
6918,122.215078,207.4813811,0
6919,122.215078,207.4813811,0
6920,122.215078,207.4813811,0
6921,122.215078,207.4813811,0
6922,122.215078,207.4813811,0
6923,122.215078,207.4813811,0
6924,122.215078,207.4813811,0
6925,122.215078,207.4813811,0
6926,122.215078,207.4813811,0
6927,122.215078,207.4813811,0
6928,122.215078,207.4813811,0
6929,122.215078,207.4813811,0
6930,122.215078,207.4813811,0
6931,122.215078,207.4813811,0
6932,122.215078,207.4813811,0
6933,122.215078,207.4813811,0
6934,125.0572892,207.4813811,0
6935,125.0572892,207.4813811,0
6936,125.0572892,207.4813811,0
6937,125.0572892,207.4813811,0
6938,125.0572892,207.4813811,0
6939,125.0572892,207.4813811,0
6940,125.0572892,207.4813811,0
6941,125.0572892,207.4813811,0
6942,125.0572892,207.4813811,0
6943,125.0572892,207.4813811,0
6944,125.0572892,207.4813811,0
6945,125.0572892,207.4813811,0
6946,125.0572892,207.4813811,0
6947,125.0572892,207.4813811,0
6948,125.0572892,207.4813811,0
6949,125.0572892,207.4813811,0
6950,125.0572892,207.4813811,0
6951,125.0572892,207.4813811,0
6952,125.0572892,207.4813811,0
6953,125.0572892,207.4813811,0
6954,125.0572892,207.4813811,0
6955,125.0572892,207.4813811,0
6956,125.0572892,207.4813811,0
6957,125.0572892,207.4813811,0
6958,125.0572892,207.4813811,0
6959,125.0572892,207.4813811,0
6960,125.0572892,207.4813811,0
6961,125.0572892,207.4813811,0
6962,125.0572892,207.4813811,0
6963,125.0572892,207.4813811,0
6964,125.0572892,207.4813811,0
6965,125.0572892,207.4813811,0
6966,125.0572892,207.4813811,0
6967,125.0572892,207.4813811,0
6968,125.0572892,207.4813811,0
6969,125.0572892,207.4813811,0
6970,125.0572892,207.4813811,0
6971,125.0572892,207.4813811,0
6972,125.0572892,213.1658025,0
6973,125.0572892,213.1658025,0
6974,125.0572892,213.1658025,0
6975,125.0572892,213.1658025,0
6976,125.0572892,213.1658025,0
6977,125.0572892,213.1658025,0
6978,125.0572892,213.1658025,0
6979,125.0572892,213.1658025,0
6980,125.0572892,213.1658025,0
6981,125.0572892,213.1658025,0
6982,125.0572892,213.1658025,0
6983,125.0572892,213.1658025,0
6984,125.0572892,213.1658025,0
6985,125.0572892,213.1658025,0
6986,125.0572892,213.1658025,0
6987,125.0572892,213.1658025,0
6988,125.0572892,213.1658025,0
6989,125.0572892,213.1658025,0
6990,125.0572892,213.1658025,0
6991,125.0572892,213.1658025,0
6992,125.0572892,213.1658025,0
6993,125.0572892,213.1658025,0
6994,125.0572892,213.1658025,0
6995,125.0572892,213.1658025,0
6996,125.0572892,213.1658025,0
6997,125.0572892,213.1658025,0
6998,125.0572892,213.1658025,0
6999,125.0572892,213.1658025,0
7000,125.0572892,213.1658025,0
7001,125.0572892,213.1658025,0
7002,125.0572892,213.1658025,0
7003,125.0572892,213.1658025,0
7004,125.0572892,213.1658025,0
7005,122.2150781,213.1658025,0
7006,122.2150781,213.1658025,0
7007,122.2150781,213.1658025,0
7008,122.2150781,213.1658025,0
7009,122.2150781,213.1658025,0
7010,122.2150781,213.1658025,0
7011,122.2150781,213.1658025,0
7012,122.2150781,213.1658025,0
7013,122.2150781,213.1658025,0
7014,122.2150781,213.1658025,0
7015,122.2150781,213.1658025,0
7016,122.2150781,213.1658025,0
7017,122.2150781,213.1658025,0
7018,122.2150781,213.1658025,0
7019,122.2150781,213.1658025,0
7020,122.2150781,213.1658025,0
7021,122.2150781,213.1658025,0
7022,122.2150781,213.1658025,0
7023,122.2150781,213.1658025,0
7024,122.2150781,213.1658025,0
7025,122.2150781,213.1658025,0
7026,122.2150781,213.1658025,0
7027,122.2150781,213.1658025,0
7028,122.2150781,213.1658025,0
7029,122.2150781,213.1658025,0
7030,125.0572893,213.1658025,0
7031,125.0572893,213.1658025,0
7032,125.0572893,213.1658025,0
7033,125.0572893,213.1658025,0
7034,125.0572893,213.1658025,0
7035,125.0572893,213.1658025,0
7036,125.0572893,213.1658025,0
7037,125.0572893,213.1658025,0
7038,125.0572893,213.1658025,0
7039,125.0572893,213.1658025,0
7040,125.0572893,213.1658025,0
7041,125.0572893,213.1658025,0
7042,125.0572893,213.1658025,0
7043,125.0572893,213.1658025,0
7044,125.0572893,213.1658025,0
7045,125.0572893,213.1658025,0
7046,125.0572893,213.1658025,0
7047,125.0572893,213.1658025,0
7048,125.0572893,213.1658025,0
7049,125.0572893,213.1658025,0
7050,125.0572893,213.1658025,0
7051,125.0572893,213.1658025,0
7052,125.0572893,213.1658025,0
7053,125.0572893,213.1658025,0
7054,125.0572893,213.1658025,0
7055,125.0572893,213.1658025,0
7056,125.0572893,213.1658025,0
7057,125.0572893,213.1658025,0
7058,125.0572893,213.1658025,0
7059,125.0572893,213.1658025,0
7060,125.0572893,213.1658025,0
7061,125.0572893,213.1658025,0
7062,125.0572893,213.1658025,0
7063,125.0572893,213.1658025,0
7064,125.0572893,213.1658025,0
7065,125.0572893,213.1658025,0
7066,125.0572893,207.4813811,0
7067,125.0572893,207.4813811,0
7068,125.0572893,207.4813811,0
7069,125.0572893,207.4813811,0
7070,125.0572893,207.4813811,0
7071,125.0572893,207.4813811,0
7072,125.0572893,207.4813811,0
7073,125.0572893,207.4813811,0
7074,125.0572893,207.4813811,0
7075,125.0572893,207.4813811,0
7076,125.0572893,207.4813811,0
7077,125.0572893,207.4813811,0
7078,125.0572893,207.4813811,0
7079,125.0572893,207.4813811,0
7080,122.215078,207.4813811,0
7081,122.215078,207.4813811,0
7082,122.215078,207.4813811,0
7083,122.215078,207.4813811,0
7084,122.215078,207.4813811,0
7085,122.215078,207.4813811,0
7086,122.215078,207.4813811,0
7087,122.215078,207.4813811,0
7088,122.215078,207.4813811,0
7089,122.215078,207.4813811,0
7090,122.215078,207.4813811,0
7091,122.215078,207.4813811,0
7092,122.215078,207.4813811,0
7093,122.215078,207.4813811,0
7094,122.215078,207.4813811,0
7095,122.215078,207.4813811,0
7096,122.215078,207.4813811,0
7097,122.215078,207.4813811,0
7098,122.215078,207.4813811,0
7099,122.215078,207.4813811,0
7100,122.215078,207.4813811,0
7101,122.215078,207.4813811,0
7102,122.215078,207.4813811,0
7103,122.215078,207.4813811,0
7104,122.215078,207.4813811,0
7105,122.215078,207.4813811,0
7106,122.215078,207.4813811,0
7107,122.215078,207.4813811,0
7108,122.215078,207.4813811,0
7109,122.215078,207.4813811,0
7110,122.215078,207.4813811,0
7111,122.215078,207.4813811,0
7112,122.215078,207.4813811,0
7113,122.215078,207.4813811,0
7114,122.215078,207.4813811,0
7115,122.215078,207.4813811,0
7116,122.215078,207.4813811,0
7117,122.215078,207.4813811,0
7118,122.215078,207.4813811,0
7119,122.215078,207.4813811,0
7120,122.215078,207.4813811,0
7121,122.215078,207.4813811,0
7122,122.215078,207.4813811,0
7123,122.215078,207.4813811,0
7124,122.215078,207.4813811,0
7125,122.215078,207.4813811,0
7126,122.215078,207.4813811,0
7127,122.215078,207.4813811,0
7128,122.215078,207.4813811,0
7129,122.215078,207.4813811,0
7130,122.215078,207.4813811,0
7131,122.215078,207.4813811,0
7132,122.215078,207.4813811,0
7133,122.215078,207.4813811,0
7134,122.215078,207.4813811,0
7135,122.215078,207.4813811,0
7136,122.215078,207.4813811,0
7137,122.215078,207.4813811,0
7138,122.215078,207.4813811,0
7139,122.215078,207.4813811,0
7140,122.215078,207.4813811,0
7141,122.215078,207.4813811,0
7142,122.215078,207.4813811,0
7143,122.215078,207.4813811,0
7144,122.215078,207.4813811,0
7145,122.215078,207.4813811,0
7146,122.215078,207.4813811,0
7147,122.215078,204.6391704,0
7148,122.215078,204.6391704,0
7149,122.215078,204.6391704,0
7150,122.215078,204.6391704,0
7151,122.215078,204.6391704,0
7152,122.2150781,207.4813811,0
7153,122.2150781,207.4813811,0
7154,122.2150781,207.4813811,0
7155,122.2150781,207.4813811,0
7156,122.2150781,207.4813811,0
7157,122.2150781,207.4813811,0
7158,122.2150781,207.4813811,0
7159,122.2150781,207.4813811,0
7160,122.2150781,207.4813811,0
7161,122.2150781,207.4813811,0
7162,122.2150781,207.4813811,0
7163,122.2150781,207.4813811,0
7164,122.2150781,207.4813811,0
7165,122.2150781,207.4813811,0
7166,122.2150781,207.4813811,0
7167,122.2150781,207.4813811,0
7168,122.2150781,207.4813811,0
7169,122.2150781,207.4813811,0
7170,122.2150781,207.4813811,0
7171,122.2150781,207.4813811,0
7172,122.2150781,207.4813811,0
7173,122.2150781,207.4813811,0
7174,122.2150781,207.4813811,0
7175,122.2150781,207.4813811,0
7176,122.2150781,207.4813811,0
7177,122.2150781,207.4813811,0
7178,122.2150781,207.4813811,0
7179,122.2150781,207.4813811,0
7180,122.2150781,207.4813811,0
7181,122.2150781,207.4813811,0
7182,122.2150781,207.4813811,0
7183,122.2150781,207.4813811,0
7184,122.2150781,207.4813811,0
7185,122.2150781,207.4813811,0
7186,122.2150781,207.4813811,0
7187,122.2150781,207.4813811,0
7188,122.2150781,207.4813811,0
7189,122.2150781,207.4813811,0
7190,122.2150781,207.4813811,0
7191,122.2150781,207.4813811,0
7192,122.2150781,207.4813811,0
7193,122.2150781,207.4813811,0
7194,122.2150781,207.4813811,0
7195,122.2150781,207.4813811,0
7196,122.2150781,207.4813811,0
7197,122.2150781,207.4813811,0
7198,122.2150781,207.4813811,0
7199,122.2150781,207.4813811,0
7200,122.2150781,207.4813811,0
7201,122.2150781,207.4813811,0
7202,122.215078,207.4813811,0
7203,122.215078,207.4813811,0
7204,122.215078,207.4813811,0
7205,122.215078,207.4813811,0
7206,122.215078,207.4813811,0
7207,122.215078,207.4813811,0
7208,122.215078,207.4813811,0
7209,122.215078,207.4813811,0
7210,122.215078,207.4813811,0
7211,122.215078,207.4813811,0
7212,122.215078,207.4813811,0
7213,122.215078,207.4813811,0
7214,122.215078,207.4813811,0
7215,122.215078,207.4813811,0
7216,122.215078,207.4813811,0
7217,122.215078,207.4813811,0
7218,122.215078,207.4813811,0
7219,122.215078,207.4813811,0
7220,122.215078,207.4813811,0
7221,122.215078,207.4813811,0
7222,122.215078,207.4813811,0
7223,122.215078,207.4813811,0
7224,122.215078,207.4813811,0
7225,122.215078,207.4813811,0
7226,122.215078,207.4813811,0
7227,122.215078,207.4813811,0
7228,122.215078,207.4813811,0
7229,122.215078,207.4813811,0
7230,122.215078,207.4813811,0
7231,122.215078,207.4813811,0
7232,122.215078,207.4813811,0
7233,122.215078,207.4813811,0
7234,122.215078,207.4813811,0
7235,122.215078,207.4813811,0
7236,122.215078,207.4813811,0
7237,122.215078,207.4813811,0
7238,122.215078,207.4813811,0
7239,122.215078,207.4813811,0
7240,122.215078,207.4813811,0
7241,122.215078,207.4813811,0
7242,122.215078,207.4813811,0
7243,122.215078,207.4813811,0
7244,122.215078,207.4813811,0
7245,122.215078,207.4813811,0
7246,122.215078,207.4813811,0
7247,122.215078,207.4813811,0
7248,122.215078,207.4813811,0
7249,122.215078,207.4813811,0
7250,122.215078,207.4813811,0
7251,119.372867,207.4813811,0
7252,119.372867,207.4813811,0
7253,119.372867,207.4813811,0
7254,119.372867,207.4813811,0
7255,119.372867,207.4813811,0
7256,119.372867,207.4813811,0
7257,119.372867,207.4813811,0
7258,119.372867,207.4813811,0
7259,119.372867,207.4813811,0
7260,119.372867,207.4813811,0
7261,119.372867,207.4813811,0
7262,119.372867,207.4813811,0
7263,119.372867,207.4813811,0
7264,119.372867,207.4813811,0
7265,119.372867,204.6391704,0
7266,119.372867,204.6391704,0
7267,119.372867,204.6391704,0
7268,119.372867,204.6391704,0
7269,119.372867,204.6391704,0
7270,119.372867,204.6391704,0
7271,119.372867,204.6391704,0
7272,119.372867,204.6391704,0
7273,119.372867,204.6391704,0
7274,119.372867,204.6391704,0
7275,119.372867,204.6391704,0
7276,119.372867,204.6391704,0
7277,119.372867,204.6391704,0
7278,119.372867,204.6391704,0
7279,119.372867,204.6391704,0
7280,119.372867,204.6391704,0
7281,119.372867,204.6391704,0
7282,119.372867,204.6391704,0
7283,119.372867,204.6391704,0
7284,119.372867,204.6391704,0
7285,119.372867,204.6391704,0
7286,119.372867,204.6391704,0
7287,119.372867,204.6391704,0
7288,119.372867,204.6391704,0
7289,119.372867,204.6391704,0
7290,119.372867,204.6391704,0
7291,119.372867,204.6391704,0
7292,119.372867,204.6391704,0
7293,119.372867,204.6391704,0
7294,119.372867,204.6391704,0
7295,119.372867,204.6391704,0
7296,119.372867,204.6391704,0
7297,113.6884448,204.6391704,0
7298,113.6884448,204.6391704,0
7299,113.6884448,204.6391704,0
7300,113.6884448,204.6391704,0
7301,113.6884448,204.6391704,0
7302,113.6884448,204.6391704,0
7303,113.6884448,204.6391704,0
7304,119.3728669,204.6391704,0
7305,119.372867,204.6391704,0
7306,119.372867,204.6391704,0
7307,119.372867,204.6391704,0
7308,119.372867,204.6391704,0
7309,119.372867,204.6391704,0
7310,119.372867,204.6391704,0
7311,119.372867,204.6391704,0
7312,119.372867,204.6391704,0
7313,119.372867,204.6391704,0
7314,119.372867,204.6391704,0
7315,119.372867,204.6391704,0
7316,119.372867,204.6391704,0
7317,119.372867,204.6391704,0
7318,119.372867,204.6391704,0
7319,119.372867,204.6391704,0
7320,119.372867,204.6391704,0
7321,119.372867,204.6391704,0
7322,119.372867,204.6391704,0
7323,122.2150781,204.6391704,0
7324,122.2150781,204.6391704,0
7325,122.2150781,204.6391704,0
7326,122.2150781,204.6391704,0
7327,122.2150781,204.6391704,0
7328,122.2150781,204.6391704,0
7329,122.2150781,204.6391704,0
7330,122.2150781,204.6391704,0
7331,122.2150781,204.6391704,0
7332,122.2150781,204.6391704,0
7333,122.2150781,204.6391704,0
7334,122.2150781,204.6391704,0
7335,122.2150781,204.6391704,0
7336,122.2150781,204.6391704,0
7337,122.2150781,204.6391704,0
7338,122.2150781,204.6391704,0
7339,122.2150781,204.6391704,0
7340,122.2150781,204.6391704,0
7341,122.2150781,204.6391704,0
7342,122.2150781,207.4813811,0
7343,122.2150781,207.4813811,0
7344,122.2150781,207.4813811,0
7345,122.2150781,207.4813811,0
7346,122.2150781,207.4813811,0
7347,122.2150781,207.4813811,0
7348,122.2150781,207.4813811,0
7349,122.2150781,207.4813811,0
7350,122.2150781,207.4813811,0
7351,122.2150781,207.4813811,0
7352,122.2150781,207.4813811,0
7353,122.2150781,207.4813811,0
7354,122.2150781,207.4813811,0
7355,122.2150781,207.4813811,0
7356,122.2150781,207.4813811,0
7357,122.2150781,207.4813811,0
7358,122.2150781,207.4813811,0
7359,122.2150781,207.4813811,0
7360,122.2150781,207.4813811,0
7361,122.2150781,207.4813811,0
7362,122.2150781,207.4813811,0
7363,122.2150781,207.4813811,0
7364,122.2150781,207.4813811,0
7365,122.2150781,207.4813811,0
7366,122.2150781,207.4813811,0
7367,122.2150781,207.4813811,0
7368,122.2150781,207.4813811,0
7369,122.2150781,207.4813811,0
7370,122.2150781,207.4813811,0
7371,122.2150781,207.4813811,0
7372,122.2150781,207.4813811,0
7373,119.372867,207.4813811,0
7374,119.372867,207.4813811,0
7375,119.372867,207.4813811,0
7376,119.372867,207.4813811,0
7377,119.372867,207.4813811,0
7378,119.372867,207.4813811,0
7379,119.372867,207.4813811,0
7380,119.372867,207.4813811,0
7381,119.372867,207.4813811,0
7382,119.372867,207.4813811,0
7383,119.372867,207.4813811,0
7384,119.372867,207.4813811,0
7385,119.372867,207.4813811,0
7386,119.372867,207.4813811,0
7387,119.372867,207.4813811,0
7388,119.372867,207.4813811,0
7389,119.372867,207.4813811,0
7390,119.372867,207.4813811,0
7391,119.372867,207.4813811,0
7392,122.2150781,207.4813811,0
7393,122.2150781,207.4813811,0
7394,122.2150781,207.4813811,0
7395,122.2150781,207.4813811,0
7396,122.2150781,207.4813811,0
7397,122.2150781,207.4813811,0
7398,122.2150781,207.4813811,0
7399,122.2150781,204.6391704,0
7400,122.2150781,204.6391704,0
7401,122.2150781,204.6391704,0
7402,122.2150781,204.6391704,0
7403,122.2150781,204.6391704,0
7404,122.2150781,207.4813811,0
7405,122.2150781,207.4813811,0
7406,122.2150781,207.4813811,0
7407,122.2150781,207.4813811,0
7408,122.2150781,207.4813811,0
7409,122.2150781,207.4813811,0
7410,122.2150781,207.4813811,0
7411,122.2150781,207.4813811,0
7412,122.2150781,207.4813811,0
7413,122.2150781,207.4813811,0
7414,122.2150781,207.4813811,0
7415,122.2150781,207.4813811,0
7416,122.2150781,207.4813811,0
7417,122.2150781,207.4813811,0
7418,122.2150781,207.4813811,0
7419,122.2150781,207.4813811,0
7420,122.2150781,207.4813811,0
7421,122.2150781,207.4813811,0
7422,122.2150781,207.4813811,0
7423,122.2150781,207.4813811,0
7424,122.2150781,207.4813811,0
7425,122.2150781,207.4813811,0
7426,122.2150781,207.4813811,0
7427,122.2150781,207.4813811,0
7428,122.2150781,207.4813811,0
7429,122.2150781,207.4813811,0
7430,122.2150781,207.4813811,0
7431,122.2150781,207.4813811,0
7432,122.2150781,207.4813811,0
7433,122.2150781,207.4813811,0
7434,122.2150781,207.4813811,0
7435,122.2150781,207.4813811,0
7436,122.2150781,207.4813811,0
7437,122.2150781,207.4813811,0
7438,122.2150781,207.4813811,0
7439,122.2150781,207.4813811,0
7440,122.2150781,207.4813811,0
7441,122.2150781,207.4813811,0
7442,119.372867,207.4813811,0
7443,119.372867,207.4813811,0
7444,119.372867,207.4813811,0
7445,119.372867,207.4813811,0
7446,119.372867,207.4813811,0
7447,119.372867,207.4813811,0
7448,119.372867,207.4813811,0
7449,119.372867,207.4813811,0
7450,119.372867,207.4813811,0
7451,119.372867,207.4813811,0
7452,119.372867,207.4813811,0
7453,119.372867,207.4813811,0
7454,119.372867,207.4813811,0
7455,119.372867,207.4813811,0
7456,119.372867,207.4813811,0
7457,119.372867,207.4813811,0
7458,119.372867,207.4813811,0
7459,119.372867,207.4813811,0
7460,119.372867,207.4813811,0
7461,119.372867,207.4813811,0
7462,119.372867,207.4813811,0
7463,119.372867,207.4813811,0
7464,119.372867,207.4813811,0
7465,119.372867,207.4813811,0
7466,119.372867,207.4813811,0
7467,119.372867,207.4813811,0
7468,119.372867,207.4813811,0
7469,119.372867,207.4813811,0
7470,119.372867,207.4813811,0
7471,119.372867,207.4813811,0
7472,119.372867,207.4813811,0
7473,119.372867,207.4813811,0
7474,119.372867,207.4813811,0
7475,119.372867,207.4813811,0
7476,119.372867,207.4813811,0
7477,119.372867,207.4813811,0
7478,119.3728669,207.4813811,0
7479,119.3728669,207.4813811,0
7480,119.3728669,207.4813811,0
7481,119.3728669,207.4813811,0
7482,119.3728669,207.4813811,0
7483,119.3728669,207.4813811,0
7484,119.3728669,207.4813811,0
7485,119.3728669,207.4813811,0
7486,119.3728669,207.4813811,0
7487,119.3728669,207.4813811,0
7488,119.3728669,207.4813811,0
7489,119.3728669,207.4813811,0
7490,119.3728669,207.4813811,0
7491,119.3728669,207.4813811,0
7492,119.3728669,207.4813811,0
7493,119.3728669,207.4813811,0
7494,119.3728669,207.4813811,0
7495,119.3728669,207.4813811,0
7496,119.3728669,207.4813811,0
7497,119.3728669,207.4813811,0
7498,119.3728669,207.4813811,0
7499,119.3728669,207.4813811,0
7500,119.3728669,207.4813811,0
7501,119.3728669,207.4813811,0
7502,119.3728669,207.4813811,0
7503,119.3728669,207.4813811,0
7504,119.3728669,207.4813811,0
7505,119.3728669,207.4813811,0
7506,119.3728669,207.4813811,0
7507,119.3728669,207.4813811,0
7508,119.3728669,207.4813811,0
7509,119.3728669,207.4813811,0
7510,119.3728669,207.4813811,0
7511,119.3728669,207.4813811,0
7512,119.3728669,207.4813811,0
7513,119.3728669,207.4813811,0
7514,119.3728669,207.4813811,0
7515,119.3728669,207.4813811,0
7516,119.3728669,207.4813811,0
7517,119.3728669,207.4813811,0
7518,119.372867,207.4813811,0
7519,119.372867,207.4813811,0
7520,119.372867,207.4813811,0
7521,119.372867,207.4813811,0
7522,119.372867,207.4813811,0
7523,119.372867,207.4813811,0
7524,119.372867,207.4813811,0
7525,119.372867,207.4813811,0
7526,119.372867,207.4813811,0
7527,119.372867,207.4813811,0
7528,119.372867,207.4813811,0
7529,119.372867,207.4813811,0
7530,119.372867,207.4813811,0
7531,119.372867,207.4813811,0
7532,119.372867,207.4813811,0
7533,119.372867,207.4813811,0
7534,119.372867,207.4813811,0
7535,119.372867,207.4813811,0
7536,119.372867,207.4813811,0
7537,119.372867,207.4813811,0
7538,122.2150781,207.4813811,0
7539,122.2150781,207.4813811,0
7540,122.2150781,207.4813811,0
7541,122.2150781,207.4813811,0
7542,122.2150781,207.4813811,0
7543,122.2150781,207.4813811,0
7544,122.2150781,207.4813811,0
7545,122.2150781,207.4813811,0
7546,122.2150781,207.4813811,0
7547,122.2150781,207.4813811,0
7548,122.2150781,207.4813811,0
7549,122.2150781,207.4813811,0
7550,122.2150781,207.4813811,0
7551,122.2150781,207.4813811,0
7552,122.2150781,207.4813811,0
7553,122.2150781,207.4813811,0
7554,122.2150781,207.4813811,0
7555,122.2150781,207.4813811,0
7556,122.2150781,207.4813811,0
7557,122.2150781,207.4813811,0
7558,122.2150781,207.4813811,0
7559,122.2150781,207.4813811,0
7560,122.2150781,207.4813811,0
7561,122.2150781,207.4813811,0
7562,122.2150781,207.4813811,0
7563,122.2150781,207.4813811,0
7564,122.2150781,207.4813811,0
7565,122.2150781,207.4813811,0
7566,122.2150781,207.4813811,0
7567,122.2150781,207.4813811,0
7568,122.2150781,207.4813811,0
7569,122.2150781,207.4813811,0
7570,122.2150781,207.4813811,0
7571,122.2150781,207.4813811,0
7572,122.2150781,207.4813811,0
7573,122.2150781,207.4813811,0
7574,122.2150781,207.4813811,0
7575,122.2150781,207.4813811,0
7576,122.2150781,207.4813811,0
7577,122.2150781,207.4813811,0
7578,122.2150781,207.4813811,0
7579,122.2150781,207.4813811,0
7580,122.2150781,207.4813811,0
7581,122.2150781,207.4813811,0
7582,122.2150781,207.4813811,0
7583,122.2150781,207.4813811,0
7584,122.2150781,207.4813811,0
7585,122.2150781,207.4813811,0
7586,122.2150781,207.4813811,0
7587,122.2150781,207.4813811,0
7588,122.2150781,207.4813811,0
7589,122.2150781,207.4813811,0
7590,122.2150781,207.4813811,0
7591,122.2150781,207.4813811,0
7592,122.2150781,207.4813811,0
7593,122.2150781,207.4813811,0
7594,122.2150781,207.4813811,0
7595,122.2150781,207.4813811,0
7596,122.2150781,207.4813811,0
7597,122.2150781,207.4813811,0
7598,122.2150781,207.4813811,0
7599,122.2150781,207.4813811,0
7600,122.2150781,207.4813811,0
7601,122.2150781,207.4813811,0
7602,122.2150781,207.4813811,0
7603,122.2150781,207.4813811,0
7604,122.2150781,207.4813811,0
7605,122.2150781,207.4813811,0
7606,122.2150781,207.4813811,0
7607,122.2150781,207.4813811,0
7608,122.2150781,207.4813811,0
7609,122.2150781,207.4813811,0
7610,122.2150781,207.4813811,0
7611,122.2150781,207.4813811,0
7612,122.2150781,207.4813811,0
7613,122.2150781,207.4813811,0
7614,122.2150781,207.4813811,0
7615,122.2150781,207.4813811,0
7616,122.2150781,207.4813811,0
7617,122.2150781,207.4813811,0
7618,122.2150781,207.4813811,0
7619,122.2150781,207.4813811,0
7620,122.2150781,207.4813811,0
7621,119.3728669,207.4813811,0
7622,119.3728669,207.4813811,0
7623,119.3728669,207.4813811,0
7624,119.3728669,207.4813811,0
7625,119.3728669,207.4813811,0
7626,119.3728669,207.4813811,0
7627,125.0572891,207.4813811,0
7628,125.0572891,207.4813811,0
7629,125.0572891,207.4813811,0
7630,125.0572891,207.4813811,0
7631,125.0572891,207.4813811,0
7632,125.0572891,207.4813811,0
7633,125.0572891,207.4813811,0
7634,125.0572891,207.4813811,0
7635,125.0572891,207.4813811,0
7636,125.0572891,207.4813811,0
7637,125.0572891,207.4813811,0
7638,125.0572891,207.4813811,0
7639,125.0572891,207.4813811,0
7640,125.0572891,207.4813811,0
7641,125.0572891,207.4813811,0
7642,125.0572891,207.4813811,0
7643,125.0572891,207.4813811,0
7644,125.0572891,207.4813811,0
7645,125.0572891,207.4813811,0
7646,125.0572891,207.4813811,0
7647,125.0572891,207.4813811,0
7648,125.0572891,207.4813811,0
7649,125.0572891,207.4813811,0
7650,125.0572891,207.4813811,0
7651,125.0572891,207.4813811,0
7652,125.0572891,207.4813811,0
7653,125.0572891,207.4813811,0
7654,125.0572891,207.4813811,0
7655,125.0572891,207.4813811,0
7656,125.0572891,207.4813811,0
7657,125.0572891,207.4813811,0
7658,125.0572891,207.4813811,0
7659,125.0572891,207.4813811,0
7660,125.0572891,207.4813811,0
7661,125.0572891,207.4813811,0
7662,125.0572891,207.4813811,0
7663,125.0572891,207.4813811,0
7664,125.0572891,207.4813811,0
7665,125.0572891,207.4813811,0
7666,125.0572891,207.4813811,0
7667,125.0572891,207.4813811,0
7668,125.0572891,207.4813811,0
7669,125.0572891,207.4813811,0
7670,125.0572891,207.4813811,0
7671,125.0572891,207.4813811,0
7672,125.0572891,207.4813811,0
7673,125.0572891,207.4813811,0
7674,125.0572891,207.4813811,0
7675,125.0572891,207.4813811,0
7676,125.0572891,207.4813811,0
7677,119.372867,207.4813811,0
7678,119.372867,207.4813811,0
7679,119.372867,207.4813811,0
7680,119.372867,207.4813811,0
7681,119.372867,207.4813811,0
7682,119.372867,207.4813811,0
7683,119.372867,207.4813811,0
7684,119.372867,207.4813811,0
7685,119.372867,207.4813811,0
7686,119.372867,207.4813811,0
7687,119.372867,207.4813811,0
7688,119.372867,207.4813811,0
7689,119.372867,207.4813811,0
7690,119.372867,207.4813811,0
7691,119.372867,207.4813811,0
7692,119.372867,207.4813811,0
7693,119.372867,207.4813811,0
7694,119.372867,207.4813811,0
7695,119.372867,207.4813811,0
7696,119.372867,207.4813811,0
7697,119.372867,207.4813811,0
7698,119.372867,207.4813811,0
7699,119.372867,207.4813811,0
7700,119.372867,207.4813811,0
7701,119.372867,207.4813811,0
7702,119.372867,207.4813811,0
7703,119.372867,207.4813811,0
7704,119.372867,207.4813811,0
7705,119.372867,207.4813811,0
7706,119.372867,207.4813811,0
7707,119.372867,207.4813811,0
7708,119.372867,207.4813811,0
7709,119.372867,207.4813811,0
7710,119.372867,207.4813811,0
7711,119.372867,207.4813811,0
7712,119.372867,207.4813811,0
7713,119.372867,207.4813811,0
7714,119.372867,207.4813811,0
7715,119.372867,207.4813811,0
7716,119.372867,207.4813811,0
7717,119.372867,207.4813811,0
7718,119.372867,207.4813811,0
7719,119.372867,207.4813811,0
7720,119.372867,207.4813811,0
7721,119.372867,207.4813811,0
7722,119.372867,207.4813811,0
7723,119.372867,207.4813811,0
7724,119.372867,207.4813811,0
7725,119.372867,207.4813811,0
7726,119.372867,207.4813811,0
7727,119.372867,207.4813811,0
7728,119.372867,207.4813811,0
7729,119.372867,207.4813811,0
7730,119.372867,207.4813811,0
7731,119.372867,207.4813811,0
7732,119.372867,207.4813811,0
7733,119.372867,207.4813811,0
7734,119.372867,207.4813811,0
7735,119.372867,207.4813811,0
7736,119.372867,207.4813811,0
7737,119.372867,207.4813811,0
7738,119.372867,207.4813811,0
7739,119.3728669,207.4813811,0
7740,119.3728669,207.4813811,0
7741,119.3728669,207.4813811,0
7742,119.3728669,207.4813811,0
7743,119.3728669,207.4813811,0
7744,119.3728669,207.4813811,0
7745,119.3728669,207.4813811,0
7746,119.3728669,207.4813811,0
7747,119.3728669,207.4813811,0
7748,119.3728669,207.4813811,0
7749,119.3728669,207.4813811,0
7750,119.3728669,207.4813811,0
7751,119.3728669,207.4813811,0
7752,119.3728669,207.4813811,0
7753,119.3728669,207.4813811,0
7754,119.3728669,210.3235918,0
7755,119.3728669,210.3235918,0
7756,119.3728669,210.3235918,0
7757,119.3728669,210.3235918,0
7758,119.3728669,210.3235918,0
7759,119.3728669,210.3235918,0
7760,119.3728669,210.3235918,0
7761,119.3728669,210.3235918,0
7762,119.3728669,210.3235918,0
7763,119.3728669,210.3235918,0
7764,119.3728669,210.3235918,0
7765,119.3728669,210.3235918,0
7766,119.3728669,210.3235918,0
7767,119.3728669,210.3235918,0
7768,119.3728669,210.3235918,0
7769,119.3728669,210.3235918,0
7770,119.3728669,210.3235918,0
7771,119.3728669,210.3235918,0
7772,119.3728669,210.3235918,0
7773,119.3728669,210.3235918,0
7774,119.3728669,210.3235918,0
7775,119.3728669,210.3235918,0
7776,119.3728669,210.3235918,0
7777,119.3728669,210.3235918,0
7778,119.3728669,210.3235918,0
7779,119.3728669,210.3235918,0
7780,119.3728669,210.3235918,0
7781,119.3728669,210.3235918,0
7782,119.3728669,210.3235918,0
7783,119.3728669,210.3235918,0
7784,119.3728669,210.3235918,0
7785,119.3728669,210.3235918,0
7786,119.3728669,210.3235918,0
7787,119.3728669,210.3235918,0
7788,119.3728669,210.3235918,0
7789,119.3728669,210.3235918,0
7790,119.3728669,210.3235918,0
7791,119.3728669,210.3235918,0
7792,119.372867,210.3235918,0
7793,119.372867,210.3235918,0
7794,119.372867,210.3235918,0
7795,119.372867,210.3235918,0
7796,119.372867,210.3235918,0
7797,119.372867,210.3235918,0
7798,119.372867,210.3235918,0
7799,119.372867,210.3235918,0
7800,119.372867,210.3235918,0
7801,119.372867,210.3235918,0
7802,119.372867,210.3235918,0
7803,122.2150781,210.3235918,0
7804,122.2150781,207.4813811,0
7805,122.2150781,207.4813811,0
7806,122.2150781,207.4813811,0
7807,122.2150781,207.4813811,0
7808,122.2150781,207.4813811,0
7809,122.2150781,207.4813811,0
7810,122.2150781,207.4813811,0
7811,122.2150781,207.4813811,0
7812,122.2150781,207.4813811,0
7813,122.2150781,207.4813811,0
7814,122.2150781,207.4813811,0
7815,122.2150781,207.4813811,0
7816,122.2150781,207.4813811,0
7817,122.2150781,207.4813811,0
7818,122.2150781,207.4813811,0
7819,122.2150781,207.4813811,0
7820,122.2150781,207.4813811,0
7821,122.2150781,207.4813811,0
7822,122.2150781,207.4813811,0
7823,122.2150781,207.4813811,0
7824,122.2150781,207.4813811,0
7825,122.2150781,207.4813811,0
7826,122.2150781,207.4813811,0
7827,122.2150781,207.4813811,0
7828,122.2150781,207.4813811,0
7829,122.2150781,207.4813811,0
7830,122.2150781,207.4813811,0
7831,122.2150781,207.4813811,0
7832,122.2150781,207.4813811,0
7833,122.2150781,207.4813811,0
7834,122.2150781,207.4813811,0
7835,122.2150781,207.4813811,0
7836,122.2150781,207.4813811,0
7837,122.2150781,207.4813811,0
7838,122.2150781,207.4813811,0
7839,122.2150781,207.4813811,0
7840,122.2150781,207.4813811,0
7841,122.2150781,207.4813811,0
7842,122.2150781,207.4813811,0
7843,122.2150781,207.4813811,0
7844,122.2150781,207.4813811,0
7845,122.2150781,207.4813811,0
7846,122.2150781,207.4813811,0
7847,122.2150781,207.4813811,0
7848,122.2150781,207.4813811,0
7849,122.2150781,207.4813811,0
7850,122.2150781,207.4813811,0
7851,122.2150781,207.4813811,0
7852,122.2150781,207.4813811,0
7853,119.3728669,207.4813811,0
7854,119.3728669,207.4813811,0
7855,119.3728669,207.4813811,0
7856,119.3728669,207.4813811,0
7857,119.3728669,207.4813811,0
7858,119.3728669,207.4813811,0
7859,119.3728669,207.4813811,0
7860,119.3728669,207.4813811,0
7861,119.3728669,207.4813811,0
7862,119.3728669,207.4813811,0
7863,119.3728669,207.4813811,0
7864,119.3728669,207.4813811,0
7865,119.3728669,207.4813811,0
7866,119.3728669,207.4813811,0
7867,119.3728669,207.4813811,0
7868,119.3728669,207.4813811,0
7869,119.3728669,207.4813811,0
7870,119.3728669,207.4813811,0
7871,122.215078,207.4813811,0
7872,122.2150781,207.4813811,0
7873,122.2150781,207.4813811,0
7874,122.2150781,207.4813811,0
7875,122.2150781,207.4813811,0
7876,122.2150781,207.4813811,0
7877,122.2150781,207.4813811,0
7878,122.2150781,207.4813811,0
7879,122.2150781,207.4813811,0
7880,122.2150781,207.4813811,0
7881,122.2150781,207.4813811,0
7882,122.2150781,207.4813811,0
7883,122.2150781,207.4813811,0
7884,122.2150781,207.4813811,0
7885,122.2150781,207.4813811,0
7886,122.2150781,207.4813811,0
7887,122.2150781,207.4813811,0
7888,122.2150781,207.4813811,0
7889,122.2150781,207.4813811,0
7890,122.2150781,207.4813811,0
7891,122.2150781,207.4813811,0
7892,122.2150781,207.4813811,0
7893,122.2150781,207.4813811,0
7894,122.2150781,207.4813811,0
7895,122.2150781,207.4813811,0
7896,122.2150781,207.4813811,0
7897,122.2150781,207.4813811,0
7898,122.2150781,207.4813811,0
7899,122.2150781,207.4813811,0
7900,122.2150781,207.4813811,0
7901,122.2150781,207.4813811,0
7902,122.2150781,207.4813811,0
7903,122.2150781,207.4813811,0
7904,122.2150781,207.4813811,0
7905,122.2150781,207.4813811,0
7906,122.2150781,207.4813811,0
7907,122.2150781,207.4813811,0
7908,122.2150781,207.4813811,0
7909,122.2150781,207.4813811,0
7910,122.2150781,207.4813811,0
7911,122.2150781,207.4813811,0
7912,122.2150781,207.4813811,0
7913,122.2150781,207.4813811,0
7914,122.2150781,207.4813811,0
7915,122.2150781,207.4813811,0
7916,122.2150781,207.4813811,0
7917,122.2150781,207.4813811,0
7918,122.2150781,207.4813811,0
7919,122.2150781,207.4813811,0
7920,122.2150781,207.4813811,0
7921,122.2150781,207.4813811,0
7922,122.2150781,207.4813811,0
7923,122.2150781,207.4813811,0
7924,122.2150781,207.4813811,0
7925,122.2150781,207.4813811,0
7926,122.2150781,207.4813811,0
7927,122.2150781,207.4813811,0
7928,122.2150781,207.4813811,0
7929,122.2150781,207.4813811,0
7930,122.2150781,207.4813811,0
7931,122.2150781,207.4813811,0
7932,122.2150781,207.4813811,0
7933,122.2150781,207.4813811,0
7934,122.2150781,207.4813811,0
7935,122.2150781,207.4813811,0
7936,122.2150781,207.4813811,0
7937,122.2150781,207.4813811,0
7938,122.2150781,207.4813811,0
7939,122.2150781,207.4813811,0
7940,122.2150781,207.4813811,0
7941,122.2150781,207.4813811,0
7942,122.2150781,207.4813811,0
7943,122.2150781,207.4813811,0
7944,122.2150781,207.4813811,0
7945,122.2150781,207.4813811,0
7946,122.2150781,207.4813811,0
7947,122.2150781,207.4813811,0
7948,122.2150781,207.4813811,0
7949,122.2150781,207.4813811,0
7950,122.2150781,207.4813811,0
7951,122.2150781,207.4813811,0
7952,122.2150781,207.4813811,0
7953,125.0572893,207.4813811,0
7954,125.0572893,207.4813811,0
7955,125.0572893,207.4813811,0
7956,125.0572893,207.4813811,0
7957,125.0572893,207.4813811,0
7958,125.0572893,207.4813811,0
7959,125.0572893,207.4813811,0
7960,125.0572893,207.4813811,0
7961,125.0572893,207.4813811,0
7962,125.0572893,207.4813811,0
7963,125.0572893,207.4813811,0
7964,125.0572893,207.4813811,0
7965,125.0572893,207.4813811,0
7966,125.0572893,207.4813811,0
7967,125.0572893,207.4813811,0
7968,125.0572893,207.4813811,0
7969,125.0572893,207.4813811,0
7970,125.0572893,207.4813811,0
7971,125.0572893,207.4813811,0
7972,125.0572893,207.4813811,0
7973,125.0572893,207.4813811,0
7974,125.0572893,207.4813811,0
7975,125.0572893,207.4813811,0
7976,125.0572893,207.4813811,0
7977,125.0572893,207.4813811,0
7978,125.0572893,207.4813811,0
7979,125.0572893,207.4813811,0
7980,125.0572893,207.4813811,0
7981,125.0572893,207.4813811,0
7982,125.0572893,207.4813811,0
7983,125.0572893,207.4813811,0
7984,125.0572893,207.4813811,0
7985,125.0572893,207.4813811,0
7986,125.0572893,207.4813811,0
7987,125.0572893,207.4813811,0
7988,125.0572893,207.4813811,0
7989,125.0572893,207.4813811,0
7990,125.0572893,207.4813811,0
7991,125.0572893,207.4813811,0
7992,125.0572893,207.4813811,0
7993,125.0572893,207.4813811,0
7994,125.0572893,207.4813811,0
7995,125.0572893,207.4813811,0
7996,125.0572893,207.4813811,0
7997,125.0572893,207.4813811,0
7998,125.0572893,207.4813811,0
7999,125.0572893,207.4813811,0
8000,125.0572893,207.4813811,0
8001,125.0572893,207.4813811,0
8002,125.0572893,207.4813811,0
8003,119.372867,207.4813811,0
8004,108.0040226,207.4813811,0
8005,108.0040226,207.4813811,0
8006,108.0040226,207.4813811,0
8007,108.0040226,207.4813811,0
8008,108.0040226,207.4813811,0
8009,108.0040226,207.4813811,0
8010,108.0040226,207.4813811,0
8011,110.8462336,207.4813811,0
8012,110.8462336,207.4813811,0
8013,110.8462336,207.4813811,0
8014,119.3728669,207.4813811,0
8015,119.3728669,207.4813811,0
8016,119.3728669,207.4813811,0
8017,119.3728669,207.4813811,0
8018,119.3728669,207.4813811,0
8019,119.3728669,207.4813811,0
8020,119.3728669,207.4813811,0
8021,119.3728669,207.4813811,0
8022,119.3728669,207.4813811,0
8023,119.3728669,207.4813811,0
8024,119.3728669,207.4813811,0
8025,119.3728669,207.4813811,0
8026,119.3728669,207.4813811,0
8027,119.3728669,207.4813811,0
8028,119.3728669,207.4813811,0
8029,119.3728669,207.4813811,0
8030,119.3728669,207.4813811,0
8031,119.3728669,207.4813811,0
8032,119.3728669,207.4813811,0
8033,119.3728669,207.4813811,0
8034,119.3728669,207.4813811,0
8035,119.3728669,207.4813811,0
8036,119.3728669,207.4813811,0
8037,119.3728669,207.4813811,0
8038,119.3728669,207.4813811,0
8039,119.3728669,207.4813811,0
8040,119.3728669,207.4813811,0
8041,119.3728669,207.4813811,0
8042,119.3728669,207.4813811,0
8043,119.3728669,207.4813811,0
8044,119.3728669,207.4813811,0
8045,119.3728669,207.4813811,0
8046,119.3728669,207.4813811,0
8047,119.3728669,207.4813811,0
8048,119.3728669,207.4813811,0
8049,119.3728669,207.4813811,0
8050,119.3728669,207.4813811,0
8051,119.3728669,207.4813811,0
8052,119.3728669,207.4813811,0
8053,119.3728669,207.4813811,0
8054,119.3728669,207.4813811,0
8055,119.372867,207.4813811,0
8056,119.372867,207.4813811,0
8057,119.372867,207.4813811,0
8058,119.372867,207.4813811,0
8059,119.372867,207.4813811,0
8060,119.372867,207.4813811,0
8061,119.372867,207.4813811,0
8062,119.372867,207.4813811,0
8063,119.372867,207.4813811,0
8064,119.372867,207.4813811,0
8065,119.372867,207.4813811,0
8066,119.372867,207.4813811,0
8067,119.372867,207.4813811,0
8068,119.372867,207.4813811,0
8069,119.372867,207.4813811,0
8070,119.372867,207.4813811,0
8071,119.372867,207.4813811,0
8072,119.372867,207.4813811,0
8073,119.372867,207.4813811,0
8074,119.372867,207.4813811,0
8075,119.372867,207.4813811,0
8076,119.372867,207.4813811,0
8077,119.372867,207.4813811,0
8078,119.372867,207.4813811,0
8079,119.372867,207.4813811,0
8080,119.372867,207.4813811,0
8081,119.372867,207.4813811,0
8082,119.372867,207.4813811,0
8083,119.372867,207.4813811,0
8084,119.372867,207.4813811,0
8085,119.372867,207.4813811,0
8086,119.372867,207.4813811,0
8087,119.372867,207.4813811,0
8088,119.372867,207.4813811,0
8089,119.372867,204.6391704,0
8090,119.372867,204.6391704,0
8091,119.372867,204.6391704,0
8092,119.372867,204.6391704,0
8093,119.372867,204.6391704,0
8094,119.372867,204.6391704,0
8095,119.372867,204.6391704,0
8096,119.372867,204.6391704,0
8097,119.372867,204.6391704,0
8098,119.372867,204.6391704,0
8099,119.372867,207.4813811,0
8100,119.372867,207.4813811,0
8101,119.372867,207.4813811,0
8102,119.372867,207.4813811,0
8103,119.372867,207.4813811,0
8104,119.372867,207.4813811,0
8105,119.3728669,207.4813811,0
8106,119.372867,207.4813811,0
8107,119.372867,207.4813811,0
8108,119.372867,207.4813811,0
8109,119.372867,207.4813811,0
8110,119.372867,207.4813811,0
8111,119.372867,207.4813811,0
8112,119.372867,207.4813811,0
8113,119.372867,207.4813811,0
8114,119.372867,207.4813811,0
8115,119.372867,207.4813811,0
8116,119.372867,207.4813811,0
8117,119.372867,207.4813811,0
8118,119.372867,207.4813811,0
8119,119.372867,207.4813811,0
8120,119.372867,207.4813811,0
8121,119.372867,207.4813811,0
8122,119.372867,207.4813811,0
8123,122.2150781,207.4813811,0
8124,122.2150781,207.4813811,0
8125,122.2150781,207.4813811,0
8126,122.2150781,207.4813811,0
8127,122.2150781,207.4813811,0
8128,122.2150781,207.4813811,0
8129,122.2150781,207.4813811,0
8130,122.2150781,207.4813811,0
8131,122.2150781,207.4813811,0
8132,122.2150781,207.4813811,0
8133,122.2150781,207.4813811,0
8134,122.2150781,207.4813811,0
8135,122.2150781,207.4813811,0
8136,122.2150781,207.4813811,0
8137,122.2150781,207.4813811,0
8138,122.2150781,207.4813811,0
8139,122.2150781,207.4813811,0
8140,122.2150781,207.4813811,0
8141,122.2150781,207.4813811,0
8142,122.2150781,207.4813811,0
8143,122.2150781,207.4813811,0
8144,122.2150781,207.4813811,0
8145,122.2150781,207.4813811,0
8146,122.2150781,207.4813811,0
8147,122.2150781,207.4813811,0
8148,122.2150781,207.4813811,0
8149,122.2150781,207.4813811,0
8150,122.2150781,207.4813811,0
8151,122.2150781,207.4813811,0
8152,122.2150781,207.4813811,0
8153,122.2150781,207.4813811,0
8154,122.2150781,207.4813811,0
8155,122.2150781,207.4813811,0
8156,122.2150781,207.4813811,0
8157,122.2150781,207.4813811,0
8158,122.2150781,207.4813811,0
8159,122.2150781,207.4813811,0
8160,122.2150781,207.4813811,0
8161,122.2150781,207.4813811,0
8162,122.2150781,207.4813811,0
8163,122.2150781,207.4813811,0
8164,122.2150781,207.4813811,0
8165,122.2150781,207.4813811,0
8166,122.2150781,207.4813811,0
8167,122.2150781,207.4813811,0
8168,122.2150781,207.4813811,0
8169,122.2150781,207.4813811,0
8170,122.2150781,207.4813811,0
8171,122.2150781,207.4813811,0
8172,122.2150781,207.4813811,0
8173,119.3728669,207.4813811,0
8174,119.3728669,207.4813811,0
8175,119.3728669,207.4813811,0
8176,119.3728669,207.4813811,0
8177,119.3728669,207.4813811,0
8178,119.3728669,207.4813811,0
8179,119.3728669,207.4813811,0
8180,119.3728669,207.4813811,0
8181,119.3728669,207.4813811,0
8182,119.3728669,207.4813811,0
8183,119.3728669,207.4813811,0
8184,119.372867,207.4813811,0
8185,119.372867,207.4813811,0
8186,119.372867,207.4813811,0
8187,119.372867,207.4813811,0
8188,119.372867,207.4813811,0
8189,122.215078,207.4813811,0
8190,122.215078,207.4813811,0
8191,122.215078,207.4813811,0
8192,122.215078,207.4813811,0
8193,122.215078,207.4813811,0
8194,125.0572891,207.4813811,0
8195,125.0572891,207.4813811,0
8196,125.0572891,207.4813811,0
8197,125.0572891,207.4813811,0
8198,125.0572891,207.4813811,0
8199,125.0572891,207.4813811,0
8200,125.0572891,207.4813811,0
8201,125.0572891,207.4813811,0
8202,125.0572891,207.4813811,0
8203,125.0572891,207.4813811,0
8204,125.0572891,207.4813811,0
8205,125.0572891,207.4813811,0
8206,125.0572891,207.4813811,0
8207,125.0572891,207.4813811,0
8208,125.0572891,207.4813811,0
8209,125.0572891,207.4813811,0
8210,125.0572891,207.4813811,0
8211,125.0572891,207.4813811,0
8212,125.0572891,207.4813811,0
8213,125.0572891,207.4813811,0
8214,125.0572891,207.4813811,0
8215,125.0572891,207.4813811,0
8216,125.0572891,207.4813811,0
8217,125.0572891,207.4813811,0
8218,125.0572891,207.4813811,0
8219,125.0572891,207.4813811,0
8220,125.0572891,207.4813811,0
8221,125.0572891,207.4813811,0
8222,125.0572891,207.4813811,0
8223,125.0572891,207.4813811,0
8224,125.0572891,207.4813811,0
8225,125.0572891,207.4813811,0
8226,125.0572891,207.4813811,0
8227,125.0572891,207.4813811,0
8228,125.0572891,207.4813811,0
8229,125.0572891,207.4813811,0
8230,125.0572891,207.4813811,0
8231,125.0572891,207.4813811,0
8232,125.0572891,207.4813811,0
8233,125.0572891,207.4813811,0
8234,125.0572891,207.4813811,0
8235,125.0572891,207.4813811,0
8236,125.0572891,207.4813811,0
8237,125.0572891,207.4813811,0
8238,125.0572891,207.4813811,0
8239,125.0572891,207.4813811,0
8240,125.0572891,207.4813811,0
8241,125.0572891,207.4813811,0
8242,125.0572891,207.4813811,0
8243,125.0572891,207.4813811,0
8244,119.372867,207.4813811,0
8245,119.372867,207.4813811,0
8246,119.372867,207.4813811,0
8247,119.372867,207.4813811,0
8248,119.372867,207.4813811,0
8249,119.372867,207.4813811,0
8250,119.372867,207.4813811,0
8251,119.372867,207.4813811,0
8252,119.372867,207.4813811,0
8253,119.372867,207.4813811,0
8254,119.372867,207.4813811,0
8255,119.372867,207.4813811,0
8256,119.372867,207.4813811,0
8257,119.372867,207.4813811,0
8258,119.372867,207.4813811,0
8259,119.372867,207.4813811,0
8260,119.372867,207.4813811,0
8261,119.372867,207.4813811,0
8262,119.372867,207.4813811,0
8263,119.372867,207.4813811,0
8264,119.372867,207.4813811,0
8265,119.372867,207.4813811,0
8266,119.372867,207.4813811,0
8267,119.372867,207.4813811,0
8268,119.372867,207.4813811,0
8269,119.372867,207.4813811,0
8270,119.372867,207.4813811,0
8271,119.372867,207.4813811,0
8272,119.372867,207.4813811,0
8273,119.372867,207.4813811,0
8274,119.372867,207.4813811,0
8275,119.372867,207.4813811,0
8276,119.372867,207.4813811,0
8277,119.372867,207.4813811,0
8278,119.372867,207.4813811,0
8279,119.372867,207.4813811,0
8280,119.372867,207.4813811,0
8281,119.372867,207.4813811,0
8282,119.372867,207.4813811,0
8283,119.372867,207.4813811,0
8284,119.372867,207.4813811,0
8285,119.372867,207.4813811,0
8286,119.372867,207.4813811,0
8287,119.372867,207.4813811,0
8288,119.372867,207.4813811,0
8289,119.372867,207.4813811,0
8290,119.372867,207.4813811,0
8291,119.3728669,207.4813811,0
8292,119.3728669,207.4813811,0
8293,119.3728669,207.4813811,0
8294,119.3728669,207.4813811,0
8295,119.3728669,207.4813811,0
8296,119.3728669,207.4813811,0
8297,122.215078,207.4813811,0
8298,122.215078,207.4813811,0
8299,122.215078,207.4813811,0
8300,122.215078,207.4813811,0
8301,122.215078,207.4813811,0
8302,122.215078,207.4813811,0
8303,122.215078,207.4813811,0
8304,122.215078,207.4813811,0
8305,122.215078,207.4813811,0
8306,122.215078,207.4813811,0
8307,122.215078,207.4813811,0
8308,122.215078,207.4813811,0
8309,122.215078,207.4813811,0
8310,122.215078,207.4813811,0
8311,122.215078,207.4813811,0
8312,122.215078,207.4813811,0
8313,122.215078,207.4813811,0
8314,122.215078,207.4813811,0
8315,122.215078,207.4813811,0
8316,122.215078,207.4813811,0
8317,122.215078,207.4813811,0
8318,122.215078,207.4813811,0
8319,122.215078,207.4813811,0
8320,122.215078,207.4813811,0
8321,122.215078,207.4813811,0
8322,122.215078,207.4813811,0
8323,122.215078,207.4813811,0
8324,122.215078,207.4813811,0
8325,122.215078,207.4813811,0
8326,122.215078,207.4813811,0
8327,122.215078,207.4813811,0
8328,122.215078,207.4813811,0
8329,122.215078,207.4813811,0
8330,122.215078,207.4813811,0
8331,122.215078,207.4813811,0
8332,122.215078,207.4813811,0
8333,122.215078,207.4813811,0
8334,122.215078,207.4813811,0
8335,122.215078,207.4813811,0
8336,122.215078,207.4813811,0
8337,122.215078,207.4813811,0
8338,122.215078,207.4813811,0
8339,122.215078,207.4813811,0
8340,122.215078,207.4813811,0
8341,122.215078,207.4813811,0
8342,122.215078,207.4813811,0
8343,122.215078,207.4813811,0
8344,122.215078,207.4813811,0
8345,122.215078,207.4813811,0
8346,122.215078,207.4813811,0
8347,119.3728669,207.4813811,0
8348,119.3728669,207.4813811,0
8349,119.3728669,207.4813811,0
8350,119.372867,207.4813811,0
8351,119.372867,207.4813811,0
8352,119.372867,207.4813811,0
8353,119.372867,207.4813811,0
8354,119.372867,207.4813811,0
8355,119.372867,207.4813811,0
8356,119.372867,207.4813811,0
8357,119.372867,207.4813811,0
8358,119.372867,207.4813811,0
8359,119.372867,207.4813811,0
8360,119.372867,207.4813811,0
8361,119.372867,207.4813811,0
8362,119.372867,207.4813811,0
8363,119.372867,207.4813811,0
8364,119.372867,207.4813811,0
8365,119.372867,207.4813811,0
8366,119.372867,207.4813811,0
8367,119.372867,207.4813811,0
8368,119.372867,207.4813811,0
8369,119.372867,207.4813811,0
8370,119.372867,207.4813811,0
8371,119.372867,207.4813811,0
8372,119.372867,207.4813811,0
8373,119.372867,207.4813811,0
8374,119.372867,207.4813811,0
8375,119.372867,207.4813811,0
8376,119.372867,207.4813811,0
8377,119.372867,207.4813811,0
8378,119.372867,207.4813811,0
8379,119.372867,207.4813811,0
8380,119.372867,207.4813811,0
8381,119.372867,207.4813811,0
8382,119.372867,207.4813811,0
8383,119.372867,207.4813811,0
8384,119.372867,207.4813811,0
8385,119.372867,207.4813811,0
8386,119.372867,207.4813811,0
8387,119.372867,207.4813811,0
8388,119.372867,207.4813811,0
8389,119.372867,207.4813811,0
8390,119.372867,207.4813811,0
8391,119.372867,207.4813811,0
8392,119.372867,207.4813811,0
8393,119.372867,207.4813811,0
8394,119.372867,207.4813811,0
8395,119.372867,207.4813811,0
8396,119.372867,207.4813811,0
8397,119.372867,207.4813811,0
8398,119.372867,207.4813811,0
8399,119.372867,207.4813811,0
8400,119.372867,207.4813811,0
8401,119.372867,207.4813811,0
8402,119.372867,207.4813811,0
8403,119.372867,207.4813811,0
8404,119.372867,207.4813811,0
8405,119.372867,207.4813811,0
8406,119.372867,207.4813811,0
8407,119.372867,207.4813811,0
8408,119.372867,207.4813811,0
8409,119.372867,207.4813811,0
8410,119.372867,207.4813811,0
8411,119.372867,207.4813811,0
8412,119.372867,207.4813811,0
8413,119.372867,207.4813811,0
8414,119.372867,207.4813811,0
8415,119.372867,207.4813811,0
8416,119.372867,207.4813811,0
8417,119.3728669,207.4813811,0
8418,119.3728669,207.4813811,0
8419,119.3728669,207.4813811,0
8420,119.3728669,207.4813811,0
8421,119.3728669,207.4813811,0
8422,119.3728669,207.4813811,0
8423,119.3728669,207.4813811,0
8424,119.3728669,207.4813811,0
8425,119.3728669,207.4813811,0
8426,119.3728669,207.4813811,0
8427,119.3728669,207.4813811,0
8428,119.3728669,207.4813811,0
8429,119.3728669,207.4813811,0
8430,119.3728669,207.4813811,0
8431,119.3728669,207.4813811,0
8432,119.3728669,207.4813811,0
8433,119.3728669,207.4813811,0
8434,119.3728669,207.4813811,0
8435,119.3728669,207.4813811,0
8436,119.3728669,207.4813811,0
8437,119.3728669,207.4813811,0
8438,119.3728669,207.4813811,0
8439,119.3728669,207.4813811,0
8440,119.3728669,207.4813811,0
8441,119.3728669,207.4813811,0
8442,119.3728669,207.4813811,0
8443,119.3728669,207.4813811,0
8444,122.2150781,207.4813811,0
8445,122.2150781,207.4813811,0
8446,122.2150781,207.4813811,0
8447,122.2150781,207.4813811,0
8448,122.2150781,207.4813811,0
8449,122.2150781,207.4813811,0
8450,122.2150781,207.4813811,0
8451,122.2150781,207.4813811,0
8452,122.2150781,207.4813811,0
8453,122.2150781,207.4813811,0
8454,122.2150781,207.4813811,0
8455,122.2150781,207.4813811,0
8456,122.2150781,207.4813811,0
8457,122.2150781,207.4813811,0
8458,122.2150781,207.4813811,0
8459,122.2150781,207.4813811,0
8460,122.2150781,207.4813811,0
8461,122.2150781,207.4813811,0
8462,122.2150781,207.4813811,0
8463,122.2150781,207.4813811,0
8464,122.2150781,207.4813811,0
8465,122.2150781,207.4813811,0
8466,122.2150781,207.4813811,0
8467,122.2150781,207.4813811,0
8468,122.2150781,207.4813811,0
8469,122.2150781,207.4813811,0
8470,122.2150781,207.4813811,0
8471,122.2150781,207.4813811,0
8472,122.2150781,207.4813811,0
8473,122.2150781,207.4813811,0
8474,122.2150781,207.4813811,0
8475,122.2150781,207.4813811,0
8476,122.2150781,207.4813811,0
8477,122.2150781,207.4813811,0
8478,122.2150781,207.4813811,0
8479,122.2150781,207.4813811,0
8480,122.2150781,207.4813811,0
8481,122.2150781,207.4813811,0
8482,122.2150781,207.4813811,0
8483,122.2150781,207.4813811,0
8484,122.2150781,207.4813811,0
8485,122.2150781,207.4813811,0
8486,122.2150781,207.4813811,0
8487,122.2150781,207.4813811,0
8488,122.2150781,207.4813811,0
8489,122.2150781,207.4813811,0
8490,122.2150781,207.4813811,0
8491,122.2150781,207.4813811,0
8492,122.2150781,207.4813811,0
8493,122.2150781,207.4813811,0
8494,119.3728669,207.4813811,0
8495,119.3728669,207.4813811,0
8496,119.372867,207.4813811,0
8497,119.372867,207.4813811,0
8498,119.372867,207.4813811,0
8499,119.372867,207.4813811,0
8500,119.372867,207.4813811,0
8501,119.372867,207.4813811,0
8502,119.372867,207.4813811,0
8503,119.372867,207.4813811,0
8504,119.372867,207.4813811,0
8505,119.372867,207.4813811,0
8506,119.372867,207.4813811,0
8507,119.372867,207.4813811,0
8508,119.372867,207.4813811,0
8509,119.372867,207.4813811,0
8510,119.372867,207.4813811,0
8511,119.372867,207.4813811,0
8512,119.372867,207.4813811,0
8513,119.372867,207.4813811,0
8514,119.372867,207.4813811,0
8515,119.372867,207.4813811,0
8516,119.372867,207.4813811,0
8517,119.372867,207.4813811,0
8518,119.372867,207.4813811,0
8519,119.372867,207.4813811,0
8520,119.372867,207.4813811,0
8521,119.372867,207.4813811,0
8522,119.372867,207.4813811,0
8523,119.372867,207.4813811,0
8524,119.372867,207.4813811,0
8525,119.372867,207.4813811,0
8526,119.372867,207.4813811,0
8527,119.372867,207.4813811,0
8528,119.372867,207.4813811,0
8529,119.372867,207.4813811,0
8530,119.372867,207.4813811,0
8531,119.372867,207.4813811,0
8532,119.372867,207.4813811,0
8533,119.372867,207.4813811,0
8534,119.372867,207.4813811,0
8535,119.372867,207.4813811,0
8536,119.372867,207.4813811,0
8537,119.372867,207.4813811,0
8538,119.372867,207.4813811,0
8539,119.372867,207.4813811,0
8540,119.372867,207.4813811,0
8541,119.372867,207.4813811,0
8542,119.372867,207.4813811,0
8543,119.372867,207.4813811,0
8544,119.372867,207.4813811,0
8545,119.372867,207.4813811,0
8546,119.3728669,207.4813811,0
8547,119.3728669,207.4813811,0
8548,119.3728669,207.4813811,0
8549,119.3728669,207.4813811,0
8550,119.3728669,207.4813811,0
8551,119.3728669,207.4813811,0
8552,119.3728669,207.4813811,0
8553,119.3728669,207.4813811,0
8554,119.3728669,207.4813811,0
8555,119.3728669,207.4813811,0
8556,119.3728669,207.4813811,0
8557,119.3728669,207.4813811,0
8558,119.3728669,207.4813811,0
8559,119.3728669,207.4813811,0
8560,119.3728669,207.4813811,0
8561,119.3728668,207.4813811,0
8562,119.3728668,207.4813811,0
8563,119.3728668,207.4813811,0
8564,119.3728668,207.4813811,0
8565,119.3728668,207.4813811,0
8566,119.3728668,207.4813811,0
8567,119.3728669,207.4813811,0
8568,119.3728669,207.4813811,0
8569,119.3728669,207.4813811,0
8570,119.3728669,207.4813811,0
8571,119.3728669,207.4813811,0
8572,119.3728669,207.4813811,0
8573,119.3728669,207.4813811,0
8574,119.3728669,207.4813811,0
8575,119.372867,207.4813811,0
8576,119.372867,207.4813811,0
8577,119.372867,207.4813811,0
8578,119.372867,207.4813811,0
8579,119.372867,207.4813811,0
8580,119.372867,207.4813811,0
8581,119.372867,207.4813811,0
8582,119.372867,207.4813811,0
8583,119.372867,207.4813811,0
8584,119.372867,207.4813811,0
8585,119.372867,207.4813811,0
8586,119.372867,207.4813811,0
8587,119.372867,210.3235918,0
8588,119.372867,210.3235918,0
8589,119.372867,210.3235918,0
8590,119.372867,210.3235918,0
8591,119.372867,210.3235918,0
8592,119.372867,210.3235918,0
8593,119.372867,210.3235918,0
8594,119.372867,210.3235918,0
8595,119.372867,210.3235918,0
8596,119.372867,210.3235918,0
8597,119.372867,210.3235918,0
8598,119.372867,210.3235918,0
8599,119.372867,210.3235918,0
8600,119.372867,210.3235918,0
8601,119.372867,210.3235918,0
8602,119.372867,210.3235918,0
8603,119.372867,210.3235918,0
8604,119.372867,210.3235918,0
8605,119.372867,210.3235918,0
8606,119.372867,210.3235918,0
8607,119.372867,210.3235918,0
8608,119.372867,210.3235918,0
8609,119.372867,210.3235918,0
8610,119.372867,210.3235918,0
8611,119.372867,210.3235918,0
8612,119.372867,210.3235918,0
8613,119.372867,210.3235918,0
8614,119.372867,210.3235918,0
8615,119.372867,210.3235918,0
8616,119.372867,210.3235918,0
8617,119.372867,210.3235918,0
8618,119.372867,210.3235918,0
8619,119.372867,210.3235918,0
8620,119.372867,210.3235918,0
8621,119.372867,210.3235918,0
8622,119.372867,210.3235918,0
8623,119.372867,210.3235918,0
8624,119.372867,210.3235918,0
8625,119.3728669,210.3235918,0
8626,119.3728669,210.3235918,0
8627,119.3728669,210.3235918,0
8628,119.3728669,210.3235918,0
8629,119.3728669,210.3235918,0
8630,119.3728669,210.3235918,0
8631,119.3728669,210.3235918,0
8632,119.3728669,210.3235918,0
8633,119.3728669,210.3235918,0
8634,119.3728669,210.3235918,0
8635,119.3728669,210.3235918,0
8636,119.3728669,210.3235918,0
8637,119.3728669,207.4813811,0
8638,119.3728669,207.4813811,0
8639,119.3728669,207.4813811,0
8640,119.3728669,207.4813811,0
8641,119.3728669,207.4813811,0
8642,119.3728669,207.4813811,0
8643,119.3728668,207.4813811,0
8644,119.3728668,207.4813811,0
8645,116.5306558,207.4813811,0
8646,116.5306558,207.4813811,0
8647,119.3728669,207.4813811,0
8648,119.3728669,207.4813811,0
8649,119.3728669,207.4813811,0
8650,119.3728669,207.4813811,0
8651,119.3728669,207.4813811,0
8652,119.3728669,207.4813811,0
8653,119.3728669,207.4813811,0
8654,119.3728669,207.4813811,0
8655,119.3728669,207.4813811,0
8656,119.3728669,204.6391704,0
8657,119.3728669,204.6391704,0
8658,119.3728669,204.6391704,0
8659,119.3728669,204.6391704,0
8660,119.3728669,204.6391704,0
8661,119.3728669,204.6391704,0
8662,119.3728669,204.6391704,0
8663,119.3728669,204.6391704,0
8664,119.3728669,204.6391704,0
8665,119.3728669,204.6391704,0
8666,119.3728669,204.6391704,0
8667,119.3728669,204.6391704,0
8668,119.3728669,204.6391704,0
8669,119.3728669,204.6391704,0
8670,119.3728669,204.6391704,0
8671,119.3728669,204.6391704,0
8672,119.3728669,204.6391704,0
8673,119.3728669,204.6391704,0
8674,119.3728669,204.6391704,0
8675,119.3728669,204.6391704,0
8676,119.3728669,204.6391704,0
8677,119.3728669,204.6391704,0
8678,119.3728669,204.6391704,0
8679,119.3728669,204.6391704,0
8680,119.3728669,204.6391704,0
8681,119.3728669,204.6391704,0
8682,119.3728669,204.6391704,0
8683,119.3728669,204.6391704,0
8684,119.3728669,204.6391704,0
8685,119.3728669,204.6391704,0
8686,119.3728669,204.6391704,0
8687,119.3728669,204.6391704,0
8688,119.3728669,204.6391704,0
8689,119.3728669,204.6391704,0
8690,119.3728669,204.6391704,0
8691,119.3728669,204.6391704,0
8692,119.3728669,204.6391704,0
8693,119.3728669,204.6391704,0
8694,119.3728669,204.6391704,0
8695,119.3728669,204.6391704,0
8696,119.3728669,204.6391704,0
8697,119.3728669,204.6391704,0
8698,119.3728669,204.6391704,0
8699,119.3728669,204.6391704,0
8700,119.3728669,204.6391704,0
8701,119.3728669,204.6391704,0
8702,119.3728669,204.6391704,0
8703,119.3728669,204.6391704,0
8704,119.3728669,204.6391704,0
8705,119.3728669,204.6391704,0
8706,119.3728669,204.6391704,0
8707,119.3728669,204.6391704,0
8708,119.3728669,204.6391704,0
8709,119.3728669,204.6391704,0
8710,119.3728669,204.6391704,0
8711,119.3728669,204.6391704,0
8712,119.3728669,204.6391704,0
8713,119.3728669,204.6391704,0
8714,119.3728669,204.6391704,0
8715,119.3728669,204.6391704,0
8716,119.3728669,204.6391704,0
8717,119.3728669,204.6391704,0
8718,119.3728669,204.6391704,0
8719,119.3728669,204.6391704,0
8720,119.3728669,204.6391704,0
8721,119.3728669,204.6391704,0
8722,119.3728669,204.6391704,0
8723,116.5306559,204.6391704,0
8724,116.5306559,204.6391704,0
8725,116.5306559,204.6391704,0
8726,116.5306559,204.6391704,0
8727,116.5306559,204.6391704,0
8728,116.5306559,204.6391704,0
8729,116.5306559,204.6391704,0
8730,116.5306559,204.6391704,0
8731,116.5306559,204.6391704,0
8732,116.5306559,204.6391704,0
8733,116.5306559,204.6391704,0
8734,116.5306559,204.6391704,0
8735,116.5306559,204.6391704,0
8736,116.5306559,204.6391704,0
8737,116.5306559,204.6391704,0
8738,116.5306559,204.6391704,0
8739,116.5306559,204.6391704,0
8740,119.3728668,204.6391704,0
8741,119.3728668,204.6391704,0
8742,119.3728668,204.6391704,0
8743,119.3728668,204.6391704,0
8744,119.3728668,204.6391704,0
8745,119.3728668,204.6391704,0
8746,119.3728668,204.6391704,0
8747,119.3728668,204.6391704,0
8748,119.3728668,204.6391704,0
8749,119.3728668,204.6391704,0
8750,119.3728668,204.6391704,0
8751,119.3728668,204.6391704,0
8752,119.3728668,204.6391704,0
8753,119.3728668,204.6391704,0
8754,119.3728668,204.6391704,0
8755,119.3728668,204.6391704,0
8756,119.3728668,204.6391704,0
8757,119.3728668,204.6391704,0
8758,119.3728668,204.6391704,0
8759,119.3728668,204.6391704,0
8760,119.3728668,204.6391704,0
8761,119.3728668,204.6391704,0
8762,119.3728668,204.6391704,0
8763,119.3728668,204.6391704,0
8764,119.3728668,204.6391704,0
8765,119.3728668,204.6391704,0
8766,119.3728668,204.6391704,0
8767,119.3728668,204.6391704,0
8768,119.3728668,204.6391704,0
8769,119.3728668,204.6391704,0
8770,119.3728668,204.6391704,0
8771,119.3728668,204.6391704,0
8772,119.3728668,204.6391704,0
8773,119.3728668,204.6391704,0
8774,119.3728668,204.6391704,0
8775,119.3728668,204.6391704,0
8776,119.3728668,204.6391704,0
8777,119.372867,204.6391704,0
8778,119.372867,204.6391704,0
8779,119.372867,204.6391704,0
8780,119.372867,204.6391704,0
8781,119.372867,204.6391704,0
8782,119.372867,204.6391704,0
8783,119.372867,204.6391704,0
8784,119.372867,204.6391704,0
8785,119.372867,204.6391704,0
8786,119.372867,204.6391704,0
8787,119.372867,204.6391704,0
8788,119.372867,204.6391704,0
8789,119.372867,204.6391704,0
8790,119.372867,204.6391704,0
8791,119.372867,204.6391704,0
8792,119.372867,204.6391704,0
8793,119.372867,204.6391704,0
8794,119.372867,204.6391704,0
8795,119.372867,204.6391704,0
8796,119.372867,204.6391704,0
8797,119.372867,204.6391704,0
8798,119.372867,207.4813811,0
8799,119.372867,207.4813811,0
8800,119.372867,207.4813811,0
8801,119.372867,207.4813811,0
8802,119.372867,207.4813811,0
8803,119.372867,207.4813811,0
8804,119.372867,207.4813811,0
8805,119.372867,207.4813811,0
8806,119.372867,207.4813811,0
8807,119.372867,207.4813811,0
8808,119.372867,207.4813811,0
8809,119.372867,207.4813811,0
8810,119.372867,207.4813811,0
8811,119.372867,207.4813811,0
8812,119.372867,207.4813811,0
8813,119.372867,207.4813811,0
8814,119.372867,207.4813811,0
8815,119.372867,207.4813811,0
8816,119.372867,207.4813811,0
8817,119.372867,207.4813811,0
8818,119.372867,207.4813811,0
8819,119.372867,207.4813811,0
8820,119.372867,207.4813811,0
8821,119.372867,207.4813811,0
8822,119.372867,207.4813811,0
8823,119.372867,207.4813811,0
8824,119.372867,207.4813811,0
8825,119.372867,207.4813811,0
8826,119.372867,207.4813811,0
8827,113.6884446,207.4813811,0
8828,113.6884446,207.4813811,0
8829,113.6884446,207.4813811,0
8830,113.6884446,207.4813811,0
8831,113.6884446,207.4813811,0
8832,113.6884446,207.4813811,0
8833,113.6884446,207.4813811,0
8834,113.6884446,207.4813811,0
8835,113.6884446,207.4813811,0
8836,113.6884446,207.4813811,0
8837,113.6884446,207.4813811,0
8838,113.6884446,207.4813811,0
8839,113.6884446,207.4813811,0
8840,113.6884446,207.4813811,0
8841,113.6884446,207.4813811,0
8842,116.5306558,207.4813811,0
8843,116.5306558,207.4813811,0
8844,116.5306558,207.4813811,0
8845,116.5306558,207.4813811,0
8846,116.5306558,207.4813811,0
8847,116.5306558,210.3235918,0
8848,116.5306558,210.3235918,0
8849,116.5306558,210.3235918,0
8850,116.5306558,210.3235918,0
8851,116.5306558,210.3235918,0
8852,116.5306558,210.3235918,0
8853,116.5306558,210.3235918,0
8854,116.5306558,210.3235918,0
8855,116.5306558,210.3235918,0
8856,116.5306558,210.3235918,0
8857,116.5306558,210.3235918,0
8858,116.5306558,210.3235918,0
8859,116.5306558,210.3235918,0
8860,116.5306558,210.3235918,0
8861,116.5306558,210.3235918,0
8862,116.5306558,210.3235918,0
8863,116.5306558,210.3235918,0
8864,116.5306558,210.3235918,0
8865,116.5306558,210.3235918,0
8866,116.5306558,210.3235918,0
8867,116.5306558,210.3235918,0
8868,116.5306558,210.3235918,0
8869,116.5306558,210.3235918,0
8870,116.5306558,210.3235918,0
8871,116.5306558,210.3235918,0
8872,116.5306558,210.3235918,0
8873,116.5306558,210.3235918,0
8874,116.5306558,210.3235918,0
8875,116.5306558,210.3235918,0
8876,116.5306558,210.3235918,0
8877,116.5306558,210.3235918,0
8878,116.5306558,210.3235918,0
8879,116.5306558,210.3235918,0
8880,116.5306558,210.3235918,0
8881,116.5306558,210.3235918,0
8882,116.5306558,210.3235918,0
8883,116.5306558,210.3235918,0
8884,116.5306558,210.3235918,0
8885,116.5306558,210.3235918,0
8886,116.5306558,210.3235918,0
8887,116.5306558,210.3235918,0
8888,116.5306558,210.3235918,0
8889,116.5306558,210.3235918,0
8890,116.5306558,210.3235918,0
8891,116.5306558,210.3235918,0
8892,113.6884448,210.3235918,0
8893,113.6884448,210.3235918,0
8894,113.6884448,210.3235918,0
8895,113.6884448,210.3235918,0
8896,113.6884448,210.3235918,0
8897,113.6884448,207.4813811,0
8898,113.6884448,207.4813811,0
8899,113.6884448,207.4813811,0
8900,113.6884448,207.4813811,0
8901,113.6884448,207.4813811,0
8902,113.6884448,207.4813811,0
8903,113.6884448,207.4813811,0
8904,113.6884448,207.4813811,0
8905,113.6884448,207.4813811,0
8906,113.6884448,207.4813811,0
8907,113.6884448,207.4813811,0
8908,113.6884448,207.4813811,0
8909,113.6884448,207.4813811,0
8910,113.6884448,207.4813811,0
8911,113.6884448,207.4813811,0
8912,113.6884448,207.4813811,0
8913,113.6884448,207.4813811,0
8914,113.6884448,207.4813811,0
8915,113.6884448,207.4813811,0
8916,113.6884448,207.4813811,0
8917,113.6884448,207.4813811,0
8918,113.6884448,207.4813811,0
8919,113.6884448,207.4813811,0
8920,113.6884448,207.4813811,0
8921,113.6884448,207.4813811,0
8922,113.6884448,207.4813811,0
8923,113.6884448,207.4813811,0
8924,113.6884448,207.4813811,0
8925,113.6884448,207.4813811,0
8926,113.6884448,207.4813811,0
8927,113.6884448,207.4813811,0
8928,113.6884448,204.6391704,0
8929,113.6884448,204.6391704,0
8930,113.6884448,204.6391704,0
8931,113.6884448,204.6391704,0
8932,113.6884448,204.6391704,0
8933,113.6884448,204.6391704,0
8934,113.6884448,204.6391704,0
8935,113.6884448,204.6391704,0
8936,113.6884448,204.6391704,0
8937,113.6884448,204.6391704,0
8938,113.6884448,204.6391704,0
8939,113.6884448,204.6391704,0
8940,113.6884448,204.6391704,0
8941,113.6884448,204.6391704,0
8942,113.6884448,204.6391704,0
8943,113.6884448,204.6391704,0
8944,113.6884448,204.6391704,0
8945,113.6884448,204.6391704,0
8946,113.6884448,204.6391704,0
8947,113.6884448,204.6391704,0
8948,113.6884448,204.6391704,0
8949,113.6884448,204.6391704,0
8950,113.6884448,204.6391704,0
8951,113.6884448,204.6391704,0
8952,113.6884448,204.6391704,0
8953,113.6884448,204.6391704,0
8954,113.6884448,204.6391704,0
8955,113.6884448,204.6391704,0
8956,113.6884448,204.6391704,0
8957,113.6884447,204.6391704,0
8958,113.6884447,204.6391704,0
8959,113.6884447,204.6391704,0
8960,113.6884447,204.6391704,0
8961,113.6884447,204.6391704,0
8962,113.6884447,204.6391704,0
8963,113.6884447,204.6391704,0
8964,113.6884447,204.6391704,0
8965,113.6884447,204.6391704,0
8966,113.6884447,204.6391704,0
8967,113.6884447,204.6391704,0
8968,113.6884447,204.6391704,0
8969,113.6884447,204.6391704,0
8970,113.6884447,204.6391704,0
8971,113.6884447,204.6391704,0
8972,113.6884447,204.6391704,0
8973,113.6884447,204.6391704,0
8974,113.6884447,204.6391704,0
8975,113.6884447,204.6391704,0
8976,113.6884447,204.6391704,0
8977,113.6884447,204.6391704,0
8978,113.6884447,204.6391704,0
8979,113.6884447,204.6391704,0
8980,113.6884447,204.6391704,0
8981,113.6884447,204.6391704,0
8982,113.6884447,204.6391704,0
8983,113.6884447,204.6391704,0
8984,113.6884447,204.6391704,0
8985,113.6884447,204.6391704,0
8986,113.6884447,204.6391704,0
8987,113.6884447,204.6391704,0
8988,113.6884447,204.6391704,0
8989,113.6884447,204.6391704,0
8990,113.6884447,204.6391704,0
8991,113.6884446,204.6391704,0
8992,113.6884446,204.6391704,0
8993,113.6884446,204.6391704,0
8994,113.6884446,204.6391704,0
8995,113.6884446,204.6391704,0
8996,113.6884446,204.6391704,0
8997,113.6884446,201.7969597,0
8998,113.6884446,201.7969597,0
8999,113.6884446,201.7969597,0
9000,113.6884446,201.7969597,0
9001,113.6884446,201.7969597,0
9002,113.6884446,201.7969597,0
9003,113.6884446,201.7969597,0
9004,113.6884446,201.7969597,0
9005,113.6884446,204.6391704,0
9006,113.6884446,204.6391704,0
9007,113.6884446,204.6391704,0
9008,113.6884446,204.6391704,0
9009,113.6884446,204.6391704,0
9010,113.6884446,204.6391704,0
9011,113.6884446,204.6391704,0
9012,113.6884446,204.6391704,0
9013,113.6884446,204.6391704,0
9014,113.6884446,204.6391704,0
9015,110.8462336,204.6391704,0
9016,110.8462336,204.6391704,0
9017,110.8462336,204.6391704,0
9018,110.8462336,204.6391704,0
9019,110.8462336,204.6391704,0
9020,110.8462336,204.6391704,0
9021,110.8462336,204.6391704,0
9022,110.8462336,204.6391704,0
9023,110.8462336,204.6391704,0
9024,110.8462336,204.6391704,0
9025,110.8462336,204.6391704,0
9026,110.8462336,204.6391704,0
9027,110.8462336,204.6391704,0
9028,113.6884447,204.6391704,0
9029,113.6884447,204.6391704,0
9030,113.6884447,204.6391704,0
9031,113.6884447,204.6391704,0
9032,113.6884447,204.6391704,0
9033,113.6884447,204.6391704,0
9034,113.6884447,204.6391704,0
9035,113.6884447,204.6391704,0
9036,113.6884447,204.6391704,0
9037,113.6884447,204.6391704,0
9038,113.6884447,204.6391704,0
9039,113.6884447,204.6391704,0
9040,113.6884447,204.6391704,0
9041,113.6884447,204.6391704,0
9042,113.6884447,204.6391704,0
9043,113.6884447,204.6391704,0
9044,113.6884447,204.6391704,0
9045,113.6884447,204.6391704,0
9046,113.6884447,204.6391704,0
9047,113.6884447,204.6391704,0
9048,113.6884447,204.6391704,0
9049,113.6884447,204.6391704,0
9050,113.6884447,204.6391704,0
9051,113.6884447,204.6391704,0
9052,113.6884447,204.6391704,0
9053,113.6884447,204.6391704,0
9054,113.6884447,204.6391704,0
9055,113.6884447,204.6391704,0
9056,113.6884447,204.6391704,0
9057,113.6884447,204.6391704,0
9058,113.6884447,204.6391704,0
9059,113.6884447,204.6391704,0
9060,113.6884447,204.6391704,0
9061,113.6884447,204.6391704,0
9062,113.6884447,207.4813811,0
9063,113.6884447,207.4813811,0
9064,113.6884447,207.4813811,0
9065,113.6884447,207.4813811,0
9066,113.6884447,207.4813811,0
9067,113.6884447,207.4813811,0
9068,113.6884447,207.4813811,0
9069,113.6884447,207.4813811,0
9070,113.6884447,207.4813811,0
9071,113.6884447,207.4813811,0
9072,113.6884447,207.4813811,0
9073,113.6884447,207.4813811,0
9074,113.6884447,207.4813811,0
9075,113.6884447,207.4813811,0
9076,113.6884447,207.4813811,0
9077,113.6884447,207.4813811,0
9078,108.0040225,207.4813811,0
9079,108.0040225,207.4813811,0
9080,108.0040225,207.4813811,0
9081,108.0040225,207.4813811,0
9082,108.0040225,207.4813811,0
9083,108.0040225,207.4813811,0
9084,108.0040225,207.4813811,0
9085,110.8462336,207.4813811,0
9086,110.8462336,207.4813811,0
9087,110.8462336,207.4813811,0
9088,110.8462336,207.4813811,0
9089,110.8462336,207.4813811,0
9090,110.8462336,207.4813811,0
9091,110.8462336,207.4813811,0
9092,110.8462336,207.4813811,0
9093,110.8462336,207.4813811,0
9094,110.8462336,207.4813811,0
9095,110.8462336,207.4813811,0
9096,110.8462336,207.4813811,0
9097,110.8462336,207.4813811,0
9098,110.8462336,207.4813811,0
9099,110.8462336,207.4813811,0
9100,110.8462336,207.4813811,0
9101,110.8462336,207.4813811,0
9102,110.8462336,207.4813811,0
9103,110.8462336,207.4813811,0
9104,110.8462336,207.4813811,0
9105,110.8462336,207.4813811,0
9106,110.8462336,207.4813811,0
9107,110.8462336,207.4813811,0
9108,110.8462336,207.4813811,0
9109,110.8462336,207.4813811,0
9110,110.8462336,207.4813811,0
9111,110.8462336,207.4813811,0
9112,110.8462336,207.4813811,0
9113,110.8462336,207.4813811,0
9114,110.8462336,207.4813811,0
9115,110.8462336,207.4813811,0
9116,110.8462336,207.4813811,0
9117,110.8462336,207.4813811,0
9118,110.8462336,207.4813811,0
9119,110.8462336,207.4813811,0
9120,110.8462336,207.4813811,0
9121,110.8462336,207.4813811,0
9122,110.8462336,207.4813811,0
9123,110.8462336,207.4813811,0
9124,110.8462336,207.4813811,0
9125,110.8462336,207.4813811,0
9126,110.8462336,207.4813811,0
9127,110.8462336,207.4813811,0
9128,110.8462336,207.4813811,0
9129,113.6884447,207.4813811,0
9130,113.6884447,207.4813811,0
9131,113.6884447,207.4813811,0
9132,113.6884447,207.4813811,0
9133,113.6884447,207.4813811,0
9134,113.6884447,207.4813811,0
9135,113.6884447,207.4813811,0
9136,113.6884447,207.4813811,0
9137,113.6884447,207.4813811,0
9138,113.6884447,207.4813811,0
9139,113.6884447,207.4813811,0
9140,113.6884447,207.4813811,0
9141,113.6884447,207.4813811,0
9142,113.6884447,207.4813811,0
9143,113.6884447,207.4813811,0
9144,113.6884447,207.4813811,0
9145,113.6884447,207.4813811,0
9146,113.6884447,207.4813811,0
9147,113.6884447,207.4813811,0
9148,113.6884447,207.4813811,0
9149,113.6884447,207.4813811,0
9150,113.6884447,207.4813811,0
9151,113.6884447,207.4813811,0
9152,113.6884447,207.4813811,0
9153,113.6884447,207.4813811,0
9154,113.6884447,207.4813811,0
9155,113.6884447,207.4813811,0
9156,113.6884447,207.4813811,0
9157,113.6884447,207.4813811,0
9158,113.6884447,207.4813811,0
9159,113.6884447,207.4813811,0
9160,113.6884447,207.4813811,0
9161,113.6884447,207.4813811,0
9162,113.6884447,207.4813811,0
9163,113.6884447,207.4813811,0
9164,113.6884447,207.4813811,0
9165,113.6884447,207.4813811,0
9166,113.6884447,207.4813811,0
9167,113.6884447,207.4813811,0
9168,113.6884447,207.4813811,0
9169,113.6884447,207.4813811,0
9170,113.6884447,207.4813811,0
9171,113.6884447,207.4813811,0
9172,113.6884447,207.4813811,0
9173,113.6884447,207.4813811,0
9174,113.6884447,207.4813811,0
9175,113.6884447,207.4813811,0
9176,113.6884447,207.4813811,0
9177,113.6884447,207.4813811,0
9178,113.6884447,207.4813811,0
9179,110.8462335,207.4813811,0
9180,110.8462335,207.4813811,0
9181,110.8462335,207.4813811,0
9182,110.8462335,207.4813811,0
9183,110.8462335,207.4813811,0
9184,110.8462335,207.4813811,0
9185,110.8462335,207.4813811,0
9186,110.8462335,207.4813811,0
9187,110.8462335,207.4813811,0
9188,110.8462335,207.4813811,0
9189,110.8462335,207.4813811,0
9190,110.8462335,207.4813811,0
9191,110.8462335,207.4813811,0
9192,110.8462335,207.4813811,0
9193,110.8462335,207.4813811,0
9194,110.8462335,207.4813811,0
9195,110.8462335,207.4813811,0
9196,110.8462335,207.4813811,0
9197,110.8462335,207.4813811,0
9198,110.8462335,207.4813811,0
9199,110.8462336,207.4813811,0
9200,110.8462336,207.4813811,0
9201,110.8462336,207.4813811,0
9202,110.8462336,207.4813811,0
9203,110.8462336,207.4813811,0
9204,110.8462336,207.4813811,0
9205,110.8462336,207.4813811,0
9206,110.8462336,207.4813811,0
9207,110.8462336,207.4813811,0
9208,110.8462336,207.4813811,0
9209,110.8462336,207.4813811,0
9210,110.8462336,207.4813811,0
9211,110.8462336,207.4813811,0
9212,110.8462336,207.4813811,0
9213,110.8462336,207.4813811,0
9214,110.8462336,207.4813811,0
9215,110.8462336,207.4813811,0
9216,110.8462336,207.4813811,0
9217,110.8462336,207.4813811,0
9218,110.8462336,207.4813811,0
9219,110.8462336,207.4813811,0
9220,110.8462336,207.4813811,0
9221,110.8462336,207.4813811,0
9222,110.8462336,207.4813811,0
9223,110.8462336,207.4813811,0
9224,110.8462336,207.4813811,0
9225,110.8462336,204.6391704,0
9226,110.8462336,204.6391704,0
9227,110.8462336,204.6391704,0
9228,110.8462336,204.6391704,0
9229,110.8462336,204.6391704,0
9230,110.8462336,204.6391704,0
9231,110.8462336,204.6391704,0
9232,110.8462336,204.6391704,0
9233,110.8462336,204.6391704,0
9234,110.8462336,204.6391704,0
9235,110.8462336,204.6391704,0
9236,110.8462336,204.6391704,0
9237,110.8462336,204.6391704,0
9238,110.8462336,204.6391704,0
9239,110.8462336,204.6391704,0
9240,110.8462336,204.6391704,0
9241,110.8462336,204.6391704,0
9242,110.8462336,204.6391704,0
9243,110.8462336,204.6391704,0
9244,110.8462336,204.6391704,0
9245,110.8462336,204.6391704,0
9246,110.8462336,204.6391704,0
9247,110.8462336,204.6391704,0
9248,110.8462336,204.6391704,0
9249,110.8462336,204.6391704,0
9250,110.8462336,204.6391704,0
9251,110.8462336,204.6391704,0
9252,110.8462336,204.6391704,0
9253,110.8462336,204.6391704,0
9254,110.8462336,201.7969597,0
9255,110.8462336,201.7969597,0
9256,110.8462336,201.7969597,0
9257,110.8462336,201.7969597,0
9258,110.8462336,204.6391704,0
9259,110.8462336,204.6391704,0
9260,110.8462336,204.6391704,0
9261,110.8462336,204.6391704,0
9262,110.8462336,204.6391704,0
9263,110.8462336,204.6391704,0
9264,110.8462336,204.6391704,0
9265,110.8462336,204.6391704,0
9266,110.8462336,204.6391704,0
9267,110.8462336,204.6391704,0
9268,110.8462336,204.6391704,0
9269,110.8462336,204.6391704,0
9270,110.8462336,204.6391704,0
9271,110.8462336,204.6391704,0
9272,110.8462336,204.6391704,0
9273,110.8462336,204.6391704,0
9274,110.8462336,204.6391704,0
9275,110.8462336,204.6391704,0
9276,110.8462336,204.6391704,0
9277,110.8462336,204.6391704,0
9278,110.8462336,204.6391704,0
9279,110.8462336,204.6391704,0
9280,110.8462336,204.6391704,0
9281,110.8462336,204.6391704,0
9282,110.8462336,204.6391704,0
9283,110.8462336,204.6391704,0
9284,110.8462336,204.6391704,0
9285,110.8462336,204.6391704,0
9286,110.8462336,204.6391704,0
9287,110.8462336,204.6391704,0
9288,110.8462336,204.6391704,0
9289,110.8462336,204.6391704,0
9290,110.8462336,204.6391704,0
9291,110.8462335,204.6391704,0
9292,110.8462335,204.6391704,0
9293,110.8462335,204.6391704,0
9294,110.8462335,204.6391704,0
9295,110.8462335,204.6391704,0
9296,110.8462335,204.6391704,0
9297,110.8462335,204.6391704,0
9298,110.8462335,204.6391704,0
9299,110.8462335,204.6391704,0
9300,110.8462335,207.4813811,0
9301,110.8462335,207.4813811,0
9302,110.8462335,207.4813811,0
9303,110.8462335,207.4813811,0
9304,108.0040225,207.4813811,0
9305,108.0040225,207.4813811,0
9306,108.0040225,207.4813811,0
9307,108.0040225,207.4813811,0
9308,108.0040225,207.4813811,0
9309,108.0040225,207.4813811,0
9310,108.0040225,207.4813811,0
9311,108.0040225,207.4813811,0
9312,108.0040225,207.4813811,0
9313,108.0040225,207.4813811,0
9314,108.0040225,207.4813811,0
9315,108.0040225,207.4813811,0
9316,108.0040225,207.4813811,0
9317,108.0040225,207.4813811,0
9318,108.0040225,207.4813811,0
9319,108.0040225,207.4813811,0
9320,108.0040225,207.4813811,0
9321,108.0040225,207.4813811,0
9322,108.0040225,207.4813811,0
9323,108.0040225,207.4813811,0
9324,108.0040225,207.4813811,0
9325,108.0040225,207.4813811,0
9326,108.0040225,207.4813811,0
9327,108.0040225,207.4813811,0
9328,108.0040225,207.4813811,0
9329,108.0040225,207.4813811,0
9330,105.1618112,207.4813811,0
9331,105.1618112,207.4813811,0
9332,105.1618112,207.4813811,0
9333,105.1618112,207.4813811,0
9334,105.1618112,207.4813811,0
9335,105.1618112,207.4813811,0
9336,105.1618112,207.4813811,0
9337,105.1618112,207.4813811,0
9338,105.1618112,207.4813811,0
9339,105.1618112,207.4813811,0
9340,105.1618112,207.4813811,0
9341,105.1618112,207.4813811,0
9342,105.1618112,207.4813811,0
9343,105.1618112,207.4813811,0
9344,105.1618112,207.4813811,0
9345,105.1618112,207.4813811,0
9346,105.1618114,207.4813811,0
9347,105.1618114,207.4813811,0
9348,105.1618114,207.4813811,0
9349,105.1618114,207.4813811,0
9350,105.1618114,207.4813811,0
9351,105.1618114,207.4813811,0
9352,105.1618114,207.4813811,0
9353,105.1618114,207.4813811,0
9354,105.1618114,207.4813811,0
9355,105.1618114,207.4813811,0
9356,105.1618114,207.4813811,0
9357,105.1618114,207.4813811,0
9358,105.1618114,207.4813811,0
9359,105.1618114,207.4813811,0
9360,105.1618114,207.4813811,0
9361,105.1618114,207.4813811,0
9362,105.1618114,207.4813811,0
9363,105.1618114,207.4813811,0
9364,105.1618114,207.4813811,0
9365,105.1618114,207.4813811,0
9366,105.1618114,207.4813811,0
9367,105.1618114,207.4813811,0
9368,105.1618114,207.4813811,0
9369,105.1618114,207.4813811,0
9370,105.1618114,207.4813811,0
9371,105.1618114,207.4813811,0
9372,105.1618114,207.4813811,0
9373,105.1618114,207.4813811,0
9374,105.1618114,207.4813811,0
9375,105.1618114,207.4813811,0
9376,105.1618114,207.4813811,0
9377,105.1618114,207.4813811,0
9378,105.1618114,207.4813811,0
9379,105.1618114,207.4813811,0
9380,105.1618114,207.4813811,0
9381,105.1618114,207.4813811,0
9382,105.1618114,207.4813811,0
9383,105.1618114,204.6391704,0
9384,105.1618114,204.6391704,0
9385,105.1618114,204.6391704,0
9386,105.1618114,204.6391704,0
9387,105.1618114,204.6391704,0
9388,105.1618114,204.6391704,0
9389,105.1618114,204.6391704,0
9390,105.1618114,204.6391704,0
9391,105.1618114,204.6391704,0
9392,108.0040226,204.6391704,0
9393,108.0040226,204.6391704,0
9394,108.0040226,204.6391704,0
9395,108.0040226,204.6391704,0
9396,108.0040226,204.6391704,0
9397,108.0040226,204.6391704,0
9398,108.0040226,204.6391704,0
9399,108.0040226,204.6391704,0
9400,108.0040226,204.6391704,0
9401,108.0040226,204.6391704,0
9402,108.0040226,204.6391704,0
9403,108.0040226,204.6391704,0
9404,108.0040226,204.6391704,0
9405,108.0040226,204.6391704,0
9406,108.0040226,204.6391704,0
9407,108.0040226,204.6391704,0
9408,108.0040226,204.6391704,0
9409,108.0040226,204.6391704,0
9410,108.0040226,204.6391704,0
9411,108.0040226,204.6391704,0
9412,108.0040226,204.6391704,0
9413,108.0040226,204.6391704,0
9414,108.0040226,204.6391704,0
9415,108.0040226,204.6391704,0
9416,108.0040226,204.6391704,0
9417,108.0040226,204.6391704,0
9418,108.0040226,204.6391704,0
9419,108.0040226,204.6391704,0
9420,108.0040226,204.6391704,0
9421,108.0040226,204.6391704,0
9422,108.0040226,204.6391704,0
9423,108.0040226,204.6391704,0
9424,108.0040226,204.6391704,0
9425,108.0040226,204.6391704,0
9426,108.0040226,204.6391704,0
9427,108.0040226,204.6391704,0
9428,108.0040226,204.6391704,0
9429,108.0040226,204.6391704,0
9430,108.0040226,204.6391704,0
9431,108.0040226,204.6391704,0
9432,108.0040226,204.6391704,0
9433,108.0040226,204.6391704,0
9434,108.0040226,204.6391704,0
9435,108.0040226,204.6391704,0
9436,108.0040226,204.6391704,0
9437,108.0040226,204.6391704,0
9438,108.0040226,204.6391704,0
9439,108.0040226,204.6391704,0
9440,108.0040226,204.6391704,0
9441,108.0040226,204.6391704,0
9442,105.1618114,204.6391704,0
9443,105.1618114,204.6391704,0
9444,105.1618114,204.6391704,0
9445,105.1618114,204.6391704,0
9446,105.1618114,204.6391704,0
9447,105.1618114,204.6391704,0
9448,108.0040226,204.6391704,0
9449,108.0040226,204.6391704,0
9450,108.0040226,204.6391704,0
9451,108.0040226,204.6391704,0
9452,108.0040226,204.6391704,0
9453,108.0040226,204.6391704,0
9454,108.0040226,204.6391704,0
9455,108.0040226,204.6391704,0
9456,108.0040226,204.6391704,0
9457,108.0040226,204.6391704,0
9458,108.0040226,204.6391704,0
9459,108.0040226,204.6391704,0
9460,108.0040226,204.6391704,0
9461,108.0040226,204.6391704,0
9462,108.0040226,204.6391704,0
9463,108.0040226,204.6391704,0
9464,108.0040226,204.6391704,0
9465,108.0040226,204.6391704,0
9466,108.0040226,204.6391704,0
9467,108.0040226,204.6391704,0
9468,108.0040226,204.6391704,0
9469,108.0040226,204.6391704,0
9470,108.0040226,204.6391704,0
9471,108.0040226,204.6391704,0
9472,108.0040226,204.6391704,0
9473,108.0040226,204.6391704,0
9474,108.0040226,204.6391704,0
9475,108.0040226,204.6391704,0
9476,108.0040226,204.6391704,0
9477,108.0040226,204.6391704,0
9478,108.0040226,204.6391704,0
9479,108.0040226,204.6391704,0
9480,108.0040226,204.6391704,0
9481,108.0040226,204.6391704,0
9482,108.0040226,204.6391704,0
9483,108.0040226,204.6391704,0
9484,108.0040226,204.6391704,0
9485,108.0040226,204.6391704,0
9486,108.0040226,204.6391704,0
9487,108.0040226,204.6391704,0
9488,108.0040226,204.6391704,0
9489,108.0040226,204.6391704,0
9490,108.0040226,204.6391704,0
9491,108.0040226,204.6391704,0
9492,108.0040226,204.6391704,0
9493,108.0040226,204.6391704,0
9494,108.0040226,204.6391704,0
9495,108.0040226,204.6391704,0
9496,108.0040226,204.6391704,0
9497,108.0040226,204.6391704,0
9498,105.1618115,204.6391704,0
9499,105.1618114,204.6391704,0
9500,105.1618114,204.6391704,0
9501,105.1618114,204.6391704,0
9502,105.1618114,204.6391704,0
9503,105.1618114,204.6391704,0
9504,105.1618114,204.6391704,0
9505,105.1618114,204.6391704,0
9506,105.1618114,204.6391704,0
9507,105.1618114,204.6391704,0
9508,105.1618114,204.6391704,0
9509,105.1618114,204.6391704,0
9510,105.1618114,204.6391704,0
9511,105.1618114,204.6391704,0
9512,105.1618112,204.6391704,0
9513,105.1618112,207.4813811,0
9514,105.1618112,207.4813811,0
9515,105.1618112,207.4813811,0
9516,105.1618112,207.4813811,0
9517,105.1618112,207.4813811,0
9518,105.1618112,207.4813811,0
9519,105.1618112,207.4813811,0
9520,105.1618112,207.4813811,0
9521,105.1618112,207.4813811,0
9522,105.1618112,207.4813811,0
9523,105.1618113,207.4813811,0
9524,105.1618113,207.4813811,0
9525,105.1618113,207.4813811,0
9526,105.1618113,207.4813811,0
9527,105.1618113,207.4813811,0
9528,105.1618113,207.4813811,0
9529,105.1618113,207.4813811,0
9530,105.1618113,207.4813811,0
9531,105.1618113,207.4813811,0
9532,108.0040224,207.4813811,0
9533,108.0040224,207.4813811,0
9534,108.0040224,207.4813811,0
9535,108.0040224,207.4813811,0
9536,108.0040224,207.4813811,0
9537,108.0040224,207.4813811,0
9538,108.0040224,207.4813811,0
9539,108.0040224,207.4813811,0
9540,108.0040224,207.4813811,0
9541,108.0040224,207.4813811,0
9542,108.0040224,207.4813811,0
9543,108.0040224,207.4813811,0
9544,108.0040224,207.4813811,0
9545,108.0040224,207.4813811,0
9546,108.0040224,207.4813811,0
9547,108.0040224,207.4813811,0
9548,108.0040224,207.4813811,0
9549,108.0040224,207.4813811,0
9550,108.0040224,207.4813811,0
9551,108.0040224,207.4813811,0
9552,108.0040224,207.4813811,0
9553,108.0040224,207.4813811,0
9554,108.0040224,207.4813811,0
9555,108.0040224,207.4813811,0
9556,108.0040224,207.4813811,0
9557,108.0040224,207.4813811,0
9558,108.0040224,207.4813811,0
9559,108.0040224,207.4813811,0
9560,108.0040224,207.4813811,0
9561,108.0040224,207.4813811,0
9562,108.0040224,207.4813811,0
9563,108.0040224,204.6391704,0
9564,108.0040224,204.6391704,0
9565,108.0040224,204.6391704,0
9566,108.0040224,204.6391704,0
9567,108.0040224,204.6391704,0
9568,108.0040224,204.6391704,0
9569,108.0040224,204.6391704,0
9570,108.0040224,204.6391704,0
9571,108.0040224,204.6391704,0
9572,108.0040224,204.6391704,0
9573,108.0040224,204.6391704,0
9574,108.0040224,204.6391704,0
9575,108.0040224,204.6391704,0
9576,108.0040224,204.6391704,0
9577,108.0040224,204.6391704,0
9578,108.0040224,204.6391704,0
9579,108.0040224,204.6391704,0
9580,108.0040224,204.6391704,0
9581,108.0040224,204.6391704,0
9582,105.1618114,204.6391704,0
9583,105.1618114,204.6391704,0
9584,105.1618114,204.6391704,0
9585,105.1618114,204.6391704,0
9586,105.1618114,204.6391704,0
9587,105.1618114,204.6391704,0
9588,105.1618114,204.6391704,0
9589,105.1618114,204.6391704,0
9590,105.1618114,204.6391704,0
9591,105.1618114,204.6391704,0
9592,105.1618114,204.6391704,0
9593,108.0040224,204.6391704,0
9594,108.0040224,204.6391704,0
9595,108.0040224,204.6391704,0
9596,108.0040224,204.6391704,0
9597,108.0040224,204.6391704,0
9598,108.0040224,204.6391704,0
9599,108.0040224,207.4813811,0
9600,108.0040224,207.4813811,0
9601,108.0040224,207.4813811,0
9602,108.0040224,207.4813811,0
9603,108.0040224,207.4813811,0
9604,108.0040224,207.4813811,0
9605,108.0040224,207.4813811,0
9606,108.0040224,207.4813811,0
9607,108.0040224,207.4813811,0
9608,108.0040224,207.4813811,0
9609,108.0040224,207.4813811,0
9610,108.0040224,207.4813811,0
9611,108.0040224,207.4813811,0
9612,108.0040224,207.4813811,0
9613,108.0040224,207.4813811,0
9614,108.0040224,207.4813811,0
9615,108.0040224,207.4813811,0
9616,108.0040224,207.4813811,0
9617,108.0040224,207.4813811,0
9618,108.0040224,207.4813811,0
9619,108.0040224,207.4813811,0
9620,108.0040224,207.4813811,0
9621,108.0040224,207.4813811,0
9622,108.0040224,207.4813811,0
9623,108.0040224,207.4813811,0
9624,108.0040224,207.4813811,0
9625,108.0040224,207.4813811,0
9626,108.0040224,207.4813811,0
9627,108.0040224,207.4813811,0
9628,108.0040224,207.4813811,0
9629,108.0040224,207.4813811,0
9630,108.0040224,207.4813811,0
9631,108.0040224,207.4813811,0
9632,108.0040224,207.4813811,0
9633,108.0040224,207.4813811,0
9634,108.0040224,207.4813811,0
9635,108.0040224,207.4813811,0
9636,108.0040224,207.4813811,0
9637,108.0040224,207.4813811,0
9638,108.0040224,207.4813811,0
9639,108.0040224,207.4813811,0
9640,108.0040224,207.4813811,0
9641,108.0040224,207.4813811,0
9642,108.0040224,207.4813811,0
9643,105.1618115,207.4813811,0
9644,105.1618115,207.4813811,0
9645,108.0040224,207.4813811,0
9646,108.0040224,207.4813811,0
9647,108.0040224,207.4813811,0
9648,108.0040224,207.4813811,0
9649,108.0040224,207.4813811,0
9650,108.0040224,207.4813811,0
9651,108.0040224,207.4813811,0
9652,108.0040224,207.4813811,0
9653,108.0040224,207.4813811,0
9654,108.0040224,207.4813811,0
9655,108.0040224,207.4813811,0
9656,108.0040224,207.4813811,0
9657,108.0040224,207.4813811,0
9658,108.0040224,204.6391704,0
9659,108.0040224,204.6391704,0
9660,108.0040224,204.6391704,0
9661,108.0040224,204.6391704,0
9662,108.0040224,204.6391704,0
9663,108.0040224,204.6391704,0
9664,108.0040224,204.6391704,0
9665,108.0040224,204.6391704,0
9666,108.0040224,204.6391704,0
9667,108.0040224,204.6391704,0
9668,108.0040224,204.6391704,0
9669,108.0040224,204.6391704,0
9670,108.0040224,204.6391704,0
9671,108.0040224,204.6391704,0
9672,108.0040224,204.6391704,0
9673,108.0040224,204.6391704,0
9674,108.0040224,204.6391704,0
9675,108.0040224,204.6391704,0
9676,108.0040224,204.6391704,0
9677,108.0040224,204.6391704,0
9678,108.0040224,204.6391704,0
9679,108.0040224,204.6391704,0
9680,108.0040224,204.6391704,0
9681,108.0040224,204.6391704,0
9682,108.0040224,204.6391704,0
9683,108.0040224,204.6391704,0
9684,108.0040224,204.6391704,0
9685,108.0040224,204.6391704,0
9686,108.0040224,204.6391704,0
9687,108.0040224,204.6391704,0
9688,108.0040224,204.6391704,0
9689,108.0040224,204.6391704,0
9690,108.0040224,204.6391704,0
9691,108.0040224,204.6391704,0
9692,108.0040224,204.6391704,0
9693,108.0040224,204.6391704,0
9694,108.0040224,204.6391704,0
9695,108.0040224,204.6391704,0
9696,108.0040224,204.6391704,0
9697,108.0040224,204.6391704,0
9698,108.0040224,204.6391704,0
9699,108.0040224,204.6391704,0
9700,108.0040224,204.6391704,0
9701,108.0040224,204.6391704,0
9702,108.0040224,204.6391704,0
9703,108.0040224,204.6391704,0
9704,108.0040224,204.6391704,0
9705,108.0040224,204.6391704,0
9706,108.0040224,204.6391704,0
9707,108.0040224,204.6391704,0
9708,108.0040224,204.6391704,0
9709,108.0040224,204.6391704,0
9710,108.0040224,204.6391704,0
9711,108.0040224,204.6391704,0
9712,108.0040224,204.6391704,0
9713,108.0040224,204.6391704,0
9714,108.0040224,204.6391704,0
9715,108.0040224,204.6391704,0
9716,108.0040224,204.6391704,0
9717,108.0040224,204.6391704,0
9718,108.0040224,204.6391704,0
9719,108.0040224,204.6391704,0
9720,108.0040224,204.6391704,0
9721,108.0040224,204.6391704,0
9722,108.0040224,204.6391704,0
9723,108.0040224,204.6391704,0
9724,108.0040224,204.6391704,0
9725,108.0040224,204.6391704,0
9726,108.0040224,204.6391704,0
9727,108.0040224,204.6391704,0
9728,108.0040224,204.6391704,0
9729,108.0040224,204.6391704,0
9730,108.0040224,204.6391704,0
9731,108.0040224,204.6391704,0
9732,108.0040224,204.6391704,0
9733,108.0040224,204.6391704,0
9734,105.1618115,204.6391704,0
9735,105.1618115,204.6391704,0
9736,105.1618115,204.6391704,0
9737,105.1618115,204.6391704,0
9738,105.1618115,204.6391704,0
9739,105.1618115,204.6391704,0
9740,105.1618115,204.6391704,0
9741,105.1618115,204.6391704,0
9742,105.1618115,204.6391704,0
9743,105.1618115,204.6391704,0
9744,105.1618115,204.6391704,0
9745,105.1618115,204.6391704,0
9746,105.1618115,204.6391704,0
9747,105.1618115,204.6391704,0
9748,105.1618115,204.6391704,0
9749,105.1618115,204.6391704,0
9750,105.1618115,204.6391704,0
9751,105.1618115,204.6391704,0
9752,105.1618115,204.6391704,0
9753,105.1618115,204.6391704,0
9754,105.1618115,204.6391704,0
9755,105.1618115,204.6391704,0
9756,105.1618115,204.6391704,0
9757,105.1618115,204.6391704,0
9758,105.1618115,204.6391704,0
9759,105.1618115,204.6391704,0
9760,105.1618115,204.6391704,0
9761,105.1618115,204.6391704,0
9762,105.1618115,204.6391704,0
9763,105.1618115,204.6391704,0
9764,105.1618115,207.4813811,0
9765,105.1618115,207.4813811,0
9766,105.1618115,207.4813811,0
9767,105.1618115,207.4813811,0
9768,105.1618115,207.4813811,0
9769,105.1618115,207.4813811,0
9770,105.1618115,207.4813811,0
9771,105.1618115,207.4813811,0
9772,105.1618115,207.4813811,0
9773,105.1618115,207.4813811,0
9774,105.1618115,207.4813811,0
9775,105.1618115,207.4813811,0
9776,105.1618115,207.4813811,0
9777,105.1618115,207.4813811,0
9778,105.1618115,207.4813811,0
9779,105.1618115,207.4813811,0
9780,105.1618115,207.4813811,0
9781,105.1618115,207.4813811,0
9782,105.1618115,207.4813811,0
9783,108.0040224,207.4813811,0
9784,108.0040224,207.4813811,0
9785,108.0040224,207.4813811,0
9786,108.0040224,207.4813811,0
9787,108.0040224,207.4813811,0
9788,108.0040224,207.4813811,0
9789,108.0040224,207.4813811,0
9790,108.0040224,207.4813811,0
9791,108.0040224,207.4813811,0
9792,108.0040224,207.4813811,0
9793,108.0040224,207.4813811,0
9794,108.0040224,207.4813811,0
9795,108.0040224,207.4813811,0
9796,108.0040224,207.4813811,0
9797,108.0040224,207.4813811,0
9798,108.0040224,207.4813811,0
9799,108.0040224,207.4813811,0
9800,108.0040224,207.4813811,0
9801,108.0040224,207.4813811,0
9802,108.0040224,207.4813811,0
9803,108.0040224,207.4813811,0
9804,108.0040224,207.4813811,0
9805,108.0040224,207.4813811,0
9806,108.0040224,207.4813811,0
9807,108.0040224,207.4813811,0
9808,108.0040224,207.4813811,0
9809,108.0040224,207.4813811,0
9810,108.0040224,207.4813811,0
9811,108.0040224,207.4813811,0
9812,108.0040224,207.4813811,0
9813,108.0040224,207.4813811,0
9814,108.0040224,204.6391704,0
9815,108.0040224,204.6391704,0
9816,108.0040224,204.6391704,0
9817,108.0040224,204.6391704,0
9818,108.0040224,204.6391704,0
9819,108.0040224,204.6391704,0
9820,108.0040224,204.6391704,0
9821,108.0040224,204.6391704,0
9822,108.0040224,204.6391704,0
9823,108.0040224,204.6391704,0
9824,108.0040224,204.6391704,0
9825,108.0040224,204.6391704,0
9826,108.0040224,204.6391704,0
9827,108.0040224,204.6391704,0
9828,108.0040224,204.6391704,0
9829,113.6884448,204.6391704,0
9830,113.6884448,204.6391704,0
9831,113.6884448,204.6391704,0
9832,113.6884448,204.6391704,0
9833,113.6884448,204.6391704,0
9834,113.6884448,204.6391704,0
9835,113.6884448,204.6391704,0
9836,113.6884448,204.6391704,0
9837,113.6884448,204.6391704,0
9838,113.6884448,201.7969597,0
9839,113.6884448,201.7969597,0
9840,113.6884448,201.7969597,0
9841,113.6884448,201.7969597,0
9842,113.6884448,201.7969597,0
9843,113.6884448,201.7969597,0
9844,113.6884448,201.7969597,0
9845,113.6884448,201.7969597,0
9846,119.3728669,201.7969597,0
9847,119.3728669,201.7969597,0
9848,119.3728669,201.7969597,0
9849,119.3728669,201.7969597,0
9850,119.3728669,201.7969597,0
9851,119.3728669,204.6391704,0
9852,119.3728669,204.6391704,0
9853,119.3728669,204.6391704,0
9854,119.3728669,204.6391704,0
9855,119.3728669,204.6391704,0
9856,119.3728669,204.6391704,0
9857,119.3728669,210.3235918,0
9858,119.3728669,210.3235918,0
9859,119.3728669,210.3235918,0
9860,119.3728669,210.3235918,0
9861,119.3728669,210.3235918,0
9862,125.057289,210.3235918,0
9863,125.057289,210.3235918,0
9864,125.057289,210.3235918,0
9865,125.057289,210.3235918,0
9866,125.057289,210.3235918,0
9867,125.057289,210.3235918,0
9868,125.057289,210.3235918,0
9869,125.057289,210.3235918,0
9870,125.057289,210.3235918,0
9871,125.057289,210.3235918,0
9872,125.057289,210.3235918,0
9873,125.057289,210.3235918,0
9874,125.057289,210.3235918,0
9875,125.057289,210.3235918,0
9876,125.057289,210.3235918,0
9877,125.057289,210.3235918,0
9878,125.057289,210.3235918,0
9879,125.057289,210.3235918,0
9880,125.057289,210.3235918,0
9881,125.057289,210.3235918,0
9882,125.057289,210.3235918,0
9883,125.057289,210.3235918,0
9884,125.057289,210.3235918,0
9885,125.057289,210.3235918,0
9886,125.057289,210.3235918,0
9887,125.057289,210.3235918,0
9888,125.057289,210.3235918,0
9889,125.057289,210.3235918,0
9890,125.057289,210.3235918,0
9891,125.057289,210.3235918,0
9892,125.057289,210.3235918,0
9893,125.057289,210.3235918,0
9894,125.057289,210.3235918,0
9895,125.057289,210.3235918,0
9896,125.057289,210.3235918,0
9897,125.057289,210.3235918,0
9898,125.057289,210.3235918,0
9899,125.057289,210.3235918,0
9900,125.057289,210.3235918,0
9901,125.057289,210.3235918,0
9902,125.057289,210.3235918,0
9903,125.057289,210.3235918,0
9904,125.057289,210.3235918,0
9905,125.057289,210.3235918,0
9906,125.057289,210.3235918,0
9907,125.057289,207.4813811,0
9908,125.057289,207.4813811,0
9909,125.057289,207.4813811,0
9910,125.057289,207.4813811,0
9911,125.057289,207.4813811,0
9912,122.2150781,207.4813811,0
9913,122.2150781,207.4813811,0
9914,122.2150781,207.4813811,0
9915,122.2150781,207.4813811,0
9916,122.2150781,207.4813811,0
9917,122.2150781,207.4813811,0
9918,122.2150781,207.4813811,0
9919,122.2150781,210.3235918,0
9920,122.2150781,210.3235918,0
9921,122.2150781,210.3235918,0
9922,122.2150781,210.3235918,0
9923,122.2150781,210.3235918,0
9924,122.2150781,210.3235918,0
9925,122.2150781,210.3235918,0
9926,125.0572891,210.3235918,0
9927,125.0572891,210.3235918,0
9928,125.0572891,210.3235918,0
9929,125.0572891,210.3235918,0
9930,127.8995002,210.3235918,0
9931,127.8995002,210.3235918,0
9932,127.8995002,210.3235918,0
9933,127.8995002,210.3235918,0
9934,127.8995002,210.3235918,0
9935,127.8995002,210.3235918,0
9936,127.8995002,210.3235918,0
9937,127.8995002,210.3235918,0
9938,127.8995002,210.3235918,0
9939,127.8995002,210.3235918,0
9940,127.8995002,210.3235918,0
9941,127.8995002,210.3235918,0
9942,127.8995002,210.3235918,0
9943,127.8995002,210.3235918,0
9944,127.8995002,210.3235918,0
9945,127.8995002,210.3235918,0
9946,127.8995002,210.3235918,0
9947,127.8995002,210.3235918,0
9948,127.8995002,210.3235918,0
9949,127.8995002,210.3235918,0
9950,127.8995002,210.3235918,0
9951,127.8995002,210.3235918,0
9952,127.8995002,210.3235918,0
9953,127.8995002,210.3235918,0
9954,127.8995002,210.3235918,0
9955,127.8995002,210.3235918,0
9956,127.8995002,210.3235918,0
9957,127.8995002,210.3235918,0
9958,127.8995002,210.3235918,0
9959,127.8995002,210.3235918,0
9960,127.8995002,210.3235918,0
9961,127.8995002,210.3235918,0
9962,127.8995002,210.3235918,0
9963,127.8995002,210.3235918,0
9964,127.8995002,210.3235918,0
9965,127.8995002,210.3235918,0
9966,127.8995002,210.3235918,0
9967,127.8995002,210.3235918,0
9968,127.8995002,210.3235918,0
9969,127.8995002,207.4813811,0
9970,127.8995002,207.4813811,0
9971,127.8995002,210.3235918,0
9972,127.8995002,210.3235918,0
9973,127.8995002,210.3235918,0
9974,127.8995002,210.3235918,0
9975,127.8995002,210.3235918,0
9976,127.8995002,210.3235918,0
9977,127.8995002,210.3235918,0
9978,127.8995002,210.3235918,0
9979,127.8995002,210.3235918,0
9980,127.8995002,210.3235918,0
9981,127.8995002,210.3235918,0
9982,127.8995002,210.3235918,0
9983,127.8995002,210.3235918,0
9984,127.8995002,210.3235918,0
9985,127.8995002,210.3235918,0
9986,127.8995002,210.3235918,0
9987,127.8995002,210.3235918,0
9988,127.8995002,210.3235918,0
9989,127.8995002,210.3235918,0
9990,127.8995002,210.3235918,0
9991,127.8995002,210.3235918,0
9992,127.8995002,210.3235918,0
9993,127.8995002,210.3235918,0
9994,127.8995002,210.3235918,0
9995,127.8995002,210.3235918,0
9996,127.8995002,210.3235918,0
9997,127.8995002,210.3235918,0
9998,127.8995002,210.3235918,0
9999,127.8995002,210.3235918,0
10000,127.8995002,210.3235918,0
10001,127.8995002,210.3235918,0
10002,127.8995002,210.3235918,0
10003,127.8995002,210.3235918,0
10004,127.8995002,210.3235918,0
10005,127.8995002,210.3235918,0
10006,127.8995002,210.3235918,0
10007,127.8995002,210.3235918,0
10008,127.8995002,210.3235918,0
10009,127.8995002,210.3235918,0
10010,127.8995002,210.3235918,0
10011,127.8995002,210.3235918,0
10012,127.8995002,210.3235918,0
10013,127.8995002,210.3235918,0
10014,127.8995002,210.3235918,0
10015,127.8995002,210.3235918,0
10016,127.8995002,210.3235918,0
10017,125.057289,210.3235918,0
10018,125.057289,210.3235918,0
10019,125.057289,210.3235918,0
10020,125.057289,210.3235918,0
10021,125.057289,207.4813811,0
10022,125.057289,207.4813811,0
10023,125.057289,207.4813811,0
10024,125.057289,207.4813811,0
10025,125.057289,207.4813811,0
10026,125.057289,207.4813811,0
10027,125.057289,207.4813811,0
10028,125.057289,207.4813811,0
10029,125.057289,207.4813811,0
10030,125.0572893,207.4813811,0
10031,125.0572893,207.4813811,0
10032,125.0572893,207.4813811,0
10033,125.0572893,207.4813811,0
10034,125.0572893,207.4813811,0
10035,125.0572893,207.4813811,0
10036,125.0572893,207.4813811,0
10037,125.0572893,207.4813811,0
10038,125.0572893,207.4813811,0
10039,125.0572893,207.4813811,0
10040,125.0572893,207.4813811,0
10041,125.0572893,207.4813811,0
10042,125.0572893,207.4813811,0
10043,125.0572893,207.4813811,0
10044,125.0572893,207.4813811,0
10045,125.0572893,207.4813811,0
10046,125.0572893,207.4813811,0
10047,125.0572893,207.4813811,0
10048,125.0572893,207.4813811,0
10049,125.0572893,207.4813811,0
10050,125.0572893,207.4813811,0
10051,125.0572893,207.4813811,0
10052,125.0572893,207.4813811,0
10053,125.0572893,207.4813811,0
10054,125.0572893,207.4813811,0
10055,125.0572893,207.4813811,0
10056,125.0572893,207.4813811,0
10057,125.0572893,207.4813811,0
10058,125.0572893,207.4813811,0
10059,125.0572893,207.4813811,0
10060,125.0572893,207.4813811,0
10061,125.0572893,207.4813811,0
10062,125.0572893,207.4813811,0
10063,125.0572893,207.4813811,0
10064,125.0572893,207.4813811,0
10065,125.0572893,207.4813811,0
10066,125.0572893,207.4813811,0
10067,125.0572893,207.4813811,0
10068,125.0572893,207.4813811,0
10069,125.0572893,207.4813811,0
10070,125.0572893,207.4813811,0
10071,125.0572893,207.4813811,0
10072,125.0572893,207.4813811,0
10073,125.0572893,207.4813811,0
10074,125.0572893,207.4813811,0
10075,125.0572893,207.4813811,0
10076,125.0572893,207.4813811,0
10077,125.0572893,207.4813811,0
10078,125.0572893,207.4813811,0
10079,125.0572893,207.4813811,0
10080,125.0572893,207.4813811,0
10081,125.0572893,207.4813811,0
10082,125.0572893,207.4813811,0
10083,125.0572893,207.4813811,0
10084,125.0572893,207.4813811,0
10085,125.057289,207.4813811,0
10086,125.057289,207.4813811,0
10087,119.3728668,207.4813811,0
10088,119.3728668,207.4813811,0
10089,119.3728668,207.4813811,0
10090,119.3728668,207.4813811,0
10091,119.3728668,207.4813811,0
10092,119.3728668,207.4813811,0
10093,119.3728668,207.4813811,0
10094,119.3728668,207.4813811,0
10095,119.3728668,207.4813811,0
10096,119.3728668,207.4813811,0
10097,119.3728668,207.4813811,0
10098,119.3728668,207.4813811,0
10099,119.3728668,207.4813811,0
10100,119.3728668,207.4813811,0
10101,119.3728668,207.4813811,0
10102,119.3728668,207.4813811,0
10103,119.3728668,207.4813811,0
10104,119.3728668,207.4813811,0
10105,119.3728668,207.4813811,0
10106,119.3728668,207.4813811,0
10107,119.3728668,207.4813811,0
10108,119.3728668,207.4813811,0
10109,110.8462336,207.4813811,0
10110,110.8462336,207.4813811,0
10111,102.3196002,207.4813811,0
10112,102.3196002,207.4813811,0
10113,99.47738906,207.4813811,0
10114,99.47738906,207.4813811,0
10115,99.47738906,207.4813811,0
10116,99.47738906,207.4813811,0
10117,99.47738906,207.4813811,0
10118,105.1618113,207.4813811,0
10119,105.1618113,204.6391704,0
10120,105.1618113,204.6391704,0
10121,105.1618113,204.6391704,0
10122,105.1618113,204.6391704,0
10123,105.1618113,204.6391704,0
10124,105.1618113,204.6391704,0
10125,105.1618113,204.6391704,0
10126,105.1618113,204.6391704,0
10127,105.1618113,204.6391704,0
10128,105.1618113,204.6391704,0
10129,105.1618113,204.6391704,0
10130,105.1618113,204.6391704,0
10131,105.1618113,204.6391704,0
10132,105.1618113,204.6391704,0
10133,105.1618113,204.6391704,0
10134,105.1618113,204.6391704,0
10135,105.1618113,204.6391704,0
10136,105.1618113,204.6391704,0
10137,105.1618113,204.6391704,0
10138,105.1618113,204.6391704,0
10139,105.1618113,204.6391704,0
10140,105.1618113,204.6391704,0
10141,105.1618113,204.6391704,0
10142,105.1618113,204.6391704,0
10143,105.1618113,204.6391704,0
10144,105.1618113,204.6391704,0
10145,105.1618113,204.6391704,0
10146,105.1618113,207.4813811,0
10147,105.1618113,207.4813811,0
10148,105.1618113,207.4813811,0
10149,105.1618113,207.4813811,0
10150,105.1618113,207.4813811,0
10151,105.1618113,207.4813811,0
10152,105.1618113,207.4813811,0
10153,105.1618113,207.4813811,0
10154,105.1618113,207.4813811,0
10155,105.1618113,207.4813811,0
10156,105.1618113,207.4813811,0
10157,105.1618113,207.4813811,0
10158,105.1618113,207.4813811,0
10159,105.1618113,207.4813811,0
10160,105.1618113,207.4813811,0
10161,105.1618113,207.4813811,0
10162,105.1618113,207.4813811,0
10163,105.1618113,207.4813811,0
10164,105.1618113,207.4813811,0
10165,105.1618113,207.4813811,0
10166,105.1618113,207.4813811,0
10167,105.1618113,207.4813811,0
10168,105.1618113,207.4813811,0
10169,105.1618113,207.4813811,0
10170,105.1618113,207.4813811,0
10171,105.1618114,207.4813811,0
10172,105.1618115,207.4813811,0
10173,105.1618115,207.4813811,0
10174,105.1618115,207.4813811,0
10175,105.1618115,207.4813811,0
10176,105.1618115,207.4813811,0
10177,105.1618115,207.4813811,0
10178,105.1618115,207.4813811,0
10179,105.1618115,207.4813811,0
10180,105.1618115,207.4813811,0
10181,105.1618115,207.4813811,0
10182,105.1618115,207.4813811,0
10183,105.1618115,207.4813811,0
10184,105.1618115,207.4813811,0
10185,105.1618115,207.4813811,0
10186,105.1618115,207.4813811,0
10187,105.1618115,207.4813811,0
10188,105.1618115,207.4813811,0
10189,105.1618115,207.4813811,0
10190,105.1618115,207.4813811,0
10191,105.1618115,207.4813811,0
10192,105.1618115,207.4813811,0
10193,105.1618115,207.4813811,0
10194,105.1618115,207.4813811,0
10195,105.1618115,207.4813811,0
10196,105.1618115,201.7969597,0
10197,105.1618115,201.7969597,0
10198,105.1618115,201.7969597,0
10199,105.1618115,201.7969597,0
10200,105.1618115,201.7969597,0
10201,105.1618115,201.7969597,0
10202,105.1618115,201.7969597,0
10203,105.1618115,201.7969597,0
10204,105.1618115,201.7969597,0
10205,105.1618115,201.7969597,0
10206,105.1618115,201.7969597,0
10207,105.1618115,201.7969597,0
10208,105.1618115,201.7969597,0
10209,105.1618115,201.7969597,0
10210,105.1618115,201.7969597,0
10211,105.1618115,201.7969597,0
10212,105.1618115,201.7969597,0
10213,105.1618115,201.7969597,0
10214,105.1618115,201.7969597,0
10215,105.1618115,204.6391704,0
10216,105.1618115,204.6391704,0
10217,105.1618115,204.6391704,0
10218,105.1618115,204.6391704,0
10219,105.1618115,204.6391704,0
10220,105.1618115,204.6391704,0
10221,105.1618115,204.6391704,0
10222,105.1618112,204.6391704,0
10223,105.1618112,204.6391704,0
10224,105.1618112,204.6391704,0
10225,105.1618112,204.6391704,0
10226,105.1618112,204.6391704,0
10227,105.1618112,204.6391704,0
10228,102.3196002,204.6391704,0
10229,102.3196002,204.6391704,0
10230,102.3196002,204.6391704,0
10231,102.3196002,204.6391704,0
10232,102.3196002,204.6391704,0
10233,102.3196002,204.6391704,0
10234,102.3196002,204.6391704,0
10235,102.3196002,204.6391704,0
10236,102.3196002,204.6391704,0
10237,102.3196002,207.4813811,0
10238,102.3196002,207.4813811,0
10239,102.3196002,207.4813811,0
10240,102.3196002,207.4813811,0
10241,102.3196002,207.4813811,0
10242,102.3196002,207.4813811,0
10243,102.3196002,207.4813811,0
10244,105.1618113,207.4813811,0
10245,105.1618113,207.4813811,0
10246,105.1618113,207.4813811,0
10247,105.1618113,207.4813811,0
10248,105.1618113,207.4813811,0
10249,105.1618113,207.4813811,0
10250,105.1618113,207.4813811,0
10251,105.1618113,207.4813811,0
10252,105.1618113,207.4813811,0
10253,105.1618113,207.4813811,0
10254,105.1618113,207.4813811,0
10255,105.1618113,207.4813811,0
10256,105.1618113,207.4813811,0
10257,105.1618113,207.4813811,0
10258,105.1618113,207.4813811,0
10259,105.1618113,207.4813811,0
10260,105.1618113,207.4813811,0
10261,105.1618113,207.4813811,0
10262,105.1618113,207.4813811,0
10263,105.1618113,207.4813811,0
10264,105.1618113,207.4813811,0
10265,105.1618113,207.4813811,0
10266,105.1618113,207.4813811,0
10267,105.1618113,207.4813811,0
10268,105.1618113,207.4813811,0
10269,105.1618113,207.4813811,0
10270,105.1618113,207.4813811,0
10271,105.1618113,207.4813811,0
10272,105.1618113,207.4813811,0
10273,105.1618113,207.4813811,0
10274,105.1618113,207.4813811,0
10275,105.1618113,207.4813811,0
10276,105.1618113,207.4813811,0
10277,105.1618113,207.4813811,0
10278,105.1618113,207.4813811,0
10279,105.1618113,207.4813811,0
10280,105.1618113,207.4813811,0
10281,105.1618113,207.4813811,0
10282,105.1618113,207.4813811,0
10283,105.1618113,207.4813811,0
10284,105.1618113,207.4813811,0
10285,105.1618113,207.4813811,0
10286,105.1618113,207.4813811,0
10287,105.1618113,207.4813811,0
10288,105.1618113,207.4813811,0
10289,105.1618113,207.4813811,0
10290,105.1618113,207.4813811,0
10291,105.1618113,207.4813811,0
10292,105.1618113,207.4813811,0
10293,105.1618113,207.4813811,0
10294,102.3196003,207.4813811,0
10295,102.3196003,207.4813811,0
10296,102.3196003,207.4813811,0
10297,102.3196003,207.4813811,0
10298,102.3196003,207.4813811,0
10299,102.3196003,207.4813811,0
10300,102.3196003,207.4813811,0
10301,102.3196003,207.4813811,0
10302,102.3196003,207.4813811,0
10303,102.3196003,207.4813811,0
10304,102.3196003,207.4813811,0
10305,102.3196003,207.4813811,0
10306,102.3196003,207.4813811,0
10307,102.3196003,207.4813811,0
10308,102.3196003,207.4813811,0
10309,102.3196003,207.4813811,0
10310,102.3196003,207.4813811,0
10311,102.3196003,207.4813811,0
10312,102.3196003,207.4813811,0
10313,102.3196003,207.4813811,0
10314,102.3196003,207.4813811,0
10315,102.3196003,207.4813811,0
10316,102.3196003,207.4813811,0
10317,102.3196003,204.6391704,0
10318,102.3196003,204.6391704,0
10319,102.3196003,204.6391704,0
10320,102.3196003,204.6391704,0
10321,102.3196003,204.6391704,0
10322,102.3196003,204.6391704,0
10323,102.3196003,204.6391704,0
10324,102.3196003,204.6391704,0
10325,102.3196003,204.6391704,0
10326,102.3196003,204.6391704,0
10327,102.3196003,204.6391704,0
10328,102.3196003,204.6391704,0
10329,102.3196003,204.6391704,0
10330,102.3196003,204.6391704,0
10331,102.3196003,204.6391704,0
10332,102.3196003,204.6391704,0
10333,102.3196003,204.6391704,0
10334,102.3196003,204.6391704,0
10335,102.3196003,204.6391704,0
10336,102.3196003,204.6391704,0
10337,102.3196003,204.6391704,0
10338,102.3196003,204.6391704,0
10339,102.3196003,204.6391704,0
10340,102.3196003,204.6391704,0
10341,102.3196003,204.6391704,0
10342,102.3196003,204.6391704,0
10343,102.3196003,204.6391704,0
10344,102.3196003,204.6391704,0
10345,102.3196003,204.6391704,0
10346,102.3196003,204.6391704,0
10347,102.3196003,204.6391704,0
10348,102.3196003,204.6391704,0
10349,102.3196003,204.6391704,0
10350,102.3196003,204.6391704,0
10351,102.3196003,204.6391704,0
10352,102.3196003,204.6391704,0
10353,102.3196003,204.6391704,0
10354,102.3196003,204.6391704,0
10355,102.3196003,204.6391704,0
10356,102.3196003,204.6391704,0
10357,102.3196003,204.6391704,0
10358,102.3196003,204.6391704,0
10359,102.3196003,204.6391704,0
10360,102.3196003,204.6391704,0
10361,102.3196003,204.6391704,0
10362,102.3196003,204.6391704,0
10363,102.3196003,204.6391704,0
10364,102.3196003,204.6391704,0
10365,102.3196003,204.6391704,0
10366,102.3196003,204.6391704,0
10367,102.3196003,204.6391704,0
10368,102.3196003,204.6391704,0
10369,102.3196003,204.6391704,0
10370,102.3196003,204.6391704,0
10371,102.3196003,204.6391704,0
10372,102.3196001,204.6391704,0
10373,102.3196001,204.6391704,0
10374,102.3196001,204.6391704,0
10375,102.3196001,204.6391704,0
10376,102.3196001,204.6391704,0
10377,102.3196001,204.6391704,0
10378,102.3196001,204.6391704,0
10379,102.3196001,204.6391704,0
10380,102.3196001,204.6391704,0
10381,102.3196001,204.6391704,0
10382,102.3196001,204.6391704,0
10383,102.3196001,204.6391704,0
10384,102.3196001,204.6391704,0
10385,102.3196001,204.6391704,0
10386,102.3196001,204.6391704,0
10387,102.3196001,204.6391704,0
10388,102.3196001,204.6391704,0
10389,102.3196001,204.6391704,0
10390,102.3196001,204.6391704,0
10391,102.3196001,204.6391704,0
10392,102.3196001,204.6391704,0
10393,102.3196001,204.6391704,0
10394,102.3196001,204.6391704,0
10395,102.3196001,204.6391704,0
10396,102.3196001,204.6391704,0
10397,102.3196001,204.6391704,0
10398,102.3196001,204.6391704,0
10399,102.3196001,204.6391704,0
10400,102.3196001,204.6391704,0
10401,102.3196001,204.6391704,0
10402,102.3196003,204.6391704,0
10403,102.3196003,204.6391704,0
10404,102.3196003,204.6391704,0
10405,102.3196003,204.6391704,0
10406,102.3196003,204.6391704,0
10407,102.3196003,204.6391704,0
10408,102.3196003,204.6391704,0
10409,102.3196003,204.6391704,0
10410,102.3196003,204.6391704,0
10411,102.3196003,204.6391704,0
10412,102.3196003,204.6391704,0
10413,102.3196003,204.6391704,0
10414,102.3196003,204.6391704,0
10415,102.3196003,204.6391704,0
10416,102.3196003,204.6391704,0
10417,102.3196003,204.6391704,0
10418,102.3196003,204.6391704,0
10419,102.3196003,204.6391704,0
10420,102.3196003,204.6391704,0
10421,102.3196003,204.6391704,0
10422,102.3196003,204.6391704,0
10423,102.3196003,204.6391704,0
10424,102.3196003,204.6391704,0
10425,102.3196003,204.6391704,0
10426,102.3196003,204.6391704,0
10427,102.3196003,204.6391704,0
10428,102.3196003,204.6391704,0
10429,102.3196003,204.6391704,0
10430,102.3196003,204.6391704,0
10431,102.3196003,204.6391704,0
10432,102.3196003,204.6391704,0
10433,102.3196003,204.6391704,0
10434,102.3196003,204.6391704,0
10435,102.3196003,204.6391704,0
10436,102.3196003,204.6391704,0
10437,102.3196003,204.6391704,0
10438,102.3196003,204.6391704,0
10439,102.3196003,204.6391704,0
10440,102.3196003,204.6391704,0
10441,102.3196003,204.6391704,0
10442,102.3196003,204.6391704,0
10443,102.3196003,204.6391704,0
10444,102.3196003,204.6391704,0
10445,102.3196003,204.6391704,0
10446,102.3196003,204.6391704,0
10447,102.3196003,204.6391704,0
10448,102.3196003,204.6391704,0
10449,102.3196003,204.6391704,0
10450,102.3196003,204.6391704,0
10451,102.3196003,204.6391704,0
10452,99.47738899,204.6391704,0
10453,99.47738899,204.6391704,0
10454,99.47738899,204.6391704,0
10455,99.47738899,204.6391704,0
10456,99.47738921,204.6391704,0
10457,99.47738921,204.6391704,0
10458,99.47738921,204.6391704,0
10459,99.47738921,204.6391704,0
10460,99.47738921,204.6391704,0
10461,99.47738921,204.6391704,0
10462,99.47738921,204.6391704,0
10463,99.47738921,204.6391704,0
10464,99.47738921,204.6391704,0
10465,99.47738921,204.6391704,0
10466,99.47738921,204.6391704,0
10467,99.47738921,204.6391704,0
10468,99.47738921,204.6391704,0
10469,99.47738921,204.6391704,0
10470,99.47738921,204.6391704,0
10471,99.47738921,204.6391704,0
10472,99.47738921,204.6391704,0
10473,99.47738921,204.6391704,0
10474,99.47738921,204.6391704,0
10475,99.47738921,204.6391704,0
10476,99.47738921,204.6391704,0
10477,99.47738921,204.6391704,0
10478,99.47738921,204.6391704,0
10479,99.47738921,204.6391704,0
10480,99.47738921,204.6391704,0
10481,99.47738921,204.6391704,0
10482,99.47738921,204.6391704,0
10483,99.47738921,204.6391704,0
10484,99.47738921,204.6391704,0
10485,99.47738921,204.6391704,0
10486,99.47738921,204.6391704,0
10487,102.3196001,204.6391704,0
10488,102.3196001,204.6391704,0
10489,102.3196001,204.6391704,0
10490,102.3196001,204.6391704,0
10491,102.3196001,204.6391704,0
10492,102.3196001,204.6391704,0
10493,102.3196001,204.6391704,0
10494,102.3196001,204.6391704,0
10495,102.3196001,204.6391704,0
10496,102.3196001,204.6391704,0
10497,102.3196001,204.6391704,0
10498,102.3196001,204.6391704,0
10499,102.3196001,204.6391704,0
10500,102.3196001,204.6391704,0
10501,102.3196001,204.6391704,0
10502,102.3196001,204.6391704,0
10503,102.3196001,204.6391704,0
10504,102.3196001,204.6391704,0
10505,102.3196001,201.7969597,0
10506,102.3196001,201.7969597,0
10507,102.3196001,201.7969597,0
10508,102.3196001,201.7969597,0
10509,102.3196001,201.7969597,0
10510,102.3196001,201.7969597,0
10511,102.3196001,201.7969597,0
10512,102.3196001,201.7969597,0
10513,102.3196001,201.7969597,0
10514,102.3196001,201.7969597,0
10515,102.3196001,201.7969597,0
10516,102.3196001,201.7969597,0
10517,102.3196001,201.7969597,0
10518,102.3196001,201.7969597,0
10519,102.3196001,201.7969597,0
10520,102.3196001,201.7969597,0
10521,102.3196001,201.7969597,0
10522,102.3196001,201.7969597,0
10523,102.3196001,201.7969597,0
10524,102.3196001,201.7969597,0
10525,102.3196001,201.7969597,0
10526,102.3196001,201.7969597,0
10527,102.3196001,201.7969597,0
10528,102.3196001,201.7969597,0
10529,102.3196001,201.7969597,0
10530,102.3196001,201.7969597,0
10531,102.3196001,201.7969597,0
10532,102.3196001,201.7969597,0
10533,102.3196001,201.7969597,0
10534,102.3196001,201.7969597,0
10535,102.3196001,201.7969597,0
10536,102.3196001,201.7969597,0
10537,96.63517808,201.7969597,0
10538,96.63517808,201.7969597,0
10539,96.63517808,201.7969597,0
10540,96.63517808,201.7969597,0
10541,96.63517808,201.7969597,0
10542,96.63517808,201.7969597,0
10543,96.63517808,201.7969597,0
10544,96.63517808,201.7969597,0
10545,96.63517808,201.7969597,0
10546,96.63517808,201.7969597,0
10547,96.63517808,201.7969597,0
10548,96.63517808,201.7969597,0
10549,96.63517808,201.7969597,0
10550,96.63517808,201.7969597,0
10551,96.63517808,201.7969597,0
10552,96.63517808,201.7969597,0
10553,96.63517808,201.7969597,0
10554,96.63517808,201.7969597,0
10555,96.63517808,201.7969597,0
10556,96.63517808,204.6391704,0
10557,96.63517801,204.6391704,0
10558,96.63517801,204.6391704,0
10559,96.63517801,204.6391704,0
10560,96.63517801,204.6391704,0
10561,99.47738906,204.6391704,0
10562,99.47738906,204.6391704,0
10563,99.47738906,204.6391704,0
10564,99.47738906,204.6391704,0
10565,99.47738906,204.6391704,0
10566,99.47738906,204.6391704,0
10567,99.47738906,204.6391704,0
10568,99.47738906,204.6391704,0
10569,99.47738906,204.6391704,0
10570,99.47738906,204.6391704,0
10571,99.47738906,204.6391704,0
10572,99.47738906,204.6391704,0
10573,99.47738906,204.6391704,0
10574,99.47738906,204.6391704,0
10575,99.47738906,204.6391704,0
10576,99.47738906,204.6391704,0
10577,99.47738906,204.6391704,0
10578,99.47738906,204.6391704,0
10579,99.47738906,204.6391704,0
10580,99.47738906,204.6391704,0
10581,99.47738906,204.6391704,0
10582,99.47738906,204.6391704,0
10583,99.47738906,204.6391704,0
10584,99.47738906,204.6391704,0
10585,99.47738906,204.6391704,0
10586,99.47738906,204.6391704,0
10587,99.47738906,204.6391704,0
10588,99.47738906,204.6391704,0
10589,99.47738906,204.6391704,0
10590,99.47738906,204.6391704,0
10591,99.47738906,204.6391704,0
10592,99.47738913,204.6391704,0
10593,99.47738913,204.6391704,0
10594,99.47738913,204.6391704,0
10595,99.47738913,204.6391704,0
10596,99.47738913,204.6391704,0
10597,99.47738913,204.6391704,0
10598,99.47738913,204.6391704,0
10599,99.47738913,204.6391704,0
10600,99.47738913,204.6391704,0
10601,99.47738913,204.6391704,0
10602,99.47738913,204.6391704,0
10603,99.47738913,204.6391704,0
10604,99.47738913,204.6391704,0
10605,99.47738913,204.6391704,0
10606,99.47738913,204.6391704,0
10607,99.47738913,204.6391704,0
10608,99.47738913,204.6391704,0
10609,99.47738913,204.6391704,0
10610,99.47738913,204.6391704,0
10611,99.47738913,204.6391704,0
10612,99.47738913,204.6391704,0
10613,99.47738913,204.6391704,0
10614,99.47738913,204.6391704,0
10615,99.47738913,204.6391704,0
10616,99.47738913,204.6391704,0
10617,99.47738913,204.6391704,0
10618,99.47738913,204.6391704,0
10619,99.47738913,204.6391704,0
10620,99.47738913,204.6391704,0
10621,99.47738913,204.6391704,0
10622,99.47738913,204.6391704,0
10623,99.47738913,204.6391704,0
10624,99.47738913,204.6391704,0
10625,99.47738913,204.6391704,0
10626,99.47738913,204.6391704,0
10627,99.47738913,204.6391704,0
10628,99.47738913,204.6391704,0
10629,99.47738913,204.6391704,0
10630,99.47738913,204.6391704,0
10631,99.47738913,204.6391704,0
10632,99.47738913,204.6391704,0
10633,99.47738913,204.6391704,0
10634,99.47738913,204.6391704,0
10635,99.47738913,204.6391704,0
10636,99.47738913,204.6391704,0
10637,99.47738913,204.6391704,0
10638,99.47738913,204.6391704,0
10639,99.47738913,204.6391704,0
10640,99.47738913,204.6391704,0
10641,99.47738913,204.6391704,0
10642,99.47738899,204.6391704,0
10643,99.47738899,204.6391704,0
10644,99.47738899,204.6391704,0
10645,99.47738899,204.6391704,0
10646,99.47738899,204.6391704,0
10647,99.47738899,204.6391704,0
10648,96.63517801,204.6391704,0
10649,96.63517801,201.7969597,0
10650,96.63517801,201.7969597,0
10651,96.63517801,201.7969597,0
10652,96.63517801,201.7969597,0
10653,96.63517794,201.7969597,0
10654,96.63517794,201.7969597,0
10655,96.63517794,201.7969597,0
10656,96.63517794,201.7969597,0
10657,96.63517794,201.7969597,0
10658,96.63517794,201.7969597,0
10659,96.63517794,201.7969597,0
10660,96.63517794,201.7969597,0
10661,96.63517794,201.7969597,0
10662,96.63517794,201.7969597,0
10663,96.63517794,201.7969597,0
10664,96.63517794,201.7969597,0
10665,99.47738913,201.7969597,0
10666,99.47738913,201.7969597,0
10667,99.47738913,201.7969597,0
10668,99.47738913,201.7969597,0
10669,99.47738913,201.7969597,0
10670,99.47738913,201.7969597,0
10671,99.47738913,201.7969597,0
10672,99.47738913,201.7969597,0
10673,99.47738913,201.7969597,0
10674,99.47738913,201.7969597,0
10675,99.47738913,201.7969597,0
10676,99.47738913,201.7969597,0
10677,99.47738913,201.7969597,0
10678,99.47738913,201.7969597,0
10679,99.47738913,201.7969597,0
10680,99.47738913,201.7969597,0
10681,99.47738913,201.7969597,0
10682,99.47738913,201.7969597,0
10683,99.47738913,201.7969597,0
10684,99.47738913,201.7969597,0
10685,99.47738913,201.7969597,0
10686,99.47738913,201.7969597,0
10687,99.47738913,201.7969597,0
10688,99.47738913,201.7969597,0
10689,99.47738913,204.6391704,0
10690,99.47738913,204.6391704,0
10691,99.47738913,204.6391704,0
10692,99.47738913,204.6391704,0
10693,99.47738913,204.6391704,0
10694,99.47738913,204.6391704,0
10695,99.47738913,204.6391704,0
10696,99.47738913,204.6391704,0
10697,99.47738913,204.6391704,0
10698,99.47738913,204.6391704,0
10699,99.47738913,204.6391704,0
10700,99.47738913,204.6391704,0
10701,99.47738913,204.6391704,0
10702,99.47738913,204.6391704,0
10703,99.47738913,204.6391704,0
10704,99.47738913,204.6391704,0
10705,99.47738913,204.6391704,0
10706,99.47738913,204.6391704,0
10707,99.47738913,204.6391704,0
10708,99.47738913,204.6391704,0
10709,99.47738913,204.6391704,0
10710,99.47738913,204.6391704,0
10711,99.47738913,204.6391704,0
10712,99.47738913,204.6391704,0
10713,99.47738913,204.6391704,0
10714,99.47738913,204.6391704,0
10715,99.47738913,204.6391704,0
10716,99.47738913,204.6391704,0
10717,99.47738913,204.6391704,0
10718,99.47738913,204.6391704,0
10719,99.47738913,204.6391704,0
10720,99.47738913,204.6391704,0
10721,99.47738913,204.6391704,0
10722,99.47738913,204.6391704,0
10723,99.47738913,204.6391704,0
10724,99.47738913,204.6391704,0
10725,99.47738913,204.6391704,0
10726,99.47738913,207.4813811,0
10727,99.47738913,207.4813811,0
10728,99.47738913,207.4813811,0
10729,99.47738913,207.4813811,0
10730,99.47738913,207.4813811,0
10731,99.47738913,207.4813811,0
10732,99.47738913,207.4813811,0
10733,99.47738913,207.4813811,0
10734,99.47738913,207.4813811,0
10735,99.47738913,207.4813811,0
10736,99.47738913,207.4813811,0
10737,99.47738913,207.4813811,0
10738,99.47738913,207.4813811,0
10739,99.47738913,207.4813811,0
10740,99.47738913,207.4813811,0
10741,99.47738913,207.4813811,0
10742,99.47738913,207.4813811,0
10743,99.47738913,207.4813811,0
10744,99.47738913,207.4813811,0
10745,99.47738913,207.4813811,0
10746,99.47738906,207.4813811,0
10747,99.47738906,207.4813811,0
10748,99.47738906,207.4813811,0
10749,99.47738906,207.4813811,0
10750,99.47738906,207.4813811,0
10751,99.47738906,207.4813811,0
10752,99.47738906,207.4813811,0
10753,99.47738906,207.4813811,0
10754,99.47738906,207.4813811,0
10755,99.47738906,207.4813811,0
10756,99.47738906,207.4813811,0
10757,99.47738906,207.4813811,0
10758,99.47738906,207.4813811,0
10759,99.47738906,207.4813811,0
10760,99.47738906,207.4813811,0
10761,99.47738906,207.4813811,0
10762,99.47738906,207.4813811,0
10763,99.47738906,207.4813811,0
10764,99.47738906,207.4813811,0
10765,99.47738906,207.4813811,0
10766,99.47738906,207.4813811,0
10767,99.47738906,207.4813811,0
10768,99.47738906,207.4813811,0
10769,99.47738906,207.4813811,0
10770,99.47738906,207.4813811,0
10771,99.47738906,207.4813811,0
10772,99.47738906,207.4813811,0
10773,99.47738906,207.4813811,0
10774,99.47738906,207.4813811,0
10775,99.47738906,207.4813811,0
10776,99.47738906,204.6391704,0
10777,99.47738906,204.6391704,0
10778,99.47738906,204.6391704,0
10779,96.63517801,204.6391704,0
10780,96.63517801,204.6391704,0
10781,96.63517801,204.6391704,0
10782,96.63517801,204.6391704,0
10783,96.63517801,204.6391704,0
10784,96.63517801,204.6391704,0
10785,96.63517801,204.6391704,0
10786,96.63517801,204.6391704,0
10787,96.63517808,204.6391704,0
10788,96.63517808,204.6391704,0
10789,96.63517808,204.6391704,0
10790,96.63517808,204.6391704,0
10791,96.63517808,204.6391704,0
10792,96.63517808,204.6391704,0
10793,96.63517808,204.6391704,0
10794,96.63517808,204.6391704,0
10795,96.63517808,204.6391704,0
10796,99.47738906,204.6391704,0
10797,99.47738906,204.6391704,0
10798,99.47738906,204.6391704,0
10799,99.47738906,204.6391704,0
10800,99.47738906,204.6391704,0
10801,99.47738906,204.6391704,0
10802,99.47738906,204.6391704,0
10803,99.47738906,204.6391704,0
10804,99.47738906,204.6391704,0
10805,99.47738906,204.6391704,0
10806,99.47738906,204.6391704,0
10807,99.47738906,204.6391704,0
10808,99.47738906,204.6391704,0
10809,99.47738906,204.6391704,0
10810,99.47738906,204.6391704,0
10811,99.47738906,204.6391704,0
10812,99.47738906,204.6391704,0
10813,99.47738906,204.6391704,0
10814,99.47738906,204.6391704,0
10815,99.47738906,204.6391704,0
10816,99.47738906,204.6391704,0
10817,99.47738906,204.6391704,0
10818,99.47738906,204.6391704,0
10819,99.47738906,204.6391704,0
10820,99.47738906,204.6391704,0
10821,99.47738906,204.6391704,0
10822,99.47738906,204.6391704,0
10823,99.47738906,204.6391704,0
10824,99.47738906,204.6391704,0
10825,99.47738906,204.6391704,0
10826,99.47738906,204.6391704,0
10827,99.47738906,204.6391704,0
10828,99.47738906,204.6391704,0
10829,99.47738906,204.6391704,0
10830,99.47738906,204.6391704,0
10831,99.47738906,204.6391704,0
10832,99.47738906,204.6391704,0
10833,99.47738906,204.6391704,0
10834,99.47738906,204.6391704,0
10835,99.47738906,204.6391704,0
10836,99.47738906,204.6391704,0
10837,99.47738906,204.6391704,0
10838,99.47738906,204.6391704,0
10839,99.47738906,201.7969597,0
10840,99.47738906,201.7969597,0
10841,99.47738906,201.7969597,0
10842,99.47738906,201.7969597,0
10843,99.47738906,201.7969597,0
10844,99.47738906,201.7969597,0
10845,99.47738906,201.7969597,0
10846,96.63517794,201.7969597,0
10847,96.63517794,201.7969597,0
10848,96.63517794,201.7969597,0
10849,96.63517794,201.7969597,0
10850,96.63517794,201.7969597,0
10851,102.3196001,201.7969597,0
10852,102.3196001,201.7969597,0
10853,102.3196001,201.7969597,0
10854,102.3196001,201.7969597,0
10855,102.3196001,201.7969597,0
10856,102.3196001,204.6391704,0
10857,102.3196001,204.6391704,0
10858,102.3196001,204.6391704,0
10859,102.3196001,204.6391704,0
10860,102.3196001,204.6391704,0
10861,102.3196001,204.6391704,0
10862,102.3196001,204.6391704,0
10863,102.3196001,204.6391704,0
10864,102.3196001,204.6391704,0
10865,102.3196001,204.6391704,0
10866,102.3196001,204.6391704,0
10867,102.3196001,204.6391704,0
10868,102.3196001,204.6391704,0
10869,102.3196001,204.6391704,0
10870,102.3196001,204.6391704,0
10871,102.3196001,204.6391704,0
10872,102.3196001,204.6391704,0
10873,102.3196001,204.6391704,0
10874,102.3196001,204.6391704,0
10875,102.3196001,204.6391704,0
10876,102.3196001,204.6391704,0
10877,102.3196001,204.6391704,0
10878,102.3196001,204.6391704,0
10879,102.3196001,204.6391704,0
10880,102.3196001,204.6391704,0
10881,102.3196001,204.6391704,0
10882,102.3196001,204.6391704,0
10883,102.3196001,204.6391704,0
10884,102.3196001,204.6391704,0
10885,102.3196001,204.6391704,0
10886,102.3196001,204.6391704,0
10887,102.3196001,204.6391704,0
10888,102.3196001,204.6391704,0
10889,102.3196001,204.6391704,0
10890,102.3196001,204.6391704,0
10891,102.3196001,204.6391704,0
10892,102.3196001,204.6391704,0
10893,102.3196001,204.6391704,0
10894,102.3196001,204.6391704,0
10895,102.3196001,204.6391704,0
10896,102.3196001,204.6391704,0
10897,102.3196001,204.6391704,0
10898,102.3196001,204.6391704,0
10899,102.3196001,204.6391704,0
10900,102.3196001,204.6391704,0
10901,96.63517808,204.6391704,0
10902,96.63517808,204.6391704,0
10903,99.47738899,204.6391704,0
10904,99.47738899,204.6391704,0
10905,99.47738899,204.6391704,0
10906,99.47738899,204.6391704,0
10907,99.47738899,204.6391704,0
10908,99.47738899,204.6391704,0
10909,99.47738899,204.6391704,0
10910,99.47738899,204.6391704,0
10911,99.47738899,204.6391704,0
10912,99.47738899,204.6391704,0
10913,99.47738899,204.6391704,0
10914,99.47738899,207.4813811,0
10915,99.47738899,207.4813811,0
10916,99.47738899,207.4813811,0
10917,99.47738899,207.4813811,0
10918,99.47738899,207.4813811,0
10919,99.47738899,207.4813811,0
10920,99.47738899,207.4813811,0
10921,99.47738899,207.4813811,0
10922,99.47738899,207.4813811,0
10923,99.47738899,207.4813811,0
10924,99.47738899,207.4813811,0
10925,99.47738899,207.4813811,0
10926,99.47738899,207.4813811,0
10927,99.47738899,207.4813811,0
10928,99.47738899,207.4813811,0
10929,99.47738899,207.4813811,0
10930,99.47738899,207.4813811,0
10931,99.47738899,207.4813811,0
10932,99.47738899,207.4813811,0
10933,99.47738899,207.4813811,0
10934,99.47738899,207.4813811,0
10935,99.47738899,207.4813811,0
10936,99.47738899,207.4813811,0
10937,99.47738899,207.4813811,0
10938,99.47738899,207.4813811,0
10939,99.47738899,207.4813811,0
10940,99.47738899,207.4813811,0
10941,99.47738899,207.4813811,0
10942,99.47738899,207.4813811,0
10943,99.47738899,207.4813811,0
10944,99.47738899,207.4813811,0
10945,99.47738899,207.4813811,0
10946,99.47738899,207.4813811,0
10947,99.47738899,207.4813811,0
10948,99.47738899,207.4813811,0
10949,99.47738899,207.4813811,0
10950,99.47738899,207.4813811,0
10951,99.47738899,207.4813811,0
10952,99.47738899,207.4813811,0
10953,99.47738899,207.4813811,0
10954,99.47738899,207.4813811,0
10955,99.47738899,207.4813811,0
10956,99.47738899,207.4813811,0
10957,99.47738899,207.4813811,0
10958,99.47738899,207.4813811,0
10959,99.47738899,207.4813811,0
10960,99.47738899,207.4813811,0
10961,99.47738899,207.4813811,0
10962,99.47738899,207.4813811,0
10963,99.47738899,207.4813811,0
10964,99.47738899,204.6391704,0
10965,99.47738899,204.6391704,0
10966,99.47738899,204.6391704,0
10967,99.47738899,204.6391704,0
10968,99.47738899,204.6391704,0
10969,99.47738899,204.6391704,0
10970,99.47738899,204.6391704,0
10971,99.47738899,204.6391704,0
10972,99.47738899,204.6391704,0
10973,99.47738899,204.6391704,0
10974,99.47738899,204.6391704,0
10975,99.47738899,204.6391704,0
10976,99.47738899,204.6391704,0
10977,99.47738899,204.6391704,0
10978,99.47738899,204.6391704,0
10979,99.47738899,204.6391704,0
10980,99.47738899,204.6391704,0
10981,99.47738899,204.6391704,0
10982,99.47738899,204.6391704,0
10983,99.47738899,204.6391704,0
10984,99.47738899,204.6391704,0
10985,99.47738899,204.6391704,0
10986,99.47738906,204.6391704,0
10987,99.47738906,204.6391704,0
10988,99.47738906,204.6391704,0
10989,99.47738906,204.6391704,0
10990,99.47738906,204.6391704,0
10991,99.47738906,204.6391704,0
10992,99.47738906,204.6391704,0
10993,99.47738906,204.6391704,0
10994,99.47738906,204.6391704,0
10995,99.47738906,204.6391704,0
10996,99.47738906,204.6391704,0
10997,99.47738906,204.6391704,0
10998,99.47738906,204.6391704,0
10999,99.47738906,204.6391704,0
11000,99.47738906,204.6391704,0
11001,99.47738906,204.6391704,0
11002,99.47738906,204.6391704,0
11003,99.47738906,204.6391704,0
11004,99.47738906,204.6391704,0
11005,99.47738906,204.6391704,0
11006,99.47738906,204.6391704,0
11007,99.47738906,204.6391704,0
11008,99.47738906,204.6391704,0
11009,99.47738906,204.6391704,0
11010,99.47738906,204.6391704,0
11011,99.47738906,204.6391704,0
11012,99.47738906,204.6391704,0
11013,99.47738906,204.6391704,0
11014,99.47738906,204.6391704,0
11015,99.47738906,204.6391704,0
11016,99.47738906,204.6391704,0
11017,99.47738906,204.6391704,0
11018,99.47738906,204.6391704,0
11019,99.47738906,204.6391704,0
11020,99.47738906,204.6391704,0
11021,99.47738906,204.6391704,0
11022,99.47738906,204.6391704,0
11023,99.47738906,204.6391704,0
11024,99.47738906,204.6391704,0
11025,99.47738906,204.6391704,0
11026,99.47738906,204.6391704,0
11027,99.47738906,204.6391704,0
11028,99.47738906,204.6391704,0
11029,99.47738906,204.6391704,0
11030,99.47738906,204.6391704,0
11031,99.47738906,204.6391704,0
11032,99.47738906,204.6391704,0
11033,99.47738906,204.6391704,0
11034,99.47738906,204.6391704,0
11035,99.47738906,204.6391704,0
11036,96.63517794,204.6391704,0
11037,96.63517794,204.6391704,0
11038,96.63517794,204.6391704,0
11039,96.63517794,204.6391704,0
11040,96.63517794,204.6391704,0
11041,96.63517794,204.6391704,0
11042,96.63517794,204.6391704,0
11043,96.63517794,204.6391704,0
11044,96.63517794,204.6391704,0
11045,96.63517794,204.6391704,0
11046,96.63517794,204.6391704,0
11047,96.63517794,204.6391704,0
11048,96.63517794,204.6391704,0
11049,96.63517794,204.6391704,0
11050,96.63517794,204.6391704,0
11051,96.63517794,204.6391704,0
11052,99.47738906,204.6391704,0
11053,99.47738906,204.6391704,0
11054,99.47738906,204.6391704,0
11055,99.47738906,204.6391704,0
11056,99.47738906,204.6391704,0
11057,99.47738906,204.6391704,0
11058,99.47738906,204.6391704,0
11059,99.47738906,204.6391704,0
11060,99.47738906,204.6391704,0
11061,99.47738906,204.6391704,0
11062,99.47738906,204.6391704,0
11063,99.47738906,204.6391704,0
11064,99.47738906,204.6391704,0
11065,99.47738906,204.6391704,0
11066,99.47738906,204.6391704,0
11067,99.47738906,204.6391704,0
11068,99.47738906,204.6391704,0
11069,99.47738906,204.6391704,0
11070,99.47738906,204.6391704,0
11071,99.47738906,204.6391704,0
11072,99.47738906,204.6391704,0
11073,99.47738906,204.6391704,0
11074,99.47738906,204.6391704,0
11075,99.47738906,207.4813811,0
11076,99.47738906,207.4813811,0
11077,99.47738906,207.4813811,0
11078,99.47738906,207.4813811,0
11079,99.47738906,207.4813811,0
11080,99.47738906,207.4813811,0
11081,99.47738906,207.4813811,0
11082,99.47738906,207.4813811,0
11083,99.47738906,207.4813811,0
11084,99.47738906,207.4813811,0
11085,99.47738906,207.4813811,0
11086,99.47738906,207.4813811,0
11087,99.47738906,207.4813811,0
11088,99.47738906,207.4813811,0
11089,99.47738906,207.4813811,0
11090,99.47738906,207.4813811,0
11091,99.47738906,207.4813811,0
11092,99.47738906,207.4813811,0
11093,99.47738906,207.4813811,0
11094,99.47738906,207.4813811,0
11095,99.47738906,207.4813811,0
11096,99.47738906,207.4813811,0
11097,99.47738906,207.4813811,0
11098,99.47738906,207.4813811,0
11099,99.47738906,207.4813811,0
11100,99.47738906,207.4813811,0
11101,99.47738906,207.4813811,0
11102,99.47738906,207.4813811,0
11103,99.47738906,207.4813811,0
11104,99.47738906,207.4813811,0
11105,99.47738906,207.4813811,0
11106,99.47738906,207.4813811,0
11107,99.47738906,207.4813811,0
11108,99.47738906,207.4813811,0
11109,99.47738906,207.4813811,0
11110,99.47738906,207.4813811,0
11111,99.47738906,207.4813811,0
11112,99.47738906,207.4813811,0
11113,99.47738906,207.4813811,0
11114,99.47738906,207.4813811,0
11115,99.47738899,207.4813811,0
11116,99.47738899,207.4813811,0
11117,99.47738899,207.4813811,0
11118,99.47738899,207.4813811,0
11119,99.47738899,207.4813811,0
11120,99.47738899,207.4813811,0
11121,99.47738899,207.4813811,0
11122,99.47738899,207.4813811,0
11123,99.47738899,207.4813811,0
11124,99.47738899,207.4813811,0
11125,99.47738899,204.6391704,0
11126,99.47738899,204.6391704,0
11127,99.47738899,204.6391704,0
11128,99.47738899,204.6391704,0
11129,99.47738899,204.6391704,0
11130,99.47738921,204.6391704,0
11131,99.47738921,204.6391704,0
11132,99.47738921,204.6391704,0
11133,99.47738921,204.6391704,0
11134,99.47738921,204.6391704,0
11135,99.47738921,204.6391704,0
11136,102.3196002,204.6391704,0
11137,102.3196002,204.6391704,0
11138,102.3196002,204.6391704,0
11139,102.3196002,204.6391704,0
11140,102.3196002,204.6391704,0
11141,102.3196002,204.6391704,0
11142,102.3196002,204.6391704,0
11143,102.3196002,204.6391704,0
11144,102.3196002,204.6391704,0
11145,102.3196002,204.6391704,0
11146,102.3196002,204.6391704,0
11147,102.3196002,204.6391704,0
11148,102.3196002,204.6391704,0
11149,102.3196002,204.6391704,0
11150,102.3196002,204.6391704,0
11151,102.3196002,204.6391704,0
11152,102.3196002,204.6391704,0
11153,102.3196002,204.6391704,0
11154,102.3196002,204.6391704,0
11155,102.3196002,204.6391704,0
11156,102.3196002,204.6391704,0
11157,102.3196002,204.6391704,0
11158,102.3196002,204.6391704,0
11159,102.3196002,204.6391704,0
11160,102.3196002,204.6391704,0
11161,102.3196002,204.6391704,0
11162,102.3196002,204.6391704,0
11163,102.3196002,204.6391704,0
11164,102.3196002,207.4813811,0
11165,102.3196002,207.4813811,0
11166,102.3196002,207.4813811,0
11167,102.3196002,207.4813811,0
11168,102.3196002,207.4813811,0
11169,102.3196002,207.4813811,0
11170,102.3196002,207.4813811,0
11171,102.3196002,207.4813811,0
11172,102.3196002,207.4813811,0
11173,102.3196002,207.4813811,0
11174,102.3196002,207.4813811,0
11175,102.3196002,207.4813811,0
11176,102.3196002,207.4813811,0
11177,102.3196002,207.4813811,0
11178,102.3196002,207.4813811,0
11179,102.3196002,207.4813811,0
11180,102.3196002,207.4813811,0
11181,102.3196002,207.4813811,0
11182,102.3196002,207.4813811,0
11183,102.3196002,207.4813811,0
11184,102.3196002,207.4813811,0
11185,102.3196002,207.4813811,0
11186,96.63517787,207.4813811,0
11187,96.63517787,207.4813811,0
11188,96.63517787,207.4813811,0
11189,96.63517787,207.4813811,0
11190,96.63517787,207.4813811,0
11191,96.63517787,207.4813811,0
11192,96.63517787,207.4813811,0
11193,96.63517787,207.4813811,0
11194,96.63517787,207.4813811,0
11195,96.63517787,207.4813811,0
11196,96.63517787,207.4813811,0
11197,99.47738899,207.4813811,0
11198,99.47738899,207.4813811,0
11199,99.47738899,207.4813811,0
11200,99.47738899,207.4813811,0
11201,99.47738899,207.4813811,0
11202,99.47738899,207.4813811,0
11203,99.47738913,207.4813811,0
11204,99.47738921,207.4813811,0
11205,99.47738921,207.4813811,0
11206,99.47738921,207.4813811,0
11207,99.47738921,207.4813811,0
11208,99.47738921,207.4813811,0
11209,99.47738921,207.4813811,0
11210,99.47738921,207.4813811,0
11211,99.47738921,207.4813811,0
11212,99.47738921,207.4813811,0
11213,99.47738921,207.4813811,0
11214,99.47738921,204.6391704,0
11215,99.47738921,204.6391704,0
11216,99.47738921,204.6391704,0
11217,99.47738921,204.6391704,0
11218,99.47738921,204.6391704,0
11219,99.47738921,204.6391704,0
11220,99.47738921,204.6391704,0
11221,99.47738921,204.6391704,0
11222,99.47738921,204.6391704,0
11223,99.47738921,204.6391704,0
11224,99.47738921,204.6391704,0
11225,99.47738921,204.6391704,0
11226,99.47738921,204.6391704,0
11227,99.47738921,204.6391704,0
11228,99.47738921,204.6391704,0
11229,99.47738921,204.6391704,0
11230,99.47738921,204.6391704,0
11231,99.47738921,204.6391704,0
11232,99.47738921,204.6391704,0
11233,99.47738921,204.6391704,0
11234,99.47738921,204.6391704,0
11235,99.47738921,204.6391704,0
11236,99.47738921,204.6391704,0
11237,99.47738921,204.6391704,0
11238,99.47738921,204.6391704,0
11239,99.47738921,204.6391704,0
11240,99.47738921,204.6391704,0
11241,99.47738921,204.6391704,0
11242,99.47738921,204.6391704,0
11243,99.47738921,204.6391704,0
11244,99.47738921,204.6391704,0
11245,99.47738921,204.6391704,0
11246,99.47738921,204.6391704,0
11247,99.47738921,204.6391704,0
11248,99.47738921,204.6391704,0
11249,99.47738921,204.6391704,0
11250,99.47738921,204.6391704,0
11251,99.47738921,204.6391704,0
11252,99.47738921,204.6391704,0
11253,99.47738921,204.6391704,0
11254,99.47738921,204.6391704,0
11255,99.47738921,204.6391704,0
11256,99.47738921,204.6391704,0
11257,99.47738921,204.6391704,0
11258,99.47738921,204.6391704,0
11259,99.47738921,204.6391704,0
11260,99.47738921,204.6391704,0
11261,99.47738921,204.6391704,0
11262,99.47738921,204.6391704,0
11263,99.47738921,204.6391704,0
11264,99.47738921,204.6391704,0
11265,99.47738921,204.6391704,0
11266,99.47738921,204.6391704,0
11267,99.47738921,204.6391704,0
11268,99.47738921,204.6391704,0
11269,99.47738921,204.6391704,0
11270,99.47738921,204.6391704,0
11271,99.47738921,204.6391704,0
11272,99.47738921,204.6391704,0
11273,99.47738921,204.6391704,0
11274,99.47738921,204.6391704,0
11275,99.47738921,204.6391704,0
11276,99.47738921,204.6391704,0
11277,99.47738921,204.6391704,0
11278,99.47738921,204.6391704,0
11279,99.47738921,204.6391704,0
11280,99.47738921,204.6391704,0
11281,99.47738921,204.6391704,0
11282,99.47738921,204.6391704,0
11283,99.47738921,204.6391704,0
11284,99.47738921,204.6391704,0
11285,99.47738921,204.6391704,0
11286,99.47738921,204.6391704,0
11287,99.47738921,204.6391704,0
11288,99.47738921,204.6391704,0
11289,99.47738921,204.6391704,0
11290,99.47738921,204.6391704,0
11291,99.47738921,204.6391704,0
11292,99.47738921,204.6391704,0
11293,99.47738921,204.6391704,0
11294,99.47738921,204.6391704,0
11295,99.47738921,204.6391704,0
11296,99.47738921,204.6391704,0
11297,99.47738921,204.6391704,0
11298,99.47738921,204.6391704,0
11299,99.47738921,204.6391704,0
11300,99.47738921,204.6391704,0
11301,99.47738921,204.6391704,0
11302,99.47738921,204.6391704,0
11303,99.47738921,204.6391704,0
11304,99.47738921,204.6391704,0
11305,99.47738921,204.6391704,0
11306,99.47738921,204.6391704,0
11307,99.47738921,204.6391704,0
11308,99.47738921,204.6391704,0
11309,99.47738921,204.6391704,0
11310,99.47738921,204.6391704,0
11311,99.47738921,204.6391704,0
11312,99.47738921,204.6391704,0
11313,99.47738921,204.6391704,0
11314,99.47738921,204.6391704,0
11315,99.47738921,204.6391704,0
11316,99.47738921,204.6391704,0
11317,99.47738921,204.6391704,0
11318,99.47738906,204.6391704,0
11319,99.47738906,204.6391704,0
11320,99.47738906,204.6391704,0
11321,99.47738906,204.6391704,0
11322,99.47738906,204.6391704,0
11323,99.47738906,204.6391704,0
11324,99.47738899,204.6391704,0
11325,99.47738899,204.6391704,0
11326,99.47738899,204.6391704,0
11327,99.47738899,204.6391704,0
11328,99.47738899,204.6391704,0
11329,99.47738899,204.6391704,0
11330,99.47738899,204.6391704,0
11331,99.47738899,204.6391704,0
11332,99.47738906,204.6391704,0
11333,99.47738906,204.6391704,0
11334,99.47738906,204.6391704,0
11335,99.47738906,204.6391704,0
11336,99.47738906,204.6391704,0
11337,99.47738906,204.6391704,0
11338,99.47738906,204.6391704,0
11339,99.47738906,204.6391704,0
11340,99.47738906,204.6391704,0
11341,99.47738906,204.6391704,0
11342,99.47738906,204.6391704,0
11343,99.47738906,204.6391704,0
11344,99.47738906,204.6391704,0
11345,99.47738906,204.6391704,0
11346,99.47738906,204.6391704,0
11347,99.47738906,204.6391704,0
11348,99.47738906,204.6391704,0
11349,99.47738906,204.6391704,0
11350,99.47738906,204.6391704,0
11351,99.47738906,204.6391704,0
11352,99.47738906,204.6391704,0
11353,99.47738906,204.6391704,0
11354,99.47738906,204.6391704,0
11355,99.47738906,204.6391704,0
11356,99.47738906,204.6391704,0
11357,99.47738906,204.6391704,0
11358,99.47738906,204.6391704,0
11359,99.47738906,204.6391704,0
11360,99.47738906,204.6391704,0
11361,99.47738906,204.6391704,0
11362,99.47738906,204.6391704,0
11363,99.47738906,204.6391704,0
11364,99.47738906,204.6391704,0
11365,99.47738906,204.6391704,0
11366,99.47738906,204.6391704,0
11367,99.47738906,204.6391704,0
11368,99.47738906,204.6391704,0
11369,99.47738906,204.6391704,0
11370,99.47738906,204.6391704,0
11371,99.47738906,204.6391704,0
11372,99.47738906,204.6391704,0
11373,99.47738906,207.4813811,0
11374,99.47738906,207.4813811,0
11375,99.47738906,207.4813811,0
11376,99.47738906,207.4813811,0
11377,99.47738906,207.4813811,0
11378,99.47738906,207.4813811,0
11379,99.47738906,207.4813811,0
11380,99.47738906,207.4813811,0
11381,99.47738906,207.4813811,0
11382,99.47738906,207.4813811,0
11383,99.47738906,207.4813811,0
11384,99.47738906,207.4813811,0
11385,99.47738906,207.4813811,0
11386,99.47738906,207.4813811,0
11387,99.47738906,207.4813811,0
11388,99.47738906,207.4813811,0
11389,99.47738906,207.4813811,0
11390,99.47738906,207.4813811,0
11391,99.47738906,207.4813811,0
11392,99.47738906,207.4813811,0
11393,99.47738906,207.4813811,0
11394,96.63517801,207.4813811,0
11395,96.63517801,207.4813811,0
11396,96.63517801,207.4813811,0
11397,96.63517801,207.4813811,0
11398,96.63517801,207.4813811,0
11399,96.63517801,207.4813811,0
11400,96.63517801,207.4813811,0
11401,96.63517801,207.4813811,0
11402,96.63517801,207.4813811,0
11403,96.63517801,207.4813811,0
11404,96.63517801,207.4813811,0
11405,99.47738899,207.4813811,0
11406,99.47738899,207.4813811,0
11407,99.47738899,207.4813811,0
11408,99.47738899,207.4813811,0
11409,99.47738899,207.4813811,0
11410,99.47738899,207.4813811,0
11411,99.47738899,207.4813811,0
11412,99.47738899,207.4813811,0
11413,99.47738899,207.4813811,0
11414,99.47738899,207.4813811,0
11415,99.47738899,207.4813811,0
11416,99.47738899,207.4813811,0
11417,99.47738899,207.4813811,0
11418,99.47738899,207.4813811,0
11419,99.47738899,207.4813811,0
11420,99.47738899,207.4813811,0
11421,99.47738899,207.4813811,0
11422,99.47738899,207.4813811,0
11423,99.47738899,204.6391704,0
11424,99.47738899,204.6391704,0
11425,99.47738899,204.6391704,0
11426,99.47738899,204.6391704,0
11427,99.47738899,204.6391704,0
11428,99.47738899,204.6391704,0
11429,99.47738899,204.6391704,0
11430,99.47738899,204.6391704,0
11431,99.47738899,204.6391704,0
11432,99.47738899,204.6391704,0
11433,99.47738899,204.6391704,0
11434,99.47738899,204.6391704,0
11435,99.47738899,204.6391704,0
11436,99.47738899,204.6391704,0
11437,99.47738899,204.6391704,0
11438,99.47738899,204.6391704,0
11439,99.47738899,204.6391704,0
11440,99.47738899,204.6391704,0
11441,99.47738899,204.6391704,0
11442,99.47738899,204.6391704,0
11443,99.47738899,204.6391704,0
11444,99.47738899,204.6391704,0
11445,99.47738899,204.6391704,0
11446,99.47738899,204.6391704,0
11447,99.47738899,204.6391704,0
11448,99.47738899,204.6391704,0
11449,99.47738899,204.6391704,0
11450,99.47738899,204.6391704,0
11451,99.47738899,204.6391704,0
11452,99.47738899,204.6391704,0
11453,99.47738899,204.6391704,0
11454,99.47738899,204.6391704,0
11455,96.63517794,201.7969597,0
11456,96.63517794,201.7969597,0
11457,96.63517794,201.7969597,0
11458,96.63517794,201.7969597,0
11459,96.63517794,201.7969597,0
11460,96.63517794,201.7969597,0
11461,96.63517794,201.7969597,0
11462,96.63517794,201.7969597,0
11463,96.63517794,201.7969597,0
11464,96.63517794,201.7969597,0
11465,96.63517794,201.7969597,0
11466,96.63517794,201.7969597,0
11467,96.63517794,201.7969597,0
11468,96.63517794,201.7969597,0
11469,90.95075569,201.7969597,0
11470,93.79296696,204.6391704,0
11471,93.79296696,204.6391704,0
11472,93.79296696,204.6391704,0
11473,93.79296696,204.6391704,0
11474,93.79296696,204.6391704,0
11475,93.79296696,204.6391704,0
11476,93.79296696,204.6391704,0
11477,93.79296696,204.6391704,0
11478,93.79296696,204.6391704,0
11479,93.79296696,204.6391704,0
11480,93.79296696,204.6391704,0
11481,93.79296696,204.6391704,0
11482,93.79296696,204.6391704,0
11483,93.79296696,204.6391704,0
11484,93.79296696,204.6391704,0
11485,93.79296696,204.6391704,0
11486,93.79296696,204.6391704,0
11487,93.79296696,204.6391704,0
11488,93.79296696,204.6391704,0
11489,93.79296696,204.6391704,0
11490,93.79296696,204.6391704,0
11491,93.79296696,204.6391704,0
11492,93.79296696,204.6391704,0
11493,93.79296696,204.6391704,0
11494,96.63517787,204.6391704,0
11495,96.63517787,204.6391704,0
11496,96.63517787,204.6391704,0
11497,96.63517787,204.6391704,0
11498,96.63517787,204.6391704,0
11499,96.63517787,204.6391704,0
11500,96.63517787,204.6391704,0
11501,96.63517787,204.6391704,0
11502,96.63517787,204.6391704,0
11503,96.63517787,204.6391704,0
11504,96.63517787,204.6391704,0
11505,96.63517787,204.6391704,0
11506,96.63517787,204.6391704,0
11507,96.63517801,204.6391704,0
11508,96.63517801,204.6391704,0
11509,96.63517801,204.6391704,0
11510,96.63517801,204.6391704,0
11511,96.63517801,204.6391704,0
11512,96.63517801,204.6391704,0
11513,96.63517801,204.6391704,0
11514,96.63517801,204.6391704,0
11515,96.63517801,204.6391704,0
11516,99.47738921,204.6391704,0
11517,99.47738921,204.6391704,0
11518,99.47738921,204.6391704,0
11519,99.47738921,204.6391704,0
11520,99.47738921,204.6391704,0
11521,99.47738921,204.6391704,0
11522,99.47738921,204.6391704,0
11523,99.47738921,204.6391704,0
11524,99.47738921,204.6391704,0
11525,99.47738921,204.6391704,0
11526,99.47738921,204.6391704,0
11527,99.47738921,204.6391704,0
11528,99.47738921,204.6391704,0
11529,99.47738921,204.6391704,0
11530,99.47738921,204.6391704,0
11531,99.47738921,204.6391704,0
11532,99.47738921,204.6391704,0
11533,99.47738921,204.6391704,0
11534,99.47738921,204.6391704,0
11535,99.47738921,204.6391704,0
11536,99.47738921,204.6391704,0
11537,99.47738921,204.6391704,0
11538,99.47738921,204.6391704,0
11539,99.47738921,204.6391704,0
11540,99.47738921,204.6391704,0
11541,99.47738921,204.6391704,0
11542,99.47738921,204.6391704,0
11543,99.47738921,204.6391704,0
11544,99.47738921,204.6391704,0
11545,99.47738921,204.6391704,0
11546,99.47738921,204.6391704,0
11547,99.47738921,204.6391704,0
11548,99.47738921,204.6391704,0
11549,99.47738921,204.6391704,0
11550,99.47738921,204.6391704,0
11551,99.47738921,204.6391704,0
11552,99.47738921,204.6391704,0
11553,99.47738921,204.6391704,0
11554,99.47738921,204.6391704,0
11555,99.47738921,204.6391704,0
11556,99.47738921,204.6391704,0
11557,99.47738921,204.6391704,0
11558,99.47738921,204.6391704,0
11559,99.47738921,204.6391704,0
11560,99.47738921,204.6391704,0
11561,99.47738921,204.6391704,0
11562,99.47738921,204.6391704,0
11563,99.47738921,204.6391704,0
11564,99.47738921,204.6391704,0
11565,99.47738921,204.6391704,0
11566,99.47738921,204.6391704,0
11567,99.47738921,204.6391704,0
11568,99.47738921,204.6391704,0
11569,99.47738921,204.6391704,0
11570,99.47738921,204.6391704,0
11571,99.47738921,204.6391704,0
11572,99.47738921,204.6391704,0
11573,99.47738921,204.6391704,0
11574,99.47738899,204.6391704,0
11575,99.47738899,204.6391704,0
11576,99.47738899,204.6391704,0
11577,99.47738899,204.6391704,0
11578,99.47738899,204.6391704,0
11579,99.47738899,204.6391704,0
11580,99.47738899,204.6391704,0
11581,99.47738899,204.6391704,0
11582,99.47738899,204.6391704,0
11583,99.47738899,204.6391704,0
11584,99.47738899,204.6391704,0
11585,99.47738899,204.6391704,0
11586,99.47738899,204.6391704,0
11587,99.47738899,204.6391704,0
11588,99.47738899,204.6391704,0
11589,99.47738899,204.6391704,0
11590,99.47738899,204.6391704,0
11591,99.47738899,204.6391704,0
11592,99.47738899,204.6391704,0
11593,99.47738899,204.6391704,0
11594,99.47738899,204.6391704,0
11595,99.47738899,204.6391704,0
11596,99.47738899,204.6391704,0
11597,99.47738899,204.6391704,0
11598,99.47738899,204.6391704,0
11599,99.47738899,204.6391704,0
11600,99.47738899,204.6391704,0
11601,99.47738899,204.6391704,0
11602,99.47738899,204.6391704,0
11603,99.47738899,204.6391704,0
11604,99.47738899,204.6391704,0
11605,99.47738899,204.6391704,0
11606,99.47738913,204.6391704,0
11607,99.47738913,204.6391704,0
11608,99.47738913,204.6391704,0
11609,99.47738913,204.6391704,0
11610,99.47738913,204.6391704,0
11611,99.47738913,204.6391704,0
11612,99.47738913,204.6391704,0
11613,99.47738913,204.6391704,0
11614,99.47738913,204.6391704,0
11615,99.47738913,204.6391704,0
11616,99.47738913,204.6391704,0
11617,99.47738913,204.6391704,0
11618,99.47738913,204.6391704,0
11619,99.47738913,204.6391704,0
11620,99.47738913,204.6391704,0
11621,99.47738913,204.6391704,0
11622,99.47738913,204.6391704,0
11623,99.47738913,204.6391704,0
11624,99.47738913,204.6391704,0
11625,99.47738913,204.6391704,0
11626,99.47738913,204.6391704,0
11627,99.47738913,204.6391704,0
11628,99.47738913,204.6391704,0
11629,99.47738913,204.6391704,0
11630,99.47738913,204.6391704,0
11631,99.47738913,204.6391704,0
11632,99.47738913,204.6391704,0
11633,99.47738913,204.6391704,0
11634,99.47738913,204.6391704,0
11635,99.47738913,204.6391704,0
11636,99.47738913,204.6391704,0
11637,99.47738913,204.6391704,0
11638,99.47738913,204.6391704,0
11639,99.47738913,204.6391704,0
11640,99.47738913,204.6391704,0
11641,99.47738913,204.6391704,0
11642,99.47738913,204.6391704,0
11643,99.47738913,204.6391704,0
11644,99.47738913,204.6391704,0
11645,99.47738913,204.6391704,0
11646,99.47738913,204.6391704,0
11647,99.47738913,204.6391704,0
11648,99.47738913,204.6391704,0
11649,99.47738913,201.7969597,0
11650,99.47738913,201.7969597,0
11651,99.47738913,204.6391704,0
11652,99.47738913,204.6391704,0
11653,99.47738913,204.6391704,0
11654,99.47738913,204.6391704,0
11655,99.47738913,204.6391704,0
11656,99.47738906,204.6391704,0
11657,99.47738906,204.6391704,0
11658,99.47738906,204.6391704,0
11659,99.47738906,204.6391704,0
11660,99.47738906,204.6391704,0
11661,99.47738906,204.6391704,0
11662,99.47738906,204.6391704,0
11663,99.47738899,204.6391704,0
11664,99.47738899,204.6391704,0
11665,99.47738899,204.6391704,0
11666,99.47738899,204.6391704,0
11667,99.47738899,204.6391704,0
11668,99.47738899,204.6391704,0
11669,99.47738899,204.6391704,0
11670,99.47738899,204.6391704,0
11671,99.47738899,204.6391704,0
11672,99.47738899,204.6391704,0
11673,99.47738899,204.6391704,0
11674,99.47738899,204.6391704,0
11675,99.47738899,204.6391704,0
11676,99.47738899,204.6391704,0
11677,99.47738899,204.6391704,0
11678,99.47738899,204.6391704,0
11679,99.47738899,204.6391704,0
11680,99.47738899,204.6391704,0
11681,99.47738899,204.6391704,0
11682,99.47738899,204.6391704,0
11683,99.47738899,204.6391704,0
11684,99.47738899,204.6391704,0
11685,99.47738899,204.6391704,0
11686,99.47738899,204.6391704,0
11687,99.47738899,204.6391704,0
11688,99.47738899,204.6391704,0
11689,96.63517801,204.6391704,0
11690,96.63517801,204.6391704,0
11691,96.63517801,204.6391704,0
11692,96.63517801,204.6391704,0
11693,96.63517801,204.6391704,0
11694,96.63517801,204.6391704,0
11695,96.63517801,204.6391704,0
11696,99.47738921,204.6391704,0
11697,99.47738921,204.6391704,0
11698,99.47738921,204.6391704,0
11699,99.47738921,204.6391704,0
11700,99.47738921,204.6391704,0
11701,99.47738921,204.6391704,0
11702,99.47738921,204.6391704,0
11703,99.47738921,204.6391704,0
11704,99.47738921,204.6391704,0
11705,99.47738921,204.6391704,0
11706,99.47738921,204.6391704,0
11707,99.47738921,204.6391704,0
11708,99.47738921,204.6391704,0
11709,99.47738921,204.6391704,0
11710,99.47738921,204.6391704,0
11711,99.47738921,204.6391704,0
11712,99.47738921,204.6391704,0
11713,99.47738921,204.6391704,0
11714,99.47738921,204.6391704,0
11715,99.47738921,204.6391704,0
11716,99.47738921,204.6391704,0
11717,99.47738921,204.6391704,0
11718,99.47738921,204.6391704,0
11719,99.47738921,204.6391704,0
11720,99.47738921,204.6391704,0
11721,99.47738921,204.6391704,0
11722,99.47738921,204.6391704,0
11723,99.47738921,204.6391704,0
11724,99.47738921,204.6391704,0
11725,99.47738921,204.6391704,0
11726,99.47738921,204.6391704,0
11727,99.47738921,204.6391704,0
11728,99.47738921,204.6391704,0
11729,99.47738921,204.6391704,0
11730,99.47738921,204.6391704,0
11731,99.47738921,204.6391704,0
11732,99.47738921,204.6391704,0
11733,99.47738921,204.6391704,0
11734,99.47738921,204.6391704,0
11735,99.47738921,204.6391704,0
11736,99.47738921,204.6391704,0
11737,99.47738921,204.6391704,0
11738,99.47738921,204.6391704,0
11739,99.47738921,204.6391704,0
11740,99.47738921,204.6391704,0
11741,99.47738921,204.6391704,0
11742,99.47738921,204.6391704,0
11743,99.47738921,204.6391704,0
11744,99.47738921,204.6391704,0
11745,99.47738921,204.6391704,0
11746,96.63517787,201.7969597,0
11747,96.63517787,201.7969597,0
11748,96.63517787,201.7969597,0
11749,96.63517787,201.7969597,0
11750,96.63517787,201.7969597,0
11751,96.63517787,201.7969597,0
11752,96.63517787,201.7969597,0
11753,96.63517787,201.7969597,0
11754,96.63517787,201.7969597,0
11755,96.63517787,201.7969597,0
11756,96.63517787,201.7969597,0
11757,96.63517787,201.7969597,0
11758,96.63517787,201.7969597,0
11759,102.3196,201.7969597,0
11760,102.3196,201.7969597,0
11761,102.3196,201.7969597,0
11762,102.3196,201.7969597,0
11763,102.3196,201.7969597,0
11764,102.3196,201.7969597,0
11765,102.3196,201.7969597,0
11766,102.3196,201.7969597,0
11767,102.3196,201.7969597,0
11768,102.3196,201.7969597,0
11769,102.3196,201.7969597,0
11770,102.3196,201.7969597,0
11771,102.3196,201.7969597,0
11772,102.3196,201.7969597,0
11773,102.3196,201.7969597,0
11774,102.3196,201.7969597,0
11775,102.3196,201.7969597,0
11776,102.3196,204.6391704,0
11777,102.3196,204.6391704,0
11778,102.3196,204.6391704,0
11779,102.3196,204.6391704,0
11780,102.3196,204.6391704,0
11781,102.3196,204.6391704,0
11782,102.3196,204.6391704,0
11783,102.3196,204.6391704,0
11784,102.3196,204.6391704,0
11785,102.3196,204.6391704,0
11786,102.3196,204.6391704,0
11787,102.3196,204.6391704,0
11788,102.3196,204.6391704,0
11789,102.3196,204.6391704,0
11790,102.3196,204.6391704,0
11791,102.3196,204.6391704,0
11792,102.3196,204.6391704,0
11793,102.3196,204.6391704,0
11794,102.3196,204.6391704,0
11795,102.3196,204.6391704,0
11796,102.3196,204.6391704,0
11797,102.3196,204.6391704,0
11798,102.3196,204.6391704,0
11799,102.3196,204.6391704,0
11800,102.3196,204.6391704,0
11801,102.3196,204.6391704,0
11802,102.3196,204.6391704,0
11803,102.3196,204.6391704,0
11804,102.3196,204.6391704,0
11805,102.3196,204.6391704,0
11806,102.3196,204.6391704,0
11807,102.3196,204.6391704,0
11808,102.3196,204.6391704,0
11809,96.63517787,204.6391704,0
11810,96.63517787,204.6391704,0
11811,96.63517787,204.6391704,0
11812,96.63517787,204.6391704,0
11813,96.63517787,204.6391704,0
11814,96.63517787,204.6391704,0
11815,96.63517787,204.6391704,0
11816,96.63517787,204.6391704,0
11817,96.63517787,204.6391704,0
11818,96.63517787,204.6391704,0
11819,96.63517787,204.6391704,0
11820,96.63517787,204.6391704,0
11821,96.63517787,204.6391704,0
11822,96.63517787,204.6391704,0
11823,96.63517787,204.6391704,0
11824,96.63517787,204.6391704,0
11825,99.47738906,204.6391704,0
11826,99.47738906,204.6391704,0
11827,99.47738906,204.6391704,0
11828,99.47738906,204.6391704,0
11829,99.47738906,204.6391704,0
11830,99.47738906,204.6391704,0
11831,99.47738906,204.6391704,0
11832,99.47738906,204.6391704,0
11833,99.47738906,204.6391704,0
11834,99.47738906,204.6391704,0
11835,99.47738906,204.6391704,0
11836,99.47738906,204.6391704,0
11837,99.47738906,204.6391704,0
11838,99.47738906,204.6391704,0
11839,99.47738906,204.6391704,0
11840,99.47738906,204.6391704,0
11841,99.47738906,204.6391704,0
11842,99.47738906,204.6391704,0
11843,99.47738906,204.6391704,0
11844,99.47738906,204.6391704,0
11845,99.47738906,204.6391704,0
11846,99.47738906,204.6391704,0
11847,99.47738906,204.6391704,0
11848,99.47738906,204.6391704,0
11849,99.47738906,204.6391704,0
11850,99.47738906,204.6391704,0
11851,99.47738906,204.6391704,0
11852,99.47738906,201.7969597,0
11853,99.47738906,201.7969597,0
11854,99.47738906,201.7969597,0
11855,99.47738906,201.7969597,0
11856,99.47738906,201.7969597,0
11857,99.47738906,201.7969597,0
11858,99.47738906,201.7969597,0
11859,99.47738906,201.7969597,0
11860,99.47738906,201.7969597,0
11861,99.47738906,201.7969597,0
11862,99.47738906,201.7969597,0
11863,99.47738906,201.7969597,0
11864,99.47738906,201.7969597,0
11865,99.47738906,201.7969597,0
11866,99.47738906,201.7969597,1
11867,99.47738906,201.7969597,1
11868,99.47738906,201.7969597,1
11869,99.47738906,204.6391704,1
11870,99.47738906,204.6391704,1
11871,99.47738906,204.6391704,1
11872,99.47738906,204.6391704,1
11873,99.47738906,204.6391704,1
11874,99.47738906,204.6391704,1
11875,99.47738899,204.6391704,1
11876,99.47738899,204.6391704,1
11877,99.47738899,204.6391704,1
11878,99.47738899,204.6391704,1
11879,99.47738899,204.6391704,1
11880,99.47738899,204.6391704,1
11881,99.47738899,204.6391704,1
11882,99.47738899,204.6391704,1
11883,99.47738899,204.6391704,1
11884,99.47738899,204.6391704,1
11885,99.47738899,204.6391704,1
11886,99.47738899,204.6391704,1
11887,99.47738899,204.6391704,1
11888,99.47738899,204.6391704,1
11889,99.47738899,204.6391704,1
11890,99.47738899,204.6391704,1
11891,99.47738899,204.6391704,1
11892,99.47738899,204.6391704,1
11893,99.47738899,204.6391704,1
11894,99.47738899,204.6391704,1
11895,99.47738899,204.6391704,1
11896,99.47738899,204.6391704,1
11897,99.47738899,204.6391704,1
11898,99.47738899,204.6391704,1
11899,99.47738899,204.6391704,1
11900,99.47738899,204.6391704,1
11901,99.47738899,204.6391704,1
11902,99.47738899,204.6391704,1
11903,99.47738899,204.6391704,1
11904,99.47738899,204.6391704,1
11905,99.47738899,204.6391704,1
11906,99.47738899,204.6391704,1
11907,99.47738899,204.6391704,1
11908,99.47738899,204.6391704,1
11909,99.47738899,204.6391704,1
11910,99.47738899,204.6391704,1
11911,99.47738899,204.6391704,1
11912,99.47738899,204.6391704,1
11913,99.47738899,204.6391704,1
11914,99.47738899,204.6391704,1
11915,99.47738899,204.6391704,1
11916,99.47738899,207.4813811,1
11917,99.47738899,207.4813811,1
11918,99.47738899,207.4813811,1
11919,99.47738899,207.4813811,1
11920,96.63517801,207.4813811,1
11921,96.63517801,207.4813811,1
11922,96.63517801,207.4813811,1
11923,96.63517801,207.4813811,1
11924,96.63517801,207.4813811,1
11925,96.63517801,207.4813811,1
11926,96.63517801,207.4813811,1
11927,96.63517801,207.4813811,1
11928,96.63517801,207.4813811,1
11929,96.63517801,207.4813811,1
11930,96.63517801,207.4813811,1
11931,96.63517801,207.4813811,1
11932,96.63517801,207.4813811,1
11933,96.63517801,207.4813811,1
11934,96.63517801,207.4813811,1
11935,96.63517801,207.4813811,1
11936,96.63517801,207.4813811,1
11937,96.63517801,207.4813811,1
11938,96.63517801,207.4813811,1
11939,96.63517801,207.4813811,1
11940,96.63517801,207.4813811,1
11941,96.63517801,207.4813811,1
11942,96.63517801,207.4813811,1
11943,96.63517801,207.4813811,1
11944,96.63517801,207.4813811,1
11945,96.63517801,207.4813811,1
11946,96.63517801,207.4813811,1
11947,96.63517801,207.4813811,1
11948,96.63517801,207.4813811,1
11949,96.63517801,207.4813811,1
11950,96.63517801,207.4813811,1
11951,96.63517801,207.4813811,1
11952,96.63517801,207.4813811,1
11953,96.63517801,207.4813811,1
11954,96.63517801,207.4813811,1
11955,96.63517801,207.4813811,1
11956,96.63517801,207.4813811,1
11957,96.63517801,207.4813811,1
11958,96.63517801,207.4813811,1
11959,96.63517801,207.4813811,1
11960,96.63517801,207.4813811,1
11961,96.63517801,207.4813811,1
11962,96.63517801,207.4813811,1
11963,96.63517801,207.4813811,1
11964,96.63517801,207.4813811,1
11965,96.63517801,207.4813811,1
11966,96.63517801,207.4813811,1
11967,96.63517801,207.4813811,1
11968,96.63517801,207.4813811,1
11969,96.63517801,207.4813811,1
11970,96.63517801,207.4813811,1
11971,96.63517801,207.4813811,1
11972,96.63517801,207.4813811,1
11973,96.63517801,207.4813811,1
11974,96.63517801,207.4813811,1
11975,96.63517801,207.4813811,1
11976,96.63517801,207.4813811,1
11977,96.63517801,207.4813811,1
11978,96.63517801,207.4813811,1
11979,96.63517801,207.4813811,1
11980,96.63517801,207.4813811,1
11981,96.63517801,207.4813811,1
11982,96.63517801,207.4813811,1
11983,96.63517801,207.4813811,1
11984,96.63517801,207.4813811,1
11985,96.63517801,207.4813811,1
11986,96.63517801,207.4813811,1
11987,96.63517801,207.4813811,1
11988,96.63517801,207.4813811,1
11989,96.63517801,207.4813811,1
11990,96.63517801,207.4813811,1
11991,96.63517801,207.4813811,1
11992,96.63517801,207.4813811,1
11993,96.63517801,207.4813811,1
11994,96.63517801,207.4813811,1
11995,96.63517801,207.4813811,1
11996,96.63517801,207.4813811,1
11997,96.63517801,207.4813811,1
11998,96.63517808,207.4813811,1
11999,96.63517808,204.6391704,1
12000,96.63517808,204.6391704,1
12001,96.63517808,204.6391704,1
12002,96.63517808,204.6391704,1
12003,96.63517808,204.6391704,1
12004,96.63517808,204.6391704,1
12005,96.63517808,204.6391704,1
12006,96.63517808,204.6391704,1
12007,96.63517808,204.6391704,1
12008,96.63517808,204.6391704,1
12009,96.63517808,204.6391704,1
12010,96.63517808,204.6391704,1
12011,96.63517808,204.6391704,1
12012,96.63517808,204.6391704,1
12013,96.63517808,204.6391704,1
12014,96.63517808,204.6391704,1
12015,96.63517808,204.6391704,1
12016,96.63517808,204.6391704,1
12017,96.63517808,204.6391704,1
12018,96.63517808,204.6391704,1
12019,96.63517808,204.6391704,1
12020,96.63517808,204.6391704,1
12021,96.63517808,204.6391704,1
12022,96.63517808,204.6391704,1
12023,96.63517808,204.6391704,1
12024,96.63517808,204.6391704,1
12025,96.63517808,204.6391704,1
12026,96.63517808,204.6391704,1
12027,96.63517808,204.6391704,1
12028,96.63517808,204.6391704,1
12029,96.63517808,204.6391704,1
12030,96.63517808,204.6391704,1
12031,96.63517808,204.6391704,1
12032,96.63517808,204.6391704,1
12033,96.63517808,204.6391704,1
12034,96.63517808,204.6391704,1
12035,96.63517808,204.6391704,1
12036,96.63517808,204.6391704,1
12037,96.63517808,204.6391704,1
12038,99.47738906,204.6391704,1
12039,99.47738906,204.6391704,1
12040,99.47738906,204.6391704,1
12041,99.47738906,204.6391704,1
12042,99.47738906,204.6391704,1
12043,99.47738906,204.6391704,1
12044,99.47738906,204.6391704,1
12045,99.47738906,204.6391704,1
12046,99.47738906,204.6391704,1
12047,99.47738906,204.6391704,1
12048,99.47738906,204.6391704,1
12049,99.47738906,204.6391704,1
12050,99.47738906,204.6391704,1
12051,99.47738906,204.6391704,1
12052,99.47738906,204.6391704,1
12053,99.47738906,204.6391704,1
12054,99.47738906,204.6391704,1
12055,99.47738906,204.6391704,1
12056,99.47738906,204.6391704,1
12057,99.47738906,204.6391704,1
12058,99.47738906,204.6391704,1
12059,99.47738906,204.6391704,1
12060,99.47738906,204.6391704,1
12061,99.47738906,204.6391704,1
12062,99.47738906,204.6391704,1
12063,99.47738906,204.6391704,1
12064,99.47738906,204.6391704,1
12065,99.47738906,204.6391704,1
12066,99.47738906,204.6391704,1
12067,99.47738906,204.6391704,1
12068,99.47738906,204.6391704,1
12069,99.47738906,204.6391704,1
12070,99.47738906,204.6391704,1
12071,99.47738906,204.6391704,1
12072,99.47738906,204.6391704,1
12073,99.47738906,204.6391704,1
12074,99.47738906,204.6391704,1
12075,99.47738906,204.6391704,1
12076,99.47738906,204.6391704,1
12077,99.47738906,204.6391704,1
12078,99.47738906,204.6391704,1
12079,99.47738906,204.6391704,1
12080,99.47738906,204.6391704,1
12081,99.47738906,204.6391704,1
12082,99.47738906,201.7969597,1
12083,99.47738906,201.7969597,1
12084,99.47738906,201.7969597,1
12085,99.47738906,201.7969597,1
12086,99.47738906,201.7969597,1
12087,99.47738906,201.7969597,1
12088,96.63517801,201.7969597,1
12089,96.63517801,201.7969597,1
12090,96.63517801,201.7969597,1
12091,96.63517801,201.7969597,1
12092,96.63517801,201.7969597,1
12093,96.63517801,201.7969597,1
12094,96.63517801,201.7969597,1
12095,96.63517801,201.7969597,1
12096,99.47738913,201.7969597,1
12097,99.47738913,201.7969597,1
12098,99.47738913,201.7969597,1
12099,99.47738913,201.7969597,1
12100,99.47738913,204.6391704,1
12101,99.47738913,204.6391704,1
12102,99.47738913,204.6391704,1
12103,99.47738913,204.6391704,1
12104,99.47738913,204.6391704,1
12105,99.47738913,204.6391704,1
12106,99.47738913,204.6391704,1
12107,99.47738913,204.6391704,1
12108,99.47738913,204.6391704,1
12109,99.47738913,204.6391704,1
12110,99.47738913,204.6391704,1
12111,99.47738913,204.6391704,1
12112,99.47738913,204.6391704,1
12113,99.47738913,204.6391704,1
12114,99.47738913,204.6391704,1
12115,99.47738913,204.6391704,1
12116,99.47738913,204.6391704,1
12117,99.47738913,204.6391704,1
12118,99.47738913,204.6391704,1
12119,99.47738913,204.6391704,1
12120,99.47738913,204.6391704,1
12121,99.47738913,204.6391704,1
12122,99.47738913,204.6391704,1
12123,99.47738913,204.6391704,1
12124,99.47738913,204.6391704,1
12125,99.47738913,204.6391704,1
12126,99.47738913,204.6391704,1
12127,99.47738913,204.6391704,1
12128,99.47738913,204.6391704,1
12129,99.47738913,204.6391704,1
12130,99.47738913,204.6391704,1
12131,99.47738913,204.6391704,1
12132,99.47738913,204.6391704,1
12133,99.47738913,204.6391704,1
12134,99.47738913,204.6391704,1
12135,99.47738913,204.6391704,1
12136,99.47738913,204.6391704,1
12137,99.47738913,204.6391704,1
12138,99.47738913,204.6391704,1
12139,99.47738913,204.6391704,1
12140,99.47738913,204.6391704,1
12141,99.47738913,204.6391704,1
12142,99.47738913,204.6391704,1
12143,99.47738913,204.6391704,1
12144,99.47738913,204.6391704,1
12145,99.47738913,204.6391704,1
12146,99.47738892,204.6391704,1
12147,99.47738892,204.6391704,1
12148,99.47738892,204.6391704,1
12149,99.47738892,204.6391704,1
12150,99.47738892,204.6391704,1
12151,99.47738892,204.6391704,1
12152,99.47738892,204.6391704,1
12153,99.47738892,204.6391704,1
12154,99.47738892,204.6391704,1
12155,99.47738892,204.6391704,1
12156,99.47738892,204.6391704,1
12157,99.47738892,204.6391704,1
12158,99.47738892,204.6391704,1
12159,99.47738892,204.6391704,1
12160,99.47738892,204.6391704,1
12161,99.47738892,204.6391704,1
12162,99.47738892,204.6391704,1
12163,99.47738892,204.6391704,1
12164,99.47738892,204.6391704,1
12165,99.47738892,204.6391704,1
12166,99.47738892,204.6391704,1
12167,99.47738892,204.6391704,1
12168,99.47738892,204.6391704,1
12169,93.79296696,204.6391704,1
12170,93.79296696,204.6391704,1
12171,93.79296696,204.6391704,1
12172,93.79296696,204.6391704,1
12173,93.79296696,204.6391704,1
12174,93.79296696,204.6391704,1
12175,96.63517808,204.6391704,1
12176,96.63517808,204.6391704,1
12177,96.63517808,204.6391704,1
12178,96.63517808,204.6391704,1
12179,96.63517808,204.6391704,1
12180,96.63517808,204.6391704,1
12181,96.63517808,204.6391704,1
12182,96.63517808,204.6391704,1
12183,96.63517808,204.6391704,1
12184,96.63517808,204.6391704,1
12185,96.63517808,204.6391704,1
12186,96.63517808,204.6391704,1
12187,96.63517808,204.6391704,1
12188,96.63517808,204.6391704,1
12189,96.63517808,204.6391704,1
12190,96.63517808,204.6391704,1
12191,96.63517808,204.6391704,1
12192,96.63517808,204.6391704,1
12193,96.63517808,204.6391704,1
12194,96.63517808,204.6391704,1
12195,96.63517808,204.6391704,1
12196,96.63517808,204.6391704,1
12197,96.63517808,204.6391704,1
12198,96.63517808,204.6391704,1
12199,96.63517808,204.6391704,1
12200,96.63517808,204.6391704,1
12201,96.63517808,204.6391704,1
12202,96.63517808,204.6391704,1
12203,96.63517808,204.6391704,1
12204,96.63517808,204.6391704,1
12205,96.63517808,204.6391704,1
12206,96.63517808,204.6391704,1
12207,96.63517808,204.6391704,1
12208,96.63517808,204.6391704,1
12209,96.63517808,204.6391704,1
12210,96.63517808,204.6391704,1
12211,96.63517808,204.6391704,1
12212,96.63517808,204.6391704,1
12213,96.63517808,204.6391704,1
12214,96.63517808,204.6391704,1
12215,96.63517808,204.6391704,1
12216,96.63517808,204.6391704,1
12217,96.63517808,204.6391704,1
12218,96.63517808,204.6391704,1
12219,96.63517808,204.6391704,1
12220,96.63517808,204.6391704,1
12221,96.63517808,204.6391704,1
12222,96.63517808,204.6391704,1
12223,96.63517808,204.6391704,1
12224,96.63517808,204.6391704,1
12225,96.63517808,204.6391704,1
12226,96.63517808,204.6391704,1
12227,96.63517808,204.6391704,1
12228,96.63517808,204.6391704,1
12229,96.63517808,204.6391704,1
12230,96.63517808,204.6391704,1
12231,96.63517808,204.6391704,1
12232,96.63517808,204.6391704,1
12233,96.63517808,204.6391704,1
12234,96.63517808,204.6391704,1
12235,96.63517808,204.6391704,1
12236,96.63517808,204.6391704,1
12237,96.63517808,204.6391704,1
12238,96.63517808,204.6391704,1
12239,96.63517808,204.6391704,1
12240,96.63517808,204.6391704,1
12241,96.63517808,204.6391704,1
12242,96.63517808,204.6391704,1
12243,96.63517808,204.6391704,1
12244,96.63517808,204.6391704,1
12245,96.63517808,204.6391704,1
12246,96.63517808,204.6391704,1
12247,96.63517808,204.6391704,1
12248,96.63517808,204.6391704,1
12249,96.63517808,204.6391704,1
12250,96.63517808,204.6391704,1
12251,96.63517808,204.6391704,1
12252,96.63517808,204.6391704,1
12253,96.63517794,204.6391704,1
12254,96.63517794,204.6391704,1
12255,96.63517794,204.6391704,1
12256,96.63517794,204.6391704,1
12257,96.63517794,204.6391704,1
12258,96.63517794,204.6391704,1
12259,96.63517794,204.6391704,1
12260,96.63517794,204.6391704,1
12261,96.63517794,204.6391704,1
12262,96.63517794,204.6391704,1
12263,96.63517794,204.6391704,1
12264,96.63517794,204.6391704,1
12265,96.63517794,204.6391704,1
12266,96.63517794,204.6391704,1
12267,96.63517794,204.6391704,1
12268,96.63517794,204.6391704,1
12269,96.63517794,204.6391704,1
12270,96.63517794,204.6391704,1
12271,96.63517794,204.6391704,1
12272,96.63517794,204.6391704,1
12273,96.63517794,204.6391704,1
12274,96.63517794,204.6391704,1
12275,96.63517794,204.6391704,1
12276,96.63517794,204.6391704,1
12277,96.63517794,204.6391704,1
12278,96.63517794,204.6391704,1
12279,96.63517794,204.6391704,1
12280,96.63517794,204.6391704,1
12281,96.63517808,204.6391704,1
12282,96.63517808,201.7969597,1
12283,96.63517808,201.7969597,1
12284,96.63517808,201.7969597,1
12285,96.63517808,201.7969597,1
12286,96.63517808,201.7969597,1
12287,96.63517808,201.7969597,1
12288,96.63517808,201.7969597,1
12289,96.63517808,201.7969597,1
12290,96.63517808,201.7969597,1
12291,96.63517808,201.7969597,1
12292,96.63517808,204.6391704,1
12293,96.63517808,204.6391704,1
12294,96.63517808,204.6391704,1
12295,96.63517808,204.6391704,1
12296,96.63517808,204.6391704,1
12297,96.63517808,204.6391704,1
12298,96.63517808,204.6391704,1
12299,96.63517808,204.6391704,1
12300,96.63517808,204.6391704,1
12301,96.63517808,204.6391704,1
12302,96.63517808,204.6391704,1
12303,96.63517808,204.6391704,1
12304,96.63517808,204.6391704,1
12305,96.63517808,204.6391704,1
12306,96.63517808,204.6391704,1
12307,96.63517808,204.6391704,1
12308,96.63517808,204.6391704,1
12309,96.63517808,204.6391704,1
12310,96.63517808,204.6391704,1
12311,96.63517808,204.6391704,1
12312,96.63517808,204.6391704,1
12313,99.47738921,204.6391704,1
12314,99.47738921,204.6391704,1
12315,99.47738921,204.6391704,1
12316,99.47738921,204.6391704,1
12317,99.47738921,204.6391704,1
12318,99.47738921,204.6391704,1
12319,99.47738921,204.6391704,1
12320,99.47738921,204.6391704,1
12321,99.47738921,204.6391704,1
12322,99.47738921,204.6391704,1
12323,99.47738921,204.6391704,1
12324,99.47738921,204.6391704,1
12325,99.47738921,204.6391704,1
12326,99.47738921,204.6391704,1
12327,99.47738921,204.6391704,1
12328,99.47738921,204.6391704,1
12329,99.47738921,204.6391704,1
12330,99.47738921,204.6391704,1
12331,99.47738921,204.6391704,1
12332,99.47738921,204.6391704,1
12333,99.47738921,204.6391704,1
12334,99.47738921,204.6391704,1
12335,99.47738921,204.6391704,1
12336,99.47738921,204.6391704,1
12337,99.47738921,204.6391704,1
12338,99.47738921,204.6391704,1
12339,99.47738921,204.6391704,1
12340,99.47738921,204.6391704,1
12341,99.47738921,204.6391704,1
12342,99.47738921,204.6391704,1
12343,99.47738921,204.6391704,1
12344,99.47738921,204.6391704,1
12345,99.47738921,204.6391704,1
12346,99.47738921,204.6391704,1
12347,99.47738921,204.6391704,1
12348,99.47738921,204.6391704,1
12349,99.47738921,204.6391704,1
12350,99.47738921,204.6391704,1
12351,99.47738921,204.6391704,1
12352,99.47738921,204.6391704,1
12353,99.47738921,204.6391704,1
12354,99.47738921,204.6391704,1
12355,99.47738921,204.6391704,1
12356,99.47738921,204.6391704,1
12357,99.47738921,204.6391704,1
12358,99.47738921,204.6391704,1
12359,99.47738921,204.6391704,1
12360,99.47738921,204.6391704,1
12361,99.47738921,204.6391704,1
12362,99.47738921,204.6391704,1
12363,96.63517794,204.6391704,1
12364,96.63517794,204.6391704,1
12365,96.63517808,204.6391704,1
12366,96.63517808,204.6391704,1
12367,96.63517808,204.6391704,1
12368,96.63517808,204.6391704,1
12369,96.63517808,204.6391704,1
12370,96.63517808,204.6391704,1
12371,96.63517808,204.6391704,1
12372,96.63517808,204.6391704,1
12373,96.63517808,204.6391704,1
12374,96.63517808,204.6391704,1
12375,96.63517808,204.6391704,1
12376,96.63517808,204.6391704,1
12377,96.63517808,204.6391704,1
12378,96.63517808,204.6391704,1
12379,96.63517808,204.6391704,1
12380,96.63517808,204.6391704,1
12381,96.63517808,204.6391704,1
12382,96.63517808,204.6391704,1
12383,96.63517808,204.6391704,1
12384,96.63517808,204.6391704,1
12385,96.63517808,204.6391704,1
12386,96.63517808,204.6391704,1
12387,96.63517808,204.6391704,1
12388,96.63517808,204.6391704,1
12389,96.63517808,204.6391704,1
12390,96.63517808,204.6391704,1
12391,96.63517808,204.6391704,1
12392,96.63517808,204.6391704,1
12393,96.63517808,204.6391704,1
12394,96.63517808,204.6391704,1
12395,96.63517808,204.6391704,1
12396,96.63517808,204.6391704,1
12397,96.63517808,204.6391704,1
12398,96.63517808,204.6391704,1
12399,96.63517808,204.6391704,1
12400,96.63517808,204.6391704,1
12401,96.63517808,204.6391704,1
12402,96.63517808,204.6391704,1
12403,96.63517808,204.6391704,1
12404,96.63517808,204.6391704,1
12405,96.63517808,204.6391704,1
12406,96.63517808,204.6391704,1
12407,96.63517808,204.6391704,1
12408,96.63517808,204.6391704,1
12409,96.63517808,204.6391704,1
12410,96.63517808,204.6391704,1
12411,96.63517808,204.6391704,1
12412,96.63517808,204.6391704,1
12413,96.63517808,204.6391704,1
12414,96.63517808,204.6391704,1
12415,96.63517794,204.6391704,1
12416,96.63517794,204.6391704,1
12417,96.63517794,204.6391704,1
12418,96.63517794,204.6391704,1
12419,96.63517794,204.6391704,1
12420,96.63517794,204.6391704,1
12421,96.63517794,204.6391704,1
12422,96.63517794,204.6391704,1
12423,96.63517794,204.6391704,1
12424,96.63517794,204.6391704,1
12425,96.63517794,204.6391704,1
12426,96.63517794,204.6391704,1
12427,96.63517794,204.6391704,1
12428,96.63517794,204.6391704,1
12429,96.63517794,204.6391704,1
12430,96.63517794,204.6391704,1
12431,96.63517794,204.6391704,1
12432,96.63517794,198.954749,1
12433,96.63517794,198.954749,1
12434,96.63517794,198.954749,1
12435,96.63517794,196.1125383,1
12436,96.63517794,196.1125383,1
12437,96.63517794,196.1125383,1
12438,96.63517794,196.1125383,1
12439,96.63517794,196.1125383,1
12440,96.63517794,196.1125383,1
12441,96.63517794,196.1125383,1
12442,96.63517794,196.1125383,1
12443,96.63517794,196.1125383,1
12444,96.63517794,196.1125383,1
12445,96.63517794,198.954749,1
12446,96.63517794,198.954749,1
12447,96.63517794,198.954749,1
12448,96.63517794,198.954749,1
12449,99.47738906,198.954749,1
12450,99.47738906,198.954749,1
12451,99.47738906,198.954749,1
12452,99.47738906,198.954749,1
12453,99.47738906,198.954749,1
12454,99.47738906,198.954749,1
12455,99.47738906,198.954749,1
12456,99.47738906,198.954749,1
12457,99.47738906,198.954749,1
12458,99.47738906,198.954749,1
12459,99.47738906,198.954749,1
12460,99.47738906,198.954749,1
12461,99.47738906,198.954749,1
12462,99.47738906,198.954749,1
12463,99.47738906,198.954749,1
12464,99.47738906,198.954749,1
12465,99.47738906,204.6391704,1
12466,99.47738906,204.6391704,1
12467,99.47738906,204.6391704,1
12468,99.47738906,204.6391704,1
12469,99.47738906,204.6391704,1
12470,99.47738906,204.6391704,1
12471,99.47738906,204.6391704,1
12472,99.47738906,204.6391704,1
12473,99.47738906,204.6391704,1
12474,99.47738906,204.6391704,1
12475,99.47738906,204.6391704,1
12476,99.47738906,204.6391704,1
12477,99.47738906,204.6391704,1
12478,99.47738906,204.6391704,1
12479,99.47738906,204.6391704,1
12480,99.47738906,204.6391704,1
12481,99.47738906,204.6391704,1
12482,99.47738906,204.6391704,1
12483,99.47738906,204.6391704,1
12484,99.47738906,204.6391704,1
12485,99.47738906,204.6391704,1
12486,99.47738906,204.6391704,1
12487,99.47738906,204.6391704,1
12488,99.47738906,204.6391704,1
12489,99.47738906,204.6391704,1
12490,99.47738906,204.6391704,1
12491,99.47738906,204.6391704,1
12492,99.47738906,204.6391704,1
12493,99.47738906,204.6391704,1
12494,99.47738906,204.6391704,1
12495,99.47738906,204.6391704,1
12496,99.47738906,204.6391704,1
12497,99.47738906,204.6391704,1
12498,99.47738906,204.6391704,1
12499,96.63517787,204.6391704,1
12500,96.63517787,204.6391704,1
12501,96.63517787,204.6391704,1
12502,96.63517787,204.6391704,1
12503,96.63517787,204.6391704,1
12504,96.63517787,204.6391704,1
12505,96.63517787,204.6391704,1
12506,96.63517787,204.6391704,1
12507,90.95075576,204.6391704,1
12508,90.95075576,204.6391704,1
12509,93.79296675,204.6391704,1
12510,93.79296696,204.6391704,1
12511,93.79296696,204.6391704,1
12512,93.79296696,204.6391704,1
12513,93.79296696,204.6391704,1
12514,93.79296696,204.6391704,1
12515,93.79296696,204.6391704,1
12516,93.79296696,204.6391704,1
12517,93.79296696,204.6391704,1
12518,93.79296696,204.6391704,1
12519,93.79296696,204.6391704,1
12520,93.79296696,204.6391704,1
12521,93.79296696,204.6391704,1
12522,93.79296696,204.6391704,1
12523,93.79296696,204.6391704,1
12524,93.79296696,204.6391704,1
12525,93.79296696,204.6391704,1
12526,93.79296696,204.6391704,1
12527,93.79296696,204.6391704,1
12528,93.79296696,204.6391704,1
12529,93.79296696,204.6391704,1
12530,93.79296696,204.6391704,1
12531,96.63517794,204.6391704,1
12532,96.63517794,204.6391704,1
12533,96.63517794,204.6391704,1
12534,96.63517794,204.6391704,1
12535,96.63517794,204.6391704,1
12536,96.63517794,204.6391704,1
12537,96.63517794,204.6391704,1
12538,96.63517794,204.6391704,1
12539,96.63517794,204.6391704,1
12540,96.63517794,204.6391704,1
12541,96.63517794,204.6391704,1
12542,96.63517794,204.6391704,1
12543,96.63517794,204.6391704,1
12544,96.63517794,204.6391704,1
12545,96.63517794,204.6391704,1
12546,96.63517794,204.6391704,1
12547,96.63517794,204.6391704,1
12548,96.63517794,204.6391704,1
12549,96.63517794,204.6391704,1
12550,96.63517794,204.6391704,1
12551,96.63517794,204.6391704,1
12552,96.63517801,204.6391704,1
12553,96.63517801,204.6391704,1
12554,96.63517801,204.6391704,1
12555,96.63517801,204.6391704,1
12556,96.63517801,204.6391704,1
12557,96.63517801,204.6391704,1
12558,96.63517801,204.6391704,1
12559,96.63517801,204.6391704,1
12560,96.63517801,204.6391704,1
12561,96.63517801,204.6391704,1
12562,96.63517801,204.6391704,1
12563,96.63517801,204.6391704,1
12564,96.63517801,204.6391704,1
12565,96.63517801,204.6391704,1
12566,96.63517801,204.6391704,1
12567,96.63517801,204.6391704,1
12568,96.63517801,204.6391704,1
12569,96.63517801,204.6391704,1
12570,96.63517801,204.6391704,1
12571,96.63517801,204.6391704,1
12572,96.63517801,204.6391704,1
12573,96.63517801,204.6391704,1
12574,96.63517801,204.6391704,1
12575,96.63517801,204.6391704,1
12576,96.63517801,204.6391704,1
12577,96.63517801,204.6391704,1
12578,96.63517801,204.6391704,1
12579,96.63517801,204.6391704,1
12580,96.63517801,204.6391704,1
12581,96.63517801,204.6391704,1
12582,96.63517801,204.6391704,1
12583,96.63517801,204.6391704,1
12584,96.63517801,204.6391704,1
12585,96.63517801,204.6391704,1
12586,96.63517801,204.6391704,1
12587,96.63517801,204.6391704,1
12588,96.63517801,204.6391704,1
12589,96.63517801,204.6391704,1
12590,96.63517801,204.6391704,1
12591,96.63517801,204.6391704,1
12592,96.63517801,204.6391704,1
12593,96.63517801,204.6391704,1
12594,96.63517801,204.6391704,1
12595,96.63517801,204.6391704,1
12596,96.63517801,204.6391704,1
12597,96.63517801,204.6391704,1
12598,96.63517801,204.6391704,1
12599,96.63517801,204.6391704,1
12600,96.63517801,204.6391704,1
12601,96.63517801,204.6391704,1
12602,96.63517794,204.6391704,1
12603,96.63517794,204.6391704,1
12604,96.63517794,204.6391704,1
12605,93.79296682,204.6391704,1
12606,99.47738921,204.6391704,1
12607,99.47738921,204.6391704,1
12608,99.47738921,204.6391704,1
12609,99.47738921,204.6391704,1
12610,99.47738921,204.6391704,1
12611,99.47738921,204.6391704,1
12612,99.47738921,204.6391704,1
12613,99.47738921,204.6391704,1
12614,99.47738921,204.6391704,1
12615,99.47738921,204.6391704,1
12616,99.47738921,204.6391704,1
12617,99.47738921,204.6391704,1
12618,99.47738921,204.6391704,1
12619,99.47738921,204.6391704,1
12620,99.47738921,204.6391704,1
12621,99.47738921,204.6391704,1
12622,99.47738921,204.6391704,1
12623,99.47738921,204.6391704,1
12624,99.47738921,204.6391704,1
12625,99.47738921,204.6391704,1
12626,99.47738921,204.6391704,1
12627,99.47738921,204.6391704,1
12628,99.47738921,204.6391704,1
12629,99.47738921,204.6391704,1
12630,99.47738921,204.6391704,1
12631,99.47738921,204.6391704,1
12632,99.47738921,204.6391704,1
12633,99.47738921,204.6391704,1
12634,99.47738921,204.6391704,1
12635,99.47738921,204.6391704,1
12636,99.47738921,204.6391704,1
12637,99.47738921,204.6391704,1
12638,99.47738921,204.6391704,1
12639,99.47738921,204.6391704,1
12640,99.47738921,204.6391704,1
12641,99.47738921,204.6391704,1
12642,99.47738921,204.6391704,1
12643,99.47738921,204.6391704,1
12644,99.47738921,204.6391704,1
12645,99.47738921,204.6391704,1
12646,99.47738921,204.6391704,1
12647,99.47738921,204.6391704,1
12648,99.47738921,204.6391704,1
12649,99.47738921,204.6391704,1
12650,99.47738921,204.6391704,1
12651,99.47738921,204.6391704,1
12652,99.47738921,204.6391704,1
12653,99.47738921,204.6391704,1
12654,99.47738921,204.6391704,1
12655,99.47738921,204.6391704,1
12656,96.63517801,204.6391704,1
12657,96.63517801,204.6391704,1
12658,96.63517801,204.6391704,1
12659,96.63517801,204.6391704,1
12660,96.63517801,204.6391704,1
12661,96.63517801,204.6391704,1
12662,96.63517801,204.6391704,1
12663,96.63517801,204.6391704,1
12664,96.63517801,204.6391704,1
12665,96.63517801,204.6391704,1
12666,96.63517801,204.6391704,1
12667,96.63517801,204.6391704,1
12668,96.63517801,204.6391704,1
12669,96.63517801,204.6391704,1
12670,96.63517801,204.6391704,1
12671,96.63517787,204.6391704,1
12672,96.63517787,204.6391704,1
12673,96.63517787,204.6391704,1
12674,96.63517787,204.6391704,1
12675,96.63517787,204.6391704,1
12676,96.63517787,204.6391704,1
12677,96.63517787,204.6391704,1
12678,96.63517787,204.6391704,1
12679,96.63517787,204.6391704,1
12680,96.63517787,204.6391704,1
12681,96.63517787,204.6391704,1
12682,96.63517787,204.6391704,1
12683,96.63517787,204.6391704,1
12684,96.63517787,204.6391704,1
12685,96.63517787,204.6391704,1
12686,96.63517787,204.6391704,1
12687,96.63517787,204.6391704,1
12688,96.63517787,204.6391704,1
12689,96.63517787,204.6391704,1
12690,96.63517787,204.6391704,1
12691,96.63517787,204.6391704,1
12692,96.63517787,204.6391704,1
12693,96.63517787,204.6391704,1
12694,96.63517787,204.6391704,1
12695,96.63517787,204.6391704,1
12696,96.63517787,204.6391704,1
12697,96.63517787,204.6391704,1
12698,96.63517787,204.6391704,1
12699,96.63517787,204.6391704,1
12700,96.63517787,204.6391704,1
12701,96.63517787,204.6391704,1
12702,96.63517787,204.6391704,1
12703,96.63517787,204.6391704,1
12704,96.63517787,204.6391704,1
12705,96.63517787,204.6391704,1
12706,93.79296689,204.6391704,1
12707,93.79296689,204.6391704,1
12708,93.79296689,204.6391704,1
12709,93.79296689,204.6391704,1
12710,93.79296689,204.6391704,1
12711,93.79296689,204.6391704,1
12712,93.79296689,204.6391704,1
12713,93.79296689,204.6391704,1
12714,93.79296689,204.6391704,1
12715,93.79296689,204.6391704,1
12716,93.79296689,204.6391704,1
12717,93.79296689,204.6391704,1
12718,93.79296689,204.6391704,1
12719,93.79296689,204.6391704,1
12720,93.79296689,204.6391704,1
12721,93.79296689,204.6391704,1
12722,93.79296689,204.6391704,1
12723,93.79296689,204.6391704,1
12724,93.79296689,204.6391704,1
12725,96.63517808,204.6391704,1
12726,96.63517808,204.6391704,1
12727,96.63517808,204.6391704,1
12728,96.63517808,204.6391704,1
12729,96.63517808,204.6391704,1
12730,96.63517808,204.6391704,1
12731,96.63517808,204.6391704,1
12732,96.63517808,204.6391704,1
12733,96.63517808,204.6391704,1
12734,96.63517808,204.6391704,1
12735,96.63517808,204.6391704,1
12736,96.63517808,204.6391704,1
12737,96.63517808,204.6391704,1
12738,96.63517808,204.6391704,1
12739,96.63517808,204.6391704,1
12740,96.63517808,204.6391704,1
12741,96.63517808,204.6391704,1
12742,96.63517808,204.6391704,1
12743,96.63517808,204.6391704,1
12744,96.63517808,204.6391704,1
12745,96.63517808,204.6391704,1
12746,96.63517808,204.6391704,1
12747,96.63517808,204.6391704,1
12748,96.63517808,204.6391704,1
12749,96.63517808,204.6391704,1
12750,96.63517808,204.6391704,1
12751,96.63517808,204.6391704,1
12752,96.63517808,204.6391704,1
12753,96.63517808,204.6391704,1
12754,96.63517808,204.6391704,1
12755,96.63517808,204.6391704,1
12756,96.63517808,204.6391704,1
12757,96.63517808,204.6391704,1
12758,96.63517808,204.6391704,1
12759,96.63517808,204.6391704,1
12760,96.63517808,204.6391704,1
12761,96.63517808,204.6391704,1
12762,96.63517808,204.6391704,1
12763,96.63517808,204.6391704,1
12764,96.63517808,204.6391704,1
12765,96.63517808,204.6391704,1
12766,96.63517808,204.6391704,1
12767,96.63517808,204.6391704,1
12768,96.63517808,204.6391704,1
12769,96.63517808,204.6391704,1
12770,96.63517808,204.6391704,1
12771,96.63517808,204.6391704,1
12772,96.63517808,204.6391704,1
12773,96.63517808,204.6391704,1
12774,96.63517808,204.6391704,1
12775,93.79296696,204.6391704,1
12776,93.79296696,204.6391704,1
12777,93.79296696,204.6391704,1
12778,93.79296696,204.6391704,1
12779,93.79296696,204.6391704,1
12780,93.79296696,204.6391704,1
12781,93.79296696,204.6391704,1
12782,93.79296696,204.6391704,1
12783,93.79296696,204.6391704,1
12784,93.79296696,204.6391704,1
12785,93.79296696,204.6391704,1
12786,93.79296696,204.6391704,1
12787,93.79296696,204.6391704,1
12788,93.79296696,204.6391704,1
12789,93.79296696,204.6391704,1
12790,93.79296696,204.6391704,1
12791,93.79296696,204.6391704,1
12792,93.79296696,204.6391704,1
12793,93.79296696,204.6391704,1
12794,93.79296696,204.6391704,1
12795,93.79296696,204.6391704,1
12796,93.79296696,204.6391704,1
12797,93.79296696,204.6391704,1
12798,93.79296696,204.6391704,1
12799,93.79296696,204.6391704,1
12800,93.79296696,204.6391704,1
12801,93.79296696,204.6391704,1
12802,93.79296696,204.6391704,1
12803,93.79296696,204.6391704,1
12804,93.79296696,204.6391704,1
12805,93.79296696,204.6391704,1
12806,93.79296696,204.6391704,1
12807,93.79296696,204.6391704,1
12808,93.79296696,204.6391704,1
12809,93.79296696,204.6391704,1
12810,96.63517787,204.6391704,1
12811,96.63517787,204.6391704,1
12812,96.63517787,204.6391704,1
12813,96.63517787,204.6391704,1
12814,96.63517787,204.6391704,1
12815,96.63517787,204.6391704,1
12816,96.63517787,204.6391704,1
12817,96.63517787,204.6391704,1
12818,96.63517787,204.6391704,1
12819,96.63517787,204.6391704,1
12820,96.63517787,204.6391704,1
12821,96.63517787,204.6391704,1
12822,96.63517787,204.6391704,1
12823,96.63517787,204.6391704,1
12824,96.63517787,204.6391704,1
12825,96.63517787,204.6391704,1
12826,96.63517787,204.6391704,1
12827,96.63517787,204.6391704,1
12828,96.63517787,204.6391704,1
12829,96.63517787,204.6391704,1
12830,96.63517787,204.6391704,1
12831,96.63517787,204.6391704,1
12832,96.63517787,204.6391704,1
12833,96.63517787,204.6391704,1
12834,96.63517787,204.6391704,1
12835,96.63517787,204.6391704,1
12836,96.63517787,204.6391704,1
12837,96.63517787,204.6391704,1
12838,96.63517787,204.6391704,1
12839,96.63517787,204.6391704,1
12840,96.63517787,204.6391704,1
12841,96.63517787,204.6391704,1
12842,96.63517787,204.6391704,1
12843,96.63517787,204.6391704,1
12844,96.63517787,204.6391704,1
12845,96.63517787,204.6391704,1
12846,96.63517787,204.6391704,1
12847,96.63517787,204.6391704,1
12848,96.63517787,204.6391704,1
12849,96.63517787,204.6391704,1
12850,96.63517787,204.6391704,1
12851,96.63517787,204.6391704,1
12852,96.63517787,204.6391704,1
12853,96.63517787,204.6391704,1
12854,96.63517787,204.6391704,1
12855,96.63517787,204.6391704,1
12856,96.63517787,204.6391704,1
12857,96.63517787,204.6391704,1
12858,96.63517787,204.6391704,1
12859,96.63517787,204.6391704,1
12860,93.79296689,204.6391704,1
12861,93.79296689,204.6391704,1
12862,93.79296689,204.6391704,1
12863,93.79296689,204.6391704,1
12864,93.79296689,204.6391704,1
12865,93.79296689,204.6391704,1
12866,93.79296689,204.6391704,1
12867,93.79296689,204.6391704,1
12868,93.79296689,204.6391704,1
12869,93.79296689,204.6391704,1
12870,93.79296689,204.6391704,1
12871,93.79296689,204.6391704,1
12872,93.79296689,204.6391704,1
12873,96.63517808,204.6391704,1
12874,96.63517808,204.6391704,1
12875,96.63517808,201.7969597,1
12876,96.63517808,201.7969597,1
12877,96.63517808,201.7969597,1
12878,96.63517808,201.7969597,1
12879,96.63517808,201.7969597,1
12880,96.63517808,201.7969597,1
12881,96.63517808,201.7969597,1
12882,96.63517808,204.6391704,1
12883,96.63517808,204.6391704,1
12884,96.63517808,204.6391704,1
12885,96.63517808,204.6391704,1
12886,96.63517808,204.6391704,1
12887,96.63517808,204.6391704,1
12888,96.63517808,204.6391704,1
12889,96.63517808,204.6391704,1
12890,96.63517808,204.6391704,1
12891,96.63517808,204.6391704,1
12892,96.63517808,204.6391704,1
12893,96.63517808,204.6391704,1
12894,96.63517808,204.6391704,1
12895,96.63517808,204.6391704,1
12896,96.63517808,204.6391704,1
12897,96.63517808,204.6391704,1
12898,96.63517808,204.6391704,1
12899,96.63517808,204.6391704,1
12900,96.63517808,204.6391704,1
12901,96.63517808,204.6391704,1
12902,96.63517808,204.6391704,1
12903,96.63517808,204.6391704,1
12904,96.63517808,204.6391704,1
12905,96.63517808,204.6391704,1
12906,96.63517808,204.6391704,1
12907,96.63517808,204.6391704,1
12908,96.63517808,204.6391704,1
12909,96.63517808,204.6391704,1
12910,96.63517808,204.6391704,1
12911,96.63517808,204.6391704,1
12912,96.63517808,204.6391704,1
12913,96.63517808,204.6391704,1
12914,96.63517808,204.6391704,1
12915,96.63517808,204.6391704,1
12916,96.63517808,204.6391704,1
12917,96.63517808,204.6391704,1
12918,96.63517808,204.6391704,1
12919,96.63517808,204.6391704,1
12920,96.63517808,204.6391704,1
12921,96.63517808,204.6391704,1
12922,96.63517808,204.6391704,1
12923,93.79296689,204.6391704,1
12924,93.79296689,204.6391704,1
12925,93.79296689,204.6391704,1
12926,93.79296689,204.6391704,1
12927,93.79296689,204.6391704,1
12928,93.79296689,204.6391704,1
12929,93.79296689,204.6391704,1
12930,93.79296689,204.6391704,1
12931,93.79296689,204.6391704,1
12932,93.79296689,204.6391704,1
12933,93.79296689,204.6391704,1
12934,93.79296689,204.6391704,1
12935,93.79296689,204.6391704,1
12936,93.79296689,204.6391704,1
12937,93.79296689,204.6391704,1
12938,93.79296689,204.6391704,1
12939,93.79296689,204.6391704,1
12940,93.79296689,204.6391704,1
12941,93.79296689,204.6391704,1
12942,93.79296696,204.6391704,1
12943,93.79296696,204.6391704,1
12944,93.79296696,204.6391704,1
12945,93.79296696,204.6391704,1
12946,93.79296696,204.6391704,1
12947,93.79296696,204.6391704,1
12948,93.79296696,204.6391704,1
12949,93.79296696,204.6391704,1
12950,93.79296696,204.6391704,1
12951,93.79296696,204.6391704,1
12952,93.79296696,204.6391704,1
12953,93.79296696,204.6391704,1
12954,93.79296696,204.6391704,1
12955,93.79296696,204.6391704,1
12956,93.79296696,204.6391704,1
12957,93.79296696,204.6391704,1
12958,93.79296696,204.6391704,1
12959,93.79296696,201.7969597,1
12960,93.79296696,201.7969597,1
12961,93.79296696,201.7969597,1
12962,93.79296696,201.7969597,1
12963,93.79296696,201.7969597,1
12964,93.79296696,201.7969597,1
12965,93.79296696,201.7969597,1
12966,93.79296696,201.7969597,1
12967,93.79296696,201.7969597,1
12968,93.79296696,201.7969597,1
12969,93.79296696,201.7969597,1
12970,93.79296696,201.7969597,1
12971,93.79296696,204.6391704,1
12972,93.79296696,204.6391704,1
12973,93.79296696,204.6391704,1
12974,93.79296696,204.6391704,1
12975,93.79296696,204.6391704,1
12976,93.79296696,204.6391704,1
12977,93.79296696,204.6391704,1
12978,93.79296696,204.6391704,1
12979,93.79296696,204.6391704,1
12980,93.79296696,204.6391704,1
12981,93.79296696,204.6391704,1
12982,93.79296696,204.6391704,1
12983,93.79296696,204.6391704,1
12984,93.79296696,204.6391704,1
12985,93.79296696,204.6391704,1
12986,93.79296696,204.6391704,1
12987,93.79296696,204.6391704,1
12988,93.79296696,204.6391704,1
12989,93.79296696,204.6391704,1
12990,93.79296696,204.6391704,1
12991,93.79296696,204.6391704,1
12992,90.95075583,204.6391704,1
12993,90.95075583,204.6391704,1
12994,90.95075583,204.6391704,1
12995,90.95075583,204.6391704,1
12996,90.95075583,204.6391704,1
12997,90.95075583,204.6391704,1
12998,90.95075583,204.6391704,1
12999,90.95075583,204.6391704,1
13000,90.95075583,204.6391704,1
13001,90.95075583,204.6391704,1
13002,90.95075583,204.6391704,1
13003,90.95075583,204.6391704,1
13004,90.95075583,204.6391704,1
13005,90.95075583,204.6391704,1
13006,90.95075583,204.6391704,1
13007,90.95075583,204.6391704,1
13008,90.95075562,204.6391704,1
13009,93.79296689,204.6391704,1
13010,93.79296689,204.6391704,1
13011,93.79296696,204.6391704,1
13012,93.79296696,204.6391704,1
13013,93.79296696,204.6391704,1
13014,93.79296696,204.6391704,1
13015,93.79296696,204.6391704,1
13016,93.79296696,204.6391704,1
13017,93.79296696,204.6391704,1
13018,93.79296696,204.6391704,1
13019,93.79296696,204.6391704,1
13020,93.79296696,204.6391704,1
13021,93.79296696,204.6391704,1
13022,93.79296696,204.6391704,1
13023,93.79296696,204.6391704,1
13024,93.79296696,204.6391704,1
13025,93.79296696,204.6391704,1
13026,93.79296696,204.6391704,1
13027,96.63517794,204.6391704,1
13028,96.63517794,204.6391704,1
13029,96.63517794,204.6391704,1
13030,96.63517794,204.6391704,1
13031,96.63517794,204.6391704,1
13032,96.63517794,204.6391704,1
13033,96.63517794,204.6391704,1
13034,96.63517794,204.6391704,1
13035,96.63517794,204.6391704,1
13036,96.63517794,204.6391704,1
13037,96.63517794,204.6391704,1
13038,96.63517794,204.6391704,1
13039,96.63517794,204.6391704,1
13040,96.63517794,204.6391704,1
13041,96.63517794,204.6391704,1
13042,96.63517794,204.6391704,1
13043,96.63517794,204.6391704,1
13044,96.63517794,204.6391704,1
13045,96.63517794,204.6391704,1
13046,96.63517794,204.6391704,1
13047,96.63517794,204.6391704,1
13048,96.63517794,204.6391704,1
13049,96.63517794,204.6391704,1
13050,96.63517794,204.6391704,1
13051,96.63517794,204.6391704,1
13052,96.63517794,204.6391704,1
13053,96.63517794,204.6391704,1
13054,96.63517794,204.6391704,1
13055,96.63517794,204.6391704,1
13056,96.63517794,204.6391704,1
13057,96.63517794,204.6391704,1
13058,96.63517794,204.6391704,1
13059,96.63517794,204.6391704,1
13060,96.63517794,204.6391704,1
13061,96.63517794,204.6391704,1
13062,96.63517794,204.6391704,1
13063,96.63517794,204.6391704,1
13064,96.63517794,204.6391704,1
13065,96.63517794,204.6391704,1
13066,96.63517794,204.6391704,1
13067,96.63517794,204.6391704,1
13068,96.63517794,204.6391704,1
13069,96.63517794,204.6391704,1
13070,96.63517794,204.6391704,1
13071,96.63517794,204.6391704,1
13072,96.63517794,204.6391704,1
13073,96.63517794,204.6391704,1
13074,96.63517794,204.6391704,1
13075,96.63517794,204.6391704,1
13076,96.63517794,204.6391704,1
13077,93.79296689,204.6391704,1
13078,93.79296689,204.6391704,1
13079,93.79296689,204.6391704,1
13080,93.79296689,204.6391704,1
13081,93.79296689,204.6391704,1
13082,93.79296689,204.6391704,1
13083,93.79296689,204.6391704,1
13084,93.79296689,204.6391704,1
13085,93.79296689,204.6391704,1
13086,93.79296689,204.6391704,1
13087,93.79296689,204.6391704,1
13088,93.79296689,204.6391704,1
13089,93.79296689,204.6391704,1
13090,93.79296689,204.6391704,1
13091,93.79296689,204.6391704,1
13092,93.79296689,204.6391704,1
13093,93.79296689,204.6391704,1
13094,93.79296689,204.6391704,1
13095,93.79296689,204.6391704,1
13096,93.79296689,204.6391704,1
13097,93.79296689,204.6391704,1
13098,93.79296689,204.6391704,1
13099,93.79296689,204.6391704,1
13100,93.79296689,204.6391704,1
13101,93.79296689,204.6391704,1
13102,93.79296689,204.6391704,1
13103,93.79296696,204.6391704,1
13104,93.79296696,204.6391704,1
13105,93.79296696,204.6391704,1
13106,93.79296696,204.6391704,1
13107,93.79296696,204.6391704,1
13108,93.79296696,204.6391704,1
13109,93.79296696,204.6391704,1
13110,93.79296696,204.6391704,1
13111,93.79296696,204.6391704,1
13112,93.79296696,204.6391704,1
13113,93.79296696,204.6391704,1
13114,93.79296696,204.6391704,1
13115,93.79296696,204.6391704,1
13116,93.79296696,204.6391704,1
13117,93.79296696,204.6391704,1
13118,93.79296696,204.6391704,1
13119,93.79296696,204.6391704,1
13120,93.79296696,204.6391704,1
13121,93.79296696,204.6391704,1
13122,93.79296696,204.6391704,1
13123,93.79296696,204.6391704,1
13124,93.79296696,204.6391704,1
13125,93.79296696,204.6391704,1
13126,93.79296696,204.6391704,1
13127,93.79296696,204.6391704,1
13128,93.79296696,204.6391704,1
13129,93.79296696,204.6391704,1
13130,93.79296696,204.6391704,1
13131,93.79296696,204.6391704,1
13132,93.79296696,204.6391704,1
13133,93.79296696,204.6391704,1
13134,93.79296696,204.6391704,1
13135,93.79296696,204.6391704,1
13136,93.79296696,204.6391704,1
13137,93.79296696,204.6391704,1
13138,93.79296696,204.6391704,1
13139,93.79296696,204.6391704,1
13140,93.79296696,204.6391704,1
13141,93.79296696,204.6391704,1
13142,93.79296696,204.6391704,1
13143,93.79296696,204.6391704,1
13144,93.79296696,204.6391704,1
13145,93.79296696,204.6391704,1
13146,93.79296696,204.6391704,1
13147,93.79296696,204.6391704,1
13148,93.79296696,204.6391704,1
13149,93.79296696,204.6391704,1
13150,93.79296696,204.6391704,1
13151,93.79296696,204.6391704,1
13152,93.79296696,204.6391704,1
13153,93.79296696,204.6391704,1
13154,93.79296689,204.6391704,1
13155,93.79296689,204.6391704,1
13156,93.79296689,204.6391704,1
13157,93.79296689,204.6391704,1
13158,93.79296689,204.6391704,1
13159,93.79296689,204.6391704,1
13160,93.79296689,204.6391704,1
13161,93.79296689,204.6391704,1
13162,93.79296689,204.6391704,1
13163,93.79296689,204.6391704,1
13164,93.79296689,204.6391704,1
13165,93.79296689,204.6391704,1
13166,93.79296689,204.6391704,1
13167,93.79296689,204.6391704,1
13168,93.79296689,204.6391704,1
13169,93.79296689,204.6391704,1
13170,93.79296689,204.6391704,1
13171,93.79296689,204.6391704,1
13172,93.79296689,204.6391704,1
13173,93.79296689,204.6391704,1
13174,93.79296689,204.6391704,1
13175,93.79296689,204.6391704,1
13176,93.79296689,204.6391704,1
13177,93.79296689,204.6391704,1
13178,93.79296689,204.6391704,1
13179,93.79296689,204.6391704,1
13180,93.79296689,204.6391704,1
13181,93.79296689,204.6391704,1
13182,93.79296689,204.6391704,1
13183,96.63517794,204.6391704,1
13184,96.63517794,204.6391704,1
13185,96.63517794,204.6391704,1
13186,96.63517794,204.6391704,1
13187,96.63517794,204.6391704,1
13188,96.63517794,204.6391704,1
13189,96.63517794,204.6391704,1
13190,96.63517794,204.6391704,1
13191,96.63517794,204.6391704,1
13192,96.63517794,204.6391704,1
13193,96.63517794,204.6391704,1
13194,96.63517794,204.6391704,1
13195,96.63517794,204.6391704,1
13196,96.63517794,204.6391704,1
13197,96.63517794,204.6391704,1
13198,96.63517794,204.6391704,1
13199,96.63517794,204.6391704,1
13200,96.63517794,204.6391704,1
13201,96.63517794,204.6391704,1
13202,96.63517794,204.6391704,1
13203,96.63517794,204.6391704,1
13204,96.63517794,204.6391704,1
13205,96.63517794,204.6391704,1
13206,96.63517794,204.6391704,1
13207,96.63517794,204.6391704,1
13208,96.63517794,204.6391704,1
13209,96.63517794,204.6391704,1
13210,96.63517794,204.6391704,1
13211,96.63517794,204.6391704,1
13212,96.63517794,204.6391704,1
13213,96.63517794,204.6391704,1
13214,96.63517794,204.6391704,1
13215,96.63517794,204.6391704,1
13216,96.63517794,204.6391704,1
13217,96.63517794,204.6391704,1
13218,96.63517794,204.6391704,1
13219,96.63517794,204.6391704,1
13220,96.63517794,204.6391704,1
13221,96.63517794,204.6391704,1
13222,96.63517801,204.6391704,1
13223,96.63517801,204.6391704,1
13224,96.63517801,204.6391704,1
13225,96.63517801,204.6391704,1
13226,96.63517801,204.6391704,1
13227,96.63517801,204.6391704,1
13228,96.63517801,204.6391704,1
13229,96.63517801,204.6391704,1
13230,96.63517801,204.6391704,1
13231,96.63517801,204.6391704,1
13232,96.63517801,204.6391704,1
13233,96.63517801,204.6391704,1
13234,96.63517801,204.6391704,1
13235,96.63517801,204.6391704,1
13236,96.63517801,204.6391704,1
13237,96.63517801,204.6391704,1
13238,96.63517801,204.6391704,1
13239,96.63517801,204.6391704,1
13240,96.63517801,204.6391704,1
13241,96.63517801,204.6391704,1
13242,96.63517801,204.6391704,1
13243,96.63517801,204.6391704,1
13244,96.63517801,204.6391704,1
13245,96.63517801,204.6391704,1
13246,96.63517801,204.6391704,1
13247,96.63517801,204.6391704,1
13248,96.63517801,204.6391704,1
13249,96.63517801,204.6391704,1
13250,96.63517801,204.6391704,1
13251,96.63517801,204.6391704,1
13252,96.63517801,204.6391704,1
13253,96.63517801,204.6391704,1
13254,96.63517801,204.6391704,1
13255,96.63517801,204.6391704,1
13256,96.63517801,204.6391704,1
13257,96.63517801,204.6391704,1
13258,96.63517801,204.6391704,1
13259,96.63517801,204.6391704,1
13260,96.63517801,204.6391704,1
13261,96.63517801,204.6391704,1
13262,96.63517801,204.6391704,1
13263,96.63517801,204.6391704,1
13264,96.63517801,204.6391704,1
13265,96.63517801,204.6391704,1
13266,96.63517801,204.6391704,1
13267,96.63517801,204.6391704,1
13268,96.63517801,204.6391704,1
13269,96.63517801,204.6391704,1
13270,96.63517801,204.6391704,1
13271,96.63517801,204.6391704,1
13272,93.79296689,204.6391704,1
13273,93.79296689,204.6391704,1
13274,93.79296689,204.6391704,1
13275,93.79296689,204.6391704,1
13276,93.79296689,204.6391704,1
13277,93.79296689,204.6391704,1
13278,93.79296689,204.6391704,1
13279,93.79296689,204.6391704,1
13280,93.79296689,204.6391704,1
13281,93.79296689,204.6391704,1
13282,93.79296689,201.7969597,1
13283,93.79296689,201.7969597,1
13284,93.79296689,201.7969597,1
13285,93.79296689,201.7969597,1
13286,93.79296689,201.7969597,1
13287,93.79296689,201.7969597,1
13288,93.79296689,201.7969597,1
13289,93.79296689,201.7969597,1
13290,93.79296689,201.7969597,1
13291,93.79296689,201.7969597,1
13292,93.79296689,201.7969597,1
13293,93.79296689,201.7969597,1
13294,93.79296696,201.7969597,1
13295,93.79296696,201.7969597,1
13296,93.79296696,201.7969597,1
13297,93.79296696,201.7969597,1
13298,93.79296696,201.7969597,1
13299,93.79296696,201.7969597,1
13300,93.79296696,201.7969597,1
13301,93.79296696,201.7969597,1
13302,93.79296696,201.7969597,1
13303,93.79296696,201.7969597,1
13304,93.79296696,201.7969597,1
13305,93.79296696,201.7969597,1
13306,93.79296696,201.7969597,1
13307,93.79296696,201.7969597,1
13308,93.79296696,201.7969597,1
13309,93.79296696,201.7969597,1
13310,93.79296696,201.7969597,1
13311,93.79296696,201.7969597,1
13312,93.79296696,201.7969597,1
13313,93.79296696,201.7969597,1
13314,93.79296696,201.7969597,1
13315,93.79296696,204.6391704,1
13316,93.79296696,204.6391704,1
13317,93.79296696,204.6391704,1
13318,93.79296696,204.6391704,1
13319,93.79296696,204.6391704,1
13320,93.79296696,204.6391704,1
13321,93.79296696,204.6391704,1
13322,93.79296696,204.6391704,1
13323,93.79296696,204.6391704,1
13324,93.79296696,204.6391704,1
13325,93.79296696,204.6391704,1
13326,93.79296696,204.6391704,1
13327,93.79296696,204.6391704,1
13328,93.79296696,204.6391704,1
13329,93.79296696,204.6391704,1
13330,93.79296696,204.6391704,1
13331,96.63517808,204.6391704,1
13332,96.63517808,204.6391704,1
13333,96.63517808,204.6391704,1
13334,96.63517808,204.6391704,1
13335,96.63517808,204.6391704,1
13336,96.63517808,204.6391704,1
13337,96.63517808,204.6391704,1
13338,96.63517808,204.6391704,1
13339,96.63517808,204.6391704,1
13340,96.63517808,204.6391704,1
13341,96.63517808,204.6391704,1
13342,96.63517808,204.6391704,1
13343,96.63517808,204.6391704,1
13344,96.63517808,204.6391704,1
13345,96.63517808,204.6391704,1
13346,96.63517808,204.6391704,1
13347,96.63517808,204.6391704,1
13348,96.63517808,204.6391704,1
13349,96.63517808,204.6391704,1
13350,96.63517808,204.6391704,1
13351,96.63517808,204.6391704,1
13352,96.63517808,204.6391704,1
13353,96.63517808,204.6391704,1
13354,96.63517808,204.6391704,1
13355,96.63517808,204.6391704,1
13356,96.63517808,204.6391704,1
13357,96.63517808,204.6391704,1
13358,96.63517808,204.6391704,1
13359,96.63517808,204.6391704,1
13360,96.63517808,204.6391704,1
13361,96.63517808,204.6391704,1
13362,96.63517808,204.6391704,1
13363,96.63517808,204.6391704,1
13364,96.63517808,204.6391704,1
13365,96.63517808,201.7969597,1
13366,96.63517808,201.7969597,1
13367,96.63517808,201.7969597,1
13368,96.63517808,201.7969597,1
13369,96.63517808,201.7969597,1
13370,96.63517808,201.7969597,1
13371,96.63517808,201.7969597,1
13372,96.63517808,201.7969597,1
13373,96.63517808,201.7969597,1
13374,96.63517808,201.7969597,1
13375,96.63517808,201.7969597,1
13376,96.63517808,201.7969597,1
13377,96.63517808,201.7969597,1
13378,96.63517808,201.7969597,1
13379,96.63517808,201.7969597,1
13380,96.63517808,201.7969597,1
13381,93.79296682,201.7969597,1
13382,93.79296682,201.7969597,1
13383,93.79296682,201.7969597,1
13384,93.79296689,201.7969597,1
13385,93.79296696,201.7969597,1
13386,93.79296696,201.7969597,1
13387,93.79296696,201.7969597,1
13388,93.79296696,201.7969597,1
13389,93.79296696,201.7969597,1
13390,93.79296696,201.7969597,1
13391,93.79296696,201.7969597,1
13392,93.79296696,201.7969597,1
13393,93.79296696,201.7969597,1
13394,93.79296696,201.7969597,1
13395,93.79296696,201.7969597,1
13396,93.79296696,201.7969597,1
13397,93.79296696,201.7969597,1
13398,93.79296696,201.7969597,1
13399,93.79296696,201.7969597,1
13400,93.79296696,201.7969597,1
13401,93.79296696,201.7969597,1
13402,93.79296696,201.7969597,1
13403,93.79296696,201.7969597,1
13404,93.79296696,201.7969597,1
13405,93.79296696,201.7969597,1
13406,93.79296696,201.7969597,1
13407,93.79296696,201.7969597,1
13408,93.79296696,201.7969597,1
13409,93.79296696,201.7969597,1
13410,93.79296696,201.7969597,1
13411,93.79296696,201.7969597,1
13412,93.79296696,201.7969597,1
13413,93.79296696,201.7969597,1
13414,93.79296696,201.7969597,1
13415,93.79296696,201.7969597,1
13416,93.79296696,201.7969597,1
13417,93.79296696,201.7969597,1
13418,93.79296696,201.7969597,1
13419,93.79296696,204.6391704,1
13420,93.79296696,204.6391704,1
13421,93.79296696,204.6391704,1
13422,93.79296696,204.6391704,1
13423,93.79296696,204.6391704,1
13424,93.79296696,204.6391704,1
13425,93.79296696,204.6391704,1
13426,93.79296696,204.6391704,1
13427,93.79296696,204.6391704,1
13428,93.79296696,204.6391704,1
13429,93.79296696,204.6391704,1
13430,93.79296696,204.6391704,1
13431,93.79296696,204.6391704,1
13432,93.79296696,204.6391704,1
13433,93.79296696,204.6391704,1
13434,93.79296696,204.6391704,1
13435,93.79296696,204.6391704,1
13436,93.79296696,204.6391704,1
13437,93.79296696,204.6391704,1
13438,93.79296696,204.6391704,1
13439,93.79296696,204.6391704,1
13440,93.79296696,204.6391704,1
13441,93.79296696,204.6391704,1
13442,93.79296696,204.6391704,1
13443,93.79296696,204.6391704,1
13444,93.79296696,204.6391704,1
13445,93.79296696,204.6391704,1
13446,93.79296696,204.6391704,1
13447,93.79296696,204.6391704,1
13448,93.79296696,204.6391704,1
13449,93.79296696,204.6391704,1
13450,93.79296696,204.6391704,1
13451,93.79296696,204.6391704,1
13452,93.79296696,204.6391704,1
13453,93.79296696,204.6391704,1
13454,93.79296696,204.6391704,1
13455,93.79296696,204.6391704,1
13456,93.79296696,204.6391704,1
13457,93.79296696,204.6391704,1
13458,93.79296696,204.6391704,1
13459,93.79296696,204.6391704,1
13460,93.79296696,204.6391704,1
13461,93.79296696,204.6391704,1
13462,93.79296696,204.6391704,1
13463,93.79296696,204.6391704,1
13464,93.79296696,204.6391704,1
13465,93.79296696,204.6391704,1
13466,93.79296696,204.6391704,1
13467,93.79296696,204.6391704,1
13468,93.79296696,204.6391704,1
13469,93.79296696,204.6391704,1
13470,93.79296696,204.6391704,1
13471,93.79296696,204.6391704,1
13472,93.79296696,204.6391704,1
13473,93.79296696,204.6391704,1
13474,93.79296696,204.6391704,1
13475,93.79296696,204.6391704,1
13476,93.79296675,204.6391704,1
13477,93.79296675,204.6391704,1
13478,85.26633344,204.6391704,1
13479,85.26633344,204.6391704,1
13480,85.26633344,204.6391704,1
13481,85.26633344,204.6391704,1
13482,85.26633344,204.6391704,1
13483,85.26633344,204.6391704,1
13484,85.26633344,204.6391704,1
13485,85.26633344,204.6391704,1
13486,85.26633344,204.6391704,1
13487,85.26633344,204.6391704,1
13488,85.26633344,201.7969597,1
13489,85.26633344,201.7969597,1
13490,85.26633344,201.7969597,1
13491,85.26633344,201.7969597,1
