,Voltage,Current,Action
0,8.526633373,11.3688428,0
1,19.89547787,11.3688428,0
2,28.42211117,17.0532642,0
3,28.42211117,17.0532642,0
4,42.63316679,17.0532642,0
5,45.47537792,17.0532642,0
6,56.84422241,28.422107,0
7,56.84422241,28.422107,0
8,56.84422241,28.422107,0
9,56.84422241,28.422107,0
10,65.37085572,28.422107,0
11,65.37085572,42.6331605,0
12,65.37085572,42.6331605,0
13,65.37085572,42.6331605,0
14,73.89748909,42.6331605,0
15,73.89748909,42.6331605,0
16,73.89748909,42.6331605,0
17,73.89748909,42.6331605,0
18,73.89748909,42.6331605,0
19,73.89748909,42.6331605,0
20,73.89748909,42.6331605,0
21,73.89748909,42.6331605,0
22,73.89748909,42.6331605,0
23,73.89748909,42.6331605,0
24,73.89748909,45.4753712,0
25,73.89748909,45.4753712,0
26,73.89748909,45.4753712,0
27,79.58191134,45.4753712,0
28,79.58191134,45.4753712,0
29,79.58191134,45.4753712,0
30,79.58191134,45.4753712,0
31,79.58191134,45.4753712,0
32,79.58191134,45.4753712,0
33,79.58191134,45.4753712,0
34,82.42412246,45.4753712,0
35,82.42412246,45.4753712,0
36,82.42412246,45.4753712,0
37,82.42412246,45.4753712,0
38,82.42412246,45.4753712,0
39,82.42412246,45.4753712,0
40,82.42412246,45.4753712,0
41,82.42412246,45.4753712,0
42,82.42412246,45.4753712,0
43,82.42412246,45.4753712,0
44,82.42412246,45.4753712,0
45,82.42412246,45.4753712,0
46,82.42412246,45.4753712,0
47,82.42412246,45.4753712,0
48,82.42412246,45.4753712,0
49,82.42412246,45.4753712,0
50,82.42412246,48.3175819,0
51,82.42412246,48.3175819,0
52,82.42412246,48.3175819,0
53,82.42412246,48.3175819,0
54,82.42412246,48.3175819,0
55,82.42412246,48.3175819,0
56,82.42412246,48.3175819,0
57,82.42412246,48.3175819,0
58,82.42412246,48.3175819,0
59,82.42412246,48.3175819,0
60,82.42412246,48.3175819,0
61,82.42412246,48.3175819,0
62,82.42412246,48.3175819,0
63,82.42412246,48.3175819,0
64,82.42412246,48.3175819,0
65,82.42412246,48.3175819,0
66,82.42412246,48.3175819,0
67,82.42412246,48.3175819,0
68,82.42412246,48.3175819,0
69,82.42412246,48.3175819,0
70,82.42412246,48.3175819,0
71,82.42412246,48.3175819,0
72,82.42412246,48.3175819,0
73,82.42412246,48.3175819,0
74,82.42412246,48.3175819,0
75,82.42412246,48.3175819,0
76,82.42412246,48.3175819,0
77,82.42412246,48.3175819,0
78,82.42412246,48.3175819,0
79,82.42412246,54.0020033,0
80,82.42412246,54.0020033,0
81,82.42412246,54.0020033,0
82,82.42412246,54.0020033,0
83,82.42412246,54.0020033,0
84,82.42412246,59.6864247,0
85,82.42412246,59.6864247,0
86,102.3196003,59.6864247,0
87,102.3196003,59.6864247,0
88,102.3196003,65.3708461,0
89,102.3196003,71.0552675,0
90,122.2150781,71.0552675,0
91,122.2150781,71.0552675,0
92,122.2150781,71.0552675,0
93,122.2150781,71.0552675,0
94,122.2150781,71.0552675,0
95,125.0572893,71.0552675,0
96,125.0572893,71.0552675,0
97,125.0572893,76.7396889,0
98,130.7417115,76.7396889,0
99,130.7417115,76.7396889,0
100,133.5839226,76.7396889,0
101,133.5839226,90.9507424,0
102,133.5839226,90.9507424,0
103,133.5839226,90.9507424,0
104,133.5839226,90.9507424,0
105,133.5839226,90.9507424,0
106,133.5839226,90.9507424,0
107,133.5839226,90.9507424,0
108,133.5839226,90.9507424,0
109,142.1105559,90.9507424,0
110,142.1105559,90.9507424,0
111,142.1105559,90.9507424,0
112,142.1105559,96.6351638,0
113,142.1105559,96.6351638,0
114,142.1105559,96.6351638,0
115,142.1105559,96.6351638,0
116,142.1105559,96.6351638,0
117,142.1105559,96.6351638,0
118,142.1105559,96.6351638,0
119,142.1105559,96.6351638,0
120,142.1105559,96.6351638,0
121,142.1105559,96.6351638,0
122,142.1105559,96.6351638,0
123,142.1105559,105.1617959,0
124,142.1105559,105.1617959,0
125,142.1105559,105.1617959,0
126,142.1105559,105.1617959,0
127,142.1105559,105.1617959,0
128,142.1105559,108.0040066,0
129,142.1105559,108.0040066,0
130,142.1105559,108.0040066,0
131,142.1105559,108.0040066,0
132,142.1105559,108.0040066,0
133,142.1105559,108.0040066,0
134,142.1105559,108.0040066,0
135,142.1105559,108.0040066,0
136,142.1105559,108.0040066,0
137,142.1105559,108.0040066,0
138,142.1105559,108.0040066,0
139,142.1105559,108.0040066,0
140,142.1105559,108.0040066,0
141,142.1105559,108.0040066,0
142,142.1105559,108.0040066,0
143,142.1105559,108.0040066,0
144,142.1105559,108.0040066,0
145,142.1105559,108.0040066,0
146,142.1105559,108.0040066,0
147,142.1105559,108.0040066,0
148,142.1105559,108.0040066,0
149,142.1105559,108.0040066,0
150,142.1105559,108.0040066,0
151,142.1105559,108.0040066,0
152,142.1105559,108.0040066,0
153,142.1105559,108.0040066,0
154,142.1105559,108.0040066,0
155,142.1105559,108.0040066,0
156,142.1105559,108.0040066,0
157,142.1105559,108.0040066,0
158,142.1105559,108.0040066,0
159,133.5839226,108.0040066,0
160,133.5839226,108.0040066,0
161,133.5839226,108.0040066,0
162,133.5839226,108.0040066,0
163,133.5839226,108.0040066,0
164,133.5839226,108.0040066,0
165,133.5839226,108.0040066,0
166,133.5839226,108.0040066,0
167,133.5839226,108.0040066,0
168,133.5839226,108.0040066,0
169,130.7417115,108.0040066,0
170,130.7417115,108.0040066,0
171,130.7417115,108.0040066,0
172,130.7417115,108.0040066,0
173,119.372867,108.0040066,0
174,119.372867,108.0040066,0
175,119.372867,108.0040066,0
176,119.372867,108.0040066,0
177,116.5306559,108.0040066,0
178,116.5306559,102.3195852,0
179,116.5306559,102.3195852,0
180,116.5306559,102.3195852,0
181,110.8462336,102.3195852,0
182,110.8462336,102.3195852,0
183,110.8462336,102.3195852,0
184,96.63517808,102.3195852,0
185,96.63517808,102.3195852,0
186,96.63517808,102.3195852,0
187,96.63517808,102.3195852,0
188,96.63517808,102.3195852,0
189,88.10854471,102.3195852,0
190,85.26633358,102.3195852,0
191,85.26633358,102.3195852,0
192,85.26633358,90.9507424,0
193,85.26633358,90.9507424,0
194,85.26633358,90.9507424,0
195,79.58191134,90.9507424,0
196,71.05527796,90.9507424,0
197,65.37085572,90.9507424,0
198,65.37085572,90.9507424,0
199,65.37085572,90.9507424,0
200,65.37085572,90.9507424,0
201,54.00201129,90.9507424,0
202,54.00201129,90.9507424,0
203,54.00201129,90.9507424,0
204,48.31758904,90.9507424,0
205,48.31758904,88.1085317,0
206,48.31758904,88.1085317,0
207,48.31758904,88.1085317,0
208,48.31758904,82.4241103,0
209,48.31758904,82.4241103,0
210,48.31758904,79.5818996,0
211,48.31758904,79.5818996,0
212,48.31758904,82.4241103,0
213,48.31758904,82.4241103,0
214,48.31758904,82.4241103,0
215,48.31758904,85.266321,0
216,48.31758904,85.266321,0
217,48.31758904,85.266321,0
218,48.31758904,85.266321,0
219,48.31758904,85.266321,0
220,48.31758904,85.266321,0
221,48.31758904,85.266321,0
222,48.31758904,85.266321,0
223,48.31758904,85.266321,0
224,48.31758904,85.266321,0
225,48.31758904,85.266321,0
226,48.31758904,85.266321,0
227,48.31758904,85.266321,0
228,48.31758904,85.266321,0
229,48.31758904,85.266321,0
230,48.31758904,85.266321,0
231,48.31758904,85.266321,0
232,48.31758904,85.266321,0
233,48.31758904,85.266321,0
234,48.31758904,88.1085317,0
235,48.31758904,88.1085317,0
236,48.31758904,88.1085317,0
237,48.31758904,88.1085317,0
238,48.31758904,90.9507424,0
239,48.31758904,90.9507424,0
240,48.31758904,90.9507424,0
241,48.31758904,90.9507424,0
242,48.31758904,90.9507424,0
243,48.31758904,90.9507424,0
244,48.31758904,90.9507424,0
245,48.31758904,90.9507424,0
246,48.31758904,90.9507424,0
247,48.31758904,90.9507424,0
248,48.31758904,93.7929531,0
249,48.31758904,93.7929531,0
250,48.31758904,93.7929531,0
251,48.31758904,93.7929531,0
252,45.47537792,93.7929531,0
253,45.47537792,93.7929531,0
254,45.47537792,93.7929531,0
255,45.47537792,93.7929531,0
256,45.47537792,93.7929531,0
257,45.47537792,93.7929531,0
258,45.47537792,93.7929531,0
259,45.47537792,93.7929531,0
260,45.47537792,93.7929531,0
261,45.47537792,96.6351638,0
262,45.47537792,96.6351638,0
263,42.63316679,96.6351638,0
264,42.63316679,96.6351638,0
265,42.63316679,96.6351638,0
266,42.63316679,96.6351638,0
267,42.63316679,96.6351638,0
268,42.63316679,96.6351638,0
269,42.63316679,96.6351638,0
270,42.63316679,96.6351638,0
271,42.63316679,96.6351638,0
272,42.63316679,99.4773745,0
273,42.63316679,99.4773745,0
274,42.63316679,99.4773745,0
275,42.63316679,99.4773745,0
276,42.63316679,99.4773745,0
277,42.63316679,99.4773745,0
278,42.63316679,99.4773745,0
279,42.63316679,99.4773745,0
280,39.79095567,102.3195852,0
281,39.79095567,102.3195852,0
282,39.79095567,102.3195852,0
283,39.79095567,102.3195852,0
284,39.79095567,102.3195852,0
285,36.94874454,102.3195852,0
286,36.94874454,105.1617959,0
287,36.94874454,105.1617959,0
288,36.94874454,105.1617959,0
289,36.94874454,105.1617959,0
290,36.94874454,105.1617959,0
291,36.94874454,105.1617959,0
292,36.94874454,105.1617959,0
293,36.94874454,108.0040066,0
294,36.94874454,108.0040066,0
295,36.94874454,108.0040066,0
296,36.94874454,108.0040066,0
297,36.94874454,108.0040066,0
298,36.94874454,108.0040066,0
299,36.94874454,108.0040066,0
300,36.94874454,108.0040066,0
301,36.94874454,108.0040066,0
302,36.94874454,108.0040066,0
303,36.94874454,108.0040066,0
304,36.94874454,108.0040066,0
305,36.94874454,108.0040066,0
306,36.94874454,108.0040066,0
307,36.94874454,108.0040066,0
308,36.94874454,108.0040066,0
309,36.94874454,108.0040066,0
310,36.94874454,108.0040066,0
311,36.94874454,108.0040066,0
312,36.94874454,108.0040066,0
313,36.94874454,108.0040066,0
314,36.94874454,113.688428,0
315,36.94874454,113.688428,0
316,36.94874454,113.688428,0
317,36.94874454,113.688428,0
318,36.94874454,116.5306387,0
319,36.94874454,116.5306387,0
320,36.94874454,116.5306387,0
321,36.94874454,116.5306387,0
322,36.94874454,116.5306387,0
323,36.94874454,116.5306387,0
324,36.94874454,116.5306387,0
325,36.94874454,116.5306387,0
326,36.94874454,116.5306387,0
327,36.94874454,116.5306387,0
328,36.94874454,116.5306387,0
329,36.94874454,116.5306387,0
330,36.94874454,116.5306387,0
331,36.94874454,119.3728494,0
332,36.94874454,119.3728494,0
333,36.94874454,119.3728494,0
334,36.94874454,119.3728494,0
335,36.94874454,119.3728494,0
336,36.94874454,119.3728494,0
337,36.94874454,119.3728494,0
338,36.94874454,119.3728494,0
339,36.94874454,119.3728494,0
340,36.94874454,119.3728494,0
341,36.94874454,119.3728494,0
342,36.94874454,119.3728494,0
343,36.94874454,122.2150601,0
344,36.94874454,122.2150601,0
345,36.94874454,122.2150601,0
346,36.94874454,122.2150601,0
347,36.94874454,122.2150601,0
348,34.10653342,122.2150601,0
349,34.10653342,122.2150601,0
350,34.10653342,122.2150601,0
351,34.10653342,122.2150601,0
352,34.10653342,122.2150601,0
353,34.10653342,122.2150601,0
354,34.10653342,122.2150601,0
355,34.10653342,122.2150601,0
356,34.10653342,122.2150601,0
357,34.10653342,122.2150601,0
358,34.10653342,122.2150601,0
359,31.2643223,122.2150601,0
360,31.2643223,122.2150601,0
361,31.2643223,127.8994815,0
362,31.2643223,127.8994815,0
363,31.2643223,127.8994815,0
364,31.2643223,127.8994815,0
365,31.2643223,127.8994815,0
366,31.2643223,127.8994815,0
367,31.2643223,127.8994815,0
368,31.2643223,127.8994815,0
369,31.2643223,127.8994815,0
370,31.2643223,127.8994815,0
371,31.2643223,127.8994815,0
372,31.2643223,127.8994815,0
373,31.2643223,127.8994815,0
374,31.2643223,127.8994815,0
375,31.2643223,127.8994815,0
376,31.2643223,127.8994815,0
377,31.2643223,133.5839029,0
378,31.2643223,133.5839029,0
379,31.2643223,133.5839029,0
380,31.2643223,133.5839029,0
381,31.2643223,133.5839029,0
382,31.2643223,133.5839029,0
383,31.2643223,133.5839029,0
384,31.2643223,133.5839029,0
385,31.2643223,133.5839029,0
386,31.2643223,133.5839029,0
387,31.2643223,133.5839029,0
388,31.2643223,133.5839029,0
389,31.2643223,133.5839029,0
390,31.2643223,133.5839029,0
391,31.2643223,133.5839029,0
392,31.2643223,133.5839029,0
393,31.2643223,133.5839029,0
394,31.2643223,133.5839029,0
395,31.2643223,133.5839029,0
396,31.2643223,133.5839029,0
397,28.42211117,133.5839029,0
398,28.42211117,133.5839029,0
399,28.42211117,133.5839029,0
400,36.94874454,142.110535,0
401,36.94874454,142.110535,0
402,36.94874454,142.110535,0
403,36.94874454,142.110535,0
404,36.94874454,142.110535,0
405,36.94874454,142.110535,0
406,36.94874454,142.110535,0
407,36.94874454,142.110535,0
408,42.63316679,142.110535,0
409,42.63316679,142.110535,0
410,42.63316679,142.110535,0
411,42.63316679,153.4793778,0
412,42.63316679,153.4793778,0
413,42.63316679,153.4793778,0
414,42.63316679,159.1637992,0
415,42.63316679,162.0060099,0
416,42.63316679,162.0060099,0
417,42.63316679,162.0060099,0
418,42.63316679,162.0060099,0
419,42.63316679,162.0060099,0
420,42.63316679,162.0060099,0
421,42.63316679,162.0060099,0
422,42.63316679,162.0060099,0
423,42.63316679,173.3748527,0
424,42.63316679,173.3748527,0
425,42.63316679,173.3748527,0
426,42.63316679,176.2170634,0
427,42.63316679,176.2170634,0
428,42.63316679,176.2170634,0
429,42.63316679,176.2170634,0
430,42.63316679,176.2170634,0
431,42.63316679,179.0592741,0
432,42.63316679,179.0592741,0
433,42.63316679,179.0592741,0
434,42.63316679,179.0592741,0
435,42.63316679,184.7436955,0
436,42.63316679,184.7436955,0
437,42.63316679,184.7436955,0
438,42.63316679,184.7436955,0
439,42.63316679,184.7436955,0
440,42.63316679,184.7436955,0
441,42.63316679,184.7436955,0
442,42.63316679,184.7436955,0
443,42.63316679,184.7436955,0
444,42.63316679,190.4281169,0
445,42.63316679,190.4281169,0
446,42.63316679,190.4281169,0
447,42.63316679,190.4281169,0
448,42.63316679,190.4281169,0
449,42.63316679,190.4281169,0
450,42.63316679,190.4281169,0
451,42.63316679,201.7969597,0
452,42.63316679,201.7969597,0
453,42.63316679,201.7969597,0
454,42.63316679,201.7969597,0
455,42.63316679,201.7969597,0
456,42.63316679,201.7969597,0
457,42.63316679,201.7969597,0
458,42.63316679,201.7969597,0
459,42.63316679,201.7969597,0
460,42.63316679,201.7969597,0
461,42.63316679,201.7969597,0
462,42.63316679,201.7969597,0
463,42.63316679,201.7969597,0
464,42.63316679,201.7969597,0
465,42.63316679,201.7969597,0
466,42.63316679,201.7969597,0
467,42.63316679,201.7969597,0
468,42.63316679,201.7969597,0
469,42.63316679,201.7969597,0
470,42.63316679,201.7969597,0
471,42.63316679,201.7969597,0
472,42.63316679,201.7969597,0
473,42.63316679,201.7969597,0
474,42.63316679,201.7969597,0
475,42.63316679,201.7969597,0
476,34.10653342,201.7969597,0
477,34.10653342,201.7969597,0
478,34.10653342,201.7969597,0
479,34.10653342,201.7969597,0
480,34.10653342,201.7969597,0
481,34.10653342,201.7969597,0
482,34.10653342,201.7969597,0
483,34.10653342,201.7969597,0
484,34.10653342,201.7969597,0
485,34.10653342,201.7969597,0
486,34.10653342,201.7969597,0
487,34.10653342,201.7969597,0
488,34.10653342,201.7969597,0
489,34.10653342,201.7969597,0
490,34.10653342,201.7969597,0
491,34.10653342,201.7969597,0
492,34.10653342,201.7969597,0
493,34.10653342,201.7969597,0
494,34.10653342,201.7969597,0
495,34.10653342,201.7969597,0
496,31.2643223,201.7969597,0
497,31.2643223,201.7969597,0
498,31.2643223,201.7969597,0
499,31.2643223,201.7969597,0
500,31.2643223,201.7969597,0
501,31.2643223,198.954749,0
502,31.2643223,198.954749,0
503,31.2643223,198.954749,0
504,31.2643223,198.954749,0
505,31.2643223,198.954749,0
506,31.2643223,198.954749,0
507,31.2643223,198.954749,0
508,31.2643223,198.954749,0
509,31.2643223,198.954749,0
510,31.2643223,198.954749,0
511,31.2643223,198.954749,0
512,31.2643223,198.954749,0
513,31.2643223,198.954749,0
514,31.2643223,198.954749,0
515,31.2643223,198.954749,0
516,31.2643223,198.954749,0
517,31.2643223,198.954749,0
518,31.2643223,198.954749,0
519,31.2643223,196.1125383,0
520,31.2643223,196.1125383,0
521,31.2643223,196.1125383,0
522,31.2643223,196.1125383,0
523,31.2643223,196.1125383,0
524,31.2643223,196.1125383,0
525,31.2643223,196.1125383,0
526,31.2643223,196.1125383,0
527,31.2643223,196.1125383,0
528,31.2643223,196.1125383,0
529,31.2643223,198.954749,0
530,31.2643223,198.954749,0
531,31.2643223,198.954749,0
532,31.2643223,198.954749,0
533,31.2643223,198.954749,0
534,31.2643223,198.954749,0
535,31.2643223,198.954749,0
536,34.10653342,198.954749,0
537,34.10653342,198.954749,0
538,34.10653342,198.954749,0
539,34.10653342,198.954749,0
540,34.10653342,198.954749,0
541,34.10653342,198.954749,0
542,34.10653342,198.954749,0
543,34.10653342,198.954749,0
544,34.10653342,198.954749,0
545,34.10653342,198.954749,0
546,34.10653342,198.954749,0
547,34.10653342,198.954749,0
548,34.10653342,198.954749,0
549,34.10653342,198.954749,0
550,34.10653342,198.954749,0
551,34.10653342,198.954749,0
552,34.10653342,198.954749,0
553,34.10653342,198.954749,0
554,34.10653342,201.7969597,0
555,34.10653342,201.7969597,0
556,34.10653342,201.7969597,0
557,34.10653342,201.7969597,0
558,34.10653342,201.7969597,0
559,34.10653342,201.7969597,0
560,34.10653342,201.7969597,0
561,34.10653342,201.7969597,0
562,34.10653342,201.7969597,0
563,34.10653342,201.7969597,0
564,34.10653342,201.7969597,0
565,34.10653342,201.7969597,0
566,34.10653342,201.7969597,0
567,34.10653342,201.7969597,0
568,34.10653342,201.7969597,0
569,34.10653342,201.7969597,0
570,34.10653342,201.7969597,0
571,34.10653342,201.7969597,0
572,34.10653342,201.7969597,0
573,34.10653342,201.7969597,0
574,34.10653342,201.7969597,0
575,34.10653342,201.7969597,0
576,34.10653342,201.7969597,0
577,34.10653342,201.7969597,0
578,34.10653342,201.7969597,0
579,34.10653342,201.7969597,0
580,34.10653342,201.7969597,0
581,34.10653342,201.7969597,0
582,34.10653342,201.7969597,0
583,34.10653342,201.7969597,0
584,34.10653342,201.7969597,0
585,34.10653342,201.7969597,0
586,31.2643223,201.7969597,0
587,31.2643223,201.7969597,0
588,31.2643223,201.7969597,0
589,31.2643223,201.7969597,0
590,31.2643223,201.7969597,0
591,31.2643223,201.7969597,0
592,31.2643223,201.7969597,0
593,31.2643223,201.7969597,0
594,31.2643223,201.7969597,0
595,31.2643223,201.7969597,0
596,31.2643223,201.7969597,0
597,31.2643223,201.7969597,0
598,31.2643223,201.7969597,0
599,31.2643223,201.7969597,0
600,31.2643223,201.7969597,0
601,31.2643223,201.7969597,0
602,31.2643223,201.7969597,0
603,31.2643223,201.7969597,0
604,31.2643223,198.954749,0
605,31.2643223,198.954749,0
606,31.2643223,198.954749,0
607,31.2643223,198.954749,0
608,31.2643223,198.954749,0
609,31.2643223,198.954749,0
610,31.2643223,198.954749,0
611,31.2643223,198.954749,0
612,31.2643223,198.954749,0
613,31.2643223,198.954749,0
614,31.2643223,198.954749,0
615,31.2643223,198.954749,0
616,31.2643223,198.954749,0
617,31.2643223,198.954749,0
618,31.2643223,198.954749,0
619,31.2643223,198.954749,0
620,31.2643223,198.954749,0
621,31.2643223,198.954749,0
622,31.2643223,198.954749,0
623,31.2643223,198.954749,0
624,31.2643223,198.954749,0
625,31.2643223,198.954749,0
626,31.2643223,198.954749,0
627,31.2643223,198.954749,0
628,31.2643223,198.954749,0
629,31.2643223,198.954749,0
630,31.2643223,198.954749,0
631,31.2643223,196.1125383,0
632,31.2643223,196.1125383,0
633,31.2643223,196.1125383,0
634,31.2643223,196.1125383,0
635,31.2643223,196.1125383,0
636,31.2643223,196.1125383,0
637,34.10653342,196.1125383,0
638,34.10653342,196.1125383,0
639,34.10653342,196.1125383,0
640,34.10653342,196.1125383,0
641,34.10653342,196.1125383,0
642,34.10653342,196.1125383,0
643,34.10653342,196.1125383,0
644,34.10653342,196.1125383,0
645,34.10653342,196.1125383,0
646,34.10653342,196.1125383,0
647,34.10653342,196.1125383,0
648,34.10653342,196.1125383,0
649,34.10653342,196.1125383,0
650,34.10653342,196.1125383,0
651,34.10653342,196.1125383,0
652,34.10653342,196.1125383,0
653,34.10653342,196.1125383,0
654,34.10653342,196.1125383,0
655,34.10653342,196.1125383,0
656,34.10653342,196.1125383,0
657,34.10653342,196.1125383,0
658,34.10653342,196.1125383,0
659,34.10653342,196.1125383,0
660,34.10653342,196.1125383,0
661,34.10653342,196.1125383,0
662,34.10653342,196.1125383,0
663,34.10653342,196.1125383,0
664,34.10653342,196.1125383,0
665,34.10653342,196.1125383,0
666,34.10653342,196.1125383,0
667,34.10653342,196.1125383,0
668,34.10653342,196.1125383,0
669,34.10653342,196.1125383,0
670,34.10653342,198.954749,0
671,34.10653342,198.954749,0
672,34.10653342,198.954749,0
673,34.10653342,198.954749,0
674,34.10653342,198.954749,0
675,34.10653342,198.954749,0
676,34.10653342,198.954749,0
677,34.10653342,198.954749,0
678,34.10653342,198.954749,0
679,34.10653342,198.954749,0
680,34.10653342,198.954749,0
681,34.10653342,198.954749,0
682,34.10653342,198.954749,0
683,34.10653342,201.7969597,0
684,34.10653342,201.7969597,0
685,34.10653342,201.7969597,0
686,34.10653342,201.7969597,0
687,34.10653342,201.7969597,0
688,34.10653342,201.7969597,0
689,34.10653342,201.7969597,0
690,34.10653342,201.7969597,0
691,34.10653342,201.7969597,0
692,34.10653342,201.7969597,0
693,34.10653342,201.7969597,0
694,34.10653342,201.7969597,0
695,34.10653342,201.7969597,0
696,34.10653342,201.7969597,0
697,34.10653342,201.7969597,0
698,34.10653342,201.7969597,0
699,34.10653342,201.7969597,0
700,34.10653342,201.7969597,0
701,34.10653342,201.7969597,0
702,34.10653342,201.7969597,0
703,34.10653342,201.7969597,0
704,34.10653342,201.7969597,0
705,34.10653342,201.7969597,0
706,34.10653342,201.7969597,0
707,34.10653342,201.7969597,0
708,34.10653342,201.7969597,0
709,34.10653342,201.7969597,0
710,34.10653342,201.7969597,0
711,34.10653342,201.7969597,0
712,34.10653342,201.7969597,0
713,34.10653342,201.7969597,0
714,34.10653342,201.7969597,0
715,34.10653342,201.7969597,0
716,34.10653342,201.7969597,0
717,34.10653342,201.7969597,0
718,34.10653342,201.7969597,0
719,34.10653342,201.7969597,0
720,34.10653342,201.7969597,0
721,34.10653342,201.7969597,0
722,34.10653342,201.7969597,0
723,34.10653342,201.7969597,0
724,34.10653342,201.7969597,0
725,34.10653342,201.7969597,0
726,31.2643223,201.7969597,0
727,31.2643223,201.7969597,0
728,31.2643223,201.7969597,0
729,31.2643223,201.7969597,0
730,31.2643223,201.7969597,0
731,31.2643223,201.7969597,0
732,31.2643223,201.7969597,0
733,31.2643223,198.954749,0
734,31.2643223,198.954749,0
735,31.2643223,198.954749,0
736,31.2643223,198.954749,0
737,31.2643223,198.954749,0
738,31.2643223,198.954749,0
739,31.2643223,198.954749,0
740,31.2643223,198.954749,0
741,31.2643223,198.954749,0
742,31.2643223,198.954749,0
743,31.2643223,198.954749,0
744,31.2643223,198.954749,0
745,31.2643223,198.954749,0
746,31.2643223,198.954749,0
747,31.2643223,198.954749,0
748,31.2643223,198.954749,0
749,31.2643223,198.954749,0
750,31.2643223,198.954749,0
751,31.2643223,198.954749,0
752,31.2643223,198.954749,0
753,31.2643223,198.954749,0
754,31.2643223,198.954749,0
755,31.2643223,198.954749,0
756,31.2643223,198.954749,0
757,31.2643223,198.954749,0
758,31.2643223,201.7969597,0
759,31.2643223,201.7969597,0
760,31.2643223,201.7969597,0
761,31.2643223,201.7969597,0
762,31.2643223,201.7969597,0
763,31.2643223,201.7969597,0
764,31.2643223,201.7969597,0
765,31.2643223,201.7969597,0
766,31.2643223,201.7969597,0
767,31.2643223,201.7969597,0
768,31.2643223,201.7969597,0
769,31.2643223,201.7969597,0
770,31.2643223,201.7969597,0
771,31.2643223,201.7969597,0
772,31.2643223,201.7969597,0
773,31.2643223,201.7969597,0
774,31.2643223,201.7969597,0
775,31.2643223,201.7969597,0
776,31.2643223,201.7969597,0
777,31.2643223,201.7969597,0
778,31.2643223,201.7969597,0
779,31.2643223,201.7969597,0
780,31.2643223,201.7969597,0
781,31.2643223,201.7969597,0
782,31.2643223,201.7969597,0
783,31.2643223,201.7969597,0
784,31.2643223,201.7969597,0
785,31.2643223,201.7969597,0
786,31.2643223,201.7969597,0
787,31.2643223,201.7969597,0
788,31.2643223,201.7969597,0
789,31.2643223,201.7969597,0
790,31.2643223,201.7969597,0
791,31.2643223,201.7969597,0
792,31.2643223,201.7969597,0
793,31.2643223,201.7969597,0
794,31.2643223,201.7969597,0
795,31.2643223,201.7969597,0
796,31.2643223,201.7969597,0
797,31.2643223,201.7969597,0
798,31.2643223,201.7969597,0
799,31.2643223,201.7969597,0
800,31.2643223,201.7969597,0
801,31.2643223,201.7969597,0
802,31.2643223,201.7969597,0
803,31.2643223,201.7969597,0
804,31.2643223,201.7969597,0
805,31.2643223,201.7969597,0
806,31.2643223,201.7969597,0
807,31.2643223,201.7969597,0
808,31.2643223,201.7969597,0
809,31.2643223,201.7969597,0
810,31.2643223,201.7969597,0
811,31.2643223,201.7969597,0
812,31.2643223,201.7969597,0
813,31.2643223,201.7969597,0
814,31.2643223,201.7969597,0
815,31.2643223,201.7969597,0
816,31.2643223,201.7969597,0
817,31.2643223,201.7969597,0
818,31.2643223,201.7969597,0
819,31.2643223,201.7969597,0
820,31.2643223,201.7969597,0
821,31.2643223,201.7969597,0
822,31.2643223,201.7969597,0
823,31.2643223,201.7969597,0
824,31.2643223,201.7969597,0
825,31.2643223,201.7969597,0
826,31.2643223,201.7969597,0
827,31.2643223,201.7969597,0
828,31.2643223,201.7969597,0
829,31.2643223,201.7969597,0
830,31.2643223,201.7969597,0
831,31.2643223,201.7969597,0
832,31.2643223,201.7969597,0
833,31.2643223,201.7969597,0
834,31.2643223,201.7969597,0
835,31.2643223,201.7969597,0
836,31.2643223,201.7969597,0
837,31.2643223,201.7969597,0
838,31.2643223,201.7969597,0
839,31.2643223,201.7969597,0
840,31.2643223,201.7969597,0
841,31.2643223,201.7969597,0
842,31.2643223,201.7969597,0
843,31.2643223,201.7969597,0
844,31.2643223,201.7969597,0
845,31.2643223,201.7969597,0
846,31.2643223,201.7969597,0
847,31.2643223,201.7969597,0
848,31.2643223,201.7969597,0
849,31.2643223,201.7969597,0
850,31.2643223,201.7969597,0
851,31.2643223,201.7969597,0
852,31.2643223,201.7969597,0
853,31.2643223,198.954749,0
854,31.2643223,198.954749,0
855,31.2643223,198.954749,0
856,31.2643223,198.954749,0
857,31.2643223,198.954749,0
858,31.2643223,198.954749,0
859,31.2643223,198.954749,0
860,31.2643223,198.954749,0
861,31.2643223,198.954749,0
862,31.2643223,198.954749,0
863,31.2643223,198.954749,0
864,31.2643223,198.954749,0
865,31.2643223,198.954749,0
866,31.2643223,198.954749,0
867,31.2643223,198.954749,0
868,31.2643223,198.954749,0
869,31.2643223,198.954749,0
870,31.2643223,198.954749,0
871,31.2643223,198.954749,0
872,31.2643223,198.954749,0
873,31.2643223,198.954749,0
874,31.2643223,198.954749,0
875,31.2643223,198.954749,0
876,31.2643223,198.954749,0
877,31.2643223,198.954749,0
878,31.2643223,198.954749,0
879,31.2643223,198.954749,0
880,31.2643223,198.954749,0
881,31.2643223,198.954749,0
882,31.2643223,198.954749,0
883,31.2643223,198.954749,0
884,31.2643223,198.954749,0
885,31.2643223,198.954749,0
886,31.2643223,198.954749,0
887,31.2643223,198.954749,0
888,31.2643223,201.7969597,0
889,31.2643223,201.7969597,0
890,31.2643223,201.7969597,0
891,31.2643223,201.7969597,0
892,31.2643223,201.7969597,0
893,31.2643223,201.7969597,0
894,31.2643223,201.7969597,0
895,31.2643223,201.7969597,0
896,31.2643223,201.7969597,0
897,31.2643223,201.7969597,0
898,31.2643223,201.7969597,0
899,31.2643223,201.7969597,0
900,31.2643223,201.7969597,0
901,31.2643223,201.7969597,0
902,31.2643223,201.7969597,0
903,31.2643223,201.7969597,0
904,31.2643223,201.7969597,0
905,31.2643223,201.7969597,0
906,31.2643223,201.7969597,0
907,31.2643223,201.7969597,0
908,31.2643223,201.7969597,0
909,31.2643223,201.7969597,0
910,31.2643223,201.7969597,0
911,31.2643223,201.7969597,0
912,31.2643223,201.7969597,0
913,31.2643223,201.7969597,0
914,31.2643223,201.7969597,0
915,31.2643223,201.7969597,0
916,31.2643223,201.7969597,0
917,31.2643223,201.7969597,0
918,31.2643223,201.7969597,0
919,31.2643223,201.7969597,0
920,31.2643223,201.7969597,0
921,31.2643223,201.7969597,0
922,31.2643223,201.7969597,0
923,31.2643223,201.7969597,0
924,31.2643223,201.7969597,0
925,31.2643223,201.7969597,0
926,31.2643223,201.7969597,0
927,31.2643223,201.7969597,0
928,31.2643223,201.7969597,0
929,31.2643223,201.7969597,0
930,31.2643223,201.7969597,0
931,31.2643223,201.7969597,0
932,31.2643223,201.7969597,0
933,31.2643223,201.7969597,0
934,31.2643223,201.7969597,0
935,31.2643223,201.7969597,0
936,31.2643223,201.7969597,0
937,31.2643223,201.7969597,0
938,31.2643223,198.954749,0
939,31.2643223,198.954749,0
940,31.2643223,198.954749,0
941,31.2643223,198.954749,0
942,31.2643223,198.954749,0
943,31.2643223,198.954749,0
944,31.2643223,198.954749,0
945,31.2643223,198.954749,0
946,31.2643223,198.954749,0
947,31.2643223,198.954749,0
948,31.2643223,201.7969597,0
949,31.2643223,201.7969597,0
950,31.2643223,201.7969597,0
951,31.2643223,201.7969597,0
952,31.2643223,201.7969597,0
953,31.2643223,201.7969597,0
954,31.2643223,201.7969597,0
955,31.2643223,201.7969597,0
956,31.2643223,201.7969597,0
957,31.2643223,201.7969597,0
958,31.2643223,201.7969597,0
959,31.2643223,201.7969597,0
960,31.2643223,201.7969597,0
961,31.2643223,201.7969597,0
962,31.2643223,201.7969597,0
963,31.2643223,201.7969597,0
964,31.2643223,201.7969597,0
965,31.2643223,201.7969597,0
966,31.2643223,201.7969597,0
967,31.2643223,201.7969597,0
968,31.2643223,201.7969597,0
969,31.2643223,201.7969597,0
970,31.2643223,201.7969597,0
971,31.2643223,201.7969597,0
972,31.2643223,201.7969597,0
973,31.2643223,201.7969597,0
974,31.2643223,201.7969597,0
975,31.2643223,201.7969597,0
976,31.2643223,201.7969597,0
977,31.2643223,201.7969597,0
978,31.2643223,201.7969597,0
979,31.2643223,201.7969597,0
980,31.2643223,201.7969597,0
981,31.2643223,201.7969597,0
982,31.2643223,201.7969597,0
983,31.2643223,201.7969597,0
984,31.2643223,201.7969597,0
985,31.2643223,201.7969597,0
986,31.2643223,201.7969597,0
987,31.2643223,201.7969597,0
988,31.2643223,201.7969597,0
989,31.2643223,201.7969597,0
990,31.2643223,201.7969597,0
991,31.2643223,201.7969597,0
992,31.2643223,201.7969597,0
993,31.2643223,201.7969597,0
994,31.2643223,201.7969597,0
995,31.2643223,201.7969597,0
996,31.2643223,201.7969597,0
997,31.2643223,201.7969597,0
998,31.2643223,201.7969597,0
999,31.2643223,201.7969597,0
1000,31.2643223,201.7969597,0
1001,31.2643223,201.7969597,0
1002,31.2643223,201.7969597,0
1003,31.2643223,201.7969597,0
1004,31.2643223,201.7969597,0
1005,31.2643223,201.7969597,0
1006,31.2643223,201.7969597,0
1007,31.2643223,201.7969597,0
1008,31.2643223,201.7969597,0
1009,31.2643223,201.7969597,0
1010,31.2643223,201.7969597,0
1011,31.2643223,201.7969597,0
1012,31.2643223,201.7969597,0
1013,31.2643223,201.7969597,0
1014,31.2643223,201.7969597,0
1015,31.2643223,201.7969597,0
1016,31.2643223,201.7969597,0
1017,31.2643223,201.7969597,0
1018,31.2643223,201.7969597,0
1019,31.2643223,201.7969597,0
1020,31.2643223,201.7969597,0
1021,31.2643223,201.7969597,0
1022,31.2643223,201.7969597,0
1023,31.2643223,198.954749,0
1024,31.2643223,198.954749,0
1025,31.2643223,198.954749,0
1026,31.2643223,198.954749,0
1027,31.2643223,198.954749,0
1028,31.2643223,198.954749,0
1029,31.2643223,198.954749,0
1030,31.2643223,198.954749,0
1031,31.2643223,198.954749,0
1032,31.2643223,198.954749,0
1033,31.2643223,198.954749,0
1034,31.2643223,198.954749,0
1035,31.2643223,198.954749,0
1036,31.2643223,198.954749,0
1037,31.2643223,198.954749,0
1038,31.2643223,198.954749,0
1039,31.2643223,198.954749,0
1040,31.2643223,198.954749,0
1041,31.2643223,198.954749,0
1042,31.2643223,198.954749,0
1043,31.2643223,198.954749,0
1044,31.2643223,198.954749,0
1045,31.2643223,198.954749,0
1046,31.2643223,198.954749,0
1047,31.2643223,198.954749,0
1048,31.2643223,198.954749,0
1049,31.2643223,198.954749,0
1050,31.2643223,198.954749,0
1051,31.2643223,198.954749,0
1052,31.2643223,198.954749,0
1053,31.2643223,198.954749,0
1054,31.2643223,198.954749,0
1055,31.2643223,198.954749,0
1056,31.2643223,198.954749,0
1057,31.2643223,198.954749,0
1058,31.2643223,198.954749,0
1059,31.2643223,198.954749,0
1060,31.2643223,198.954749,0
1061,31.2643223,198.954749,0
1062,31.2643223,198.954749,0
1063,31.2643223,198.954749,0
1064,31.2643223,198.954749,0
1065,31.2643223,198.954749,0
1066,31.2643223,198.954749,0
1067,31.2643223,198.954749,0
1068,31.2643223,198.954749,0
1069,31.2643223,198.954749,0
1070,31.2643223,198.954749,0
1071,31.2643223,198.954749,0
1072,31.2643223,198.954749,0
1073,31.2643223,198.954749,0
1074,31.2643223,198.954749,0
1075,31.2643223,198.954749,0
1076,31.2643223,198.954749,0
1077,31.2643223,198.954749,0
1078,31.2643223,198.954749,0
1079,31.2643223,198.954749,0
1080,31.2643223,198.954749,0
1081,31.2643223,198.954749,0
1082,31.2643223,198.954749,0
1083,31.2643223,198.954749,0
1084,31.2643223,198.954749,0
1085,31.2643223,198.954749,0
1086,28.42211117,198.954749,0
1087,28.42211117,198.954749,0
1088,28.42211117,198.954749,0
1089,28.42211117,198.954749,0
1090,28.42211117,198.954749,0
1091,28.42211117,198.954749,0
1092,28.42211117,198.954749,0
1093,28.42211117,198.954749,0
1094,28.42211117,198.954749,0
1095,28.42211117,198.954749,0
1096,28.42211117,198.954749,0
1097,28.42211117,198.954749,0
1098,28.42211117,198.954749,0
1099,28.42211117,198.954749,0
1100,28.42211117,198.954749,0
1101,28.42211117,198.954749,0
1102,28.42211117,198.954749,0
1103,28.42211117,198.954749,0
1104,28.42211117,198.954749,0
1105,28.42211117,198.954749,0
1106,28.42211117,198.954749,0
1107,28.42211117,198.954749,0
1108,28.42211117,198.954749,0
1109,28.42211117,198.954749,0
1110,28.42211117,198.954749,0
1111,28.42211117,198.954749,0
1112,28.42211117,198.954749,0
1113,28.42211117,198.954749,0
1114,28.42211117,198.954749,0
1115,28.42211117,198.954749,0
1116,28.42211117,198.954749,0
1117,28.42211117,198.954749,0
1118,28.42211117,198.954749,0
1119,28.42211117,198.954749,0
1120,28.42211117,198.954749,0
1121,28.42211117,198.954749,0
1122,28.42211117,198.954749,0
1123,28.42211117,198.954749,0
1124,28.42211117,198.954749,0
1125,28.42211117,198.954749,0
1126,28.42211117,198.954749,0
1127,28.42211117,198.954749,0
1128,28.42211117,198.954749,0
1129,28.42211117,198.954749,0
1130,28.42211117,201.7969597,0
1131,28.42211117,201.7969597,0
1132,28.42211117,201.7969597,0
1133,28.42211117,201.7969597,0
1134,28.42211117,201.7969597,0
1135,28.42211117,201.7969597,0
1136,28.42211117,201.7969597,0
1137,28.42211117,201.7969597,0
1138,28.42211117,201.7969597,0
1139,28.42211117,201.7969597,0
1140,28.42211117,201.7969597,0
1141,28.42211117,201.7969597,0
1142,28.42211117,201.7969597,0
1143,28.42211117,201.7969597,0
1144,28.42211117,201.7969597,0
1145,28.42211117,201.7969597,0
1146,28.42211117,201.7969597,0
1147,28.42211117,201.7969597,0
1148,28.42211117,201.7969597,0
1149,28.42211117,201.7969597,0
1150,31.2643223,201.7969597,0
1151,31.2643223,201.7969597,0
1152,31.2643223,201.7969597,0
1153,31.2643223,201.7969597,0
1154,31.2643223,201.7969597,0
1155,31.2643223,201.7969597,0
1156,31.2643223,201.7969597,0
1157,31.2643223,201.7969597,0
1158,31.2643223,201.7969597,0
1159,31.2643223,201.7969597,0
1160,31.2643223,201.7969597,0
1161,31.2643223,201.7969597,0
1162,31.2643223,201.7969597,0
1163,31.2643223,201.7969597,0
1164,31.2643223,201.7969597,0
1165,31.2643223,201.7969597,0
1166,31.2643223,201.7969597,0
1167,31.2643223,201.7969597,0
1168,31.2643223,201.7969597,0
1169,31.2643223,201.7969597,0
1170,31.2643223,201.7969597,0
1171,31.2643223,201.7969597,0
1172,31.2643223,201.7969597,0
1173,31.2643223,201.7969597,0
1174,31.2643223,201.7969597,0
1175,31.2643223,201.7969597,0
1176,31.2643223,201.7969597,0
1177,31.2643223,201.7969597,0
1178,31.2643223,201.7969597,0
1179,31.2643223,201.7969597,0
1180,31.2643223,201.7969597,0
1181,31.2643223,201.7969597,0
1182,31.2643223,201.7969597,0
1183,31.2643223,201.7969597,0
1184,31.2643223,201.7969597,0
1185,31.2643223,201.7969597,0
1186,31.2643223,201.7969597,0
1187,31.2643223,201.7969597,0
1188,31.2643223,201.7969597,0
1189,31.2643223,201.7969597,0
1190,31.2643223,198.954749,0
1191,31.2643223,198.954749,0
1192,31.2643223,198.954749,0
1193,31.2643223,198.954749,0
1194,31.2643223,198.954749,0
1195,31.2643223,198.954749,0
1196,31.2643223,198.954749,0
1197,31.2643223,198.954749,0
1198,31.2643223,198.954749,0
1199,31.2643223,198.954749,0
1200,31.2643223,198.954749,0
1201,31.2643223,198.954749,0
1202,31.2643223,198.954749,0
1203,31.2643223,198.954749,0
1204,31.2643223,198.954749,0
1205,31.2643223,198.954749,0
1206,31.2643223,198.954749,0
1207,31.2643223,201.7969597,0
1208,31.2643223,201.7969597,0
1209,31.2643223,201.7969597,0
1210,31.2643223,201.7969597,0
1211,31.2643223,201.7969597,0
1212,31.2643223,201.7969597,0
1213,31.2643223,201.7969597,0
1214,31.2643223,201.7969597,0
1215,31.2643223,201.7969597,0
1216,31.2643223,201.7969597,0
1217,31.2643223,201.7969597,0
1218,31.2643223,201.7969597,0
1219,31.2643223,201.7969597,0
1220,31.2643223,201.7969597,0
1221,31.2643223,201.7969597,0
1222,31.2643223,201.7969597,0
1223,31.2643223,201.7969597,0
1224,31.2643223,201.7969597,0
1225,31.2643223,201.7969597,0
1226,31.2643223,201.7969597,0
1227,31.2643223,201.7969597,0
1228,31.2643223,201.7969597,0
1229,31.2643223,201.7969597,0
1230,31.2643223,201.7969597,0
1231,31.2643223,201.7969597,0
1232,31.2643223,201.7969597,0
1233,31.2643223,201.7969597,0
1234,31.2643223,201.7969597,0
1235,31.2643223,201.7969597,0
1236,31.2643223,201.7969597,0
1237,31.2643223,201.7969597,0
1238,31.2643223,201.7969597,0
1239,31.2643223,201.7969597,0
1240,31.2643223,201.7969597,0
1241,31.2643223,201.7969597,0
1242,31.2643223,201.7969597,0
1243,31.2643223,201.7969597,0
1244,31.2643223,201.7969597,0
1245,31.2643223,201.7969597,0
1246,31.2643223,201.7969597,0
1247,31.2643223,201.7969597,0
1248,31.2643223,201.7969597,0
1249,31.2643223,201.7969597,0
1250,31.2643223,201.7969597,0
1251,31.2643223,201.7969597,0
1252,31.2643223,201.7969597,0
1253,31.2643223,201.7969597,0
1254,31.2643223,201.7969597,0
1255,31.2643223,201.7969597,0
1256,31.2643223,201.7969597,0
1257,31.2643223,198.954749,0
1258,31.2643223,198.954749,0
1259,31.2643223,198.954749,0
1260,31.2643223,198.954749,0
1261,31.2643223,198.954749,0
1262,31.2643223,198.954749,0
1263,31.2643223,198.954749,0
1264,31.2643223,198.954749,0
1265,31.2643223,198.954749,0
1266,31.2643223,198.954749,0
1267,31.2643223,198.954749,0
1268,31.2643223,198.954749,0
1269,31.2643223,198.954749,0
1270,31.2643223,198.954749,0
1271,31.2643223,198.954749,0
1272,31.2643223,198.954749,0
1273,31.2643223,198.954749,0
1274,31.2643223,198.954749,0
1275,31.2643223,198.954749,0
1276,31.2643223,198.954749,0
1277,31.2643223,198.954749,0
1278,31.2643223,198.954749,0
1279,31.2643223,198.954749,0
1280,31.2643223,198.954749,0
1281,31.2643223,198.954749,0
1282,31.2643223,198.954749,0
1283,31.2643223,198.954749,0
1284,31.2643223,198.954749,0
1285,31.2643223,198.954749,0
1286,31.2643223,198.954749,0
1287,31.2643223,198.954749,0
1288,31.2643223,198.954749,0
1289,31.2643223,198.954749,0
1290,31.2643223,198.954749,0
1291,31.2643223,198.954749,0
1292,31.2643223,198.954749,0
1293,31.2643223,198.954749,0
1294,31.2643223,198.954749,0
1295,31.2643223,198.954749,0
1296,31.2643223,198.954749,0
1297,31.2643223,198.954749,0
1298,31.2643223,198.954749,0
1299,31.2643223,198.954749,0
1300,31.2643223,198.954749,0
1301,31.2643223,198.954749,0
1302,31.2643223,198.954749,0
1303,31.2643223,198.954749,0
1304,31.2643223,198.954749,0
1305,31.2643223,198.954749,0
1306,31.2643223,198.954749,0
1307,31.2643223,198.954749,0
1308,31.2643223,198.954749,0
1309,31.2643223,198.954749,0
1310,31.2643223,198.954749,0
1311,31.2643223,198.954749,0
1312,31.2643223,198.954749,0
1313,31.2643223,198.954749,0
1314,31.2643223,198.954749,0
1315,31.2643223,198.954749,0
1316,31.2643223,198.954749,0
1317,31.2643223,198.954749,0
1318,31.2643223,198.954749,0
1319,31.2643223,198.954749,0
1320,31.2643223,198.954749,0
1321,31.2643223,198.954749,0
1322,31.2643223,198.954749,0
1323,31.2643223,198.954749,0
1324,31.2643223,198.954749,0
1325,31.2643223,198.954749,0
1326,31.2643223,198.954749,0
1327,31.2643223,198.954749,0
1328,31.2643223,198.954749,0
1329,31.2643223,198.954749,0
1330,31.2643223,198.954749,0
1331,31.2643223,198.954749,0
1332,31.2643223,198.954749,0
1333,31.2643223,198.954749,0
1334,31.2643223,198.954749,0
1335,31.2643223,198.954749,0
1336,31.2643223,198.954749,0
1337,31.2643223,198.954749,0
1338,31.2643223,198.954749,0
1339,31.2643223,198.954749,0
1340,31.2643223,198.954749,0
1341,31.2643223,198.954749,0
1342,31.2643223,198.954749,0
1343,31.2643223,198.954749,0
1344,31.2643223,198.954749,0
1345,31.2643223,198.954749,0
1346,31.2643223,198.954749,0
1347,31.2643223,198.954749,0
1348,31.2643223,198.954749,0
1349,31.2643223,198.954749,0
1350,31.2643223,198.954749,0
1351,31.2643223,198.954749,0
1352,31.2643223,198.954749,0
1353,31.2643223,198.954749,0
1354,31.2643223,198.954749,0
1355,31.2643223,198.954749,0
1356,31.2643223,198.954749,0
1357,31.2643223,198.954749,0
1358,31.2643223,198.954749,0
1359,31.2643223,198.954749,0
1360,31.2643223,198.954749,0
1361,31.2643223,198.954749,0
1362,31.2643223,198.954749,0
1363,31.2643223,198.954749,0
1364,31.2643223,198.954749,0
1365,31.2643223,198.954749,0
1366,31.2643223,198.954749,0
1367,31.2643223,198.954749,0
1368,31.2643223,198.954749,0
1369,31.2643223,198.954749,0
1370,31.2643223,198.954749,0
1371,31.2643223,198.954749,0
1372,31.2643223,198.954749,0
1373,31.2643223,198.954749,0
1374,31.2643223,198.954749,0
1375,31.2643223,198.954749,0
1376,31.2643223,198.954749,0
1377,31.2643223,198.954749,0
1378,31.2643223,198.954749,0
1379,31.2643223,198.954749,0
1380,31.2643223,198.954749,0
1381,31.2643223,198.954749,0
1382,31.2643223,198.954749,0
1383,31.2643223,198.954749,0
1384,28.42211117,198.954749,0
1385,28.42211117,198.954749,0
1386,28.42211117,198.954749,0
1387,28.42211117,198.954749,0
1388,31.2643223,198.954749,0
1389,31.2643223,198.954749,0
1390,31.2643223,198.954749,0
1391,31.2643223,198.954749,0
1392,31.2643223,198.954749,0
1393,31.2643223,198.954749,0
1394,31.2643223,198.954749,0
1395,31.2643223,198.954749,0
1396,31.2643223,198.954749,0
1397,31.2643223,198.954749,0
1398,31.2643223,198.954749,0
1399,31.2643223,198.954749,0
1400,31.2643223,198.954749,0
1401,31.2643223,198.954749,0
1402,31.2643223,198.954749,0
1403,31.2643223,198.954749,0
1404,31.2643223,198.954749,0
1405,31.2643223,198.954749,0
1406,31.2643223,198.954749,0
1407,31.2643223,198.954749,0
1408,31.2643223,198.954749,0
1409,31.2643223,198.954749,0
1410,31.2643223,198.954749,0
1411,31.2643223,198.954749,0
1412,31.2643223,198.954749,0
1413,31.2643223,198.954749,0
1414,31.2643223,198.954749,0
1415,31.2643223,198.954749,0
1416,31.2643223,198.954749,0
1417,31.2643223,198.954749,0
1418,31.2643223,198.954749,0
1419,31.2643223,198.954749,0
1420,31.2643223,198.954749,0
1421,31.2643223,198.954749,0
1422,31.2643223,198.954749,0
1423,31.2643223,198.954749,0
1424,31.2643223,198.954749,0
1425,31.2643223,198.954749,0
1426,31.2643223,198.954749,0
1427,31.2643223,198.954749,0
1428,31.2643223,198.954749,0
1429,31.2643223,198.954749,0
1430,31.2643223,198.954749,0
1431,31.2643223,198.954749,0
1432,31.2643223,198.954749,0
1433,31.2643223,198.954749,0
1434,31.2643223,198.954749,0
1435,31.2643223,198.954749,0
1436,31.2643223,198.954749,0
1437,31.2643223,198.954749,0
1438,31.2643223,198.954749,0
1439,31.2643223,198.954749,0
1440,31.2643223,198.954749,0
1441,31.2643223,198.954749,0
1442,31.2643223,198.954749,0
1443,31.2643223,198.954749,0
1444,31.2643223,198.954749,0
1445,31.2643223,198.954749,0
1446,31.2643223,198.954749,0
1447,31.2643223,198.954749,0
1448,31.2643223,198.954749,0
1449,31.2643223,198.954749,0
1450,31.2643223,198.954749,0
1451,31.2643223,198.954749,0
1452,31.2643223,198.954749,0
1453,31.2643223,198.954749,0
1454,31.2643223,198.954749,0
1455,31.2643223,198.954749,0
1456,31.2643223,198.954749,0
1457,31.2643223,198.954749,0
1458,31.2643223,198.954749,0
1459,31.2643223,198.954749,0
1460,31.2643223,198.954749,0
1461,31.2643223,198.954749,0
1462,31.2643223,198.954749,0
1463,31.2643223,198.954749,0
1464,31.2643223,198.954749,0
1465,31.2643223,198.954749,0
1466,31.2643223,198.954749,0
1467,31.2643223,198.954749,0
1468,31.2643223,198.954749,0
1469,31.2643223,198.954749,0
1470,31.2643223,198.954749,0
1471,31.2643223,198.954749,0
1472,31.2643223,198.954749,0
1473,31.2643223,198.954749,0
1474,31.2643223,198.954749,0
1475,31.2643223,198.954749,0
1476,31.2643223,198.954749,0
1477,31.2643223,198.954749,0
1478,31.2643223,198.954749,0
1479,31.2643223,198.954749,0
1480,31.2643223,198.954749,0
1481,31.2643223,198.954749,0
1482,31.2643223,198.954749,0
1483,31.2643223,198.954749,0
1484,31.2643223,198.954749,0
1485,31.2643223,198.954749,0
1486,31.2643223,198.954749,0
1487,31.2643223,198.954749,0
1488,31.2643223,198.954749,0
1489,31.2643223,198.954749,0
1490,31.2643223,198.954749,0
1491,31.2643223,198.954749,0
1492,31.2643223,198.954749,0
1493,31.2643223,198.954749,0
1494,31.2643223,198.954749,0
1495,31.2643223,198.954749,0
1496,31.2643223,198.954749,0
1497,31.2643223,198.954749,0
1498,31.2643223,198.954749,0
1499,31.2643223,198.954749,0
1500,31.2643223,198.954749,0
1501,31.2643223,198.954749,0
1502,31.2643223,198.954749,0
1503,31.2643223,198.954749,0
1504,31.2643223,198.954749,0
1505,31.2643223,198.954749,0
1506,31.2643223,198.954749,0
1507,31.2643223,198.954749,0
1508,31.2643223,198.954749,0
1509,31.2643223,198.954749,0
1510,31.2643223,198.954749,0
1511,31.2643223,198.954749,0
1512,31.2643223,198.954749,0
1513,31.2643223,198.954749,0
1514,31.2643223,196.1125383,0
1515,31.2643223,196.1125383,0
1516,31.2643223,196.1125383,0
1517,31.2643223,196.1125383,0
1518,31.2643223,196.1125383,0
1519,31.2643223,196.1125383,0
1520,31.2643223,196.1125383,0
1521,31.2643223,196.1125383,0
1522,31.2643223,196.1125383,0
1523,31.2643223,196.1125383,0
1524,31.2643223,198.954749,0
1525,31.2643223,198.954749,0
1526,31.2643223,198.954749,0
1527,31.2643223,198.954749,0
1528,31.2643223,198.954749,0
1529,31.2643223,198.954749,0
1530,31.2643223,198.954749,0
1531,31.2643223,198.954749,0
1532,31.2643223,198.954749,0
1533,31.2643223,198.954749,0
1534,31.2643223,198.954749,0
1535,31.2643223,198.954749,0
1536,31.2643223,198.954749,0
1537,31.2643223,198.954749,0
1538,31.2643223,198.954749,0
1539,31.2643223,198.954749,0
1540,31.2643223,198.954749,0
1541,31.2643223,198.954749,0
1542,31.2643223,198.954749,0
1543,31.2643223,198.954749,0
1544,31.2643223,198.954749,0
1545,31.2643223,198.954749,0
1546,31.2643223,198.954749,0
1547,31.2643223,198.954749,0
1548,31.2643223,198.954749,0
1549,31.2643223,198.954749,0
1550,31.2643223,198.954749,0
1551,31.2643223,198.954749,0
1552,31.2643223,198.954749,0
1553,31.2643223,198.954749,0
1554,31.2643223,198.954749,0
1555,31.2643223,198.954749,0
1556,31.2643223,198.954749,0
1557,31.2643223,198.954749,0
1558,31.2643223,198.954749,0
1559,31.2643223,198.954749,0
1560,31.2643223,198.954749,0
1561,31.2643223,198.954749,0
1562,31.2643223,198.954749,0
1563,31.2643223,198.954749,0
1564,31.2643223,198.954749,0
1565,31.2643223,198.954749,0
1566,31.2643223,198.954749,0
1567,31.2643223,198.954749,0
1568,31.2643223,198.954749,0
1569,31.2643223,198.954749,0
1570,31.2643223,198.954749,0
1571,31.2643223,198.954749,0
1572,31.2643223,198.954749,0
1573,31.2643223,198.954749,0
1574,31.2643223,198.954749,0
1575,31.2643223,198.954749,0
1576,31.2643223,198.954749,0
1577,31.2643223,198.954749,0
1578,31.2643223,198.954749,0
1579,31.2643223,198.954749,0
1580,31.2643223,198.954749,0
1581,31.2643223,198.954749,0
1582,31.2643223,198.954749,0
1583,31.2643223,198.954749,0
1584,31.2643223,198.954749,0
1585,31.2643223,198.954749,0
1586,31.2643223,198.954749,0
1587,31.2643223,198.954749,0
1588,31.2643223,198.954749,0
1589,31.2643223,198.954749,0
1590,31.2643223,198.954749,0
1591,31.2643223,198.954749,0
1592,31.2643223,198.954749,0
1593,31.2643223,198.954749,0
1594,31.2643223,198.954749,0
1595,31.2643223,198.954749,0
1596,31.2643223,198.954749,0
1597,31.2643223,198.954749,0
1598,31.2643223,198.954749,0
1599,31.2643223,198.954749,0
1600,31.2643223,198.954749,0
1601,31.2643223,198.954749,0
1602,31.2643223,198.954749,0
1603,31.2643223,198.954749,0
1604,31.2643223,198.954749,0
1605,31.2643223,198.954749,0
1606,31.2643223,198.954749,0
1607,31.2643223,198.954749,0
1608,31.2643223,198.954749,0
1609,31.2643223,198.954749,0
1610,31.2643223,198.954749,0
1611,31.2643223,198.954749,0
1612,31.2643223,198.954749,0
1613,31.2643223,198.954749,0
1614,31.2643223,198.954749,0
1615,31.2643223,198.954749,0
1616,31.2643223,198.954749,0
1617,31.2643223,198.954749,0
1618,31.2643223,196.1125383,0
1619,31.2643223,196.1125383,0
1620,31.2643223,196.1125383,0
1621,31.2643223,201.7969597,0
1622,31.2643223,201.7969597,0
1623,31.2643223,201.7969597,0
1624,31.2643223,201.7969597,0
1625,31.2643223,201.7969597,0
1626,31.2643223,201.7969597,0
1627,31.2643223,201.7969597,0
1628,31.2643223,201.7969597,0
1629,31.2643223,201.7969597,0
1630,31.2643223,201.7969597,0
1631,31.2643223,201.7969597,0
1632,31.2643223,201.7969597,0
1633,31.2643223,201.7969597,0
1634,31.2643223,201.7969597,0
1635,31.2643223,201.7969597,0
1636,31.2643223,201.7969597,0
1637,31.2643223,201.7969597,0
1638,31.2643223,201.7969597,0
1639,31.2643223,201.7969597,0
1640,31.2643223,201.7969597,0
1641,31.2643223,201.7969597,0
1642,31.2643223,201.7969597,0
1643,31.2643223,201.7969597,0
1644,31.2643223,201.7969597,0
1645,31.2643223,201.7969597,0
1646,31.2643223,201.7969597,0
1647,31.2643223,201.7969597,0
1648,31.2643223,201.7969597,0
1649,31.2643223,201.7969597,0
1650,31.2643223,201.7969597,0
1651,31.2643223,201.7969597,0
1652,31.2643223,201.7969597,0
1653,31.2643223,201.7969597,0
1654,31.2643223,201.7969597,0
1655,31.2643223,201.7969597,0
1656,31.2643223,201.7969597,0
1657,31.2643223,201.7969597,0
1658,31.2643223,201.7969597,0
1659,31.2643223,201.7969597,0
1660,31.2643223,201.7969597,0
1661,31.2643223,201.7969597,0
1662,31.2643223,201.7969597,0
1663,31.2643223,201.7969597,0
1664,31.2643223,201.7969597,0
1665,31.2643223,201.7969597,0
1666,31.2643223,201.7969597,0
1667,31.2643223,201.7969597,0
1668,31.2643223,201.7969597,0
1669,31.2643223,201.7969597,0
1670,31.2643223,201.7969597,0
1671,31.2643223,198.954749,0
1672,31.2643223,198.954749,0
1673,31.2643223,198.954749,0
1674,31.2643223,198.954749,0
1675,31.2643223,198.954749,0
1676,31.2643223,198.954749,0
1677,31.2643223,198.954749,0
1678,31.2643223,198.954749,0
1679,31.2643223,201.7969597,0
1680,31.2643223,201.7969597,0
1681,31.2643223,201.7969597,0
1682,31.2643223,201.7969597,0
1683,31.2643223,201.7969597,0
1684,31.2643223,201.7969597,0
1685,31.2643223,201.7969597,0
1686,31.2643223,201.7969597,0
1687,31.2643223,201.7969597,0
1688,31.2643223,201.7969597,0
1689,31.2643223,201.7969597,0
1690,31.2643223,201.7969597,0
1691,31.2643223,201.7969597,0
1692,31.2643223,201.7969597,0
1693,31.2643223,201.7969597,0
1694,31.2643223,201.7969597,0
1695,31.2643223,201.7969597,0
1696,31.2643223,201.7969597,0
1697,31.2643223,201.7969597,0
1698,31.2643223,201.7969597,0
1699,31.2643223,201.7969597,0
1700,31.2643223,201.7969597,0
1701,31.2643223,201.7969597,0
1702,31.2643223,201.7969597,0
1703,31.2643223,201.7969597,0
1704,31.2643223,201.7969597,0
1705,31.2643223,201.7969597,0
1706,31.2643223,201.7969597,0
1707,31.2643223,201.7969597,0
1708,31.2643223,201.7969597,0
1709,31.2643223,201.7969597,0
1710,31.2643223,201.7969597,0
1711,31.2643223,201.7969597,0
1712,31.2643223,201.7969597,0
1713,31.2643223,201.7969597,0
1714,31.2643223,201.7969597,0
1715,31.2643223,201.7969597,0
1716,31.2643223,201.7969597,0
1717,31.2643223,201.7969597,0
1718,31.2643223,201.7969597,0
1719,31.2643223,201.7969597,0
1720,31.2643223,201.7969597,0
1721,31.2643223,201.7969597,0
1722,31.2643223,201.7969597,0
1723,31.2643223,201.7969597,0
1724,31.2643223,201.7969597,0
1725,31.2643223,201.7969597,0
1726,31.2643223,201.7969597,0
1727,31.2643223,201.7969597,0
1728,31.2643223,201.7969597,0
1729,31.2643223,198.954749,0
1730,31.2643223,198.954749,0
1731,31.2643223,198.954749,0
1732,31.2643223,198.954749,0
1733,31.2643223,198.954749,0
1734,31.2643223,198.954749,0
1735,31.2643223,198.954749,0
1736,31.2643223,198.954749,0
1737,31.2643223,198.954749,0
1738,31.2643223,198.954749,0
1739,31.2643223,198.954749,0
1740,31.2643223,198.954749,0
1741,31.2643223,198.954749,0
1742,31.2643223,198.954749,0
1743,31.2643223,198.954749,0
1744,31.2643223,198.954749,0
1745,31.2643223,196.1125383,0
1746,31.2643223,196.1125383,0
1747,31.2643223,196.1125383,0
1748,31.2643223,196.1125383,0
1749,31.2643223,196.1125383,0
1750,31.2643223,196.1125383,0
1751,31.2643223,196.1125383,0
1752,31.2643223,198.954749,0
1753,31.2643223,198.954749,0
1754,31.2643223,198.954749,0
1755,31.2643223,198.954749,0
1756,31.2643223,198.954749,0
1757,31.2643223,198.954749,0
1758,31.2643223,198.954749,0
1759,31.2643223,198.954749,0
1760,31.2643223,198.954749,0
1761,31.2643223,198.954749,0
1762,31.2643223,198.954749,0
1763,31.2643223,198.954749,0
1764,31.2643223,198.954749,0
1765,31.2643223,198.954749,0
1766,31.2643223,198.954749,0
1767,31.2643223,198.954749,0
1768,31.2643223,198.954749,0
1769,31.2643223,198.954749,0
1770,31.2643223,198.954749,0
1771,31.2643223,198.954749,0
1772,31.2643223,198.954749,0
1773,31.2643223,198.954749,0
1774,31.2643223,198.954749,0
1775,31.2643223,198.954749,0
1776,31.2643223,198.954749,0
1777,31.2643223,198.954749,0
1778,31.2643223,198.954749,0
1779,31.2643223,198.954749,0
1780,31.2643223,198.954749,0
1781,31.2643223,198.954749,0
1782,31.2643223,198.954749,0
1783,31.2643223,198.954749,0
1784,31.2643223,198.954749,0
1785,31.2643223,198.954749,0
1786,31.2643223,198.954749,0
1787,31.2643223,198.954749,0
1788,31.2643223,198.954749,0
1789,31.2643223,198.954749,0
1790,31.2643223,198.954749,0
1791,31.2643223,198.954749,0
1792,31.2643223,198.954749,0
1793,31.2643223,198.954749,0
1794,31.2643223,198.954749,0
1795,31.2643223,198.954749,0
1796,31.2643223,198.954749,0
1797,31.2643223,198.954749,0
1798,31.2643223,198.954749,0
1799,31.2643223,198.954749,0
1800,31.2643223,198.954749,0
1801,31.2643223,198.954749,0
1802,31.2643223,198.954749,0
1803,31.2643223,198.954749,0
1804,31.2643223,198.954749,0
1805,31.2643223,198.954749,0
1806,31.2643223,198.954749,0
1807,31.2643223,198.954749,0
1808,31.2643223,198.954749,0
1809,31.2643223,198.954749,0
1810,31.2643223,198.954749,0
1811,31.2643223,198.954749,0
1812,31.2643223,198.954749,0
1813,31.2643223,198.954749,0
1814,31.2643223,198.954749,0
1815,31.2643223,198.954749,0
1816,31.2643223,198.954749,0
1817,31.2643223,198.954749,0
1818,31.2643223,198.954749,0
1819,31.2643223,198.954749,0
1820,31.2643223,198.954749,0
1821,31.2643223,198.954749,0
1822,31.2643223,198.954749,0
1823,31.2643223,198.954749,0
1824,31.2643223,198.954749,0
1825,31.2643223,198.954749,0
1826,31.2643223,198.954749,0
1827,31.2643223,198.954749,0
1828,31.2643223,198.954749,0
1829,31.2643223,196.1125383,0
1830,31.2643223,196.1125383,0
1831,31.2643223,196.1125383,0
1832,31.2643223,196.1125383,0
1833,31.2643223,196.1125383,0
1834,31.2643223,196.1125383,0
1835,31.2643223,196.1125383,0
1836,31.2643223,196.1125383,0
1837,31.2643223,196.1125383,0
1838,31.2643223,196.1125383,0
1839,31.2643223,196.1125383,0
1840,31.2643223,201.7969597,0
1841,31.2643223,201.7969597,0
1842,31.2643223,201.7969597,0
1843,31.2643223,201.7969597,0
1844,31.2643223,201.7969597,0
1845,28.42211117,201.7969597,0
1846,28.42211117,201.7969597,0
1847,28.42211117,201.7969597,0
1848,31.2643223,201.7969597,0
1849,31.2643223,201.7969597,0
1850,31.2643223,201.7969597,0
1851,31.2643223,201.7969597,0
1852,31.2643223,201.7969597,0
1853,31.2643223,201.7969597,0
1854,31.2643223,201.7969597,0
1855,31.2643223,201.7969597,0
1856,31.2643223,201.7969597,0
1857,31.2643223,201.7969597,0
1858,31.2643223,201.7969597,0
1859,31.2643223,201.7969597,0
1860,31.2643223,201.7969597,0
1861,31.2643223,201.7969597,0
1862,31.2643223,201.7969597,0
1863,31.2643223,201.7969597,0
1864,31.2643223,201.7969597,0
1865,31.2643223,201.7969597,0
1866,31.2643223,201.7969597,0
1867,31.2643223,201.7969597,0
1868,31.2643223,201.7969597,0
1869,31.2643223,201.7969597,0
1870,31.2643223,201.7969597,0
1871,31.2643223,201.7969597,0
1872,31.2643223,201.7969597,0
1873,31.2643223,201.7969597,0
1874,31.2643223,201.7969597,0
1875,31.2643223,201.7969597,0
1876,31.2643223,201.7969597,0
1877,31.2643223,201.7969597,0
1878,31.2643223,201.7969597,0
1879,31.2643223,201.7969597,0
1880,31.2643223,201.7969597,0
1881,31.2643223,201.7969597,0
1882,31.2643223,201.7969597,0
1883,31.2643223,201.7969597,0
1884,31.2643223,201.7969597,0
1885,31.2643223,201.7969597,0
1886,31.2643223,201.7969597,0
1887,31.2643223,201.7969597,0
1888,31.2643223,201.7969597,0
1889,31.2643223,201.7969597,0
1890,31.2643223,198.954749,0
1891,31.2643223,198.954749,0
1892,31.2643223,198.954749,0
1893,31.2643223,198.954749,0
1894,31.2643223,198.954749,0
1895,31.2643223,198.954749,0
1896,31.2643223,198.954749,0
1897,31.2643223,198.954749,0
1898,28.42211117,198.954749,0
1899,28.42211117,198.954749,0
1900,28.42211117,198.954749,0
1901,28.42211117,198.954749,0
1902,28.42211117,198.954749,0
1903,28.42211117,198.954749,0
1904,28.42211117,198.954749,0
1905,28.42211117,198.954749,0
1906,28.42211117,198.954749,0
1907,28.42211117,198.954749,0
1908,28.42211117,198.954749,0
1909,28.42211117,198.954749,0
1910,28.42211117,198.954749,0
1911,28.42211117,198.954749,0
1912,28.42211117,198.954749,0
1913,28.42211117,198.954749,0
1914,28.42211117,198.954749,0
1915,28.42211117,198.954749,0
1916,28.42211117,198.954749,0
1917,28.42211117,198.954749,0
1918,28.42211117,198.954749,0
1919,28.42211117,198.954749,0
1920,31.2643223,198.954749,0
1921,31.2643223,198.954749,0
1922,31.2643223,198.954749,0
1923,31.2643223,198.954749,0
1924,31.2643223,198.954749,0
1925,31.2643223,198.954749,0
1926,31.2643223,198.954749,0
1927,31.2643223,198.954749,0
1928,31.2643223,198.954749,0
1929,31.2643223,198.954749,0
1930,31.2643223,198.954749,0
1931,31.2643223,198.954749,0
1932,31.2643223,198.954749,0
1933,31.2643223,198.954749,0
1934,31.2643223,198.954749,0
1935,31.2643223,198.954749,0
1936,31.2643223,198.954749,0
1937,31.2643223,198.954749,0
1938,31.2643223,198.954749,0
1939,31.2643223,198.954749,0
1940,31.2643223,198.954749,0
1941,31.2643223,198.954749,0
1942,31.2643223,198.954749,0
1943,31.2643223,198.954749,0
1944,31.2643223,198.954749,0
1945,31.2643223,201.7969597,0
1946,31.2643223,201.7969597,0
1947,31.2643223,201.7969597,0
1948,31.2643223,201.7969597,0
1949,31.2643223,201.7969597,0
1950,31.2643223,201.7969597,0
1951,31.2643223,201.7969597,0
1952,31.2643223,201.7969597,0
1953,31.2643223,201.7969597,0
1954,31.2643223,201.7969597,0
1955,31.2643223,201.7969597,0
1956,31.2643223,201.7969597,0
1957,31.2643223,201.7969597,0
1958,31.2643223,201.7969597,0
1959,31.2643223,201.7969597,0
1960,31.2643223,201.7969597,0
1961,31.2643223,201.7969597,0
1962,31.2643223,201.7969597,0
1963,31.2643223,201.7969597,0
1964,31.2643223,201.7969597,0
1965,31.2643223,201.7969597,0
1966,31.2643223,201.7969597,0
1967,31.2643223,201.7969597,0
1968,31.2643223,201.7969597,0
1969,31.2643223,201.7969597,0
1970,31.2643223,201.7969597,0
1971,31.2643223,201.7969597,0
1972,31.2643223,201.7969597,0
1973,31.2643223,201.7969597,0
1974,31.2643223,201.7969597,0
1975,31.2643223,201.7969597,0
1976,31.2643223,201.7969597,0
1977,31.2643223,201.7969597,0
1978,31.2643223,201.7969597,0
1979,31.2643223,201.7969597,0
1980,31.2643223,201.7969597,0
1981,31.2643223,201.7969597,0
1982,31.2643223,201.7969597,0
1983,31.2643223,201.7969597,0
1984,31.2643223,201.7969597,0
1985,31.2643223,201.7969597,0
1986,31.2643223,201.7969597,0
1987,31.2643223,201.7969597,0
1988,31.2643223,201.7969597,0
1989,31.2643223,201.7969597,0
1990,31.2643223,201.7969597,0
1991,31.2643223,201.7969597,0
1992,31.2643223,201.7969597,0
1993,31.2643223,201.7969597,0
1994,31.2643223,201.7969597,0
1995,31.2643223,201.7969597,0
1996,31.2643223,201.7969597,0
1997,31.2643223,201.7969597,0
1998,31.2643223,201.7969597,0
1999,31.2643223,201.7969597,0
2000,31.2643223,201.7969597,0
2001,31.2643223,201.7969597,0
2002,31.2643223,201.7969597,0
2003,31.2643223,201.7969597,0
2004,31.2643223,201.7969597,0
2005,28.42211117,201.7969597,0
2006,28.42211117,201.7969597,0
2007,28.42211117,201.7969597,0
2008,28.42211117,201.7969597,0
2009,28.42211117,201.7969597,0
2010,28.42211117,201.7969597,0
2011,28.42211117,201.7969597,0
2012,28.42211117,201.7969597,0
2013,28.42211117,201.7969597,0
2014,28.42211117,201.7969597,0
2015,31.2643223,201.7969597,0
2016,31.2643223,201.7969597,0
2017,31.2643223,201.7969597,0
2018,31.2643223,201.7969597,0
2019,31.2643223,201.7969597,0
2020,31.2643223,201.7969597,0
2021,31.2643223,201.7969597,0
2022,31.2643223,201.7969597,0
2023,31.2643223,201.7969597,0
2024,31.2643223,198.954749,0
2025,31.2643223,198.954749,0
2026,31.2643223,198.954749,0
2027,31.2643223,198.954749,0
2028,31.2643223,198.954749,0
2029,31.2643223,198.954749,0
2030,31.2643223,198.954749,0
2031,31.2643223,198.954749,0
2032,31.2643223,198.954749,0
2033,31.2643223,198.954749,0
2034,31.2643223,198.954749,0
2035,31.2643223,198.954749,0
2036,31.2643223,198.954749,0
2037,31.2643223,198.954749,0
2038,31.2643223,198.954749,0
2039,31.2643223,198.954749,0
2040,31.2643223,198.954749,0
2041,31.2643223,201.7969597,0
2042,31.2643223,201.7969597,0
2043,31.2643223,201.7969597,0
2044,31.2643223,201.7969597,0
2045,31.2643223,201.7969597,0
2046,31.2643223,201.7969597,0
2047,31.2643223,201.7969597,0
2048,31.2643223,201.7969597,0
2049,31.2643223,201.7969597,0
2050,31.2643223,201.7969597,0
2051,31.2643223,201.7969597,0
2052,31.2643223,201.7969597,0
2053,31.2643223,201.7969597,0
2054,31.2643223,201.7969597,0
2055,31.2643223,201.7969597,0
2056,31.2643223,201.7969597,0
2057,31.2643223,201.7969597,0
2058,31.2643223,201.7969597,0
2059,31.2643223,201.7969597,0
2060,31.2643223,201.7969597,0
2061,31.2643223,201.7969597,0
2062,31.2643223,201.7969597,0
2063,31.2643223,201.7969597,0
2064,31.2643223,201.7969597,0
2065,31.2643223,201.7969597,0
2066,31.2643223,201.7969597,0
2067,31.2643223,201.7969597,0
2068,31.2643223,201.7969597,0
2069,31.2643223,201.7969597,0
2070,31.2643223,201.7969597,0
2071,31.2643223,201.7969597,0
2072,31.2643223,201.7969597,0
2073,31.2643223,201.7969597,0
2074,31.2643223,201.7969597,0
2075,31.2643223,201.7969597,0
2076,31.2643223,201.7969597,0
2077,31.2643223,201.7969597,0
2078,31.2643223,201.7969597,0
2079,31.2643223,201.7969597,0
2080,31.2643223,201.7969597,0
2081,31.2643223,201.7969597,0
2082,31.2643223,201.7969597,0
2083,31.2643223,201.7969597,0
2084,31.2643223,201.7969597,0
2085,31.2643223,201.7969597,0
2086,31.2643223,201.7969597,0
2087,31.2643223,201.7969597,0
2088,31.2643223,201.7969597,0
2089,31.2643223,201.7969597,0
2090,31.2643223,201.7969597,0
2091,31.2643223,201.7969597,0
2092,31.2643223,201.7969597,0
2093,31.2643223,201.7969597,0
2094,31.2643223,201.7969597,0
2095,31.2643223,201.7969597,0
2096,31.2643223,201.7969597,0
2097,31.2643223,201.7969597,0
2098,31.2643223,201.7969597,0
2099,31.2643223,201.7969597,0
2100,31.2643223,201.7969597,0
2101,31.2643223,201.7969597,0
2102,31.2643223,201.7969597,0
2103,31.2643223,201.7969597,0
2104,31.2643223,201.7969597,0
2105,31.2643223,201.7969597,0
2106,31.2643223,201.7969597,0
2107,31.2643223,201.7969597,0
2108,31.2643223,201.7969597,0
2109,31.2643223,201.7969597,0
2110,31.2643223,201.7969597,0
2111,31.2643223,201.7969597,0
2112,31.2643223,201.7969597,0
2113,31.2643223,201.7969597,0
2114,31.2643223,201.7969597,0
2115,31.2643223,201.7969597,0
2116,31.2643223,201.7969597,0
2117,31.2643223,201.7969597,0
2118,31.2643223,201.7969597,0
2119,31.2643223,201.7969597,0
2120,31.2643223,201.7969597,0
2121,31.2643223,201.7969597,0
2122,31.2643223,201.7969597,0
2123,31.2643223,198.954749,0
2124,31.2643223,198.954749,0
2125,31.2643223,198.954749,0
2126,31.2643223,198.954749,0
2127,31.2643223,198.954749,0
2128,31.2643223,198.954749,0
2129,31.2643223,198.954749,0
2130,31.2643223,198.954749,0
2131,31.2643223,198.954749,0
2132,31.2643223,198.954749,0
2133,31.2643223,198.954749,0
2134,31.2643223,198.954749,0
2135,31.2643223,198.954749,0
2136,31.2643223,198.954749,0
2137,31.2643223,198.954749,0
2138,31.2643223,198.954749,0
2139,31.2643223,198.954749,0
2140,31.2643223,198.954749,0
2141,31.2643223,198.954749,0
2142,31.2643223,198.954749,0
2143,31.2643223,198.954749,0
2144,31.2643223,198.954749,0
2145,31.2643223,198.954749,0
2146,31.2643223,198.954749,0
2147,31.2643223,198.954749,0
2148,31.2643223,198.954749,0
2149,31.2643223,198.954749,0
2150,31.2643223,198.954749,0
2151,31.2643223,198.954749,0
2152,31.2643223,198.954749,0
2153,31.2643223,198.954749,0
2154,31.2643223,198.954749,0
2155,31.2643223,198.954749,0
2156,31.2643223,198.954749,0
2157,31.2643223,198.954749,0
2158,31.2643223,198.954749,0
2159,31.2643223,198.954749,0
2160,31.2643223,198.954749,0
2161,31.2643223,198.954749,0
2162,31.2643223,198.954749,0
2163,31.2643223,198.954749,0
2164,31.2643223,198.954749,0
2165,31.2643223,198.954749,0
2166,31.2643223,198.954749,0
2167,31.2643223,198.954749,0
2168,31.2643223,198.954749,0
2169,31.2643223,198.954749,0
2170,31.2643223,198.954749,0
2171,31.2643223,198.954749,0
2172,31.2643223,198.954749,0
2173,31.2643223,198.954749,0
2174,31.2643223,198.954749,0
2175,31.2643223,198.954749,0
2176,31.2643223,198.954749,0
2177,31.2643223,198.954749,0
2178,31.2643223,198.954749,0
2179,31.2643223,198.954749,0
2180,31.2643223,198.954749,0
2181,31.2643223,198.954749,0
2182,31.2643223,198.954749,0
2183,31.2643223,198.954749,0
2184,31.2643223,198.954749,0
2185,31.2643223,198.954749,0
2186,31.2643223,198.954749,0
2187,31.2643223,198.954749,0
2188,31.2643223,198.954749,0
2189,31.2643223,198.954749,0
2190,31.2643223,198.954749,0
2191,31.2643223,198.954749,0
2192,31.2643223,198.954749,0
2193,31.2643223,198.954749,0
2194,31.2643223,198.954749,0
2195,31.2643223,198.954749,0
2196,31.2643223,198.954749,0
2197,31.2643223,198.954749,0
2198,31.2643223,198.954749,0
2199,31.2643223,198.954749,0
2200,31.2643223,198.954749,0
2201,31.2643223,198.954749,0
2202,31.2643223,198.954749,0
2203,31.2643223,198.954749,0
2204,31.2643223,198.954749,0
2205,31.2643223,198.954749,0
2206,31.2643223,198.954749,0
2207,31.2643223,198.954749,0
2208,31.2643223,198.954749,0
2209,31.2643223,198.954749,0
2210,31.2643223,198.954749,0
2211,31.2643223,198.954749,0
2212,31.2643223,198.954749,0
2213,31.2643223,198.954749,0
2214,31.2643223,198.954749,0
2215,31.2643223,198.954749,0
2216,31.2643223,198.954749,0
2217,31.2643223,198.954749,0
2218,31.2643223,198.954749,0
2219,31.2643223,198.954749,0
2220,31.2643223,198.954749,0
2221,31.2643223,198.954749,0
2222,31.2643223,198.954749,0
2223,31.2643223,198.954749,0
2224,31.2643223,198.954749,0
2225,31.2643223,198.954749,0
2226,31.2643223,198.954749,0
2227,31.2643223,198.954749,0
2228,31.2643223,198.954749,0
2229,31.2643223,198.954749,0
2230,31.2643223,198.954749,0
2231,31.2643223,198.954749,0
2232,31.2643223,198.954749,0
2233,31.2643223,198.954749,0
2234,31.2643223,198.954749,0
2235,31.2643223,198.954749,0
2236,31.2643223,198.954749,0
2237,31.2643223,198.954749,0
2238,31.2643223,198.954749,0
2239,31.2643223,198.954749,0
2240,31.2643223,198.954749,0
2241,31.2643223,198.954749,0
2242,31.2643223,198.954749,0
2243,31.2643223,198.954749,0
2244,31.2643223,198.954749,0
2245,31.2643223,198.954749,0
2246,31.2643223,198.954749,0
2247,31.2643223,198.954749,0
2248,31.2643223,198.954749,0
2249,31.2643223,198.954749,0
2250,31.2643223,198.954749,0
2251,31.2643223,198.954749,0
2252,31.2643223,198.954749,0
2253,31.2643223,198.954749,0
2254,31.2643223,198.954749,0
2255,31.2643223,198.954749,0
2256,31.2643223,198.954749,0
2257,31.2643223,198.954749,0
2258,31.2643223,198.954749,0
2259,31.2643223,198.954749,0
2260,31.2643223,198.954749,0
2261,31.2643223,198.954749,0
2262,31.2643223,198.954749,0
2263,31.2643223,198.954749,0
2264,31.2643223,198.954749,0
2265,31.2643223,198.954749,0
2266,31.2643223,198.954749,0
2267,31.2643223,198.954749,0
2268,31.2643223,201.7969597,0
2269,31.2643223,201.7969597,0
2270,31.2643223,201.7969597,0
2271,31.2643223,201.7969597,0
2272,31.2643223,201.7969597,0
2273,31.2643223,201.7969597,0
2274,31.2643223,201.7969597,0
2275,31.2643223,201.7969597,0
2276,31.2643223,201.7969597,0
2277,31.2643223,201.7969597,0
2278,31.2643223,201.7969597,0
2279,31.2643223,201.7969597,0
2280,31.2643223,201.7969597,0
2281,31.2643223,201.7969597,0
2282,31.2643223,201.7969597,0
2283,31.2643223,201.7969597,0
2284,31.2643223,201.7969597,0
2285,31.2643223,201.7969597,0
2286,31.2643223,201.7969597,0
2287,31.2643223,201.7969597,0
2288,31.2643223,201.7969597,0
2289,31.2643223,201.7969597,0
2290,31.2643223,201.7969597,0
2291,31.2643223,201.7969597,0
2292,31.2643223,201.7969597,0
2293,31.2643223,201.7969597,0
2294,31.2643223,201.7969597,0
2295,31.2643223,201.7969597,0
2296,31.2643223,201.7969597,0
2297,31.2643223,201.7969597,0
2298,31.2643223,201.7969597,0
2299,31.2643223,201.7969597,0
2300,31.2643223,201.7969597,0
2301,31.2643223,201.7969597,0
2302,31.2643223,201.7969597,0
2303,31.2643223,201.7969597,0
2304,31.2643223,201.7969597,0
2305,31.2643223,201.7969597,0
2306,31.2643223,201.7969597,0
2307,31.2643223,201.7969597,0
2308,31.2643223,201.7969597,0
2309,31.2643223,201.7969597,0
2310,31.2643223,201.7969597,0
2311,31.2643223,201.7969597,0
2312,31.2643223,201.7969597,0
2313,31.2643223,201.7969597,0
2314,31.2643223,201.7969597,0
2315,31.2643223,201.7969597,0
2316,31.2643223,201.7969597,0
2317,31.2643223,201.7969597,0
2318,31.2643223,201.7969597,0
2319,31.2643223,201.7969597,0
2320,31.2643223,201.7969597,0
2321,31.2643223,201.7969597,0
2322,31.2643223,201.7969597,0
2323,31.2643223,201.7969597,0
2324,31.2643223,201.7969597,0
2325,31.2643223,201.7969597,0
2326,31.2643223,201.7969597,0
2327,31.2643223,201.7969597,0
2328,31.2643223,201.7969597,0
2329,31.2643223,201.7969597,0
2330,31.2643223,201.7969597,0
2331,31.2643223,201.7969597,0
2332,31.2643223,201.7969597,0
2333,31.2643223,201.7969597,0
2334,31.2643223,201.7969597,0
2335,31.2643223,201.7969597,0
2336,31.2643223,201.7969597,0
2337,31.2643223,201.7969597,0
2338,31.2643223,201.7969597,0
2339,31.2643223,201.7969597,0
2340,31.2643223,201.7969597,0
2341,31.2643223,201.7969597,0
2342,31.2643223,201.7969597,0
2343,31.2643223,201.7969597,0
2344,31.2643223,201.7969597,0
2345,31.2643223,201.7969597,0
2346,31.2643223,201.7969597,0
2347,31.2643223,201.7969597,0
2348,31.2643223,201.7969597,0
2349,28.42211117,198.954749,0
2350,28.42211117,198.954749,0
2351,28.42211117,198.954749,0
2352,28.42211117,198.954749,0
2353,28.42211117,198.954749,0
2354,28.42211117,198.954749,0
2355,28.42211117,198.954749,0
2356,28.42211117,198.954749,0
2357,31.2643223,198.954749,0
2358,31.2643223,198.954749,0
2359,31.2643223,198.954749,0
2360,31.2643223,198.954749,0
2361,31.2643223,198.954749,0
2362,31.2643223,198.954749,0
2363,31.2643223,198.954749,0
2364,31.2643223,198.954749,0
2365,31.2643223,198.954749,0
2366,31.2643223,198.954749,0
2367,31.2643223,198.954749,0
2368,31.2643223,198.954749,0
2369,31.2643223,198.954749,0
2370,31.2643223,198.954749,0
2371,31.2643223,198.954749,0
2372,31.2643223,198.954749,0
2373,31.2643223,198.954749,0
2374,31.2643223,198.954749,0
2375,31.2643223,198.954749,0
2376,31.2643223,198.954749,0
2377,31.2643223,198.954749,0
2378,31.2643223,198.954749,0
2379,31.2643223,198.954749,0
2380,31.2643223,198.954749,0
2381,31.2643223,198.954749,0
2382,31.2643223,198.954749,0
2383,31.2643223,198.954749,0
2384,31.2643223,198.954749,0
2385,31.2643223,198.954749,0
2386,31.2643223,198.954749,0
2387,31.2643223,198.954749,0
2388,31.2643223,198.954749,0
2389,31.2643223,198.954749,0
2390,31.2643223,198.954749,0
2391,31.2643223,198.954749,0
2392,31.2643223,198.954749,0
2393,31.2643223,198.954749,0
2394,31.2643223,198.954749,0
2395,31.2643223,198.954749,0
2396,31.2643223,198.954749,0
2397,31.2643223,198.954749,0
2398,31.2643223,198.954749,0
2399,31.2643223,198.954749,0
2400,31.2643223,198.954749,0
2401,31.2643223,198.954749,0
2402,31.2643223,198.954749,0
2403,31.2643223,198.954749,0
2404,31.2643223,198.954749,0
2405,31.2643223,198.954749,0
2406,31.2643223,198.954749,0
2407,31.2643223,198.954749,0
2408,31.2643223,198.954749,0
2409,31.2643223,198.954749,0
2410,31.2643223,198.954749,0
2411,31.2643223,198.954749,0
2412,31.2643223,198.954749,0
2413,31.2643223,198.954749,0
2414,31.2643223,198.954749,0
2415,31.2643223,198.954749,0
2416,31.2643223,198.954749,0
2417,31.2643223,198.954749,0
2418,31.2643223,198.954749,0
2419,31.2643223,198.954749,0
2420,31.2643223,198.954749,0
2421,31.2643223,198.954749,0
2422,31.2643223,198.954749,0
2423,31.2643223,198.954749,0
2424,31.2643223,198.954749,0
2425,31.2643223,198.954749,0
2426,31.2643223,198.954749,0
2427,31.2643223,198.954749,0
2428,31.2643223,198.954749,0
2429,31.2643223,198.954749,0
2430,31.2643223,198.954749,0
2431,31.2643223,198.954749,0
2432,31.2643223,198.954749,0
2433,31.2643223,198.954749,0
2434,31.2643223,198.954749,0
2435,31.2643223,198.954749,0
2436,31.2643223,198.954749,0
2437,31.2643223,198.954749,0
2438,31.2643223,198.954749,0
2439,31.2643223,198.954749,0
2440,31.2643223,198.954749,0
2441,31.2643223,198.954749,0
2442,31.2643223,198.954749,0
2443,31.2643223,198.954749,0
2444,31.2643223,198.954749,0
2445,31.2643223,198.954749,0
2446,31.2643223,198.954749,0
2447,31.2643223,198.954749,0
2448,31.2643223,198.954749,0
2449,31.2643223,198.954749,0
2450,31.2643223,196.1125383,0
2451,31.2643223,196.1125383,0
2452,31.2643223,198.954749,0
2453,31.2643223,198.954749,0
2454,31.2643223,198.954749,0
2455,31.2643223,198.954749,0
2456,31.2643223,198.954749,0
2457,31.2643223,198.954749,0
2458,31.2643223,198.954749,0
2459,31.2643223,198.954749,0
2460,31.2643223,198.954749,0
2461,31.2643223,198.954749,0
2462,31.2643223,198.954749,0
2463,31.2643223,198.954749,0
2464,31.2643223,198.954749,0
2465,31.2643223,198.954749,0
2466,31.2643223,198.954749,0
2467,31.2643223,198.954749,0
2468,31.2643223,198.954749,0
2469,31.2643223,198.954749,0
2470,31.2643223,198.954749,0
2471,31.2643223,198.954749,0
2472,31.2643223,198.954749,0
2473,31.2643223,198.954749,0
2474,31.2643223,198.954749,0
2475,31.2643223,198.954749,0
2476,31.2643223,198.954749,0
2477,31.2643223,198.954749,0
2478,31.2643223,198.954749,0
2479,31.2643223,198.954749,0
2480,31.2643223,198.954749,0
2481,31.2643223,198.954749,0
2482,31.2643223,198.954749,0
2483,31.2643223,198.954749,0
2484,31.2643223,198.954749,0
2485,31.2643223,198.954749,0
2486,31.2643223,198.954749,0
2487,31.2643223,198.954749,0
2488,31.2643223,198.954749,0
2489,31.2643223,198.954749,0
2490,31.2643223,198.954749,0
2491,31.2643223,198.954749,0
2492,31.2643223,198.954749,0
2493,31.2643223,198.954749,0
2494,31.2643223,204.6391704,0
2495,31.2643223,204.6391704,0
2496,31.2643223,204.6391704,0
2497,31.2643223,204.6391704,0
2498,31.2643223,204.6391704,0
2499,31.2643223,204.6391704,0
2500,31.2643223,204.6391704,0
2501,31.2643223,204.6391704,0
2502,31.2643223,204.6391704,0
2503,31.2643223,204.6391704,0
2504,31.2643223,204.6391704,0
2505,31.2643223,204.6391704,0
2506,31.2643223,204.6391704,0
2507,31.2643223,204.6391704,0
2508,31.2643223,204.6391704,0
2509,31.2643223,204.6391704,0
2510,31.2643223,204.6391704,0
2511,31.2643223,204.6391704,0
2512,31.2643223,204.6391704,0
2513,31.2643223,204.6391704,0
2514,31.2643223,204.6391704,0
2515,31.2643223,204.6391704,0
2516,31.2643223,204.6391704,0
2517,31.2643223,204.6391704,0
2518,31.2643223,204.6391704,0
2519,31.2643223,204.6391704,0
2520,31.2643223,204.6391704,0
2521,31.2643223,204.6391704,0
2522,31.2643223,204.6391704,0
2523,31.2643223,204.6391704,0
2524,31.2643223,204.6391704,0
2525,31.2643223,204.6391704,0
2526,31.2643223,204.6391704,0
2527,31.2643223,204.6391704,0
2528,31.2643223,204.6391704,0
2529,31.2643223,204.6391704,0
2530,31.2643223,204.6391704,0
2531,31.2643223,204.6391704,0
2532,31.2643223,204.6391704,0
2533,31.2643223,204.6391704,0
2534,31.2643223,204.6391704,0
2535,31.2643223,204.6391704,0
2536,31.2643223,204.6391704,0
2537,31.2643223,204.6391704,0
2538,31.2643223,204.6391704,0
2539,31.2643223,204.6391704,0
2540,31.2643223,204.6391704,0
2541,31.2643223,204.6391704,0
2542,31.2643223,204.6391704,0
2543,31.2643223,204.6391704,0
2544,31.2643223,198.954749,0
2545,31.2643223,198.954749,0
2546,31.2643223,198.954749,0
2547,31.2643223,198.954749,0
2548,31.2643223,198.954749,0
2549,31.2643223,198.954749,0
2550,31.2643223,198.954749,0
2551,31.2643223,198.954749,0
2552,31.2643223,198.954749,0
2553,31.2643223,198.954749,0
2554,31.2643223,198.954749,0
2555,31.2643223,198.954749,0
2556,31.2643223,198.954749,0
2557,31.2643223,198.954749,0
2558,31.2643223,198.954749,0
2559,31.2643223,198.954749,0
2560,31.2643223,198.954749,0
2561,31.2643223,198.954749,0
2562,31.2643223,198.954749,0
2563,31.2643223,198.954749,0
2564,31.2643223,198.954749,0
2565,31.2643223,198.954749,0
2566,31.2643223,198.954749,0
2567,31.2643223,198.954749,0
2568,31.2643223,198.954749,0
2569,31.2643223,198.954749,0
2570,31.2643223,198.954749,0
2571,31.2643223,198.954749,0
2572,31.2643223,198.954749,0
2573,31.2643223,198.954749,0
2574,31.2643223,198.954749,0
2575,28.42211117,198.954749,0
2576,28.42211117,198.954749,0
2577,28.42211117,198.954749,0
2578,28.42211117,198.954749,0
2579,28.42211117,198.954749,0
2580,28.42211117,198.954749,0
2581,28.42211117,198.954749,0
2582,28.42211117,198.954749,0
2583,28.42211117,198.954749,0
2584,28.42211117,198.954749,0
2585,28.42211117,198.954749,0
2586,28.42211117,198.954749,0
2587,28.42211117,198.954749,0
2588,28.42211117,198.954749,0
2589,28.42211117,198.954749,0
2590,28.42211117,198.954749,0
2591,28.42211117,198.954749,0
2592,28.42211117,198.954749,0
2593,28.42211117,198.954749,0
2594,28.42211117,198.954749,0
2595,28.42211117,198.954749,0
2596,28.42211117,198.954749,0
2597,28.42211117,198.954749,0
2598,28.42211117,196.1125383,0
2599,28.42211117,196.1125383,0
2600,28.42211117,196.1125383,0
2601,28.42211117,196.1125383,0
2602,28.42211117,196.1125383,0
2603,28.42211117,196.1125383,0
2604,28.42211117,196.1125383,0
2605,28.42211117,196.1125383,0
2606,28.42211117,196.1125383,0
2607,28.42211117,196.1125383,0
2608,28.42211117,196.1125383,0
2609,28.42211117,196.1125383,0
2610,28.42211117,196.1125383,0
2611,28.42211117,196.1125383,0
2612,28.42211117,196.1125383,0
2613,28.42211117,196.1125383,0
2614,28.42211117,196.1125383,0
2615,28.42211117,196.1125383,0
2616,28.42211117,196.1125383,0
2617,28.42211117,196.1125383,0
2618,28.42211117,196.1125383,0
2619,28.42211117,196.1125383,0
2620,28.42211117,196.1125383,0
2621,28.42211117,196.1125383,0
2622,28.42211117,196.1125383,0
2623,28.42211117,196.1125383,0
2624,28.42211117,196.1125383,0
2625,28.42211117,196.1125383,0
2626,28.42211117,196.1125383,0
2627,28.42211117,196.1125383,0
2628,28.42211117,196.1125383,0
2629,28.42211117,196.1125383,0
2630,28.42211117,196.1125383,0
2631,28.42211117,196.1125383,0
2632,28.42211117,196.1125383,0
2633,28.42211117,196.1125383,0
2634,28.42211117,196.1125383,0
2635,28.42211117,196.1125383,0
2636,28.42211117,196.1125383,0
2637,28.42211117,196.1125383,0
2638,28.42211117,196.1125383,0
2639,28.42211117,196.1125383,0
2640,28.42211117,198.954749,0
2641,28.42211117,198.954749,0
2642,28.42211117,198.954749,0
2643,28.42211117,198.954749,0
2644,28.42211117,198.954749,0
2645,28.42211117,198.954749,0
2646,28.42211117,198.954749,0
2647,28.42211117,198.954749,0
2648,28.42211117,198.954749,0
2649,28.42211117,198.954749,0
2650,28.42211117,198.954749,0
2651,28.42211117,198.954749,0
2652,28.42211117,198.954749,0
2653,28.42211117,198.954749,0
2654,28.42211117,198.954749,0
2655,28.42211117,198.954749,0
2656,34.10653342,198.954749,0
2657,34.10653342,198.954749,0
2658,34.10653342,198.954749,0
2659,34.10653342,198.954749,0
2660,34.10653342,198.954749,0
2661,34.10653342,198.954749,0
2662,34.10653342,198.954749,0
2663,34.10653342,198.954749,0
2664,34.10653342,198.954749,0
2665,34.10653342,198.954749,0
2666,34.10653342,198.954749,0
2667,34.10653342,198.954749,0
2668,34.10653342,198.954749,0
2669,34.10653342,198.954749,0
2670,34.10653342,198.954749,0
2671,34.10653342,198.954749,0
2672,34.10653342,198.954749,0
2673,34.10653342,198.954749,0
2674,34.10653342,198.954749,0
2675,34.10653342,198.954749,0
2676,34.10653342,198.954749,0
2677,34.10653342,198.954749,0
2678,34.10653342,198.954749,0
2679,34.10653342,198.954749,0
2680,34.10653342,198.954749,0
2681,34.10653342,198.954749,0
2682,34.10653342,198.954749,0
2683,34.10653342,198.954749,0
2684,34.10653342,198.954749,0
2685,34.10653342,198.954749,0
2686,34.10653342,198.954749,0
2687,34.10653342,198.954749,0
2688,34.10653342,198.954749,0
2689,34.10653342,198.954749,0
2690,34.10653342,198.954749,0
2691,34.10653342,198.954749,0
2692,34.10653342,198.954749,0
2693,34.10653342,198.954749,0
2694,34.10653342,198.954749,0
2695,34.10653342,198.954749,0
2696,34.10653342,198.954749,0
2697,34.10653342,198.954749,0
2698,34.10653342,198.954749,0
2699,34.10653342,198.954749,0
2700,34.10653342,198.954749,0
2701,34.10653342,198.954749,0
2702,34.10653342,198.954749,0
2703,34.10653342,198.954749,0
2704,34.10653342,198.954749,0
2705,34.10653342,198.954749,0
2706,28.42211117,198.954749,0
2707,28.42211117,198.954749,0
2708,28.42211117,198.954749,0
2709,28.42211117,198.954749,0
2710,28.42211117,198.954749,0
2711,28.42211117,198.954749,0
2712,31.2643223,198.954749,0
2713,31.2643223,198.954749,0
2714,31.2643223,198.954749,0
2715,31.2643223,198.954749,0
2716,31.2643223,198.954749,0
2717,31.2643223,198.954749,0
2718,31.2643223,198.954749,0
2719,31.2643223,198.954749,0
2720,31.2643223,198.954749,0
2721,31.2643223,198.954749,0
2722,31.2643223,198.954749,0
2723,31.2643223,198.954749,0
2724,31.2643223,198.954749,0
2725,31.2643223,198.954749,0
2726,31.2643223,198.954749,0
2727,31.2643223,198.954749,0
2728,31.2643223,198.954749,0
2729,31.2643223,198.954749,0
2730,31.2643223,198.954749,0
2731,31.2643223,198.954749,0
2732,31.2643223,198.954749,0
2733,31.2643223,198.954749,0
2734,31.2643223,198.954749,0
2735,31.2643223,198.954749,0
2736,31.2643223,198.954749,0
2737,31.2643223,198.954749,0
2738,31.2643223,198.954749,0
2739,31.2643223,198.954749,0
2740,31.2643223,198.954749,0
2741,31.2643223,198.954749,0
2742,31.2643223,198.954749,0
2743,31.2643223,198.954749,0
2744,31.2643223,198.954749,0
2745,31.2643223,198.954749,0
2746,31.2643223,198.954749,0
2747,31.2643223,198.954749,0
2748,31.2643223,198.954749,0
2749,31.2643223,198.954749,0
2750,31.2643223,198.954749,0
2751,31.2643223,198.954749,0
2752,31.2643223,198.954749,0
2753,31.2643223,198.954749,0
2754,31.2643223,198.954749,0
2755,31.2643223,198.954749,0
2756,31.2643223,198.954749,0
2757,31.2643223,198.954749,0
2758,31.2643223,198.954749,0
2759,31.2643223,198.954749,0
2760,31.2643223,198.954749,0
2761,31.2643223,198.954749,0
2762,31.2643223,198.954749,0
2763,31.2643223,198.954749,0
2764,31.2643223,198.954749,0
2765,31.2643223,198.954749,0
2766,31.2643223,198.954749,0
2767,31.2643223,198.954749,0
2768,31.2643223,198.954749,0
2769,31.2643223,198.954749,0
2770,31.2643223,198.954749,0
2771,31.2643223,198.954749,0
2772,31.2643223,198.954749,0
2773,31.2643223,198.954749,0
2774,31.2643223,198.954749,0
2775,31.2643223,198.954749,0
2776,31.2643223,198.954749,0
2777,31.2643223,198.954749,0
2778,31.2643223,198.954749,0
2779,31.2643223,198.954749,0
2780,31.2643223,198.954749,0
2781,31.2643223,198.954749,0
2782,31.2643223,198.954749,0
2783,31.2643223,198.954749,0
2784,31.2643223,198.954749,0
2785,31.2643223,198.954749,0
2786,31.2643223,198.954749,0
2787,31.2643223,198.954749,0
2788,31.2643223,198.954749,0
2789,31.2643223,198.954749,0
2790,31.2643223,198.954749,0
2791,31.2643223,198.954749,0
2792,31.2643223,198.954749,0
2793,31.2643223,198.954749,0
2794,31.2643223,198.954749,0
2795,31.2643223,198.954749,0
2796,31.2643223,198.954749,0
2797,28.42211117,198.954749,0
2798,28.42211117,198.954749,0
2799,28.42211117,198.954749,0
2800,28.42211117,198.954749,0
2801,28.42211117,198.954749,0
2802,28.42211117,198.954749,0
2803,28.42211117,198.954749,0
2804,28.42211117,198.954749,0
2805,28.42211117,198.954749,0
2806,28.42211117,198.954749,0
2807,28.42211117,198.954749,0
2808,28.42211117,198.954749,0
2809,28.42211117,198.954749,0
2810,28.42211117,198.954749,0
2811,28.42211117,198.954749,0
2812,28.42211117,198.954749,0
2813,28.42211117,198.954749,0
2814,28.42211117,198.954749,0
2815,28.42211117,198.954749,0
2816,28.42211117,198.954749,0
2817,28.42211117,198.954749,0
2818,28.42211117,198.954749,0
2819,28.42211117,201.7969597,0
2820,28.42211117,201.7969597,0
2821,28.42211117,201.7969597,0
2822,28.42211117,201.7969597,0
2823,28.42211117,201.7969597,0
2824,28.42211117,201.7969597,0
2825,28.42211117,201.7969597,0
2826,28.42211117,201.7969597,0
2827,28.42211117,201.7969597,0
2828,28.42211117,201.7969597,0
2829,28.42211117,201.7969597,0
2830,28.42211117,201.7969597,0
2831,28.42211117,201.7969597,0
2832,28.42211117,201.7969597,0
2833,28.42211117,201.7969597,0
2834,28.42211117,201.7969597,0
2835,28.42211117,201.7969597,0
2836,28.42211117,201.7969597,0
2837,28.42211117,201.7969597,0
2838,28.42211117,201.7969597,0
2839,28.42211117,201.7969597,0
2840,28.42211117,201.7969597,0
2841,28.42211117,201.7969597,0
2842,28.42211117,201.7969597,0
2843,28.42211117,201.7969597,0
2844,28.42211117,201.7969597,0
2845,28.42211117,201.7969597,0
2846,28.42211117,201.7969597,0
2847,31.2643223,201.7969597,0
2848,31.2643223,201.7969597,0
2849,31.2643223,201.7969597,0
2850,31.2643223,201.7969597,0
2851,31.2643223,201.7969597,0
2852,31.2643223,201.7969597,0
2853,31.2643223,201.7969597,0
2854,31.2643223,201.7969597,0
2855,31.2643223,201.7969597,0
2856,31.2643223,201.7969597,0
2857,31.2643223,201.7969597,0
2858,31.2643223,201.7969597,0
2859,31.2643223,201.7969597,0
2860,31.2643223,201.7969597,0
2861,31.2643223,201.7969597,0
2862,31.2643223,201.7969597,0
2863,31.2643223,201.7969597,0
2864,31.2643223,201.7969597,0
2865,31.2643223,201.7969597,0
2866,31.2643223,201.7969597,0
2867,31.2643223,201.7969597,0
2868,31.2643223,201.7969597,0
2869,31.2643223,198.954749,0
2870,31.2643223,198.954749,0
2871,31.2643223,198.954749,0
2872,31.2643223,198.954749,0
2873,31.2643223,198.954749,0
2874,31.2643223,198.954749,0
2875,31.2643223,198.954749,0
2876,31.2643223,198.954749,0
2877,31.2643223,198.954749,0
2878,31.2643223,198.954749,0
2879,31.2643223,198.954749,0
2880,31.2643223,198.954749,0
2881,31.2643223,198.954749,0
2882,31.2643223,198.954749,0
2883,31.2643223,198.954749,0
2884,31.2643223,198.954749,0
2885,31.2643223,198.954749,0
2886,31.2643223,198.954749,0
2887,31.2643223,198.954749,0
2888,31.2643223,198.954749,0
2889,31.2643223,198.954749,0
2890,31.2643223,198.954749,0
2891,31.2643223,198.954749,0
2892,31.2643223,198.954749,0
2893,31.2643223,198.954749,0
2894,31.2643223,198.954749,0
2895,31.2643223,198.954749,0
2896,31.2643223,198.954749,0
2897,31.2643223,198.954749,0
2898,31.2643223,198.954749,0
2899,31.2643223,198.954749,0
2900,31.2643223,198.954749,0
2901,31.2643223,198.954749,0
2902,31.2643223,198.954749,0
2903,31.2643223,198.954749,0
2904,31.2643223,198.954749,0
2905,31.2643223,198.954749,0
2906,31.2643223,198.954749,0
2907,31.2643223,198.954749,0
2908,31.2643223,198.954749,0
2909,31.2643223,198.954749,0
2910,31.2643223,198.954749,0
2911,31.2643223,198.954749,0
2912,31.2643223,198.954749,0
2913,31.2643223,198.954749,0
2914,31.2643223,198.954749,0
2915,31.2643223,198.954749,0
2916,31.2643223,198.954749,0
2917,31.2643223,198.954749,0
2918,31.2643223,198.954749,0
2919,31.2643223,198.954749,0
2920,31.2643223,198.954749,0
2921,31.2643223,198.954749,0
2922,31.2643223,198.954749,0
2923,31.2643223,198.954749,0
2924,31.2643223,198.954749,0
2925,31.2643223,198.954749,0
2926,31.2643223,198.954749,0
2927,31.2643223,198.954749,0
2928,31.2643223,198.954749,0
2929,31.2643223,198.954749,0
2930,31.2643223,198.954749,0
2931,31.2643223,198.954749,0
2932,31.2643223,198.954749,0
2933,31.2643223,198.954749,0
2934,31.2643223,198.954749,0
2935,31.2643223,198.954749,0
2936,31.2643223,198.954749,0
2937,31.2643223,198.954749,0
2938,31.2643223,198.954749,0
2939,31.2643223,198.954749,0
2940,31.2643223,198.954749,0
2941,31.2643223,198.954749,0
2942,31.2643223,198.954749,0
2943,31.2643223,198.954749,0
2944,31.2643223,198.954749,0
2945,31.2643223,198.954749,0
2946,31.2643223,198.954749,0
2947,31.2643223,198.954749,0
2948,31.2643223,198.954749,0
2949,31.2643223,198.954749,0
2950,31.2643223,198.954749,0
2951,31.2643223,198.954749,0
2952,31.2643223,198.954749,0
2953,31.2643223,198.954749,0
2954,31.2643223,198.954749,0
2955,31.2643223,198.954749,0
2956,31.2643223,198.954749,0
2957,31.2643223,198.954749,0
2958,31.2643223,198.954749,0
2959,31.2643223,198.954749,0
2960,31.2643223,198.954749,0
2961,31.2643223,198.954749,0
2962,31.2643223,198.954749,0
2963,31.2643223,198.954749,0
2964,31.2643223,198.954749,0
2965,31.2643223,198.954749,0
2966,31.2643223,198.954749,0
2967,31.2643223,198.954749,0
2968,31.2643223,198.954749,0
2969,31.2643223,198.954749,0
2970,31.2643223,201.7969597,0
2971,31.2643223,201.7969597,0
2972,31.2643223,201.7969597,0
2973,31.2643223,201.7969597,0
2974,31.2643223,201.7969597,0
2975,31.2643223,201.7969597,0
2976,31.2643223,201.7969597,0
2977,31.2643223,201.7969597,0
2978,31.2643223,201.7969597,0
2979,31.2643223,201.7969597,0
2980,31.2643223,201.7969597,0
2981,31.2643223,201.7969597,0
2982,31.2643223,201.7969597,0
2983,31.2643223,201.7969597,0
2984,31.2643223,201.7969597,0
2985,31.2643223,201.7969597,0
2986,31.2643223,201.7969597,0
2987,31.2643223,201.7969597,0
2988,31.2643223,201.7969597,0
2989,31.2643223,201.7969597,0
2990,31.2643223,201.7969597,0
2991,31.2643223,201.7969597,0
2992,31.2643223,201.7969597,0
2993,31.2643223,201.7969597,0
2994,31.2643223,201.7969597,0
2995,31.2643223,201.7969597,0
2996,31.2643223,201.7969597,0
2997,31.2643223,201.7969597,0
2998,31.2643223,201.7969597,0
2999,31.2643223,201.7969597,0
3000,31.2643223,201.7969597,0
3001,31.2643223,201.7969597,0
3002,31.2643223,201.7969597,0
3003,31.2643223,201.7969597,0
3004,31.2643223,201.7969597,0
3005,31.2643223,201.7969597,0
3006,31.2643223,201.7969597,0
3007,31.2643223,201.7969597,0
3008,31.2643223,201.7969597,0
3009,31.2643223,201.7969597,0
3010,31.2643223,201.7969597,0
3011,31.2643223,201.7969597,0
3012,31.2643223,201.7969597,0
3013,31.2643223,201.7969597,0
3014,31.2643223,201.7969597,0
3015,31.2643223,201.7969597,0
3016,31.2643223,201.7969597,0
3017,31.2643223,201.7969597,0
3018,31.2643223,201.7969597,0
3019,31.2643223,201.7969597,0
3020,31.2643223,198.954749,0
3021,31.2643223,198.954749,0
3022,31.2643223,198.954749,0
3023,31.2643223,198.954749,0
3024,31.2643223,198.954749,0
3025,31.2643223,198.954749,0
3026,31.2643223,198.954749,0
3027,31.2643223,198.954749,0
3028,31.2643223,198.954749,0
3029,31.2643223,198.954749,0
3030,31.2643223,198.954749,0
3031,31.2643223,198.954749,0
3032,31.2643223,198.954749,0
3033,31.2643223,198.954749,0
3034,31.2643223,198.954749,0
3035,31.2643223,198.954749,0
3036,31.2643223,198.954749,0
3037,31.2643223,198.954749,0
3038,31.2643223,198.954749,0
3039,31.2643223,198.954749,0
3040,31.2643223,198.954749,0
3041,31.2643223,198.954749,0
3042,31.2643223,198.954749,0
3043,31.2643223,198.954749,0
3044,31.2643223,198.954749,0
3045,31.2643223,198.954749,0
3046,31.2643223,198.954749,0
3047,31.2643223,198.954749,0
3048,31.2643223,198.954749,0
3049,31.2643223,198.954749,0
3050,31.2643223,198.954749,0
3051,31.2643223,198.954749,0
3052,31.2643223,198.954749,0
3053,31.2643223,198.954749,0
3054,31.2643223,198.954749,0
3055,31.2643223,198.954749,0
3056,31.2643223,198.954749,0
3057,31.2643223,198.954749,0
3058,31.2643223,198.954749,0
3059,31.2643223,198.954749,0
3060,31.2643223,198.954749,0
3061,31.2643223,198.954749,0
3062,31.2643223,198.954749,0
3063,31.2643223,198.954749,0
3064,31.2643223,198.954749,0
3065,31.2643223,198.954749,0
3066,31.2643223,198.954749,0
3067,31.2643223,198.954749,0
3068,31.2643223,198.954749,0
3069,31.2643223,198.954749,0
3070,31.2643223,198.954749,0
3071,31.2643223,198.954749,0
3072,31.2643223,198.954749,0
3073,31.2643223,198.954749,0
3074,31.2643223,201.7969597,0
3075,31.2643223,201.7969597,0
3076,31.2643223,201.7969597,0
3077,31.2643223,201.7969597,0
3078,31.2643223,201.7969597,0
3079,31.2643223,201.7969597,0
3080,31.2643223,201.7969597,0
3081,31.2643223,201.7969597,0
3082,31.2643223,201.7969597,0
3083,31.2643223,201.7969597,0
3084,31.2643223,201.7969597,0
3085,31.2643223,201.7969597,0
3086,31.2643223,201.7969597,0
3087,31.2643223,201.7969597,0
3088,31.2643223,201.7969597,0
3089,31.2643223,201.7969597,0
3090,31.2643223,201.7969597,0
3091,31.2643223,201.7969597,0
3092,31.2643223,201.7969597,0
3093,31.2643223,201.7969597,0
3094,31.2643223,201.7969597,0
3095,31.2643223,201.7969597,0
3096,31.2643223,201.7969597,0
3097,31.2643223,201.7969597,0
3098,31.2643223,201.7969597,0
3099,31.2643223,201.7969597,0
3100,31.2643223,201.7969597,0
3101,31.2643223,201.7969597,0
3102,31.2643223,201.7969597,0
3103,31.2643223,201.7969597,0
3104,31.2643223,201.7969597,0
3105,31.2643223,201.7969597,0
3106,31.2643223,201.7969597,0
3107,31.2643223,201.7969597,0
3108,31.2643223,201.7969597,0
3109,31.2643223,201.7969597,0
3110,31.2643223,201.7969597,0
3111,31.2643223,201.7969597,0
3112,31.2643223,201.7969597,0
3113,31.2643223,201.7969597,0
3114,28.42211117,201.7969597,0
3115,28.42211117,201.7969597,0
3116,28.42211117,201.7969597,0
3117,28.42211117,201.7969597,0
3118,28.42211117,201.7969597,0
3119,28.42211117,201.7969597,0
3120,28.42211117,201.7969597,0
3121,28.42211117,201.7969597,0
3122,28.42211117,201.7969597,0
3123,28.42211117,201.7969597,0
3124,28.42211117,201.7969597,0
3125,28.42211117,201.7969597,0
3126,28.42211117,201.7969597,0
3127,28.42211117,201.7969597,0
3128,28.42211117,201.7969597,0
3129,28.42211117,201.7969597,0
3130,28.42211117,201.7969597,0
3131,28.42211117,201.7969597,0
3132,28.42211117,198.954749,0
3133,31.2643223,198.954749,0
3134,31.2643223,198.954749,0
3135,31.2643223,198.954749,0
3136,31.2643223,198.954749,0
3137,31.2643223,198.954749,0
3138,31.2643223,198.954749,0
3139,31.2643223,198.954749,0
3140,31.2643223,198.954749,0
3141,31.2643223,198.954749,0
3142,31.2643223,198.954749,0
3143,31.2643223,201.7969597,0
3144,31.2643223,201.7969597,0
3145,31.2643223,201.7969597,0
3146,31.2643223,201.7969597,0
3147,31.2643223,201.7969597,0
3148,31.2643223,201.7969597,0
3149,31.2643223,201.7969597,0
3150,31.2643223,201.7969597,0
3151,31.2643223,201.7969597,0
3152,31.2643223,201.7969597,0
3153,31.2643223,201.7969597,0
3154,31.2643223,201.7969597,0
3155,31.2643223,201.7969597,0
3156,31.2643223,201.7969597,0
3157,31.2643223,201.7969597,0
3158,31.2643223,201.7969597,0
3159,31.2643223,201.7969597,0
3160,31.2643223,201.7969597,0
3161,31.2643223,201.7969597,0
3162,31.2643223,201.7969597,0
3163,31.2643223,201.7969597,0
3164,31.2643223,201.7969597,0
3165,31.2643223,201.7969597,0
3166,31.2643223,201.7969597,0
3167,31.2643223,201.7969597,0
3168,31.2643223,201.7969597,0
3169,31.2643223,201.7969597,0
3170,31.2643223,201.7969597,0
3171,31.2643223,201.7969597,0
3172,31.2643223,201.7969597,0
3173,31.2643223,201.7969597,0
3174,31.2643223,201.7969597,0
3175,31.2643223,201.7969597,0
3176,31.2643223,201.7969597,0
3177,31.2643223,201.7969597,0
3178,31.2643223,201.7969597,0
3179,31.2643223,201.7969597,0
3180,31.2643223,201.7969597,0
3181,31.2643223,201.7969597,0
3182,31.2643223,201.7969597,0
3183,28.42211117,201.7969597,0
3184,28.42211117,201.7969597,0
3185,28.42211117,201.7969597,0
3186,28.42211117,201.7969597,0
3187,28.42211117,201.7969597,0
3188,28.42211117,201.7969597,0
3189,28.42211117,201.7969597,0
3190,28.42211117,201.7969597,0
3191,28.42211117,201.7969597,0
3192,28.42211117,201.7969597,0
3193,28.42211117,198.954749,0
3194,28.42211117,198.954749,0
3195,31.2643223,198.954749,0
3196,31.2643223,198.954749,0
3197,31.2643223,198.954749,0
3198,31.2643223,198.954749,0
3199,31.2643223,198.954749,0
3200,31.2643223,198.954749,0
3201,31.2643223,198.954749,0
3202,31.2643223,198.954749,0
3203,31.2643223,198.954749,0
3204,31.2643223,198.954749,0
3205,31.2643223,198.954749,0
3206,31.2643223,198.954749,0
3207,31.2643223,198.954749,0
3208,31.2643223,198.954749,0
3209,31.2643223,198.954749,0
3210,31.2643223,198.954749,0
3211,31.2643223,198.954749,0
3212,31.2643223,198.954749,0
3213,31.2643223,198.954749,0
3214,31.2643223,198.954749,0
3215,31.2643223,198.954749,0
3216,31.2643223,198.954749,0
3217,31.2643223,198.954749,0
3218,31.2643223,198.954749,0
3219,31.2643223,198.954749,0
3220,31.2643223,198.954749,0
3221,31.2643223,198.954749,0
3222,31.2643223,198.954749,0
3223,31.2643223,198.954749,0
3224,31.2643223,198.954749,0
3225,31.2643223,198.954749,0
3226,31.2643223,198.954749,0
3227,31.2643223,198.954749,0
3228,31.2643223,198.954749,0
3229,31.2643223,198.954749,0
3230,31.2643223,198.954749,0
3231,31.2643223,198.954749,0
3232,31.2643223,198.954749,0
3233,31.2643223,198.954749,0
3234,31.2643223,198.954749,0
3235,31.2643223,198.954749,0
3236,31.2643223,198.954749,0
3237,31.2643223,198.954749,0
3238,31.2643223,198.954749,0
3239,31.2643223,198.954749,0
3240,31.2643223,198.954749,0
3241,31.2643223,198.954749,0
3242,31.2643223,198.954749,0
3243,31.2643223,198.954749,0
3244,31.2643223,198.954749,0
3245,28.42211117,198.954749,0
3246,28.42211117,198.954749,0
3247,28.42211117,198.954749,0
3248,28.42211117,198.954749,0
3249,28.42211117,198.954749,0
3250,28.42211117,198.954749,0
3251,28.42211117,198.954749,0
3252,28.42211117,198.954749,0
3253,28.42211117,198.954749,0
3254,28.42211117,198.954749,0
3255,28.42211117,198.954749,0
3256,28.42211117,198.954749,0
3257,28.42211117,198.954749,0
3258,28.42211117,198.954749,0
3259,28.42211117,198.954749,0
3260,28.42211117,198.954749,0
3261,28.42211117,198.954749,0
3262,28.42211117,198.954749,0
3263,28.42211117,198.954749,0
3264,28.42211117,198.954749,0
3265,28.42211117,198.954749,0
3266,28.42211117,198.954749,0
3267,28.42211117,198.954749,0
3268,31.2643223,198.954749,0
3269,31.2643223,198.954749,0
3270,31.2643223,198.954749,0
3271,31.2643223,198.954749,0
3272,31.2643223,198.954749,0
3273,31.2643223,198.954749,0
3274,31.2643223,198.954749,0
3275,31.2643223,198.954749,0
3276,31.2643223,198.954749,0
3277,31.2643223,198.954749,0
3278,31.2643223,198.954749,0
3279,31.2643223,198.954749,0
3280,31.2643223,198.954749,0
3281,31.2643223,198.954749,0
3282,31.2643223,198.954749,0
3283,31.2643223,198.954749,0
3284,31.2643223,198.954749,0
3285,31.2643223,198.954749,0
3286,31.2643223,198.954749,0
3287,31.2643223,198.954749,0
3288,31.2643223,198.954749,0
3289,31.2643223,198.954749,0
3290,31.2643223,198.954749,0
3291,31.2643223,198.954749,0
3292,31.2643223,198.954749,0
3293,31.2643223,198.954749,0
3294,31.2643223,198.954749,0
3295,31.2643223,198.954749,0
3296,31.2643223,198.954749,0
3297,31.2643223,198.954749,0
3298,31.2643223,198.954749,0
3299,31.2643223,198.954749,0
3300,31.2643223,198.954749,0
3301,31.2643223,198.954749,0
3302,31.2643223,198.954749,0
3303,31.2643223,198.954749,0
3304,31.2643223,198.954749,0
3305,31.2643223,198.954749,0
3306,31.2643223,198.954749,0
3307,31.2643223,201.7969597,0
3308,31.2643223,201.7969597,0
3309,31.2643223,201.7969597,0
3310,31.2643223,201.7969597,0
3311,31.2643223,201.7969597,0
3312,31.2643223,201.7969597,0
3313,31.2643223,201.7969597,0
3314,31.2643223,201.7969597,0
3315,31.2643223,201.7969597,0
3316,31.2643223,201.7969597,0
3317,31.2643223,201.7969597,0
3318,31.2643223,201.7969597,0
3319,31.2643223,201.7969597,0
3320,31.2643223,201.7969597,0
3321,31.2643223,201.7969597,0
3322,31.2643223,201.7969597,0
3323,31.2643223,201.7969597,0
3324,31.2643223,201.7969597,0
3325,31.2643223,201.7969597,0
3326,31.2643223,201.7969597,0
3327,31.2643223,201.7969597,0
3328,31.2643223,201.7969597,0
3329,31.2643223,201.7969597,0
3330,31.2643223,201.7969597,0
3331,31.2643223,201.7969597,0
3332,31.2643223,201.7969597,0
3333,31.2643223,201.7969597,0
3334,31.2643223,201.7969597,0
3335,31.2643223,201.7969597,0
3336,31.2643223,201.7969597,0
3337,31.2643223,201.7969597,0
3338,31.2643223,201.7969597,0
3339,31.2643223,201.7969597,0
3340,31.2643223,201.7969597,0
3341,31.2643223,201.7969597,0
3342,31.2643223,201.7969597,0
3343,31.2643223,201.7969597,0
3344,31.2643223,201.7969597,0
3345,31.2643223,201.7969597,0
3346,31.2643223,201.7969597,0
3347,31.2643223,201.7969597,0
3348,31.2643223,201.7969597,0
3349,31.2643223,201.7969597,0
3350,31.2643223,201.7969597,0
3351,31.2643223,201.7969597,0
3352,31.2643223,201.7969597,0
3353,31.2643223,201.7969597,0
3354,31.2643223,201.7969597,0
3355,31.2643223,201.7969597,0
3356,31.2643223,201.7969597,0
3357,31.2643223,201.7969597,0
3358,31.2643223,201.7969597,0
3359,31.2643223,201.7969597,0
3360,31.2643223,201.7969597,0
3361,31.2643223,201.7969597,0
3362,31.2643223,201.7969597,0
3363,31.2643223,201.7969597,0
3364,31.2643223,201.7969597,0
3365,31.2643223,201.7969597,0
3366,31.2643223,201.7969597,0
3367,31.2643223,201.7969597,0
3368,31.2643223,201.7969597,0
3369,31.2643223,201.7969597,0
3370,31.2643223,201.7969597,0
3371,31.2643223,201.7969597,0
3372,31.2643223,201.7969597,0
3373,31.2643223,201.7969597,0
3374,31.2643223,201.7969597,0
3375,31.2643223,201.7969597,0
3376,31.2643223,204.6391704,0
3377,31.2643223,204.6391704,0
3378,31.2643223,204.6391704,0
3379,31.2643223,204.6391704,0
3380,31.2643223,204.6391704,0
3381,31.2643223,204.6391704,0
3382,31.2643223,204.6391704,0
3383,31.2643223,204.6391704,0
3384,31.2643223,204.6391704,0
3385,31.2643223,204.6391704,0
3386,31.2643223,204.6391704,0
3387,28.42211117,204.6391704,0
3388,28.42211117,204.6391704,0
3389,28.42211117,204.6391704,0
3390,28.42211117,204.6391704,0
3391,28.42211117,204.6391704,0
3392,28.42211117,204.6391704,0
3393,28.42211117,204.6391704,0
3394,28.42211117,204.6391704,0
3395,28.42211117,204.6391704,0
3396,28.42211117,204.6391704,0
3397,28.42211117,204.6391704,0
3398,28.42211117,204.6391704,0
3399,28.42211117,204.6391704,0
3400,28.42211117,204.6391704,0
3401,28.42211117,204.6391704,0
3402,28.42211117,204.6391704,0
3403,28.42211117,204.6391704,0
3404,28.42211117,204.6391704,0
3405,28.42211117,204.6391704,0
3406,28.42211117,204.6391704,0
3407,28.42211117,204.6391704,0
3408,28.42211117,204.6391704,0
3409,28.42211117,204.6391704,0
3410,28.42211117,204.6391704,0
3411,28.42211117,204.6391704,0
3412,28.42211117,204.6391704,0
3413,28.42211117,204.6391704,0
3414,28.42211117,204.6391704,0
3415,28.42211117,204.6391704,0
3416,28.42211117,204.6391704,0
3417,28.42211117,204.6391704,0
3418,28.42211117,204.6391704,0
3419,28.42211117,204.6391704,0
3420,28.42211117,204.6391704,0
3421,28.42211117,204.6391704,0
3422,28.42211117,204.6391704,0
3423,28.42211117,204.6391704,0
3424,28.42211117,204.6391704,0
3425,28.42211117,204.6391704,0
3426,28.42211117,198.954749,0
3427,28.42211117,198.954749,0
3428,25.57990005,198.954749,0
3429,25.57990005,198.954749,0
3430,25.57990005,198.954749,0
3431,25.57990005,198.954749,0
3432,25.57990005,198.954749,0
3433,25.57990005,198.954749,0
3434,25.57990005,198.954749,0
3435,25.57990005,198.954749,0
3436,25.57990005,201.7969597,0
3437,25.57990005,201.7969597,0
3438,25.57990005,201.7969597,0
3439,25.57990005,201.7969597,0
3440,25.57990005,201.7969597,0
3441,25.57990005,201.7969597,0
3442,25.57990005,201.7969597,0
3443,25.57990005,201.7969597,0
3444,25.57990005,201.7969597,0
3445,25.57990005,201.7969597,0
3446,25.57990005,201.7969597,0
3447,25.57990005,201.7969597,0
3448,25.57990005,201.7969597,0
3449,25.57990005,201.7969597,0
3450,31.2643223,201.7969597,0
3451,31.2643223,201.7969597,0
3452,31.2643223,201.7969597,0
3453,31.2643223,201.7969597,0
3454,31.2643223,201.7969597,0
3455,31.2643223,201.7969597,0
3456,31.2643223,201.7969597,0
3457,31.2643223,201.7969597,0
3458,31.2643223,201.7969597,0
3459,31.2643223,201.7969597,0
3460,31.2643223,201.7969597,0
3461,31.2643223,201.7969597,0
3462,31.2643223,201.7969597,0
3463,31.2643223,201.7969597,0
3464,31.2643223,201.7969597,0
3465,31.2643223,201.7969597,0
3466,31.2643223,201.7969597,0
3467,31.2643223,201.7969597,0
3468,31.2643223,201.7969597,0
3469,31.2643223,201.7969597,0
3470,31.2643223,201.7969597,0
3471,31.2643223,201.7969597,0
3472,31.2643223,201.7969597,0
3473,31.2643223,201.7969597,0
3474,31.2643223,201.7969597,0
3475,31.2643223,201.7969597,0
3476,31.2643223,201.7969597,0
3477,31.2643223,201.7969597,0
3478,31.2643223,201.7969597,0
3479,31.2643223,201.7969597,0
3480,31.2643223,201.7969597,0
3481,31.2643223,201.7969597,0
3482,31.2643223,201.7969597,0
3483,31.2643223,201.7969597,0
3484,31.2643223,201.7969597,0
3485,31.2643223,201.7969597,0
3486,31.2643223,198.954749,0
3487,31.2643223,198.954749,0
3488,31.2643223,198.954749,0
3489,31.2643223,198.954749,0
3490,31.2643223,198.954749,0
3491,31.2643223,198.954749,0
3492,31.2643223,198.954749,0
3493,31.2643223,198.954749,0
3494,31.2643223,198.954749,0
3495,31.2643223,198.954749,0
3496,31.2643223,198.954749,0
3497,31.2643223,198.954749,0
3498,31.2643223,198.954749,0
3499,31.2643223,198.954749,0
3500,31.2643223,198.954749,0
3501,31.2643223,198.954749,0
3502,31.2643223,198.954749,0
3503,31.2643223,198.954749,0
3504,31.2643223,198.954749,0
3505,31.2643223,198.954749,0
3506,31.2643223,198.954749,0
3507,31.2643223,198.954749,0
3508,31.2643223,198.954749,0
3509,31.2643223,198.954749,0
3510,31.2643223,198.954749,0
3511,31.2643223,198.954749,0
3512,31.2643223,198.954749,0
3513,31.2643223,198.954749,0
3514,31.2643223,198.954749,0
3515,31.2643223,198.954749,0
3516,31.2643223,201.7969597,0
3517,31.2643223,201.7969597,0
3518,31.2643223,201.7969597,0
3519,31.2643223,201.7969597,0
3520,31.2643223,201.7969597,0
3521,31.2643223,201.7969597,0
3522,31.2643223,201.7969597,0
3523,31.2643223,201.7969597,0
3524,31.2643223,201.7969597,0
3525,31.2643223,201.7969597,0
3526,31.2643223,201.7969597,0
3527,31.2643223,201.7969597,0
3528,31.2643223,201.7969597,0
3529,31.2643223,201.7969597,0
3530,31.2643223,201.7969597,0
3531,31.2643223,201.7969597,0
3532,31.2643223,201.7969597,0
3533,31.2643223,201.7969597,0
3534,31.2643223,201.7969597,0
3535,31.2643223,201.7969597,0
3536,31.2643223,201.7969597,0
3537,31.2643223,201.7969597,0
3538,31.2643223,201.7969597,0
3539,31.2643223,201.7969597,0
3540,31.2643223,201.7969597,0
3541,31.2643223,201.7969597,0
3542,31.2643223,201.7969597,0
3543,31.2643223,201.7969597,0
3544,31.2643223,201.7969597,0
3545,31.2643223,201.7969597,0
3546,31.2643223,201.7969597,0
3547,31.2643223,201.7969597,0
3548,31.2643223,201.7969597,0
3549,31.2643223,201.7969597,0
3550,31.2643223,201.7969597,0
3551,31.2643223,201.7969597,0
3552,31.2643223,201.7969597,0
3553,31.2643223,201.7969597,0
3554,31.2643223,201.7969597,0
3555,31.2643223,201.7969597,0
3556,28.42211117,201.7969597,0
3557,31.2643223,201.7969597,0
3558,31.2643223,201.7969597,0
3559,31.2643223,201.7969597,0
3560,31.2643223,201.7969597,0
3561,31.2643223,201.7969597,0
3562,31.2643223,201.7969597,0
3563,31.2643223,201.7969597,0
3564,31.2643223,201.7969597,0
3565,31.2643223,201.7969597,0
3566,31.2643223,198.954749,0
3567,31.2643223,198.954749,0
3568,31.2643223,198.954749,0
3569,31.2643223,198.954749,0
3570,31.2643223,198.954749,0
3571,31.2643223,198.954749,0
3572,31.2643223,198.954749,0
3573,31.2643223,198.954749,0
3574,31.2643223,198.954749,0
3575,31.2643223,198.954749,0
3576,31.2643223,198.954749,0
3577,31.2643223,198.954749,0
3578,31.2643223,198.954749,0
3579,31.2643223,198.954749,0
3580,31.2643223,198.954749,0
3581,31.2643223,198.954749,0
3582,31.2643223,198.954749,0
3583,31.2643223,198.954749,0
3584,31.2643223,198.954749,0
3585,31.2643223,198.954749,0
3586,31.2643223,198.954749,0
3587,31.2643223,198.954749,0
3588,31.2643223,198.954749,0
3589,31.2643223,198.954749,0
3590,31.2643223,198.954749,0
3591,31.2643223,198.954749,0
3592,31.2643223,198.954749,0
3593,31.2643223,198.954749,0
3594,31.2643223,198.954749,0
3595,31.2643223,198.954749,0
3596,31.2643223,198.954749,0
3597,31.2643223,198.954749,0
3598,31.2643223,198.954749,0
3599,31.2643223,198.954749,0
3600,31.2643223,198.954749,0
3601,31.2643223,198.954749,0
3602,31.2643223,198.954749,0
3603,31.2643223,198.954749,0
3604,31.2643223,198.954749,0
3605,31.2643223,198.954749,0
3606,31.2643223,198.954749,0
3607,31.2643223,198.954749,0
3608,31.2643223,198.954749,0
3609,31.2643223,198.954749,0
3610,31.2643223,198.954749,0
3611,31.2643223,198.954749,0
3612,31.2643223,198.954749,0
3613,31.2643223,201.7969597,0
3614,28.42211117,201.7969597,0
3615,28.42211117,201.7969597,0
3616,28.42211117,201.7969597,0
3617,28.42211117,201.7969597,0
3618,28.42211117,201.7969597,0
3619,28.42211117,201.7969597,0
3620,28.42211117,201.7969597,0
3621,28.42211117,201.7969597,0
3622,28.42211117,201.7969597,0
3623,28.42211117,201.7969597,0
3624,28.42211117,201.7969597,0
3625,28.42211117,201.7969597,0
3626,28.42211117,201.7969597,0
3627,28.42211117,201.7969597,0
3628,28.42211117,201.7969597,0
3629,28.42211117,201.7969597,0
3630,28.42211117,201.7969597,0
3631,28.42211117,201.7969597,0
3632,28.42211117,201.7969597,0
3633,28.42211117,201.7969597,0
3634,28.42211117,201.7969597,0
3635,28.42211117,201.7969597,0
3636,28.42211117,201.7969597,0
3637,28.42211117,201.7969597,0
3638,28.42211117,201.7969597,0
3639,28.42211117,201.7969597,0
3640,28.42211117,201.7969597,0
3641,28.42211117,201.7969597,0
3642,28.42211117,201.7969597,0
3643,28.42211117,201.7969597,0
3644,28.42211117,201.7969597,0
3645,28.42211117,201.7969597,0
3646,28.42211117,201.7969597,0
3647,28.42211117,201.7969597,0
3648,28.42211117,201.7969597,0
3649,28.42211117,201.7969597,0
3650,28.42211117,201.7969597,0
3651,28.42211117,201.7969597,0
3652,28.42211117,201.7969597,0
3653,28.42211117,201.7969597,0
3654,28.42211117,201.7969597,0
3655,28.42211117,201.7969597,0
3656,28.42211117,201.7969597,0
3657,28.42211117,201.7969597,0
3658,28.42211117,201.7969597,0
3659,28.42211117,201.7969597,0
3660,28.42211117,201.7969597,0
3661,28.42211117,201.7969597,0
3662,28.42211117,201.7969597,0
3663,28.42211117,201.7969597,0
3664,28.42211117,201.7969597,0
3665,28.42211117,201.7969597,0
3666,28.42211117,201.7969597,0
3667,28.42211117,201.7969597,0
3668,28.42211117,201.7969597,0
3669,28.42211117,201.7969597,0
3670,28.42211117,201.7969597,0
3671,28.42211117,201.7969597,0
3672,28.42211117,201.7969597,0
3673,25.57990005,201.7969597,0
3674,28.42211117,196.1125383,0
3675,28.42211117,196.1125383,0
3676,28.42211117,196.1125383,0
3677,28.42211117,196.1125383,0
3678,28.42211117,196.1125383,0
3679,28.42211117,196.1125383,0
3680,28.42211117,196.1125383,0
3681,28.42211117,196.1125383,0
3682,28.42211117,196.1125383,0
3683,28.42211117,196.1125383,0
3684,28.42211117,196.1125383,0
3685,28.42211117,196.1125383,0
3686,28.42211117,196.1125383,0
3687,28.42211117,196.1125383,0
3688,28.42211117,196.1125383,0
3689,28.42211117,196.1125383,0
3690,28.42211117,196.1125383,0
3691,28.42211117,196.1125383,0
3692,28.42211117,196.1125383,0
3693,28.42211117,196.1125383,0
3694,28.42211117,196.1125383,0
3695,28.42211117,196.1125383,0
3696,28.42211117,196.1125383,0
3697,28.42211117,196.1125383,0
3698,28.42211117,196.1125383,0
3699,28.42211117,196.1125383,0
3700,28.42211117,196.1125383,0
3701,28.42211117,196.1125383,0
3702,28.42211117,196.1125383,0
3703,28.42211117,196.1125383,0
3704,28.42211117,196.1125383,0
3705,28.42211117,196.1125383,0
3706,28.42211117,196.1125383,0
3707,28.42211117,196.1125383,0
3708,28.42211117,196.1125383,0
3709,28.42211117,196.1125383,0
3710,28.42211117,196.1125383,0
3711,28.42211117,196.1125383,0
3712,28.42211117,196.1125383,0
3713,28.42211117,196.1125383,0
3714,28.42211117,196.1125383,0
3715,28.42211117,196.1125383,0
3716,28.42211117,196.1125383,0
3717,28.42211117,196.1125383,0
3718,28.42211117,196.1125383,0
3719,28.42211117,198.954749,0
3720,28.42211117,198.954749,0
3721,28.42211117,198.954749,0
3722,28.42211117,198.954749,0
3723,28.42211117,198.954749,0
3724,28.42211117,198.954749,0
3725,28.42211117,198.954749,0
3726,28.42211117,198.954749,0
3727,28.42211117,198.954749,0
3728,28.42211117,198.954749,0
3729,28.42211117,198.954749,0
3730,28.42211117,198.954749,0
3731,28.42211117,198.954749,0
3732,28.42211117,198.954749,0
3733,28.42211117,198.954749,0
3734,28.42211117,198.954749,0
3735,28.42211117,198.954749,0
3736,28.42211117,198.954749,0
3737,28.42211117,198.954749,0
3738,28.42211117,198.954749,0
3739,28.42211117,198.954749,0
3740,28.42211117,198.954749,0
3741,28.42211117,198.954749,0
3742,28.42211117,198.954749,0
3743,28.42211117,198.954749,0
3744,28.42211117,198.954749,0
3745,28.42211117,198.954749,0
3746,28.42211117,198.954749,0
3747,28.42211117,198.954749,0
3748,31.2643223,198.954749,0
3749,31.2643223,198.954749,0
3750,31.2643223,198.954749,0
3751,31.2643223,198.954749,0
3752,31.2643223,198.954749,0
3753,31.2643223,198.954749,0
3754,31.2643223,198.954749,0
3755,31.2643223,198.954749,0
3756,31.2643223,198.954749,0
3757,31.2643223,198.954749,0
3758,31.2643223,198.954749,0
3759,31.2643223,198.954749,0
3760,31.2643223,198.954749,0
3761,31.2643223,198.954749,0
3762,31.2643223,198.954749,0
3763,31.2643223,198.954749,0
3764,31.2643223,198.954749,0
3765,31.2643223,198.954749,0
3766,31.2643223,198.954749,0
3767,31.2643223,198.954749,0
3768,31.2643223,198.954749,0
3769,31.2643223,198.954749,0
3770,31.2643223,198.954749,0
3771,31.2643223,198.954749,0
3772,31.2643223,198.954749,0
3773,31.2643223,198.954749,0
3774,31.2643223,198.954749,0
3775,31.2643223,198.954749,0
3776,31.2643223,198.954749,0
3777,31.2643223,198.954749,0
3778,31.2643223,198.954749,0
3779,31.2643223,198.954749,0
3780,31.2643223,198.954749,0
3781,31.2643223,198.954749,0
3782,31.2643223,198.954749,0
3783,31.2643223,198.954749,0
3784,31.2643223,198.954749,0
3785,31.2643223,198.954749,0
3786,31.2643223,198.954749,0
3787,31.2643223,198.954749,0
3788,31.2643223,198.954749,0
3789,31.2643223,198.954749,0
3790,31.2643223,198.954749,0
3791,31.2643223,198.954749,0
3792,31.2643223,198.954749,0
3793,31.2643223,198.954749,0
3794,31.2643223,198.954749,0
3795,31.2643223,198.954749,0
3796,31.2643223,198.954749,0
3797,31.2643223,198.954749,0
3798,31.2643223,198.954749,0
3799,31.2643223,198.954749,0
3800,31.2643223,201.7969597,0
3801,31.2643223,201.7969597,0
3802,31.2643223,201.7969597,0
3803,31.2643223,201.7969597,0
3804,31.2643223,201.7969597,0
3805,31.2643223,201.7969597,0
3806,31.2643223,201.7969597,0
3807,31.2643223,201.7969597,0
3808,31.2643223,201.7969597,0
3809,31.2643223,201.7969597,0
3810,31.2643223,201.7969597,0
3811,31.2643223,201.7969597,0
3812,31.2643223,201.7969597,0
3813,31.2643223,201.7969597,0
3814,31.2643223,201.7969597,0
3815,31.2643223,201.7969597,0
3816,31.2643223,201.7969597,0
3817,31.2643223,201.7969597,0
3818,31.2643223,201.7969597,0
3819,31.2643223,201.7969597,0
3820,31.2643223,201.7969597,0
3821,31.2643223,201.7969597,0
3822,31.2643223,201.7969597,0
3823,31.2643223,201.7969597,0
3824,31.2643223,201.7969597,0
3825,31.2643223,201.7969597,0
3826,31.2643223,201.7969597,0
3827,31.2643223,201.7969597,0
3828,31.2643223,201.7969597,0
3829,31.2643223,201.7969597,0
3830,31.2643223,201.7969597,0
3831,31.2643223,201.7969597,0
3832,31.2643223,201.7969597,0
3833,31.2643223,201.7969597,0
3834,31.2643223,201.7969597,0
3835,31.2643223,201.7969597,0
3836,31.2643223,201.7969597,0
3837,31.2643223,201.7969597,0
3838,31.2643223,201.7969597,0
3839,31.2643223,201.7969597,0
3840,31.2643223,201.7969597,0
3841,31.2643223,201.7969597,0
3842,31.2643223,201.7969597,0
3843,31.2643223,201.7969597,0
3844,31.2643223,201.7969597,0
3845,31.2643223,201.7969597,0
3846,31.2643223,201.7969597,0
3847,31.2643223,201.7969597,0
3848,31.2643223,201.7969597,0
3849,31.2643223,201.7969597,0
3850,31.2643223,201.7969597,0
3851,31.2643223,201.7969597,0
3852,31.2643223,201.7969597,0
3853,31.2643223,201.7969597,0
3854,31.2643223,201.7969597,0
3855,31.2643223,201.7969597,0
3856,31.2643223,201.7969597,0
3857,31.2643223,201.7969597,0
3858,31.2643223,201.7969597,0
3859,31.2643223,201.7969597,0
3860,31.2643223,201.7969597,0
3861,31.2643223,201.7969597,0
3862,31.2643223,201.7969597,0
3863,31.2643223,201.7969597,0
3864,28.42211117,201.7969597,0
3865,28.42211117,201.7969597,0
3866,28.42211117,201.7969597,0
3867,28.42211117,201.7969597,0
3868,28.42211117,201.7969597,0
3869,28.42211117,201.7969597,0
3870,28.42211117,201.7969597,0
3871,28.42211117,201.7969597,0
3872,28.42211117,201.7969597,0
3873,28.42211117,201.7969597,0
3874,28.42211117,201.7969597,0
3875,28.42211117,201.7969597,0
3876,28.42211117,201.7969597,0
3877,28.42211117,201.7969597,0
3878,28.42211117,201.7969597,0
3879,28.42211117,201.7969597,0
3880,28.42211117,201.7969597,0
3881,28.42211117,201.7969597,0
3882,34.10653342,201.7969597,0
3883,34.10653342,201.7969597,0
3884,34.10653342,201.7969597,0
3885,34.10653342,201.7969597,0
3886,34.10653342,201.7969597,0
3887,34.10653342,201.7969597,0
3888,34.10653342,201.7969597,0
3889,34.10653342,201.7969597,0
3890,34.10653342,201.7969597,0
3891,34.10653342,201.7969597,0
3892,34.10653342,201.7969597,0
3893,34.10653342,201.7969597,0
3894,34.10653342,201.7969597,0
3895,34.10653342,201.7969597,0
3896,34.10653342,201.7969597,0
3897,34.10653342,201.7969597,0
3898,34.10653342,201.7969597,0
3899,34.10653342,201.7969597,0
3900,34.10653342,201.7969597,0
3901,34.10653342,201.7969597,0
3902,34.10653342,201.7969597,0
3903,34.10653342,201.7969597,0
3904,34.10653342,201.7969597,0
3905,34.10653342,201.7969597,0
3906,34.10653342,201.7969597,0
3907,34.10653342,201.7969597,0
3908,34.10653342,201.7969597,0
3909,34.10653342,201.7969597,0
3910,34.10653342,201.7969597,0
3911,34.10653342,201.7969597,0
3912,34.10653342,201.7969597,0
3913,34.10653342,201.7969597,0
3914,34.10653342,201.7969597,0
3915,34.10653342,198.954749,0
3916,34.10653342,198.954749,0
3917,34.10653342,198.954749,0
3918,34.10653342,198.954749,0
3919,34.10653342,198.954749,0
3920,34.10653342,198.954749,0
3921,34.10653342,198.954749,0
3922,34.10653342,198.954749,0
3923,34.10653342,198.954749,0
3924,34.10653342,198.954749,0
3925,34.10653342,198.954749,0
3926,34.10653342,198.954749,0
3927,34.10653342,198.954749,0
3928,34.10653342,198.954749,0
3929,34.10653342,198.954749,0
3930,34.10653342,198.954749,0
3931,34.10653342,198.954749,0
3932,28.42211117,198.954749,0
3933,28.42211117,198.954749,0
3934,28.42211117,198.954749,0
3935,28.42211117,198.954749,0
3936,28.42211117,198.954749,0
3937,28.42211117,198.954749,0
3938,28.42211117,198.954749,0
3939,28.42211117,198.954749,0
3940,28.42211117,198.954749,0
3941,28.42211117,198.954749,0
3942,28.42211117,198.954749,0
3943,28.42211117,198.954749,0
3944,28.42211117,198.954749,0
3945,31.2643223,198.954749,0
3946,31.2643223,198.954749,0
3947,31.2643223,198.954749,0
3948,31.2643223,198.954749,0
3949,31.2643223,198.954749,0
3950,31.2643223,198.954749,0
3951,31.2643223,198.954749,0
3952,31.2643223,198.954749,0
3953,31.2643223,198.954749,0
3954,31.2643223,198.954749,0
3955,31.2643223,198.954749,0
3956,31.2643223,198.954749,0
3957,31.2643223,198.954749,0
3958,31.2643223,198.954749,0
3959,31.2643223,198.954749,0
3960,31.2643223,198.954749,0
3961,31.2643223,198.954749,0
3962,31.2643223,198.954749,0
3963,31.2643223,198.954749,0
3964,31.2643223,198.954749,0
3965,31.2643223,198.954749,0
3966,31.2643223,198.954749,0
3967,31.2643223,198.954749,0
3968,31.2643223,198.954749,0
3969,31.2643223,198.954749,0
3970,31.2643223,198.954749,0
3971,31.2643223,198.954749,0
3972,31.2643223,198.954749,0
3973,31.2643223,198.954749,0
3974,31.2643223,198.954749,0
3975,31.2643223,198.954749,0
3976,31.2643223,198.954749,0
3977,31.2643223,198.954749,0
3978,31.2643223,198.954749,0
3979,31.2643223,198.954749,0
3980,31.2643223,198.954749,0
3981,31.2643223,198.954749,0
3982,31.2643223,198.954749,0
3983,31.2643223,198.954749,0
3984,31.2643223,198.954749,0
3985,31.2643223,198.954749,0
3986,31.2643223,198.954749,0
3987,31.2643223,198.954749,0
3988,31.2643223,198.954749,0
3989,31.2643223,198.954749,0
3990,31.2643223,198.954749,0
3991,31.2643223,198.954749,0
3992,31.2643223,198.954749,0
3993,31.2643223,198.954749,0
3994,31.2643223,198.954749,0
3995,31.2643223,198.954749,0
3996,31.2643223,198.954749,0
3997,31.2643223,198.954749,0
3998,31.2643223,198.954749,0
3999,31.2643223,198.954749,0
4000,31.2643223,198.954749,0
4001,31.2643223,198.954749,0
4002,31.2643223,198.954749,0
4003,31.2643223,198.954749,0
4004,31.2643223,198.954749,0
4005,31.2643223,198.954749,0
4006,31.2643223,198.954749,0
4007,31.2643223,198.954749,0
4008,31.2643223,198.954749,0
4009,31.2643223,198.954749,0
4010,31.2643223,198.954749,0
4011,31.2643223,198.954749,0
4012,31.2643223,198.954749,0
4013,31.2643223,198.954749,0
4014,31.2643223,198.954749,0
4015,31.2643223,198.954749,0
4016,31.2643223,198.954749,0
4017,31.2643223,198.954749,0
4018,31.2643223,198.954749,0
4019,31.2643223,198.954749,0
4020,31.2643223,198.954749,0
4021,31.2643223,198.954749,0
4022,31.2643223,198.954749,0
4023,31.2643223,198.954749,0
4024,31.2643223,198.954749,0
4025,31.2643223,198.954749,0
4026,31.2643223,198.954749,0
4027,31.2643223,198.954749,0
4028,31.2643223,198.954749,0
4029,31.2643223,198.954749,0
4030,31.2643223,198.954749,0
4031,31.2643223,198.954749,0
4032,31.2643223,198.954749,0
4033,31.2643223,198.954749,0
4034,31.2643223,198.954749,0
4035,31.2643223,198.954749,0
4036,31.2643223,198.954749,0
4037,31.2643223,198.954749,0
4038,31.2643223,201.7969597,0
4039,31.2643223,201.7969597,0
4040,31.2643223,201.7969597,0
4041,31.2643223,201.7969597,0
4042,31.2643223,201.7969597,0
4043,31.2643223,201.7969597,0
4044,31.2643223,201.7969597,0
4045,31.2643223,201.7969597,0
4046,31.2643223,201.7969597,0
4047,31.2643223,201.7969597,0
4048,31.2643223,201.7969597,0
4049,31.2643223,201.7969597,0
4050,31.2643223,201.7969597,0
4051,31.2643223,201.7969597,0
4052,31.2643223,201.7969597,0
4053,31.2643223,201.7969597,0
4054,31.2643223,201.7969597,0
4055,31.2643223,201.7969597,0
4056,31.2643223,201.7969597,0
4057,31.2643223,201.7969597,0
4058,31.2643223,201.7969597,0
4059,31.2643223,201.7969597,0
4060,31.2643223,201.7969597,0
4061,31.2643223,201.7969597,0
4062,31.2643223,201.7969597,0
4063,31.2643223,201.7969597,0
4064,31.2643223,201.7969597,0
4065,31.2643223,201.7969597,0
4066,31.2643223,201.7969597,0
4067,31.2643223,201.7969597,0
4068,31.2643223,201.7969597,0
4069,31.2643223,201.7969597,0
4070,31.2643223,201.7969597,0
4071,31.2643223,201.7969597,0
4072,31.2643223,201.7969597,0
4073,31.2643223,201.7969597,0
4074,31.2643223,201.7969597,0
4075,31.2643223,201.7969597,0
4076,31.2643223,201.7969597,0
4077,31.2643223,201.7969597,0
4078,31.2643223,201.7969597,0
4079,31.2643223,201.7969597,0
4080,31.2643223,201.7969597,0
4081,31.2643223,201.7969597,0
4082,31.2643223,201.7969597,0
4083,31.2643223,201.7969597,0
4084,31.2643223,201.7969597,0
4085,31.2643223,201.7969597,0
4086,31.2643223,201.7969597,0
4087,31.2643223,201.7969597,0
4088,31.2643223,198.954749,0
4089,31.2643223,198.954749,0
4090,31.2643223,198.954749,0
4091,31.2643223,198.954749,0
4092,31.2643223,198.954749,0
4093,31.2643223,198.954749,0
4094,31.2643223,198.954749,0
4095,31.2643223,198.954749,0
4096,31.2643223,198.954749,0
4097,31.2643223,198.954749,0
4098,31.2643223,198.954749,0
4099,31.2643223,198.954749,0
4100,31.2643223,198.954749,0
4101,31.2643223,198.954749,0
4102,31.2643223,198.954749,0
4103,31.2643223,198.954749,0
4104,31.2643223,198.954749,0
4105,31.2643223,198.954749,0
4106,31.2643223,198.954749,0
4107,31.2643223,198.954749,0
4108,31.2643223,198.954749,0
4109,31.2643223,198.954749,0
4110,31.2643223,198.954749,0
4111,31.2643223,198.954749,0
4112,31.2643223,198.954749,0
4113,31.2643223,198.954749,0
4114,31.2643223,198.954749,0
4115,31.2643223,198.954749,0
4116,31.2643223,198.954749,0
4117,31.2643223,198.954749,0
4118,31.2643223,198.954749,0
4119,31.2643223,198.954749,0
4120,28.42211117,198.954749,0
4121,28.42211117,198.954749,0
4122,28.42211117,198.954749,0
4123,28.42211117,198.954749,0
4124,28.42211117,198.954749,0
4125,28.42211117,198.954749,0
4126,28.42211117,198.954749,0
4127,28.42211117,198.954749,0
4128,28.42211117,198.954749,0
4129,28.42211117,198.954749,0
4130,28.42211117,198.954749,0
4131,28.42211117,198.954749,0
4132,28.42211117,198.954749,0
4133,28.42211117,198.954749,0
4134,28.42211117,198.954749,0
4135,28.42211117,198.954749,0
4136,28.42211117,198.954749,0
4137,28.42211117,198.954749,0
4138,28.42211117,198.954749,0
4139,28.42211117,198.954749,0
4140,28.42211117,198.954749,0
4141,28.42211117,198.954749,0
4142,28.42211117,198.954749,0
4143,28.42211117,198.954749,0
4144,28.42211117,198.954749,0
4145,28.42211117,198.954749,0
4146,28.42211117,198.954749,0
4147,28.42211117,198.954749,0
4148,28.42211117,198.954749,0
4149,28.42211117,198.954749,0
4150,28.42211117,198.954749,0
4151,28.42211117,198.954749,0
4152,28.42211117,198.954749,0
4153,28.42211117,198.954749,0
4154,28.42211117,198.954749,0
4155,28.42211117,198.954749,0
4156,28.42211117,198.954749,0
4157,28.42211117,198.954749,0
4158,28.42211117,198.954749,0
4159,28.42211117,198.954749,0
4160,28.42211117,198.954749,0
4161,28.42211117,198.954749,0
4162,28.42211117,198.954749,0
4163,28.42211117,198.954749,0
4164,28.42211117,198.954749,0
4165,28.42211117,198.954749,0
4166,28.42211117,198.954749,0
4167,28.42211117,198.954749,0
4168,28.42211117,198.954749,0
4169,28.42211117,198.954749,0
4170,28.42211117,198.954749,0
4171,28.42211117,198.954749,0
4172,28.42211117,198.954749,0
4173,28.42211117,198.954749,0
4174,28.42211117,198.954749,0
4175,28.42211117,198.954749,0
4176,28.42211117,198.954749,0
4177,31.2643223,198.954749,0
4178,31.2643223,198.954749,0
4179,31.2643223,198.954749,0
4180,31.2643223,198.954749,0
4181,31.2643223,198.954749,0
4182,31.2643223,198.954749,0
4183,31.2643223,198.954749,0
4184,31.2643223,198.954749,0
4185,31.2643223,198.954749,0
4186,31.2643223,198.954749,0
4187,31.2643223,198.954749,0
4188,31.2643223,198.954749,0
4189,31.2643223,198.954749,0
4190,31.2643223,198.954749,0
4191,31.2643223,198.954749,0
4192,31.2643223,198.954749,0
4193,31.2643223,198.954749,0
4194,31.2643223,198.954749,0
4195,31.2643223,198.954749,0
4196,31.2643223,198.954749,0
4197,31.2643223,198.954749,0
4198,31.2643223,198.954749,0
4199,31.2643223,198.954749,0
4200,31.2643223,198.954749,0
4201,31.2643223,198.954749,0
4202,31.2643223,198.954749,0
4203,31.2643223,198.954749,0
4204,31.2643223,198.954749,0
4205,31.2643223,198.954749,0
4206,31.2643223,198.954749,0
4207,31.2643223,198.954749,0
4208,31.2643223,198.954749,0
4209,31.2643223,198.954749,0
4210,31.2643223,198.954749,0
4211,31.2643223,198.954749,0
4212,31.2643223,198.954749,0
4213,31.2643223,198.954749,0
4214,31.2643223,198.954749,0
4215,31.2643223,198.954749,0
4216,31.2643223,198.954749,0
4217,31.2643223,198.954749,0
4218,31.2643223,198.954749,0
4219,31.2643223,198.954749,0
4220,31.2643223,198.954749,0
4221,31.2643223,198.954749,0
4222,31.2643223,198.954749,0
4223,31.2643223,198.954749,0
4224,31.2643223,198.954749,0
4225,31.2643223,201.7969597,0
4226,31.2643223,201.7969597,0
4227,31.2643223,201.7969597,0
4228,31.2643223,201.7969597,0
4229,31.2643223,201.7969597,0
4230,31.2643223,201.7969597,0
4231,31.2643223,201.7969597,0
4232,31.2643223,201.7969597,0
4233,31.2643223,201.7969597,0
4234,31.2643223,201.7969597,0
4235,31.2643223,201.7969597,0
4236,31.2643223,201.7969597,0
4237,31.2643223,201.7969597,0
4238,31.2643223,201.7969597,0
4239,31.2643223,204.6391704,0
4240,31.2643223,204.6391704,0
4241,31.2643223,204.6391704,0
4242,31.2643223,204.6391704,0
4243,31.2643223,204.6391704,0
4244,31.2643223,204.6391704,0
4245,31.2643223,204.6391704,0
4246,31.2643223,204.6391704,0
4247,31.2643223,204.6391704,0
4248,31.2643223,204.6391704,0
4249,31.2643223,204.6391704,0
4250,31.2643223,204.6391704,0
4251,31.2643223,204.6391704,0
4252,31.2643223,204.6391704,0
4253,31.2643223,204.6391704,0
4254,31.2643223,204.6391704,0
4255,31.2643223,204.6391704,0
4256,31.2643223,204.6391704,0
4257,31.2643223,204.6391704,0
4258,31.2643223,204.6391704,0
4259,31.2643223,204.6391704,0
4260,31.2643223,204.6391704,0
4261,31.2643223,204.6391704,0
4262,31.2643223,204.6391704,0
4263,31.2643223,204.6391704,0
4264,31.2643223,204.6391704,0
4265,31.2643223,204.6391704,0
4266,28.42211117,204.6391704,0
4267,28.42211117,204.6391704,0
4268,28.42211117,204.6391704,0
4269,28.42211117,204.6391704,0
4270,28.42211117,204.6391704,0
4271,28.42211117,204.6391704,0
4272,28.42211117,204.6391704,0
4273,28.42211117,204.6391704,0
4274,28.42211117,204.6391704,0
4275,28.42211117,204.6391704,0
4276,28.42211117,204.6391704,0
4277,28.42211117,204.6391704,0
4278,28.42211117,204.6391704,0
4279,28.42211117,204.6391704,0
4280,28.42211117,204.6391704,0
4281,28.42211117,204.6391704,0
4282,28.42211117,204.6391704,0
4283,28.42211117,204.6391704,0
4284,28.42211117,204.6391704,0
4285,28.42211117,204.6391704,0
4286,28.42211117,204.6391704,0
4287,28.42211117,204.6391704,0
4288,28.42211117,204.6391704,0
4289,28.42211117,198.954749,0
4290,28.42211117,198.954749,0
4291,28.42211117,198.954749,0
4292,28.42211117,198.954749,0
4293,28.42211117,198.954749,0
4294,28.42211117,198.954749,0
4295,28.42211117,198.954749,0
4296,28.42211117,198.954749,0
4297,28.42211117,198.954749,0
4298,28.42211117,198.954749,0
4299,28.42211117,198.954749,0
4300,28.42211117,198.954749,0
4301,28.42211117,198.954749,0
4302,28.42211117,198.954749,0
4303,28.42211117,198.954749,0
4304,28.42211117,198.954749,0
4305,28.42211117,198.954749,0
4306,28.42211117,198.954749,0
4307,28.42211117,198.954749,0
4308,28.42211117,198.954749,0
4309,28.42211117,198.954749,0
4310,28.42211117,198.954749,0
4311,28.42211117,198.954749,0
4312,28.42211117,198.954749,0
4313,28.42211117,198.954749,0
4314,28.42211117,198.954749,0
4315,28.42211117,198.954749,0
4316,28.42211117,198.954749,0
4317,28.42211117,198.954749,0
4318,31.2643223,198.954749,0
4319,31.2643223,198.954749,0
4320,31.2643223,198.954749,0
4321,31.2643223,198.954749,0
4322,31.2643223,198.954749,0
4323,31.2643223,198.954749,0
4324,31.2643223,198.954749,0
4325,31.2643223,198.954749,0
4326,31.2643223,198.954749,0
4327,31.2643223,198.954749,0
4328,31.2643223,198.954749,0
4329,31.2643223,198.954749,0
4330,31.2643223,198.954749,0
4331,31.2643223,198.954749,0
4332,31.2643223,198.954749,0
4333,31.2643223,198.954749,0
4334,31.2643223,198.954749,0
4335,31.2643223,198.954749,0
4336,31.2643223,198.954749,0
4337,31.2643223,198.954749,0
4338,31.2643223,198.954749,0
4339,31.2643223,198.954749,0
4340,31.2643223,198.954749,0
4341,31.2643223,198.954749,0
4342,31.2643223,198.954749,0
4343,31.2643223,198.954749,0
4344,31.2643223,198.954749,0
4345,31.2643223,198.954749,0
4346,31.2643223,198.954749,0
4347,31.2643223,198.954749,0
4348,31.2643223,198.954749,0
4349,31.2643223,198.954749,0
4350,31.2643223,198.954749,0
4351,31.2643223,198.954749,0
4352,31.2643223,198.954749,0
4353,31.2643223,198.954749,0
4354,31.2643223,198.954749,0
4355,31.2643223,198.954749,0
4356,31.2643223,198.954749,0
4357,31.2643223,198.954749,0
4358,31.2643223,198.954749,0
4359,31.2643223,198.954749,0
4360,31.2643223,198.954749,0
4361,31.2643223,198.954749,0
4362,31.2643223,198.954749,0
4363,31.2643223,198.954749,0
4364,31.2643223,198.954749,0
4365,31.2643223,198.954749,0
4366,31.2643223,198.954749,0
4367,31.2643223,198.954749,0
4368,31.2643223,198.954749,0
4369,31.2643223,198.954749,0
4370,31.2643223,198.954749,0
4371,31.2643223,198.954749,0
4372,31.2643223,198.954749,0
4373,31.2643223,198.954749,0
4374,31.2643223,198.954749,0
4375,31.2643223,198.954749,0
4376,31.2643223,198.954749,0
4377,31.2643223,198.954749,0
4378,31.2643223,198.954749,0
4379,31.2643223,198.954749,0
4380,31.2643223,198.954749,0
4381,31.2643223,198.954749,0
4382,31.2643223,198.954749,0
4383,31.2643223,198.954749,0
4384,31.2643223,198.954749,0
4385,31.2643223,198.954749,0
4386,31.2643223,198.954749,0
4387,31.2643223,198.954749,0
4388,31.2643223,198.954749,0
4389,31.2643223,198.954749,0
4390,31.2643223,198.954749,0
4391,31.2643223,198.954749,0
4392,31.2643223,198.954749,0
4393,31.2643223,198.954749,0
4394,31.2643223,198.954749,0
4395,31.2643223,198.954749,0
4396,31.2643223,198.954749,0
4397,31.2643223,198.954749,0
4398,31.2643223,198.954749,0
4399,31.2643223,198.954749,0
4400,31.2643223,198.954749,0
4401,31.2643223,198.954749,0
4402,31.2643223,198.954749,0
4403,31.2643223,198.954749,0
4404,31.2643223,198.954749,0
4405,31.2643223,198.954749,0
4406,31.2643223,198.954749,0
4407,31.2643223,198.954749,0
4408,31.2643223,198.954749,0
4409,31.2643223,198.954749,0
4410,31.2643223,198.954749,0
4411,31.2643223,198.954749,0
4412,31.2643223,198.954749,0
4413,31.2643223,198.954749,0
4414,31.2643223,198.954749,0
4415,31.2643223,198.954749,0
4416,31.2643223,198.954749,0
4417,31.2643223,198.954749,0
4418,28.42211117,198.954749,0
4419,28.42211117,198.954749,0
4420,28.42211117,198.954749,0
4421,28.42211117,198.954749,0
4422,28.42211117,198.954749,0
4423,28.42211117,198.954749,0
4424,28.42211117,198.954749,0
4425,28.42211117,198.954749,0
4426,28.42211117,198.954749,0
4427,28.42211117,198.954749,0
4428,28.42211117,198.954749,0
4429,28.42211117,198.954749,0
4430,28.42211117,198.954749,0
4431,28.42211117,198.954749,0
4432,28.42211117,198.954749,0
4433,28.42211117,198.954749,0
4434,28.42211117,198.954749,0
4435,28.42211117,198.954749,0
4436,28.42211117,198.954749,0
4437,28.42211117,198.954749,0
4438,28.42211117,198.954749,0
4439,28.42211117,198.954749,0
4440,28.42211117,198.954749,0
4441,28.42211117,198.954749,0
4442,28.42211117,198.954749,0
4443,28.42211117,198.954749,0
4444,28.42211117,198.954749,0
4445,28.42211117,198.954749,0
4446,28.42211117,198.954749,0
4447,28.42211117,198.954749,0
4448,28.42211117,198.954749,0
4449,28.42211117,198.954749,0
4450,28.42211117,198.954749,0
4451,28.42211117,198.954749,0
4452,28.42211117,198.954749,0
4453,28.42211117,198.954749,0
4454,28.42211117,198.954749,0
4455,28.42211117,198.954749,0
4456,28.42211117,198.954749,0
4457,28.42211117,198.954749,0
4458,31.2643223,198.954749,0
4459,31.2643223,198.954749,0
4460,31.2643223,198.954749,0
4461,31.2643223,198.954749,0
4462,31.2643223,198.954749,0
4463,31.2643223,198.954749,0
4464,31.2643223,198.954749,0
4465,31.2643223,198.954749,0
4466,31.2643223,198.954749,0
4467,31.2643223,198.954749,0
4468,31.2643223,198.954749,0
4469,31.2643223,198.954749,0
4470,31.2643223,198.954749,0
4471,31.2643223,198.954749,0
4472,31.2643223,198.954749,0
4473,31.2643223,198.954749,0
4474,31.2643223,198.954749,0
4475,31.2643223,198.954749,0
4476,31.2643223,198.954749,0
4477,31.2643223,198.954749,0
4478,31.2643223,198.954749,0
4479,31.2643223,198.954749,0
4480,31.2643223,198.954749,0
4481,31.2643223,198.954749,0
4482,31.2643223,198.954749,0
4483,31.2643223,198.954749,0
4484,31.2643223,198.954749,0
4485,31.2643223,198.954749,0
4486,31.2643223,198.954749,0
4487,31.2643223,198.954749,0
4488,31.2643223,198.954749,0
4489,31.2643223,198.954749,0
4490,31.2643223,198.954749,0
4491,31.2643223,198.954749,0
4492,31.2643223,198.954749,0
4493,31.2643223,198.954749,0
4494,31.2643223,198.954749,0
4495,31.2643223,198.954749,0
4496,31.2643223,198.954749,0
4497,31.2643223,198.954749,0
4498,31.2643223,198.954749,0
4499,31.2643223,198.954749,0
4500,31.2643223,198.954749,0
4501,31.2643223,198.954749,0
4502,31.2643223,198.954749,0
4503,31.2643223,198.954749,0
4504,31.2643223,198.954749,0
4505,31.2643223,198.954749,0
4506,31.2643223,198.954749,0
4507,31.2643223,198.954749,0
4508,28.42211117,198.954749,0
4509,28.42211117,198.954749,0
4510,28.42211117,198.954749,0
4511,28.42211117,198.954749,0
4512,28.42211117,198.954749,0
4513,28.42211117,198.954749,0
4514,28.42211117,198.954749,0
4515,28.42211117,198.954749,0
4516,28.42211117,198.954749,0
4517,28.42211117,198.954749,0
4518,28.42211117,198.954749,0
4519,28.42211117,198.954749,0
4520,28.42211117,198.954749,0
4521,28.42211117,198.954749,0
4522,28.42211117,198.954749,0
4523,28.42211117,198.954749,0
4524,28.42211117,198.954749,0
4525,28.42211117,198.954749,0
4526,28.42211117,198.954749,0
4527,28.42211117,198.954749,0
4528,28.42211117,198.954749,0
4529,28.42211117,198.954749,0
4530,28.42211117,198.954749,0
4531,28.42211117,198.954749,0
4532,28.42211117,198.954749,0
4533,28.42211117,198.954749,0
4534,28.42211117,198.954749,0
4535,28.42211117,198.954749,0
4536,28.42211117,198.954749,0
4537,28.42211117,198.954749,0
4538,28.42211117,198.954749,0
4539,28.42211117,198.954749,0
4540,28.42211117,198.954749,0
4541,28.42211117,198.954749,0
4542,28.42211117,198.954749,0
4543,28.42211117,198.954749,0
4544,28.42211117,198.954749,0
4545,28.42211117,198.954749,0
4546,28.42211117,198.954749,0
4547,28.42211117,198.954749,0
4548,28.42211117,198.954749,0
4549,28.42211117,198.954749,0
4550,28.42211117,198.954749,0
4551,28.42211117,198.954749,0
4552,28.42211117,198.954749,0
4553,28.42211117,198.954749,0
4554,28.42211117,198.954749,0
4555,28.42211117,198.954749,0
4556,28.42211117,198.954749,0
4557,28.42211117,198.954749,0
4558,28.42211117,198.954749,0
4559,28.42211117,198.954749,0
4560,28.42211117,198.954749,0
4561,28.42211117,198.954749,0
4562,28.42211117,198.954749,0
4563,28.42211117,198.954749,0
4564,28.42211117,198.954749,0
4565,31.2643223,198.954749,0
4566,31.2643223,198.954749,0
4567,31.2643223,198.954749,0
4568,31.2643223,198.954749,0
4569,31.2643223,198.954749,0
4570,31.2643223,198.954749,0
4571,31.2643223,198.954749,0
4572,31.2643223,198.954749,0
4573,31.2643223,198.954749,0
4574,31.2643223,198.954749,0
4575,31.2643223,198.954749,0
4576,31.2643223,198.954749,0
4577,31.2643223,198.954749,0
4578,31.2643223,198.954749,0
4579,31.2643223,198.954749,0
4580,31.2643223,198.954749,0
4581,31.2643223,198.954749,0
4582,31.2643223,198.954749,0
4583,31.2643223,198.954749,0
4584,31.2643223,198.954749,0
4585,31.2643223,198.954749,0
4586,31.2643223,198.954749,0
4587,31.2643223,198.954749,0
4588,31.2643223,198.954749,0
4589,31.2643223,198.954749,0
4590,31.2643223,198.954749,0
4591,31.2643223,198.954749,0
4592,31.2643223,198.954749,0
4593,31.2643223,198.954749,0
4594,31.2643223,198.954749,0
4595,31.2643223,198.954749,0
4596,31.2643223,201.7969597,0
4597,31.2643223,201.7969597,0
4598,31.2643223,201.7969597,0
4599,31.2643223,201.7969597,0
4600,31.2643223,201.7969597,0
4601,31.2643223,201.7969597,0
4602,31.2643223,201.7969597,0
4603,31.2643223,201.7969597,0
4604,31.2643223,201.7969597,0
4605,31.2643223,201.7969597,0
4606,31.2643223,201.7969597,0
4607,31.2643223,201.7969597,0
4608,31.2643223,201.7969597,0
4609,31.2643223,201.7969597,0
4610,31.2643223,201.7969597,0
4611,31.2643223,201.7969597,0
4612,31.2643223,201.7969597,0
4613,31.2643223,201.7969597,0
4614,31.2643223,201.7969597,0
4615,28.42211117,201.7969597,0
4616,28.42211117,201.7969597,0
4617,28.42211117,201.7969597,0
4618,28.42211117,201.7969597,0
4619,28.42211117,201.7969597,0
4620,28.42211117,201.7969597,0
4621,28.42211117,201.7969597,0
4622,28.42211117,201.7969597,0
4623,28.42211117,201.7969597,0
4624,28.42211117,201.7969597,0
4625,28.42211117,201.7969597,0
4626,28.42211117,201.7969597,0
4627,28.42211117,201.7969597,0
4628,28.42211117,201.7969597,0
4629,28.42211117,201.7969597,0
4630,28.42211117,201.7969597,0
4631,28.42211117,201.7969597,0
4632,28.42211117,201.7969597,0
4633,28.42211117,201.7969597,0
4634,28.42211117,201.7969597,0
4635,28.42211117,201.7969597,0
4636,28.42211117,201.7969597,0
4637,28.42211117,201.7969597,0
4638,28.42211117,201.7969597,0
4639,28.42211117,201.7969597,0
4640,28.42211117,201.7969597,0
4641,28.42211117,201.7969597,0
4642,28.42211117,201.7969597,0
4643,28.42211117,201.7969597,0
4644,28.42211117,201.7969597,0
4645,28.42211117,201.7969597,0
4646,28.42211117,198.954749,0
4647,28.42211117,198.954749,0
4648,28.42211117,198.954749,0
4649,28.42211117,198.954749,0
4650,28.42211117,198.954749,0
4651,28.42211117,198.954749,0
4652,28.42211117,198.954749,0
4653,28.42211117,198.954749,0
4654,28.42211117,198.954749,0
4655,28.42211117,198.954749,0
4656,28.42211117,198.954749,0
4657,28.42211117,198.954749,0
4658,28.42211117,198.954749,0
4659,28.42211117,198.954749,0
4660,28.42211117,198.954749,0
4661,28.42211117,198.954749,0
4662,28.42211117,198.954749,0
4663,28.42211117,198.954749,0
4664,28.42211117,198.954749,0
4665,28.42211117,198.954749,0
4666,28.42211117,198.954749,0
4667,28.42211117,198.954749,0
4668,28.42211117,198.954749,0
4669,28.42211117,198.954749,0
4670,28.42211117,198.954749,0
4671,28.42211117,198.954749,0
4672,28.42211117,198.954749,0
4673,28.42211117,196.1125383,0
4674,28.42211117,196.1125383,0
4675,28.42211117,198.954749,0
4676,28.42211117,198.954749,0
4677,28.42211117,198.954749,0
4678,31.2643223,198.954749,0
4679,31.2643223,198.954749,0
4680,31.2643223,198.954749,0
4681,31.2643223,198.954749,0
4682,31.2643223,198.954749,0
4683,31.2643223,198.954749,0
4684,31.2643223,198.954749,0
4685,31.2643223,198.954749,0
4686,31.2643223,198.954749,0
4687,31.2643223,198.954749,0
4688,31.2643223,198.954749,0
4689,31.2643223,198.954749,0
4690,31.2643223,198.954749,0
4691,31.2643223,198.954749,0
4692,31.2643223,198.954749,0
4693,31.2643223,198.954749,0
4694,31.2643223,198.954749,0
4695,31.2643223,201.7969597,0
4696,31.2643223,201.7969597,0
4697,31.2643223,201.7969597,0
4698,31.2643223,201.7969597,0
4699,31.2643223,201.7969597,0
4700,31.2643223,201.7969597,0
4701,31.2643223,201.7969597,0
4702,31.2643223,201.7969597,0
4703,31.2643223,204.6391704,0
4704,31.2643223,204.6391704,0
4705,31.2643223,204.6391704,0
4706,31.2643223,204.6391704,0
4707,31.2643223,204.6391704,0
4708,31.2643223,204.6391704,0
4709,31.2643223,204.6391704,0
4710,31.2643223,204.6391704,0
4711,31.2643223,204.6391704,0
4712,31.2643223,204.6391704,0
4713,31.2643223,204.6391704,0
4714,31.2643223,204.6391704,0
4715,31.2643223,204.6391704,0
4716,31.2643223,204.6391704,0
4717,31.2643223,204.6391704,0
4718,31.2643223,204.6391704,0
4719,31.2643223,204.6391704,0
4720,31.2643223,204.6391704,0
4721,31.2643223,204.6391704,0
4722,31.2643223,204.6391704,0
4723,31.2643223,204.6391704,0
4724,31.2643223,204.6391704,0
4725,31.2643223,204.6391704,0
4726,31.2643223,204.6391704,0
4727,31.2643223,204.6391704,0
4728,31.2643223,204.6391704,0
4729,31.2643223,204.6391704,0
4730,31.2643223,204.6391704,0
4731,31.2643223,204.6391704,0
4732,31.2643223,204.6391704,0
4733,31.2643223,204.6391704,0
4734,31.2643223,204.6391704,0
4735,31.2643223,204.6391704,0
4736,31.2643223,204.6391704,0
4737,31.2643223,204.6391704,0
4738,31.2643223,204.6391704,0
4739,31.2643223,204.6391704,0
4740,31.2643223,204.6391704,0
4741,31.2643223,204.6391704,0
4742,31.2643223,204.6391704,0
4743,31.2643223,204.6391704,0
4744,31.2643223,204.6391704,0
4745,31.2643223,204.6391704,0
4746,31.2643223,204.6391704,0
4747,31.2643223,204.6391704,0
4748,31.2643223,204.6391704,0
4749,31.2643223,204.6391704,0
4750,31.2643223,204.6391704,0
4751,31.2643223,204.6391704,0
4752,31.2643223,204.6391704,0
4753,31.2643223,201.7969597,0
4754,31.2643223,201.7969597,0
4755,31.2643223,201.7969597,0
4756,31.2643223,201.7969597,0
4757,31.2643223,201.7969597,0
4758,31.2643223,201.7969597,0
4759,31.2643223,201.7969597,0
4760,31.2643223,201.7969597,0
4761,31.2643223,201.7969597,0
4762,31.2643223,201.7969597,0
4763,31.2643223,201.7969597,0
4764,31.2643223,201.7969597,0
4765,31.2643223,201.7969597,0
4766,31.2643223,201.7969597,0
4767,31.2643223,201.7969597,0
4768,31.2643223,201.7969597,0
4769,31.2643223,201.7969597,0
4770,31.2643223,201.7969597,0
4771,31.2643223,201.7969597,0
4772,31.2643223,201.7969597,0
4773,31.2643223,201.7969597,0
4774,31.2643223,201.7969597,0
4775,31.2643223,201.7969597,0
4776,31.2643223,201.7969597,0
4777,31.2643223,201.7969597,0
4778,31.2643223,201.7969597,0
4779,31.2643223,201.7969597,0
4780,31.2643223,201.7969597,0
4781,31.2643223,201.7969597,0
4782,31.2643223,201.7969597,0
4783,31.2643223,201.7969597,0
4784,31.2643223,201.7969597,0
4785,31.2643223,201.7969597,0
4786,31.2643223,201.7969597,0
4787,31.2643223,201.7969597,0
4788,31.2643223,201.7969597,0
4789,31.2643223,201.7969597,0
4790,31.2643223,201.7969597,0
4791,31.2643223,201.7969597,0
4792,31.2643223,201.7969597,0
4793,31.2643223,201.7969597,0
4794,31.2643223,201.7969597,0
4795,31.2643223,201.7969597,0
4796,31.2643223,201.7969597,0
4797,31.2643223,201.7969597,0
4798,31.2643223,201.7969597,0
4799,31.2643223,201.7969597,0
4800,31.2643223,201.7969597,0
4801,31.2643223,201.7969597,0
4802,31.2643223,198.954749,0
4803,31.2643223,198.954749,0
4804,31.2643223,198.954749,0
4805,31.2643223,198.954749,0
4806,31.2643223,198.954749,0
4807,31.2643223,198.954749,0
4808,31.2643223,198.954749,0
4809,31.2643223,198.954749,0
4810,31.2643223,198.954749,0
4811,31.2643223,198.954749,0
4812,31.2643223,196.1125383,0
4813,31.2643223,196.1125383,0
4814,31.2643223,196.1125383,0
4815,31.2643223,196.1125383,0
4816,31.2643223,196.1125383,0
4817,31.2643223,196.1125383,0
4818,31.2643223,196.1125383,0
4819,31.2643223,196.1125383,0
4820,31.2643223,196.1125383,0
4821,31.2643223,196.1125383,0
4822,31.2643223,196.1125383,0
4823,31.2643223,196.1125383,0
4824,31.2643223,196.1125383,0
4825,31.2643223,196.1125383,0
4826,31.2643223,198.954749,0
4827,31.2643223,198.954749,0
4828,31.2643223,198.954749,0
4829,31.2643223,198.954749,0
4830,31.2643223,198.954749,0
4831,31.2643223,198.954749,0
4832,31.2643223,198.954749,0
4833,31.2643223,198.954749,0
4834,31.2643223,198.954749,0
4835,31.2643223,198.954749,0
4836,31.2643223,198.954749,0
4837,31.2643223,198.954749,0
4838,31.2643223,198.954749,0
4839,31.2643223,198.954749,0
4840,31.2643223,198.954749,0
4841,31.2643223,198.954749,0
4842,31.2643223,198.954749,0
4843,31.2643223,198.954749,0
4844,31.2643223,198.954749,0
4845,31.2643223,198.954749,0
4846,31.2643223,198.954749,0
4847,31.2643223,198.954749,0
4848,31.2643223,198.954749,0
4849,28.42211117,198.954749,0
4850,28.42211117,201.7969597,0
4851,28.42211117,201.7969597,0
4852,28.42211117,201.7969597,0
4853,28.42211117,201.7969597,0
4854,28.42211117,201.7969597,0
4855,28.42211117,201.7969597,0
4856,28.42211117,201.7969597,0
4857,28.42211117,201.7969597,0
4858,28.42211117,201.7969597,0
4859,28.42211117,201.7969597,0
4860,28.42211117,201.7969597,0
4861,28.42211117,201.7969597,0
4862,28.42211117,201.7969597,0
4863,28.42211117,201.7969597,0
4864,28.42211117,201.7969597,0
4865,28.42211117,201.7969597,0
4866,28.42211117,201.7969597,0
4867,28.42211117,201.7969597,0
4868,28.42211117,201.7969597,0
4869,28.42211117,201.7969597,0
4870,28.42211117,201.7969597,0
4871,28.42211117,201.7969597,0
4872,28.42211117,201.7969597,0
4873,28.42211117,201.7969597,0
4874,28.42211117,201.7969597,0
4875,28.42211117,201.7969597,0
4876,28.42211117,201.7969597,0
4877,28.42211117,201.7969597,0
4878,28.42211117,201.7969597,0
4879,28.42211117,201.7969597,0
4880,28.42211117,201.7969597,0
4881,28.42211117,201.7969597,0
4882,28.42211117,201.7969597,0
4883,28.42211117,201.7969597,0
4884,28.42211117,201.7969597,0
4885,28.42211117,201.7969597,0
4886,28.42211117,201.7969597,0
4887,28.42211117,201.7969597,0
4888,28.42211117,201.7969597,0
4889,28.42211117,201.7969597,0
4890,28.42211117,201.7969597,0
4891,28.42211117,201.7969597,0
4892,28.42211117,201.7969597,0
4893,28.42211117,201.7969597,0
4894,28.42211117,201.7969597,0
4895,28.42211117,201.7969597,0
4896,28.42211117,201.7969597,0
4897,28.42211117,201.7969597,0
4898,28.42211117,201.7969597,0
4899,28.42211117,201.7969597,0
4900,28.42211117,201.7969597,0
4901,28.42211117,201.7969597,0
4902,28.42211117,201.7969597,0
4903,28.42211117,201.7969597,0
4904,28.42211117,201.7969597,0
4905,31.2643223,201.7969597,0
4906,31.2643223,201.7969597,0
4907,31.2643223,201.7969597,0
4908,31.2643223,201.7969597,0
4909,31.2643223,201.7969597,0
4910,31.2643223,201.7969597,0
4911,31.2643223,201.7969597,0
4912,31.2643223,198.954749,0
4913,31.2643223,198.954749,0
4914,31.2643223,198.954749,0
4915,31.2643223,198.954749,0
4916,31.2643223,198.954749,0
4917,31.2643223,198.954749,0
4918,31.2643223,198.954749,0
4919,31.2643223,198.954749,0
4920,31.2643223,198.954749,0
4921,31.2643223,198.954749,0
4922,31.2643223,198.954749,0
4923,31.2643223,198.954749,0
4924,31.2643223,198.954749,0
4925,31.2643223,198.954749,0
4926,31.2643223,198.954749,0
4927,31.2643223,198.954749,0
4928,31.2643223,198.954749,0
4929,31.2643223,198.954749,0
4930,31.2643223,198.954749,0
4931,31.2643223,198.954749,0
4932,31.2643223,198.954749,0
4933,31.2643223,198.954749,0
4934,31.2643223,198.954749,0
4935,31.2643223,201.7969597,0
4936,31.2643223,201.7969597,0
4937,31.2643223,201.7969597,0
4938,31.2643223,201.7969597,0
4939,31.2643223,201.7969597,0
4940,31.2643223,201.7969597,0
4941,31.2643223,201.7969597,0
4942,31.2643223,201.7969597,0
4943,31.2643223,201.7969597,0
4944,31.2643223,201.7969597,0
4945,31.2643223,201.7969597,0
4946,31.2643223,201.7969597,0
4947,31.2643223,201.7969597,0
4948,31.2643223,201.7969597,0
4949,31.2643223,201.7969597,0
4950,31.2643223,201.7969597,0
4951,31.2643223,201.7969597,0
4952,31.2643223,201.7969597,0
4953,31.2643223,201.7969597,0
4954,31.2643223,201.7969597,0
4955,31.2643223,201.7969597,0
4956,31.2643223,201.7969597,0
4957,31.2643223,201.7969597,0
4958,31.2643223,201.7969597,0
4959,31.2643223,201.7969597,0
4960,31.2643223,201.7969597,0
4961,31.2643223,201.7969597,0
4962,31.2643223,201.7969597,0
4963,31.2643223,201.7969597,0
4964,31.2643223,201.7969597,0
4965,31.2643223,201.7969597,0
4966,31.2643223,201.7969597,0
4967,31.2643223,201.7969597,0
4968,31.2643223,201.7969597,0
4969,31.2643223,201.7969597,0
4970,31.2643223,201.7969597,0
4971,31.2643223,201.7969597,0
4972,31.2643223,201.7969597,0
4973,31.2643223,201.7969597,0
4974,31.2643223,201.7969597,0
4975,31.2643223,201.7969597,0
4976,31.2643223,201.7969597,0
4977,31.2643223,201.7969597,0
4978,31.2643223,201.7969597,0
4979,31.2643223,201.7969597,0
4980,31.2643223,201.7969597,0
4981,31.2643223,201.7969597,0
4982,31.2643223,201.7969597,0
4983,31.2643223,201.7969597,0
4984,31.2643223,201.7969597,0
4985,31.2643223,198.954749,0
4986,31.2643223,198.954749,0
4987,31.2643223,198.954749,0
4988,31.2643223,198.954749,0
4989,31.2643223,198.954749,0
4990,31.2643223,198.954749,0
4991,31.2643223,198.954749,0
4992,31.2643223,198.954749,0
4993,31.2643223,198.954749,0
4994,31.2643223,198.954749,0
4995,31.2643223,198.954749,0
4996,31.2643223,198.954749,0
4997,31.2643223,198.954749,0
4998,31.2643223,198.954749,0
4999,31.2643223,198.954749,0
5000,31.2643223,198.954749,0
5001,31.2643223,198.954749,0
5002,31.2643223,198.954749,0
5003,31.2643223,198.954749,0
5004,31.2643223,198.954749,0
5005,31.2643223,198.954749,0
5006,31.2643223,198.954749,0
5007,31.2643223,198.954749,0
5008,31.2643223,198.954749,0
5009,31.2643223,198.954749,0
5010,31.2643223,198.954749,0
5011,31.2643223,198.954749,0
5012,31.2643223,198.954749,0
5013,31.2643223,198.954749,0
5014,31.2643223,198.954749,0
5015,31.2643223,198.954749,0
5016,31.2643223,198.954749,0
5017,31.2643223,198.954749,0
5018,31.2643223,198.954749,0
5019,31.2643223,198.954749,0
5020,31.2643223,198.954749,0
5021,31.2643223,198.954749,0
5022,31.2643223,198.954749,0
5023,31.2643223,198.954749,0
5024,31.2643223,198.954749,0
5025,31.2643223,198.954749,0
5026,31.2643223,198.954749,0
5027,31.2643223,198.954749,0
5028,31.2643223,198.954749,0
5029,31.2643223,198.954749,0
5030,31.2643223,198.954749,0
5031,31.2643223,198.954749,0
5032,31.2643223,198.954749,0
5033,31.2643223,196.1125383,0
5034,31.2643223,196.1125383,0
5035,31.2643223,196.1125383,0
5036,31.2643223,196.1125383,0
5037,31.2643223,196.1125383,0
5038,31.2643223,196.1125383,0
5039,31.2643223,196.1125383,0
5040,31.2643223,196.1125383,0
5041,31.2643223,196.1125383,0
5042,31.2643223,196.1125383,0
5043,31.2643223,196.1125383,0
5044,31.2643223,196.1125383,0
5045,31.2643223,196.1125383,0
5046,31.2643223,196.1125383,0
5047,31.2643223,196.1125383,0
5048,31.2643223,196.1125383,0
5049,28.42211117,196.1125383,0
5050,28.42211117,196.1125383,0
5051,28.42211117,198.954749,0
5052,28.42211117,198.954749,0
5053,28.42211117,198.954749,0
5054,28.42211117,198.954749,0
5055,28.42211117,198.954749,0
5056,28.42211117,198.954749,0
5057,28.42211117,198.954749,0
5058,28.42211117,198.954749,0
5059,28.42211117,198.954749,0
5060,28.42211117,198.954749,0
5061,28.42211117,198.954749,0
5062,28.42211117,198.954749,0
5063,28.42211117,198.954749,0
5064,28.42211117,198.954749,0
5065,28.42211117,198.954749,0
5066,28.42211117,198.954749,0
5067,28.42211117,198.954749,0
5068,28.42211117,198.954749,0
5069,28.42211117,198.954749,0
5070,28.42211117,198.954749,0
5071,28.42211117,198.954749,0
5072,28.42211117,198.954749,0
5073,28.42211117,198.954749,0
5074,28.42211117,198.954749,0
5075,28.42211117,198.954749,0
5076,28.42211117,198.954749,0
5077,28.42211117,198.954749,0
5078,28.42211117,198.954749,0
5079,28.42211117,198.954749,0
5080,28.42211117,198.954749,0
5081,28.42211117,198.954749,0
5082,28.42211117,198.954749,0
5083,28.42211117,198.954749,0
5084,28.42211117,198.954749,0
5085,28.42211117,198.954749,0
5086,28.42211117,198.954749,0
5087,28.42211117,198.954749,0
5088,28.42211117,198.954749,0
5089,28.42211117,201.7969597,0
5090,28.42211117,201.7969597,0
5091,28.42211117,201.7969597,0
5092,28.42211117,201.7969597,0
5093,28.42211117,201.7969597,0
5094,28.42211117,201.7969597,0
5095,28.42211117,201.7969597,0
5096,28.42211117,201.7969597,0
5097,28.42211117,201.7969597,0
5098,28.42211117,201.7969597,0
5099,28.42211117,201.7969597,0
5100,28.42211117,201.7969597,0
5101,28.42211117,201.7969597,0
5102,28.42211117,201.7969597,0
5103,28.42211117,201.7969597,0
5104,28.42211117,201.7969597,0
5105,28.42211117,201.7969597,0
5106,28.42211117,201.7969597,0
5107,28.42211117,201.7969597,0
5108,28.42211117,201.7969597,0
5109,28.42211117,201.7969597,0
5110,28.42211117,201.7969597,0
5111,28.42211117,201.7969597,0
5112,31.2643223,201.7969597,0
5113,31.2643223,201.7969597,0
5114,31.2643223,201.7969597,0
5115,31.2643223,201.7969597,0
5116,31.2643223,201.7969597,0
5117,31.2643223,201.7969597,0
5118,31.2643223,201.7969597,0
5119,31.2643223,201.7969597,0
5120,31.2643223,201.7969597,0
5121,31.2643223,201.7969597,0
5122,31.2643223,201.7969597,0
5123,31.2643223,201.7969597,0
5124,31.2643223,201.7969597,0
5125,31.2643223,201.7969597,0
5126,31.2643223,201.7969597,0
5127,31.2643223,201.7969597,0
5128,31.2643223,201.7969597,0
5129,31.2643223,201.7969597,0
5130,31.2643223,201.7969597,0
5131,31.2643223,201.7969597,0
5132,31.2643223,201.7969597,0
5133,31.2643223,201.7969597,0
5134,31.2643223,201.7969597,0
5135,31.2643223,201.7969597,0
5136,31.2643223,201.7969597,0
5137,31.2643223,201.7969597,0
5138,31.2643223,201.7969597,0
5139,31.2643223,201.7969597,0
5140,31.2643223,201.7969597,0
5141,31.2643223,201.7969597,0
5142,31.2643223,201.7969597,0
5143,31.2643223,201.7969597,0
5144,31.2643223,201.7969597,0
5145,31.2643223,201.7969597,0
5146,31.2643223,201.7969597,0
5147,31.2643223,201.7969597,0
5148,31.2643223,201.7969597,0
5149,31.2643223,201.7969597,0
5150,31.2643223,201.7969597,0
5151,31.2643223,201.7969597,0
5152,31.2643223,201.7969597,0
5153,31.2643223,201.7969597,0
5154,31.2643223,198.954749,0
5155,31.2643223,198.954749,0
5156,31.2643223,198.954749,0
5157,31.2643223,198.954749,0
5158,31.2643223,198.954749,0
5159,31.2643223,198.954749,0
5160,31.2643223,198.954749,0
5161,31.2643223,198.954749,0
5162,31.2643223,198.954749,0
5163,31.2643223,198.954749,0
5164,31.2643223,198.954749,0
5165,31.2643223,198.954749,0
5166,31.2643223,198.954749,0
5167,31.2643223,198.954749,0
5168,31.2643223,198.954749,0
5169,31.2643223,196.1125383,0
5170,31.2643223,196.1125383,0
5171,31.2643223,196.1125383,0
5172,31.2643223,196.1125383,0
5173,31.2643223,196.1125383,0
5174,31.2643223,196.1125383,0
5175,28.42211117,196.1125383,0
5176,28.42211117,196.1125383,0
5177,28.42211117,196.1125383,0
5178,28.42211117,196.1125383,0
5179,28.42211117,196.1125383,0
5180,28.42211117,196.1125383,0
5181,28.42211117,196.1125383,0
5182,28.42211117,196.1125383,0
5183,28.42211117,196.1125383,0
5184,28.42211117,196.1125383,0
5185,28.42211117,196.1125383,0
5186,28.42211117,198.954749,0
5187,28.42211117,198.954749,0
5188,28.42211117,198.954749,0
5189,28.42211117,198.954749,0
5190,28.42211117,198.954749,0
5191,28.42211117,198.954749,0
5192,28.42211117,198.954749,0
5193,28.42211117,198.954749,0
5194,28.42211117,198.954749,0
5195,28.42211117,198.954749,0
5196,28.42211117,198.954749,0
5197,28.42211117,198.954749,0
5198,28.42211117,198.954749,0
5199,28.42211117,198.954749,0
5200,28.42211117,198.954749,0
5201,28.42211117,198.954749,0
5202,28.42211117,198.954749,0
5203,28.42211117,198.954749,0
5204,28.42211117,198.954749,0
5205,28.42211117,198.954749,0
5206,28.42211117,198.954749,0
5207,28.42211117,198.954749,0
5208,28.42211117,198.954749,0
5209,28.42211117,198.954749,0
5210,28.42211117,198.954749,0
5211,28.42211117,198.954749,0
5212,31.2643223,198.954749,0
5213,31.2643223,198.954749,0
5214,31.2643223,198.954749,0
5215,31.2643223,198.954749,0
5216,31.2643223,198.954749,0
5217,31.2643223,198.954749,0
5218,31.2643223,198.954749,0
5219,31.2643223,198.954749,0
5220,31.2643223,198.954749,0
5221,31.2643223,198.954749,0
5222,31.2643223,198.954749,0
5223,31.2643223,198.954749,0
5224,31.2643223,198.954749,0
5225,31.2643223,198.954749,0
5226,31.2643223,198.954749,0
5227,31.2643223,198.954749,0
5228,31.2643223,198.954749,0
5229,31.2643223,198.954749,0
5230,31.2643223,198.954749,0
5231,31.2643223,198.954749,0
5232,31.2643223,198.954749,0
5233,31.2643223,198.954749,0
5234,31.2643223,198.954749,0
5235,31.2643223,198.954749,0
5236,31.2643223,198.954749,0
5237,31.2643223,198.954749,0
5238,31.2643223,198.954749,0
5239,31.2643223,198.954749,0
5240,31.2643223,198.954749,0
5241,31.2643223,198.954749,0
5242,31.2643223,198.954749,0
5243,31.2643223,198.954749,0
5244,31.2643223,198.954749,0
5245,31.2643223,198.954749,0
5246,31.2643223,198.954749,0
5247,31.2643223,198.954749,0
5248,31.2643223,198.954749,0
5249,31.2643223,198.954749,0
5250,31.2643223,201.7969597,0
5251,31.2643223,201.7969597,0
5252,31.2643223,201.7969597,0
5253,31.2643223,201.7969597,0
5254,31.2643223,201.7969597,0
5255,31.2643223,201.7969597,0
5256,31.2643223,201.7969597,0
5257,31.2643223,201.7969597,0
5258,31.2643223,201.7969597,0
5259,31.2643223,201.7969597,0
5260,31.2643223,201.7969597,0
5261,31.2643223,201.7969597,0
5262,28.42211117,201.7969597,0
5263,28.42211117,201.7969597,0
5264,28.42211117,201.7969597,0
5265,28.42211117,201.7969597,0
5266,28.42211117,201.7969597,0
5267,28.42211117,201.7969597,0
5268,28.42211117,201.7969597,0
5269,28.42211117,201.7969597,0
5270,28.42211117,201.7969597,0
5271,28.42211117,201.7969597,0
5272,28.42211117,201.7969597,0
5273,28.42211117,201.7969597,0
5274,31.2643223,201.7969597,0
5275,31.2643223,201.7969597,0
5276,31.2643223,201.7969597,0
5277,31.2643223,201.7969597,0
5278,31.2643223,201.7969597,0
5279,31.2643223,201.7969597,0
5280,31.2643223,201.7969597,0
5281,31.2643223,201.7969597,0
5282,31.2643223,201.7969597,0
5283,31.2643223,201.7969597,0
5284,31.2643223,201.7969597,0
5285,31.2643223,201.7969597,0
5286,31.2643223,201.7969597,0
5287,31.2643223,201.7969597,0
5288,31.2643223,201.7969597,0
5289,31.2643223,201.7969597,0
5290,31.2643223,201.7969597,0
5291,31.2643223,201.7969597,0
5292,31.2643223,201.7969597,0
5293,31.2643223,201.7969597,0
5294,31.2643223,201.7969597,0
5295,31.2643223,201.7969597,0
5296,31.2643223,201.7969597,0
5297,31.2643223,201.7969597,0
5298,31.2643223,201.7969597,0
5299,31.2643223,201.7969597,0
5300,31.2643223,198.954749,0
5301,31.2643223,198.954749,0
5302,31.2643223,198.954749,0
5303,31.2643223,198.954749,0
5304,31.2643223,198.954749,0
5305,31.2643223,198.954749,0
5306,31.2643223,198.954749,0
5307,31.2643223,198.954749,0
5308,31.2643223,198.954749,0
5309,31.2643223,198.954749,0
5310,31.2643223,198.954749,0
5311,31.2643223,198.954749,0
5312,31.2643223,198.954749,0
5313,31.2643223,198.954749,0
5314,31.2643223,198.954749,0
5315,31.2643223,198.954749,0
5316,31.2643223,198.954749,0
5317,31.2643223,198.954749,0
5318,31.2643223,198.954749,0
5319,31.2643223,198.954749,0
5320,31.2643223,198.954749,0
5321,31.2643223,198.954749,0
5322,31.2643223,198.954749,0
5323,31.2643223,198.954749,0
5324,31.2643223,198.954749,0
5325,31.2643223,198.954749,0
5326,31.2643223,198.954749,0
5327,31.2643223,198.954749,0
5328,31.2643223,198.954749,0
5329,31.2643223,198.954749,0
5330,31.2643223,198.954749,0
5331,31.2643223,198.954749,0
5332,31.2643223,198.954749,0
5333,31.2643223,198.954749,0
5334,31.2643223,198.954749,0
5335,31.2643223,198.954749,0
5336,31.2643223,198.954749,0
5337,31.2643223,198.954749,0
5338,31.2643223,198.954749,0
5339,31.2643223,198.954749,0
5340,31.2643223,198.954749,0
5341,31.2643223,198.954749,0
5342,31.2643223,198.954749,0
5343,31.2643223,198.954749,0
5344,31.2643223,198.954749,0
5345,31.2643223,198.954749,0
5346,31.2643223,198.954749,0
5347,28.42211117,198.954749,0
5348,28.42211117,198.954749,0
5349,28.42211117,198.954749,0
5350,28.42211117,198.954749,0
5351,28.42211117,198.954749,0
5352,28.42211117,198.954749,0
5353,28.42211117,198.954749,0
5354,28.42211117,198.954749,0
5355,28.42211117,198.954749,0
5356,28.42211117,198.954749,0
5357,28.42211117,198.954749,0
5358,28.42211117,198.954749,0
5359,28.42211117,198.954749,0
5360,28.42211117,198.954749,0
5361,28.42211117,198.954749,0
5362,28.42211117,198.954749,0
5363,28.42211117,198.954749,0
5364,28.42211117,198.954749,0
5365,28.42211117,198.954749,0
5366,28.42211117,198.954749,0
5367,28.42211117,198.954749,0
5368,28.42211117,198.954749,0
5369,28.42211117,198.954749,0
5370,28.42211117,198.954749,0
5371,28.42211117,198.954749,0
5372,28.42211117,198.954749,0
5373,28.42211117,198.954749,0
5374,28.42211117,198.954749,0
5375,28.42211117,198.954749,0
5376,28.42211117,198.954749,0
5377,31.2643223,198.954749,0
5378,31.2643223,198.954749,0
5379,31.2643223,198.954749,0
5380,31.2643223,198.954749,0
5381,31.2643223,198.954749,0
5382,31.2643223,201.7969597,0
5383,31.2643223,201.7969597,0
5384,31.2643223,201.7969597,0
5385,31.2643223,201.7969597,0
5386,31.2643223,201.7969597,0
5387,31.2643223,201.7969597,0
5388,31.2643223,201.7969597,0
5389,31.2643223,201.7969597,0
5390,31.2643223,201.7969597,0
5391,31.2643223,201.7969597,0
5392,31.2643223,201.7969597,0
5393,31.2643223,201.7969597,0
5394,31.2643223,201.7969597,0
5395,31.2643223,201.7969597,0
5396,31.2643223,201.7969597,0
5397,31.2643223,201.7969597,0
5398,31.2643223,201.7969597,0
5399,31.2643223,201.7969597,0
5400,31.2643223,201.7969597,0
5401,31.2643223,201.7969597,0
5402,31.2643223,201.7969597,0
5403,31.2643223,201.7969597,0
5404,31.2643223,201.7969597,0
5405,31.2643223,201.7969597,0
5406,31.2643223,201.7969597,0
5407,31.2643223,201.7969597,0
5408,31.2643223,201.7969597,0
5409,31.2643223,201.7969597,0
5410,31.2643223,201.7969597,0
5411,31.2643223,201.7969597,0
5412,31.2643223,204.6391704,0
5413,31.2643223,204.6391704,0
5414,31.2643223,204.6391704,0
5415,31.2643223,204.6391704,0
5416,31.2643223,204.6391704,0
5417,31.2643223,204.6391704,0
5418,31.2643223,204.6391704,0
5419,31.2643223,204.6391704,0
5420,31.2643223,204.6391704,0
5421,31.2643223,204.6391704,0
5422,31.2643223,204.6391704,0
5423,31.2643223,204.6391704,0
5424,31.2643223,204.6391704,0
5425,31.2643223,204.6391704,0
5426,31.2643223,204.6391704,0
5427,28.42211117,204.6391704,0
5428,28.42211117,204.6391704,0
5429,28.42211117,204.6391704,0
5430,28.42211117,204.6391704,0
5431,28.42211117,204.6391704,0
5432,28.42211117,204.6391704,0
5433,28.42211117,204.6391704,0
5434,28.42211117,204.6391704,0
5435,28.42211117,204.6391704,0
5436,28.42211117,204.6391704,0
5437,28.42211117,204.6391704,0
5438,28.42211117,204.6391704,0
5439,28.42211117,204.6391704,0
5440,28.42211117,204.6391704,0
5441,28.42211117,204.6391704,0
5442,28.42211117,204.6391704,0
5443,28.42211117,204.6391704,0
5444,28.42211117,204.6391704,0
5445,28.42211117,204.6391704,0
5446,28.42211117,204.6391704,0
5447,28.42211117,204.6391704,0
5448,28.42211117,204.6391704,0
5449,28.42211117,204.6391704,0
5450,28.42211117,204.6391704,0
5451,28.42211117,204.6391704,0
5452,28.42211117,204.6391704,0
5453,28.42211117,204.6391704,0
5454,31.2643223,204.6391704,0
5455,31.2643223,204.6391704,0
5456,31.2643223,204.6391704,0
5457,31.2643223,204.6391704,0
5458,31.2643223,204.6391704,0
5459,31.2643223,204.6391704,0
5460,31.2643223,204.6391704,0
5461,31.2643223,204.6391704,0
5462,31.2643223,201.7969597,0
5463,31.2643223,201.7969597,0
5464,31.2643223,201.7969597,0
5465,31.2643223,201.7969597,0
5466,31.2643223,201.7969597,0
5467,31.2643223,201.7969597,0
5468,31.2643223,201.7969597,0
5469,31.2643223,201.7969597,0
5470,31.2643223,201.7969597,0
5471,31.2643223,201.7969597,0
5472,31.2643223,201.7969597,0
5473,31.2643223,201.7969597,0
5474,31.2643223,201.7969597,0
5475,31.2643223,201.7969597,0
5476,31.2643223,201.7969597,0
5477,31.2643223,201.7969597,0
5478,31.2643223,201.7969597,0
5479,31.2643223,201.7969597,0
5480,31.2643223,201.7969597,0
5481,31.2643223,201.7969597,0
5482,31.2643223,201.7969597,0
5483,31.2643223,201.7969597,0
5484,31.2643223,201.7969597,0
5485,31.2643223,201.7969597,0
5486,31.2643223,201.7969597,0
5487,31.2643223,201.7969597,0
5488,31.2643223,201.7969597,0
5489,31.2643223,201.7969597,0
5490,31.2643223,201.7969597,0
5491,31.2643223,201.7969597,0
5492,31.2643223,201.7969597,0
5493,31.2643223,201.7969597,0
5494,31.2643223,201.7969597,0
5495,31.2643223,201.7969597,0
5496,31.2643223,201.7969597,0
5497,31.2643223,201.7969597,0
5498,31.2643223,201.7969597,0
5499,31.2643223,201.7969597,0
5500,31.2643223,201.7969597,0
5501,31.2643223,198.954749,0
5502,31.2643223,198.954749,0
5503,31.2643223,198.954749,0
5504,31.2643223,198.954749,0
5505,31.2643223,198.954749,0
5506,31.2643223,198.954749,0
5507,31.2643223,198.954749,0
5508,31.2643223,198.954749,0
5509,31.2643223,198.954749,0
5510,31.2643223,198.954749,0
5511,31.2643223,198.954749,0
5512,31.2643223,198.954749,0
5513,31.2643223,198.954749,0
5514,31.2643223,198.954749,0
5515,31.2643223,198.954749,0
5516,31.2643223,198.954749,0
5517,31.2643223,198.954749,0
5518,31.2643223,198.954749,0
5519,31.2643223,198.954749,0
5520,31.2643223,198.954749,0
5521,31.2643223,198.954749,0
5522,31.2643223,198.954749,0
5523,31.2643223,198.954749,0
5524,31.2643223,198.954749,0
5525,31.2643223,198.954749,0
5526,31.2643223,198.954749,0
5527,31.2643223,198.954749,0
5528,31.2643223,198.954749,0
5529,31.2643223,198.954749,0
5530,31.2643223,198.954749,0
5531,31.2643223,198.954749,0
5532,31.2643223,198.954749,0
5533,31.2643223,198.954749,0
5534,31.2643223,198.954749,0
5535,31.2643223,198.954749,0
5536,31.2643223,198.954749,0
5537,31.2643223,198.954749,0
5538,31.2643223,198.954749,0
5539,31.2643223,198.954749,0
5540,31.2643223,198.954749,0
5541,31.2643223,198.954749,0
5542,31.2643223,198.954749,0
5543,31.2643223,198.954749,0
5544,31.2643223,198.954749,0
5545,31.2643223,198.954749,0
5546,31.2643223,198.954749,0
5547,31.2643223,198.954749,0
5548,31.2643223,198.954749,0
5549,31.2643223,198.954749,0
5550,31.2643223,198.954749,0
5551,31.2643223,198.954749,0
5552,31.2643223,198.954749,0
5553,28.42211117,198.954749,0
5554,28.42211117,198.954749,0
5555,28.42211117,198.954749,0
5556,28.42211117,198.954749,0
5557,28.42211117,198.954749,0
5558,28.42211117,198.954749,0
5559,28.42211117,196.1125383,0
5560,28.42211117,196.1125383,0
5561,28.42211117,198.954749,0
5562,28.42211117,198.954749,0
5563,28.42211117,198.954749,0
5564,28.42211117,198.954749,0
5565,28.42211117,198.954749,0
5566,28.42211117,198.954749,0
5567,28.42211117,198.954749,0
5568,28.42211117,198.954749,0
5569,28.42211117,198.954749,0
5570,28.42211117,198.954749,0
5571,28.42211117,198.954749,0
5572,28.42211117,198.954749,0
5573,28.42211117,198.954749,0
5574,28.42211117,198.954749,0
5575,28.42211117,198.954749,0
5576,28.42211117,198.954749,0
5577,28.42211117,198.954749,0
5578,28.42211117,198.954749,0
5579,28.42211117,198.954749,0
5580,28.42211117,198.954749,0
5581,28.42211117,198.954749,0
5582,28.42211117,198.954749,0
5583,28.42211117,198.954749,0
5584,28.42211117,198.954749,0
5585,28.42211117,198.954749,0
5586,28.42211117,198.954749,0
5587,28.42211117,198.954749,0
5588,31.2643223,198.954749,0
5589,31.2643223,198.954749,0
5590,31.2643223,198.954749,0
5591,31.2643223,198.954749,0
5592,31.2643223,198.954749,0
5593,31.2643223,198.954749,0
5594,31.2643223,198.954749,0
5595,31.2643223,198.954749,0
5596,31.2643223,198.954749,0
5597,31.2643223,198.954749,0
5598,31.2643223,198.954749,0
5599,31.2643223,198.954749,0
5600,31.2643223,198.954749,0
5601,31.2643223,198.954749,0
5602,31.2643223,198.954749,0
5603,31.2643223,198.954749,0
5604,31.2643223,198.954749,0
5605,31.2643223,198.954749,0
5606,31.2643223,198.954749,0
5607,31.2643223,198.954749,0
5608,31.2643223,198.954749,0
5609,31.2643223,198.954749,0
5610,31.2643223,198.954749,0
5611,31.2643223,198.954749,0
5612,31.2643223,198.954749,0
5613,31.2643223,198.954749,0
5614,31.2643223,198.954749,0
5615,31.2643223,198.954749,0
5616,31.2643223,198.954749,0
5617,31.2643223,198.954749,0
5618,31.2643223,198.954749,0
5619,31.2643223,198.954749,0
5620,31.2643223,198.954749,0
5621,31.2643223,198.954749,0
5622,31.2643223,198.954749,0
5623,31.2643223,198.954749,0
5624,31.2643223,198.954749,0
5625,31.2643223,198.954749,0
5626,31.2643223,198.954749,0
5627,31.2643223,198.954749,0
5628,31.2643223,198.954749,0
5629,31.2643223,198.954749,0
5630,31.2643223,198.954749,0
5631,31.2643223,198.954749,0
5632,31.2643223,198.954749,0
5633,31.2643223,198.954749,0
5634,31.2643223,198.954749,0
5635,31.2643223,198.954749,0
5636,31.2643223,198.954749,0
5637,31.2643223,198.954749,0
5638,31.2643223,198.954749,0
5639,31.2643223,198.954749,0
5640,31.2643223,198.954749,0
5641,31.2643223,198.954749,0
5642,31.2643223,198.954749,0
5643,31.2643223,198.954749,0
5644,31.2643223,198.954749,0
5645,31.2643223,198.954749,0
5646,31.2643223,198.954749,0
5647,31.2643223,198.954749,0
5648,31.2643223,198.954749,0
5649,31.2643223,198.954749,0
5650,31.2643223,198.954749,0
5651,31.2643223,198.954749,0
5652,31.2643223,198.954749,0
5653,31.2643223,198.954749,0
5654,31.2643223,198.954749,0
5655,31.2643223,198.954749,0
5656,31.2643223,198.954749,0
5657,31.2643223,198.954749,0
5658,31.2643223,198.954749,0
5659,31.2643223,198.954749,0
5660,31.2643223,198.954749,0
5661,31.2643223,198.954749,0
5662,31.2643223,198.954749,0
5663,31.2643223,198.954749,0
5664,31.2643223,198.954749,0
5665,31.2643223,198.954749,0
5666,31.2643223,198.954749,0
5667,31.2643223,198.954749,0
5668,31.2643223,198.954749,0
5669,31.2643223,198.954749,0
5670,34.10653342,198.954749,0
5671,34.10653342,198.954749,0
5672,34.10653342,198.954749,0
5673,34.10653342,198.954749,0
5674,34.10653342,198.954749,0
5675,34.10653342,198.954749,0
5676,34.10653342,198.954749,0
5677,34.10653342,198.954749,0
5678,34.10653342,198.954749,0
5679,34.10653342,198.954749,0
5680,34.10653342,198.954749,0
5681,34.10653342,198.954749,0
5682,34.10653342,198.954749,0
5683,34.10653342,198.954749,0
5684,34.10653342,198.954749,0
5685,34.10653342,198.954749,0
5686,34.10653342,198.954749,0
5687,34.10653342,198.954749,0
5688,34.10653342,198.954749,0
5689,34.10653342,198.954749,0
5690,34.10653342,198.954749,0
5691,34.10653342,198.954749,0
5692,34.10653342,198.954749,0
5693,34.10653342,198.954749,0
5694,34.10653342,198.954749,0
5695,34.10653342,198.954749,0
5696,34.10653342,198.954749,0
5697,34.10653342,198.954749,0
5698,34.10653342,198.954749,0
5699,34.10653342,198.954749,0
5700,34.10653342,198.954749,0
5701,34.10653342,198.954749,0
5702,34.10653342,198.954749,0
5703,34.10653342,198.954749,0
5704,39.79095567,198.954749,0
5705,39.79095567,198.954749,0
5706,39.79095567,198.954749,0
5707,39.79095567,198.954749,0
5708,39.79095567,198.954749,0
5709,39.79095567,198.954749,0
5710,39.79095567,198.954749,0
5711,39.79095567,198.954749,0
5712,39.79095567,198.954749,0
5713,39.79095567,198.954749,0
5714,39.79095567,198.954749,0
5715,39.79095567,198.954749,0
5716,39.79095567,198.954749,0
5717,39.79095567,198.954749,0
5718,39.79095567,198.954749,0
5719,39.79095567,198.954749,0
5720,39.79095567,198.954749,0
5721,39.79095567,198.954749,0
5722,39.79095567,198.954749,0
5723,39.79095567,198.954749,0
5724,39.79095567,198.954749,0
5725,39.79095567,198.954749,0
5726,39.79095567,198.954749,0
5727,39.79095567,198.954749,0
5728,39.79095567,198.954749,0
5729,39.79095567,198.954749,0
5730,39.79095567,198.954749,0
5731,39.79095567,198.954749,0
5732,39.79095567,198.954749,0
5733,39.79095567,198.954749,0
5734,39.79095567,198.954749,0
5735,39.79095567,198.954749,0
5736,39.79095567,198.954749,0
5737,39.79095567,198.954749,0
5738,39.79095567,198.954749,0
5739,39.79095567,198.954749,0
5740,39.79095567,198.954749,0
5741,39.79095567,198.954749,0
5742,39.79095567,198.954749,0
5743,39.79095567,198.954749,0
5744,39.79095567,198.954749,0
5745,39.79095567,198.954749,0
5746,39.79095567,198.954749,0
5747,39.79095567,198.954749,0
5748,39.79095567,198.954749,0
5749,39.79095567,198.954749,0
5750,39.79095567,198.954749,0
5751,39.79095567,198.954749,0
5752,39.79095567,198.954749,0
5753,39.79095567,198.954749,0
5754,36.94874454,198.954749,0
5755,36.94874454,198.954749,0
5756,36.94874454,198.954749,0
5757,36.94874454,198.954749,0
5758,36.94874454,198.954749,0
5759,36.94874454,198.954749,0
5760,36.94874454,198.954749,0
5761,36.94874454,198.954749,0
5762,36.94874454,198.954749,0
5763,36.94874454,198.954749,0
5764,36.94874454,198.954749,0
5765,36.94874454,198.954749,0
5766,36.94874454,198.954749,0
5767,36.94874454,198.954749,0
5768,36.94874454,198.954749,0
5769,36.94874454,198.954749,0
5770,36.94874454,198.954749,0
5771,39.79095567,201.7969597,0
5772,39.79095567,201.7969597,0
5773,39.79095567,201.7969597,0
5774,39.79095567,201.7969597,0
5775,39.79095567,201.7969597,0
5776,39.79095567,201.7969597,0
5777,39.79095567,201.7969597,0
5778,39.79095567,201.7969597,0
5779,39.79095567,201.7969597,0
5780,39.79095567,201.7969597,0
5781,39.79095567,201.7969597,0
5782,39.79095567,201.7969597,0
5783,39.79095567,201.7969597,0
5784,39.79095567,201.7969597,0
5785,39.79095567,201.7969597,0
5786,39.79095567,201.7969597,0
5787,39.79095567,201.7969597,0
5788,39.79095567,201.7969597,0
5789,39.79095567,201.7969597,0
5790,42.63316679,201.7969597,0
5791,42.63316679,201.7969597,0
5792,42.63316679,201.7969597,0
5793,42.63316679,201.7969597,0
5794,42.63316679,201.7969597,0
5795,42.63316679,201.7969597,0
5796,42.63316679,201.7969597,0
5797,42.63316679,201.7969597,0
5798,42.63316679,201.7969597,0
5799,42.63316679,201.7969597,0
5800,42.63316679,201.7969597,0
5801,42.63316679,201.7969597,0
5802,42.63316679,201.7969597,0
5803,42.63316679,201.7969597,0
5804,42.63316679,201.7969597,0
5805,42.63316679,201.7969597,0
5806,42.63316679,201.7969597,0
5807,42.63316679,201.7969597,0
5808,42.63316679,201.7969597,0
5809,42.63316679,201.7969597,0
5810,42.63316679,201.7969597,0
5811,42.63316679,201.7969597,0
5812,42.63316679,201.7969597,0
5813,42.63316679,201.7969597,0
5814,42.63316679,201.7969597,0
5815,42.63316679,201.7969597,0
5816,42.63316679,201.7969597,0
5817,42.63316679,201.7969597,0
5818,42.63316679,201.7969597,0
5819,42.63316679,201.7969597,0
5820,42.63316679,201.7969597,0
5821,42.63316679,198.954749,0
5822,42.63316679,198.954749,0
5823,42.63316679,198.954749,0
5824,42.63316679,198.954749,0
5825,42.63316679,198.954749,0
5826,42.63316679,198.954749,0
5827,42.63316679,198.954749,0
5828,42.63316679,198.954749,0
5829,42.63316679,198.954749,0
5830,42.63316679,198.954749,0
5831,42.63316679,198.954749,0
5832,42.63316679,198.954749,0
5833,42.63316679,198.954749,0
5834,42.63316679,198.954749,0
5835,42.63316679,198.954749,0
5836,42.63316679,198.954749,0
5837,42.63316679,198.954749,0
5838,42.63316679,198.954749,0
5839,42.63316679,198.954749,0
5840,42.63316679,198.954749,0
5841,42.63316679,198.954749,0
5842,42.63316679,198.954749,0
5843,42.63316679,198.954749,0
5844,42.63316679,198.954749,0
5845,42.63316679,198.954749,0
5846,42.63316679,198.954749,0
5847,42.63316679,198.954749,0
5848,42.63316679,198.954749,0
5849,42.63316679,198.954749,0
5850,42.63316679,198.954749,0
5851,42.63316679,198.954749,0
5852,42.63316679,198.954749,0
5853,42.63316679,198.954749,0
5854,42.63316679,198.954749,0
5855,42.63316679,198.954749,0
5856,42.63316679,198.954749,0
5857,42.63316679,198.954749,0
5858,42.63316679,198.954749,0
5859,42.63316679,198.954749,0
5860,42.63316679,198.954749,0
5861,42.63316679,198.954749,0
5862,42.63316679,198.954749,0
5863,42.63316679,198.954749,0
5864,42.63316679,198.954749,0
5865,42.63316679,198.954749,0
5866,42.63316679,198.954749,0
5867,42.63316679,198.954749,0
5868,42.63316679,198.954749,0
5869,42.63316679,198.954749,0
5870,42.63316679,198.954749,0
5871,42.63316679,198.954749,0
5872,42.63316679,198.954749,0
5873,42.63316679,198.954749,0
5874,42.63316679,198.954749,0
5875,42.63316679,198.954749,0
5876,42.63316679,198.954749,0
5877,42.63316679,198.954749,0
5878,42.63316679,198.954749,0
5879,42.63316679,198.954749,0
5880,42.63316679,198.954749,0
5881,42.63316679,198.954749,0
5882,42.63316679,198.954749,0
5883,42.63316679,198.954749,0
5884,42.63316679,198.954749,0
5885,42.63316679,198.954749,0
5886,42.63316679,198.954749,0
5887,42.63316679,198.954749,0
5888,42.63316679,198.954749,0
5889,42.63316679,198.954749,0
5890,42.63316679,198.954749,0
5891,42.63316679,198.954749,0
5892,42.63316679,198.954749,0
5893,42.63316679,198.954749,0
5894,42.63316679,198.954749,0
5895,42.63316679,198.954749,0
5896,42.63316679,198.954749,0
5897,39.79095567,198.954749,0
5898,39.79095567,198.954749,0
5899,39.79095567,198.954749,0
5900,39.79095567,198.954749,0
5901,39.79095567,198.954749,0
5902,39.79095567,198.954749,0
5903,39.79095567,198.954749,0
5904,39.79095567,198.954749,0
5905,39.79095567,198.954749,0
5906,39.79095567,198.954749,0
5907,39.79095567,198.954749,0
5908,39.79095567,198.954749,0
5909,39.79095567,198.954749,0
5910,39.79095567,198.954749,0
5911,39.79095567,198.954749,0
5912,39.79095567,198.954749,0
5913,39.79095567,198.954749,0
5914,42.63316672,201.7969597,0
5915,42.63316672,201.7969597,0
5916,42.63316672,201.7969597,0
5917,42.63316672,201.7969597,0
5918,42.63316672,201.7969597,0
5919,42.63316672,201.7969597,0
5920,42.63316672,201.7969597,0
5921,42.63316672,201.7969597,0
5922,42.63316672,201.7969597,0
5923,42.63316672,201.7969597,0
5924,42.63316672,201.7969597,0
5925,42.63316672,201.7969597,0
5926,42.63316672,201.7969597,0
5927,42.63316672,201.7969597,0
5928,42.63316672,201.7969597,0
5929,42.63316672,201.7969597,0
5930,42.63316672,201.7969597,0
5931,42.63316672,201.7969597,0
5932,42.63316672,201.7969597,0
5933,42.63316679,201.7969597,0
5934,42.63316679,201.7969597,0
5935,42.63316679,201.7969597,0
5936,42.63316679,201.7969597,0
5937,42.63316679,201.7969597,0
5938,42.63316679,201.7969597,0
5939,42.63316679,201.7969597,0
5940,45.47537785,201.7969597,0
5941,45.47537785,201.7969597,0
5942,45.47537785,201.7969597,0
5943,45.47537785,201.7969597,0
5944,45.47537785,201.7969597,0
5945,45.47537785,201.7969597,0
5946,45.47537785,201.7969597,0
5947,45.47537792,201.7969597,0
5948,45.47537792,201.7969597,0
5949,45.47537792,201.7969597,0
5950,45.47537792,201.7969597,0
5951,45.47537792,201.7969597,0
5952,45.47537792,201.7969597,0
5953,45.47537792,201.7969597,0
5954,45.47537792,201.7969597,0
5955,45.47537792,201.7969597,0
5956,45.47537792,201.7969597,0
5957,45.47537792,201.7969597,0
5958,45.47537792,201.7969597,0
5959,45.47537792,201.7969597,0
5960,45.47537792,201.7969597,0
5961,45.47537792,201.7969597,0
5962,45.47537792,201.7969597,0
5963,45.47537792,201.7969597,0
5964,45.47537792,198.954749,0
5965,45.47537792,198.954749,0
5966,45.47537792,198.954749,0
5967,45.47537792,198.954749,0
5968,45.47537792,198.954749,0
5969,45.47537792,198.954749,0
5970,45.47537792,198.954749,0
5971,45.47537792,198.954749,0
5972,45.47537792,198.954749,0
5973,45.47537792,198.954749,0
5974,45.47537792,198.954749,0
5975,48.31758897,198.954749,0
5976,48.31758897,198.954749,0
5977,48.31758904,198.954749,0
5978,48.31758904,198.954749,0
5979,48.31758904,198.954749,0
5980,48.31758904,198.954749,0
5981,48.31758904,198.954749,0
5982,48.31758904,198.954749,0
5983,48.31758904,198.954749,0
5984,48.31758904,198.954749,0
5985,48.31758904,198.954749,0
5986,48.31758904,198.954749,0
5987,51.15980016,198.954749,0
5988,51.15980016,198.954749,0
5989,51.15980016,198.954749,0
5990,51.15980016,198.954749,0
5991,51.15980016,198.954749,0
5992,51.15980016,198.954749,0
5993,51.15980016,198.954749,0
5994,51.15980016,198.954749,0
5995,51.15980016,198.954749,0
5996,51.15980016,198.954749,0
5997,51.15980016,198.954749,0
5998,51.15980016,198.954749,0
5999,51.15980016,198.954749,0
6000,51.15980016,198.954749,0
6001,51.15980016,198.954749,0
6002,51.15980016,198.954749,0
6003,51.15980016,198.954749,0
6004,51.15980016,198.954749,0
6005,51.15980016,198.954749,0
6006,51.15980016,198.954749,0
6007,51.15980016,198.954749,0
6008,51.15980016,198.954749,0
6009,51.15980016,198.954749,0
6010,51.15980016,198.954749,0
6011,51.15980016,198.954749,0
6012,51.15980016,198.954749,0
6013,51.15980016,198.954749,0
6014,51.15980016,198.954749,0
6015,51.15980016,198.954749,0
6016,51.15980016,198.954749,0
6017,51.15980016,198.954749,0
6018,51.15980016,198.954749,0
6019,51.15980016,198.954749,0
6020,51.15980016,198.954749,0
6021,51.15980016,198.954749,0
6022,51.15980016,198.954749,0
6023,51.15980016,198.954749,0
6024,54.00201122,198.954749,0
6025,54.00201122,198.954749,0
6026,54.00201129,198.954749,0
6027,54.00201129,198.954749,0
6028,54.00201129,198.954749,0
6029,54.00201129,198.954749,0
6030,54.00201129,198.954749,0
6031,54.00201129,198.954749,0
6032,59.68643347,198.954749,0
6033,59.68643347,198.954749,0
6034,59.68643347,198.954749,0
6035,59.68643347,198.954749,0
6036,59.68643347,198.954749,0
6037,59.68643347,198.954749,0
6038,59.68643347,198.954749,0
6039,59.68643347,198.954749,0
6040,59.68643347,198.954749,0
6041,59.68643347,198.954749,0
6042,59.68643347,198.954749,0
6043,59.68643347,198.954749,0
6044,59.68643347,198.954749,0
6045,59.68643347,198.954749,0
6046,59.68643347,198.954749,0
6047,59.68643347,198.954749,0
6048,59.68643347,198.954749,0
6049,59.68643347,198.954749,0
6050,59.68643347,198.954749,0
6051,59.68643347,198.954749,0
6052,59.68643347,198.954749,0
6053,62.52864459,198.954749,0
6054,62.52864459,198.954749,0
6055,62.52864459,198.954749,0
6056,62.52864459,198.954749,0
6057,62.52864459,198.954749,0
6058,62.52864459,198.954749,0
6059,62.52864459,198.954749,0
6060,62.52864459,198.954749,0
6061,62.52864459,198.954749,0
6062,62.52864459,198.954749,0
6063,62.52864459,198.954749,0
6064,62.52864459,198.954749,0
6065,62.52864459,198.954749,0
6066,62.52864459,198.954749,0
6067,62.52864459,198.954749,0
6068,62.52864459,198.954749,0
6069,62.52864459,198.954749,0
6070,62.52864459,198.954749,0
6071,62.52864459,198.954749,0
6072,62.52864459,198.954749,0
6073,62.52864459,198.954749,0
6074,62.52864459,198.954749,0
6075,62.52864459,198.954749,0
6076,62.52864459,198.954749,0
6077,62.52864459,198.954749,0
6078,62.52864459,198.954749,0
6079,62.52864459,198.954749,0
6080,62.52864459,198.954749,0
6081,62.52864459,198.954749,0
6082,62.52864459,198.954749,0
6083,62.52864459,198.954749,0
6084,62.52864459,198.954749,0
6085,62.52864459,198.954749,0
6086,62.52864459,198.954749,0
6087,62.52864459,198.954749,0
6088,62.52864459,198.954749,0
6089,62.52864459,198.954749,0
6090,62.52864459,198.954749,0
6091,62.52864459,198.954749,0
6092,62.52864459,198.954749,0
6093,62.52864459,198.954749,0
6094,62.52864459,198.954749,0
6095,62.52864459,198.954749,0
6096,62.52864459,198.954749,0
6097,62.52864459,198.954749,0
6098,62.52864459,198.954749,0
6099,62.52864459,198.954749,0
6100,62.52864459,201.7969597,0
6101,62.52864459,201.7969597,0
6102,62.52864459,201.7969597,0
6103,59.68643347,201.7969597,0
6104,59.68643347,201.7969597,0
6105,59.68643347,201.7969597,0
6106,59.68643347,201.7969597,0
6107,59.68643347,201.7969597,0
6108,59.68643347,201.7969597,0
6109,59.68643347,201.7969597,0
6110,59.68643347,201.7969597,0
6111,59.68643347,201.7969597,0
6112,59.68643347,201.7969597,0
6113,59.68643347,201.7969597,0
6114,59.68643347,201.7969597,0
6115,59.68643347,201.7969597,0
6116,59.68643347,201.7969597,0
6117,59.68643347,201.7969597,0
6118,59.68643347,201.7969597,0
6119,59.68643347,201.7969597,0
6120,59.68643347,201.7969597,0
6121,59.68643347,201.7969597,0
6122,59.68643347,201.7969597,0
6123,59.68643347,201.7969597,0
6124,59.68643347,201.7969597,0
6125,59.68643347,201.7969597,0
6126,59.68643347,201.7969597,0
6127,59.68643347,201.7969597,0
6128,59.68643347,201.7969597,0
6129,59.68643347,201.7969597,0
6130,59.68643347,201.7969597,0
6131,59.68643347,201.7969597,0
6132,59.68643347,201.7969597,0
6133,59.68643347,201.7969597,0
6134,59.68643347,201.7969597,0
6135,59.68643347,201.7969597,0
6136,59.68643347,201.7969597,0
6137,59.68643347,201.7969597,0
6138,59.68643347,201.7969597,0
6139,59.68643347,201.7969597,0
6140,59.68643347,201.7969597,0
6141,59.68643347,201.7969597,0
6142,59.68643347,201.7969597,0
6143,59.68643347,201.7969597,0
6144,59.68643347,201.7969597,0
6145,59.68643347,201.7969597,0
6146,59.68643347,201.7969597,0
6147,59.68643347,201.7969597,0
6148,59.68643347,201.7969597,0
6149,59.68643347,201.7969597,0
6150,59.68643347,201.7969597,0
6151,59.68643347,201.7969597,0
6152,59.68643347,201.7969597,0
6153,59.68643347,201.7969597,0
6154,59.68643347,201.7969597,0
6155,59.68643347,201.7969597,0
6156,59.68643347,201.7969597,0
6157,59.68643347,201.7969597,0
6158,59.68643347,201.7969597,0
6159,59.68643347,201.7969597,0
6160,59.68643347,201.7969597,0
6161,59.68643347,201.7969597,0
6162,59.68643347,201.7969597,0
6163,59.68643347,201.7969597,0
6164,59.68643347,201.7969597,0
6165,59.68643347,201.7969597,0
6166,59.68643347,201.7969597,0
6167,59.68643347,201.7969597,0
6168,59.68643347,201.7969597,0
6169,59.68643347,201.7969597,0
6170,59.68643347,201.7969597,0
6171,59.68643347,201.7969597,0
6172,59.68643347,201.7969597,0
6173,59.68643347,201.7969597,0
6174,59.68643347,201.7969597,0
6175,59.68643347,201.7969597,0
6176,59.68643347,201.7969597,0
6177,59.68643347,201.7969597,0
6178,62.52864459,201.7969597,0
6179,62.52864459,201.7969597,0
6180,62.52864459,201.7969597,0
6181,62.52864459,201.7969597,0
6182,62.52864459,201.7969597,0
6183,62.52864459,201.7969597,0
6184,62.52864459,201.7969597,0
6185,62.52864459,201.7969597,0
6186,62.52864459,201.7969597,0
6187,62.52864459,201.7969597,0
6188,62.52864459,201.7969597,0
6189,62.52864459,201.7969597,0
6190,62.52864459,201.7969597,0
6191,62.52864459,201.7969597,0
6192,62.52864459,201.7969597,0
6193,62.52864459,201.7969597,0
6194,62.52864459,201.7969597,0
6195,62.52864459,201.7969597,0
6196,62.52864459,201.7969597,0
6197,62.52864459,201.7969597,0
6198,62.52864459,201.7969597,0
6199,62.52864466,201.7969597,0
6200,62.52864466,201.7969597,0
6201,62.52864466,201.7969597,0
6202,62.52864466,198.954749,0
6203,62.52864466,198.954749,0
6204,62.52864466,198.954749,0
6205,62.52864466,198.954749,0
6206,62.52864466,198.954749,0
6207,62.52864466,198.954749,0
6208,62.52864466,198.954749,0
6209,62.52864466,198.954749,0
6210,62.52864466,198.954749,0
6211,62.52864466,198.954749,0
6212,62.52864466,198.954749,0
6213,62.52864466,198.954749,0
6214,62.52864466,198.954749,0
6215,62.52864466,198.954749,0
6216,62.52864466,198.954749,0
6217,62.52864466,198.954749,0
6218,62.52864466,198.954749,0
6219,62.52864466,198.954749,0
6220,62.52864466,198.954749,0
6221,62.52864466,198.954749,0
6222,62.52864466,198.954749,0
6223,62.52864466,198.954749,0
6224,62.52864466,198.954749,0
6225,62.52864466,198.954749,0
6226,62.52864466,198.954749,0
6227,62.52864466,201.7969597,0
6228,62.52864466,201.7969597,0
6229,62.52864466,201.7969597,0
6230,62.52864466,204.6391704,0
6231,62.52864466,204.6391704,0
6232,62.52864466,204.6391704,0
6233,62.52864466,204.6391704,0
6234,62.52864466,204.6391704,0
6235,62.52864466,204.6391704,0
6236,62.52864466,204.6391704,0
6237,62.52864466,204.6391704,0
6238,62.52864466,204.6391704,0
6239,62.52864466,204.6391704,0
6240,62.52864466,204.6391704,0
6241,62.52864466,204.6391704,0
6242,62.52864466,204.6391704,0
6243,62.52864466,204.6391704,0
6244,62.52864466,204.6391704,0
6245,62.52864466,204.6391704,0
6246,62.52864466,204.6391704,0
6247,62.52864466,204.6391704,0
6248,62.52864466,204.6391704,0
6249,59.68643354,204.6391704,0
6250,59.68643354,204.6391704,0
6251,59.68643354,204.6391704,0
6252,59.68643354,204.6391704,0
6253,59.68643354,204.6391704,0
6254,59.68643354,204.6391704,0
6255,59.68643354,204.6391704,0
6256,59.68643354,204.6391704,0
6257,59.68643354,204.6391704,0
6258,59.68643354,204.6391704,0
6259,59.68643354,204.6391704,0
6260,59.68643354,204.6391704,0
6261,59.68643354,204.6391704,0
6262,59.68643354,204.6391704,0
6263,59.68643354,204.6391704,0
6264,59.68643354,204.6391704,0
6265,59.68643354,204.6391704,0
6266,59.68643347,204.6391704,0
6267,59.68643347,204.6391704,0
6268,59.68643347,204.6391704,0
6269,59.68643347,204.6391704,0
6270,59.68643347,204.6391704,0
6271,59.68643347,204.6391704,0
6272,59.68643347,204.6391704,0
6273,59.68643347,204.6391704,0
6274,59.68643347,204.6391704,0
6275,59.68643347,204.6391704,0
6276,59.68643354,204.6391704,0
6277,59.68643354,204.6391704,0
6278,59.68643354,204.6391704,0
6279,59.68643354,204.6391704,0
6280,59.68643354,201.7969597,0
6281,59.68643354,201.7969597,0
6282,59.68643354,201.7969597,0
6283,59.68643354,201.7969597,0
6284,59.68643354,201.7969597,0
6285,59.68643354,201.7969597,0
6286,59.68643354,201.7969597,0
6287,59.68643354,201.7969597,0
6288,59.68643354,201.7969597,0
6289,65.37085572,201.7969597,0
6290,65.37085572,201.7969597,0
6291,65.37085572,201.7969597,0
6292,65.37085572,201.7969597,0
6293,65.37085572,201.7969597,0
6294,65.37085572,201.7969597,0
6295,65.37085572,201.7969597,0
6296,68.21306684,201.7969597,0
6297,68.21306684,201.7969597,0
6298,68.21306684,201.7969597,0
6299,68.21306684,201.7969597,0
6300,68.21306684,201.7969597,0
6301,68.21306684,201.7969597,0
6302,68.21306684,201.7969597,0
6303,68.21306684,201.7969597,0
6304,68.21306684,201.7969597,0
6305,68.21306684,201.7969597,0
6306,68.21306684,201.7969597,0
6307,68.21306684,201.7969597,0
6308,68.21306684,201.7969597,0
6309,68.21306684,201.7969597,0
6310,68.21306684,201.7969597,0
6311,68.21306684,201.7969597,0
6312,68.21306684,201.7969597,0
6313,68.21306684,201.7969597,0
6314,68.21306684,201.7969597,0
6315,68.21306684,201.7969597,0
6316,68.21306684,201.7969597,0
6317,68.21306684,201.7969597,0
6318,68.21306684,201.7969597,0
6319,68.21306684,201.7969597,0
6320,68.21306684,201.7969597,0
6321,68.21306684,201.7969597,0
6322,68.21306684,201.7969597,0
6323,68.21306684,201.7969597,0
6324,68.21306684,201.7969597,0
6325,68.21306684,201.7969597,0
6326,68.21306684,201.7969597,0
6327,68.21306684,201.7969597,0
6328,68.21306684,201.7969597,0
6329,68.21306684,201.7969597,0
6330,68.21306684,201.7969597,0
6331,68.21306684,201.7969597,0
6332,68.21306684,201.7969597,0
6333,68.21306684,201.7969597,0
6334,68.21306684,201.7969597,0
6335,73.89748902,201.7969597,0
6336,73.89748902,201.7969597,0
6337,73.89748902,201.7969597,0
6338,73.89748902,201.7969597,0
6339,73.89748902,201.7969597,0
6340,73.89748902,201.7969597,0
6341,73.89748902,201.7969597,0
6342,79.58191127,201.7969597,0
6343,79.58191127,201.7969597,0
6344,79.58191127,201.7969597,0
6345,79.58191127,201.7969597,0
6346,79.58191127,201.7969597,0
6347,79.58191127,201.7969597,0
6348,79.58191134,201.7969597,0
6349,82.42412246,201.7969597,0
6350,82.42412246,201.7969597,0
6351,82.42412246,201.7969597,0
6352,82.42412246,201.7969597,0
6353,82.42412246,201.7969597,0
6354,82.42412246,201.7969597,0
6355,82.42412246,201.7969597,0
6356,82.42412246,201.7969597,0
6357,82.42412246,201.7969597,0
6358,82.42412246,201.7969597,0
6359,82.42412246,201.7969597,0
6360,88.10854457,204.6391704,0
6361,88.10854457,204.6391704,0
6362,88.10854457,204.6391704,0
6363,88.10854457,204.6391704,0
6364,88.10854457,204.6391704,0
6365,88.10854457,204.6391704,0
6366,88.10854457,204.6391704,0
6367,88.10854457,204.6391704,0
6368,88.10854457,204.6391704,0
6369,88.10854457,204.6391704,0
6370,88.10854457,204.6391704,0
6371,88.10854457,204.6391704,0
6372,88.10854457,204.6391704,0
6373,88.10854457,204.6391704,0
6374,88.10854457,204.6391704,0
6375,88.10854457,204.6391704,0
6376,88.10854457,204.6391704,0
6377,88.10854457,204.6391704,0
6378,88.10854457,204.6391704,0
6379,88.10854457,204.6391704,0
6380,93.79296689,204.6391704,0
6381,93.79296689,204.6391704,0
6382,93.79296689,204.6391704,0
6383,93.79296689,204.6391704,0
6384,93.79296689,204.6391704,0
6385,93.79296689,204.6391704,0
6386,93.79296689,204.6391704,0
6387,93.79296689,204.6391704,0
6388,93.79296689,204.6391704,0
6389,93.79296689,204.6391704,0
6390,93.79296689,204.6391704,0
6391,93.79296689,204.6391704,0
6392,93.79296689,204.6391704,0
6393,93.79296689,204.6391704,0
6394,93.79296689,204.6391704,0
6395,93.79296689,204.6391704,0
6396,93.79296689,204.6391704,0
6397,93.79296689,204.6391704,0
6398,93.79296689,204.6391704,0
6399,93.79296689,204.6391704,0
6400,93.79296689,204.6391704,0
6401,93.79296689,204.6391704,0
6402,93.79296689,204.6391704,0
6403,93.79296689,204.6391704,0
6404,93.79296689,204.6391704,0
6405,93.79296689,204.6391704,0
6406,93.79296689,204.6391704,0
6407,93.79296689,204.6391704,0
6408,93.79296689,204.6391704,0
6409,93.79296689,204.6391704,0
6410,93.79296689,201.7969597,0
6411,93.79296689,201.7969597,0
6412,93.79296689,201.7969597,0
6413,93.79296689,201.7969597,0
6414,93.79296689,201.7969597,0
6415,93.79296689,201.7969597,0
6416,93.79296689,201.7969597,0
6417,105.1618114,201.7969597,0
6418,105.1618114,201.7969597,0
6419,105.1618114,201.7969597,0
6420,105.1618114,201.7969597,0
6421,105.1618114,201.7969597,0
6422,105.1618114,204.6391704,0
6423,105.1618114,204.6391704,0
6424,105.1618114,204.6391704,0
6425,105.1618114,204.6391704,0
6426,105.1618114,204.6391704,0
6427,105.1618114,204.6391704,0
6428,105.1618114,204.6391704,0
6429,105.1618114,204.6391704,0
6430,105.1618114,204.6391704,0
6431,105.1618114,204.6391704,0
6432,105.1618114,204.6391704,0
6433,105.1618114,204.6391704,0
6434,105.1618114,204.6391704,0
6435,105.1618114,207.4813811,0
6436,105.1618114,207.4813811,0
6437,105.1618114,207.4813811,0
6438,105.1618114,207.4813811,0
6439,105.1618114,207.4813811,0
6440,105.1618114,207.4813811,0
6441,105.1618114,207.4813811,0
6442,105.1618114,207.4813811,0
6443,105.1618114,207.4813811,0
6444,105.1618114,207.4813811,0
6445,105.1618114,207.4813811,0
6446,105.1618114,207.4813811,0
6447,105.1618114,207.4813811,0
6448,105.1618114,207.4813811,0
6449,105.1618114,207.4813811,0
6450,105.1618114,207.4813811,0
6451,105.1618114,207.4813811,0
6452,105.1618114,207.4813811,0
6453,105.1618114,207.4813811,0
6454,113.6884447,207.4813811,0
6455,113.6884447,207.4813811,0
6456,113.6884447,207.4813811,0
6457,113.6884447,207.4813811,0
6458,113.6884447,207.4813811,0
6459,113.6884447,207.4813811,0
6460,113.6884447,207.4813811,0
6461,113.6884447,207.4813811,0
6462,113.6884447,207.4813811,0
6463,113.6884447,207.4813811,0
6464,113.6884447,207.4813811,0
6465,113.6884447,207.4813811,0
6466,113.6884447,207.4813811,0
6467,113.6884447,207.4813811,0
6468,113.6884447,207.4813811,0
6469,113.6884447,207.4813811,0
6470,113.6884447,207.4813811,0
6471,113.6884447,207.4813811,0
6472,113.6884447,207.4813811,0
6473,113.6884447,207.4813811,0
6474,113.6884447,207.4813811,0
6475,113.6884447,207.4813811,0
6476,113.6884447,207.4813811,0
6477,113.6884447,207.4813811,0
6478,113.6884447,207.4813811,0
6479,113.6884447,207.4813811,0
6480,113.6884447,207.4813811,0
6481,113.6884447,207.4813811,0
6482,113.6884447,207.4813811,0
6483,113.6884447,207.4813811,0
6484,113.6884447,207.4813811,0
6485,113.6884447,204.6391704,0
6486,113.6884447,204.6391704,0
6487,113.6884447,204.6391704,0
6488,113.6884447,204.6391704,0
6489,113.6884447,204.6391704,0
6490,113.6884447,204.6391704,0
6491,113.6884447,204.6391704,0
6492,113.6884447,204.6391704,0
6493,133.5839225,204.6391704,0
6494,133.5839225,204.6391704,0
6495,133.5839225,204.6391704,0
6496,133.5839225,204.6391704,0
6497,133.5839225,204.6391704,0
6498,133.5839225,204.6391704,0
6499,133.5839225,204.6391704,0
6500,133.5839225,204.6391704,0
6501,133.5839225,204.6391704,0
6502,133.5839225,204.6391704,0
6503,133.5839225,204.6391704,0
6504,133.5839225,204.6391704,0
6505,133.5839225,204.6391704,0
6506,133.5839225,204.6391704,0
6507,133.5839225,204.6391704,0
6508,133.5839225,204.6391704,0
6509,133.5839225,204.6391704,0
6510,133.5839225,204.6391704,0
6511,133.5839225,204.6391704,0
6512,133.5839225,204.6391704,0
6513,133.5839225,204.6391704,0
6514,136.4261337,204.6391704,0
6515,136.4261337,204.6391704,0
6516,136.4261337,204.6391704,0
6517,136.4261337,204.6391704,0
6518,136.4261337,204.6391704,0
6519,136.4261337,204.6391704,0
6520,136.4261337,204.6391704,0
6521,136.4261337,207.4813811,0
6522,136.4261337,207.4813811,0
6523,136.4261337,207.4813811,0
6524,136.4261337,207.4813811,0
6525,136.4261337,207.4813811,0
6526,136.4261337,207.4813811,0
6527,136.4261337,207.4813811,0
6528,136.4261337,207.4813811,0
6529,136.4261337,207.4813811,0
6530,136.4261337,207.4813811,0
6531,136.4261337,207.4813811,0
6532,139.2683447,207.4813811,0
6533,139.2683447,207.4813811,0
6534,139.2683447,207.4813811,0
6535,139.2683447,207.4813811,0
6536,139.2683447,213.1658025,0
6537,139.2683447,213.1658025,0
6538,139.2683447,213.1658025,0
6539,139.2683447,213.1658025,0
6540,139.2683447,213.1658025,0
6541,139.2683447,213.1658025,0
6542,139.2683447,213.1658025,0
6543,139.2683447,213.1658025,0
6544,139.2683447,213.1658025,0
6545,139.2683447,213.1658025,0
6546,139.2683447,213.1658025,0
6547,139.2683447,213.1658025,0
6548,139.2683447,213.1658025,0
6549,139.2683447,213.1658025,0
6550,139.2683447,213.1658025,0
6551,139.2683447,213.1658025,0
6552,139.2683447,213.1658025,0
6553,139.2683447,213.1658025,0
6554,139.2683447,213.1658025,0
6555,139.2683447,213.1658025,0
6556,139.2683447,213.1658025,0
6557,139.2683447,213.1658025,0
6558,139.2683447,213.1658025,0
6559,139.2683447,213.1658025,0
6560,139.2683447,213.1658025,0
6561,156.3216115,213.1658025,0
6562,156.3216115,213.1658025,0
6563,156.3216115,213.1658025,0
6564,156.3216115,213.1658025,0
6565,156.3216115,213.1658025,0
6566,156.3216115,213.1658025,0
6567,156.3216115,213.1658025,0
6568,156.3216115,213.1658025,0
6569,156.3216115,213.1658025,0
6570,156.3216115,213.1658025,0
6571,156.3216115,213.1658025,0
6572,156.3216115,213.1658025,0
6573,156.3216115,213.1658025,0
6574,156.3216115,213.1658025,0
6575,156.3216115,213.1658025,0
6576,156.3216115,213.1658025,0
6577,156.3216115,213.1658025,0
6578,156.3216115,213.1658025,0
6579,156.3216115,213.1658025,0
6580,156.3216115,213.1658025,0
6581,156.3216115,213.1658025,0
6582,156.3216115,213.1658025,0
6583,162.0060338,213.1658025,0
6584,162.0060338,213.1658025,0
6585,162.0060338,213.1658025,0
6586,162.0060338,213.1658025,0
6587,162.0060338,213.1658025,0
6588,162.0060338,213.1658025,0
6589,162.0060338,213.1658025,0
6590,162.0060338,213.1658025,0
6591,162.0060338,213.1658025,0
6592,162.0060338,213.1658025,0
6593,162.0060338,213.1658025,0
6594,162.0060338,213.1658025,0
6595,162.0060338,213.1658025,0
6596,162.0060338,213.1658025,0
6597,164.8482448,213.1658025,0
6598,164.8482448,213.1658025,0
6599,164.8482448,216.0080132,0
6600,164.8482448,216.0080132,0
6601,164.8482448,216.0080132,0
6602,164.8482448,216.0080132,0
6603,164.8482448,216.0080132,0
6604,164.8482448,216.0080132,0
6605,164.8482448,216.0080132,0
6606,164.8482448,216.0080132,0
6607,164.8482448,216.0080132,0
6608,164.8482448,216.0080132,0
6609,164.8482448,216.0080132,0
6610,164.8482448,216.0080132,0
6611,164.8482448,216.0080132,0
6612,164.8482448,216.0080132,0
6613,164.8482448,216.0080132,0
6614,170.532667,216.0080132,0
6615,170.532667,216.0080132,0
6616,170.532667,216.0080132,0
6617,170.532667,216.0080132,0
6618,170.532667,216.0080132,0
6619,170.532667,216.0080132,0
6620,170.532667,216.0080132,0
6621,170.532667,216.0080132,0
6622,170.532667,216.0080132,0
6623,170.532667,216.0080132,0
6624,170.532667,216.0080132,0
6625,170.532667,216.0080132,0
6626,170.532667,216.0080132,0
6627,170.532667,216.0080132,0
6628,170.532667,216.0080132,0
6629,170.532667,216.0080132,0
6630,170.532667,216.0080132,0
6631,170.532667,216.0080132,0
6632,170.532667,218.8502239,0
6633,170.532667,218.8502239,0
6634,170.532667,218.8502239,0
6635,170.532667,218.8502239,0
6636,170.532667,218.8502239,0
6637,170.532667,218.8502239,0
6638,170.532667,218.8502239,0
6639,170.532667,218.8502239,0
6640,170.532667,218.8502239,0
6641,170.532667,218.8502239,0
6642,170.532667,218.8502239,0
6643,170.532667,218.8502239,0
6644,170.532667,218.8502239,0
6645,173.3748781,218.8502239,0
6646,173.3748781,218.8502239,0
6647,179.0593005,218.8502239,0
6648,179.0593005,218.8502239,0
6649,179.0593005,218.8502239,0
6650,179.0593005,218.8502239,0
6651,179.0593005,218.8502239,0
6652,179.0593005,218.8502239,0
6653,179.0593005,218.8502239,0
6654,179.0593005,218.8502239,0
6655,179.0593005,218.8502239,0
6656,179.0593005,218.8502239,0
6657,179.0593005,218.8502239,0
6658,179.0593005,218.8502239,0
6659,179.0593005,218.8502239,0
6660,179.0593005,218.8502239,0
6661,179.0593005,218.8502239,0
6662,179.0593005,218.8502239,0
6663,179.0593005,218.8502239,0
6664,179.0593005,218.8502239,0
6665,179.0593005,218.8502239,0
6666,179.0593005,218.8502239,0
6667,179.0593005,218.8502239,0
6668,179.0593005,218.8502239,0
6669,184.7437228,218.8502239,0
6670,184.7437228,218.8502239,0
6671,184.7437228,218.8502239,0
6672,184.7437228,218.8502239,0
6673,184.7437228,218.8502239,0
6674,184.7437228,218.8502239,0
6675,184.7437228,218.8502239,0
6676,184.7437228,218.8502239,0
6677,184.7437228,218.8502239,0
6678,184.7437228,218.8502239,0
6679,184.7437228,218.8502239,0
6680,184.7437228,218.8502239,0
6681,184.7437228,218.8502239,0
6682,184.7437228,218.8502239,0
6683,184.7437228,218.8502239,0
6684,184.7437228,218.8502239,0
6685,184.7437228,218.8502239,0
6686,184.7437228,218.8502239,0
6687,184.7437228,218.8502239,0
6688,184.7437228,218.8502239,0
6689,184.7437228,218.8502239,0
6690,184.7437228,218.8502239,0
6691,184.7437228,218.8502239,0
6692,184.7437228,218.8502239,0
6693,184.7437228,218.8502239,0
6694,184.7437228,218.8502239,0
6695,184.7437228,218.8502239,0
6696,184.7437228,218.8502239,0
6697,184.7437228,218.8502239,0
6698,184.7437228,218.8502239,0
6699,184.7437228,218.8502239,0
6700,184.7437228,218.8502239,0
6701,184.7437228,218.8502239,0
6702,184.7437228,218.8502239,0
6703,184.7437228,221.6924346,0
6704,184.7437228,221.6924346,0
6705,184.7437228,221.6924346,0
6706,184.7437228,221.6924346,0
6707,184.7437228,221.6924346,0
6708,184.7437228,221.6924346,0
6709,184.7437228,221.6924346,0
6710,184.7437228,221.6924346,0
6711,184.7437228,221.6924346,0
6712,184.7437228,221.6924346,0
6713,184.7437228,221.6924346,0
6714,184.7437228,221.6924346,0
6715,184.7437228,221.6924346,0
6716,184.7437228,221.6924346,0
6717,184.7437228,221.6924346,0
6718,184.7437228,221.6924346,0
6719,184.7437227,221.6924346,0
6720,184.7437227,221.6924346,0
6721,184.7437227,221.6924346,0
6722,184.7437227,221.6924346,0
6723,184.7437227,221.6924346,0
6724,184.7437227,221.6924346,0
6725,184.7437227,221.6924346,0
6726,184.7437227,221.6924346,0
6727,184.7437227,221.6924346,0
6728,184.7437227,221.6924346,0
6729,187.5859338,221.6924346,0
6730,187.5859338,221.6924346,0
6731,187.5859338,221.6924346,0
6732,187.5859338,221.6924346,0
6733,187.5859338,221.6924346,0
6734,187.5859338,221.6924346,0
6735,187.5859338,221.6924346,0
6736,187.5859338,221.6924346,0
6737,187.5859338,221.6924346,0
6738,187.5859338,221.6924346,0
6739,187.5859338,221.6924346,0
6740,187.5859338,221.6924346,0
6741,187.5859338,221.6924346,0
6742,187.5859338,221.6924346,0
6743,187.5859338,221.6924346,0
6744,187.5859338,221.6924346,0
6745,187.5859338,221.6924346,0
6746,187.5859338,221.6924346,0
6747,187.5859338,221.6924346,0
6748,187.5859338,221.6924346,0
6749,187.5859338,221.6924346,0
6750,187.5859338,221.6924346,0
6751,187.5859338,221.6924346,0
6752,187.5859338,221.6924346,0
6753,187.5859338,221.6924346,0
6754,187.5859338,221.6924346,0
6755,187.5859338,221.6924346,0
6756,187.5859338,221.6924346,0
6757,187.5859338,221.6924346,0
6758,187.5859338,221.6924346,0
6759,187.5859338,221.6924346,0
6760,187.5859338,221.6924346,0
6761,187.5859338,221.6924346,0
6762,187.5859338,221.6924346,0
6763,187.5859338,221.6924346,0
6764,187.5859338,221.6924346,0
6765,187.5859338,221.6924346,0
6766,193.2703559,221.6924346,0
6767,193.2703559,221.6924346,0
6768,193.2703559,221.6924346,0
6769,193.2703559,221.6924346,0
6770,193.2703559,221.6924346,0
6771,193.2703559,221.6924346,0
6772,193.2703559,221.6924346,0
6773,193.2703559,221.6924346,0
6774,193.2703559,221.6924346,0
6775,193.2703559,221.6924346,0
6776,193.2703559,221.6924346,0
6777,193.2703559,221.6924346,0
6778,193.2703559,221.6924346,0
6779,193.2703559,221.6924346,0
6780,193.2703559,221.6924346,0
6781,193.2703559,221.6924346,0
6782,193.2703559,221.6924346,0
6783,193.2703559,221.6924346,0
6784,193.2703559,221.6924346,0
6785,193.2703559,221.6924346,0
6786,193.2703559,221.6924346,0
6787,193.2703559,221.6924346,0
6788,193.2703559,221.6924346,0
6789,193.2703559,221.6924346,0
6790,193.2703559,221.6924346,0
6791,193.2703559,221.6924346,0
6792,193.2703559,221.6924346,0
6793,193.2703559,221.6924346,0
6794,193.2703559,221.6924346,0
6795,193.2703559,221.6924346,0
6796,193.2703559,221.6924346,0
6797,193.2703559,221.6924346,0
6798,193.2703559,221.6924346,0
6799,196.1125671,221.6924346,0
6800,196.1125671,221.6924346,0
6801,196.1125671,221.6924346,0
6802,196.1125671,221.6924346,0
6803,196.1125671,221.6924346,0
6804,196.1125671,221.6924346,0
6805,196.1125671,221.6924346,0
6806,196.1125671,221.6924346,0
6807,196.1125671,221.6924346,0
6808,196.1125671,221.6924346,0
6809,196.1125671,221.6924346,0
6810,196.1125671,221.6924346,0
6811,196.1125671,221.6924346,0
6812,196.1125671,221.6924346,0
6813,196.1125671,221.6924346,0
6814,196.1125671,221.6924346,0
6815,196.1125671,221.6924346,0
6816,201.7969893,221.6924346,0
6817,201.7969893,221.6924346,0
6818,201.7969893,224.5346453,0
6819,201.7969893,224.5346453,0
6820,201.7969893,224.5346453,0
6821,201.7969893,224.5346453,0
6822,201.7969893,224.5346453,0
6823,201.7969893,224.5346453,0
6824,201.7969893,224.5346453,0
6825,201.7969893,224.5346453,0
6826,201.7969893,224.5346453,0
6827,201.7969893,224.5346453,0
6828,201.7969893,224.5346453,0
6829,201.7969893,224.5346453,0
6830,201.7969893,224.5346453,0
6831,201.7969893,224.5346453,0
6832,201.7969893,224.5346453,0
6833,201.7969893,224.5346453,0
6834,201.7969893,224.5346453,0
6835,201.7969893,224.5346453,0
6836,201.7969893,224.5346453,0
6837,201.7969893,224.5346453,0
6838,201.7969893,224.5346453,0
6839,201.7969893,224.5346453,0
6840,201.7969893,224.5346453,0
6841,201.7969893,224.5346453,0
6842,201.7969893,224.5346453,0
6843,201.7969893,224.5346453,0
6844,201.7969893,224.5346453,0
6845,201.7969893,224.5346453,0
6846,201.7969893,224.5346453,0
6847,201.7969893,224.5346453,0
6848,201.7969893,224.5346453,0
6849,201.7969893,224.5346453,0
6850,201.7969893,224.5346453,0
6851,201.7969893,224.5346453,0
6852,201.7969893,224.5346453,0
6853,201.7969893,224.5346453,0
6854,201.7969893,224.5346453,0
6855,201.7969893,224.5346453,0
6856,201.7969893,224.5346453,0
6857,201.7969893,224.5346453,0
6858,201.7969893,224.5346453,0
6859,201.7969893,224.5346453,0
6860,201.7969893,224.5346453,0
6861,207.4814116,224.5346453,0
6862,207.4814116,224.5346453,0
6863,207.4814116,224.5346453,0
6864,207.4814116,224.5346453,0
6865,207.4814116,224.5346453,0
6866,207.4814116,224.5346453,0
6867,207.4814116,224.5346453,0
6868,207.4814116,224.5346453,0
6869,207.4814116,224.5346453,0
6870,207.4814116,224.5346453,0
6871,207.4814116,224.5346453,0
6872,207.4814116,224.5346453,0
6873,207.4814116,224.5346453,0
6874,207.4814116,224.5346453,0
6875,207.4814116,224.5346453,0
6876,207.4814116,224.5346453,0
6877,207.4814116,224.5346453,0
6878,207.4814116,224.5346453,0
6879,207.4814116,224.5346453,0
6880,207.4814116,224.5346453,0
6881,207.4814116,224.5346453,0
6882,207.4814116,224.5346453,0
6883,207.4814116,224.5346453,0
6884,207.4814116,224.5346453,0
6885,207.4814116,224.5346453,0
6886,207.4814116,224.5346453,0
6887,207.4814116,224.5346453,0
6888,210.3236226,227.376856,0
6889,210.3236226,227.376856,0
6890,210.3236226,227.376856,0
6891,210.3236226,227.376856,0
6892,210.3236226,227.376856,0
6893,210.3236226,227.376856,0
6894,210.3236226,227.376856,0
6895,210.3236226,227.376856,0
6896,210.3236226,227.376856,0
6897,210.3236226,227.376856,0
6898,210.3236226,227.376856,0
6899,210.3236226,227.376856,0
6900,210.3236226,227.376856,0
6901,210.3236226,227.376856,0
6902,210.3236226,227.376856,0
6903,210.3236226,227.376856,0
6904,213.1658337,227.376856,0
6905,213.1658337,227.376856,0
6906,213.1658337,227.376856,0
6907,213.1658337,227.376856,0
6908,213.1658337,227.376856,0
6909,213.1658337,227.376856,0
6910,213.1658337,227.376856,0
6911,213.1658337,227.376856,0
6912,213.1658337,227.376856,0
6913,213.1658337,227.376856,0
6914,213.1658337,227.376856,0
6915,216.0080451,227.376856,0
6916,216.0080451,227.376856,0
6917,216.0080451,227.376856,0
6918,216.0080451,227.376856,0
6919,216.0080451,227.376856,0
6920,216.0080451,227.376856,0
6921,216.0080451,227.376856,0
6922,216.0080451,227.376856,0
6923,216.0080451,227.376856,0
6924,216.0080451,227.376856,0
6925,216.0080451,227.376856,0
6926,216.0080451,227.376856,0
6927,216.0080451,227.376856,0
6928,216.0080451,227.376856,0
6929,216.0080451,227.376856,0
6930,216.0080451,227.376856,0
6931,216.0080451,227.376856,0
6932,216.0080451,227.376856,0
6933,216.0080451,227.376856,0
6934,216.0080451,227.376856,0
6935,216.0080451,227.376856,0
6936,216.0080451,227.376856,0
6937,216.0080451,227.376856,0
6938,216.0080451,227.376856,0
6939,216.0080451,227.376856,0
6940,216.0080451,227.376856,0
6941,216.0080451,227.376856,0
6942,216.0080451,227.376856,0
6943,216.0080451,227.376856,0
6944,216.0080451,227.376856,0
6945,216.0080451,227.376856,0
6946,216.0080451,227.376856,0
6947,216.0080451,227.376856,0
6948,216.0080451,227.376856,0
6949,216.0080451,227.376856,0
6950,216.0080451,227.376856,0
6951,216.0080451,227.376856,0
6952,216.0080451,227.376856,0
6953,216.0080451,227.376856,0
6954,216.0080451,227.376856,0
6955,216.0080451,227.376856,0
6956,216.0080451,227.376856,0
6957,216.0080451,227.376856,0
6958,216.0080451,227.376856,0
6959,216.0080451,227.376856,0
6960,216.0080451,227.376856,0
6961,216.0080451,227.376856,0
6962,216.0080451,227.376856,0
6963,216.0080451,227.376856,0
6964,216.0080451,227.376856,0
6965,216.0080449,227.376856,0
6966,216.008045,227.376856,0
6967,216.0080451,227.376856,0
6968,216.0080451,227.376856,0
6969,216.0080451,227.376856,0
6970,216.0080451,227.376856,0
6971,216.0080451,227.376856,0
6972,216.0080451,227.376856,0
6973,216.0080451,227.376856,0
6974,216.0080451,227.376856,0
6975,216.0080451,227.376856,0
6976,216.0080451,227.376856,0
6977,216.0080451,227.376856,0
6978,216.0080451,227.376856,0
6979,216.0080451,227.376856,0
6980,216.0080451,227.376856,0
6981,216.0080451,227.376856,0
6982,216.0080451,227.376856,0
6983,216.0080451,227.376856,0
6984,216.0080451,227.376856,0
6985,216.0080451,227.376856,0
6986,216.0080451,227.376856,0
6987,216.0080451,227.376856,0
6988,216.0080451,227.376856,0
6989,216.0080451,227.376856,0
6990,216.0080451,227.376856,0
6991,216.0080451,227.376856,0
6992,216.0080451,227.376856,0
6993,216.0080451,227.376856,0
6994,216.0080451,227.376856,0
6995,216.0080451,227.376856,0
6996,216.0080451,227.376856,0
6997,216.0080451,227.376856,0
6998,216.0080451,227.376856,0
6999,216.0080451,227.376856,0
7000,216.0080451,227.376856,0
7001,216.0080451,227.376856,0
7002,216.0080451,227.376856,0
7003,216.0080451,227.376856,0
7004,216.0080451,227.376856,0
7005,216.0080451,227.376856,0
7006,216.0080451,227.376856,0
7007,216.0080451,227.376856,0
7008,216.0080451,227.376856,0
7009,216.0080451,227.376856,0
7010,216.0080451,227.376856,0
7011,216.0080451,227.376856,0
7012,216.0080451,227.376856,0
7013,216.0080451,227.376856,0
7014,216.0080451,227.376856,0
7015,216.0080451,227.376856,0
7016,216.0080451,227.376856,0
7017,216.0080451,227.376856,0
7018,216.0080451,227.376856,0
7019,216.0080451,227.376856,0
7020,216.0080451,227.376856,0
7021,216.0080451,227.376856,0
7022,216.0080451,227.376856,0
7023,216.0080451,227.376856,0
7024,216.0080451,227.376856,0
7025,216.0080451,227.376856,0
7026,216.0080451,227.376856,0
7027,216.0080451,227.376856,0
7028,216.0080451,227.376856,0
7029,216.0080451,227.376856,0
7030,216.0080451,227.376856,0
7031,218.8502561,227.376856,0
7032,218.8502561,227.376856,0
7033,218.8502561,227.376856,0
7034,218.8502561,227.376856,0
7035,218.8502561,227.376856,0
7036,218.8502561,227.376856,0
7037,218.8502561,227.376856,0
7038,218.8502561,227.376856,0
7039,218.8502561,227.376856,0
7040,218.8502561,227.376856,0
7041,218.8502561,227.376856,0
7042,218.8502561,227.376856,0
7043,218.8502561,227.376856,0
7044,218.8502561,227.376856,0
7045,218.8502561,227.376856,0
7046,218.8502561,227.376856,0
7047,218.8502561,227.376856,0
7048,218.8502561,227.376856,0
7049,218.8502561,227.376856,0
7050,218.8502561,227.376856,0
7051,218.8502561,227.376856,0
7052,218.8502561,227.376856,0
7053,218.8502561,227.376856,0
7054,218.8502561,227.376856,0
7055,218.8502561,227.376856,0
7056,218.8502561,227.376856,0
7057,218.8502561,227.376856,0
7058,218.8502561,227.376856,0
7059,218.8502561,227.376856,0
7060,218.8502561,227.376856,0
7061,218.8502561,227.376856,0
7062,218.8502561,227.376856,0
7063,218.8502561,227.376856,0
7064,218.8502561,227.376856,0
7065,218.8502561,227.376856,0
7066,218.8502561,227.376856,0
7067,218.8502561,227.376856,0
7068,218.8502561,227.376856,0
7069,218.8502561,227.376856,0
7070,218.8502561,227.376856,0
7071,218.8502561,227.376856,0
7072,218.8502561,227.376856,0
7073,218.8502561,227.376856,0
7074,218.8502561,227.376856,0
7075,218.8502561,227.376856,0
7076,218.8502561,227.376856,0
7077,218.8502561,227.376856,0
7078,218.8502561,227.376856,0
7079,218.8502561,227.376856,0
7080,218.8502561,227.376856,0
7081,218.8502559,227.376856,0
7082,218.8502559,227.376856,0
7083,218.8502559,227.376856,0
7084,218.8502559,227.376856,0
7085,218.8502559,227.376856,0
7086,218.8502559,227.376856,0
7087,218.8502559,227.376856,0
7088,218.8502559,227.376856,0
7089,218.8502559,227.376856,0
7090,218.8502559,227.376856,0
7091,218.8502559,227.376856,0
7092,218.8502559,227.376856,0
7093,218.8502559,227.376856,0
7094,218.8502559,227.376856,0
7095,216.0080451,227.376856,0
7096,216.0080451,227.376856,0
7097,216.0080451,230.2190667,0
7098,216.0080451,230.2190667,0
7099,216.0080451,230.2190667,0
7100,216.0080451,230.2190667,0
7101,216.0080451,230.2190667,0
7102,216.0080451,230.2190667,0
7103,216.0080451,230.2190667,0
7104,216.0080451,230.2190667,0
7105,216.0080451,230.2190667,0
7106,216.0080451,230.2190667,0
7107,216.0080451,230.2190667,0
7108,216.0080451,230.2190667,0
7109,216.0080451,230.2190667,0
7110,216.0080451,230.2190667,0
7111,216.0080451,230.2190667,0
7112,216.0080451,230.2190667,0
7113,216.0080451,230.2190667,0
7114,216.0080451,230.2190667,0
7115,216.0080451,230.2190667,0
7116,216.0080451,230.2190667,0
7117,216.0080451,230.2190667,0
7118,216.0080451,230.2190667,0
7119,216.0080451,230.2190667,0
7120,216.0080451,230.2190667,0
7121,216.0080451,230.2190667,0
7122,216.0080451,230.2190667,0
7123,218.8502561,230.2190667,0
7124,218.8502561,230.2190667,0
7125,218.8502561,230.2190667,0
7126,218.8502561,230.2190667,0
7127,218.8502561,230.2190667,0
7128,218.8502561,230.2190667,0
7129,218.8502561,230.2190667,0
7130,218.8502561,230.2190667,0
7131,218.8502561,230.2190667,0
7132,218.8502561,230.2190667,0
7133,218.8502561,230.2190667,0
7134,218.8502561,230.2190667,0
7135,218.8502561,230.2190667,0
7136,218.8502561,230.2190667,0
7137,218.8502561,230.2190667,0
7138,218.8502561,230.2190667,0
7139,218.8502561,230.2190667,0
7140,218.8502561,230.2190667,0
7141,218.8502561,230.2190667,0
7142,218.8502561,230.2190667,0
7143,218.8502561,230.2190667,0
7144,218.8502561,230.2190667,0
7145,218.8502561,230.2190667,0
7146,218.8502561,230.2190667,0
7147,218.8502561,227.376856,0
7148,218.8502561,227.376856,0
7149,221.6924671,227.376856,0
7150,221.6924671,227.376856,0
7151,221.6924671,227.376856,0
7152,221.6924671,227.376856,0
7153,221.6924671,227.376856,0
7154,224.5346782,227.376856,0
7155,224.5346782,227.376856,0
7156,224.5346782,227.376856,0
7157,224.5346782,227.376856,0
7158,224.5346782,227.376856,0
7159,224.5346782,230.2190667,0
7160,224.5346782,230.2190667,0
7161,224.5346782,230.2190667,0
7162,224.5346782,230.2190667,0
7163,224.5346782,230.2190667,0
7164,224.5346782,230.2190667,0
7165,224.5346782,230.2190667,0
7166,224.5346782,230.2190667,0
7167,224.5346782,230.2190667,0
7168,224.5346782,230.2190667,0
7169,224.5346782,230.2190667,0
7170,224.5346782,230.2190667,0
7171,224.5346782,230.2190667,0
7172,224.5346782,230.2190667,0
7173,224.5346782,230.2190667,0
7174,224.5346782,230.2190667,0
7175,224.5346782,230.2190667,0
7176,224.5346782,230.2190667,0
7177,224.5346782,230.2190667,0
7178,224.5346782,230.2190667,0
7179,224.5346782,230.2190667,0
7180,224.5346782,230.2190667,0
7181,224.5346782,230.2190667,0
7182,224.5346782,230.2190667,0
7183,224.5346782,230.2190667,0
7184,224.5346782,230.2190667,0
7185,224.5346782,230.2190667,0
7186,224.5346782,230.2190667,0
7187,224.5346782,230.2190667,0
7188,224.5346782,230.2190667,0
7189,224.5346782,230.2190667,0
7190,224.5346782,230.2190667,0
7191,224.5346782,230.2190667,0
7192,224.5346782,230.2190667,0
7193,224.5346782,230.2190667,0
7194,224.5346782,230.2190667,0
7195,224.5346782,230.2190667,0
7196,224.5346782,230.2190667,0
7197,224.5346782,230.2190667,0
7198,224.5346782,230.2190667,0
7199,227.3768895,230.2190667,0
7200,227.3768895,230.2190667,0
7201,227.3768895,230.2190667,0
7202,227.3768895,230.2190667,0
7203,227.3768895,230.2190667,0
7204,227.3768895,230.2190667,0
7205,227.3768895,230.2190667,0
7206,227.3768895,230.2190667,0
7207,227.3768895,230.2190667,0
7208,227.3768895,230.2190667,0
7209,227.3768895,230.2190667,0
7210,227.3768895,230.2190667,0
7211,227.3768895,230.2190667,0
7212,227.3768895,230.2190667,0
7213,227.3768895,230.2190667,0
7214,227.3768895,230.2190667,0
7215,227.3768895,230.2190667,0
7216,227.3768895,230.2190667,0
7217,227.3768895,230.2190667,0
7218,227.3768895,230.2190667,0
7219,227.3768895,230.2190667,0
7220,227.3768895,230.2190667,0
7221,227.3768895,230.2190667,0
7222,227.3768895,230.2190667,0
7223,227.3768895,230.2190667,0
7224,227.3768895,230.2190667,0
7225,227.3768895,230.2190667,0
7226,227.3768895,230.2190667,0
7227,227.3768895,230.2190667,0
7228,227.3768895,230.2190667,0
7229,227.3768895,230.2190667,0
7230,227.3768895,230.2190667,0
7231,227.3768895,230.2190667,0
7232,227.3768895,230.2190667,0
7233,227.3768895,230.2190667,0
7234,227.3768895,230.2190667,0
7235,227.3768895,230.2190667,0
7236,227.3768895,230.2190667,0
7237,227.3768895,230.2190667,0
7238,227.3768895,230.2190667,0
7239,227.3768895,230.2190667,0
7240,227.3768895,230.2190667,0
7241,227.3768895,230.2190667,0
7242,227.3768895,230.2190667,0
7243,227.3768895,230.2190667,0
7244,227.3768895,230.2190667,0
7245,227.3768895,230.2190667,0
7246,227.3768895,230.2190667,0
7247,227.3768895,230.2190667,0
7248,227.3768895,230.2190667,0
7249,227.3768894,230.2190667,0
7250,227.3768894,230.2190667,0
7251,227.3768894,230.2190667,0
7252,227.3768894,230.2190667,0
7253,227.3768894,227.376856,0
7254,227.3768894,227.376856,0
7255,227.3768894,230.2190667,0
7256,227.3768894,230.2190667,0
7257,227.3768894,230.2190667,0
7258,227.3768894,230.2190667,0
7259,227.3768894,230.2190667,0
7260,227.3768894,230.2190667,0
7261,227.3768894,230.2190667,0
7262,227.3768894,230.2190667,0
7263,227.3768894,230.2190667,0
7264,227.3768894,230.2190667,0
7265,227.3768894,230.2190667,0
7266,227.3768894,230.2190667,0
7267,227.3768894,230.2190667,0
7268,227.3768894,230.2190667,0
7269,227.3768894,230.2190667,0
7270,227.3768894,230.2190667,0
7271,227.3768894,230.2190667,0
7272,227.3768894,230.2190667,0
7273,227.3768894,230.2190667,0
7274,227.3768894,230.2190667,0
7275,227.3768894,230.2190667,0
7276,227.3768894,230.2190667,0
7277,227.3768894,230.2190667,0
7278,227.3768894,230.2190667,0
7279,227.3768894,230.2190667,0
7280,227.3768894,230.2190667,0
7281,227.3768894,230.2190667,0
7282,230.2191004,230.2190667,0
7283,230.2191007,230.2190667,0
7284,230.2191007,230.2190667,0
7285,230.2191007,230.2190667,0
7286,230.2191007,230.2190667,0
7287,230.2191007,230.2190667,0
7288,230.2191007,230.2190667,0
7289,230.2191007,230.2190667,0
7290,230.2191007,230.2190667,0
7291,230.2191007,230.2190667,0
7292,230.2191007,230.2190667,0
7293,230.2191007,230.2190667,0
7294,230.2191007,230.2190667,0
7295,230.2191007,230.2190667,0
7296,230.2191007,230.2190667,0
7297,233.0613117,230.2190667,0
7298,233.0613117,230.2190667,0
7299,233.0613117,230.2190667,0
7300,233.0613117,230.2190667,0
7301,233.0613117,230.2190667,0
7302,233.0613117,230.2190667,0
7303,233.0613117,230.2190667,0
7304,233.0613117,230.2190667,0
7305,233.0613117,230.2190667,0
7306,233.0613117,230.2190667,0
7307,233.0613117,230.2190667,0
7308,233.0613117,230.2190667,0
7309,233.0613117,230.2190667,0
7310,233.0613117,230.2190667,0
7311,233.0613117,230.2190667,0
7312,233.0613117,230.2190667,0
7313,233.0613117,230.2190667,0
7314,233.0613117,230.2190667,0
7315,233.0613117,230.2190667,0
7316,233.0613117,230.2190667,0
7317,233.0613117,230.2190667,0
7318,233.0613117,230.2190667,0
7319,233.0613117,230.2190667,0
7320,233.0613117,230.2190667,0
7321,233.0613117,230.2190667,0
7322,233.0613117,227.376856,0
7323,233.0613117,227.376856,0
7324,233.0613117,227.376856,0
7325,233.0613117,227.376856,0
7326,233.0613117,227.376856,0
7327,233.0613117,227.376856,0
7328,233.0613117,227.376856,0
7329,233.0613117,227.376856,0
7330,233.0613117,227.376856,0
7331,233.0613117,227.376856,0
7332,233.0613117,227.376856,0
7333,233.0613117,227.376856,0
7334,233.0613117,230.2190667,0
7335,233.0613117,230.2190667,0
7336,233.0613117,230.2190667,0
7337,233.0613117,230.2190667,0
7338,233.0613117,230.2190667,0
7339,233.0613117,230.2190667,0
7340,233.0613117,230.2190667,0
7341,233.0613117,230.2190667,0
7342,233.0613117,230.2190667,0
7343,233.0613117,230.2190667,0
7344,233.0613117,230.2190667,0
7345,233.0613117,230.2190667,0
7346,233.0613117,230.2190667,0
7347,230.2191006,230.2190667,0
7348,230.2191006,230.2190667,0
7349,230.2191006,230.2190667,0
7350,230.2191006,233.0612774,0
7351,230.2191006,233.0612774,0
7352,230.2191006,233.0612774,0
7353,230.2191006,233.0612774,0
7354,230.2191006,233.0612774,0
7355,230.2191006,233.0612774,0
7356,230.2191006,233.0612774,0
7357,230.2191006,233.0612774,0
7358,230.2191006,233.0612774,0
7359,230.2191006,233.0612774,0
7360,230.2191006,233.0612774,0
7361,230.2191006,233.0612774,0
7362,230.2191006,233.0612774,0
7363,230.2191006,233.0612774,0
7364,230.2191006,233.0612774,0
7365,230.2191006,233.0612774,0
7366,230.2191006,233.0612774,0
7367,230.2191006,233.0612774,0
7368,230.2191006,233.0612774,0
7369,230.2191006,233.0612774,0
7370,233.0613115,233.0612774,0
7371,233.0613115,233.0612774,0
7372,233.0613115,233.0612774,0
7373,233.0613115,233.0612774,0
7374,233.0613115,233.0612774,0
7375,233.0613115,233.0612774,0
7376,233.0613115,233.0612774,0
7377,233.0613115,233.0612774,0
7378,233.0613115,233.0612774,0
7379,233.0613115,233.0612774,0
7380,233.0613115,233.0612774,0
7381,233.0613115,233.0612774,0
7382,233.0613115,233.0612774,0
7383,233.0613115,233.0612774,0
7384,233.0613115,233.0612774,0
7385,233.0613115,233.0612774,0
7386,233.0613115,233.0612774,0
7387,233.0613115,233.0612774,0
7388,233.0613115,233.0612774,0
7389,233.0613115,233.0612774,0
7390,233.0613115,233.0612774,0
7391,233.0613115,233.0612774,0
7392,233.0613115,233.0612774,0
7393,233.0613115,233.0612774,0
7394,233.0613115,233.0612774,0
7395,233.0613115,233.0612774,0
7396,233.0613115,233.0612774,0
7397,233.0613115,233.0612774,0
7398,233.0613115,233.0612774,0
7399,233.0613115,233.0612774,0
7400,233.0613115,230.2190667,0
7401,233.0613115,230.2190667,0
7402,233.0613115,230.2190667,0
7403,233.0613115,230.2190667,0
7404,233.0613115,230.2190667,0
7405,233.0613115,230.2190667,0
7406,233.0613115,230.2190667,0
7407,233.0613115,230.2190667,0
7408,233.0613115,230.2190667,0
7409,233.0613115,230.2190667,0
7410,233.0613115,230.2190667,0
7411,233.0613115,230.2190667,0
7412,233.0613115,230.2190667,0
7413,233.0613115,230.2190667,0
7414,233.0613115,230.2190667,0
7415,233.0613115,230.2190667,0
7416,233.0613115,230.2190667,0
7417,233.0613115,233.0612774,0
7418,233.0613115,233.0612774,0
7419,233.0613115,233.0612774,0
7420,230.2191004,233.0612774,0
7421,230.2191004,233.0612774,0
7422,230.2191004,233.0612774,0
7423,230.2191004,233.0612774,0
7424,230.2191004,233.0612774,0
7425,230.2191004,233.0612774,0
7426,230.2191004,233.0612774,0
7427,230.2191004,233.0612774,0
7428,230.2191004,233.0612774,0
7429,230.2191004,233.0612774,0
7430,230.2191004,233.0612774,0
7431,230.2191004,233.0612774,0
7432,230.2191004,233.0612774,0
7433,230.2191004,233.0612774,0
7434,230.2191004,233.0612774,0
7435,230.2191004,233.0612774,0
7436,230.2191004,233.0612774,0
7437,230.2191004,233.0612774,0
7438,230.2191004,233.0612774,0
7439,230.2191004,233.0612774,0
7440,227.3768893,233.0612774,0
7441,227.3768893,233.0612774,0
7442,227.3768893,233.0612774,0
7443,227.3768893,233.0612774,0
7444,227.3768893,233.0612774,0
7445,227.3768893,233.0612774,0
7446,227.3768893,233.0612774,0
7447,227.3768893,233.0612774,0
7448,227.3768893,233.0612774,0
7449,227.3768893,233.0612774,0
7450,227.3768893,233.0612774,0
7451,227.3768893,233.0612774,0
7452,227.3768893,233.0612774,0
7453,227.3768893,233.0612774,0
7454,227.3768893,233.0612774,0
7455,227.3768893,233.0612774,0
7456,227.3768893,233.0612774,0
7457,227.3768893,233.0612774,0
7458,227.3768893,233.0612774,0
7459,227.3768893,233.0612774,0
7460,227.3768893,233.0612774,0
7461,227.3768895,233.0612774,0
7462,227.3768895,233.0612774,0
7463,227.3768895,233.0612774,0
7464,227.3768895,233.0612774,0
7465,227.3768895,233.0612774,0
7466,227.3768895,233.0612774,0
7467,227.3768895,233.0612774,0
7468,227.3768895,233.0612774,0
7469,227.3768895,233.0612774,0
7470,227.3768895,233.0612774,0
7471,227.3768895,233.0612774,0
7472,227.3768895,233.0612774,0
7473,227.3768895,233.0612774,0
7474,227.3768895,233.0612774,0
7475,227.3768895,233.0612774,0
7476,227.3768895,233.0612774,0
7477,227.3768895,233.0612774,0
7478,227.3768895,233.0612774,0
7479,227.3768895,233.0612774,0
7480,227.3768895,233.0612774,0
7481,227.3768895,233.0612774,0
7482,227.3768895,233.0612774,0
7483,227.3768895,233.0612774,0
7484,227.3768895,233.0612774,0
7485,227.3768895,233.0612774,0
7486,227.3768895,233.0612774,0
7487,227.3768895,233.0612774,0
7488,227.3768895,233.0612774,0
7489,227.3768895,233.0612774,0
7490,227.3768895,233.0612774,0
7491,227.3768895,233.0612774,0
7492,227.3768895,233.0612774,0
7493,227.3768895,233.0612774,0
7494,227.3768895,233.0612774,0
7495,227.3768895,233.0612774,0
7496,227.3768895,233.0612774,0
7497,227.3768895,233.0612774,0
7498,227.3768895,233.0612774,0
7499,227.3768895,233.0612774,0
7500,227.3768895,233.0612774,0
7501,227.3768895,233.0612774,0
7502,227.3768895,233.0612774,0
7503,227.3768895,233.0612774,0
7504,227.3768895,233.0612774,0
7505,227.3768895,233.0612774,0
7506,227.3768895,233.0612774,0
7507,227.3768895,233.0612774,0
7508,227.3768895,233.0612774,0
7509,227.3768895,233.0612774,0
7510,227.3768895,233.0612774,0
7511,227.3768895,233.0612774,0
7512,227.3768895,233.0612774,0
7513,227.3768895,233.0612774,0
7514,227.3768895,233.0612774,0
7515,227.3768895,233.0612774,0
7516,227.3768895,230.2190667,0
7517,227.3768895,230.2190667,0
7518,227.3768895,230.2190667,0
7519,227.3768895,230.2190667,0
7520,227.3768895,230.2190667,0
7521,227.3768895,230.2190667,0
7522,227.3768895,230.2190667,0
7523,227.3768895,230.2190667,0
7524,227.3768895,230.2190667,0
7525,227.3768895,230.2190667,0
7526,227.3768895,230.2190667,0
7527,227.3768895,230.2190667,0
7528,227.3768895,230.2190667,0
7529,227.3768895,230.2190667,0
7530,227.3768895,230.2190667,0
7531,227.3768895,230.2190667,0
7532,224.5346785,230.2190667,0
7533,224.5346785,230.2190667,0
7534,224.5346785,230.2190667,0
7535,224.5346785,230.2190667,0
7536,224.5346785,230.2190667,0
7537,224.5346785,230.2190667,0
7538,224.5346785,230.2190667,0
7539,224.5346785,230.2190667,0
7540,224.5346785,230.2190667,0
7541,224.5346785,230.2190667,0
7542,224.5346785,230.2190667,0
7543,224.5346785,230.2190667,0
7544,224.5346785,230.2190667,0
7545,224.5346785,230.2190667,0
7546,224.5346785,230.2190667,0
7547,224.5346785,230.2190667,0
7548,224.5346781,230.2190667,0
7549,224.5346781,230.2190667,0
7550,224.5346781,230.2190667,0
7551,224.5346781,230.2190667,0
7552,224.5346781,230.2190667,0
7553,224.5346781,230.2190667,0
7554,224.5346781,230.2190667,0
7555,224.5346781,230.2190667,0
7556,224.5346781,230.2190667,0
7557,224.5346781,230.2190667,0
7558,221.6924671,230.2190667,0
7559,221.6924671,230.2190667,0
7560,224.5346785,230.2190667,0
7561,224.5346785,230.2190667,0
7562,224.5346785,230.2190667,0
7563,224.5346785,230.2190667,0
7564,224.5346785,230.2190667,0
7565,224.5346785,230.2190667,0
7566,224.5346785,230.2190667,0
7567,224.5346785,230.2190667,0
7568,224.5346785,230.2190667,0
7569,224.5346785,230.2190667,0
7570,224.5346785,230.2190667,0
7571,224.5346785,230.2190667,0
7572,224.5346785,230.2190667,0
7573,224.5346785,230.2190667,0
7574,224.5346785,230.2190667,0
7575,224.5346785,230.2190667,0
7576,224.5346785,230.2190667,0
7577,224.5346785,230.2190667,0
7578,224.5346785,230.2190667,0
7579,224.5346785,230.2190667,0
7580,224.5346785,230.2190667,0
7581,224.5346785,230.2190667,0
7582,224.5346785,230.2190667,0
7583,224.5346785,230.2190667,0
7584,224.5346785,230.2190667,0
7585,224.5346785,230.2190667,0
7586,224.5346785,230.2190667,0
7587,224.5346785,230.2190667,0
7588,224.5346785,230.2190667,0
7589,224.5346785,230.2190667,0
7590,224.5346785,230.2190667,0
7591,224.5346785,230.2190667,0
7592,224.5346785,230.2190667,0
7593,224.5346785,230.2190667,0
7594,224.5346785,230.2190667,0
7595,224.5346785,230.2190667,0
7596,224.5346785,230.2190667,0
7597,224.5346785,230.2190667,0
7598,224.5346785,230.2190667,0
7599,224.5346785,230.2190667,0
7600,224.5346785,230.2190667,0
7601,224.5346785,230.2190667,0
7602,224.5346785,230.2190667,0
7603,224.5346785,230.2190667,0
7604,224.5346785,230.2190667,0
7605,224.5346785,230.2190667,0
7606,224.5346785,230.2190667,0
7607,224.5346785,230.2190667,0
7608,224.5346785,230.2190667,0
7609,224.5346785,230.2190667,0
7610,224.5346785,230.2190667,0
7611,224.5346785,230.2190667,0
7612,224.5346785,230.2190667,0
7613,224.5346785,230.2190667,0
7614,224.5346785,230.2190667,0
7615,224.5346785,230.2190667,0
7616,224.5346785,230.2190667,0
7617,224.5346785,230.2190667,0
7618,224.5346785,230.2190667,0
7619,224.5346785,230.2190667,0
7620,224.5346785,230.2190667,0
7621,224.5346785,230.2190667,0
7622,224.5346785,230.2190667,0
7623,224.5346785,230.2190667,0
7624,224.5346785,230.2190667,0
7625,224.5346785,230.2190667,0
7626,224.5346785,230.2190667,0
7627,224.5346785,230.2190667,0
7628,224.5346785,230.2190667,0
7629,224.5346785,230.2190667,0
7630,224.5346785,230.2190667,0
7631,224.5346785,230.2190667,0
7632,224.5346785,230.2190667,0
7633,224.5346785,230.2190667,0
7634,224.5346785,230.2190667,0
7635,224.5346785,230.2190667,0
7636,224.5346785,230.2190667,0
7637,224.5346785,230.2190667,0
7638,224.5346785,230.2190667,0
7639,224.5346785,230.2190667,0
7640,224.5346785,230.2190667,0
7641,224.5346785,230.2190667,0
7642,224.5346785,230.2190667,0
7643,224.5346785,230.2190667,0
7644,224.5346785,230.2190667,0
7645,224.5346785,230.2190667,0
7646,224.5346785,230.2190667,0
7647,224.5346785,230.2190667,0
7648,224.5346785,230.2190667,0
7649,224.5346785,230.2190667,0
7650,224.5346785,230.2190667,0
7651,224.5346785,230.2190667,0
7652,224.5346785,230.2190667,0
7653,224.5346785,230.2190667,0
7654,218.8502561,230.2190667,0
7655,218.8502561,230.2190667,0
7656,218.8502561,230.2190667,0
7657,218.8502561,230.2190667,0
7658,218.8502561,230.2190667,0
7659,218.8502561,230.2190667,0
7660,218.8502561,230.2190667,0
7661,218.8502561,230.2190667,0
7662,218.8502561,230.2190667,0
7663,218.8502561,230.2190667,0
7664,218.8502561,230.2190667,0
7665,218.8502561,230.2190667,0
7666,218.8502561,230.2190667,0
7667,218.8502561,230.2190667,0
7668,218.8502561,230.2190667,0
7669,218.8502561,230.2190667,0
7670,218.8502561,230.2190667,0
7671,218.8502561,230.2190667,0
7672,218.8502561,230.2190667,0
7673,218.8502561,227.376856,0
7674,218.8502561,227.376856,0
7675,218.8502561,227.376856,0
7676,218.8502561,227.376856,0
7677,218.8502561,227.376856,0
7678,218.8502561,227.376856,0
7679,218.8502561,227.376856,0
7680,218.8502561,227.376856,0
7681,218.8502561,227.376856,0
7682,218.8502561,227.376856,0
7683,218.8502561,227.376856,0
7684,218.8502561,227.376856,0
7685,218.8502561,227.376856,0
7686,218.8502561,227.376856,0
7687,218.8502561,227.376856,0
7688,218.8502561,227.376856,0
7689,218.8502561,227.376856,0
7690,218.8502561,230.2190667,0
7691,218.8502561,230.2190667,0
7692,218.8502561,230.2190667,0
7693,218.8502561,230.2190667,0
7694,218.8502561,230.2190667,0
7695,218.8502561,230.2190667,0
7696,216.0080451,230.2190667,0
7697,216.0080451,230.2190667,0
7698,216.0080451,230.2190667,0
7699,216.0080451,230.2190667,0
7700,216.0080451,230.2190667,0
7701,216.0080451,230.2190667,0
7702,216.0080451,230.2190667,0
7703,216.0080451,230.2190667,0
7704,216.0080451,230.2190667,0
7705,216.0080451,230.2190667,0
7706,216.0080451,230.2190667,0
7707,216.0080451,230.2190667,0
7708,216.0080451,230.2190667,0
7709,216.0080451,230.2190667,0
7710,216.0080451,230.2190667,0
7711,216.0080451,230.2190667,0
7712,216.0080451,230.2190667,0
7713,216.0080451,230.2190667,0
7714,216.0080451,230.2190667,0
7715,216.0080451,230.2190667,0
7716,216.0080451,230.2190667,0
7717,216.0080451,230.2190667,0
7718,216.0080451,230.2190667,0
7719,216.0080451,230.2190667,0
7720,216.0080451,230.2190667,0
7721,216.0080451,230.2190667,0
7722,216.0080451,230.2190667,0
7723,216.0080451,230.2190667,0
7724,216.0080451,230.2190667,0
7725,216.0080451,230.2190667,0
7726,216.0080451,230.2190667,0
7727,216.0080451,230.2190667,0
7728,216.0080451,230.2190667,0
7729,216.0080451,230.2190667,0
7730,216.0080451,230.2190667,0
7731,216.0080451,230.2190667,0
7732,216.0080451,230.2190667,0
7733,216.0080451,230.2190667,0
7734,216.0080451,230.2190667,0
7735,216.0080451,230.2190667,0
7736,216.0080451,230.2190667,0
7737,216.0080451,230.2190667,0
7738,216.008045,230.2190667,0
7739,216.008045,230.2190667,0
7740,216.008045,230.2190667,0
7741,216.008045,230.2190667,0
7742,216.008045,230.2190667,0
7743,216.008045,230.2190667,0
7744,216.008045,230.2190667,0
7745,216.008045,230.2190667,0
7746,216.008045,227.376856,0
7747,216.008045,227.376856,0
7748,216.008045,230.2190667,0
7749,216.008045,230.2190667,0
7750,216.008045,230.2190667,0
7751,216.008045,230.2190667,0
7752,216.008045,230.2190667,0
7753,216.0080449,230.2190667,0
7754,216.0080449,230.2190667,0
7755,216.0080451,230.2190667,0
7756,216.0080451,230.2190667,0
7757,216.0080451,230.2190667,0
7758,216.0080451,230.2190667,0
7759,216.0080451,230.2190667,0
7760,216.0080451,230.2190667,0
7761,216.0080451,230.2190667,0
7762,216.0080451,230.2190667,0
7763,216.0080451,230.2190667,0
7764,216.0080451,230.2190667,0
7765,216.0080451,230.2190667,0
7766,216.0080451,230.2190667,0
7767,218.8502561,230.2190667,0
7768,218.8502561,230.2190667,0
7769,218.8502561,230.2190667,0
7770,218.8502561,230.2190667,0
7771,218.8502561,230.2190667,0
7772,218.8502561,230.2190667,0
7773,218.8502561,230.2190667,0
7774,218.8502561,230.2190667,0
7775,218.8502561,230.2190667,0
7776,218.8502561,230.2190667,0
7777,218.8502561,230.2190667,0
7778,218.8502561,230.2190667,0
7779,218.8502561,230.2190667,0
7780,218.8502561,230.2190667,0
7781,218.8502561,230.2190667,0
7782,218.8502561,230.2190667,0
7783,218.8502561,230.2190667,0
7784,218.8502561,230.2190667,0
7785,218.8502561,230.2190667,0
7786,218.8502561,230.2190667,0
7787,218.8502561,230.2190667,0
7788,218.8502561,230.2190667,0
7789,218.8502561,230.2190667,0
7790,218.8502561,230.2190667,0
7791,218.8502561,230.2190667,0
7792,218.8502561,230.2190667,0
7793,218.8502561,230.2190667,0
7794,218.8502561,230.2190667,0
7795,218.8502561,230.2190667,0
7796,218.8502561,230.2190667,0
7797,218.8502561,230.2190667,0
7798,218.8502561,227.376856,0
7799,218.8502561,227.376856,0
7800,218.8502561,227.376856,0
7801,218.8502561,227.376856,0
7802,218.8502561,227.376856,0
7803,218.8502561,227.376856,0
7804,218.8502561,227.376856,0
7805,218.8502561,227.376856,0
7806,218.8502561,227.376856,0
7807,218.8502561,227.376856,0
7808,218.8502561,227.376856,0
7809,218.8502561,227.376856,0
7810,218.8502561,227.376856,0
7811,218.8502561,227.376856,0
7812,218.8502561,227.376856,0
7813,218.8502561,227.376856,0
7814,218.8502561,227.376856,0
7815,218.8502561,227.376856,0
7816,218.8502561,227.376856,0
7817,218.850256,227.376856,0
7818,218.850256,227.376856,0
7819,218.850256,227.376856,0
7820,218.850256,227.376856,0
7821,218.850256,227.376856,0
7822,218.850256,227.376856,0
7823,218.850256,227.376856,0
7824,218.850256,227.376856,0
7825,218.850256,227.376856,0
7826,218.850256,227.376856,0
7827,218.850256,227.376856,0
7828,218.850256,227.376856,0
7829,218.850256,227.376856,0
7830,218.850256,227.376856,0
7831,218.850256,227.376856,0
7832,218.850256,227.376856,0
7833,218.850256,227.376856,0
7834,218.850256,227.376856,0
7835,218.850256,227.376856,0
7836,218.850256,227.376856,0
7837,213.1658339,227.376856,0
7838,213.1658339,227.376856,0
7839,213.1658339,227.376856,0
7840,213.1658339,227.376856,0
7841,213.1658339,227.376856,0
7842,213.1658339,227.376856,0
7843,213.1658339,227.376856,0
7844,213.1658339,227.376856,0
7845,213.1658339,227.376856,0
7846,213.1658339,227.376856,0
7847,213.1658339,227.376856,0
7848,213.1658339,227.376856,0
7849,213.1658339,227.376856,0
7850,213.1658339,227.376856,0
7851,213.1658339,227.376856,0
7852,213.1658339,227.376856,0
7853,213.1658339,227.376856,0
7854,213.1658339,227.376856,0
7855,213.1658339,227.376856,0
7856,213.1658339,227.376856,0
7857,213.1658339,227.376856,0
7858,213.1658339,227.376856,0
7859,213.1658339,227.376856,0
7860,213.1658339,227.376856,0
7861,213.1658339,227.376856,0
7862,213.1658339,227.376856,0
7863,213.1658339,227.376856,0
7864,213.1658339,227.376856,0
7865,213.1658339,227.376856,0
7866,213.1658339,227.376856,0
7867,213.1658339,227.376856,0
7868,213.1658339,227.376856,0
7869,213.1658339,227.376856,0
7870,213.1658339,227.376856,0
7871,213.1658339,227.376856,0
7872,213.1658339,227.376856,0
7873,213.1658337,227.376856,0
7874,213.1658337,227.376856,0
7875,213.1658337,227.376856,0
7876,213.1658337,227.376856,0
7877,213.1658337,227.376856,0
7878,213.1658337,227.376856,0
7879,213.1658337,227.376856,0
7880,213.1658337,227.376856,0
7881,213.1658337,227.376856,0
7882,213.1658337,227.376856,0
7883,213.1658337,227.376856,0
7884,213.1658337,227.376856,0
7885,213.1658337,227.376856,0
7886,213.1658337,227.376856,0
7887,213.1658337,224.5346453,0
7888,213.1658337,224.5346453,0
7889,213.1658337,227.376856,0
7890,213.1658337,227.376856,0
7891,213.1658337,227.376856,0
7892,213.165834,227.376856,0
7893,213.165834,227.376856,0
7894,213.165834,227.376856,0
7895,213.165834,227.376856,0
7896,213.165834,227.376856,0
7897,213.165834,227.376856,0
7898,213.165834,227.376856,0
7899,213.165834,227.376856,0
7900,213.165834,227.376856,0
7901,213.165834,227.376856,0
7902,213.165834,227.376856,0
7903,213.165834,227.376856,0
7904,213.165834,227.376856,0
7905,213.165834,227.376856,0
7906,213.165834,227.376856,0
7907,216.0080448,227.376856,0
7908,216.0080448,227.376856,0
7909,216.0080448,227.376856,0
7910,216.0080448,227.376856,0
7911,216.0080448,227.376856,0
7912,216.0080448,227.376856,0
7913,216.0080448,227.376856,0
7914,216.0080448,227.376856,0
7915,216.0080448,227.376856,0
7916,216.0080448,227.376856,0
7917,216.0080448,227.376856,0
7918,216.0080448,227.376856,0
7919,216.0080448,227.376856,0
7920,216.0080448,227.376856,0
7921,216.0080448,227.376856,0
7922,216.0080448,227.376856,0
7923,216.0080448,227.376856,0
7924,216.0080448,227.376856,0
7925,216.0080448,227.376856,0
7926,216.0080448,227.376856,0
7927,216.0080448,227.376856,0
7928,216.0080448,227.376856,0
7929,216.0080448,227.376856,0
7930,216.0080448,227.376856,0
7931,216.0080448,227.376856,0
7932,216.0080448,227.376856,0
7933,216.0080448,227.376856,0
7934,216.0080448,227.376856,0
7935,216.0080448,227.376856,0
7936,216.0080448,227.376856,0
7937,216.0080448,227.376856,0
7938,216.0080448,227.376856,0
7939,216.0080448,227.376856,0
7940,216.0080448,227.376856,0
7941,216.0080448,227.376856,0
7942,216.0080448,227.376856,0
7943,216.0080448,227.376856,0
7944,216.0080448,227.376856,0
7945,216.0080448,227.376856,0
7946,216.0080448,227.376856,0
7947,216.0080448,227.376856,0
7948,216.0080448,227.376856,0
7949,216.0080448,227.376856,0
7950,216.0080448,227.376856,0
7951,216.0080448,227.376856,0
7952,216.0080448,227.376856,0
7953,216.0080448,227.376856,0
7954,216.0080448,227.376856,0
7955,216.0080448,227.376856,0
7956,216.0080448,227.376856,0
7957,213.1658339,227.376856,0
7958,213.1658339,227.376856,0
7959,213.1658339,227.376856,0
7960,213.1658339,227.376856,0
7961,213.1658339,227.376856,0
7962,213.1658339,227.376856,0
7963,213.1658339,227.376856,0
7964,213.1658339,227.376856,0
7965,213.1658339,227.376856,0
7966,213.1658339,227.376856,0
7967,213.1658339,227.376856,0
7968,213.1658339,227.376856,0
7969,213.1658339,227.376856,0
7970,213.1658339,227.376856,0
7971,213.1658339,227.376856,0
7972,213.1658339,227.376856,0
7973,210.3236228,227.376856,0
7974,210.3236228,227.376856,0
7975,210.3236228,227.376856,0
7976,210.3236228,227.376856,0
7977,210.3236228,227.376856,0
7978,210.3236228,227.376856,0
7979,210.3236228,227.376856,0
7980,210.3236228,227.376856,0
7981,210.3236228,227.376856,0
7982,210.3236228,227.376856,0
7983,210.3236228,227.376856,0
7984,210.3236228,227.376856,0
7985,210.3236228,227.376856,0
7986,210.3236228,227.376856,0
7987,210.3236228,227.376856,0
7988,210.3236228,227.376856,0
7989,210.3236228,227.376856,0
7990,210.3236228,227.376856,0
7991,210.3236228,227.376856,0
7992,210.3236228,227.376856,0
7993,210.3236228,227.376856,0
7994,210.3236228,227.376856,0
7995,210.3236228,227.376856,0
7996,210.3236228,227.376856,0
7997,210.3236228,227.376856,0
7998,210.3236228,227.376856,0
7999,210.3236228,227.376856,0
8000,210.3236228,227.376856,0
8001,210.3236228,227.376856,0
8002,210.3236228,227.376856,0
8003,210.3236228,227.376856,0
8004,210.3236228,227.376856,0
8005,210.3236228,227.376856,0
8006,210.3236228,227.376856,0
8007,210.3236226,227.376856,0
8008,210.3236226,227.376856,0
8009,210.3236226,227.376856,0
8010,210.3236226,227.376856,0
8011,210.3236226,227.376856,0
8012,210.3236226,227.376856,0
8013,210.3236226,227.376856,0
8014,210.3236226,227.376856,0
8015,210.3236226,227.376856,0
8016,210.3236226,227.376856,0
8017,210.3236226,227.376856,0
8018,210.3236227,227.376856,0
8019,210.3236227,227.376856,0
8020,210.3236227,227.376856,0
8021,210.3236227,227.376856,0
8022,210.3236227,227.376856,0
8023,210.3236227,227.376856,0
8024,210.3236227,227.376856,0
8025,210.3236227,227.376856,0
8026,210.3236227,227.376856,0
8027,210.3236227,227.376856,0
8028,210.3236227,227.376856,0
8029,210.3236227,224.5346453,0
8030,210.3236227,224.5346453,0
8031,210.3236227,224.5346453,0
8032,210.3236227,224.5346453,0
8033,210.3236227,224.5346453,0
8034,210.3236227,224.5346453,0
8035,210.3236227,224.5346453,0
8036,210.3236227,224.5346453,0
8037,210.3236227,224.5346453,0
8038,210.3236227,224.5346453,0
8039,210.3236227,224.5346453,0
8040,210.3236227,224.5346453,0
8041,210.3236227,224.5346453,0
8042,210.3236227,224.5346453,0
8043,210.3236227,224.5346453,0
8044,210.3236227,224.5346453,0
8045,210.3236227,224.5346453,0
8046,210.3236227,224.5346453,0
8047,210.3236227,224.5346453,0
8048,210.3236227,224.5346453,0
8049,210.3236227,224.5346453,0
8050,210.3236227,224.5346453,0
8051,210.3236228,227.376856,0
8052,210.3236228,227.376856,0
8053,210.3236228,227.376856,0
8054,210.3236228,227.376856,0
8055,210.3236228,227.376856,0
8056,210.3236228,227.376856,0
8057,210.3236228,227.376856,0
8058,210.3236228,227.376856,0
8059,210.3236228,227.376856,0
8060,210.3236228,227.376856,0
8061,210.3236228,227.376856,0
8062,210.3236228,227.376856,0
8063,210.3236228,227.376856,0
8064,210.3236228,227.376856,0
8065,210.3236228,227.376856,0
8066,210.3236228,227.376856,0
8067,210.3236228,227.376856,0
8068,210.3236228,227.376856,0
8069,210.3236228,227.376856,0
8070,210.3236228,227.376856,0
8071,210.3236228,227.376856,0
8072,210.3236228,227.376856,0
8073,210.3236228,227.376856,0
8074,210.3236228,227.376856,0
8075,210.3236228,227.376856,0
8076,210.3236228,227.376856,0
8077,210.3236228,227.376856,0
8078,210.3236228,227.376856,0
8079,210.3236228,227.376856,0
8080,210.3236228,227.376856,0
8081,210.3236228,227.376856,0
8082,210.3236228,227.376856,0
8083,210.3236228,227.376856,0
8084,210.3236228,227.376856,0
8085,210.3236228,227.376856,0
8086,210.3236228,227.376856,0
8087,210.3236228,227.376856,0
8088,210.3236228,227.376856,0
8089,210.3236228,227.376856,0
8090,210.3236228,227.376856,0
8091,210.3236228,227.376856,0
8092,210.3236228,227.376856,0
8093,210.3236228,227.376856,0
8094,210.3236228,227.376856,0
8095,210.3236228,227.376856,0
8096,210.3236228,227.376856,0
8097,210.3236228,227.376856,0
8098,210.3236228,227.376856,0
8099,210.3236228,227.376856,0
8100,210.3236228,227.376856,0
8101,210.3236226,227.376856,0
8102,210.3236226,227.376856,0
8103,210.3236226,227.376856,0
8104,210.3236226,227.376856,0
8105,210.3236226,227.376856,0
8106,210.3236226,227.376856,0
8107,210.3236226,227.376856,0
8108,210.3236226,227.376856,0
8109,210.3236226,227.376856,0
8110,207.4814116,227.376856,0
8111,207.4814116,227.376856,0
8112,207.4814116,227.376856,0
8113,207.4814116,227.376856,0
8114,207.4814116,227.376856,0
8115,207.4814116,227.376856,0
8116,207.4814116,224.5346453,0
8117,207.4814116,224.5346453,0
8118,207.4814116,224.5346453,0
8119,207.4814116,224.5346453,0
8120,207.4814116,224.5346453,0
8121,207.4814116,224.5346453,0
8122,207.4814116,224.5346453,0
8123,207.4814116,224.5346453,0
8124,207.4814116,224.5346453,0
8125,207.4814116,224.5346453,0
8126,207.4814116,224.5346453,0
8127,207.4814116,224.5346453,0
8128,207.4814116,224.5346453,0
8129,207.4814116,224.5346453,0
8130,207.4814116,227.376856,0
8131,207.4814116,227.376856,0
8132,207.4814116,227.376856,0
8133,207.4814116,227.376856,0
8134,207.4814116,227.376856,0
8135,207.4814116,227.376856,0
8136,207.4814116,227.376856,0
8137,207.4814116,227.376856,0
8138,207.4814116,227.376856,0
8139,207.4814116,227.376856,0
8140,207.4814116,227.376856,0
8141,207.4814116,227.376856,0
8142,207.4814116,227.376856,0
8143,207.4814116,227.376856,0
8144,207.4814116,227.376856,0
8145,207.4814116,227.376856,0
8146,207.4814116,227.376856,0
8147,207.4814116,227.376856,0
8148,207.4814116,227.376856,0
8149,207.4814116,227.376856,0
8150,207.4814116,227.376856,0
8151,207.4814116,227.376856,0
8152,207.4814116,227.376856,0
8153,207.4814116,227.376856,0
8154,207.4814116,227.376856,0
8155,207.4814116,227.376856,0
8156,207.4814116,227.376856,0
8157,207.4814116,227.376856,0
8158,207.4814116,227.376856,0
8159,204.6392006,227.376856,0
8160,204.6392006,227.376856,0
8161,204.6392006,227.376856,0
8162,204.6392006,227.376856,0
8163,204.6392006,227.376856,0
8164,204.6392006,227.376856,0
8165,204.6392006,227.376856,0
8166,204.6392006,227.376856,0
8167,204.6392006,227.376856,0
8168,204.6392006,227.376856,0
8169,204.6392006,227.376856,0
8170,204.6392006,227.376856,0
8171,204.6392006,227.376856,0
8172,204.6392006,227.376856,0
8173,204.6392006,227.376856,0
8174,204.6392006,227.376856,0
8175,204.6392006,227.376856,0
8176,204.6392006,227.376856,0
8177,204.6392006,227.376856,0
8178,204.6392006,227.376856,0
8179,204.6392006,227.376856,0
8180,204.6392006,224.5346453,0
8181,204.6392006,224.5346453,0
8182,204.6392006,224.5346453,0
8183,204.6392006,224.5346453,0
8184,204.6392006,224.5346453,0
8185,204.6392006,224.5346453,0
8186,204.6392006,224.5346453,0
8187,204.6392006,224.5346453,0
8188,204.6392006,224.5346453,0
8189,204.6392006,224.5346453,0
8190,204.6392006,224.5346453,0
8191,204.6392006,224.5346453,0
8192,204.6392006,224.5346453,0
8193,204.6392006,224.5346453,0
8194,204.6392006,224.5346453,0
8195,204.6392006,224.5346453,0
8196,204.6392006,224.5346453,0
8197,204.6392006,224.5346453,0
8198,204.6392006,224.5346453,0
8199,204.6392004,224.5346453,0
8200,204.6392004,224.5346453,0
8201,204.6392004,224.5346453,0
8202,204.6392004,224.5346453,0
8203,204.6392004,224.5346453,0
8204,204.6392004,224.5346453,0
8205,204.6392004,224.5346453,0
8206,204.6392004,224.5346453,0
8207,204.6392004,224.5346453,0
8208,204.6392004,224.5346453,0
8209,204.6392004,224.5346453,0
8210,204.6392004,224.5346453,0
8211,204.6392004,224.5346453,0
8212,198.9547783,224.5346453,0
8213,198.9547783,224.5346453,0
8214,198.9547783,224.5346453,0
8215,198.9547783,224.5346453,0
8216,198.9547783,224.5346453,0
8217,198.9547783,224.5346453,0
8218,198.9547783,224.5346453,0
8219,198.9547783,224.5346453,0
8220,198.9547783,224.5346453,0
8221,198.9547783,224.5346453,0
8222,198.9547783,224.5346453,0
8223,198.9547783,224.5346453,0
8224,198.9547783,224.5346453,0
8225,198.9547783,224.5346453,0
8226,198.9547783,224.5346453,0
8227,198.9547783,221.6924346,0
8228,198.9547783,221.6924346,0
8229,198.9547783,221.6924346,0
8230,198.9547783,221.6924346,0
8231,198.9547783,221.6924346,0
8232,198.9547783,221.6924346,0
8233,198.9547783,221.6924346,0
8234,198.9547783,221.6924346,0
8235,198.9547783,221.6924346,0
8236,198.9547783,221.6924346,0
8237,198.9547783,221.6924346,0
8238,198.9547783,221.6924346,0
8239,198.9547783,221.6924346,0
8240,198.9547783,221.6924346,0
8241,198.9547783,221.6924346,0
8242,198.9547783,221.6924346,0
8243,198.9547783,221.6924346,0
8244,198.9547783,221.6924346,0
8245,198.9547783,221.6924346,0
8246,198.9547783,221.6924346,0
8247,198.9547783,221.6924346,0
8248,198.9547781,221.6924346,0
8249,198.9547781,221.6924346,0
8250,198.9547781,221.6924346,0
8251,198.9547781,221.6924346,0
8252,198.9547783,221.6924346,0
8253,198.9547783,221.6924346,0
8254,198.9547783,221.6924346,0
8255,198.9547783,221.6924346,0
8256,198.9547783,221.6924346,0
8257,198.9547783,221.6924346,0
8258,198.9547783,221.6924346,0
8259,198.9547783,221.6924346,0
8260,198.9547783,221.6924346,0
8261,198.9547783,221.6924346,0
8262,198.9547783,221.6924346,0
8263,198.9547783,221.6924346,0
8264,198.9547783,221.6924346,0
8265,198.9547783,221.6924346,0
8266,198.9547783,221.6924346,0
8267,198.9547783,221.6924346,0
8268,198.9547783,221.6924346,0
8269,198.9547783,221.6924346,0
8270,198.9547783,221.6924346,0
8271,198.9547783,221.6924346,0
8272,198.9547783,221.6924346,0
8273,198.9547783,221.6924346,0
8274,198.9547783,221.6924346,0
8275,198.9547783,221.6924346,0
8276,198.9547783,221.6924346,0
8277,198.9547783,221.6924346,0
8278,198.9547783,221.6924346,0
8279,198.9547783,221.6924346,0
8280,198.9547783,227.376856,0
8281,198.9547783,227.376856,0
8282,198.9547783,227.376856,0
8283,198.9547783,227.376856,0
8284,198.9547783,227.376856,0
8285,198.9547783,227.376856,0
8286,198.9547783,227.376856,0
8287,198.9547783,227.376856,0
8288,198.9547783,227.376856,0
8289,198.9547783,227.376856,0
8290,198.9547783,227.376856,0
8291,198.9547783,227.376856,0
8292,198.9547783,227.376856,0
8293,198.9547783,227.376856,0
8294,198.9547783,227.376856,0
8295,198.9547783,227.376856,0
8296,198.9547783,227.376856,0
8297,198.9547783,227.376856,0
8298,198.9547783,227.376856,0
8299,198.9547783,227.376856,0
8300,198.9547783,227.376856,0
8301,198.9547783,227.376856,0
8302,198.9547783,227.376856,0
8303,198.9547783,227.376856,0
8304,198.9547783,227.376856,0
8305,198.9547783,227.376856,0
8306,198.9547783,227.376856,0
8307,198.9547783,227.376856,0
8308,198.9547783,227.376856,0
8309,198.9547783,227.376856,0
8310,198.9547783,227.376856,0
8311,198.9547783,227.376856,0
8312,198.9547783,227.376856,0
8313,198.9547783,227.376856,0
8314,198.9547783,227.376856,0
8315,198.9547783,227.376856,0
8316,198.9547783,227.376856,0
8317,198.9547783,227.376856,0
8318,198.9547783,227.376856,0
8319,198.9547783,227.376856,0
8320,198.9547783,227.376856,0
8321,198.9547783,227.376856,0
8322,198.9547783,227.376856,0
8323,198.9547783,227.376856,0
8324,198.9547783,227.376856,0
8325,198.9547783,227.376856,0
8326,198.9547783,227.376856,0
8327,198.9547783,227.376856,0
8328,198.9547783,227.376856,0
8329,198.9547783,227.376856,0
8330,198.9547783,221.6924346,0
8331,198.9547783,221.6924346,0
8332,198.9547783,221.6924346,0
8333,198.9547783,221.6924346,0
8334,198.9547783,221.6924346,0
8335,198.9547783,221.6924346,0
8336,198.9547783,221.6924346,0
8337,198.9547783,221.6924346,0
8338,198.9547783,221.6924346,0
8339,198.9547783,221.6924346,0
8340,198.9547783,221.6924346,0
8341,198.9547783,221.6924346,0
8342,198.9547783,221.6924346,0
8343,198.9547783,221.6924346,0
8344,198.9547781,221.6924346,0
8345,198.9547781,221.6924346,0
8346,198.9547781,221.6924346,0
8347,198.9547781,221.6924346,0
8348,198.9547781,221.6924346,0
8349,198.9547781,221.6924346,0
8350,198.9547781,221.6924346,0
8351,198.9547781,221.6924346,0
8352,198.9547781,221.6924346,0
8353,198.9547781,221.6924346,0
8354,198.9547781,221.6924346,0
8355,198.9547781,221.6924346,0
8356,198.9547781,221.6924346,0
8357,198.9547781,221.6924346,0
8358,196.1125671,221.6924346,0
8359,196.1125671,221.6924346,0
8360,196.1125671,221.6924346,0
8361,196.1125671,221.6924346,0
8362,196.1125671,221.6924346,0
8363,196.1125671,221.6924346,0
8364,196.1125671,221.6924346,0
8365,196.1125671,221.6924346,0
8366,196.1125671,221.6924346,0
8367,196.1125671,221.6924346,0
8368,196.1125671,221.6924346,0
8369,196.1125671,221.6924346,0
8370,196.1125671,221.6924346,0
8371,196.1125671,221.6924346,0
8372,196.1125671,221.6924346,0
8373,196.1125671,221.6924346,0
8374,196.1125671,218.8502239,0
8375,196.1125671,218.8502239,0
8376,196.1125671,218.8502239,0
8377,196.1125671,218.8502239,0
8378,196.1125671,218.8502239,0
8379,196.1125671,218.8502239,0
8380,196.1125671,218.8502239,0
8381,196.1125671,218.8502239,0
8382,196.1125671,218.8502239,0
8383,196.1125671,218.8502239,0
8384,196.1125671,218.8502239,0
8385,196.1125671,218.8502239,0
8386,196.1125671,218.8502239,0
8387,196.1125671,218.8502239,0
8388,196.1125671,218.8502239,0
8389,196.1125671,218.8502239,0
8390,196.1125671,218.8502239,0
8391,196.1125671,218.8502239,0
8392,196.1125671,221.6924346,0
8393,196.1125671,221.6924346,0
8394,196.1125671,221.6924346,0
8395,196.1125671,221.6924346,0
8396,196.1125671,221.6924346,0
8397,196.1125671,221.6924346,0
8398,196.1125671,221.6924346,0
8399,196.1125671,221.6924346,0
8400,196.1125671,221.6924346,0
8401,196.1125671,221.6924346,0
8402,196.1125671,221.6924346,0
8403,196.1125671,221.6924346,0
8404,196.1125671,221.6924346,0
8405,196.1125671,221.6924346,0
8406,196.1125671,221.6924346,0
8407,196.1125671,221.6924346,0
8408,196.1125671,221.6924346,0
8409,196.1125671,221.6924346,0
8410,196.1125671,221.6924346,0
8411,196.1125671,221.6924346,0
8412,196.1125671,221.6924346,0
8413,196.1125671,221.6924346,0
8414,196.1125671,221.6924346,0
8415,196.1125671,221.6924346,0
8416,196.1125671,221.6924346,0
8417,196.1125671,221.6924346,0
8418,196.1125671,221.6924346,0
8419,196.1125671,221.6924346,0
8420,196.1125671,221.6924346,0
8421,193.2703559,221.6924346,0
8422,193.2703559,221.6924346,0
8423,193.2703559,221.6924346,0
8424,193.2703559,221.6924346,0
8425,193.2703559,221.6924346,0
8426,193.2703559,221.6924346,0
8427,193.2703559,221.6924346,0
8428,193.2703559,221.6924346,0
8429,193.2703559,221.6924346,0
8430,193.2703559,221.6924346,0
8431,193.2703559,221.6924346,0
8432,193.2703559,221.6924346,0
8433,193.2703559,221.6924346,0
8434,193.2703559,221.6924346,0
8435,193.2703559,221.6924346,0
8436,193.2703559,221.6924346,0
8437,193.2703559,221.6924346,0
8438,193.2703559,221.6924346,0
8439,193.2703559,221.6924346,0
8440,193.2703559,221.6924346,0
8441,193.2703559,221.6924346,0
8442,193.2703559,221.6924346,0
8443,193.2703559,221.6924346,0
8444,193.2703559,221.6924346,0
8445,193.2703559,221.6924346,0
8446,193.2703559,221.6924346,0
8447,193.2703559,221.6924346,0
8448,193.2703559,221.6924346,0
8449,193.2703559,221.6924346,0
8450,193.2703559,221.6924346,0
8451,193.2703559,221.6924346,0
8452,193.2703559,221.6924346,0
8453,193.2703559,221.6924346,0
8454,193.2703559,221.6924346,0
8455,193.2703559,221.6924346,0
8456,193.2703559,221.6924346,0
8457,193.2703559,221.6924346,0
8458,193.2703559,221.6924346,0
8459,193.2703559,221.6924346,0
8460,193.2703559,221.6924346,0
8461,193.2703559,221.6924346,0
8462,193.2703559,221.6924346,0
8463,193.2703559,221.6924346,0
8464,193.2703559,221.6924346,0
8465,193.2703559,221.6924346,0
8466,193.2703559,221.6924346,0
8467,193.2703559,221.6924346,0
8468,193.2703559,221.6924346,0
8469,193.2703559,221.6924346,0
8470,193.2703559,221.6924346,0
8471,193.2703559,221.6924346,0
8472,193.2703559,221.6924346,0
8473,193.2703559,221.6924346,0
8474,193.2703559,221.6924346,0
8475,193.2703559,221.6924346,0
8476,193.2703559,221.6924346,0
8477,193.2703559,221.6924346,0
8478,193.2703559,221.6924346,0
8479,193.2703559,221.6924346,0
8480,193.2703559,221.6924346,0
8481,193.2703559,221.6924346,0
8482,193.2703559,221.6924346,0
8483,193.2703559,221.6924346,0
8484,193.2703559,221.6924346,0
8485,193.2703559,221.6924346,0
8486,193.2703559,221.6924346,0
8487,193.2703559,221.6924346,0
8488,193.2703559,221.6924346,0
8489,193.2703559,221.6924346,0
8490,193.2703559,221.6924346,0
8491,193.2703559,221.6924346,0
8492,193.2703559,221.6924346,0
8493,193.2703559,221.6924346,0
8494,193.2703559,221.6924346,0
8495,193.2703559,221.6924346,0
8496,193.2703559,221.6924346,0
8497,193.2703559,221.6924346,0
8498,193.2703559,221.6924346,0
8499,193.2703559,221.6924346,0
8500,193.2703559,221.6924346,0
8501,193.2703559,221.6924346,0
8502,193.2703559,221.6924346,0
8503,193.2703559,221.6924346,0
8504,193.2703559,221.6924346,0
8505,193.2703559,221.6924346,0
8506,190.4281448,221.6924346,0
8507,190.4281448,221.6924346,0
8508,187.5859339,221.6924346,0
8509,187.5859339,221.6924346,0
8510,187.5859339,221.6924346,0
8511,187.5859339,221.6924346,0
8512,187.5859339,221.6924346,0
8513,187.5859339,221.6924346,0
8514,187.5859339,221.6924346,0
8515,187.5859339,221.6924346,0
8516,187.5859339,221.6924346,0
8517,187.5859339,221.6924346,0
8518,187.5859339,221.6924346,0
8519,187.5859339,221.6924346,0
8520,187.5859339,221.6924346,0
8521,187.5859339,221.6924346,0
8522,187.5859339,221.6924346,0
8523,187.5859339,221.6924346,0
8524,190.4281448,221.6924346,0
8525,190.4281448,221.6924346,0
8526,190.4281448,221.6924346,0
8527,190.4281448,221.6924346,0
8528,190.4281448,221.6924346,0
8529,193.2703561,221.6924346,0
8530,193.2703561,221.6924346,0
8531,193.2703561,221.6924346,0
8532,193.2703561,221.6924346,0
8533,193.2703561,221.6924346,0
8534,193.2703561,221.6924346,0
8535,193.2703561,221.6924346,0
8536,193.2703561,221.6924346,0
8537,193.2703561,221.6924346,0
8538,193.2703561,221.6924346,0
8539,193.2703561,221.6924346,0
8540,193.2703561,221.6924346,0
8541,193.2703561,221.6924346,0
8542,193.2703561,221.6924346,0
8543,193.2703561,221.6924346,0
8544,193.2703561,221.6924346,0
8545,193.2703561,221.6924346,0
8546,193.2703561,221.6924346,0
8547,193.2703561,221.6924346,0
8548,193.2703561,221.6924346,0
8549,193.2703561,221.6924346,0
8550,193.2703561,221.6924346,0
8551,193.2703561,221.6924346,0
8552,193.2703561,221.6924346,0
8553,193.2703561,221.6924346,0
8554,193.2703561,221.6924346,0
8555,193.2703561,221.6924346,0
8556,193.2703561,221.6924346,0
8557,193.2703561,221.6924346,0
8558,193.2703561,221.6924346,0
8559,193.2703561,221.6924346,0
8560,193.2703561,221.6924346,0
8561,193.2703561,221.6924346,0
8562,193.2703561,221.6924346,0
8563,193.2703561,221.6924346,0
8564,193.2703561,221.6924346,0
8565,193.2703561,221.6924346,0
8566,193.2703561,221.6924346,0
8567,193.2703561,221.6924346,0
8568,193.2703561,221.6924346,0
8569,193.2703561,221.6924346,0
8570,193.2703561,218.8502239,0
8571,193.2703561,218.8502239,0
8572,193.2703561,218.8502239,0
8573,193.2703561,218.8502239,0
8574,193.2703561,218.8502239,0
8575,193.2703561,218.8502239,0
8576,193.2703561,218.8502239,0
8577,193.2703561,218.8502239,0
8578,193.2703561,218.8502239,0
8579,187.5859338,218.8502239,0
8580,187.5859338,218.8502239,0
8581,187.5859338,218.8502239,0
8582,187.5859338,218.8502239,0
8583,187.5859338,218.8502239,0
8584,187.5859338,218.8502239,0
8585,187.5859338,221.6924346,0
8586,187.5859338,221.6924346,0
8587,187.5859338,221.6924346,0
8588,187.5859338,221.6924346,0
8589,187.5859338,221.6924346,0
8590,187.5859338,221.6924346,0
8591,187.5859338,221.6924346,0
8592,187.5859338,221.6924346,0
8593,187.5859338,221.6924346,0
8594,187.5859338,221.6924346,0
8595,187.5859338,221.6924346,0
8596,187.5859338,221.6924346,0
8597,187.5859338,221.6924346,0
8598,187.5859338,221.6924346,0
8599,187.5859338,221.6924346,0
8600,187.5859338,221.6924346,0
8601,187.5859338,221.6924346,0
8602,187.5859338,221.6924346,0
8603,187.5859338,221.6924346,0
8604,187.5859338,221.6924346,0
8605,184.7437226,221.6924346,0
8606,184.7437226,221.6924346,0
8607,184.7437226,221.6924346,0
8608,184.7437226,221.6924346,0
8609,184.7437226,221.6924346,0
8610,184.7437226,221.6924346,0
8611,184.7437226,221.6924346,0
8612,184.7437226,221.6924346,0
8613,184.7437226,221.6924346,0
8614,184.7437226,221.6924346,0
8615,184.7437226,221.6924346,0
8616,184.7437226,221.6924346,0
8617,184.7437226,221.6924346,0
8618,184.7437226,221.6924346,0
8619,184.7437226,221.6924346,0
8620,184.7437226,221.6924346,0
8621,184.7437226,221.6924346,0
8622,187.5859338,221.6924346,0
8623,187.5859338,221.6924346,0
8624,187.5859338,221.6924346,0
8625,187.5859338,221.6924346,0
8626,187.5859338,221.6924346,0
8627,187.5859338,221.6924346,0
8628,187.5859338,221.6924346,0
8629,187.5859338,221.6924346,0
8630,187.5859338,221.6924346,0
8631,187.5859338,221.6924346,0
8632,187.5859338,221.6924346,0
8633,187.5859338,221.6924346,0
8634,187.5859338,221.6924346,0
8635,187.5859338,218.8502239,0
8636,187.5859338,218.8502239,0
8637,187.5859338,218.8502239,0
8638,187.5859338,218.8502239,0
8639,187.5859338,218.8502239,0
8640,187.5859338,218.8502239,0
8641,187.5859338,218.8502239,0
8642,187.5859338,218.8502239,0
8643,187.5859338,218.8502239,0
8644,187.5859338,218.8502239,0
8645,187.5859338,218.8502239,0
8646,187.5859338,218.8502239,0
8647,187.5859338,218.8502239,0
8648,187.5859338,218.8502239,0
8649,187.5859338,218.8502239,0
8650,187.5859338,218.8502239,0
8651,187.5859338,218.8502239,0
8652,187.5859338,218.8502239,0
8653,187.5859338,218.8502239,0
8654,187.5859338,218.8502239,0
8655,187.5859338,218.8502239,0
8656,187.5859338,218.8502239,0
8657,187.5859338,218.8502239,0
8658,187.5859338,218.8502239,0
8659,187.5859338,218.8502239,0
8660,187.5859338,218.8502239,0
8661,187.5859338,218.8502239,0
8662,187.5859338,218.8502239,0
8663,187.5859338,218.8502239,0
8664,187.5859338,218.8502239,0
8665,187.5859338,218.8502239,0
8666,187.5859338,218.8502239,0
8667,187.5859338,218.8502239,0
8668,187.5859338,218.8502239,0
8669,187.5859338,218.8502239,0
8670,187.5859338,218.8502239,0
8671,187.5859338,218.8502239,0
8672,179.0593003,218.8502239,0
8673,179.0593003,218.8502239,0
8674,179.0593003,218.8502239,0
8675,181.9015116,218.8502239,0
8676,181.9015116,218.8502239,0
8677,181.9015116,218.8502239,0
8678,181.9015116,218.8502239,0
8679,181.9015116,218.8502239,0
8680,181.9015116,218.8502239,0
8681,181.9015116,218.8502239,0
8682,181.9015116,218.8502239,0
8683,181.9015116,218.8502239,0
8684,181.9015116,218.8502239,0
8685,181.9015116,218.8502239,0
8686,181.9015116,218.8502239,0
8687,181.9015116,218.8502239,0
8688,181.9015116,218.8502239,0
8689,181.9015116,221.6924346,0
8690,181.9015116,221.6924346,0
8691,181.9015116,221.6924346,0
8692,181.9015116,221.6924346,0
8693,181.9015116,221.6924346,0
8694,181.9015117,221.6924346,0
8695,181.9015117,221.6924346,0
8696,181.9015117,221.6924346,0
8697,181.9015117,221.6924346,0
8698,181.9015117,221.6924346,0
8699,181.9015117,221.6924346,0
8700,181.9015117,221.6924346,0
8701,181.9015117,221.6924346,0
8702,181.9015117,221.6924346,0
8703,181.9015117,221.6924346,0
8704,181.9015117,221.6924346,0
8705,181.9015117,221.6924346,0
8706,181.9015117,221.6924346,0
8707,181.9015117,221.6924346,0
8708,181.9015117,221.6924346,0
8709,181.9015117,221.6924346,0
8710,181.9015117,221.6924346,0
8711,181.9015117,221.6924346,0
8712,181.9015117,221.6924346,0
8713,181.9015117,221.6924346,0
8714,181.9015117,221.6924346,0
8715,181.9015117,221.6924346,0
8716,181.9015117,221.6924346,0
8717,181.9015117,221.6924346,0
8718,181.9015117,221.6924346,0
8719,181.9015117,221.6924346,0
8720,181.9015117,221.6924346,0
8721,181.9015117,221.6924346,0
8722,181.9015117,221.6924346,0
8723,181.9015117,221.6924346,0
8724,181.9015117,221.6924346,0
8725,181.9015117,221.6924346,0
8726,181.9015117,221.6924346,0
8727,181.9015117,221.6924346,0
8728,181.9015117,221.6924346,0
8729,181.9015117,221.6924346,0
8730,181.9015117,221.6924346,0
8731,181.9015117,221.6924346,0
8732,181.9015117,221.6924346,0
8733,181.9015117,221.6924346,0
8734,181.9015117,221.6924346,0
8735,181.9015117,221.6924346,0
8736,181.9015117,221.6924346,0
8737,181.9015117,221.6924346,0
8738,181.9015117,221.6924346,0
8739,181.9015117,221.6924346,0
8740,181.9015117,221.6924346,0
8741,181.9015117,221.6924346,0
8742,181.9015117,221.6924346,0
8743,181.9015117,221.6924346,0
8744,181.9015117,221.6924346,0
8745,181.9015117,221.6924346,0
8746,181.9015117,221.6924346,0
8747,181.9015117,221.6924346,0
8748,181.9015117,221.6924346,0
8749,181.9015117,221.6924346,0
8750,181.9015117,221.6924346,0
8751,181.9015117,221.6924346,0
8752,181.9015115,221.6924346,0
8753,181.9015115,221.6924346,0
8754,181.9015115,221.6924346,0
8755,181.9015115,221.6924346,0
8756,181.9015115,221.6924346,0
8757,181.9015115,221.6924346,0
8758,181.9015115,221.6924346,0
8759,181.9015115,221.6924346,0
8760,181.9015115,221.6924346,0
8761,181.9015115,221.6924346,0
8762,181.9015115,221.6924346,0
8763,181.9015115,221.6924346,0
8764,181.9015115,221.6924346,0
8765,181.9015115,221.6924346,0
8766,181.9015115,221.6924346,0
8767,181.9015115,221.6924346,0
8768,181.9015115,221.6924346,0
8769,181.9015115,221.6924346,0
8770,181.9015115,221.6924346,0
8771,181.9015115,221.6924346,0
8772,181.9015115,221.6924346,0
8773,181.9015115,221.6924346,0
8774,181.9015115,221.6924346,0
8775,181.9015115,221.6924346,0
8776,181.9015115,221.6924346,0
8777,181.9015115,221.6924346,0
8778,179.0593005,221.6924346,0
8779,179.0593005,221.6924346,0
8780,179.0593005,221.6924346,0
8781,179.0593005,221.6924346,0
8782,179.0593005,221.6924346,0
8783,179.0593005,221.6924346,0
8784,179.0593005,221.6924346,0
8785,179.0593005,221.6924346,0
8786,179.0593005,221.6924346,0
8787,179.0593005,221.6924346,0
8788,179.0593005,221.6924346,0
8789,179.0593005,221.6924346,0
8790,179.0593005,221.6924346,0
8791,179.0593005,221.6924346,0
8792,179.0593005,221.6924346,0
8793,179.0593005,221.6924346,0
8794,179.0593005,221.6924346,0
8795,179.0593005,221.6924346,0
8796,179.0593005,221.6924346,0
8797,179.0593005,221.6924346,0
8798,179.0593005,221.6924346,0
8799,179.0593005,221.6924346,0
8800,179.0593005,221.6924346,0
8801,179.0593005,221.6924346,0
8802,179.0593005,221.6924346,0
8803,179.0593005,221.6924346,0
8804,179.0593005,221.6924346,0
8805,179.0593005,221.6924346,0
8806,179.0593005,221.6924346,0
8807,179.0593005,221.6924346,0
8808,179.0593005,221.6924346,0
8809,179.0593005,221.6924346,0
8810,179.0593005,221.6924346,0
8811,179.0593005,221.6924346,0
8812,179.0593005,221.6924346,0
8813,179.0593005,221.6924346,0
8814,176.2170894,221.6924346,0
8815,176.2170894,221.6924346,0
8816,176.2170894,221.6924346,0
8817,176.2170894,221.6924346,0
8818,176.2170894,221.6924346,0
8819,176.2170894,221.6924346,0
8820,170.5326672,221.6924346,0
8821,170.5326672,221.6924346,0
8822,170.5326672,221.6924346,0
8823,170.5326672,221.6924346,0
8824,170.5326672,221.6924346,0
8825,170.5326672,221.6924346,0
8826,170.5326672,221.6924346,0
8827,170.5326672,221.6924346,0
8828,170.5326672,218.8502239,0
8829,170.5326672,218.8502239,0
8830,170.5326672,218.8502239,0
8831,170.5326672,218.8502239,0
8832,170.5326672,218.8502239,0
8833,170.5326672,218.8502239,0
8834,170.5326672,218.8502239,0
8835,170.5326672,218.8502239,0
8836,170.5326672,218.8502239,0
8837,170.5326672,218.8502239,0
8838,170.5326672,218.8502239,0
8839,170.5326672,218.8502239,0
8840,170.5326672,218.8502239,0
8841,170.5326672,218.8502239,0
8842,170.5326672,218.8502239,0
8843,170.5326672,218.8502239,0
8844,170.5326672,218.8502239,0
8845,170.5326672,218.8502239,0
8846,170.5326672,218.8502239,0
8847,170.5326672,218.8502239,0
8848,170.5326672,218.8502239,0
8849,170.5326672,218.8502239,0
8850,170.5326672,218.8502239,0
8851,170.5326672,216.0080132,0
8852,170.5326672,216.0080132,0
8853,170.5326672,216.0080132,0
8854,170.5326672,216.0080132,0
8855,170.5326672,216.0080132,0
8856,170.5326672,216.0080132,0
8857,170.5326672,216.0080132,0
8858,170.5326672,216.0080132,0
8859,170.5326672,216.0080132,0
8860,170.5326672,216.0080132,0
8861,170.5326672,216.0080132,0
8862,170.5326672,216.0080132,0
8863,170.5326672,216.0080132,0
8864,170.5326672,216.0080132,0
8865,170.5326672,216.0080132,0
8866,170.5326672,216.0080132,0
8867,170.5326672,216.0080132,0
8868,170.5326672,216.0080132,0
8869,170.5326672,216.0080132,0
8870,170.5326672,216.0080132,0
8871,170.5326672,216.0080132,0
8872,170.5326672,216.0080132,0
8873,170.5326672,216.0080132,0
8874,170.5326672,216.0080132,0
8875,170.5326672,216.0080132,0
8876,170.5326672,216.0080132,0
8877,170.5326672,216.0080132,0
8878,170.5326672,216.0080132,0
8879,170.5326672,216.0080132,0
8880,170.5326672,216.0080132,0
8881,170.5326672,216.0080132,0
8882,170.5326672,216.0080132,0
8883,170.5326672,216.0080132,0
8884,170.5326672,216.0080132,0
8885,170.5326672,218.8502239,0
8886,170.5326672,218.8502239,0
8887,170.5326672,218.8502239,0
8888,170.5326672,218.8502239,0
8889,170.5326672,218.8502239,0
8890,170.5326672,218.8502239,0
8891,170.5326672,218.8502239,0
8892,170.5326672,218.8502239,0
8893,167.6904558,218.8502239,0
8894,167.6904558,218.8502239,0
8895,167.6904558,218.8502239,0
8896,167.6904558,218.8502239,0
8897,167.6904558,218.8502239,0
8898,167.6904558,218.8502239,0
8899,167.6904558,218.8502239,0
8900,167.6904558,218.8502239,0
8901,167.6904558,218.8502239,0
8902,167.6904558,218.8502239,0
8903,167.6904558,218.8502239,0
8904,167.6904558,218.8502239,0
8905,167.6904558,218.8502239,0
8906,167.6904558,218.8502239,0
8907,167.6904558,218.8502239,0
8908,167.6904558,218.8502239,0
8909,167.6904558,218.8502239,0
8910,167.6904558,218.8502239,0
8911,167.6904558,218.8502239,0
8912,167.6904558,218.8502239,0
8913,167.6904558,218.8502239,0
8914,167.6904558,218.8502239,0
8915,167.6904558,218.8502239,0
8916,167.6904558,218.8502239,0
8917,167.6904558,218.8502239,0
8918,167.6904558,218.8502239,0
8919,167.6904558,218.8502239,0
8920,164.8482447,218.8502239,0
8921,164.8482447,218.8502239,0
8922,164.8482447,218.8502239,0
8923,164.8482447,218.8502239,0
8924,164.8482447,218.8502239,0
8925,164.8482447,218.8502239,0
8926,164.8482447,218.8502239,0
8927,164.8482449,218.8502239,0
8928,164.8482449,218.8502239,0
8929,164.8482449,218.8502239,0
8930,164.8482449,218.8502239,0
8931,164.8482449,218.8502239,0
8932,164.8482449,218.8502239,0
8933,164.8482449,218.8502239,0
8934,164.8482449,218.8502239,0
8935,164.8482449,216.0080132,0
8936,164.8482449,216.0080132,0
8937,164.8482449,216.0080132,0
8938,164.8482449,216.0080132,0
8939,164.8482449,216.0080132,0
8940,164.8482449,216.0080132,0
8941,164.8482449,216.0080132,0
8942,164.8482449,216.0080132,0
8943,164.8482449,216.0080132,0
8944,164.8482449,216.0080132,0
8945,164.8482449,216.0080132,0
8946,164.8482449,216.0080132,0
8947,164.8482449,216.0080132,0
8948,164.8482449,216.0080132,0
8949,164.8482449,216.0080132,0
8950,167.6904559,216.0080132,0
8951,167.6904559,216.0080132,0
8952,167.6904559,213.1658025,0
8953,167.6904559,213.1658025,0
8954,167.6904559,213.1658025,0
8955,167.6904559,213.1658025,0
8956,167.6904559,213.1658025,0
8957,167.6904559,213.1658025,0
8958,167.6904559,213.1658025,0
8959,167.6904559,213.1658025,0
8960,167.6904559,213.1658025,0
8961,167.6904559,213.1658025,0
8962,167.6904559,213.1658025,0
8963,167.6904559,213.1658025,0
8964,167.6904559,213.1658025,0
8965,167.6904559,213.1658025,0
8966,167.6904559,213.1658025,0
8967,167.6904559,213.1658025,0
8968,167.6904559,213.1658025,0
8969,167.6904559,213.1658025,0
8970,167.6904559,213.1658025,0
8971,167.6904559,213.1658025,0
8972,167.6904559,213.1658025,0
8973,167.6904559,213.1658025,0
8974,167.6904559,213.1658025,0
8975,167.6904559,213.1658025,0
8976,167.6904559,213.1658025,0
8977,167.6904559,213.1658025,0
8978,167.6904559,213.1658025,0
8979,167.6904559,213.1658025,0
8980,167.690456,213.1658025,0
8981,167.690456,213.1658025,0
8982,167.690456,213.1658025,0
8983,167.690456,213.1658025,0
8984,167.690456,216.0080132,0
8985,167.690456,216.0080132,0
8986,167.690456,216.0080132,0
8987,167.690456,216.0080132,0
8988,167.690456,216.0080132,0
8989,167.690456,216.0080132,0
8990,167.690456,216.0080132,0
8991,167.690456,216.0080132,0
8992,167.690456,216.0080132,0
8993,167.690456,216.0080132,0
8994,167.690456,216.0080132,0
8995,167.690456,216.0080132,0
8996,167.690456,216.0080132,0
8997,167.690456,216.0080132,0
8998,167.690456,216.0080132,0
8999,167.690456,216.0080132,0
9000,167.690456,216.0080132,0
9001,167.690456,216.0080132,0
9002,167.690456,216.0080132,0
9003,167.690456,216.0080132,0
9004,167.690456,216.0080132,0
9005,167.690456,216.0080132,0
9006,167.690456,216.0080132,0
9007,167.690456,216.0080132,0
9008,167.690456,216.0080132,0
9009,167.690456,216.0080132,0
9010,167.690456,216.0080132,0
9011,167.690456,216.0080132,0
9012,167.690456,216.0080132,0
9013,167.690456,216.0080132,0
9014,167.690456,216.0080132,0
9015,167.690456,216.0080132,0
9016,167.690456,216.0080132,0
9017,167.690456,216.0080132,0
9018,167.690456,216.0080132,0
9019,167.690456,216.0080132,0
9020,167.690456,216.0080132,0
9021,167.690456,216.0080132,0
9022,167.690456,216.0080132,0
9023,167.690456,216.0080132,0
9024,167.690456,216.0080132,0
9025,167.690456,216.0080132,0
9026,167.690456,216.0080132,0
9027,167.690456,216.0080132,0
9028,167.690456,216.0080132,0
9029,167.690456,216.0080132,0
9030,164.8482447,216.0080132,0
9031,164.8482447,216.0080132,0
9032,164.8482447,216.0080132,0
9033,164.8482447,216.0080132,0
9034,164.8482447,213.1658025,0
9035,164.8482449,213.1658025,0
9036,164.8482449,213.1658025,0
9037,164.8482449,213.1658025,0
9038,164.8482449,213.1658025,0
9039,164.8482449,213.1658025,0
9040,164.8482449,213.1658025,0
9041,164.8482449,213.1658025,0
9042,164.8482449,213.1658025,0
9043,164.8482449,213.1658025,0
9044,164.8482449,213.1658025,0
9045,164.8482449,213.1658025,0
9046,164.8482449,213.1658025,0
9047,164.8482449,213.1658025,0
9048,164.8482449,213.1658025,0
9049,164.8482449,213.1658025,0
9050,164.8482449,213.1658025,0
9051,164.8482449,213.1658025,0
9052,164.8482449,213.1658025,0
9053,164.8482449,213.1658025,0
9054,164.8482449,213.1658025,0
9055,164.8482449,213.1658025,0
9056,164.8482449,213.1658025,0
9057,164.8482449,213.1658025,0
9058,164.8482449,213.1658025,0
9059,164.8482449,213.1658025,0
9060,164.8482449,213.1658025,0
9061,164.8482449,213.1658025,0
9062,164.8482449,213.1658025,0
9063,164.8482449,213.1658025,0
9064,164.8482449,213.1658025,0
9065,164.8482449,216.0080132,0
9066,164.8482449,216.0080132,0
9067,164.8482449,216.0080132,0
9068,164.8482449,216.0080132,0
9069,164.8482449,216.0080132,0
9070,164.8482449,216.0080132,0
9071,164.8482449,216.0080132,0
9072,164.8482449,216.0080132,0
9073,164.8482449,216.0080132,0
9074,164.8482449,216.0080132,0
9075,164.8482449,216.0080132,0
9076,164.8482449,216.0080132,0
9077,164.8482449,216.0080132,0
9078,164.8482449,216.0080132,0
9079,164.8482449,216.0080132,0
9080,164.8482449,216.0080132,0
9081,164.8482449,216.0080132,0
9082,164.8482449,216.0080132,0
9083,164.8482449,216.0080132,0
9084,164.8482449,216.0080132,0
9085,164.8482449,216.0080132,0
9086,164.8482449,216.0080132,0
9087,164.8482449,216.0080132,0
9088,164.8482449,216.0080132,0
9089,164.8482449,216.0080132,0
9090,164.8482449,216.0080132,0
9091,164.8482449,216.0080132,0
9092,164.8482449,216.0080132,0
9093,164.8482449,216.0080132,0
9094,164.8482449,216.0080132,0
9095,164.8482449,216.0080132,0
9096,164.8482449,216.0080132,0
9097,164.8482449,216.0080132,0
9098,164.8482449,216.0080132,0
9099,164.8482449,216.0080132,0
9100,164.8482449,216.0080132,0
9101,164.8482449,216.0080132,0
9102,164.8482449,216.0080132,0
9103,164.8482449,216.0080132,0
9104,164.8482449,216.0080132,0
9105,164.8482449,216.0080132,0
9106,164.8482449,216.0080132,0
9107,164.8482449,216.0080132,0
9108,164.8482449,216.0080132,0
9109,164.8482449,216.0080132,0
9110,162.0060338,216.0080132,0
9111,162.0060338,216.0080132,0
9112,162.0060338,216.0080132,0
9113,162.0060338,216.0080132,0
9114,162.0060338,216.0080132,0
9115,162.0060338,216.0080132,0
9116,162.0060338,216.0080132,0
9117,162.0060338,216.0080132,0
9118,162.0060338,216.0080132,0
9119,162.0060338,216.0080132,0
9120,162.0060338,216.0080132,0
9121,162.0060338,216.0080132,0
9122,162.0060338,216.0080132,0
9123,162.0060338,216.0080132,0
9124,162.0060338,216.0080132,0
9125,162.0060338,216.0080132,0
9126,162.0060338,216.0080132,0
9127,162.0060338,216.0080132,0
9128,162.0060337,216.0080132,0
9129,162.0060337,216.0080132,0
9130,162.0060337,216.0080132,0
9131,162.0060337,216.0080132,0
9132,162.0060337,216.0080132,0
9133,162.0060337,216.0080132,0
9134,162.0060337,216.0080132,0
9135,162.0060337,216.0080132,0
9136,162.0060337,216.0080132,0
9137,162.0060337,216.0080132,0
9138,162.0060337,216.0080132,0
9139,162.0060337,216.0080132,0
9140,162.0060337,216.0080132,0
9141,162.0060337,216.0080132,0
9142,162.0060337,216.0080132,0
9143,162.0060337,216.0080132,0
9144,162.0060337,216.0080132,0
9145,162.0060337,216.0080132,0
9146,162.0060337,216.0080132,0
9147,162.0060337,216.0080132,0
9148,162.0060338,216.0080132,0
9149,162.0060338,216.0080132,0
9150,162.0060338,216.0080132,0
9151,162.0060338,216.0080132,0
9152,162.0060338,216.0080132,0
9153,162.0060338,216.0080132,0
9154,162.0060338,216.0080132,0
9155,162.0060338,216.0080132,0
9156,162.0060338,216.0080132,0
9157,162.0060338,216.0080132,0
9158,162.0060338,216.0080132,0
9159,162.0060338,216.0080132,0
9160,162.0060338,216.0080132,0
9161,162.0060338,216.0080132,0
9162,162.0060338,216.0080132,0
9163,162.0060338,216.0080132,0
9164,162.0060338,216.0080132,0
9165,162.0060338,216.0080132,0
9166,162.0060338,216.0080132,0
9167,162.0060338,216.0080132,0
9168,162.0060338,216.0080132,0
9169,162.0060338,213.1658025,0
9170,162.0060338,216.0080132,0
9171,162.0060338,216.0080132,0
9172,162.0060338,216.0080132,0
9173,162.0060338,216.0080132,0
9174,162.0060338,216.0080132,0
9175,162.0060338,216.0080132,0
9176,162.0060338,216.0080132,0
9177,162.0060338,216.0080132,0
9178,162.0060338,216.0080132,0
9179,162.0060338,216.0080132,0
9180,162.0060338,216.0080132,0
9181,162.0060338,216.0080132,0
9182,162.0060338,216.0080132,0
9183,162.0060338,216.0080132,0
9184,162.0060338,216.0080132,0
9185,162.0060338,216.0080132,0
9186,162.0060338,216.0080132,0
9187,162.0060338,216.0080132,0
9188,162.0060338,216.0080132,0
9189,162.0060338,216.0080132,0
9190,162.0060338,216.0080132,0
9191,162.0060338,216.0080132,0
9192,162.0060338,216.0080132,0
9193,162.0060338,216.0080132,0
9194,162.0060338,216.0080132,0
9195,162.0060338,216.0080132,0
9196,162.0060338,216.0080132,0
9197,162.0060338,216.0080132,0
9198,162.0060338,216.0080132,0
9199,162.0060338,216.0080132,0
9200,162.0060338,216.0080132,0
9201,162.0060338,216.0080132,0
9202,162.0060338,216.0080132,0
9203,162.0060338,216.0080132,0
9204,162.0060338,216.0080132,0
9205,162.0060336,216.0080132,0
9206,162.0060336,216.0080132,0
9207,162.0060336,216.0080132,0
9208,162.0060336,216.0080132,0
9209,162.0060336,216.0080132,0
9210,162.0060336,216.0080132,0
9211,162.0060336,216.0080132,0
9212,162.0060336,216.0080132,0
9213,162.0060336,216.0080132,0
9214,162.0060336,216.0080132,0
9215,162.0060336,216.0080132,0
9216,162.0060336,216.0080132,0
9217,162.0060336,216.0080132,0
9218,162.0060336,216.0080132,0
9219,162.0060336,216.0080132,0
9220,162.0060336,216.0080132,0
9221,159.1638225,216.0080132,0
9222,159.1638225,216.0080132,0
9223,159.1638225,216.0080132,0
9224,159.1638225,216.0080132,0
9225,159.1638225,216.0080132,0
9226,159.1638225,216.0080132,0
9227,159.1638225,218.8502239,0
9228,159.1638225,218.8502239,0
9229,159.1638225,218.8502239,0
9230,159.1638225,218.8502239,0
9231,159.1638225,218.8502239,0
9232,159.1638225,218.8502239,0
9233,159.1638225,218.8502239,0
9234,159.1638225,218.8502239,0
9235,159.1638225,218.8502239,0
9236,159.1638225,218.8502239,0
9237,159.1638225,218.8502239,0
9238,159.1638225,218.8502239,0
9239,159.1638225,218.8502239,0
9240,159.1638225,218.8502239,0
9241,159.1638225,218.8502239,0
9242,159.1638225,218.8502239,0
9243,159.1638225,218.8502239,0
9244,159.1638225,218.8502239,0
9245,159.1638225,218.8502239,0
9246,159.1638225,218.8502239,0
9247,159.1638225,218.8502239,0
9248,159.1638225,218.8502239,0
9249,159.1638225,218.8502239,0
9250,159.1638225,218.8502239,0
9251,159.1638225,218.8502239,0
9252,159.1638225,218.8502239,0
9253,159.1638225,218.8502239,0
9254,159.1638225,218.8502239,0
9255,159.1638225,218.8502239,0
9256,159.1638225,218.8502239,0
9257,159.1638225,218.8502239,0
9258,159.1638225,218.8502239,0
9259,159.1638225,218.8502239,0
9260,159.1638225,218.8502239,0
9261,159.1638225,218.8502239,0
9262,159.1638225,218.8502239,0
9263,159.1638225,218.8502239,0
9264,159.1638225,218.8502239,0
9265,159.1638225,218.8502239,0
9266,159.1638225,218.8502239,0
9267,159.1638225,218.8502239,0
9268,156.3216115,218.8502239,0
9269,156.3216115,218.8502239,0
9270,156.3216115,218.8502239,0
9271,156.3216115,218.8502239,0
9272,156.3216115,218.8502239,0
9273,156.3216115,218.8502239,0
9274,156.3216115,218.8502239,0
9275,156.3216115,218.8502239,0
9276,156.3216115,218.8502239,0
9277,156.3216115,216.0080132,0
9278,156.3216115,216.0080132,0
9279,156.3216115,216.0080132,0
9280,156.3216115,216.0080132,0
9281,156.3216115,216.0080132,0
9282,156.3216115,216.0080132,0
9283,156.3216115,216.0080132,0
9284,156.3216115,216.0080132,0
9285,156.3216115,216.0080132,0
9286,156.3216115,216.0080132,0
9287,156.3216115,216.0080132,0
9288,156.3216115,216.0080132,0
9289,156.3216115,216.0080132,0
9290,156.3216115,216.0080132,0
9291,153.4794003,216.0080132,0
9292,153.4794003,216.0080132,0
9293,153.4794003,216.0080132,0
9294,153.4794003,216.0080132,0
9295,153.4794003,216.0080132,0
9296,153.4794003,216.0080132,0
9297,153.4794003,216.0080132,0
9298,153.4794003,216.0080132,0
9299,153.4794003,216.0080132,0
9300,153.4794003,216.0080132,0
9301,153.4794003,216.0080132,0
9302,153.4794003,216.0080132,0
9303,153.4794003,216.0080132,0
9304,150.6371891,216.0080132,0
9305,150.6371891,216.0080132,0
9306,150.6371891,216.0080132,0
9307,150.6371891,216.0080132,0
9308,150.6371891,216.0080132,0
9309,153.4794004,216.0080132,0
9310,153.4794004,216.0080132,0
9311,153.4794004,216.0080132,0
9312,153.4794004,216.0080132,0
9313,153.4794004,216.0080132,0
9314,153.4794004,216.0080132,0
9315,153.4794004,216.0080132,0
9316,153.4794004,216.0080132,0
9317,153.4794004,216.0080132,0
9318,153.4794004,216.0080132,0
9319,153.4794004,216.0080132,0
9320,153.4794004,216.0080132,0
9321,153.4794004,216.0080132,0
9322,153.4794004,216.0080132,0
9323,153.4794004,216.0080132,0
9324,153.4794004,216.0080132,0
9325,153.4794004,216.0080132,0
9326,153.4794004,216.0080132,0
9327,153.4794004,216.0080132,0
9328,153.4794004,216.0080132,0
9329,153.4794004,216.0080132,0
9330,153.4794004,216.0080132,0
9331,153.4794004,216.0080132,0
9332,153.4794004,216.0080132,0
9333,153.4794004,216.0080132,0
9334,153.4794004,216.0080132,0
9335,153.4794004,216.0080132,0
9336,153.4794004,216.0080132,0
9337,153.4794004,216.0080132,0
9338,153.4794004,216.0080132,0
9339,153.4794004,216.0080132,0
9340,153.4794004,216.0080132,0
9341,153.4794004,216.0080132,0
9342,153.4794004,216.0080132,0
9343,153.4794004,216.0080132,0
9344,153.4794004,216.0080132,0
9345,153.4794004,216.0080132,0
9346,153.4794004,216.0080132,0
9347,153.4794004,216.0080132,0
9348,153.4794004,216.0080132,0
9349,153.4794004,216.0080132,0
9350,153.4794004,216.0080132,0
9351,153.4794004,216.0080132,0
9352,153.4794004,216.0080132,0
9353,153.4794004,216.0080132,0
9354,153.4794004,216.0080132,0
9355,153.4794004,216.0080132,0
9356,153.4794004,216.0080132,0
9357,153.4794004,216.0080132,0
9358,153.4794004,216.0080132,0
9359,153.4794004,216.0080132,0
9360,153.4794004,216.0080132,0
9361,153.4794004,216.0080132,0
9362,153.4794004,216.0080132,0
9363,153.4794004,216.0080132,0
9364,153.4794004,216.0080132,0
9365,153.4794004,216.0080132,0
9366,153.4794004,216.0080132,0
9367,153.4794004,216.0080132,0
9368,153.4794004,216.0080132,0
9369,153.4794004,216.0080132,0
9370,153.4794004,216.0080132,0
9371,153.4794004,216.0080132,0
9372,153.4794004,216.0080132,0
9373,153.4794004,216.0080132,0
9374,153.4794004,216.0080132,0
9375,153.4794004,216.0080132,0
9376,153.4794004,216.0080132,0
9377,153.4794004,216.0080132,0
9378,153.4794004,216.0080132,0
9379,153.4794004,216.0080132,0
9380,153.4794004,216.0080132,0
9381,147.7949782,216.0080132,0
9382,147.7949782,216.0080132,0
9383,147.7949782,216.0080132,0
9384,147.7949782,216.0080132,0
9385,147.7949782,216.0080132,0
9386,147.7949782,216.0080132,0
9387,147.7949782,216.0080132,0
9388,147.7949782,216.0080132,0
9389,147.7949782,216.0080132,0
9390,147.7949782,216.0080132,0
9391,147.7949782,216.0080132,0
9392,147.7949782,216.0080132,0
9393,147.7949782,216.0080132,0
9394,147.7949782,216.0080132,0
9395,147.7949782,216.0080132,0
9396,153.4794004,216.0080132,0
9397,153.4794004,216.0080132,0
9398,153.4794004,216.0080132,0
9399,153.4794004,216.0080132,0
9400,153.4794004,216.0080132,0
9401,153.4794004,216.0080132,0
9402,153.4794004,216.0080132,0
9403,153.4794004,216.0080132,0
9404,153.4794004,216.0080132,0
9405,153.4794004,216.0080132,0
9406,153.4794004,216.0080132,0
9407,153.4794004,216.0080132,0
9408,153.4794004,216.0080132,0
9409,153.4794004,213.1658025,0
9410,153.4794004,213.1658025,0
9411,153.4794004,213.1658025,0
9412,153.4794004,213.1658025,0
9413,153.4794004,213.1658025,0
9414,153.4794004,213.1658025,0
9415,153.4794004,213.1658025,0
9416,153.4794004,213.1658025,0
9417,153.4794004,213.1658025,0
9418,153.4794004,213.1658025,0
9419,153.4794004,213.1658025,0
9420,153.4794004,213.1658025,0
9421,153.4794004,213.1658025,0
9422,153.4794004,213.1658025,0
9423,153.4794004,213.1658025,0
9424,153.4794004,213.1658025,0
9425,153.4794004,213.1658025,0
9426,153.4794004,213.1658025,0
9427,153.4794004,213.1658025,0
9428,153.4794004,213.1658025,0
9429,153.4794004,213.1658025,0
9430,153.4794004,213.1658025,0
9431,153.4794004,213.1658025,0
9432,153.4794004,213.1658025,0
9433,153.4794004,213.1658025,0
9434,153.4794004,213.1658025,0
9435,153.4794004,213.1658025,0
9436,153.4794004,213.1658025,0
9437,153.4794004,213.1658025,0
9438,153.4794004,213.1658025,0
9439,153.4794004,213.1658025,0
9440,153.4794004,213.1658025,0
9441,153.4794004,213.1658025,0
9442,153.4794004,213.1658025,0
9443,153.4794004,213.1658025,0
9444,153.4794004,213.1658025,0
9445,153.4794004,213.1658025,0
9446,153.4794004,213.1658025,0
9447,153.4794004,213.1658025,0
9448,153.4794004,213.1658025,0
9449,153.4794004,213.1658025,0
9450,153.4794004,213.1658025,0
9451,153.4794004,213.1658025,0
9452,153.4794004,213.1658025,0
9453,153.4794004,213.1658025,0
9454,153.4794004,213.1658025,0
9455,153.4794004,213.1658025,0
9456,153.4794004,213.1658025,0
9457,153.4794004,213.1658025,0
9458,153.4794004,213.1658025,0
9459,153.4794004,213.1658025,0
9460,153.4794004,213.1658025,0
9461,153.4794004,213.1658025,0
9462,153.4794004,213.1658025,0
9463,153.4794004,213.1658025,0
9464,153.4794004,213.1658025,0
9465,150.6371892,213.1658025,0
9466,150.6371892,213.1658025,0
9467,150.6371892,213.1658025,0
9468,150.6371892,213.1658025,0
9469,150.6371892,213.1658025,0
9470,150.6371892,210.3235918,0
9471,150.6371892,210.3235918,0
9472,150.6371892,210.3235918,0
9473,150.6371892,210.3235918,0
9474,153.4794002,210.3235918,0
9475,153.4794002,210.3235918,0
9476,153.4794002,210.3235918,0
9477,153.4794002,210.3235918,0
9478,153.4794002,210.3235918,0
9479,153.4794002,210.3235918,0
9480,153.4794002,210.3235918,0
9481,153.4794002,210.3235918,0
9482,153.4794002,210.3235918,0
9483,153.4794002,210.3235918,0
9484,153.4794002,210.3235918,0
9485,153.4794002,210.3235918,0
9486,153.4794002,210.3235918,0
9487,153.4794002,210.3235918,0
9488,153.4794002,210.3235918,0
9489,153.4794002,210.3235918,0
9490,153.4794002,213.1658025,0
9491,153.4794002,213.1658025,0
9492,153.4794002,213.1658025,0
9493,153.4794002,213.1658025,0
9494,153.4794002,213.1658025,0
9495,153.4794002,213.1658025,0
9496,153.4794002,213.1658025,0
9497,153.4794002,213.1658025,0
9498,153.4794002,213.1658025,0
9499,153.4794002,213.1658025,0
9500,153.4794002,213.1658025,0
9501,153.4794002,213.1658025,0
9502,153.4794002,213.1658025,0
9503,153.4794002,213.1658025,0
9504,153.4794002,213.1658025,0
9505,153.4794002,213.1658025,0
9506,153.4794002,213.1658025,0
9507,153.4794002,213.1658025,0
9508,153.4794002,213.1658025,0
9509,153.4794002,213.1658025,0
9510,153.4794002,213.1658025,0
9511,153.4794002,213.1658025,0
9512,153.4794002,213.1658025,0
9513,153.4794002,213.1658025,0
9514,153.4794002,213.1658025,0
9515,153.4794002,213.1658025,0
9516,153.4794002,213.1658025,0
9517,153.4794002,213.1658025,0
9518,153.4794002,213.1658025,0
9519,153.4794002,213.1658025,0
9520,153.4794002,213.1658025,0
9521,153.4794002,213.1658025,0
9522,153.4794002,213.1658025,0
9523,153.4794002,213.1658025,0
9524,153.4794002,213.1658025,0
9525,153.4794002,213.1658025,0
9526,153.4794002,213.1658025,0
9527,153.4794002,213.1658025,0
9528,153.4794002,213.1658025,0
9529,153.4794002,213.1658025,0
9530,153.4794002,213.1658025,0
9531,153.4794002,213.1658025,0
9532,150.6371892,213.1658025,0
9533,150.6371892,213.1658025,0
9534,150.6371892,213.1658025,0
9535,150.6371892,213.1658025,0
9536,150.6371892,213.1658025,0
9537,150.6371892,213.1658025,0
9538,150.6371892,213.1658025,0
9539,150.6371892,213.1658025,0
9540,150.6371892,213.1658025,0
9541,150.6371892,213.1658025,0
9542,150.6371892,213.1658025,0
9543,150.6371893,213.1658025,0
9544,150.6371893,213.1658025,0
9545,150.6371893,213.1658025,0
9546,150.6371894,213.1658025,0
9547,150.6371894,213.1658025,0
9548,150.6371894,213.1658025,0
9549,150.6371894,213.1658025,0
9550,150.6371894,213.1658025,0
9551,150.6371894,213.1658025,0
9552,150.6371894,213.1658025,0
9553,150.6371894,213.1658025,0
9554,150.6371894,216.0080132,0
9555,150.6371894,216.0080132,0
9556,150.6371894,216.0080132,0
9557,150.6371894,216.0080132,0
9558,150.6371894,216.0080132,0
9559,150.6371894,216.0080132,0
9560,150.6371894,216.0080132,0
9561,150.6371894,216.0080132,0
9562,150.6371894,216.0080132,0
9563,150.6371894,216.0080132,0
9564,150.6371894,216.0080132,0
9565,150.6371894,216.0080132,0
9566,150.6371894,216.0080132,0
9567,150.6371894,216.0080132,0
9568,150.6371894,216.0080132,0
9569,150.6371894,216.0080132,0
9570,150.6371894,216.0080132,0
9571,150.6371894,216.0080132,0
9572,150.6371894,216.0080132,0
9573,150.6371894,216.0080132,0
9574,150.6371894,216.0080132,0
9575,150.6371894,216.0080132,0
9576,150.6371894,216.0080132,0
9577,150.6371894,216.0080132,0
9578,150.6371894,216.0080132,0
9579,150.6371894,216.0080132,0
9580,150.6371894,216.0080132,0
9581,150.6371894,216.0080132,0
9582,150.6371894,216.0080132,0
9583,150.6371894,216.0080132,0
9584,150.6371894,216.0080132,0
9585,150.6371894,216.0080132,0
9586,150.6371894,216.0080132,0
9587,150.6371894,216.0080132,0
9588,150.6371894,216.0080132,0
9589,150.6371894,216.0080132,0
9590,150.6371894,216.0080132,0
9591,150.6371894,216.0080132,0
9592,150.6371894,216.0080132,0
9593,150.6371894,216.0080132,0
9594,150.6371894,216.0080132,0
9595,150.6371894,216.0080132,0
9596,150.6371893,216.0080132,0
9597,150.6371893,216.0080132,0
9598,150.6371893,216.0080132,0
9599,150.6371893,216.0080132,0
9600,150.6371893,216.0080132,0
9601,150.6371893,216.0080132,0
9602,150.6371893,216.0080132,0
9603,150.6371893,216.0080132,0
9604,150.6371893,213.1658025,0
9605,150.6371893,213.1658025,0
9606,150.6371893,213.1658025,0
9607,150.6371893,213.1658025,0
9608,150.6371893,213.1658025,0
9609,150.6371893,213.1658025,0
9610,150.6371893,213.1658025,0
9611,150.6371893,213.1658025,0
9612,150.6371893,213.1658025,0
9613,150.6371893,213.1658025,0
9614,150.6371893,213.1658025,0
9615,150.6371893,213.1658025,0
9616,150.6371893,213.1658025,0
9617,150.6371893,213.1658025,0
9618,150.6371893,213.1658025,0
9619,150.6371893,213.1658025,0
9620,150.6371893,213.1658025,0
9621,150.6371893,213.1658025,0
9622,150.6371893,213.1658025,0
9623,150.6371893,213.1658025,0
9624,150.6371893,213.1658025,0
9625,150.6371893,213.1658025,0
9626,150.6371893,213.1658025,0
9627,150.6371893,213.1658025,0
9628,150.6371893,213.1658025,0
9629,150.6371893,213.1658025,0
9630,150.6371893,213.1658025,0
9631,150.6371893,213.1658025,0
9632,150.6371893,213.1658025,0
9633,150.6371893,213.1658025,0
9634,150.6371893,213.1658025,0
9635,150.6371893,213.1658025,0
9636,150.6371893,213.1658025,0
9637,153.4794003,213.1658025,0
9638,153.4794003,213.1658025,0
9639,153.4794003,213.1658025,0
9640,153.4794003,213.1658025,0
9641,153.4794003,213.1658025,0
9642,153.4794003,213.1658025,0
9643,153.4794003,213.1658025,0
9644,153.4794003,213.1658025,0
9645,153.4794003,213.1658025,0
9646,153.4794003,213.1658025,0
9647,153.4794003,213.1658025,0
9648,153.4794003,213.1658025,0
9649,153.4794003,213.1658025,0
9650,153.4794003,213.1658025,0
9651,153.4794003,213.1658025,0
9652,153.4794003,213.1658025,0
9653,153.4794003,213.1658025,0
9654,153.4794003,213.1658025,0
9655,153.4794003,213.1658025,0
9656,153.4794003,213.1658025,0
9657,153.4794003,213.1658025,0
9658,153.4794003,213.1658025,0
9659,153.4794003,213.1658025,0
9660,153.4794003,213.1658025,0
9661,153.4794003,213.1658025,0
9662,153.4794003,213.1658025,0
9663,153.4794003,213.1658025,0
9664,153.4794003,213.1658025,0
9665,153.4794003,213.1658025,0
9666,153.4794003,213.1658025,0
9667,153.4794003,213.1658025,0
9668,153.4794003,213.1658025,0
9669,153.4794003,213.1658025,0
9670,153.4794003,213.1658025,0
9671,153.4794003,213.1658025,0
9672,153.4794003,213.1658025,0
9673,153.4794003,213.1658025,0
9674,153.4794003,213.1658025,0
9675,153.4794003,213.1658025,0
9676,153.4794003,213.1658025,0
9677,153.4794003,213.1658025,0
9678,153.4794003,213.1658025,0
9679,153.4794003,213.1658025,0
9680,153.4794003,213.1658025,0
9681,153.4794003,213.1658025,0
9682,153.4794003,213.1658025,0
9683,153.4794003,213.1658025,0
9684,153.4794003,213.1658025,0
9685,153.4794003,213.1658025,0
9686,153.4794003,213.1658025,0
9687,150.6371894,213.1658025,0
9688,150.6371894,213.1658025,0
9689,150.6371894,213.1658025,0
9690,150.6371894,213.1658025,0
9691,150.6371894,213.1658025,0
9692,150.6371894,213.1658025,0
9693,150.6371894,213.1658025,0
9694,150.6371894,213.1658025,0
9695,150.6371894,213.1658025,0
9696,150.6371894,213.1658025,0
9697,150.6371894,213.1658025,0
9698,150.6371894,213.1658025,0
9699,150.6371894,213.1658025,0
9700,150.6371894,213.1658025,0
9701,150.6371894,213.1658025,0
9702,150.6371894,213.1658025,0
9703,150.6371894,213.1658025,0
9704,150.6371894,213.1658025,0
9705,150.6371894,213.1658025,0
9706,150.6371894,213.1658025,0
9707,150.6371894,213.1658025,0
9708,150.6371894,213.1658025,0
9709,150.6371894,213.1658025,0
9710,150.6371894,213.1658025,0
9711,150.6371894,213.1658025,0
9712,144.9527671,213.1658025,0
9713,144.9527671,213.1658025,0
9714,144.9527671,213.1658025,0
9715,144.9527671,213.1658025,0
9716,144.9527671,210.3235918,0
9717,144.9527671,210.3235918,0
9718,144.9527671,210.3235918,0
9719,144.9527671,213.1658025,0
9720,144.9527671,213.1658025,0
9721,144.9527671,213.1658025,0
9722,144.9527671,213.1658025,0
9723,144.9527671,213.1658025,0
9724,144.9527671,213.1658025,0
9725,144.9527671,213.1658025,0
9726,144.9527671,213.1658025,0
9727,144.9527671,213.1658025,0
9728,144.9527671,213.1658025,0
9729,144.9527671,213.1658025,0
9730,144.9527671,213.1658025,0
9731,144.9527671,213.1658025,0
9732,144.9527671,213.1658025,0
9733,144.9527671,213.1658025,0
9734,147.7949781,213.1658025,0
9735,147.7949781,213.1658025,0
9736,147.7949781,213.1658025,0
9737,147.7949781,213.1658025,0
9738,147.7949781,213.1658025,0
9739,147.7949781,213.1658025,0
9740,147.7949781,213.1658025,0
9741,147.7949781,213.1658025,0
9742,147.7949781,213.1658025,0
9743,147.7949781,213.1658025,0
9744,147.7949781,213.1658025,0
9745,147.7949781,213.1658025,0
9746,147.7949781,213.1658025,0
9747,147.7949781,213.1658025,0
9748,147.7949781,213.1658025,0
9749,147.7949781,213.1658025,0
9750,147.7949781,213.1658025,0
9751,147.7949781,213.1658025,0
9752,147.7949781,213.1658025,0
9753,147.7949781,213.1658025,0
9754,147.7949781,213.1658025,0
9755,147.7949781,213.1658025,0
9756,147.7949781,213.1658025,0
9757,147.7949781,213.1658025,0
9758,147.7949781,213.1658025,0
9759,147.7949781,213.1658025,0
9760,147.7949781,213.1658025,0
9761,147.7949781,213.1658025,0
9762,147.7949781,213.1658025,0
9763,147.7949781,213.1658025,0
9764,147.7949781,213.1658025,0
9765,147.7949781,213.1658025,0
9766,147.7949781,213.1658025,0
9767,147.7949781,213.1658025,0
9768,147.7949781,213.1658025,0
9769,147.7949781,213.1658025,0
9770,147.7949781,213.1658025,0
9771,147.7949782,213.1658025,0
9772,147.7949782,213.1658025,0
9773,147.7949782,213.1658025,0
9774,147.7949782,213.1658025,0
9775,147.7949782,213.1658025,0
9776,147.7949782,213.1658025,0
9777,147.7949782,213.1658025,0
9778,147.7949782,213.1658025,0
9779,147.7949782,213.1658025,0
9780,147.7949782,213.1658025,0
9781,147.7949782,213.1658025,0
9782,147.7949782,213.1658025,0
9783,147.7949782,213.1658025,0
9784,147.7949782,213.1658025,0
9785,147.7949782,213.1658025,0
9786,147.7949782,213.1658025,0
9787,147.7949782,213.1658025,0
9788,147.7949782,213.1658025,0
9789,147.7949782,213.1658025,0
9790,147.7949782,213.1658025,0
9791,147.7949782,213.1658025,0
9792,147.7949782,213.1658025,0
9793,147.7949782,213.1658025,0
9794,147.7949782,213.1658025,0
9795,147.7949782,213.1658025,0
9796,147.7949782,213.1658025,0
9797,147.7949782,213.1658025,0
9798,147.7949782,213.1658025,0
9799,147.7949782,213.1658025,0
9800,147.7949782,213.1658025,0
9801,147.7949782,213.1658025,0
9802,147.7949782,213.1658025,0
9803,147.7949782,213.1658025,0
9804,147.7949782,213.1658025,0
9805,147.7949782,213.1658025,0
9806,147.7949782,213.1658025,0
9807,147.7949782,213.1658025,0
9808,147.7949782,213.1658025,0
9809,147.7949782,213.1658025,0
9810,147.7949782,213.1658025,0
9811,147.7949782,213.1658025,0
9812,147.7949782,213.1658025,0
9813,147.7949782,213.1658025,0
9814,147.7949782,213.1658025,0
9815,147.7949782,213.1658025,0
9816,147.7949782,213.1658025,0
9817,147.7949782,216.0080132,0
9818,147.7949782,216.0080132,0
9819,147.7949782,216.0080132,0
9820,147.7949782,216.0080132,0
9821,147.7949781,216.0080132,0
9822,150.6371893,216.0080132,0
9823,150.6371893,216.0080132,0
9824,150.6371893,216.0080132,0
9825,150.6371893,216.0080132,0
9826,150.6371893,216.0080132,0
9827,150.6371893,216.0080132,0
9828,150.6371893,216.0080132,0
9829,150.6371893,216.0080132,0
9830,150.6371893,216.0080132,0
9831,150.6371893,216.0080132,0
9832,150.6371893,216.0080132,0
9833,150.6371893,216.0080132,0
9834,150.6371893,216.0080132,0
9835,150.6371893,216.0080132,0
9836,150.6371893,216.0080132,0
9837,150.6371893,216.0080132,0
9838,150.6371893,216.0080132,0
9839,150.6371893,216.0080132,0
9840,150.6371893,216.0080132,0
9841,150.6371893,216.0080132,0
9842,150.6371893,216.0080132,0
9843,150.6371893,216.0080132,0
9844,150.6371893,216.0080132,0
9845,150.6371893,216.0080132,0
9846,150.6371893,216.0080132,0
9847,150.6371893,216.0080132,0
9848,150.6371893,216.0080132,0
9849,150.6371893,216.0080132,0
9850,150.6371893,216.0080132,0
9851,150.6371893,216.0080132,0
9852,150.6371893,216.0080132,0
9853,150.6371893,216.0080132,0
9854,150.6371893,216.0080132,0
9855,150.6371893,216.0080132,0
9856,150.6371893,216.0080132,0
9857,150.6371893,216.0080132,0
9858,150.6371893,216.0080132,0
9859,150.6371893,216.0080132,0
9860,150.6371893,216.0080132,0
9861,150.6371893,216.0080132,0
9862,150.6371893,216.0080132,0
9863,150.6371893,216.0080132,0
9864,150.6371893,216.0080132,0
9865,150.6371893,216.0080132,0
9866,150.6371893,216.0080132,0
9867,150.6371893,213.1658025,0
9868,150.6371893,213.1658025,0
9869,150.6371893,213.1658025,0
9870,150.6371893,213.1658025,0
9871,150.6371893,213.1658025,0
9872,150.6371892,213.1658025,0
9873,150.6371892,213.1658025,0
9874,150.6371892,213.1658025,0
9875,150.6371892,213.1658025,0
9876,150.6371892,213.1658025,0
9877,150.6371892,213.1658025,0
9878,150.6371892,213.1658025,0
9879,150.6371892,213.1658025,0
9880,150.6371892,213.1658025,0
9881,150.6371892,213.1658025,0
9882,150.6371892,213.1658025,0
9883,150.6371892,213.1658025,0
9884,150.6371892,213.1658025,0
9885,150.6371892,213.1658025,0
9886,150.6371892,213.1658025,0
9887,150.6371892,213.1658025,0
9888,150.6371892,213.1658025,0
9889,150.6371892,213.1658025,0
9890,150.6371892,213.1658025,0
9891,150.6371892,213.1658025,0
9892,150.6371892,213.1658025,0
9893,150.6371892,213.1658025,0
9894,150.6371892,213.1658025,0
9895,150.6371892,213.1658025,0
9896,150.6371892,213.1658025,0
9897,150.6371892,213.1658025,0
9898,150.6371892,213.1658025,0
9899,150.6371892,213.1658025,0
9900,150.6371892,213.1658025,0
9901,147.7949782,213.1658025,0
9902,147.7949782,213.1658025,0
9903,147.7949782,213.1658025,0
9904,147.7949782,213.1658025,0
9905,147.7949782,213.1658025,0
9906,147.7949782,213.1658025,0
9907,147.7949782,213.1658025,0
9908,147.7949782,213.1658025,0
9909,147.7949782,213.1658025,0
9910,147.7949782,213.1658025,0
9911,147.7949782,213.1658025,0
9912,147.7949782,213.1658025,0
9913,147.7949782,213.1658025,0
9914,147.7949782,213.1658025,0
9915,147.7949782,213.1658025,0
9916,147.7949782,213.1658025,0
9917,147.7949782,213.1658025,0
9918,147.7949782,213.1658025,0
9919,147.7949782,213.1658025,0
9920,147.7949782,213.1658025,0
9921,147.7949782,213.1658025,0
9922,147.7949782,213.1658025,0
9923,147.7949782,213.1658025,0
9924,147.7949782,213.1658025,0
9925,147.7949782,213.1658025,0
9926,147.7949782,213.1658025,0
9927,147.7949782,213.1658025,0
9928,147.7949782,213.1658025,0
9929,147.7949782,213.1658025,0
9930,147.7949782,213.1658025,0
9931,147.7949782,213.1658025,0
9932,147.7949782,213.1658025,0
9933,147.7949782,213.1658025,0
9934,147.7949782,213.1658025,0
9935,147.7949782,213.1658025,0
9936,147.7949782,213.1658025,0
9937,147.7949782,213.1658025,0
9938,147.7949782,213.1658025,0
9939,147.7949782,213.1658025,0
9940,147.7949782,213.1658025,0
9941,147.7949782,213.1658025,0
9942,147.7949782,213.1658025,0
9943,147.7949782,213.1658025,0
9944,147.7949782,213.1658025,0
9945,147.7949782,213.1658025,0
9946,147.7949782,213.1658025,0
9947,147.794978,213.1658025,0
9948,147.794978,213.1658025,0
9949,147.794978,213.1658025,0
9950,147.794978,213.1658025,0
9951,147.794978,213.1658025,0
9952,147.794978,213.1658025,0
9953,147.794978,213.1658025,0
9954,147.794978,213.1658025,0
9955,147.794978,213.1658025,0
9956,147.794978,213.1658025,0
9957,147.794978,213.1658025,0
9958,147.794978,213.1658025,0
9959,147.794978,213.1658025,0
9960,150.6371891,213.1658025,0
9961,150.6371891,213.1658025,0
9962,150.6371891,213.1658025,0
9963,150.6371891,213.1658025,0
9964,150.6371891,213.1658025,0
9965,150.6371891,213.1658025,0
9966,150.6371891,213.1658025,0
9967,150.6371891,213.1658025,0
9968,150.6371891,213.1658025,0
9969,150.6371891,213.1658025,0
9970,150.6371891,213.1658025,0
9971,150.6371891,213.1658025,0
9972,150.6371891,213.1658025,0
9973,150.6371891,213.1658025,0
9974,150.6371891,213.1658025,0
9975,150.6371891,213.1658025,0
9976,150.6371891,213.1658025,0
9977,150.6371891,213.1658025,0
9978,150.6371891,213.1658025,0
9979,150.6371891,213.1658025,0
9980,150.6371891,213.1658025,0
9981,150.6371891,213.1658025,0
9982,150.6371891,213.1658025,0
9983,150.6371891,213.1658025,0
9984,150.6371891,213.1658025,0
9985,150.6371891,213.1658025,0
9986,150.6371891,213.1658025,0
9987,150.6371891,213.1658025,0
9988,150.6371891,213.1658025,0
9989,150.6371891,213.1658025,0
9990,150.6371891,213.1658025,0
9991,150.6371891,213.1658025,0
9992,150.6371891,213.1658025,0
9993,150.6371891,213.1658025,0
9994,150.6371891,213.1658025,0
9995,150.6371891,213.1658025,0
9996,150.6371891,213.1658025,0
9997,150.6371891,213.1658025,0
9998,150.6371891,213.1658025,0
9999,150.6371891,213.1658025,0
10000,150.6371891,213.1658025,0
10001,150.6371891,213.1658025,0
10002,150.6371891,213.1658025,0
10003,150.6371891,213.1658025,0
10004,150.6371891,213.1658025,0
10005,150.6371891,213.1658025,0
10006,150.6371891,213.1658025,0
10007,150.6371891,213.1658025,0
10008,150.6371891,213.1658025,0
10009,150.6371891,213.1658025,0
10010,147.794978,213.1658025,0
10011,147.794978,213.1658025,0
10012,147.794978,213.1658025,0
10013,147.794978,213.1658025,0
10014,147.7949781,213.1658025,0
10015,147.7949781,213.1658025,0
10016,147.7949781,213.1658025,0
10017,147.7949781,213.1658025,0
10018,147.7949781,213.1658025,0
10019,147.7949781,213.1658025,0
10020,147.7949781,213.1658025,0
10021,147.7949781,213.1658025,0
10022,147.7949781,213.1658025,0
10023,147.7949781,213.1658025,0
10024,147.7949781,213.1658025,0
10025,147.7949781,213.1658025,0
10026,147.7949781,213.1658025,0
10027,147.7949781,213.1658025,0
10028,147.7949781,213.1658025,0
10029,147.7949781,213.1658025,0
10030,147.7949781,213.1658025,0
10031,147.7949781,213.1658025,0
10032,147.7949781,213.1658025,0
10033,147.7949781,213.1658025,0
10034,147.7949781,213.1658025,0
10035,147.7949781,213.1658025,0
10036,147.7949781,213.1658025,0
10037,147.7949781,213.1658025,0
10038,147.7949781,213.1658025,0
10039,147.7949781,213.1658025,0
10040,147.7949781,213.1658025,0
10041,147.7949781,213.1658025,0
10042,147.7949781,213.1658025,0
10043,147.7949781,213.1658025,0
10044,147.7949781,213.1658025,0
10045,147.7949781,213.1658025,0
10046,147.7949781,213.1658025,0
10047,147.7949781,213.1658025,0
10048,147.7949781,213.1658025,0
10049,147.7949781,213.1658025,0
10050,147.7949781,213.1658025,0
10051,147.7949781,213.1658025,0
10052,147.7949781,213.1658025,0
10053,147.7949781,213.1658025,0
10054,147.7949781,213.1658025,0
10055,147.7949781,213.1658025,0
10056,147.7949781,213.1658025,0
10057,147.7949781,213.1658025,0
10058,147.7949781,213.1658025,0
10059,147.7949781,213.1658025,0
10060,147.7949781,213.1658025,0
10061,147.7949781,213.1658025,0
10062,147.7949781,213.1658025,0
10063,147.7949781,213.1658025,0
10064,147.794978,213.1658025,0
10065,147.794978,213.1658025,0
10066,147.794978,213.1658025,0
10067,147.794978,213.1658025,0
10068,147.794978,213.1658025,0
10069,147.794978,213.1658025,0
10070,147.794978,210.3235918,0
10071,147.794978,210.3235918,0
10072,147.794978,210.3235918,0
10073,147.794978,210.3235918,0
10074,147.794978,210.3235918,0
10075,147.794978,210.3235918,0
10076,147.794978,213.1658025,0
10077,147.794978,213.1658025,0
10078,147.794978,213.1658025,0
10079,147.794978,213.1658025,0
10080,147.794978,213.1658025,0
10081,147.794978,213.1658025,0
10082,147.794978,213.1658025,0
10083,147.794978,213.1658025,0
10084,147.794978,213.1658025,0
10085,147.794978,213.1658025,0
10086,147.794978,213.1658025,0
10087,147.794978,213.1658025,0
10088,147.794978,213.1658025,0
10089,147.794978,213.1658025,0
10090,147.794978,213.1658025,0
10091,147.794978,213.1658025,0
10092,147.794978,213.1658025,0
10093,147.794978,213.1658025,0
10094,147.794978,213.1658025,0
10095,147.794978,213.1658025,0
10096,147.794978,213.1658025,0
10097,147.794978,213.1658025,0
10098,147.794978,213.1658025,0
10099,147.794978,213.1658025,0
10100,144.9527671,213.1658025,0
10101,144.9527671,213.1658025,0
10102,144.9527671,213.1658025,0
10103,144.9527671,213.1658025,0
10104,144.9527671,213.1658025,0
10105,144.9527671,213.1658025,0
10106,144.9527671,213.1658025,0
10107,144.9527671,213.1658025,0
10108,144.9527671,213.1658025,0
10109,144.9527671,213.1658025,0
10110,144.9527671,213.1658025,0
10111,144.9527671,213.1658025,0
10112,144.9527671,213.1658025,0
10113,144.9527671,213.1658025,0
10114,144.9527671,213.1658025,0
10115,144.9527671,213.1658025,0
10116,144.9527671,213.1658025,0
10117,144.9527671,213.1658025,0
10118,144.9527671,213.1658025,0
10119,144.9527671,213.1658025,0
10120,144.9527671,213.1658025,0
10121,144.9527671,213.1658025,0
10122,144.9527671,213.1658025,0
10123,144.9527671,213.1658025,0
10124,144.9527671,213.1658025,0
10125,144.9527671,213.1658025,0
10126,147.794978,213.1658025,0
10127,147.794978,210.3235918,0
10128,147.794978,210.3235918,0
10129,147.794978,210.3235918,0
10130,147.794978,210.3235918,0
10131,147.794978,210.3235918,0
10132,147.794978,210.3235918,0
10133,147.794978,210.3235918,0
10134,147.794978,210.3235918,0
10135,147.794978,210.3235918,0
10136,147.794978,210.3235918,0
10137,147.794978,210.3235918,0
10138,147.794978,210.3235918,0
10139,147.794978,210.3235918,0
10140,147.794978,210.3235918,0
10141,147.794978,210.3235918,0
10142,147.794978,210.3235918,0
10143,147.794978,210.3235918,0
10144,147.794978,210.3235918,0
10145,147.794978,210.3235918,0
10146,147.794978,210.3235918,0
10147,147.794978,210.3235918,0
10148,147.794978,210.3235918,0
10149,147.794978,210.3235918,0
10150,147.794978,207.4813811,0
10151,147.794978,207.4813811,0
10152,147.794978,207.4813811,0
10153,147.794978,207.4813811,0
10154,147.794978,204.6391704,0
10155,147.794978,204.6391704,0
10156,147.794978,204.6391704,0
10157,147.794978,204.6391704,0
10158,147.794978,204.6391704,0
10159,147.794978,204.6391704,0
10160,147.794978,207.4813811,0
10161,147.794978,207.4813811,0
10162,147.794978,207.4813811,0
10163,147.794978,210.3235918,0
10164,147.794978,210.3235918,0
10165,147.794978,210.3235918,0
10166,147.794978,210.3235918,0
10167,147.794978,210.3235918,0
10168,147.794978,210.3235918,0
10169,147.794978,210.3235918,0
10170,147.794978,210.3235918,0
10171,147.794978,210.3235918,0
10172,147.794978,210.3235918,0
10173,147.794978,210.3235918,0
10174,147.794978,210.3235918,0
10175,147.794978,210.3235918,0
10176,144.952767,210.3235918,0
10177,144.952767,210.3235918,0
10178,144.952767,210.3235918,0
10179,144.952767,210.3235918,0
10180,144.952767,210.3235918,0
10181,144.952767,210.3235918,0
10182,144.952767,210.3235918,0
10183,144.952767,210.3235918,0
10184,144.952767,210.3235918,0
10185,144.952767,210.3235918,0
10186,144.952767,210.3235918,0
10187,144.9527671,210.3235918,0
10188,144.9527671,210.3235918,0
10189,144.9527671,210.3235918,0
10190,144.9527671,210.3235918,0
10191,144.9527671,210.3235918,0
10192,144.9527671,210.3235918,0
10193,144.9527671,210.3235918,0
10194,144.9527671,210.3235918,0
10195,144.9527671,210.3235918,0
10196,144.9527671,210.3235918,0
10197,144.9527671,210.3235918,0
10198,144.9527671,210.3235918,0
10199,144.9527671,210.3235918,0
10200,144.9527671,210.3235918,0
10201,144.9527671,210.3235918,0
10202,144.9527671,210.3235918,0
10203,144.9527671,210.3235918,0
10204,144.9527671,210.3235918,0
10205,144.9527671,210.3235918,0
10206,144.9527671,210.3235918,0
10207,144.9527671,210.3235918,0
10208,147.7949782,210.3235918,0
10209,147.7949782,213.1658025,0
10210,147.7949782,213.1658025,0
10211,147.7949782,213.1658025,0
10212,147.7949782,213.1658025,0
10213,147.7949782,213.1658025,0
10214,147.7949782,213.1658025,0
10215,147.7949782,213.1658025,0
10216,147.7949782,213.1658025,0
10217,147.7949782,213.1658025,0
10218,147.7949782,213.1658025,0
10219,147.7949782,213.1658025,0
10220,147.7949782,213.1658025,0
10221,147.7949782,213.1658025,0
10222,147.7949782,213.1658025,0
10223,147.7949782,213.1658025,0
10224,147.7949782,213.1658025,0
10225,147.7949782,213.1658025,0
10226,147.7949782,213.1658025,0
10227,147.7949782,213.1658025,0
10228,147.7949782,213.1658025,0
10229,147.7949782,213.1658025,0
10230,147.7949782,213.1658025,0
10231,147.7949782,213.1658025,0
10232,147.7949782,213.1658025,0
10233,147.7949782,213.1658025,0
10234,147.7949782,213.1658025,0
10235,147.7949782,213.1658025,0
10236,147.7949782,213.1658025,0
10237,147.7949782,213.1658025,0
10238,147.7949782,213.1658025,0
10239,147.7949782,213.1658025,0
10240,147.7949782,213.1658025,0
10241,147.7949782,213.1658025,0
10242,147.7949782,213.1658025,0
10243,147.7949782,213.1658025,0
10244,147.7949782,213.1658025,0
10245,147.7949782,213.1658025,0
10246,147.7949782,213.1658025,0
10247,147.7949782,213.1658025,0
10248,147.7949782,213.1658025,0
10249,147.7949782,213.1658025,0
10250,147.7949782,213.1658025,0
10251,147.7949782,213.1658025,0
10252,147.7949782,213.1658025,0
10253,147.7949782,213.1658025,0
10254,147.7949782,213.1658025,0
10255,147.7949782,213.1658025,0
10256,147.7949782,213.1658025,0
10257,147.7949782,213.1658025,0
10258,144.9527668,213.1658025,0
10259,144.9527668,213.1658025,0
10260,144.9527668,213.1658025,0
10261,144.9527668,213.1658025,0
10262,142.110556,213.1658025,0
10263,142.110556,213.1658025,0
10264,142.110556,213.1658025,0
10265,142.110556,213.1658025,0
10266,142.110556,213.1658025,0
10267,142.110556,213.1658025,0
10268,142.110556,213.1658025,0
10269,142.110556,213.1658025,0
10270,142.110556,213.1658025,0
10271,142.110556,213.1658025,0
10272,144.9527668,213.1658025,0
10273,144.9527668,213.1658025,0
10274,144.9527668,213.1658025,0
10275,144.9527668,213.1658025,0
10276,144.9527668,213.1658025,0
10277,144.9527668,213.1658025,0
10278,144.9527671,213.1658025,0
10279,144.9527671,213.1658025,0
10280,144.9527671,213.1658025,0
10281,144.9527671,213.1658025,0
10282,144.9527671,213.1658025,0
10283,144.9527671,213.1658025,0
10284,144.9527671,213.1658025,0
10285,144.9527671,213.1658025,0
10286,144.9527671,213.1658025,0
10287,144.9527671,213.1658025,0
10288,144.9527671,213.1658025,0
10289,144.9527671,213.1658025,0
10290,144.9527671,213.1658025,0
10291,144.9527671,213.1658025,0
10292,144.9527671,213.1658025,0
10293,144.9527671,213.1658025,0
10294,144.9527671,213.1658025,0
10295,144.9527671,213.1658025,0
10296,144.9527671,213.1658025,0
10297,144.9527671,213.1658025,0
10298,144.9527671,213.1658025,0
10299,144.9527671,213.1658025,0
10300,144.9527671,213.1658025,0
10301,144.9527671,213.1658025,0
10302,144.9527671,213.1658025,0
10303,144.9527671,213.1658025,0
10304,144.9527671,213.1658025,0
10305,144.9527671,213.1658025,0
10306,144.9527671,213.1658025,0
10307,144.9527671,210.3235918,0
10308,144.9527671,210.3235918,0
10309,144.9527671,210.3235918,0
10310,144.9527671,210.3235918,0
10311,144.9527671,210.3235918,0
10312,144.9527671,210.3235918,0
10313,144.9527671,210.3235918,0
10314,144.9527671,210.3235918,0
10315,144.9527671,210.3235918,0
10316,144.9527671,210.3235918,0
10317,144.9527671,210.3235918,0
10318,144.9527671,210.3235918,0
10319,144.9527671,210.3235918,0
10320,144.9527671,210.3235918,0
10321,144.9527671,210.3235918,0
10322,144.9527671,210.3235918,0
10323,144.9527671,210.3235918,0
10324,144.9527671,210.3235918,0
10325,144.9527671,210.3235918,0
10326,144.9527671,210.3235918,0
10327,144.9527671,210.3235918,0
10328,144.9527671,210.3235918,0
10329,144.9527669,210.3235918,0
10330,144.9527669,210.3235918,0
10331,144.9527669,210.3235918,0
10332,144.9527669,210.3235918,0
10333,144.9527669,210.3235918,0
10334,144.9527669,210.3235918,0
10335,144.9527669,210.3235918,0
10336,144.9527669,213.1658025,0
10337,144.9527669,213.1658025,0
10338,144.9527669,213.1658025,0
10339,144.9527669,213.1658025,0
10340,144.9527669,213.1658025,0
10341,144.9527669,213.1658025,0
10342,144.9527669,213.1658025,0
10343,144.9527669,213.1658025,0
10344,144.9527669,213.1658025,0
10345,144.9527669,213.1658025,0
10346,144.9527669,213.1658025,0
10347,144.9527669,213.1658025,0
10348,144.9527669,213.1658025,0
10349,144.9527669,213.1658025,0
10350,144.9527669,213.1658025,0
10351,144.9527669,213.1658025,0
10352,144.9527669,213.1658025,0
10353,144.9527668,213.1658025,0
10354,144.9527668,213.1658025,0
10355,144.9527668,213.1658025,0
10356,144.9527668,213.1658025,0
10357,144.9527668,213.1658025,0
10358,144.9527671,213.1658025,0
10359,144.9527671,213.1658025,0
10360,144.9527671,213.1658025,0
10361,144.9527671,213.1658025,0
10362,144.9527671,213.1658025,0
10363,144.9527671,213.1658025,0
10364,144.9527671,213.1658025,0
10365,144.9527671,213.1658025,0
10366,144.9527671,213.1658025,0
10367,144.9527671,213.1658025,0
10368,144.9527671,213.1658025,0
10369,144.9527671,213.1658025,0
10370,144.9527671,213.1658025,0
10371,144.9527671,213.1658025,0
10372,144.9527671,213.1658025,0
10373,144.9527671,213.1658025,0
10374,144.9527671,213.1658025,0
10375,144.9527671,213.1658025,0
10376,144.9527671,213.1658025,0
10377,144.9527671,213.1658025,0
10378,144.9527671,213.1658025,0
10379,144.9527671,213.1658025,0
10380,144.9527671,213.1658025,0
10381,144.9527671,213.1658025,0
10382,144.9527671,213.1658025,0
10383,144.9527671,213.1658025,0
10384,144.9527671,213.1658025,0
10385,144.9527671,213.1658025,0
10386,144.9527671,210.3235918,0
10387,144.9527671,210.3235918,0
10388,144.9527671,210.3235918,0
10389,144.9527671,210.3235918,0
10390,144.9527671,210.3235918,0
10391,144.9527671,210.3235918,0
10392,144.9527671,210.3235918,0
10393,144.9527671,210.3235918,0
10394,144.9527671,210.3235918,0
10395,144.9527671,210.3235918,0
10396,144.9527671,210.3235918,0
10397,144.9527671,210.3235918,0
10398,144.9527671,210.3235918,0
10399,144.9527671,210.3235918,0
10400,144.9527671,210.3235918,0
10401,144.9527671,210.3235918,0
10402,144.9527671,210.3235918,0
10403,144.9527671,210.3235918,0
10404,144.9527671,210.3235918,0
10405,144.9527671,210.3235918,0
10406,144.9527671,210.3235918,0
10407,144.9527671,210.3235918,0
10408,144.9527671,210.3235918,0
10409,144.9527671,210.3235918,0
10410,144.9527671,210.3235918,0
10411,144.9527671,210.3235918,0
10412,144.9527671,210.3235918,0
10413,144.9527669,210.3235918,0
10414,144.9527669,213.1658025,0
10415,144.9527669,213.1658025,0
10416,144.9527669,213.1658025,0
10417,144.9527669,213.1658025,0
10418,144.9527669,213.1658025,0
10419,144.9527669,213.1658025,0
10420,144.9527669,213.1658025,0
10421,144.9527669,213.1658025,0
10422,144.9527669,213.1658025,0
10423,144.9527669,213.1658025,0
10424,144.9527669,213.1658025,0
10425,144.9527669,213.1658025,0
10426,144.9527669,213.1658025,0
10427,144.9527669,213.1658025,0
10428,144.9527669,213.1658025,0
10429,144.9527669,213.1658025,0
10430,144.9527669,213.1658025,0
10431,144.9527669,213.1658025,0
10432,144.9527669,213.1658025,0
10433,144.9527669,213.1658025,0
10434,144.9527669,213.1658025,0
10435,144.9527669,213.1658025,0
10436,144.9527669,213.1658025,0
10437,144.9527669,213.1658025,0
10438,144.9527669,213.1658025,0
10439,144.9527668,213.1658025,0
10440,144.9527668,213.1658025,0
10441,144.9527668,213.1658025,0
10442,144.9527668,213.1658025,0
10443,144.9527668,213.1658025,0
10444,144.9527668,213.1658025,0
10445,144.9527668,213.1658025,0
10446,144.9527668,213.1658025,0
10447,144.9527668,213.1658025,0
10448,142.1105559,213.1658025,0
10449,142.1105559,213.1658025,0
10450,142.1105559,213.1658025,0
10451,142.1105559,213.1658025,0
10452,142.1105559,213.1658025,0
10453,142.1105559,213.1658025,0
10454,142.1105559,213.1658025,0
10455,142.1105559,213.1658025,0
10456,142.1105559,213.1658025,0
10457,142.1105559,213.1658025,0
10458,142.1105559,213.1658025,0
10459,142.1105559,213.1658025,0
10460,142.1105559,213.1658025,0
10461,142.1105559,213.1658025,0
10462,144.9527668,213.1658025,0
10463,144.9527668,213.1658025,0
10464,144.9527668,213.1658025,0
10465,144.9527668,213.1658025,0
10466,144.9527668,213.1658025,0
10467,144.9527668,213.1658025,0
10468,144.9527668,213.1658025,0
10469,144.9527668,213.1658025,0
10470,144.9527668,213.1658025,0
10471,144.9527668,213.1658025,0
10472,144.9527668,213.1658025,0
10473,144.9527668,213.1658025,0
10474,144.9527668,213.1658025,0
10475,144.9527668,213.1658025,0
10476,144.9527668,213.1658025,0
10477,144.9527668,213.1658025,0
10478,144.9527668,213.1658025,0
10479,144.9527668,213.1658025,0
10480,144.9527668,213.1658025,0
10481,144.9527668,213.1658025,0
10482,144.9527668,213.1658025,0
10483,144.9527668,213.1658025,0
10484,144.9527668,213.1658025,0
10485,144.9527668,213.1658025,0
10486,144.9527668,213.1658025,0
10487,144.9527668,213.1658025,0
10488,144.9527668,213.1658025,0
10489,144.9527668,213.1658025,0
10490,144.9527668,213.1658025,0
10491,144.9527668,213.1658025,0
10492,144.9527668,213.1658025,0
10493,144.9527668,213.1658025,0
10494,144.9527668,213.1658025,0
10495,144.9527668,213.1658025,0
10496,144.9527668,213.1658025,0
10497,144.9527668,213.1658025,0
10498,144.9527668,213.1658025,0
10499,144.9527668,213.1658025,0
10500,144.9527668,213.1658025,0
10501,144.9527668,213.1658025,0
10502,144.9527668,213.1658025,0
10503,144.9527668,213.1658025,0
10504,144.9527668,213.1658025,0
10505,144.9527668,213.1658025,0
10506,144.9527668,213.1658025,0
10507,144.9527668,213.1658025,0
10508,144.9527668,213.1658025,0
10509,144.9527668,213.1658025,0
10510,144.9527668,213.1658025,0
10511,144.9527668,213.1658025,0
10512,144.9527668,213.1658025,0
10513,144.9527668,213.1658025,0
10514,142.1105557,213.1658025,0
10515,142.1105557,213.1658025,0
10516,142.1105557,213.1658025,0
10517,142.1105557,213.1658025,0
10518,142.1105557,213.1658025,0
10519,142.1105557,213.1658025,0
10520,142.1105557,213.1658025,0
10521,142.1105557,213.1658025,0
10522,142.1105557,213.1658025,0
10523,142.1105557,213.1658025,0
10524,142.1105557,213.1658025,0
10525,142.1105557,213.1658025,0
10526,142.1105557,213.1658025,0
10527,144.9527669,213.1658025,0
10528,144.9527669,213.1658025,0
10529,144.9527669,213.1658025,0
10530,144.9527669,213.1658025,0
10531,144.9527669,213.1658025,0
10532,144.9527669,213.1658025,0
10533,144.9527669,213.1658025,0
10534,144.9527669,213.1658025,0
10535,144.9527669,213.1658025,0
10536,144.9527669,213.1658025,0
10537,144.9527669,213.1658025,0
10538,144.9527669,213.1658025,0
10539,144.9527669,213.1658025,0
10540,144.9527669,213.1658025,0
10541,144.9527669,213.1658025,0
10542,144.9527669,213.1658025,0
10543,144.9527669,213.1658025,0
10544,144.9527669,213.1658025,0
10545,144.9527669,213.1658025,0
10546,144.9527669,213.1658025,0
10547,144.9527669,213.1658025,0
10548,144.9527669,213.1658025,0
10549,144.9527669,213.1658025,0
10550,144.9527669,213.1658025,0
10551,144.9527669,213.1658025,0
10552,144.9527669,213.1658025,0
10553,144.9527669,213.1658025,0
10554,144.9527669,213.1658025,0
10555,144.9527669,213.1658025,0
10556,144.9527669,213.1658025,0
10557,144.9527669,213.1658025,0
10558,144.9527669,213.1658025,0
10559,144.9527669,213.1658025,0
10560,144.9527669,213.1658025,0
10561,144.9527669,213.1658025,0
10562,144.9527669,213.1658025,0
10563,144.9527669,213.1658025,0
10564,144.9527669,213.1658025,0
10565,144.9527669,213.1658025,0
10566,144.9527669,213.1658025,0
10567,144.9527669,213.1658025,0
10568,144.9527669,213.1658025,0
10569,144.9527669,213.1658025,0
10570,144.9527669,213.1658025,0
10571,144.9527669,213.1658025,0
10572,144.9527669,213.1658025,0
10573,144.9527669,213.1658025,0
10574,144.9527669,213.1658025,0
10575,144.9527669,213.1658025,0
10576,144.9527669,213.1658025,0
10577,139.2683447,213.1658025,0
10578,139.2683447,213.1658025,0
10579,139.2683447,213.1658025,0
10580,139.2683447,213.1658025,0
10581,139.2683447,213.1658025,0
10582,139.2683447,213.1658025,0
10583,139.2683447,213.1658025,0
10584,144.9527668,213.1658025,0
10585,144.9527668,213.1658025,0
10586,144.9527668,213.1658025,0
10587,144.9527668,213.1658025,0
10588,144.9527668,213.1658025,0
10589,144.9527668,213.1658025,0
10590,144.9527668,213.1658025,0
10591,144.9527668,213.1658025,0
10592,144.9527668,213.1658025,0
10593,144.9527668,213.1658025,0
10594,144.9527668,213.1658025,0
10595,144.9527668,213.1658025,0
10596,144.9527668,213.1658025,0
10597,144.9527668,213.1658025,0
10598,144.9527668,213.1658025,0
10599,144.9527668,213.1658025,0
10600,144.9527668,213.1658025,0
10601,144.9527668,213.1658025,0
10602,144.9527668,213.1658025,0
10603,144.9527668,213.1658025,0
10604,144.9527668,213.1658025,0
10605,144.9527668,213.1658025,0
10606,144.9527668,213.1658025,0
10607,144.9527668,213.1658025,0
10608,144.9527668,213.1658025,0
10609,144.9527668,213.1658025,0
10610,144.9527668,213.1658025,0
10611,144.9527668,213.1658025,0
10612,144.9527668,213.1658025,0
10613,144.9527668,213.1658025,0
10614,144.9527668,213.1658025,0
10615,144.9527668,213.1658025,0
10616,144.9527668,213.1658025,0
10617,144.9527668,213.1658025,0
10618,144.9527668,213.1658025,0
10619,144.9527668,213.1658025,0
10620,144.9527668,213.1658025,0
10621,144.9527668,213.1658025,0
10622,144.9527668,213.1658025,0
10623,144.9527668,213.1658025,0
10624,144.9527668,213.1658025,0
10625,144.9527668,213.1658025,0
10626,144.9527668,213.1658025,0
10627,144.9527668,213.1658025,0
10628,144.9527668,213.1658025,0
10629,144.9527668,213.1658025,0
10630,144.9527668,213.1658025,0
10631,144.9527668,213.1658025,0
10632,144.9527668,213.1658025,0
10633,144.9527668,213.1658025,0
10634,142.1105559,213.1658025,0
10635,142.1105559,213.1658025,0
10636,142.1105559,213.1658025,0
10637,142.1105559,213.1658025,0
10638,142.1105559,213.1658025,0
10639,142.1105559,213.1658025,0
10640,142.1105559,213.1658025,0
10641,142.1105559,213.1658025,0
10642,142.1105559,210.3235918,0
10643,142.1105559,210.3235918,0
10644,142.1105559,210.3235918,0
10645,142.1105559,210.3235918,0
10646,142.1105559,210.3235918,0
10647,142.1105559,210.3235918,0
10648,142.1105559,210.3235918,0
10649,142.1105559,210.3235918,0
10650,142.1105559,210.3235918,0
10651,142.1105559,210.3235918,0
10652,142.1105559,210.3235918,0
10653,142.1105559,210.3235918,0
10654,142.1105559,210.3235918,0
10655,142.1105559,210.3235918,0
10656,144.9527671,210.3235918,0
10657,144.9527671,210.3235918,0
10658,144.9527671,210.3235918,0
10659,144.9527671,210.3235918,0
10660,144.9527671,210.3235918,0
10661,144.9527671,210.3235918,0
10662,144.9527671,210.3235918,0
10663,144.9527671,210.3235918,0
10664,144.9527671,210.3235918,0
10665,144.9527671,210.3235918,0
10666,144.9527671,210.3235918,0
10667,144.9527671,210.3235918,0
10668,144.9527671,210.3235918,0
10669,144.9527671,210.3235918,0
10670,144.9527671,210.3235918,0
10671,144.9527671,210.3235918,0
10672,144.9527671,210.3235918,0
10673,144.9527671,210.3235918,0
10674,144.9527671,210.3235918,0
10675,144.9527671,210.3235918,0
10676,144.9527671,210.3235918,0
10677,144.9527671,210.3235918,0
10678,144.9527671,210.3235918,0
10679,144.9527671,210.3235918,0
10680,144.9527671,210.3235918,0
10681,144.9527671,210.3235918,0
10682,144.9527671,210.3235918,0
10683,144.9527671,210.3235918,0
10684,144.9527671,210.3235918,0
10685,144.9527671,210.3235918,0
10686,144.9527671,210.3235918,0
10687,144.9527671,210.3235918,0
10688,144.9527671,210.3235918,0
10689,144.9527671,210.3235918,0
10690,144.9527671,210.3235918,0
10691,144.9527671,210.3235918,0
10692,144.9527671,210.3235918,0
10693,144.9527671,210.3235918,0
10694,144.9527671,210.3235918,0
10695,144.9527671,210.3235918,0
10696,144.9527671,210.3235918,0
10697,144.9527671,210.3235918,0
10698,144.9527671,210.3235918,0
10699,144.9527671,210.3235918,0
10700,144.9527671,210.3235918,0
10701,144.9527671,210.3235918,0
10702,144.9527671,210.3235918,0
10703,144.9527671,210.3235918,0
10704,144.9527671,210.3235918,0
10705,144.9527671,210.3235918,0
10706,144.9527668,210.3235918,0
10707,144.9527668,210.3235918,0
10708,144.9527668,210.3235918,0
10709,144.9527668,210.3235918,0
10710,144.9527668,210.3235918,0
10711,144.9527668,210.3235918,0
10712,144.9527668,210.3235918,0
10713,144.9527668,210.3235918,0
10714,144.9527668,210.3235918,0
10715,144.9527668,210.3235918,0
10716,144.9527668,210.3235918,0
10717,144.9527668,210.3235918,0
10718,144.9527668,210.3235918,0
10719,144.9527668,210.3235918,0
10720,144.9527668,210.3235918,0
10721,144.9527668,210.3235918,0
10722,144.9527668,210.3235918,0
10723,144.9527668,210.3235918,0
10724,144.9527668,210.3235918,0
10725,144.9527668,210.3235918,0
10726,144.9527668,210.3235918,0
10727,144.9527668,210.3235918,0
10728,144.9527668,210.3235918,0
10729,142.110556,210.3235918,0
10730,142.110556,210.3235918,0
10731,142.110556,210.3235918,0
10732,142.110556,210.3235918,0
10733,142.110556,210.3235918,0
10734,142.110556,210.3235918,0
10735,142.110556,213.1658025,0
10736,142.110556,213.1658025,0
10737,142.110556,213.1658025,0
10738,142.110556,213.1658025,0
10739,142.110556,213.1658025,0
10740,142.110556,213.1658025,0
10741,142.110556,213.1658025,0
10742,142.110556,213.1658025,0
10743,142.110556,213.1658025,0
10744,144.9527669,213.1658025,0
10745,144.9527669,213.1658025,0
10746,144.9527669,213.1658025,0
10747,144.9527669,213.1658025,0
10748,144.9527669,213.1658025,0
10749,144.9527669,213.1658025,0
10750,144.9527669,213.1658025,0
10751,144.9527669,213.1658025,0
10752,144.9527669,213.1658025,0
10753,144.9527669,213.1658025,0
10754,144.9527669,213.1658025,0
10755,144.9527669,213.1658025,0
10756,144.9527669,213.1658025,0
10757,144.9527669,213.1658025,0
10758,144.9527669,213.1658025,0
10759,144.9527669,213.1658025,0
10760,144.9527669,213.1658025,0
10761,144.9527669,213.1658025,0
10762,144.9527669,213.1658025,0
10763,144.9527669,213.1658025,0
10764,144.9527669,213.1658025,0
10765,144.9527669,213.1658025,0
10766,144.9527669,213.1658025,0
10767,144.9527669,213.1658025,0
10768,144.9527669,213.1658025,0
10769,144.9527669,213.1658025,0
10770,144.9527669,213.1658025,0
10771,144.9527669,213.1658025,0
10772,144.9527669,213.1658025,0
10773,144.9527669,213.1658025,0
10774,144.9527669,213.1658025,0
10775,144.9527669,213.1658025,0
10776,144.9527669,213.1658025,0
10777,144.9527669,213.1658025,0
10778,144.9527669,213.1658025,0
10779,144.9527669,213.1658025,0
10780,144.9527669,213.1658025,0
10781,144.9527669,213.1658025,0
10782,144.9527669,213.1658025,0
10783,144.9527669,213.1658025,0
10784,144.9527669,213.1658025,0
10785,144.9527669,210.3235918,0
10786,144.9527669,210.3235918,0
10787,144.9527669,210.3235918,0
10788,144.9527669,210.3235918,0
10789,144.9527669,210.3235918,0
10790,144.9527669,210.3235918,0
10791,144.9527669,210.3235918,0
10792,144.9527669,210.3235918,0
10793,144.9527669,210.3235918,0
10794,139.2683448,210.3235918,0
10795,139.2683448,210.3235918,0
10796,139.2683448,210.3235918,0
10797,139.2683448,210.3235918,0
10798,139.2683448,210.3235918,0
10799,139.2683448,210.3235918,0
10800,139.2683448,210.3235918,0
10801,139.2683448,210.3235918,0
10802,139.2683448,210.3235918,0
10803,139.2683448,210.3235918,0
10804,139.2683448,210.3235918,0
10805,139.2683448,210.3235918,0
10806,139.2683448,210.3235918,0
10807,139.2683448,210.3235918,0
10808,139.2683448,210.3235918,0
10809,139.2683448,210.3235918,0
10810,139.2683448,210.3235918,0
10811,139.2683448,210.3235918,0
10812,139.2683448,210.3235918,0
10813,139.2683448,210.3235918,0
10814,139.2683448,210.3235918,0
10815,139.2683448,210.3235918,0
10816,139.2683448,210.3235918,0
10817,139.2683448,210.3235918,0
10818,139.2683448,210.3235918,0
10819,139.2683448,210.3235918,0
10820,139.2683448,210.3235918,0
10821,139.2683448,210.3235918,0
10822,139.2683448,210.3235918,0
10823,139.2683448,210.3235918,0
10824,139.2683448,210.3235918,0
10825,139.2683448,210.3235918,0
10826,139.2683448,210.3235918,0
10827,139.2683448,210.3235918,0
10828,139.2683448,210.3235918,0
10829,139.2683448,210.3235918,0
10830,139.2683448,210.3235918,0
10831,139.2683448,210.3235918,0
10832,139.2683448,210.3235918,0
10833,139.2683448,210.3235918,0
10834,139.2683448,210.3235918,0
10835,139.2683448,210.3235918,0
10836,139.2683448,210.3235918,0
10837,139.2683448,210.3235918,0
10838,139.2683448,210.3235918,0
10839,139.2683448,213.1658025,0
10840,139.2683448,213.1658025,0
10841,139.2683448,213.1658025,0
10842,139.2683448,213.1658025,0
10843,139.2683448,213.1658025,0
10844,139.2683448,213.1658025,0
10845,139.2683448,213.1658025,0
10846,139.2683448,213.1658025,0
10847,139.2683448,213.1658025,0
10848,139.2683448,213.1658025,0
10849,139.2683447,213.1658025,0
10850,139.2683447,213.1658025,0
10851,139.2683447,213.1658025,0
10852,139.2683447,213.1658025,0
10853,139.2683447,213.1658025,0
10854,139.2683447,213.1658025,0
10855,139.2683447,213.1658025,0
10856,139.2683447,213.1658025,0
10857,139.2683447,213.1658025,0
10858,139.2683447,213.1658025,0
10859,139.2683447,213.1658025,0
10860,139.2683447,213.1658025,0
10861,139.2683447,213.1658025,0
10862,139.2683447,213.1658025,0
10863,139.2683447,213.1658025,0
10864,139.2683447,213.1658025,0
10865,139.2683447,213.1658025,0
10866,139.2683447,213.1658025,0
10867,139.2683447,213.1658025,0
10868,139.2683447,213.1658025,0
10869,139.2683447,213.1658025,0
10870,139.2683447,213.1658025,0
10871,139.2683447,213.1658025,0
10872,139.2683447,213.1658025,0
10873,139.2683447,213.1658025,0
10874,139.2683447,213.1658025,0
10875,139.2683447,213.1658025,0
10876,139.2683447,213.1658025,0
10877,139.2683447,213.1658025,0
10878,139.2683447,213.1658025,0
10879,139.2683447,213.1658025,0
10880,139.2683447,213.1658025,0
10881,139.2683447,213.1658025,0
10882,139.2683447,213.1658025,0
10883,139.2683447,213.1658025,0
10884,139.2683447,213.1658025,0
10885,139.2683447,213.1658025,0
10886,139.2683447,213.1658025,0
10887,139.2683447,213.1658025,0
10888,139.2683447,213.1658025,0
10889,139.2683447,210.3235918,0
10890,139.2683447,213.1658025,0
10891,139.2683447,213.1658025,0
10892,139.2683448,213.1658025,0
10893,139.2683448,213.1658025,0
10894,139.2683448,213.1658025,0
10895,139.2683448,213.1658025,0
10896,139.2683448,213.1658025,0
10897,139.2683448,213.1658025,0
10898,139.2683448,213.1658025,0
10899,139.2683448,213.1658025,0
10900,139.2683448,213.1658025,0
10901,139.2683448,213.1658025,0
10902,139.2683448,213.1658025,0
10903,139.2683448,213.1658025,0
10904,139.2683448,213.1658025,0
10905,139.2683448,213.1658025,0
10906,139.2683448,213.1658025,0
10907,139.2683448,213.1658025,0
10908,139.2683448,213.1658025,0
10909,139.2683448,213.1658025,0
10910,139.2683448,213.1658025,0
10911,139.2683448,213.1658025,0
10912,139.2683448,213.1658025,0
10913,139.2683448,213.1658025,0
10914,139.2683448,213.1658025,0
10915,139.2683448,213.1658025,0
10916,139.2683448,213.1658025,0
10917,139.2683448,213.1658025,0
10918,139.2683448,213.1658025,0
10919,139.2683448,213.1658025,0
10920,139.2683448,213.1658025,0
10921,139.2683448,213.1658025,0
10922,139.2683448,213.1658025,0
10923,139.2683448,213.1658025,0
10924,139.2683448,213.1658025,0
10925,139.2683448,213.1658025,0
10926,139.2683448,213.1658025,0
10927,139.2683448,213.1658025,0
10928,139.2683448,213.1658025,0
10929,139.2683448,213.1658025,0
10930,139.2683448,213.1658025,0
10931,139.2683448,213.1658025,0
10932,139.2683448,213.1658025,0
10933,139.2683448,213.1658025,0
10934,139.2683448,213.1658025,0
10935,139.2683448,213.1658025,0
10936,139.2683448,213.1658025,0
10937,139.2683448,213.1658025,0
10938,139.2683448,213.1658025,0
10939,139.2683448,213.1658025,0
10940,139.2683448,207.4813811,0
10941,139.2683448,210.3235918,0
10942,139.2683446,210.3235918,0
10943,139.2683446,210.3235918,0
10944,139.2683446,210.3235918,0
10945,139.2683446,210.3235918,0
10946,139.2683446,210.3235918,0
10947,139.2683446,210.3235918,0
10948,139.2683446,210.3235918,0
10949,139.2683446,210.3235918,0
10950,139.2683446,210.3235918,0
10951,139.2683446,210.3235918,0
10952,139.2683446,210.3235918,0
10953,139.2683446,210.3235918,0
10954,139.2683446,210.3235918,0
10955,139.2683446,210.3235918,0
10956,139.2683446,210.3235918,0
10957,139.2683446,210.3235918,0
10958,139.2683446,210.3235918,0
10959,139.2683446,210.3235918,0
10960,139.2683446,210.3235918,0
10961,139.2683446,210.3235918,0
10962,139.2683446,210.3235918,0
10963,139.2683446,210.3235918,0
10964,139.2683446,210.3235918,0
10965,139.2683446,210.3235918,0
10966,139.2683446,210.3235918,0
10967,139.2683446,210.3235918,0
10968,139.2683446,210.3235918,0
10969,139.2683446,210.3235918,0
10970,139.2683446,210.3235918,0
10971,139.2683446,210.3235918,0
10972,139.2683446,210.3235918,0
10973,139.2683446,210.3235918,0
10974,139.2683446,210.3235918,0
10975,139.2683446,210.3235918,0
10976,139.2683446,213.1658025,0
10977,139.2683446,213.1658025,0
10978,139.2683446,213.1658025,0
10979,139.2683446,213.1658025,0
10980,139.2683446,213.1658025,0
10981,139.2683446,213.1658025,0
10982,139.2683446,213.1658025,0
10983,139.2683446,213.1658025,0
10984,139.2683446,213.1658025,0
10985,139.2683446,213.1658025,0
10986,139.2683446,213.1658025,0
10987,139.2683446,213.1658025,0
10988,139.2683446,213.1658025,0
10989,136.4261335,213.1658025,0
10990,136.4261335,213.1658025,0
10991,136.4261335,213.1658025,0
10992,136.4261335,213.1658025,0
10993,136.4261335,213.1658025,0
10994,136.4261335,213.1658025,0
10995,136.4261335,213.1658025,0
10996,136.4261335,213.1658025,0
10997,136.4261335,213.1658025,0
10998,136.4261335,213.1658025,0
10999,136.4261335,213.1658025,0
11000,136.4261335,213.1658025,0
11001,133.5839226,213.1658025,0
11002,133.5839226,213.1658025,0
11003,133.5839226,213.1658025,0
11004,133.5839223,213.1658025,0
11005,133.5839223,213.1658025,0
11006,133.5839223,213.1658025,0
11007,133.5839223,213.1658025,0
11008,133.5839223,213.1658025,0
11009,139.2683446,213.1658025,0
11010,139.2683446,213.1658025,0
11011,139.2683446,213.1658025,0
11012,139.2683446,213.1658025,0
11013,139.2683446,213.1658025,0
11014,139.2683446,213.1658025,0
11015,139.2683446,213.1658025,0
11016,139.2683448,213.1658025,0
11017,139.2683448,213.1658025,0
11018,139.2683448,213.1658025,0
11019,139.2683448,213.1658025,0
11020,139.2683448,213.1658025,0
11021,139.2683448,213.1658025,0
11022,139.2683448,213.1658025,0
11023,139.2683448,213.1658025,0
11024,139.2683448,213.1658025,0
11025,139.2683448,213.1658025,0
11026,139.2683448,210.3235918,0
11027,139.2683448,210.3235918,0
11028,139.2683448,210.3235918,0
11029,139.2683448,210.3235918,0
11030,139.2683448,210.3235918,0
11031,139.2683448,210.3235918,0
11032,139.2683448,210.3235918,0
11033,139.2683448,210.3235918,0
11034,139.2683448,210.3235918,0
11035,139.2683448,210.3235918,0
11036,139.2683448,210.3235918,0
11037,139.2683448,210.3235918,0
11038,139.2683448,210.3235918,0
11039,139.2683448,210.3235918,0
11040,139.2683448,210.3235918,0
11041,139.2683448,210.3235918,0
11042,139.2683448,210.3235918,0
11043,139.2683448,210.3235918,0
11044,139.2683448,210.3235918,0
11045,139.2683448,210.3235918,0
11046,139.2683448,210.3235918,0
11047,139.2683448,207.4813811,0
11048,139.2683448,207.4813811,0
11049,139.2683448,207.4813811,0
11050,139.2683448,207.4813811,0
11051,139.2683448,207.4813811,0
11052,139.2683448,207.4813811,0
11053,139.2683448,207.4813811,0
11054,139.2683448,207.4813811,0
11055,139.2683448,210.3235918,0
11056,139.2683448,210.3235918,0
11057,139.2683448,210.3235918,0
11058,139.2683448,210.3235918,0
11059,139.2683448,210.3235918,0
11060,139.2683448,210.3235918,0
11061,139.2683448,210.3235918,0
11062,139.2683448,210.3235918,0
11063,139.2683448,210.3235918,0
11064,139.2683448,210.3235918,0
11065,139.2683448,210.3235918,0
11066,139.2683446,210.3235918,0
11067,139.2683446,210.3235918,0
11068,139.2683446,210.3235918,0
11069,139.2683446,210.3235918,0
11070,139.2683446,210.3235918,0
11071,139.2683446,210.3235918,0
11072,136.4261337,210.3235918,0
11073,136.4261337,210.3235918,0
11074,136.4261337,210.3235918,0
11075,136.4261337,210.3235918,0
11076,136.4261337,210.3235918,0
11077,136.4261337,210.3235918,0
11078,136.4261337,210.3235918,0
11079,136.4261337,210.3235918,0
11080,136.4261337,213.1658025,0
11081,136.4261337,213.1658025,0
11082,136.4261337,213.1658025,0
11083,136.4261337,213.1658025,0
11084,136.4261337,213.1658025,0
11085,136.4261337,213.1658025,0
11086,136.4261337,213.1658025,0
11087,136.4261337,213.1658025,0
11088,136.4261337,213.1658025,0
11089,136.4261337,213.1658025,0
11090,136.4261337,213.1658025,0
11091,136.4261335,213.1658025,0
11092,136.4261335,213.1658025,0
11093,136.4261335,213.1658025,0
11094,136.4261335,213.1658025,0
11095,136.4261335,213.1658025,0
11096,136.4261335,213.1658025,0
11097,136.4261335,213.1658025,0
11098,136.4261335,213.1658025,0
11099,136.4261335,213.1658025,0
11100,136.4261335,213.1658025,0
11101,136.4261335,213.1658025,0
11102,136.4261335,213.1658025,0
11103,136.4261335,213.1658025,0
11104,136.4261335,213.1658025,0
11105,136.4261335,213.1658025,0
11106,136.4261335,213.1658025,0
11107,136.4261335,213.1658025,0
11108,136.4261335,213.1658025,0
11109,136.4261335,213.1658025,0
11110,136.4261335,213.1658025,0
11111,139.2683445,213.1658025,0
11112,139.2683445,213.1658025,0
11113,139.2683445,213.1658025,0
11114,139.2683445,213.1658025,0
11115,139.2683445,213.1658025,0
11116,139.2683445,213.1658025,0
11117,139.2683445,213.1658025,0
11118,139.2683445,213.1658025,0
11119,139.2683445,213.1658025,0
11120,139.2683445,213.1658025,0
11121,139.2683445,213.1658025,0
11122,139.2683448,213.1658025,0
11123,139.2683448,213.1658025,0
11124,139.2683448,213.1658025,0
11125,139.2683448,213.1658025,0
11126,139.2683448,213.1658025,0
11127,139.2683448,213.1658025,0
11128,139.2683448,213.1658025,0
11129,139.2683448,213.1658025,0
11130,139.2683448,213.1658025,0
11131,139.2683448,213.1658025,0
11132,139.2683448,213.1658025,0
11133,139.2683448,213.1658025,0
11134,139.2683448,213.1658025,0
11135,139.2683448,213.1658025,0
11136,139.2683448,213.1658025,0
11137,139.2683448,213.1658025,0
11138,139.2683448,213.1658025,0
11139,139.2683448,213.1658025,0
11140,139.2683448,213.1658025,0
11141,139.2683448,213.1658025,0
11142,139.2683448,213.1658025,0
11143,139.2683448,210.3235918,0
11144,139.2683448,210.3235918,0
11145,139.2683448,210.3235918,0
11146,139.2683448,210.3235918,0
11147,139.2683448,210.3235918,0
11148,139.2683448,210.3235918,0
11149,139.2683448,210.3235918,0
11150,139.2683448,210.3235918,0
11151,139.2683448,210.3235918,0
11152,139.2683448,210.3235918,0
11153,139.2683448,210.3235918,0
11154,139.2683448,210.3235918,0
11155,139.2683448,210.3235918,0
11156,139.2683448,210.3235918,0
11157,139.2683448,210.3235918,0
11158,139.2683448,210.3235918,0
11159,139.2683448,210.3235918,0
11160,139.2683448,210.3235918,0
11161,139.2683448,210.3235918,0
11162,139.2683448,210.3235918,0
11163,139.2683448,210.3235918,0
11164,139.2683448,210.3235918,0
11165,139.2683448,210.3235918,0
11166,139.2683448,210.3235918,0
11167,139.2683448,210.3235918,0
11168,139.2683448,210.3235918,0
11169,139.2683448,210.3235918,0
11170,139.2683448,210.3235918,0
11171,139.2683448,210.3235918,0
11172,139.2683448,210.3235918,0
11173,139.2683448,210.3235918,0
11174,139.2683448,210.3235918,0
11175,139.2683448,210.3235918,0
11176,139.2683448,210.3235918,0
11177,139.2683448,207.4813811,0
11178,139.2683448,207.4813811,0
11179,139.2683448,207.4813811,0
11180,139.2683448,207.4813811,0
11181,139.2683448,207.4813811,0
11182,139.2683448,207.4813811,0
11183,139.2683448,207.4813811,0
11184,139.2683448,207.4813811,0
11185,139.2683448,207.4813811,0
11186,139.2683448,207.4813811,0
11187,139.2683448,207.4813811,0
11188,139.2683448,207.4813811,0
11189,139.2683448,207.4813811,0
11190,139.2683448,207.4813811,0
11191,139.2683448,207.4813811,0
11192,139.2683448,207.4813811,0
11193,139.2683448,207.4813811,0
11194,139.2683448,207.4813811,0
11195,139.2683448,207.4813811,0
11196,139.2683448,207.4813811,0
11197,139.2683448,207.4813811,0
11198,139.2683448,207.4813811,0
11199,139.2683448,207.4813811,0
11200,139.2683448,207.4813811,0
11201,139.2683448,207.4813811,0
11202,139.2683448,207.4813811,0
11203,139.2683448,207.4813811,0
11204,139.2683448,207.4813811,0
11205,139.2683448,207.4813811,0
11206,139.2683448,207.4813811,0
11207,139.2683448,207.4813811,0
11208,139.2683448,207.4813811,0
11209,139.2683448,207.4813811,0
11210,139.2683448,207.4813811,0
11211,139.2683448,207.4813811,0
11212,139.2683448,207.4813811,0
11213,139.2683448,207.4813811,0
11214,139.2683448,207.4813811,0
11215,139.2683448,207.4813811,0
11216,139.2683448,207.4813811,0
11217,139.2683448,207.4813811,0
11218,139.2683448,207.4813811,0
11219,136.4261336,207.4813811,0
11220,136.4261336,207.4813811,0
11221,136.4261336,207.4813811,0
11222,136.4261336,207.4813811,0
11223,136.4261336,207.4813811,0
11224,136.4261336,207.4813811,0
11225,136.4261336,207.4813811,0
11226,136.4261336,207.4813811,0
11227,136.4261335,207.4813811,0
11228,136.4261335,207.4813811,0
11229,136.4261335,207.4813811,0
11230,136.4261335,207.4813811,0
11231,136.4261335,207.4813811,0
11232,136.4261335,207.4813811,0
11233,136.4261335,207.4813811,0
11234,136.4261335,207.4813811,0
11235,136.4261335,207.4813811,0
11236,136.4261335,207.4813811,0
11237,136.4261335,207.4813811,0
11238,136.4261335,207.4813811,0
11239,136.4261335,207.4813811,0
11240,136.4261335,207.4813811,0
11241,136.4261335,207.4813811,0
11242,136.4261335,207.4813811,0
11243,136.4261335,207.4813811,0
11244,136.4261335,207.4813811,0
11245,136.4261335,207.4813811,0
11246,136.4261335,207.4813811,0
11247,136.4261335,207.4813811,0
11248,136.4261335,207.4813811,0
11249,136.4261335,207.4813811,0
11250,136.4261335,207.4813811,0
11251,136.4261335,207.4813811,0
11252,136.4261335,207.4813811,0
11253,136.4261335,207.4813811,0
11254,136.4261335,207.4813811,0
11255,136.4261335,207.4813811,0
11256,136.4261335,207.4813811,0
11257,136.4261335,207.4813811,0
11258,136.4261335,207.4813811,0
11259,136.4261335,207.4813811,0
11260,136.4261335,207.4813811,0
11261,136.4261335,207.4813811,0
11262,136.4261335,207.4813811,0
11263,136.4261335,207.4813811,0
11264,136.4261335,207.4813811,0
11265,133.5839226,207.4813811,0
11266,133.5839226,207.4813811,0
11267,133.5839226,207.4813811,0
11268,136.4261337,207.4813811,0
11269,136.4261337,207.4813811,0
11270,136.4261337,207.4813811,0
11271,136.4261337,207.4813811,0
11272,136.4261337,207.4813811,0
11273,136.4261337,207.4813811,0
11274,136.4261337,207.4813811,0
11275,136.4261337,207.4813811,0
11276,136.4261337,207.4813811,0
11277,136.4261337,207.4813811,0
11278,136.4261337,207.4813811,0
11279,136.4261337,207.4813811,0
11280,136.4261337,207.4813811,0
11281,136.4261337,207.4813811,0
11282,136.4261337,207.4813811,0
11283,136.4261337,210.3235918,0
11284,136.4261337,210.3235918,0
11285,136.4261337,210.3235918,0
11286,136.4261337,210.3235918,0
11287,136.4261337,210.3235918,0
11288,136.4261337,210.3235918,0
11289,136.4261337,210.3235918,0
11290,136.4261337,210.3235918,0
11291,136.4261337,210.3235918,0
11292,136.4261337,210.3235918,0
11293,136.4261337,210.3235918,0
11294,136.4261337,210.3235918,0
11295,136.4261337,210.3235918,0
11296,136.4261337,210.3235918,0
11297,136.4261337,210.3235918,0
11298,136.4261337,210.3235918,0
11299,136.4261337,210.3235918,0
11300,136.4261337,210.3235918,0
11301,136.4261337,210.3235918,0
11302,136.4261337,210.3235918,0
11303,136.4261337,210.3235918,0
11304,136.4261337,210.3235918,0
11305,136.4261337,210.3235918,0
11306,136.4261337,210.3235918,0
11307,136.4261337,210.3235918,0
11308,136.4261337,210.3235918,0
11309,136.4261337,210.3235918,0
11310,136.4261337,210.3235918,0
11311,136.4261337,210.3235918,0
11312,136.4261337,210.3235918,0
11313,136.4261337,210.3235918,0
11314,136.4261337,210.3235918,0
11315,136.4261337,210.3235918,0
11316,136.4261337,210.3235918,0
11317,136.4261337,210.3235918,0
11318,133.5839223,210.3235918,0
11319,133.5839223,210.3235918,0
11320,133.5839223,210.3235918,0
11321,133.5839223,210.3235918,0
11322,133.5839223,210.3235918,0
11323,133.5839223,210.3235918,0
11324,133.5839223,210.3235918,0
11325,133.5839223,210.3235918,0
11326,133.5839223,210.3235918,0
11327,133.5839223,210.3235918,0
11328,133.5839223,210.3235918,0
11329,127.8995004,210.3235918,0
11330,127.8995001,210.3235918,0
11331,127.8995001,210.3235918,0
11332,127.8995001,210.3235918,0
11333,127.8995001,210.3235918,0
11334,127.8995001,210.3235918,0
11335,127.8995001,210.3235918,0
11336,136.4261337,210.3235918,0
11337,136.4261337,210.3235918,0
11338,136.4261337,210.3235918,0
11339,136.4261337,210.3235918,0
11340,136.4261337,210.3235918,0
11341,136.4261337,210.3235918,0
11342,136.4261337,210.3235918,0
11343,136.4261337,210.3235918,0
11344,136.4261337,210.3235918,0
11345,136.4261337,210.3235918,0
11346,136.4261337,210.3235918,0
11347,136.4261337,210.3235918,0
11348,136.4261337,210.3235918,0
11349,136.4261337,210.3235918,0
11350,136.4261337,210.3235918,0
11351,136.4261337,210.3235918,0
11352,136.4261337,210.3235918,0
11353,136.4261337,210.3235918,0
11354,136.4261337,210.3235918,0
11355,136.4261337,210.3235918,0
11356,136.4261337,210.3235918,0
11357,136.4261337,210.3235918,0
11358,136.4261337,210.3235918,0
11359,136.4261337,210.3235918,0
11360,136.4261337,210.3235918,0
11361,136.4261337,210.3235918,0
11362,136.4261337,210.3235918,0
11363,136.4261337,210.3235918,0
11364,136.4261337,210.3235918,0
11365,136.4261337,210.3235918,0
11366,136.4261337,210.3235918,0
11367,136.4261337,210.3235918,0
11368,136.4261337,210.3235918,0
11369,136.4261337,210.3235918,0
11370,136.4261337,210.3235918,0
11371,136.4261337,210.3235918,0
11372,136.4261337,210.3235918,0
11373,136.4261337,210.3235918,0
11374,136.4261337,210.3235918,0
11375,136.4261337,210.3235918,0
11376,136.4261337,210.3235918,0
11377,136.4261337,210.3235918,0
11378,136.4261337,210.3235918,0
11379,136.4261337,210.3235918,0
11380,136.4261337,210.3235918,0
11381,136.4261337,210.3235918,0
11382,136.4261337,210.3235918,0
11383,136.4261337,210.3235918,0
11384,136.4261337,210.3235918,0
11385,136.4261337,210.3235918,0
11386,136.4261335,210.3235918,0
11387,136.4261335,210.3235918,0
11388,136.4261335,210.3235918,0
11389,136.4261335,210.3235918,0
11390,136.4261335,210.3235918,0
11391,136.4261335,210.3235918,0
11392,136.4261335,210.3235918,0
11393,136.4261335,210.3235918,0
11394,136.4261335,210.3235918,0
11395,136.4261335,210.3235918,0
11396,136.4261335,210.3235918,0
11397,136.4261335,210.3235918,0
11398,136.4261335,210.3235918,0
11399,136.4261335,210.3235918,0
11400,136.4261335,210.3235918,0
11401,136.4261335,210.3235918,0
11402,136.4261335,210.3235918,0
11403,136.4261335,210.3235918,0
11404,136.4261335,210.3235918,0
11405,136.4261335,210.3235918,0
11406,136.4261335,210.3235918,0
11407,136.4261335,210.3235918,0
11408,136.4261335,210.3235918,0
11409,136.4261335,210.3235918,0
11410,136.4261335,210.3235918,0
11411,136.4261335,210.3235918,0
11412,136.4261335,210.3235918,0
11413,136.4261335,210.3235918,0
11414,136.4261335,210.3235918,0
11415,136.4261335,210.3235918,0
11416,136.4261335,210.3235918,0
11417,136.4261335,210.3235918,0
11418,136.4261335,210.3235918,0
11419,136.4261335,210.3235918,0
11420,136.4261335,210.3235918,0
11421,136.4261335,210.3235918,0
11422,136.4261335,210.3235918,0
11423,136.4261335,210.3235918,0
11424,136.4261335,210.3235918,0
11425,136.4261335,210.3235918,0
11426,136.4261335,210.3235918,0
11427,136.4261335,210.3235918,0
11428,136.4261335,210.3235918,0
11429,136.4261335,210.3235918,0
11430,136.4261335,210.3235918,0
11431,136.4261335,210.3235918,0
11432,136.4261335,210.3235918,0
11433,136.4261335,210.3235918,0
11434,136.4261337,210.3235918,0
11435,136.4261337,210.3235918,0
11436,136.4261337,210.3235918,0
11437,136.4261337,210.3235918,0
11438,136.4261337,210.3235918,0
11439,136.4261337,210.3235918,0
11440,136.4261337,210.3235918,0
11441,136.4261337,210.3235918,0
11442,136.4261337,210.3235918,0
11443,136.4261337,210.3235918,0
11444,136.4261337,210.3235918,0
11445,136.4261337,210.3235918,0
11446,136.4261337,210.3235918,0
11447,136.4261337,210.3235918,0
11448,136.4261337,210.3235918,0
11449,136.4261337,210.3235918,0
11450,136.4261337,210.3235918,0
11451,136.4261337,210.3235918,0
11452,136.4261337,210.3235918,0
11453,136.4261337,210.3235918,0
11454,136.4261337,210.3235918,0
11455,136.4261337,210.3235918,0
11456,136.4261337,210.3235918,0
11457,136.4261337,210.3235918,0
11458,136.4261337,210.3235918,0
11459,136.4261337,210.3235918,0
11460,136.4261337,210.3235918,0
11461,136.4261337,210.3235918,0
11462,136.4261337,210.3235918,0
11463,136.4261337,210.3235918,0
11464,136.4261337,210.3235918,0
11465,136.4261337,210.3235918,0
11466,136.4261337,210.3235918,0
11467,136.4261337,210.3235918,0
11468,136.4261337,210.3235918,0
11469,136.4261337,210.3235918,0
11470,136.4261337,210.3235918,0
11471,136.4261337,210.3235918,0
11472,136.4261337,210.3235918,0
11473,136.4261337,210.3235918,0
11474,136.4261337,210.3235918,0
11475,136.4261337,210.3235918,0
11476,136.4261337,210.3235918,0
11477,136.4261337,210.3235918,0
11478,136.4261337,210.3235918,0
11479,136.4261337,207.4813811,0
11480,136.4261337,207.4813811,0
11481,136.4261337,207.4813811,0
11482,136.4261337,207.4813811,0
11483,136.4261337,210.3235918,0
11484,136.4261337,210.3235918,0
11485,136.4261337,210.3235918,0
11486,136.4261337,210.3235918,0
11487,136.4261337,210.3235918,0
11488,136.4261337,210.3235918,0
11489,136.4261337,210.3235918,0
11490,136.4261337,210.3235918,0
11491,136.4261337,210.3235918,0
11492,136.4261337,210.3235918,0
11493,136.4261337,210.3235918,0
11494,136.4261337,210.3235918,0
11495,136.4261337,210.3235918,0
11496,136.4261337,210.3235918,0
11497,136.4261337,210.3235918,0
11498,136.4261337,210.3235918,0
11499,136.4261337,210.3235918,0
11500,136.4261337,210.3235918,0
11501,136.4261337,210.3235918,0
11502,136.4261337,210.3235918,0
11503,136.4261337,210.3235918,0
11504,136.4261337,210.3235918,0
11505,136.4261337,210.3235918,0
11506,130.7417114,210.3235918,0
11507,130.7417114,210.3235918,0
11508,130.7417114,210.3235918,0
11509,130.7417114,210.3235918,0
11510,130.7417114,210.3235918,0
11511,130.7417114,210.3235918,0
11512,130.7417114,210.3235918,0
11513,130.7417114,210.3235918,0
11514,130.7417114,210.3235918,0
11515,130.7417114,210.3235918,0
11516,130.7417114,210.3235918,0
11517,130.7417114,210.3235918,0
11518,130.7417114,210.3235918,0
11519,130.7417114,210.3235918,0
11520,130.7417114,210.3235918,0
11521,130.7417114,210.3235918,0
11522,130.7417114,210.3235918,0
11523,130.7417114,210.3235918,0
11524,130.7417114,210.3235918,0
11525,130.7417114,210.3235918,0
11526,130.7417114,210.3235918,0
11527,130.7417114,210.3235918,0
11528,130.7417114,210.3235918,0
11529,133.5839224,210.3235918,0
11530,133.5839226,210.3235918,0
11531,133.5839226,210.3235918,0
11532,133.5839226,210.3235918,0
11533,133.5839226,207.4813811,0
11534,133.5839226,207.4813811,0
11535,133.5839226,207.4813811,0
11536,133.5839226,207.4813811,0
11537,133.5839226,207.4813811,0
11538,133.5839226,207.4813811,0
11539,133.5839226,207.4813811,0
11540,133.5839226,207.4813811,0
11541,133.5839226,207.4813811,0
11542,133.5839226,210.3235918,0
11543,133.5839226,210.3235918,0
11544,133.5839226,210.3235918,0
11545,133.5839226,210.3235918,0
11546,133.5839226,210.3235918,0
11547,133.5839226,210.3235918,0
11548,133.5839226,210.3235918,0
11549,133.5839226,210.3235918,0
11550,133.5839226,210.3235918,0
11551,133.5839226,210.3235918,0
11552,133.5839226,210.3235918,0
11553,133.5839226,210.3235918,0
11554,133.5839226,210.3235918,0
11555,133.5839226,210.3235918,0
11556,133.5839226,210.3235918,0
11557,133.5839226,210.3235918,0
11558,133.5839226,210.3235918,0
11559,133.5839226,210.3235918,0
11560,133.5839226,210.3235918,0
11561,133.5839226,210.3235918,0
11562,133.5839226,210.3235918,0
11563,133.5839226,210.3235918,0
11564,133.5839226,210.3235918,0
11565,133.5839226,210.3235918,0
11566,133.5839226,210.3235918,0
11567,133.5839226,210.3235918,0
11568,136.4261336,210.3235918,0
11569,136.4261336,210.3235918,0
11570,136.4261336,210.3235918,0
11571,136.4261336,210.3235918,0
11572,136.4261336,210.3235918,0
11573,136.4261336,210.3235918,0
11574,136.4261336,210.3235918,0
11575,136.4261336,210.3235918,0
11576,136.4261336,210.3235918,0
11577,136.4261336,210.3235918,0
11578,136.4261336,210.3235918,0
11579,136.4261336,210.3235918,0
11580,136.4261336,210.3235918,0
11581,136.4261336,210.3235918,0
11582,136.4261336,210.3235918,0
11583,136.4261336,210.3235918,0
11584,136.4261336,210.3235918,0
11585,136.4261336,210.3235918,0
11586,136.4261336,210.3235918,0
11587,136.4261336,210.3235918,0
11588,136.4261336,210.3235918,0
11589,136.4261336,210.3235918,0
11590,136.4261336,210.3235918,0
11591,136.4261336,210.3235918,0
11592,136.4261336,210.3235918,0
11593,136.4261336,210.3235918,0
11594,136.4261336,210.3235918,0
11595,136.4261336,210.3235918,0
11596,136.4261336,210.3235918,0
11597,136.4261336,210.3235918,0
11598,136.4261337,210.3235918,0
11599,136.4261337,210.3235918,0
11600,136.4261337,210.3235918,0
11601,136.4261337,210.3235918,0
11602,136.4261337,210.3235918,0
11603,136.4261337,210.3235918,0
11604,136.4261337,210.3235918,0
11605,136.4261337,210.3235918,0
11606,136.4261337,210.3235918,0
11607,136.4261337,210.3235918,0
11608,136.4261337,210.3235918,0
11609,136.4261337,210.3235918,0
11610,136.4261337,210.3235918,0
11611,136.4261337,210.3235918,0
11612,136.4261337,210.3235918,0
11613,136.4261337,210.3235918,0
11614,136.4261337,210.3235918,0
11615,136.4261337,210.3235918,0
11616,136.4261337,207.4813811,0
11617,136.4261337,207.4813811,0
11618,136.4261337,207.4813811,0
11619,136.4261337,207.4813811,0
11620,136.4261337,207.4813811,0
11621,136.4261337,207.4813811,0
11622,136.4261337,207.4813811,0
11623,136.4261337,207.4813811,0
11624,136.4261337,207.4813811,0
11625,136.4261337,207.4813811,0
11626,136.4261337,207.4813811,0
11627,136.4261337,207.4813811,0
11628,136.4261337,207.4813811,0
11629,136.4261337,207.4813811,0
11630,136.4261337,207.4813811,0
11631,136.4261337,207.4813811,0
11632,136.4261337,207.4813811,0
11633,136.4261337,207.4813811,0
11634,136.4261337,207.4813811,0
11635,136.4261337,207.4813811,0
11636,136.4261337,207.4813811,0
11637,136.4261337,210.3235918,0
11638,136.4261337,210.3235918,0
11639,136.4261337,210.3235918,0
11640,136.4261337,210.3235918,0
11641,136.4261337,210.3235918,0
11642,136.4261337,210.3235918,0
11643,136.4261337,210.3235918,0
11644,136.4261337,210.3235918,0
11645,136.4261337,210.3235918,0
11646,136.4261337,210.3235918,0
11647,136.4261337,210.3235918,0
11648,133.5839226,210.3235918,0
11649,133.5839226,210.3235918,0
11650,133.5839226,210.3235918,0
11651,133.5839226,210.3235918,0
11652,133.5839226,210.3235918,0
11653,133.5839226,210.3235918,0
11654,133.5839226,210.3235918,0
11655,133.5839226,210.3235918,0
11656,133.5839226,210.3235918,0
11657,133.5839226,210.3235918,0
11658,133.5839226,210.3235918,0
11659,133.5839226,210.3235918,0
11660,133.5839226,210.3235918,0
11661,133.5839226,210.3235918,0
11662,133.5839226,210.3235918,0
11663,133.5839226,210.3235918,0
11664,133.5839226,210.3235918,0
11665,133.5839226,210.3235918,0
11666,133.5839226,210.3235918,0
11667,133.5839226,210.3235918,0
11668,133.5839226,210.3235918,0
11669,133.5839226,210.3235918,0
11670,133.5839226,210.3235918,0
11671,133.5839226,210.3235918,0
11672,133.5839226,210.3235918,0
11673,133.5839226,210.3235918,0
11674,133.5839226,210.3235918,0
11675,133.5839226,210.3235918,0
11676,133.5839226,210.3235918,0
11677,133.5839226,210.3235918,0
11678,133.5839226,210.3235918,0
11679,133.5839226,210.3235918,0
11680,133.5839226,210.3235918,0
11681,133.5839226,210.3235918,0
11682,133.5839224,210.3235918,0
11683,133.5839224,210.3235918,0
11684,133.5839226,210.3235918,0
11685,133.5839226,210.3235918,0
11686,133.5839226,210.3235918,0
11687,133.5839226,210.3235918,0
11688,133.5839226,210.3235918,0
11689,133.5839226,210.3235918,0
11690,133.5839226,210.3235918,0
11691,133.5839226,210.3235918,0
11692,133.5839226,210.3235918,0
11693,133.5839226,210.3235918,0
11694,133.5839226,210.3235918,0
11695,133.5839226,210.3235918,0
11696,133.5839226,210.3235918,0
11697,133.5839226,210.3235918,0
11698,133.5839226,210.3235918,0
11699,133.5839226,210.3235918,0
11700,133.5839226,210.3235918,0
11701,133.5839226,210.3235918,0
11702,133.5839226,210.3235918,0
11703,133.5839226,210.3235918,0
11704,133.5839226,210.3235918,0
11705,133.5839226,210.3235918,0
11706,133.5839226,210.3235918,0
11707,133.5839226,210.3235918,0
11708,133.5839226,210.3235918,0
11709,133.5839226,210.3235918,0
11710,133.5839226,210.3235918,0
11711,133.5839226,210.3235918,0
11712,133.5839226,210.3235918,0
11713,133.5839226,210.3235918,0
11714,133.5839226,210.3235918,0
11715,133.5839226,210.3235918,0
11716,133.5839226,210.3235918,0
11717,133.5839226,210.3235918,0
11718,133.5839226,210.3235918,0
11719,133.5839226,210.3235918,0
11720,133.5839226,210.3235918,0
11721,133.5839226,210.3235918,0
11722,133.5839226,210.3235918,0
11723,133.5839226,210.3235918,0
11724,133.5839226,210.3235918,0
11725,133.5839226,210.3235918,0
11726,133.5839226,210.3235918,0
11727,133.5839226,210.3235918,0
11728,133.5839226,210.3235918,0
11729,133.5839226,210.3235918,0
11730,133.5839226,210.3235918,0
11731,133.5839226,210.3235918,0
11732,133.5839226,210.3235918,0
11733,133.5839226,210.3235918,0
11734,133.5839223,210.3235918,0
11735,133.5839223,210.3235918,0
11736,133.5839223,210.3235918,0
11737,133.5839223,210.3235918,0
11738,133.5839223,210.3235918,0
11739,133.5839223,210.3235918,0
11740,133.5839223,210.3235918,0
11741,133.5839223,210.3235918,0
11742,133.5839223,210.3235918,0
11743,133.5839223,210.3235918,0
11744,133.5839223,210.3235918,0
11745,133.5839223,210.3235918,0
11746,133.5839223,210.3235918,0
11747,133.5839223,210.3235918,0
11748,133.5839223,210.3235918,0
11749,133.5839226,210.3235918,0
11750,133.5839226,210.3235918,0
11751,133.5839226,210.3235918,0
11752,133.5839226,210.3235918,0
11753,133.5839226,210.3235918,0
11754,133.5839226,210.3235918,0
11755,133.5839226,210.3235918,0
11756,133.5839226,210.3235918,0
11757,133.5839226,210.3235918,0
11758,133.5839226,210.3235918,0
11759,133.5839226,210.3235918,0
11760,133.5839226,210.3235918,0
11761,133.5839226,210.3235918,0
11762,133.5839226,210.3235918,0
11763,133.5839226,210.3235918,0
11764,133.5839226,210.3235918,0
11765,133.5839226,210.3235918,0
11766,133.5839226,210.3235918,0
11767,133.5839226,210.3235918,0
11768,133.5839226,210.3235918,0
11769,133.5839226,210.3235918,0
11770,133.5839226,210.3235918,0
11771,133.5839226,210.3235918,0
11772,133.5839226,210.3235918,0
11773,133.5839226,210.3235918,0
11774,133.5839226,210.3235918,0
11775,133.5839226,210.3235918,0
11776,133.5839226,210.3235918,0
11777,133.5839226,210.3235918,0
11778,133.5839226,210.3235918,0
11779,133.5839226,210.3235918,0
11780,133.5839226,210.3235918,0
11781,133.5839226,210.3235918,0
11782,133.5839226,210.3235918,0
11783,133.5839226,210.3235918,0
11784,133.5839226,210.3235918,0
11785,133.5839226,210.3235918,0
11786,133.5839226,210.3235918,0
11787,133.5839226,207.4813811,0
11788,133.5839226,207.4813811,0
11789,133.5839226,207.4813811,0
11790,133.5839226,207.4813811,0
11791,133.5839226,207.4813811,0
11792,133.5839226,207.4813811,0
11793,133.5839226,207.4813811,0
11794,133.5839226,210.3235918,0
11795,133.5839226,210.3235918,0
11796,133.5839226,210.3235918,0
11797,133.5839226,210.3235918,0
11798,133.5839226,210.3235918,0
11799,130.7417115,210.3235918,0
11800,130.7417115,210.3235918,0
11801,130.7417115,210.3235918,0
11802,130.7417115,210.3235918,0
11803,130.7417115,210.3235918,0
11804,130.7417115,210.3235918,0
11805,130.7417115,210.3235918,0
11806,130.7417115,210.3235918,0
11807,130.7417115,210.3235918,0
11808,130.7417115,210.3235918,0
11809,130.7417115,210.3235918,0
11810,130.7417115,210.3235918,0
11811,130.7417115,210.3235918,0
11812,130.7417115,210.3235918,0
11813,130.7417115,210.3235918,0
11814,130.7417115,210.3235918,0
11815,130.7417115,210.3235918,0
11816,130.7417115,210.3235918,0
11817,130.7417115,210.3235918,0
11818,130.7417115,213.1658025,0
11819,130.7417115,213.1658025,0
11820,130.7417115,213.1658025,0
11821,130.7417115,213.1658025,0
11822,130.7417115,213.1658025,0
11823,130.7417115,213.1658025,0
11824,130.7417115,213.1658025,0
11825,133.5839225,213.1658025,0
11826,133.5839225,213.1658025,0
11827,133.5839225,213.1658025,0
11828,133.5839226,213.1658025,0
11829,133.5839226,213.1658025,0
11830,133.5839226,213.1658025,0
11831,133.5839226,213.1658025,0
11832,133.5839226,213.1658025,0
11833,133.5839226,213.1658025,0
11834,133.5839226,213.1658025,0
11835,133.5839226,213.1658025,0
11836,133.5839226,213.1658025,0
11837,133.5839226,213.1658025,0
11838,133.5839226,213.1658025,0
11839,133.5839226,213.1658025,0
11840,133.5839226,213.1658025,0
11841,133.5839226,213.1658025,0
11842,133.5839226,213.1658025,0
11843,133.5839226,213.1658025,0
11844,133.5839226,213.1658025,0
11845,133.5839226,213.1658025,0
11846,133.5839226,213.1658025,0
11847,133.5839226,213.1658025,0
11848,133.5839226,213.1658025,0
11849,133.5839226,213.1658025,0
11850,133.5839226,213.1658025,0
11851,133.5839226,213.1658025,0
11852,133.5839226,213.1658025,0
11853,133.5839226,213.1658025,0
11854,133.5839226,213.1658025,0
11855,133.5839226,213.1658025,0
11856,133.5839226,213.1658025,0
11857,133.5839226,213.1658025,0
11858,133.5839226,213.1658025,0
11859,133.5839226,213.1658025,0
11860,133.5839226,213.1658025,0
11861,133.5839226,213.1658025,0
11862,133.5839226,213.1658025,0
11863,133.5839226,213.1658025,0
11864,133.5839226,213.1658025,0
11865,133.5839226,213.1658025,0
11866,133.5839226,213.1658025,0
11867,133.5839226,213.1658025,0
11868,133.5839226,207.4813811,0
11869,133.5839226,207.4813811,0
11870,133.5839226,207.4813811,0
11871,133.5839226,207.4813811,0
11872,133.5839226,210.3235918,0
11873,133.5839226,210.3235918,0
11874,133.5839226,210.3235918,0
11875,133.5839226,210.3235918,0
11876,133.5839226,210.3235918,0
11877,133.5839226,210.3235918,0
11878,133.5839226,210.3235918,0
11879,133.5839226,210.3235918,0
11880,133.5839226,210.3235918,0
11881,133.5839226,210.3235918,0
11882,133.5839226,210.3235918,0
11883,133.5839226,210.3235918,0
11884,133.5839226,210.3235918,0
11885,133.5839226,210.3235918,0
11886,133.5839226,210.3235918,0
11887,133.5839226,210.3235918,0
11888,133.5839226,210.3235918,0
11889,133.5839226,210.3235918,0
11890,133.5839226,210.3235918,0
11891,133.5839226,210.3235918,0
11892,133.5839226,210.3235918,0
11893,133.5839226,210.3235918,0
11894,133.5839226,210.3235918,0
11895,133.5839226,210.3235918,0
11896,133.5839226,210.3235918,0
11897,133.5839226,210.3235918,0
11898,133.5839226,210.3235918,0
11899,133.5839226,210.3235918,0
11900,133.5839226,210.3235918,0
11901,133.5839226,210.3235918,0
11902,133.5839226,210.3235918,0
11903,133.5839226,210.3235918,0
11904,133.5839226,210.3235918,0
11905,133.5839226,210.3235918,0
11906,133.5839226,210.3235918,0
11907,133.5839226,210.3235918,0
11908,133.5839226,210.3235918,0
11909,133.5839226,210.3235918,0
11910,133.5839226,210.3235918,0
11911,133.5839226,210.3235918,0
11912,133.5839226,210.3235918,0
11913,133.5839226,210.3235918,0
11914,133.5839226,210.3235918,0
11915,133.5839225,210.3235918,0
11916,133.5839225,210.3235918,0
11917,133.5839225,210.3235918,0
11918,133.5839225,210.3235918,0
11919,133.5839225,210.3235918,0
11920,133.5839225,210.3235918,0
11921,133.5839225,210.3235918,0
11922,133.5839225,210.3235918,0
11923,133.5839225,210.3235918,0
11924,133.5839225,210.3235918,0
11925,133.5839225,210.3235918,0
11926,133.5839225,210.3235918,0
11927,133.5839225,210.3235918,0
11928,133.5839225,210.3235918,0
11929,133.5839225,210.3235918,0
11930,133.5839225,210.3235918,0
11931,133.5839225,210.3235918,0
11932,133.5839225,210.3235918,0
11933,133.5839225,210.3235918,0
11934,133.5839225,210.3235918,0
11935,133.5839225,210.3235918,0
11936,133.5839225,210.3235918,0
11937,133.5839225,210.3235918,0
11938,133.5839225,210.3235918,0
11939,133.5839225,210.3235918,0
11940,133.5839225,210.3235918,0
11941,133.5839225,210.3235918,0
11942,133.5839225,210.3235918,0
11943,133.5839225,210.3235918,0
11944,133.5839225,210.3235918,0
11945,133.5839225,210.3235918,0
11946,130.7417112,210.3235918,0
11947,130.7417112,210.3235918,0
11948,130.7417112,210.3235918,0
11949,130.7417112,210.3235918,0
11950,130.7417114,210.3235918,0
11951,130.7417114,210.3235918,0
11952,130.7417114,210.3235918,0
11953,130.7417114,207.4813811,0
11954,133.5839223,207.4813811,0
11955,133.5839223,207.4813811,0
11956,133.5839223,207.4813811,0
11957,133.5839223,207.4813811,0
11958,133.5839223,207.4813811,0
11959,133.5839223,207.4813811,0
11960,133.5839223,207.4813811,0
11961,133.5839223,207.4813811,0
11962,133.5839223,207.4813811,0
11963,133.5839223,207.4813811,0
11964,133.5839223,207.4813811,0
11965,133.5839223,207.4813811,0
11966,133.5839223,207.4813811,0
11967,133.5839223,207.4813811,0
11968,133.5839226,207.4813811,0
11969,133.5839226,207.4813811,0
11970,133.5839226,207.4813811,0
11971,133.5839226,207.4813811,0
11972,133.5839226,207.4813811,0
11973,133.5839226,207.4813811,0
11974,133.5839226,207.4813811,0
11975,133.5839226,207.4813811,0
11976,133.5839226,207.4813811,0
11977,133.5839226,207.4813811,0
11978,133.5839226,207.4813811,0
11979,133.5839226,207.4813811,0
11980,133.5839226,210.3235918,0
11981,133.5839226,210.3235918,0
11982,133.5839226,210.3235918,0
11983,133.5839226,210.3235918,0
11984,133.5839226,210.3235918,0
11985,133.5839226,210.3235918,0
11986,133.5839226,210.3235918,0
11987,133.5839226,210.3235918,0
11988,133.5839226,210.3235918,0
11989,133.5839226,210.3235918,0
11990,133.5839226,210.3235918,0
11991,133.5839226,210.3235918,0
11992,133.5839226,210.3235918,0
11993,133.5839226,210.3235918,0
11994,133.5839226,210.3235918,0
11995,133.5839226,210.3235918,0
11996,133.5839226,210.3235918,0
11997,133.5839226,210.3235918,0
11998,133.5839226,210.3235918,0
11999,133.5839226,210.3235918,0
12000,133.5839226,210.3235918,0
12001,133.5839226,210.3235918,0
12002,133.5839226,210.3235918,0
12003,133.5839226,210.3235918,0
12004,133.5839226,210.3235918,0
12005,133.5839226,210.3235918,0
12006,133.5839226,210.3235918,0
12007,133.5839226,210.3235918,0
12008,133.5839226,210.3235918,0
12009,133.5839226,210.3235918,0
12010,133.5839226,210.3235918,0
12011,133.5839226,210.3235918,0
12012,133.5839226,210.3235918,0
12013,133.5839226,210.3235918,0
12014,133.5839226,210.3235918,0
12015,133.5839226,210.3235918,0
12016,133.5839226,210.3235918,0
12017,133.5839226,210.3235918,0
12018,133.5839223,210.3235918,0
12019,133.5839223,210.3235918,0
12020,133.5839223,210.3235918,0
12021,133.5839223,210.3235918,0
12022,133.5839223,210.3235918,0
12023,133.5839223,210.3235918,0
12024,133.5839223,210.3235918,0
12025,133.5839223,210.3235918,0
12026,133.5839223,210.3235918,0
12027,133.5839223,210.3235918,0
12028,133.5839223,210.3235918,0
12029,133.5839223,210.3235918,0
12030,133.5839223,207.4813811,0
12031,133.5839223,207.4813811,0
12032,133.5839223,207.4813811,0
12033,133.5839223,207.4813811,0
12034,133.5839223,207.4813811,0
12035,133.5839223,207.4813811,0
12036,133.5839223,207.4813811,0
12037,133.5839223,207.4813811,0
12038,133.5839223,207.4813811,0
12039,133.5839223,207.4813811,0
12040,133.5839223,207.4813811,0
12041,133.5839223,210.3235918,0
12042,133.5839223,210.3235918,0
12043,133.5839223,210.3235918,0
12044,133.5839223,210.3235918,0
12045,133.5839223,210.3235918,0
12046,133.5839223,210.3235918,0
12047,133.5839223,210.3235918,0
12048,133.5839223,210.3235918,0
12049,133.5839223,210.3235918,0
12050,133.5839223,210.3235918,0
12051,133.5839223,210.3235918,0
12052,133.5839223,210.3235918,0
12053,133.5839223,210.3235918,0
12054,133.5839223,210.3235918,0
12055,133.5839223,210.3235918,0
12056,133.5839223,210.3235918,0
12057,133.5839223,210.3235918,0
12058,133.5839223,210.3235918,0
12059,133.5839223,210.3235918,0
12060,133.5839223,210.3235918,0
12061,133.5839223,210.3235918,0
12062,130.7417115,210.3235918,0
12063,130.7417115,210.3235918,0
12064,130.7417115,210.3235918,0
12065,130.7417115,210.3235918,0
12066,130.7417115,210.3235918,0
12067,130.7417115,210.3235918,0
12068,130.7417115,210.3235918,0
12069,130.7417115,210.3235918,0
12070,130.7417115,210.3235918,0
12071,130.7417115,210.3235918,0
12072,130.7417115,210.3235918,0
12073,130.7417115,210.3235918,0
12074,130.7417115,210.3235918,0
12075,130.7417115,210.3235918,0
12076,130.7417115,210.3235918,0
12077,130.7417115,210.3235918,0
12078,130.7417115,210.3235918,0
12079,130.7417115,210.3235918,0
12080,130.7417115,210.3235918,0
12081,130.7417115,210.3235918,0
12082,130.7417115,210.3235918,0
12083,130.7417115,210.3235918,0
12084,130.7417115,210.3235918,0
12085,130.7417115,210.3235918,0
12086,130.7417115,210.3235918,0
12087,130.7417115,210.3235918,0
12088,130.7417115,210.3235918,0
12089,130.7417115,210.3235918,0
12090,130.7417115,210.3235918,0
12091,130.7417115,196.1125383,0
12092,130.7417115,201.7969597,0
12093,130.7417115,201.7969597,0
12094,130.7417115,201.7969597,0
12095,130.7417115,207.4813811,0
12096,130.7417115,207.4813811,0
12097,130.7417115,207.4813811,0
12098,130.7417115,207.4813811,0
12099,130.7417115,207.4813811,0
12100,130.7417115,207.4813811,0
12101,130.7417115,207.4813811,0
12102,130.7417115,207.4813811,0
12103,130.7417115,207.4813811,0
12104,130.7417115,207.4813811,0
12105,130.7417115,207.4813811,0
12106,130.7417115,207.4813811,0
12107,130.7417115,207.4813811,0
12108,130.7417115,210.3235918,0
12109,130.7417115,210.3235918,0
12110,130.7417115,210.3235918,0
12111,130.7417115,210.3235918,0
12112,130.7417115,210.3235918,0
12113,130.7417115,210.3235918,0
12114,130.7417115,210.3235918,0
12115,130.7417115,210.3235918,0
12116,130.7417115,210.3235918,0
12117,130.7417115,210.3235918,0
12118,130.7417115,210.3235918,0
12119,130.7417115,210.3235918,0
12120,130.7417115,210.3235918,0
12121,130.7417115,210.3235918,0
12122,130.7417115,210.3235918,0
12123,130.7417115,210.3235918,0
12124,130.7417115,210.3235918,0
12125,130.7417115,210.3235918,0
12126,130.7417115,210.3235918,0
12127,130.7417115,210.3235918,0
12128,130.7417115,210.3235918,0
12129,130.7417115,210.3235918,0
12130,130.7417115,210.3235918,0
12131,130.7417115,210.3235918,0
12132,130.7417115,210.3235918,0
12133,130.7417115,210.3235918,0
12134,130.7417115,210.3235918,0
12135,130.7417115,210.3235918,0
12136,130.7417115,210.3235918,0
12137,130.7417115,210.3235918,0
12138,130.7417115,210.3235918,0
12139,130.7417115,210.3235918,0
12140,130.7417115,210.3235918,0
12141,130.7417115,210.3235918,0
12142,130.7417115,210.3235918,0
12143,130.7417115,210.3235918,0
12144,130.7417115,210.3235918,0
12145,130.7417115,210.3235918,0
12146,130.7417115,210.3235918,0
12147,130.7417115,210.3235918,0
12148,130.7417115,210.3235918,0
12149,130.7417115,210.3235918,0
12150,130.7417115,210.3235918,0
12151,130.7417115,210.3235918,0
12152,130.7417115,210.3235918,0
12153,130.7417115,210.3235918,0
12154,130.7417115,210.3235918,0
12155,130.7417115,210.3235918,0
12156,130.7417115,210.3235918,0
12157,130.7417115,210.3235918,0
12158,130.7417115,210.3235918,0
12159,130.7417115,210.3235918,0
12160,130.7417115,210.3235918,0
12161,130.7417115,210.3235918,0
12162,130.7417115,210.3235918,0
12163,130.7417115,210.3235918,0
12164,130.7417115,210.3235918,0
12165,130.7417115,210.3235918,0
12166,130.7417115,210.3235918,0
12167,130.7417115,210.3235918,0
12168,130.7417115,210.3235918,0
12169,130.7417115,210.3235918,0
12170,130.7417115,210.3235918,0
12171,130.7417115,210.3235918,0
12172,130.7417115,210.3235918,0
12173,130.7417115,210.3235918,0
12174,130.7417115,210.3235918,0
12175,130.7417115,210.3235918,0
12176,130.7417115,210.3235918,0
12177,130.7417115,210.3235918,0
12178,130.7417115,210.3235918,0
12179,130.7417115,210.3235918,0
12180,130.7417115,210.3235918,0
12181,130.7417115,210.3235918,0
12182,130.7417115,210.3235918,0
12183,130.7417115,210.3235918,0
12184,130.7417115,210.3235918,0
12185,130.7417115,210.3235918,0
12186,130.7417115,210.3235918,0
12187,130.7417115,210.3235918,0
12188,130.7417115,210.3235918,0
12189,130.7417115,210.3235918,0
12190,130.7417115,210.3235918,0
12191,130.7417115,210.3235918,0
12192,130.7417115,210.3235918,0
12193,130.7417115,210.3235918,0
12194,130.7417115,210.3235918,0
12195,130.7417115,210.3235918,0
12196,130.7417115,210.3235918,0
12197,130.7417115,210.3235918,0
12198,130.7417115,210.3235918,0
12199,130.7417115,210.3235918,0
12200,130.7417115,210.3235918,0
12201,130.7417115,210.3235918,0
12202,130.7417115,210.3235918,0
12203,130.7417115,210.3235918,0
12204,130.7417115,210.3235918,0
12205,130.7417115,210.3235918,0
12206,130.7417115,210.3235918,0
12207,130.7417115,210.3235918,0
12208,130.7417115,210.3235918,0
12209,130.7417115,210.3235918,0
12210,130.7417115,207.4813811,0
12211,130.7417115,207.4813811,0
12212,130.7417115,207.4813811,0
12213,130.7417115,207.4813811,0
12214,130.7417115,207.4813811,0
12215,130.7417115,207.4813811,0
12216,130.7417115,207.4813811,0
12217,130.7417115,207.4813811,0
12218,130.7417115,207.4813811,0
12219,130.7417115,207.4813811,0
12220,130.7417115,207.4813811,0
12221,130.7417115,207.4813811,0
12222,130.7417115,207.4813811,0
12223,130.7417115,207.4813811,0
12224,130.7417115,207.4813811,0
12225,130.7417115,207.4813811,0
12226,130.7417115,207.4813811,0
12227,130.7417115,207.4813811,0
12228,130.7417115,207.4813811,0
12229,130.7417115,207.4813811,0
12230,130.7417115,207.4813811,0
12231,130.7417115,207.4813811,0
12232,130.7417115,207.4813811,0
12233,130.7417115,207.4813811,0
12234,130.7417115,207.4813811,0
12235,130.7417115,207.4813811,0
12236,130.7417115,207.4813811,0
12237,130.7417115,207.4813811,0
12238,130.7417115,207.4813811,0
12239,130.7417115,207.4813811,0
12240,130.7417115,207.4813811,0
12241,130.7417115,207.4813811,0
12242,130.7417115,207.4813811,0
12243,130.7417115,207.4813811,0
12244,130.7417115,207.4813811,0
12245,130.7417115,207.4813811,0
12246,130.7417114,207.4813811,0
12247,130.7417114,207.4813811,0
12248,130.7417115,207.4813811,0
12249,130.7417115,207.4813811,0
12250,130.7417115,207.4813811,0
12251,130.7417115,207.4813811,0
12252,130.7417115,207.4813811,0
12253,130.7417115,207.4813811,0
12254,130.7417115,207.4813811,0
12255,130.7417115,207.4813811,0
12256,130.7417115,207.4813811,0
12257,130.7417115,207.4813811,0
12258,133.5839226,207.4813811,0
12259,133.5839226,207.4813811,0
12260,133.5839226,207.4813811,0
12261,133.5839226,207.4813811,0
12262,133.5839226,207.4813811,0
12263,133.5839226,207.4813811,0
12264,133.5839226,207.4813811,0
12265,133.5839226,207.4813811,0
12266,133.5839226,207.4813811,0
12267,133.5839226,207.4813811,0
12268,133.5839226,207.4813811,0
12269,133.5839226,207.4813811,0
12270,133.5839226,207.4813811,0
12271,133.5839226,207.4813811,0
12272,133.5839226,207.4813811,0
12273,133.5839226,207.4813811,0
12274,133.5839226,207.4813811,0
12275,133.5839226,207.4813811,0
12276,133.5839226,207.4813811,0
12277,133.5839226,207.4813811,0
12278,133.5839226,207.4813811,0
12279,133.5839226,207.4813811,0
12280,133.5839226,207.4813811,0
12281,133.5839226,207.4813811,0
12282,133.5839226,207.4813811,0
12283,133.5839226,207.4813811,0
12284,133.5839226,207.4813811,0
12285,133.5839226,207.4813811,0
12286,133.5839226,207.4813811,0
12287,133.5839226,210.3235918,0
12288,133.5839226,210.3235918,0
12289,133.5839226,210.3235918,0
12290,133.5839226,210.3235918,0
12291,133.5839226,210.3235918,0
12292,133.5839226,210.3235918,0
12293,133.5839226,210.3235918,0
12294,133.5839226,210.3235918,0
12295,133.5839226,210.3235918,0
12296,133.5839226,210.3235918,0
12297,133.5839226,210.3235918,0
12298,133.5839226,210.3235918,0
12299,133.5839226,210.3235918,0
12300,133.5839226,210.3235918,0
12301,133.5839226,210.3235918,0
12302,133.5839226,210.3235918,0
12303,133.5839226,210.3235918,0
12304,133.5839226,210.3235918,0
12305,133.5839226,210.3235918,0
12306,133.5839226,210.3235918,0
12307,133.5839226,210.3235918,0
12308,133.5839223,210.3235918,0
12309,133.5839223,210.3235918,0
12310,133.5839223,210.3235918,0
12311,133.5839223,210.3235918,0
12312,133.5839223,210.3235918,0
12313,133.5839223,210.3235918,0
12314,133.5839223,210.3235918,0
12315,133.5839223,210.3235918,0
12316,133.5839223,210.3235918,0
12317,133.5839223,210.3235918,0
12318,133.5839223,210.3235918,0
12319,133.5839223,210.3235918,0
12320,133.5839223,210.3235918,0
12321,133.5839223,210.3235918,0
12322,133.5839223,210.3235918,0
12323,133.5839223,210.3235918,0
12324,133.5839223,210.3235918,0
12325,133.5839223,210.3235918,0
12326,133.5839223,210.3235918,0
12327,133.5839223,210.3235918,0
12328,133.5839223,210.3235918,0
12329,133.5839223,210.3235918,0
12330,133.5839223,210.3235918,0
12331,133.5839223,210.3235918,0
12332,133.5839223,216.0080132,0
12333,133.5839223,216.0080132,0
12334,130.7417115,216.0080132,0
12335,130.7417115,216.0080132,0
12336,130.7417115,216.0080132,0
12337,130.7417115,216.0080132,0
12338,130.7417115,216.0080132,0
12339,130.7417115,216.0080132,0
12340,130.7417115,216.0080132,0
12341,130.7417115,216.0080132,0
12342,130.7417115,216.0080132,0
12343,130.7417115,216.0080132,0
12344,130.7417115,216.0080132,0
12345,130.7417115,216.0080132,0
12346,130.7417115,216.0080132,0
12347,130.7417115,216.0080132,0
12348,130.7417115,216.0080132,0
12349,130.7417115,216.0080132,0
12350,130.7417115,216.0080132,0
12351,130.7417115,216.0080132,0
12352,130.7417115,216.0080132,0
12353,130.7417115,216.0080132,0
12354,130.7417115,216.0080132,0
12355,130.7417115,216.0080132,0
12356,130.7417115,216.0080132,0
12357,130.7417115,216.0080132,0
12358,130.7417115,216.0080132,0
12359,130.7417115,216.0080132,0
12360,130.7417115,216.0080132,0
12361,130.7417115,216.0080132,0
12362,130.7417115,216.0080132,0
12363,130.7417115,216.0080132,0
12364,130.7417115,216.0080132,0
12365,130.7417115,216.0080132,0
12366,130.7417115,216.0080132,0
12367,130.7417115,216.0080132,0
12368,130.7417115,216.0080132,0
12369,130.7417115,216.0080132,0
12370,130.7417115,216.0080132,0
12371,130.7417115,216.0080132,0
12372,130.7417115,216.0080132,0
12373,130.7417115,216.0080132,0
12374,130.7417115,216.0080132,0
12375,130.7417115,216.0080132,0
12376,130.7417115,216.0080132,0
12377,130.7417115,216.0080132,0
12378,130.7417115,216.0080132,0
12379,130.7417115,216.0080132,0
12380,130.7417115,216.0080132,0
12381,130.7417115,216.0080132,0
12382,130.7417115,207.4813811,0
12383,130.7417115,207.4813811,0
12384,130.7417115,207.4813811,0
12385,133.5839223,207.4813811,0
12386,133.5839223,207.4813811,0
12387,133.5839223,207.4813811,0
12388,133.5839223,207.4813811,0
12389,133.5839223,207.4813811,0
12390,133.5839223,207.4813811,0
12391,133.5839223,207.4813811,0
12392,133.5839223,207.4813811,0
12393,133.5839223,207.4813811,0
12394,133.5839223,207.4813811,0
12395,133.5839223,207.4813811,0
12396,133.5839223,204.6391704,0
12397,133.5839223,207.4813811,0
12398,133.5839223,207.4813811,0
12399,133.5839223,207.4813811,0
12400,133.5839223,207.4813811,0
12401,133.5839223,207.4813811,0
12402,133.5839223,207.4813811,0
12403,133.5839223,207.4813811,0
12404,133.5839223,207.4813811,0
12405,133.5839223,207.4813811,0
12406,133.5839223,207.4813811,0
12407,133.5839223,207.4813811,0
12408,133.5839223,207.4813811,0
12409,133.5839223,207.4813811,0
12410,133.5839223,207.4813811,0
12411,133.5839223,207.4813811,0
12412,133.5839223,207.4813811,0
12413,133.5839223,207.4813811,0
12414,133.5839223,207.4813811,0
12415,133.5839223,207.4813811,0
12416,133.5839223,213.1658025,0
12417,133.5839223,213.1658025,0
12418,133.5839223,213.1658025,0
12419,133.5839223,213.1658025,0
12420,133.5839223,213.1658025,0
12421,133.5839223,213.1658025,0
12422,133.5839223,213.1658025,0
12423,133.5839223,213.1658025,0
12424,133.5839223,213.1658025,0
12425,133.5839223,213.1658025,0
12426,133.5839223,213.1658025,0
12427,133.5839223,213.1658025,0
12428,133.5839223,213.1658025,0
12429,133.5839223,213.1658025,0
12430,133.5839223,213.1658025,0
12431,133.5839223,213.1658025,0
12432,133.5839223,213.1658025,0
12433,133.5839223,213.1658025,0
12434,133.5839223,213.1658025,0
12435,130.7417115,213.1658025,0
12436,130.7417115,213.1658025,0
12437,130.7417115,213.1658025,0
12438,130.7417115,213.1658025,0
12439,130.7417115,213.1658025,0
12440,130.7417115,213.1658025,0
12441,130.7417115,213.1658025,0
12442,130.7417115,213.1658025,0
12443,130.7417115,213.1658025,0
12444,130.7417115,213.1658025,0
12445,130.7417115,213.1658025,0
12446,130.7417115,213.1658025,0
12447,130.7417115,213.1658025,0
12448,130.7417115,213.1658025,0
12449,130.7417115,213.1658025,0
12450,130.7417115,213.1658025,0
12451,130.7417115,213.1658025,0
12452,130.7417115,213.1658025,0
12453,130.7417115,213.1658025,0
12454,130.7417115,213.1658025,0
12455,130.7417115,213.1658025,0
12456,130.7417115,213.1658025,0
12457,130.7417115,213.1658025,0
12458,130.7417115,213.1658025,0
12459,130.7417115,213.1658025,0
12460,130.7417115,213.1658025,0
12461,130.7417115,213.1658025,0
12462,130.7417115,213.1658025,0
12463,130.7417115,213.1658025,0
12464,130.7417115,213.1658025,0
12465,130.7417115,213.1658025,0
12466,130.7417115,207.4813811,0
12467,130.7417115,207.4813811,0
12468,130.7417115,207.4813811,0
12469,130.7417115,207.4813811,0
12470,130.7417115,207.4813811,0
12471,130.7417115,207.4813811,0
12472,130.7417115,207.4813811,0
12473,130.7417115,207.4813811,0
12474,130.7417115,207.4813811,0
12475,130.7417115,210.3235918,0
12476,130.7417115,210.3235918,0
12477,130.7417115,210.3235918,0
12478,130.7417115,210.3235918,0
12479,130.7417115,210.3235918,0
12480,130.7417115,210.3235918,0
12481,130.7417115,210.3235918,0
12482,130.7417115,210.3235918,0
12483,130.7417115,210.3235918,0
12484,130.7417115,210.3235918,0
12485,130.7417115,210.3235918,0
12486,130.7417115,210.3235918,0
12487,130.7417115,210.3235918,0
12488,130.7417115,210.3235918,0
12489,130.7417115,210.3235918,0
12490,130.7417115,210.3235918,0
12491,130.7417115,210.3235918,0
12492,130.7417115,210.3235918,0
12493,130.7417115,210.3235918,0
12494,130.7417115,210.3235918,0
12495,130.7417115,210.3235918,0
12496,130.7417115,210.3235918,0
12497,127.8995001,210.3235918,0
12498,127.8995001,210.3235918,0
12499,127.8995001,210.3235918,0
12500,127.8995001,210.3235918,0
12501,127.8995001,210.3235918,0
12502,127.8995,210.3235918,0
12503,127.8995,210.3235918,0
12504,127.8995,210.3235918,0
12505,127.8995,210.3235918,0
12506,127.8995,210.3235918,0
12507,127.8995,210.3235918,0
12508,127.8995,210.3235918,0
12509,127.8995,210.3235918,0
12510,127.8995,210.3235918,0
12511,127.8995,210.3235918,0
12512,127.8995,210.3235918,0
12513,127.8995,210.3235918,0
12514,127.8995,210.3235918,0
12515,127.8995,210.3235918,0
12516,127.8995,210.3235918,0
12517,127.8995,210.3235918,0
12518,130.7417112,210.3235918,0
12519,130.7417112,210.3235918,0
12520,130.7417112,210.3235918,0
12521,130.7417112,210.3235918,0
12522,130.7417112,210.3235918,0
12523,130.7417112,210.3235918,0
12524,130.7417112,210.3235918,0
12525,130.7417112,210.3235918,0
12526,130.7417112,210.3235918,0
12527,130.7417112,210.3235918,0
12528,130.7417112,210.3235918,0
12529,130.7417112,207.4813811,0
12530,130.7417112,207.4813811,0
12531,130.7417112,207.4813811,0
12532,130.7417112,207.4813811,0
12533,130.7417112,207.4813811,0
12534,130.7417112,207.4813811,0
12535,130.7417112,207.4813811,0
12536,130.7417112,207.4813811,0
12537,130.7417112,207.4813811,0
12538,130.7417112,207.4813811,0
12539,130.7417112,207.4813811,0
12540,130.7417112,210.3235918,0
12541,130.7417112,210.3235918,0
12542,130.7417112,210.3235918,0
12543,130.7417112,210.3235918,0
12544,133.5839223,210.3235918,0
12545,133.5839223,210.3235918,0
12546,133.5839223,210.3235918,0
12547,133.5839223,210.3235918,0
12548,133.5839223,210.3235918,0
12549,133.5839223,210.3235918,0
12550,133.5839223,210.3235918,0
12551,133.5839223,210.3235918,0
12552,133.5839223,210.3235918,0
12553,133.5839223,210.3235918,0
12554,133.5839223,210.3235918,0
12555,133.5839223,210.3235918,0
12556,133.5839223,210.3235918,0
12557,133.5839223,210.3235918,0
12558,133.5839223,210.3235918,0
12559,133.5839223,210.3235918,0
12560,133.5839223,210.3235918,0
12561,133.5839223,210.3235918,0
12562,133.5839223,210.3235918,0
12563,133.5839223,210.3235918,0
12564,133.5839223,210.3235918,0
12565,133.5839223,210.3235918,0
12566,133.5839223,210.3235918,0
12567,133.5839223,210.3235918,0
12568,133.5839223,210.3235918,0
12569,133.5839223,210.3235918,0
12570,133.5839223,210.3235918,0
12571,133.5839223,210.3235918,0
12572,133.5839223,210.3235918,0
12573,133.5839223,210.3235918,0
12574,133.5839223,210.3235918,0
12575,133.5839223,210.3235918,0
12576,133.5839223,210.3235918,0
12577,133.5839223,210.3235918,0
12578,133.5839223,210.3235918,0
12579,133.5839223,210.3235918,0
12580,133.5839223,210.3235918,0
12581,133.5839223,210.3235918,0
12582,133.5839223,210.3235918,0
12583,133.5839223,210.3235918,0
12584,133.5839223,210.3235918,0
12585,133.5839223,210.3235918,0
12586,133.5839223,210.3235918,0
12587,133.5839223,210.3235918,0
12588,133.5839223,210.3235918,0
12589,133.5839223,210.3235918,0
12590,133.5839223,210.3235918,0
12591,133.5839223,210.3235918,0
12592,133.5839223,210.3235918,0
12593,133.5839223,210.3235918,0
12594,130.7417115,210.3235918,0
12595,130.7417115,210.3235918,0
12596,130.7417115,210.3235918,0
12597,130.7417115,210.3235918,0
12598,130.7417115,210.3235918,0
12599,130.7417115,210.3235918,0
12600,130.7417115,210.3235918,0
12601,130.7417115,210.3235918,0
12602,130.7417115,210.3235918,0
12603,130.7417115,210.3235918,0
12604,130.7417115,210.3235918,0
12605,130.7417115,210.3235918,0
12606,130.7417115,210.3235918,0
12607,130.7417115,210.3235918,0
12608,130.7417115,210.3235918,0
12609,130.7417115,210.3235918,0
12610,130.7417115,210.3235918,0
12611,130.7417115,210.3235918,0
12612,130.7417115,210.3235918,0
12613,130.7417115,210.3235918,0
12614,130.7417115,210.3235918,0
12615,130.7417115,210.3235918,0
12616,130.7417115,210.3235918,0
12617,130.7417115,210.3235918,0
12618,130.7417115,210.3235918,0
12619,130.7417115,210.3235918,0
12620,130.7417115,210.3235918,0
12621,130.7417115,210.3235918,0
12622,130.7417115,210.3235918,0
12623,130.7417115,210.3235918,0
12624,130.7417115,210.3235918,0
12625,130.7417115,210.3235918,0
12626,130.7417115,210.3235918,0
12627,130.7417115,210.3235918,0
12628,130.7417115,210.3235918,0
12629,133.5839223,207.4813811,0
12630,133.5839223,207.4813811,0
12631,133.5839223,207.4813811,0
12632,133.5839223,207.4813811,0
12633,133.5839223,207.4813811,0
12634,133.5839223,207.4813811,0
12635,133.5839223,207.4813811,0
12636,133.5839223,207.4813811,0
12637,133.5839223,207.4813811,0
12638,133.5839223,207.4813811,0
12639,133.5839223,207.4813811,0
12640,133.5839223,207.4813811,0
12641,133.5839223,207.4813811,0
12642,133.5839223,207.4813811,0
12643,133.5839223,207.4813811,0
12644,133.5839223,207.4813811,0
12645,133.5839223,207.4813811,0
12646,133.5839223,207.4813811,0
12647,133.5839223,207.4813811,0
12648,133.5839223,207.4813811,0
12649,133.5839223,207.4813811,0
12650,133.5839223,207.4813811,0
12651,133.5839223,207.4813811,0
12652,133.5839223,207.4813811,0
12653,133.5839223,207.4813811,0
12654,133.5839223,207.4813811,0
12655,133.5839224,207.4813811,0
12656,133.5839224,207.4813811,0
12657,133.5839224,210.3235918,0
12658,133.5839224,210.3235918,0
12659,133.5839224,210.3235918,0
12660,133.5839224,210.3235918,0
12661,133.5839224,210.3235918,0
12662,133.5839224,210.3235918,0
12663,133.5839224,210.3235918,0
12664,133.5839224,210.3235918,0
12665,133.5839224,210.3235918,0
12666,133.5839224,210.3235918,0
12667,133.5839224,210.3235918,0
12668,133.5839224,210.3235918,0
12669,133.5839224,210.3235918,0
12670,133.5839224,210.3235918,0
12671,133.5839224,210.3235918,0
12672,133.5839224,210.3235918,0
12673,133.5839224,210.3235918,0
12674,133.5839224,210.3235918,0
12675,133.5839224,210.3235918,0
12676,133.5839224,210.3235918,0
12677,133.5839224,210.3235918,0
12678,133.5839224,210.3235918,0
12679,133.5839224,210.3235918,0
12680,133.5839224,210.3235918,0
12681,133.5839224,210.3235918,0
12682,133.5839224,210.3235918,0
12683,133.5839224,210.3235918,0
12684,133.5839224,210.3235918,0
12685,133.5839224,210.3235918,0
12686,133.5839224,210.3235918,0
12687,133.5839224,210.3235918,0
12688,133.5839224,210.3235918,0
12689,133.5839224,210.3235918,0
12690,133.5839224,210.3235918,0
12691,133.5839224,210.3235918,0
12692,133.5839224,210.3235918,0
12693,133.5839224,210.3235918,0
12694,133.5839224,210.3235918,0
12695,133.5839224,210.3235918,0
12696,133.5839224,210.3235918,0
12697,133.5839224,210.3235918,0
12698,133.5839224,210.3235918,0
12699,133.5839224,210.3235918,0
12700,133.5839224,210.3235918,0
12701,133.5839224,210.3235918,0
12702,133.5839224,210.3235918,0
12703,133.5839224,210.3235918,0
12704,133.5839224,210.3235918,0
12705,130.7417112,210.3235918,0
12706,130.7417112,210.3235918,0
12707,130.7417112,207.4813811,0
12708,130.7417112,207.4813811,0
12709,130.7417112,207.4813811,0
12710,130.7417112,207.4813811,0
12711,130.7417112,207.4813811,0
12712,130.7417112,207.4813811,0
12713,130.7417112,207.4813811,0
12714,130.7417112,207.4813811,0
12715,130.7417112,207.4813811,0
12716,130.7417112,207.4813811,0
12717,130.7417112,207.4813811,0
12718,130.7417112,207.4813811,0
12719,130.7417112,207.4813811,0
12720,130.7417112,207.4813811,0
12721,130.7417112,207.4813811,0
12722,130.7417112,207.4813811,0
12723,130.7417112,207.4813811,0
12724,130.7417112,207.4813811,0
12725,130.7417112,207.4813811,0
12726,130.7417112,207.4813811,0
12727,130.7417112,207.4813811,0
12728,130.7417112,207.4813811,0
12729,130.7417112,207.4813811,0
12730,130.7417112,207.4813811,0
12731,130.7417112,207.4813811,0
12732,130.7417112,207.4813811,0
12733,130.7417112,207.4813811,0
12734,130.7417112,207.4813811,0
12735,130.7417112,207.4813811,0
12736,130.7417112,207.4813811,0
12737,130.7417112,207.4813811,0
12738,130.7417112,207.4813811,0
12739,130.7417111,207.4813811,0
12740,130.7417111,207.4813811,0
12741,130.7417111,207.4813811,0
12742,130.7417111,207.4813811,0
12743,130.7417111,207.4813811,0
12744,130.7417111,207.4813811,0
12745,130.7417111,207.4813811,0
12746,130.7417111,207.4813811,0
12747,130.7417111,207.4813811,0
12748,130.7417111,207.4813811,0
12749,130.7417111,207.4813811,0
12750,130.7417111,207.4813811,0
12751,130.7417111,207.4813811,0
12752,130.7417111,207.4813811,0
12753,130.7417111,207.4813811,0
12754,130.7417111,207.4813811,0
12755,130.7417111,207.4813811,0
12756,130.7417111,207.4813811,0
12757,130.7417111,207.4813811,0
12758,130.7417111,207.4813811,0
12759,130.7417111,207.4813811,0
12760,130.7417111,207.4813811,0
12761,130.7417111,207.4813811,0
12762,130.7417111,207.4813811,0
12763,130.7417111,207.4813811,0
12764,130.7417111,207.4813811,0
12765,130.7417111,207.4813811,0
12766,130.7417111,207.4813811,0
12767,130.7417111,207.4813811,0
12768,130.7417111,207.4813811,0
12769,130.7417111,207.4813811,0
12770,130.7417111,207.4813811,0
12771,130.7417111,207.4813811,0
12772,130.7417111,207.4813811,0
12773,130.7417111,207.4813811,0
12774,130.7417111,207.4813811,0
12775,130.7417111,207.4813811,0
12776,130.7417111,207.4813811,0
12777,130.7417111,207.4813811,0
12778,130.7417113,207.4813811,0
12779,130.7417113,207.4813811,0
12780,130.7417113,207.4813811,0
12781,130.7417113,207.4813811,0
12782,130.7417113,207.4813811,0
12783,130.7417114,207.4813811,0
12784,130.7417114,207.4813811,0
12785,130.7417114,207.4813811,0
12786,130.7417114,207.4813811,0
12787,130.7417114,213.1658025,0
12788,130.7417114,213.1658025,0
12789,130.7417114,213.1658025,0
12790,130.7417114,213.1658025,0
12791,130.7417114,213.1658025,0
12792,130.7417114,213.1658025,0
12793,130.7417114,213.1658025,0
12794,130.7417114,213.1658025,0
12795,130.7417114,213.1658025,0
12796,130.7417114,213.1658025,0
12797,130.7417114,213.1658025,0
12798,130.7417114,213.1658025,0
12799,130.7417114,213.1658025,0
12800,133.5839224,213.1658025,0
12801,133.5839224,213.1658025,0
12802,133.5839224,213.1658025,0
12803,133.5839224,213.1658025,0
12804,133.5839224,213.1658025,0
12805,133.5839224,213.1658025,0
12806,133.5839224,213.1658025,0
12807,133.5839224,213.1658025,0
12808,133.5839224,213.1658025,0
12809,133.5839224,213.1658025,0
12810,133.5839224,213.1658025,0
12811,133.5839224,213.1658025,0
12812,133.5839224,213.1658025,0
12813,133.5839224,213.1658025,0
12814,133.5839224,213.1658025,0
12815,133.5839224,213.1658025,0
12816,133.5839224,213.1658025,0
12817,133.5839224,213.1658025,0
12818,133.5839224,213.1658025,0
12819,133.5839224,213.1658025,0
12820,133.5839224,213.1658025,0
12821,133.5839224,213.1658025,0
12822,133.5839224,213.1658025,0
12823,133.5839224,213.1658025,0
12824,133.5839224,213.1658025,0
12825,133.5839224,213.1658025,0
12826,133.5839224,213.1658025,0
12827,133.5839224,213.1658025,0
12828,133.5839224,213.1658025,0
12829,133.5839224,213.1658025,0
12830,133.5839224,213.1658025,0
12831,133.5839224,213.1658025,0
12832,133.5839224,213.1658025,0
12833,133.5839224,213.1658025,0
12834,133.5839224,213.1658025,0
12835,133.5839224,213.1658025,0
12836,133.5839224,213.1658025,0
12837,133.5839224,210.3235918,0
12838,133.5839224,210.3235918,0
12839,133.5839224,210.3235918,0
12840,133.5839224,210.3235918,0
12841,133.5839224,210.3235918,0
12842,133.5839224,210.3235918,0
12843,133.5839224,210.3235918,0
12844,133.5839224,210.3235918,0
12845,133.5839224,210.3235918,0
12846,133.5839224,210.3235918,0
12847,133.5839224,210.3235918,0
12848,133.5839224,210.3235918,0
12849,133.5839224,210.3235918,0
12850,133.5839224,210.3235918,0
12851,133.5839224,210.3235918,0
12852,133.5839224,210.3235918,0
12853,133.5839224,210.3235918,0
12854,133.5839224,210.3235918,0
12855,133.5839224,210.3235918,0
12856,133.5839224,210.3235918,0
12857,133.5839224,210.3235918,0
12858,133.5839224,210.3235918,0
12859,133.5839224,210.3235918,0
12860,133.5839224,210.3235918,0
12861,133.5839224,210.3235918,0
12862,133.5839224,210.3235918,0
12863,133.5839224,210.3235918,0
12864,133.5839224,210.3235918,0
12865,133.5839224,210.3235918,0
12866,133.5839224,210.3235918,0
12867,133.5839224,210.3235918,0
12868,133.5839224,210.3235918,0
12869,133.5839224,210.3235918,0
12870,133.5839224,210.3235918,0
12871,133.5839224,210.3235918,0
12872,133.5839224,210.3235918,0
12873,133.5839224,210.3235918,0
12874,133.5839224,210.3235918,0
12875,133.5839224,210.3235918,0
12876,133.5839224,210.3235918,0
12877,133.5839224,210.3235918,0
12878,133.5839224,210.3235918,0
12879,133.5839224,210.3235918,0
12880,133.5839224,210.3235918,0
12881,133.5839224,210.3235918,0
12882,133.5839224,210.3235918,0
12883,133.5839224,210.3235918,0
12884,133.5839224,210.3235918,0
12885,133.5839224,210.3235918,0
12886,133.5839224,210.3235918,0
12887,133.5839224,210.3235918,0
12888,133.5839224,210.3235918,0
12889,133.5839224,210.3235918,0
12890,133.5839224,210.3235918,0
12891,133.5839224,210.3235918,0
12892,133.5839224,210.3235918,0
12893,130.7417114,210.3235918,0
12894,130.7417114,210.3235918,0
12895,130.7417114,210.3235918,0
12896,130.7417114,210.3235918,0
12897,133.5839225,210.3235918,0
12898,133.5839225,210.3235918,0
12899,133.5839225,210.3235918,0
12900,133.5839225,210.3235918,0
12901,133.5839225,210.3235918,0
12902,133.5839225,210.3235918,0
12903,133.5839225,210.3235918,0
12904,133.5839225,210.3235918,0
12905,133.5839225,210.3235918,0
12906,133.5839225,210.3235918,0
12907,133.5839225,210.3235918,0
12908,133.5839225,210.3235918,0
12909,133.5839225,210.3235918,0
12910,133.5839225,210.3235918,0
12911,133.5839225,210.3235918,0
12912,133.5839225,210.3235918,0
12913,133.5839225,210.3235918,0
12914,133.5839225,210.3235918,0
12915,133.5839225,210.3235918,0
12916,133.5839225,210.3235918,0
12917,133.5839225,210.3235918,0
12918,133.5839225,210.3235918,0
12919,133.5839225,210.3235918,0
12920,133.5839225,210.3235918,0
12921,133.5839225,210.3235918,0
12922,133.5839225,210.3235918,0
12923,133.5839225,210.3235918,0
12924,133.5839225,210.3235918,0
12925,133.5839225,210.3235918,0
12926,133.5839225,210.3235918,0
12927,133.5839225,210.3235918,0
12928,133.5839225,210.3235918,0
12929,133.5839225,210.3235918,0
12930,133.5839225,210.3235918,0
12931,133.5839225,210.3235918,0
12932,133.5839225,210.3235918,0
12933,133.5839225,210.3235918,0
12934,133.5839225,210.3235918,0
12935,133.5839225,210.3235918,0
12936,133.5839225,210.3235918,0
12937,133.5839225,210.3235918,0
12938,133.5839225,210.3235918,0
12939,133.5839225,210.3235918,0
12940,133.5839225,210.3235918,0
12941,133.5839225,210.3235918,0
12942,133.5839225,210.3235918,0
12943,133.5839225,210.3235918,0
12944,133.5839225,210.3235918,0
12945,133.5839225,210.3235918,0
12946,133.5839225,210.3235918,0
12947,133.5839224,210.3235918,0
12948,133.5839224,210.3235918,0
12949,133.5839224,210.3235918,0
12950,133.5839224,210.3235918,0
12951,133.5839224,210.3235918,0
12952,133.5839224,213.1658025,0
12953,133.5839224,213.1658025,0
12954,133.5839224,213.1658025,0
12955,133.5839224,213.1658025,0
12956,136.4261334,213.1658025,0
12957,136.4261334,213.1658025,0
12958,136.4261334,213.1658025,0
12959,136.4261334,213.1658025,0
12960,136.4261334,213.1658025,0
12961,136.4261334,213.1658025,0
12962,136.4261334,213.1658025,0
12963,136.4261334,213.1658025,0
12964,136.4261334,213.1658025,0
12965,136.4261334,213.1658025,0
12966,136.4261334,213.1658025,0
12967,136.4261334,213.1658025,0
12968,136.4261334,213.1658025,0
12969,136.4261334,213.1658025,0
12970,136.4261334,213.1658025,0
12971,136.4261334,213.1658025,0
12972,136.4261334,213.1658025,0
12973,136.4261334,213.1658025,0
12974,136.4261334,213.1658025,0
12975,136.4261334,213.1658025,0
12976,136.4261334,213.1658025,0
12977,136.4261334,213.1658025,0
12978,136.4261334,213.1658025,0
12979,136.4261334,213.1658025,0
12980,136.4261334,213.1658025,0
12981,136.4261334,213.1658025,0
12982,136.4261334,213.1658025,0
12983,136.4261334,213.1658025,0
12984,136.4261334,213.1658025,0
12985,136.4261334,213.1658025,0
12986,136.4261334,213.1658025,0
12987,136.4261334,213.1658025,0
12988,136.4261334,213.1658025,0
12989,136.4261334,213.1658025,0
12990,136.4261334,213.1658025,0
12991,136.4261334,213.1658025,0
12992,136.4261334,213.1658025,0
12993,136.4261334,213.1658025,0
12994,136.4261334,213.1658025,0
12995,136.4261334,213.1658025,0
12996,136.4261334,213.1658025,0
12997,136.4261334,213.1658025,0
12998,136.4261334,213.1658025,0
12999,136.4261334,213.1658025,0
13000,136.4261334,213.1658025,0
13001,136.4261334,213.1658025,0
13002,136.4261334,210.3235918,0
13003,136.4261334,210.3235918,0
13004,136.4261334,210.3235918,0
13005,136.4261334,210.3235918,0
13006,130.7417114,210.3235918,0
13007,130.7417114,210.3235918,0
13008,130.7417114,210.3235918,0
13009,130.7417114,210.3235918,0
13010,130.7417114,210.3235918,0
13011,130.7417114,210.3235918,0
13012,130.7417114,210.3235918,0
13013,130.7417114,210.3235918,0
13014,130.7417114,210.3235918,0
13015,130.7417114,210.3235918,0
13016,130.7417114,210.3235918,0
13017,130.7417114,210.3235918,0
13018,130.7417114,210.3235918,0
13019,130.7417114,210.3235918,0
13020,130.7417114,210.3235918,0
13021,133.5839225,210.3235918,0
13022,133.5839225,210.3235918,0
13023,133.5839225,210.3235918,0
13024,133.5839225,210.3235918,0
13025,133.5839225,210.3235918,0
13026,133.5839225,210.3235918,0
13027,133.5839225,210.3235918,0
13028,133.5839225,210.3235918,0
13029,133.5839225,210.3235918,0
13030,133.5839225,210.3235918,0
13031,133.5839225,210.3235918,0
13032,133.5839225,210.3235918,0
13033,133.5839225,210.3235918,0
13034,133.5839225,210.3235918,0
13035,133.5839225,210.3235918,0
13036,133.5839225,210.3235918,0
13037,133.5839225,210.3235918,0
13038,133.5839225,210.3235918,0
13039,133.5839225,210.3235918,0
13040,133.5839225,210.3235918,0
13041,133.5839225,210.3235918,0
13042,133.5839225,210.3235918,0
13043,133.5839225,210.3235918,0
13044,133.5839225,210.3235918,0
13045,133.5839225,210.3235918,0
13046,133.5839225,210.3235918,0
13047,133.5839225,210.3235918,0
13048,133.5839225,210.3235918,0
13049,133.5839225,210.3235918,0
13050,133.5839225,210.3235918,0
13051,133.5839225,210.3235918,0
13052,133.5839225,210.3235918,0
13053,133.5839225,210.3235918,0
13054,133.5839225,210.3235918,0
13055,133.5839225,210.3235918,0
13056,133.5839225,210.3235918,0
13057,133.5839225,210.3235918,0
13058,133.5839225,210.3235918,0
13059,133.5839225,210.3235918,0
13060,133.5839225,210.3235918,0
13061,133.5839225,210.3235918,0
13062,133.5839225,210.3235918,0
13063,136.4261336,210.3235918,0
13064,136.4261336,210.3235918,0
13065,136.4261336,210.3235918,0
13066,136.4261336,210.3235918,0
13067,136.4261336,210.3235918,0
13068,136.4261336,210.3235918,0
13069,136.4261336,210.3235918,0
13070,136.4261336,210.3235918,0
13071,136.4261336,210.3235918,0
13072,136.4261336,210.3235918,0
13073,136.4261336,210.3235918,0
13074,136.4261336,210.3235918,0
13075,136.4261336,210.3235918,0
13076,136.4261336,210.3235918,0
13077,136.4261336,210.3235918,0
13078,136.4261336,210.3235918,0
13079,136.4261336,210.3235918,0
13080,136.4261336,210.3235918,0
13081,136.4261336,210.3235918,0
13082,136.4261336,210.3235918,0
13083,136.4261336,210.3235918,0
13084,136.4261336,210.3235918,0
13085,136.4261336,210.3235918,0
13086,136.4261336,210.3235918,0
13087,136.4261336,210.3235918,0
13088,136.4261336,210.3235918,0
13089,136.4261336,210.3235918,0
13090,136.4261336,210.3235918,0
13091,136.4261336,210.3235918,0
13092,136.4261336,210.3235918,0
13093,136.4261336,210.3235918,0
13094,136.4261336,210.3235918,0
13095,136.4261336,210.3235918,0
13096,136.4261336,210.3235918,0
13097,136.4261336,210.3235918,0
13098,136.4261336,210.3235918,0
13099,136.4261336,210.3235918,0
13100,136.4261336,210.3235918,0
13101,136.4261336,210.3235918,0
13102,136.4261336,210.3235918,0
13103,136.4261336,210.3235918,0
13104,136.4261336,210.3235918,0
13105,136.4261336,210.3235918,0
13106,136.4261336,210.3235918,0
13107,136.4261336,210.3235918,0
13108,136.4261336,210.3235918,0
13109,136.4261336,210.3235918,0
13110,136.4261336,210.3235918,0
13111,136.4261336,210.3235918,0
13112,136.4261336,210.3235918,0
13113,136.4261335,210.3235918,0
13114,136.4261335,210.3235918,0
13115,136.4261335,210.3235918,0
13116,136.4261335,210.3235918,0
13117,136.4261335,210.3235918,0
13118,136.4261335,210.3235918,0
13119,136.4261335,210.3235918,0
13120,136.4261335,207.4813811,0
13121,136.4261335,207.4813811,0
13122,136.4261335,207.4813811,0
13123,136.4261335,207.4813811,0
13124,136.4261335,207.4813811,0
13125,136.4261335,207.4813811,0
13126,136.4261335,207.4813811,0
13127,136.4261335,207.4813811,0
13128,136.4261335,207.4813811,0
13129,136.4261335,207.4813811,0
13130,136.4261335,207.4813811,0
13131,136.4261335,207.4813811,0
13132,136.4261335,207.4813811,0
13133,136.4261335,207.4813811,0
13134,136.4261335,207.4813811,0
13135,136.4261335,207.4813811,0
13136,136.4261335,207.4813811,0
13137,136.4261335,207.4813811,0
13138,136.4261335,207.4813811,0
13139,136.4261335,207.4813811,0
13140,136.4261335,207.4813811,0
13141,136.4261335,207.4813811,0
13142,136.4261335,207.4813811,0
13143,136.4261335,207.4813811,0
13144,136.4261335,207.4813811,0
13145,136.4261335,207.4813811,0
13146,136.4261335,207.4813811,0
13147,136.4261335,207.4813811,0
13148,136.4261335,207.4813811,0
13149,136.4261335,207.4813811,0
13150,136.4261335,207.4813811,0
13151,136.4261335,207.4813811,0
13152,136.4261335,207.4813811,0
13153,136.4261335,207.4813811,0
13154,136.4261335,207.4813811,0
13155,136.4261335,207.4813811,0
13156,136.4261335,207.4813811,0
13157,136.4261335,207.4813811,0
13158,136.4261335,207.4813811,0
13159,136.4261335,207.4813811,0
13160,136.4261335,216.0080132,0
13161,136.4261335,216.0080132,0
13162,136.4261335,216.0080132,0
13163,136.4261335,216.0080132,0
13164,136.4261334,216.0080132,0
13165,136.4261334,216.0080132,0
13166,136.4261334,216.0080132,0
13167,136.4261334,216.0080132,0
13168,136.4261334,216.0080132,0
13169,136.4261334,216.0080132,0
13170,136.4261334,216.0080132,0
13171,136.4261334,216.0080132,0
13172,136.4261334,216.0080132,0
13173,136.4261334,216.0080132,0
13174,136.4261334,216.0080132,0
13175,136.4261334,216.0080132,0
13176,136.4261336,216.0080132,0
13177,136.4261336,216.0080132,0
13178,136.4261336,216.0080132,0
13179,136.4261336,216.0080132,0
13180,136.4261336,216.0080132,0
13181,136.4261336,216.0080132,0
13182,136.4261336,216.0080132,0
13183,136.4261336,216.0080132,0
13184,136.4261336,216.0080132,0
13185,136.4261336,216.0080132,0
13186,136.4261336,216.0080132,0
13187,136.4261336,216.0080132,0
13188,136.4261336,216.0080132,0
13189,136.4261336,216.0080132,0
13190,136.4261336,216.0080132,0
13191,136.4261336,216.0080132,0
13192,136.4261336,216.0080132,0
13193,136.4261336,216.0080132,0
13194,136.4261336,216.0080132,0
13195,136.4261336,216.0080132,0
13196,136.4261336,216.0080132,0
13197,136.4261336,216.0080132,0
13198,136.4261336,216.0080132,0
13199,136.4261336,216.0080132,0
13200,136.4261336,216.0080132,0
13201,136.4261336,216.0080132,0
13202,136.4261336,216.0080132,0
13203,136.4261336,216.0080132,0
13204,136.4261336,216.0080132,0
13205,136.4261336,216.0080132,0
13206,136.4261336,216.0080132,0
13207,136.4261336,216.0080132,0
13208,136.4261336,216.0080132,0
13209,136.4261336,216.0080132,0
13210,136.4261336,210.3235918,0
13211,136.4261336,210.3235918,0
13212,136.4261336,210.3235918,0
13213,136.4261336,210.3235918,0
13214,136.4261336,210.3235918,0
13215,136.4261337,210.3235918,0
13216,136.4261337,210.3235918,0
13217,136.4261337,210.3235918,0
13218,136.4261337,210.3235918,0
13219,136.4261337,210.3235918,0
13220,136.4261337,210.3235918,0
13221,136.4261337,210.3235918,0
13222,136.4261337,210.3235918,0
13223,136.4261337,210.3235918,0
13224,136.4261337,210.3235918,0
13225,136.4261337,210.3235918,0
13226,136.4261337,213.1658025,0
13227,136.4261337,213.1658025,0
13228,136.4261337,213.1658025,0
13229,136.4261337,213.1658025,0
13230,136.4261337,213.1658025,0
13231,136.4261337,213.1658025,0
13232,139.2683445,213.1658025,0
13233,139.2683445,213.1658025,0
13234,139.2683445,213.1658025,0
13235,139.2683445,213.1658025,0
13236,139.2683445,213.1658025,0
13237,139.2683445,213.1658025,0
13238,139.2683445,213.1658025,0
13239,139.2683445,213.1658025,0
13240,139.2683445,213.1658025,0
13241,139.2683445,213.1658025,0
13242,139.2683445,213.1658025,0
13243,139.2683445,213.1658025,0
13244,139.2683445,213.1658025,0
13245,139.2683445,213.1658025,0
13246,139.2683445,213.1658025,0
13247,139.2683445,213.1658025,0
13248,139.2683445,213.1658025,0
13249,139.2683445,213.1658025,0
13250,139.2683445,213.1658025,0
13251,139.2683445,213.1658025,0
13252,139.2683445,213.1658025,0
13253,139.2683445,213.1658025,0
13254,139.2683445,213.1658025,0
13255,139.2683445,213.1658025,0
13256,139.2683445,213.1658025,0
13257,139.2683445,213.1658025,0
13258,139.2683445,213.1658025,0
13259,139.2683445,213.1658025,0
13260,139.2683445,213.1658025,0
13261,139.2683445,213.1658025,0
13262,139.2683445,213.1658025,0
13263,139.2683445,213.1658025,0
13264,139.2683445,213.1658025,0
13265,139.2683445,213.1658025,0
13266,139.2683445,213.1658025,0
13267,139.2683445,213.1658025,0
13268,139.2683445,213.1658025,0
13269,139.2683445,213.1658025,0
13270,139.2683445,213.1658025,0
13271,139.2683445,213.1658025,0
13272,139.2683445,213.1658025,0
13273,139.2683445,213.1658025,0
13274,139.2683445,213.1658025,0
13275,139.2683445,213.1658025,0
13276,139.2683445,210.3235918,0
13277,139.2683445,210.3235918,0
13278,139.2683445,210.3235918,0
13279,139.2683445,210.3235918,0
13280,139.2683445,210.3235918,0
13281,139.2683445,210.3235918,0
13282,136.4261337,210.3235918,0
13283,136.4261337,210.3235918,0
13284,136.4261337,210.3235918,0
13285,136.4261337,210.3235918,0
13286,136.4261337,210.3235918,0
13287,136.4261337,210.3235918,0
13288,136.4261337,210.3235918,0
13289,136.4261337,210.3235918,0
13290,136.4261334,210.3235918,0
13291,136.4261334,210.3235918,0
13292,136.4261334,210.3235918,0
13293,136.4261334,210.3235918,0
13294,136.4261334,210.3235918,0
13295,136.4261334,210.3235918,0
13296,136.4261334,210.3235918,0
13297,136.4261334,210.3235918,0
13298,136.4261334,210.3235918,0
13299,136.4261334,210.3235918,0
13300,136.4261334,210.3235918,0
13301,136.4261334,210.3235918,0
13302,136.4261334,210.3235918,0
13303,136.4261334,210.3235918,0
13304,136.4261334,210.3235918,0
13305,136.4261334,210.3235918,0
13306,136.4261334,210.3235918,0
13307,136.4261337,210.3235918,0
13308,136.4261337,210.3235918,0
13309,136.4261337,210.3235918,0
13310,136.4261337,210.3235918,0
13311,136.4261337,210.3235918,0
13312,136.4261337,210.3235918,0
13313,136.4261337,210.3235918,0
13314,136.4261337,210.3235918,0
13315,136.4261337,210.3235918,0
13316,136.4261337,210.3235918,0
13317,136.4261337,210.3235918,0
13318,136.4261337,210.3235918,0
13319,136.4261337,210.3235918,0
13320,136.4261337,210.3235918,0
13321,136.4261337,210.3235918,0
13322,136.4261337,210.3235918,0
13323,136.4261337,210.3235918,0
13324,136.4261337,210.3235918,0
13325,136.4261337,210.3235918,0
13326,136.4261337,210.3235918,0
13327,136.4261337,210.3235918,0
13328,136.4261337,210.3235918,0
13329,136.4261337,210.3235918,0
13330,136.4261337,210.3235918,0
13331,136.4261337,210.3235918,0
13332,136.4261337,210.3235918,0
13333,136.4261337,210.3235918,0
13334,136.4261337,210.3235918,0
13335,136.4261337,210.3235918,0
13336,136.4261337,210.3235918,0
13337,136.4261337,210.3235918,0
13338,136.4261337,210.3235918,0
13339,136.4261337,210.3235918,0
13340,136.4261337,210.3235918,0
13341,136.4261337,210.3235918,0
13342,136.4261337,207.4813811,0
13343,136.4261337,207.4813811,0
13344,136.4261337,207.4813811,0
13345,136.4261337,207.4813811,0
13346,136.4261337,207.4813811,0
13347,136.4261337,210.3235918,0
13348,136.4261337,210.3235918,0
13349,136.4261337,210.3235918,0
13350,136.4261337,210.3235918,0
13351,136.4261337,210.3235918,0
13352,136.4261337,210.3235918,0
13353,136.4261337,210.3235918,0
13354,136.4261337,210.3235918,0
13355,136.4261337,210.3235918,0
13356,136.4261337,210.3235918,0
13357,136.4261337,210.3235918,0
13358,136.4261337,210.3235918,0
13359,136.4261337,210.3235918,0
13360,136.4261337,210.3235918,0
13361,136.4261337,210.3235918,0
13362,136.4261337,210.3235918,0
13363,136.4261337,210.3235918,0
13364,136.4261337,210.3235918,0
13365,136.4261337,210.3235918,0
13366,136.4261337,210.3235918,0
13367,136.4261337,210.3235918,0
13368,136.4261337,210.3235918,0
13369,136.4261337,210.3235918,0
13370,136.4261337,210.3235918,0
13371,136.4261337,210.3235918,0
13372,136.4261337,210.3235918,0
13373,136.4261337,210.3235918,0
13374,136.4261337,210.3235918,0
13375,136.4261337,210.3235918,0
13376,136.4261337,210.3235918,0
13377,136.4261337,213.1658025,0
13378,136.4261337,213.1658025,0
13379,136.4261337,213.1658025,0
13380,136.4261337,213.1658025,0
13381,136.4261337,213.1658025,0
13382,136.4261337,213.1658025,0
13383,136.4261337,213.1658025,0
13384,136.4261337,213.1658025,0
13385,136.4261337,213.1658025,0
13386,136.4261337,213.1658025,0
13387,136.4261337,213.1658025,0
13388,136.4261337,213.1658025,0
13389,136.4261337,213.1658025,0
13390,136.4261337,213.1658025,0
13391,136.4261337,213.1658025,0
13392,136.4261337,213.1658025,0
13393,136.4261337,213.1658025,0
13394,136.4261337,213.1658025,0
13395,136.4261337,213.1658025,0
13396,136.4261337,213.1658025,0
13397,133.5839223,213.1658025,0
13398,133.5839223,213.1658025,0
13399,133.5839223,213.1658025,0
13400,133.5839223,213.1658025,0
13401,133.5839223,213.1658025,0
13402,133.5839223,213.1658025,0
13403,133.5839223,213.1658025,0
13404,133.5839223,213.1658025,0
13405,133.5839223,213.1658025,0
13406,133.5839223,213.1658025,0
13407,133.5839223,213.1658025,0
13408,133.5839223,213.1658025,0
13409,133.5839223,213.1658025,0
13410,133.5839223,213.1658025,0
13411,133.5839223,213.1658025,0
13412,133.5839223,213.1658025,0
13413,133.5839223,213.1658025,0
13414,133.5839223,213.1658025,0
13415,133.5839223,213.1658025,0
13416,133.5839223,213.1658025,0
13417,133.5839223,213.1658025,0
13418,133.5839223,213.1658025,0
13419,133.5839223,213.1658025,0
13420,130.7417114,213.1658025,0
13421,130.7417114,213.1658025,0
13422,130.7417114,213.1658025,0
13423,130.7417114,213.1658025,0
13424,130.7417114,213.1658025,0
13425,130.7417114,213.1658025,0
13426,130.7417114,213.1658025,0
13427,130.7417114,210.3235918,0
13428,130.7417114,210.3235918,0
13429,130.7417114,210.3235918,0
13430,130.7417114,210.3235918,0
13431,130.7417114,210.3235918,0
13432,130.7417114,210.3235918,0
13433,130.7417114,210.3235918,0
13434,130.7417114,210.3235918,0
13435,130.7417114,210.3235918,0
13436,130.7417114,210.3235918,0
13437,130.7417114,210.3235918,0
13438,130.7417114,210.3235918,0
13439,119.3728667,210.3235918,0
13440,119.3728667,210.3235918,0
13441,119.3728667,210.3235918,0
13442,119.3728667,210.3235918,0
13443,119.3728667,210.3235918,0
13444,119.3728667,207.4813811,0
13445,119.3728667,207.4813811,0
13446,119.3728667,207.4813811,0
13447,119.3728667,207.4813811,0
13448,119.3728667,207.4813811,0
13449,119.3728667,207.4813811,0
13450,119.3728667,207.4813811,0
13451,119.3728667,207.4813811,0
13452,119.3728667,207.4813811,0
13453,119.3728667,207.4813811,0
13454,119.3728667,207.4813811,0
13455,119.3728667,207.4813811,0
13456,113.6884448,207.4813811,0
13457,113.6884448,207.4813811,0
13458,113.6884448,207.4813811,0
13459,113.6884448,207.4813811,0
13460,113.6884448,207.4813811,0
13461,113.6884448,207.4813811,0
13462,113.6884448,207.4813811,0
13463,113.6884448,207.4813811,0
13464,113.6884448,207.4813811,0
13465,113.6884448,207.4813811,0
13466,113.6884448,207.4813811,0
13467,113.6884448,207.4813811,0
13468,113.6884448,207.4813811,0
13469,113.6884448,207.4813811,0
13470,113.6884448,207.4813811,0
13471,113.6884448,207.4813811,0
13472,113.6884448,207.4813811,0
13473,113.6884448,207.4813811,0
13474,113.6884448,207.4813811,0
13475,113.6884448,207.4813811,0
13476,113.6884448,207.4813811,0
13477,113.6884448,207.4813811,0
13478,113.6884448,207.4813811,0
13479,113.6884448,207.4813811,0
13480,113.6884448,207.4813811,0
13481,113.6884448,207.4813811,0
13482,113.6884448,207.4813811,0
13483,113.6884448,207.4813811,0
13484,113.6884448,207.4813811,0
13485,113.6884448,207.4813811,0
13486,113.6884448,207.4813811,0
13487,113.6884448,207.4813811,0
13488,113.6884448,207.4813811,0
13489,113.6884448,207.4813811,0
13490,113.6884448,207.4813811,0
13491,113.6884448,207.4813811,0
13492,113.6884448,207.4813811,0
13493,113.6884448,207.4813811,0
13494,113.6884448,207.4813811,0
13495,113.6884448,207.4813811,0
13496,113.6884448,207.4813811,0
13497,113.6884448,207.4813811,0
13498,113.6884448,207.4813811,0
13499,113.6884448,207.4813811,0
13500,113.6884448,207.4813811,0
13501,110.8462334,207.4813811,0
13502,110.8462334,207.4813811,0
13503,110.8462334,207.4813811,0
13504,113.6884447,207.4813811,0
13505,113.6884447,207.4813811,0
13506,113.6884447,207.4813811,0
13507,113.6884447,207.4813811,0
13508,113.6884447,207.4813811,0
13509,113.6884447,207.4813811,0
13510,113.6884447,207.4813811,0
13511,113.6884447,207.4813811,0
13512,113.6884447,207.4813811,0
13513,113.6884447,207.4813811,0
13514,113.6884447,207.4813811,0
13515,113.6884447,207.4813811,0
13516,113.6884447,207.4813811,0
13517,113.6884447,207.4813811,0
13518,113.6884447,207.4813811,0
13519,113.6884448,207.4813811,0
13520,113.6884448,207.4813811,0
13521,113.6884448,207.4813811,0
13522,113.6884448,207.4813811,0
13523,113.6884448,207.4813811,0
13524,113.6884448,207.4813811,0
13525,113.6884448,207.4813811,0
13526,113.6884448,207.4813811,0
13527,113.6884448,207.4813811,0
13528,113.6884448,207.4813811,0
13529,113.6884448,207.4813811,0
13530,113.6884448,207.4813811,0
13531,113.6884448,207.4813811,0
13532,113.6884448,207.4813811,0
13533,113.6884448,207.4813811,0
13534,113.6884448,210.3235918,0
13535,113.6884448,210.3235918,0
13536,113.6884448,210.3235918,0
13537,113.6884448,210.3235918,0
13538,113.6884448,210.3235918,0
13539,113.6884448,210.3235918,0
13540,113.6884448,210.3235918,0
13541,113.6884448,210.3235918,0
13542,113.6884448,210.3235918,0
13543,113.6884448,210.3235918,0
13544,113.6884448,210.3235918,0
13545,116.5306557,210.3235918,0
13546,116.5306557,210.3235918,0
13547,116.5306557,210.3235918,0
13548,116.5306557,210.3235918,0
13549,116.5306557,210.3235918,0
13550,116.5306557,210.3235918,0
13551,116.5306557,210.3235918,0
13552,116.5306557,210.3235918,0
13553,116.5306557,210.3235918,0
13554,116.5306557,210.3235918,0
13555,116.5306557,210.3235918,0
13556,116.5306557,210.3235918,0
13557,116.5306557,210.3235918,0
13558,116.5306557,210.3235918,0
13559,116.5306557,210.3235918,0
13560,116.5306557,210.3235918,0
13561,116.5306557,210.3235918,0
13562,116.5306557,210.3235918,0
13563,116.5306557,210.3235918,0
13564,116.5306557,210.3235918,0
13565,116.5306557,210.3235918,0
13566,116.5306557,210.3235918,0
13567,116.5306557,210.3235918,0
13568,116.5306557,210.3235918,0
13569,116.5306557,210.3235918,0
13570,116.5306557,210.3235918,0
13571,116.5306557,210.3235918,0
13572,116.5306557,210.3235918,0
13573,116.5306557,210.3235918,0
13574,116.5306557,210.3235918,0
13575,116.5306557,210.3235918,0
13576,116.5306557,210.3235918,0
13577,116.5306557,210.3235918,0
13578,116.5306557,210.3235918,0
13579,116.5306557,210.3235918,0
13580,116.5306557,210.3235918,0
13581,116.5306557,210.3235918,0
13582,116.5306557,210.3235918,0
13583,116.5306557,210.3235918,0
13584,116.5306557,207.4813811,0
13585,116.5306557,207.4813811,0
13586,119.3728667,207.4813811,0
13587,119.3728667,207.4813811,0
13588,119.3728667,207.4813811,0
13589,119.3728667,207.4813811,0
13590,119.3728667,207.4813811,0
13591,119.3728667,207.4813811,0
13592,119.3728667,207.4813811,0
13593,119.3728667,207.4813811,0
13594,119.3728667,207.4813811,0
13595,119.3728667,207.4813811,0
13596,119.3728667,207.4813811,0
13597,119.3728667,207.4813811,0
13598,119.3728667,207.4813811,0
13599,119.3728667,207.4813811,0
13600,119.3728667,207.4813811,0
13601,119.3728667,207.4813811,0
13602,119.3728667,207.4813811,0
13603,119.3728667,207.4813811,0
13604,119.3728667,207.4813811,0
13605,119.3728667,207.4813811,0
13606,119.3728667,207.4813811,0
13607,119.3728667,207.4813811,0
13608,119.3728667,207.4813811,0
13609,119.3728667,207.4813811,0
13610,119.3728667,207.4813811,0
13611,119.3728667,207.4813811,0
13612,119.3728667,207.4813811,0
13613,119.3728667,207.4813811,0
13614,119.3728667,204.6391704,0
13615,119.3728667,204.6391704,0
13616,119.3728667,204.6391704,0
13617,119.3728667,204.6391704,0
13618,119.3728667,204.6391704,0
13619,119.3728667,204.6391704,0
13620,119.3728667,204.6391704,0
13621,119.3728667,204.6391704,0
13622,119.3728667,204.6391704,0
13623,119.3728667,207.4813811,0
13624,119.3728667,207.4813811,0
13625,119.3728667,207.4813811,0
13626,119.3728667,207.4813811,0
13627,119.3728667,207.4813811,0
13628,119.3728667,207.4813811,0
13629,119.3728667,207.4813811,0
13630,119.3728667,207.4813811,0
13631,119.3728667,207.4813811,0
13632,119.3728667,207.4813811,0
13633,119.3728667,207.4813811,0
13634,119.3728667,207.4813811,0
13635,119.3728667,207.4813811,0
13636,116.5306559,207.4813811,0
13637,116.5306559,207.4813811,0
13638,116.5306559,207.4813811,0
13639,116.5306559,207.4813811,0
13640,116.5306559,207.4813811,0
13641,116.5306559,207.4813811,0
13642,116.5306559,207.4813811,0
13643,116.5306559,207.4813811,0
13644,116.5306559,207.4813811,0
13645,116.5306559,207.4813811,0
13646,116.5306559,207.4813811,0
13647,116.5306559,207.4813811,0
13648,116.5306559,207.4813811,0
13649,116.5306559,207.4813811,0
13650,116.5306559,207.4813811,0
13651,116.5306559,207.4813811,0
13652,116.5306559,207.4813811,0
13653,116.5306559,207.4813811,0
13654,116.5306559,207.4813811,0
13655,116.5306559,207.4813811,0
13656,116.5306559,207.4813811,0
13657,116.5306559,207.4813811,0
13658,116.5306559,207.4813811,0
13659,116.5306559,207.4813811,0
13660,116.5306559,207.4813811,0
13661,116.5306559,207.4813811,0
13662,116.5306559,207.4813811,0
13663,116.5306559,207.4813811,0
13664,116.5306559,207.4813811,0
13665,116.5306559,207.4813811,0
13666,116.5306559,207.4813811,0
13667,116.5306559,207.4813811,0
13668,116.5306559,207.4813811,0
13669,116.5306559,207.4813811,0
13670,116.5306557,207.4813811,0
13671,116.5306557,207.4813811,0
13672,116.5306557,207.4813811,0
13673,116.5306557,207.4813811,0
13674,116.5306557,207.4813811,0
13675,116.5306557,207.4813811,0
13676,116.5306557,207.4813811,0
13677,116.5306557,207.4813811,0
13678,116.5306557,207.4813811,0
13679,116.5306557,207.4813811,0
13680,116.5306557,207.4813811,0
13681,116.5306557,207.4813811,0
13682,116.5306556,207.4813811,0
13683,116.5306556,207.4813811,0
13684,116.5306556,207.4813811,0
13685,116.5306556,207.4813811,0
13686,116.5306556,207.4813811,0
13687,116.5306556,207.4813811,0
13688,116.5306556,207.4813811,0
13689,116.5306556,207.4813811,0
13690,116.5306556,207.4813811,0
13691,116.5306556,207.4813811,0
13692,116.5306556,207.4813811,0
13693,113.6884446,207.4813811,0
13694,113.6884446,207.4813811,0
13695,113.6884446,207.4813811,0
13696,113.6884446,207.4813811,0
13697,113.6884446,207.4813811,0
13698,113.6884446,207.4813811,0
13699,113.6884446,207.4813811,0
13700,113.6884446,207.4813811,0
13701,113.6884446,207.4813811,0
13702,113.6884446,207.4813811,0
13703,113.6884446,207.4813811,0
13704,113.6884446,204.6391704,0
13705,113.6884446,204.6391704,0
13706,113.6884446,204.6391704,0
13707,113.6884446,204.6391704,0
13708,113.6884446,204.6391704,0
13709,113.6884446,204.6391704,0
13710,113.6884446,204.6391704,0
13711,110.8462335,204.6391704,0
13712,110.8462335,204.6391704,0
13713,110.8462335,204.6391704,0
13714,110.8462335,204.6391704,0
13715,110.8462335,204.6391704,0
13716,113.6884445,204.6391704,0
13717,113.6884445,204.6391704,0
13718,113.6884445,204.6391704,0
13719,113.6884445,204.6391704,0
13720,113.6884445,204.6391704,0
13721,113.6884445,204.6391704,0
13722,113.6884445,204.6391704,0
13723,113.6884445,204.6391704,0
13724,113.6884445,204.6391704,0
13725,113.6884445,204.6391704,0
13726,113.6884445,204.6391704,0
13727,113.6884445,204.6391704,0
13728,113.6884445,204.6391704,0
13729,113.6884445,204.6391704,0
13730,113.6884445,204.6391704,0
13731,113.6884445,204.6391704,0
13732,113.6884445,207.4813811,0
13733,113.6884445,207.4813811,0
13734,113.6884445,207.4813811,0
13735,113.6884445,207.4813811,0
13736,113.6884445,207.4813811,0
13737,113.6884446,207.4813811,0
13738,113.6884446,207.4813811,0
13739,113.6884446,207.4813811,0
13740,113.6884446,207.4813811,0
13741,113.6884446,207.4813811,0
13742,113.6884446,207.4813811,0
13743,113.6884446,207.4813811,0
13744,113.6884446,207.4813811,0
13745,113.6884446,207.4813811,0
13746,113.6884446,207.4813811,0
13747,113.6884448,207.4813811,0
13748,113.6884448,207.4813811,0
13749,113.6884448,207.4813811,0
13750,113.6884448,207.4813811,0
13751,113.6884448,207.4813811,0
13752,113.6884448,207.4813811,0
13753,113.6884448,207.4813811,0
13754,113.6884448,207.4813811,0
13755,113.6884448,207.4813811,0
13756,113.6884448,207.4813811,0
13757,113.6884448,207.4813811,0
13758,113.6884448,207.4813811,0
13759,113.6884448,207.4813811,0
13760,113.6884448,207.4813811,0
13761,113.6884448,207.4813811,0
13762,113.6884448,207.4813811,0
13763,113.6884448,207.4813811,0
13764,113.6884448,207.4813811,0
13765,113.6884448,207.4813811,0
13766,113.6884448,207.4813811,0
13767,113.6884448,207.4813811,0
13768,113.6884448,207.4813811,0
13769,113.6884448,207.4813811,0
13770,113.6884448,207.4813811,0
13771,113.6884448,207.4813811,0
13772,113.6884448,207.4813811,0
13773,116.5306557,207.4813811,0
13774,116.5306557,207.4813811,0
13775,116.5306557,207.4813811,0
13776,116.5306557,207.4813811,0
13777,116.5306557,207.4813811,0
13778,116.5306557,207.4813811,0
13779,116.5306557,207.4813811,0
13780,116.5306557,207.4813811,0
13781,116.5306557,207.4813811,0
13782,116.5306557,207.4813811,0
13783,116.5306557,207.4813811,0
13784,116.5306557,204.6391704,0
13785,116.5306557,204.6391704,0
13786,116.5306557,204.6391704,0
13787,116.5306557,207.4813811,0
13788,116.5306557,207.4813811,0
13789,116.5306557,207.4813811,0
13790,116.5306557,207.4813811,0
13791,116.5306557,207.4813811,0
13792,116.5306557,207.4813811,0
13793,116.5306557,207.4813811,0
13794,116.5306557,207.4813811,0
13795,116.5306557,207.4813811,0
13796,116.5306557,207.4813811,0
13797,116.5306557,207.4813811,0
13798,116.5306557,207.4813811,0
13799,116.5306557,207.4813811,0
13800,116.5306557,207.4813811,0
13801,116.5306557,207.4813811,0
13802,116.5306557,207.4813811,0
13803,116.5306557,207.4813811,0
13804,116.5306557,207.4813811,0
13805,116.5306557,207.4813811,0
13806,116.5306557,207.4813811,0
13807,116.5306557,207.4813811,0
13808,116.5306557,207.4813811,0
13809,116.5306557,207.4813811,0
13810,116.5306558,207.4813811,0
13811,116.5306558,207.4813811,0
13812,116.5306558,207.4813811,0
13813,116.5306558,207.4813811,0
13814,116.5306558,207.4813811,0
13815,116.5306558,207.4813811,0
13816,116.5306558,207.4813811,0
13817,116.5306558,207.4813811,0
13818,116.5306558,207.4813811,0
13819,116.5306558,207.4813811,0
13820,116.5306558,207.4813811,0
13821,116.5306558,207.4813811,0
13822,116.5306558,207.4813811,0
13823,116.5306558,207.4813811,0
13824,116.5306558,207.4813811,0
13825,116.5306558,207.4813811,0
13826,116.5306558,207.4813811,0
13827,116.5306558,207.4813811,0
13828,116.5306558,207.4813811,0
13829,116.5306558,207.4813811,0
13830,116.5306558,207.4813811,0
13831,116.5306558,207.4813811,0
13832,116.5306558,207.4813811,0
13833,116.5306558,207.4813811,0
13834,116.5306558,207.4813811,0
13835,116.5306558,207.4813811,0
13836,116.5306558,207.4813811,0
13837,116.5306558,207.4813811,0
13838,116.5306558,207.4813811,0
13839,116.5306558,207.4813811,0
13840,116.5306558,207.4813811,0
13841,116.5306558,207.4813811,0
13842,116.5306558,207.4813811,0
13843,116.5306558,207.4813811,0
13844,116.5306558,207.4813811,0
13845,116.5306558,207.4813811,0
13846,116.5306558,207.4813811,0
13847,116.5306558,207.4813811,0
13848,116.5306558,207.4813811,0
13849,116.5306558,207.4813811,0
13850,116.5306558,207.4813811,0
13851,116.5306558,207.4813811,0
13852,116.5306558,207.4813811,0
13853,116.5306558,207.4813811,0
13854,116.5306558,207.4813811,0
13855,116.5306558,207.4813811,0
13856,116.5306558,207.4813811,0
13857,116.5306558,207.4813811,0
13858,116.5306558,207.4813811,0
13859,116.5306558,207.4813811,0
13860,116.5306557,207.4813811,0
13861,116.5306557,207.4813811,0
13862,116.5306557,207.4813811,0
13863,116.5306557,207.4813811,0
13864,116.5306557,207.4813811,0
13865,116.5306557,207.4813811,0
13866,116.5306557,207.4813811,0
13867,116.5306557,207.4813811,0
13868,116.5306557,204.6391704,0
13869,116.5306557,204.6391704,0
13870,116.5306557,204.6391704,0
13871,116.5306557,204.6391704,0
13872,116.5306557,204.6391704,0
13873,116.5306557,204.6391704,0
13874,116.5306557,204.6391704,0
13875,116.5306557,204.6391704,0
13876,116.5306557,204.6391704,0
13877,116.5306557,204.6391704,0
13878,116.5306557,204.6391704,0
13879,116.5306557,204.6391704,0
13880,116.5306557,204.6391704,0
13881,116.5306557,204.6391704,0
13882,116.5306557,204.6391704,0
13883,116.5306557,204.6391704,0
13884,116.5306557,204.6391704,0
13885,116.5306557,204.6391704,0
13886,116.5306557,204.6391704,0
13887,116.5306557,204.6391704,0
13888,116.5306557,204.6391704,0
13889,116.5306557,204.6391704,0
13890,116.5306559,204.6391704,0
13891,116.5306559,204.6391704,0
13892,116.5306559,204.6391704,0
13893,116.5306559,204.6391704,0
13894,116.5306559,204.6391704,0
13895,116.5306559,204.6391704,0
13896,116.5306559,204.6391704,0
13897,116.5306559,204.6391704,0
13898,116.5306559,204.6391704,0
13899,116.5306559,204.6391704,0
13900,116.5306559,204.6391704,0
13901,116.5306559,204.6391704,0
13902,116.5306559,204.6391704,0
13903,116.5306559,204.6391704,0
13904,116.5306559,204.6391704,0
13905,116.5306559,204.6391704,0
13906,116.5306559,204.6391704,0
13907,116.5306559,204.6391704,0
13908,116.5306559,204.6391704,0
13909,116.5306559,204.6391704,0
13910,116.5306559,204.6391704,0
13911,119.3728667,204.6391704,0
13912,119.3728667,204.6391704,0
13913,119.3728667,204.6391704,0
13914,119.3728667,204.6391704,0
13915,119.3728667,204.6391704,0
13916,119.3728667,204.6391704,0
13917,119.3728667,204.6391704,0
13918,119.3728667,204.6391704,0
13919,119.3728667,204.6391704,0
13920,119.3728667,204.6391704,0
13921,119.3728667,204.6391704,0
13922,119.3728667,204.6391704,0
13923,119.3728667,204.6391704,0
13924,119.3728669,204.6391704,0
13925,119.3728669,204.6391704,0
13926,119.3728669,204.6391704,0
13927,119.3728669,204.6391704,0
13928,119.3728669,204.6391704,0
13929,119.3728669,207.4813811,0
13930,119.3728669,207.4813811,0
13931,119.3728669,207.4813811,0
13932,119.3728669,207.4813811,0
13933,119.3728669,207.4813811,0
13934,119.3728669,207.4813811,0
13935,119.3728669,207.4813811,0
13936,119.3728669,207.4813811,0
13937,119.3728669,207.4813811,0
13938,119.3728669,207.4813811,0
13939,119.3728669,207.4813811,0
13940,119.3728669,207.4813811,0
13941,119.3728669,207.4813811,0
13942,119.3728669,207.4813811,0
13943,119.3728669,207.4813811,0
13944,119.3728669,207.4813811,0
13945,119.3728669,207.4813811,0
13946,119.3728669,207.4813811,0
13947,119.3728669,207.4813811,0
13948,119.3728669,207.4813811,0
13949,119.3728669,207.4813811,0
13950,119.3728669,207.4813811,0
13951,119.3728669,207.4813811,0
13952,119.3728669,207.4813811,0
13953,119.3728669,207.4813811,0
13954,119.3728669,207.4813811,0
13955,119.3728669,207.4813811,0
13956,119.3728669,207.4813811,0
13957,119.3728669,207.4813811,0
13958,119.3728669,207.4813811,0
13959,119.3728669,207.4813811,0
13960,119.3728669,207.4813811,0
13961,119.3728669,207.4813811,0
13962,119.3728669,207.4813811,0
13963,119.3728669,207.4813811,0
13964,119.3728669,207.4813811,0
13965,119.3728669,207.4813811,0
13966,119.3728669,207.4813811,0
13967,119.3728669,207.4813811,0
13968,119.3728669,207.4813811,0
13969,119.3728669,207.4813811,0
13970,119.3728669,207.4813811,0
13971,119.3728669,207.4813811,0
13972,119.3728669,207.4813811,0
13973,119.3728669,207.4813811,0
13974,116.5306558,207.4813811,0
13975,116.5306558,207.4813811,0
13976,116.5306558,207.4813811,0
13977,116.5306558,207.4813811,0
13978,116.5306558,207.4813811,0
13979,116.5306558,207.4813811,0
13980,116.5306558,207.4813811,0
13981,116.5306558,207.4813811,0
13982,116.5306558,210.3235918,0
13983,116.5306558,210.3235918,0
13984,116.5306558,210.3235918,0
13985,116.5306558,210.3235918,0
13986,116.5306558,210.3235918,0
13987,116.5306558,210.3235918,0
13988,116.5306558,210.3235918,0
13989,110.8462335,210.3235918,0
13990,110.8462335,210.3235918,0
13991,110.8462335,210.3235918,0
13992,110.8462336,210.3235918,0
13993,110.8462336,210.3235918,0
13994,110.8462336,210.3235918,0
13995,110.8462336,210.3235918,0
13996,113.6884445,210.3235918,0
13997,113.6884445,210.3235918,0
13998,113.6884445,210.3235918,0
13999,113.6884445,210.3235918,0
14000,113.6884445,210.3235918,0
14001,113.6884445,210.3235918,0
14002,113.6884445,210.3235918,0
14003,113.6884445,210.3235918,0
14004,113.6884445,210.3235918,0
14005,113.6884445,210.3235918,0
14006,113.6884445,210.3235918,0
14007,113.6884445,210.3235918,0
14008,113.6884445,210.3235918,0
14009,113.6884445,210.3235918,0
14010,113.6884445,210.3235918,0
14011,116.5306557,210.3235918,0
14012,116.5306557,210.3235918,0
14013,116.5306557,210.3235918,0
14014,116.5306557,210.3235918,0
14015,116.5306557,210.3235918,0
14016,116.5306557,210.3235918,0
14017,116.5306557,210.3235918,0
14018,116.5306557,210.3235918,0
14019,116.5306557,210.3235918,0
14020,116.5306557,210.3235918,0
14021,116.5306557,210.3235918,0
14022,116.5306557,210.3235918,0
14023,116.5306557,210.3235918,0
14024,119.3728667,210.3235918,0
14025,119.3728667,210.3235918,0
14026,119.3728667,210.3235918,0
14027,119.3728667,210.3235918,0
14028,119.3728667,210.3235918,0
14029,119.3728667,210.3235918,0
14030,119.3728667,210.3235918,0
14031,119.3728668,210.3235918,0
14032,119.3728668,207.4813811,0
14033,119.3728668,207.4813811,0
14034,119.3728668,207.4813811,0
14035,119.3728668,207.4813811,0
14036,119.3728668,207.4813811,0
14037,119.3728668,207.4813811,0
14038,119.3728668,207.4813811,0
14039,119.3728668,207.4813811,0
14040,119.3728668,207.4813811,0
14041,119.3728668,207.4813811,0
14042,119.3728668,207.4813811,0
14043,119.3728668,207.4813811,0
14044,119.3728668,207.4813811,0
14045,119.3728668,207.4813811,0
14046,119.3728668,204.6391704,0
14047,119.3728668,204.6391704,0
14048,119.3728668,204.6391704,0
14049,119.3728668,204.6391704,0
14050,119.3728668,204.6391704,0
14051,119.3728668,204.6391704,0
14052,119.3728668,204.6391704,0
14053,119.3728668,204.6391704,0
14054,119.3728668,204.6391704,0
14055,119.3728668,204.6391704,0
14056,119.3728668,204.6391704,0
14057,119.3728668,204.6391704,0
14058,119.372867,204.6391704,0
14059,119.372867,204.6391704,0
14060,119.372867,204.6391704,0
14061,119.372867,204.6391704,0
14062,119.372867,204.6391704,0
14063,119.372867,204.6391704,0
14064,119.372867,204.6391704,0
14065,119.372867,204.6391704,0
14066,119.372867,204.6391704,0
14067,119.372867,204.6391704,0
14068,119.372867,204.6391704,0
14069,119.372867,204.6391704,0
14070,119.372867,204.6391704,0
14071,119.372867,204.6391704,0
14072,119.372867,204.6391704,0
14073,119.372867,204.6391704,0
14074,119.372867,204.6391704,0
14075,119.372867,204.6391704,0
14076,119.372867,204.6391704,0
14077,119.372867,204.6391704,0
14078,119.372867,204.6391704,0
14079,119.372867,204.6391704,0
14080,119.372867,204.6391704,0
14081,119.372867,204.6391704,0
14082,119.372867,204.6391704,0
14083,119.372867,204.6391704,0
14084,119.372867,204.6391704,0
14085,119.372867,204.6391704,0
14086,119.372867,204.6391704,0
14087,119.372867,204.6391704,0
14088,119.372867,204.6391704,0
14089,119.372867,204.6391704,0
14090,119.372867,204.6391704,0
14091,119.372867,204.6391704,0
14092,119.372867,204.6391704,0
14093,119.372867,204.6391704,0
14094,119.372867,204.6391704,0
14095,119.372867,204.6391704,0
14096,119.372867,204.6391704,0
14097,119.372867,204.6391704,0
14098,119.372867,204.6391704,0
14099,119.372867,204.6391704,0
14100,119.372867,207.4813811,0
14101,119.372867,207.4813811,0
14102,119.372867,207.4813811,0
14103,119.372867,207.4813811,0
14104,119.372867,210.3235918,0
14105,119.372867,210.3235918,0
14106,119.372867,210.3235918,0
14107,119.372867,210.3235918,0
14108,119.3728669,210.3235918,0
14109,119.3728669,210.3235918,0
14110,119.3728669,210.3235918,0
14111,119.3728669,210.3235918,0
14112,119.3728669,210.3235918,0
14113,119.3728669,210.3235918,0
14114,119.3728669,210.3235918,0
14115,119.3728669,210.3235918,0
14116,119.3728669,210.3235918,0
14117,119.3728669,210.3235918,0
14118,119.3728669,210.3235918,0
14119,119.3728669,210.3235918,0
14120,119.3728669,210.3235918,0
14121,119.3728669,210.3235918,0
14122,119.3728669,210.3235918,0
14123,119.3728669,210.3235918,0
14124,119.3728669,210.3235918,0
14125,119.372867,210.3235918,0
14126,119.372867,210.3235918,0
14127,119.372867,210.3235918,0
14128,119.372867,210.3235918,0
14129,119.372867,210.3235918,0
14130,119.372867,210.3235918,0
14131,119.372867,210.3235918,0
14132,119.372867,210.3235918,0
14133,119.372867,210.3235918,0
14134,119.372867,210.3235918,0
14135,119.372867,210.3235918,0
14136,119.372867,210.3235918,0
14137,119.372867,210.3235918,0
14138,119.372867,210.3235918,0
14139,119.372867,210.3235918,0
14140,119.372867,210.3235918,0
14141,119.372867,210.3235918,0
14142,119.372867,210.3235918,0
14143,119.372867,210.3235918,0
14144,119.372867,210.3235918,0
14145,119.372867,210.3235918,0
14146,119.372867,210.3235918,0
14147,119.372867,210.3235918,0
14148,119.372867,210.3235918,0
14149,119.372867,210.3235918,0
14150,119.372867,210.3235918,0
14151,119.372867,210.3235918,0
14152,119.372867,210.3235918,0
14153,119.372867,210.3235918,0
14154,119.372867,210.3235918,0
14155,119.372867,210.3235918,0
14156,119.372867,210.3235918,0
14157,119.372867,210.3235918,0
14158,119.372867,210.3235918,0
14159,119.372867,210.3235918,0
14160,119.372867,210.3235918,0
14161,119.372867,210.3235918,0
14162,119.372867,210.3235918,0
14163,119.372867,210.3235918,0
14164,119.372867,210.3235918,0
14165,119.372867,210.3235918,0
14166,119.372867,210.3235918,0
14167,119.372867,210.3235918,0
14168,119.372867,210.3235918,0
14169,119.372867,210.3235918,0
14170,119.372867,210.3235918,0
14171,119.372867,210.3235918,0
14172,119.372867,210.3235918,0
14173,119.372867,210.3235918,0
14174,119.372867,210.3235918,0
14175,119.3728669,210.3235918,0
14176,119.3728669,210.3235918,0
14177,119.3728669,210.3235918,0
14178,119.3728669,210.3235918,0
14179,119.3728669,210.3235918,0
14180,119.3728669,210.3235918,0
14181,119.3728669,210.3235918,0
14182,119.3728669,210.3235918,0
14183,119.3728669,210.3235918,0
14184,119.3728669,210.3235918,0
14185,119.3728669,210.3235918,0
14186,119.3728669,210.3235918,0
14187,119.3728669,210.3235918,0
14188,119.3728669,210.3235918,0
14189,119.3728669,210.3235918,0
14190,119.3728669,210.3235918,0
14191,119.3728669,210.3235918,0
14192,119.3728669,210.3235918,0
14193,119.3728669,210.3235918,0
14194,119.3728669,210.3235918,0
14195,119.3728669,210.3235918,0
14196,119.3728669,210.3235918,0
14197,119.3728669,210.3235918,0
14198,119.3728669,210.3235918,0
14199,119.3728669,210.3235918,0
14200,119.3728669,210.3235918,0
14201,119.3728669,210.3235918,0
14202,119.3728669,210.3235918,0
14203,122.2150779,210.3235918,0
14204,122.2150779,210.3235918,0
14205,122.2150779,210.3235918,0
14206,122.2150779,210.3235918,0
14207,122.2150779,210.3235918,0
14208,122.2150779,210.3235918,0
14209,122.2150779,210.3235918,0
14210,122.2150779,210.3235918,0
14211,122.2150779,210.3235918,0
14212,122.2150779,210.3235918,0
14213,122.2150779,210.3235918,0
14214,122.2150779,210.3235918,0
14215,122.2150779,210.3235918,0
14216,122.2150779,210.3235918,0
14217,122.2150779,210.3235918,0
14218,122.2150779,210.3235918,0
14219,122.2150779,210.3235918,0
14220,122.2150779,210.3235918,0
14221,122.2150779,210.3235918,0
14222,122.2150779,210.3235918,0
14223,122.2150779,210.3235918,0
14224,122.2150779,210.3235918,0
14225,122.2150779,210.3235918,0
14226,122.2150779,210.3235918,0
14227,122.2150779,210.3235918,0
14228,122.2150779,210.3235918,0
14229,122.2150779,210.3235918,0
14230,122.2150779,210.3235918,0
14231,122.2150779,210.3235918,0
14232,122.2150779,210.3235918,0
14233,122.2150779,210.3235918,0
14234,122.2150779,210.3235918,0
14235,122.2150779,210.3235918,0
14236,122.2150779,210.3235918,0
14237,122.2150779,210.3235918,0
14238,122.2150779,210.3235918,0
14239,122.2150779,210.3235918,0
14240,122.2150779,210.3235918,0
14241,122.2150779,210.3235918,0
14242,122.2150779,210.3235918,0
14243,122.2150779,210.3235918,0
14244,122.2150779,210.3235918,0
14245,122.2150779,210.3235918,0
14246,122.2150781,210.3235918,0
14247,122.2150781,210.3235918,0
14248,122.2150781,207.4813811,0
14249,122.2150781,207.4813811,0
14250,122.2150781,207.4813811,0
14251,122.2150781,207.4813811,0
14252,122.2150781,207.4813811,0
14253,122.2150781,207.4813811,0
14254,122.2150781,207.4813811,0
14255,122.2150781,207.4813811,0
14256,122.2150781,207.4813811,0
14257,122.2150781,207.4813811,0
14258,122.2150781,207.4813811,0
14259,122.2150781,207.4813811,0
14260,122.2150781,207.4813811,0
14261,122.2150781,204.6391704,0
14262,122.2150781,204.6391704,0
14263,122.2150781,204.6391704,0
14264,122.2150781,204.6391704,0
14265,122.2150781,204.6391704,0
14266,122.2150781,204.6391704,0
14267,122.2150781,204.6391704,0
14268,122.2150781,204.6391704,0
14269,122.2150781,204.6391704,0
14270,122.2150781,204.6391704,0
14271,122.2150781,201.7969597,0
14272,122.2150781,207.4813811,0
14273,122.2150781,207.4813811,0
14274,122.2150781,207.4813811,0
14275,122.2150781,207.4813811,0
14276,122.2150781,207.4813811,0
14277,122.2150781,207.4813811,0
14278,122.2150781,207.4813811,0
14279,122.2150781,207.4813811,0
14280,122.2150781,207.4813811,0
14281,122.2150781,207.4813811,0
14282,122.2150781,207.4813811,0
14283,122.2150781,207.4813811,0
14284,122.2150781,207.4813811,0
14285,122.2150781,207.4813811,0
14286,122.2150781,207.4813811,0
14287,122.2150781,207.4813811,0
14288,122.2150781,207.4813811,0
14289,122.2150781,207.4813811,0
14290,122.2150781,207.4813811,0
14291,122.2150781,207.4813811,0
14292,122.2150781,207.4813811,0
14293,122.2150781,207.4813811,0
14294,122.2150781,207.4813811,0
14295,122.2150781,207.4813811,0
14296,119.3728667,207.4813811,0
14297,119.3728667,207.4813811,0
14298,119.3728667,207.4813811,0
14299,119.3728667,207.4813811,0
14300,119.3728667,207.4813811,0
14301,119.3728667,207.4813811,0
14302,119.3728667,207.4813811,0
14303,119.3728667,207.4813811,0
14304,119.3728667,207.4813811,0
14305,119.3728667,207.4813811,0
14306,119.3728667,207.4813811,0
14307,119.3728667,207.4813811,0
14308,119.3728667,207.4813811,0
14309,119.3728667,207.4813811,0
14310,119.3728667,207.4813811,0
14311,119.3728667,207.4813811,0
14312,119.3728667,207.4813811,0
14313,119.3728667,207.4813811,0
14314,119.3728667,207.4813811,0
14315,119.3728667,207.4813811,0
14316,119.3728667,207.4813811,0
14317,119.3728667,207.4813811,0
14318,119.3728667,207.4813811,0
14319,119.3728667,207.4813811,0
14320,119.3728667,207.4813811,0
14321,119.3728667,207.4813811,0
14322,116.5306557,207.4813811,0
14323,116.5306557,207.4813811,0
14324,116.5306557,207.4813811,0
14325,116.5306557,207.4813811,0
14326,116.5306557,207.4813811,0
14327,116.5306557,207.4813811,0
14328,116.5306557,204.6391704,0
14329,116.5306557,204.6391704,0
14330,116.5306557,204.6391704,0
14331,116.5306557,204.6391704,0
14332,122.2150781,204.6391704,0
14333,122.2150781,204.6391704,0
14334,122.2150781,204.6391704,0
14335,122.2150781,204.6391704,0
14336,122.2150781,204.6391704,0
14337,122.2150781,204.6391704,0
14338,122.2150781,204.6391704,0
14339,122.2150781,210.3235918,0
14340,122.2150781,210.3235918,0
14341,122.2150781,210.3235918,0
14342,122.2150781,210.3235918,0
14343,122.2150781,210.3235918,0
14344,122.2150781,210.3235918,0
14345,122.2150781,210.3235918,0
14346,122.2150781,210.3235918,0
14347,122.2150781,210.3235918,0
14348,122.2150781,210.3235918,0
14349,122.2150781,210.3235918,0
14350,122.2150781,210.3235918,0
14351,122.2150781,210.3235918,0
14352,122.2150781,210.3235918,0
14353,122.2150781,210.3235918,0
14354,122.2150781,210.3235918,0
14355,122.2150781,210.3235918,0
14356,122.2150781,210.3235918,0
14357,122.2150781,210.3235918,0
14358,122.2150781,210.3235918,0
14359,125.0572889,210.3235918,0
14360,125.0572889,210.3235918,0
14361,125.0572889,210.3235918,0
14362,125.0572889,210.3235918,0
14363,125.0572889,210.3235918,0
14364,125.0572889,210.3235918,0
14365,125.0572889,210.3235918,0
14366,125.0572889,210.3235918,0
14367,125.0572889,210.3235918,0
14368,125.0572889,210.3235918,0
14369,125.0572889,210.3235918,0
14370,125.0572889,210.3235918,0
14371,125.0572889,210.3235918,0
14372,125.0572889,210.3235918,0
14373,125.0572889,210.3235918,0
14374,125.0572889,210.3235918,0
14375,125.0572889,210.3235918,0
14376,125.0572889,210.3235918,0
14377,125.0572889,210.3235918,0
14378,125.0572889,210.3235918,0
14379,125.0572889,210.3235918,0
14380,125.0572889,210.3235918,0
14381,125.0572889,210.3235918,0
14382,125.0572889,210.3235918,0
14383,125.0572889,210.3235918,0
14384,125.0572889,210.3235918,0
14385,125.0572889,213.1658025,0
14386,125.0572889,213.1658025,0
14387,125.0572889,213.1658025,0
14388,125.0572889,213.1658025,0
14389,125.0572889,213.1658025,0
14390,125.0572889,213.1658025,0
14391,125.0572889,213.1658025,0
14392,125.0572889,213.1658025,0
14393,125.0572889,213.1658025,0
14394,125.0572889,213.1658025,0
14395,125.0572889,213.1658025,0
14396,125.0572889,213.1658025,0
14397,125.0572889,213.1658025,0
14398,125.0572889,213.1658025,0
14399,125.0572889,213.1658025,0
14400,125.0572889,213.1658025,0
14401,125.0572889,213.1658025,0
14402,125.0572889,213.1658025,0
14403,125.0572889,213.1658025,0
14404,125.0572889,213.1658025,0
14405,125.0572889,213.1658025,0
14406,125.0572889,213.1658025,0
14407,125.0572889,213.1658025,0
14408,125.0572892,213.1658025,0
14409,125.0572892,213.1658025,0
14410,125.0572892,213.1658025,0
14411,125.0572892,213.1658025,0
14412,125.0572892,213.1658025,0
14413,125.0572892,213.1658025,0
14414,125.0572892,213.1658025,0
14415,125.0572892,213.1658025,0
14416,125.0572892,213.1658025,0
14417,125.0572892,213.1658025,0
14418,125.0572892,213.1658025,0
14419,125.0572892,213.1658025,0
14420,125.0572892,213.1658025,0
14421,125.0572892,213.1658025,0
14422,125.0572892,213.1658025,0
14423,125.0572892,213.1658025,0
14424,125.0572892,213.1658025,0
14425,125.0572892,213.1658025,0
14426,125.0572892,213.1658025,0
14427,125.0572892,213.1658025,0
14428,125.0572892,213.1658025,0
14429,125.0572892,213.1658025,0
14430,125.0572892,213.1658025,0
14431,125.0572892,213.1658025,0
14432,125.0572892,213.1658025,0
14433,125.0572892,213.1658025,0
14434,125.0572892,213.1658025,0
14435,125.0572892,207.4813811,0
14436,125.0572892,207.4813811,0
14437,125.0572892,210.3235918,0
14438,125.0572892,210.3235918,0
14439,125.0572892,210.3235918,0
14440,125.0572892,210.3235918,0
14441,125.0572892,210.3235918,0
14442,125.0572892,210.3235918,0
14443,125.0572892,210.3235918,0
14444,125.0572892,210.3235918,0
14445,125.0572892,210.3235918,0
14446,125.0572892,210.3235918,0
14447,125.0572892,210.3235918,0
14448,125.0572892,210.3235918,0
14449,125.0572892,210.3235918,0
14450,125.0572892,210.3235918,0
14451,125.0572892,210.3235918,0
14452,125.0572892,210.3235918,0
14453,125.0572892,210.3235918,0
14454,125.0572892,210.3235918,0
14455,125.0572892,210.3235918,0
14456,125.0572892,210.3235918,0
14457,125.0572892,210.3235918,0
14458,122.215078,210.3235918,0
14459,122.215078,210.3235918,0
14460,122.215078,210.3235918,0
14461,122.215078,210.3235918,0
14462,122.215078,210.3235918,0
14463,122.215078,210.3235918,0
14464,122.215078,210.3235918,0
14465,122.2150779,210.3235918,0
14466,122.2150779,210.3235918,0
14467,122.2150779,210.3235918,0
14468,122.2150779,210.3235918,0
14469,122.2150779,210.3235918,0
14470,122.2150779,210.3235918,0
14471,122.2150779,210.3235918,0
14472,122.2150779,210.3235918,0
14473,122.2150779,210.3235918,0
14474,122.2150779,210.3235918,0
14475,122.2150779,210.3235918,0
14476,122.2150779,210.3235918,0
14477,122.2150779,210.3235918,0
14478,122.2150778,210.3235918,0
14479,122.2150778,210.3235918,0
14480,122.2150778,210.3235918,0
14481,122.2150778,210.3235918,0
14482,122.2150778,210.3235918,0
14483,122.2150778,210.3235918,0
14484,122.2150778,210.3235918,0
14485,122.2150778,210.3235918,0
14486,122.2150778,210.3235918,0
14487,122.2150778,207.4813811,0
14488,122.2150778,207.4813811,0
14489,122.2150778,207.4813811,0
14490,122.2150778,207.4813811,0
14491,119.3728668,207.4813811,0
14492,119.3728668,207.4813811,0
14493,119.3728668,207.4813811,0
14494,119.3728668,207.4813811,0
14495,119.3728668,207.4813811,0
14496,119.3728668,207.4813811,0
14497,119.3728668,207.4813811,0
14498,119.3728668,207.4813811,0
14499,119.3728668,207.4813811,0
14500,119.3728668,207.4813811,0
14501,125.0572891,207.4813811,0
14502,125.0572891,207.4813811,0
14503,125.0572891,207.4813811,0
14504,125.0572891,207.4813811,0
14505,125.0572891,207.4813811,0
14506,125.0572891,207.4813811,0
14507,125.0572891,207.4813811,0
14508,125.0572891,207.4813811,0
14509,125.0572891,207.4813811,0
14510,125.0572891,207.4813811,0
14511,125.0572891,207.4813811,0
14512,125.0572891,207.4813811,0
14513,125.0572891,207.4813811,0
14514,125.0572891,207.4813811,0
14515,125.0572891,207.4813811,0
14516,125.0572891,207.4813811,0
14517,125.0572891,207.4813811,0
14518,125.0572891,207.4813811,0
14519,125.0572891,207.4813811,0
14520,125.0572891,207.4813811,0
14521,125.0572891,207.4813811,0
14522,125.0572891,207.4813811,0
14523,125.0572891,207.4813811,0
14524,125.0572891,207.4813811,0
14525,125.0572891,207.4813811,0
14526,125.0572891,207.4813811,0
14527,125.0572891,207.4813811,0
14528,125.0572891,207.4813811,0
14529,125.0572891,207.4813811,0
14530,125.0572891,207.4813811,0
14531,125.0572891,207.4813811,0
14532,125.0572891,207.4813811,0
14533,125.0572891,207.4813811,0
14534,125.0572891,207.4813811,0
14535,125.0572891,207.4813811,0
14536,125.0572891,207.4813811,0
14537,125.0572891,207.4813811,0
14538,125.0572891,207.4813811,0
14539,125.0572891,207.4813811,0
14540,125.0572891,207.4813811,0
14541,125.0572891,207.4813811,0
14542,125.0572891,207.4813811,0
14543,125.0572891,207.4813811,0
14544,125.0572891,207.4813811,0
14545,125.0572891,207.4813811,0
14546,125.0572891,207.4813811,0
14547,125.0572891,207.4813811,0
14548,125.0572891,207.4813811,0
14549,125.0572891,207.4813811,0
14550,125.0572891,207.4813811,0
14551,122.2150781,207.4813811,0
14552,122.2150781,207.4813811,0
14553,122.2150781,207.4813811,0
14554,122.2150781,207.4813811,0
14555,122.2150781,207.4813811,0
14556,122.2150778,207.4813811,0
14557,122.2150778,207.4813811,0
14558,122.2150778,207.4813811,0
14559,127.8995,207.4813811,0
14560,127.8995,207.4813811,0
14561,127.8995,207.4813811,0
14562,127.8995,207.4813811,0
14563,127.8995,207.4813811,0
14564,127.8995,207.4813811,0
14565,127.8995,207.4813811,0
14566,127.8995,207.4813811,0
14567,127.8995,207.4813811,0
14568,127.8995,207.4813811,0
14569,127.8995,207.4813811,0
14570,127.8995,207.4813811,0
14571,127.8995,207.4813811,0
14572,127.8995,207.4813811,0
14573,127.8995,207.4813811,0
14574,127.8995,207.4813811,0
14575,127.8995,207.4813811,0
14576,127.8995,207.4813811,0
14577,127.8995,207.4813811,0
14578,127.8995,207.4813811,0
14579,127.8995,207.4813811,0
14580,127.8995,207.4813811,0
14581,127.8995,207.4813811,0
14582,127.8995,207.4813811,0
14583,127.8995,207.4813811,0
14584,127.8995,207.4813811,0
14585,127.8995,207.4813811,0
14586,127.8995,207.4813811,0
14587,127.8995,207.4813811,0
14588,127.8995,207.4813811,0
14589,127.8995,207.4813811,0
14590,127.8995,207.4813811,0
14591,127.8995,207.4813811,0
14592,127.8995,207.4813811,0
14593,127.8995,207.4813811,0
14594,127.8995,207.4813811,0
14595,127.8995,207.4813811,0
14596,127.8995,207.4813811,0
14597,127.8995,207.4813811,0
14598,127.8995,207.4813811,0
14599,127.8995,207.4813811,0
14600,127.8995,207.4813811,0
14601,127.8995,207.4813811,0
14602,127.8995,207.4813811,0
14603,127.8995,207.4813811,0
14604,127.8995,207.4813811,0
14605,127.8995,207.4813811,0
14606,127.8995,207.4813811,0
14607,127.8995,207.4813811,0
14608,127.8995,207.4813811,0
14609,122.2150781,207.4813811,0
14610,122.2150781,207.4813811,0
14611,122.2150781,207.4813811,0
14612,122.2150781,207.4813811,0
14613,122.2150781,207.4813811,0
14614,122.2150781,207.4813811,0
14615,122.2150781,207.4813811,0
14616,125.057289,207.4813811,0
14617,125.057289,207.4813811,0
14618,125.057289,207.4813811,0
14619,125.057289,207.4813811,0
14620,125.057289,207.4813811,0
14621,125.057289,207.4813811,0
14622,125.057289,207.4813811,0
14623,125.057289,207.4813811,0
14624,125.057289,207.4813811,0
14625,125.057289,207.4813811,0
14626,125.057289,207.4813811,0
14627,125.057289,207.4813811,0
14628,125.057289,207.4813811,0
14629,125.057289,207.4813811,0
14630,125.057289,207.4813811,0
14631,125.057289,207.4813811,0
14632,125.057289,207.4813811,0
14633,125.057289,207.4813811,0
14634,125.057289,207.4813811,0
14635,125.057289,207.4813811,0
14636,125.057289,207.4813811,0
14637,125.057289,207.4813811,0
14638,125.057289,207.4813811,0
14639,125.057289,207.4813811,0
14640,125.057289,207.4813811,0
14641,125.057289,207.4813811,0
14642,125.057289,207.4813811,0
14643,125.057289,207.4813811,0
14644,125.057289,207.4813811,0
14645,125.057289,207.4813811,0
14646,125.057289,207.4813811,0
14647,125.057289,207.4813811,0
14648,125.057289,207.4813811,0
14649,125.057289,207.4813811,0
14650,125.057289,207.4813811,0
14651,125.057289,207.4813811,0
14652,125.057289,207.4813811,0
14653,125.057289,207.4813811,0
14654,125.057289,207.4813811,0
14655,125.057289,207.4813811,0
14656,125.057289,207.4813811,0
14657,125.0572893,207.4813811,0
14658,125.0572893,207.4813811,0
14659,125.0572893,207.4813811,0
14660,125.0572893,207.4813811,0
14661,125.0572893,207.4813811,0
14662,125.0572893,207.4813811,0
14663,125.0572893,207.4813811,0
14664,125.0572893,207.4813811,0
14665,125.0572893,207.4813811,0
14666,125.0572893,207.4813811,0
14667,125.0572893,207.4813811,0
14668,125.0572893,207.4813811,0
14669,125.0572893,207.4813811,0
14670,125.0572893,207.4813811,0
14671,125.0572893,207.4813811,0
14672,125.0572893,207.4813811,0
14673,125.0572893,207.4813811,0
14674,125.0572893,204.6391704,0
14675,125.0572893,204.6391704,0
14676,125.0572893,204.6391704,0
14677,125.0572893,204.6391704,0
14678,125.0572893,210.3235918,0
14679,125.0572893,210.3235918,0
14680,125.0572893,210.3235918,0
14681,125.0572893,210.3235918,0
14682,125.0572893,210.3235918,0
14683,125.0572893,210.3235918,0
14684,125.0572893,210.3235918,0
14685,125.0572893,210.3235918,0
14686,125.0572893,210.3235918,0
14687,125.0572893,210.3235918,0
14688,125.0572893,210.3235918,0
14689,127.8995002,210.3235918,0
14690,127.8995002,210.3235918,0
14691,127.8995002,210.3235918,0
14692,127.8995002,210.3235918,0
14693,127.8995002,210.3235918,0
14694,127.8995002,210.3235918,0
14695,127.8995002,210.3235918,0
14696,127.8995002,210.3235918,0
14697,127.8995002,210.3235918,0
14698,127.8995002,210.3235918,0
14699,127.8995002,210.3235918,0
14700,127.8995002,210.3235918,0
14701,127.8995002,210.3235918,0
14702,127.8995002,210.3235918,0
14703,127.8995002,210.3235918,0
14704,127.8995002,210.3235918,0
14705,127.8995002,210.3235918,0
14706,127.8995002,210.3235918,0
14707,127.8995002,210.3235918,0
14708,127.8995002,210.3235918,0
14709,127.8995002,210.3235918,0
14710,127.8995002,210.3235918,0
14711,127.8995002,210.3235918,0
14712,127.8995002,210.3235918,0
14713,127.8995002,210.3235918,0
14714,127.8995002,210.3235918,0
14715,127.8995002,210.3235918,0
14716,127.8995002,210.3235918,0
14717,127.8995002,210.3235918,0
14718,127.8995002,210.3235918,0
14719,127.8995002,210.3235918,0
14720,127.8995002,210.3235918,0
14721,127.8995002,210.3235918,0
14722,127.8995002,210.3235918,0
14723,127.8995002,210.3235918,0
14724,127.8995002,210.3235918,0
14725,127.8995002,210.3235918,0
14726,127.8995002,210.3235918,0
14727,127.8995002,210.3235918,0
14728,127.8995002,207.4813811,0
14729,127.8995002,207.4813811,0
14730,127.8995002,207.4813811,0
14731,127.8995002,207.4813811,0
14732,127.8995002,207.4813811,0
14733,127.8995002,207.4813811,0
14734,127.8995002,207.4813811,0
14735,127.8995002,207.4813811,0
14736,127.8995002,207.4813811,0
14737,127.8995002,207.4813811,0
14738,127.8995002,207.4813811,0
14739,125.0572893,207.4813811,0
14740,125.0572893,207.4813811,0
14741,125.0572893,207.4813811,0
14742,125.0572893,207.4813811,0
14743,125.0572893,207.4813811,0
14744,125.0572893,207.4813811,0
14745,125.0572893,207.4813811,0
14746,125.0572893,207.4813811,0
14747,125.0572893,207.4813811,0
14748,125.0572893,207.4813811,0
14749,125.0572893,207.4813811,0
14750,125.0572893,207.4813811,0
14751,125.0572893,207.4813811,0
14752,125.0572893,207.4813811,0
14753,125.0572893,207.4813811,0
14754,125.0572893,207.4813811,0
14755,125.0572893,207.4813811,0
14756,125.0572893,207.4813811,0
14757,125.0572893,207.4813811,0
14758,125.0572893,207.4813811,0
14759,125.0572893,207.4813811,0
14760,125.0572893,207.4813811,0
14761,125.0572893,207.4813811,0
14762,125.0572893,207.4813811,0
14763,125.0572893,207.4813811,0
14764,125.0572893,207.4813811,0
14765,125.0572893,207.4813811,0
14766,125.0572893,207.4813811,0
14767,125.0572893,207.4813811,0
14768,125.0572893,207.4813811,0
14769,125.0572893,207.4813811,0
14770,125.0572893,207.4813811,0
14771,125.0572893,207.4813811,0
14772,125.0572893,207.4813811,0
14773,125.0572893,207.4813811,0
14774,127.8995004,207.4813811,0
14775,127.8995004,207.4813811,0
14776,127.8995004,207.4813811,0
14777,127.8995004,207.4813811,0
14778,127.8995004,207.4813811,0
14779,127.8995004,207.4813811,0
14780,127.8995004,207.4813811,0
14781,127.8995004,207.4813811,0
14782,127.8995004,207.4813811,0
14783,127.8995004,207.4813811,0
14784,127.8995004,210.3235918,0
14785,127.8995004,210.3235918,0
14786,127.8995004,210.3235918,0
14787,127.8995004,210.3235918,0
14788,127.8995004,210.3235918,0
14789,127.8995004,210.3235918,0
14790,127.8995004,210.3235918,0
14791,127.8995004,210.3235918,0
14792,127.8995004,210.3235918,0
14793,127.8995004,210.3235918,0
14794,127.8995004,210.3235918,0
14795,127.8995004,210.3235918,0
14796,127.8995004,210.3235918,0
14797,127.8995004,210.3235918,0
14798,127.8995004,210.3235918,0
14799,127.8995004,210.3235918,0
14800,127.8995004,210.3235918,0
14801,127.8995004,210.3235918,0
14802,127.8995004,210.3235918,0
14803,127.8995004,210.3235918,0
14804,127.8995004,210.3235918,0
14805,127.8995004,210.3235918,0
14806,127.8995004,210.3235918,0
14807,127.8995004,210.3235918,0
14808,127.8995004,210.3235918,0
14809,127.8995004,210.3235918,0
14810,127.8995004,210.3235918,0
14811,127.8995004,210.3235918,0
14812,127.8995004,210.3235918,0
14813,127.8995004,210.3235918,0
14814,127.8995004,210.3235918,0
14815,127.8995004,210.3235918,0
14816,127.8995004,210.3235918,0
14817,127.8995004,210.3235918,0
14818,127.8995004,210.3235918,0
14819,127.8995004,210.3235918,0
14820,127.8995004,210.3235918,0
14821,127.8995004,210.3235918,0
14822,127.8995004,210.3235918,0
14823,127.8995004,210.3235918,0
14824,127.8995003,210.3235918,0
14825,127.8995003,210.3235918,0
14826,127.8995003,210.3235918,0
14827,127.8995003,210.3235918,0
14828,127.8995003,210.3235918,0
14829,127.8995003,210.3235918,0
14830,127.8995003,210.3235918,0
14831,127.8995003,210.3235918,0
14832,127.8995003,210.3235918,0
14833,127.8995003,210.3235918,0
14834,127.8995003,210.3235918,0
14835,127.8995003,210.3235918,0
14836,127.8995003,210.3235918,0
14837,127.8995003,210.3235918,0
14838,127.8995003,210.3235918,0
14839,127.8995003,210.3235918,0
14840,127.8995003,210.3235918,0
14841,127.8995003,210.3235918,0
14842,127.8995003,210.3235918,0
14843,127.8995003,210.3235918,0
14844,127.8995003,210.3235918,0
14845,127.8995003,210.3235918,0
14846,127.8995003,210.3235918,0
14847,127.8995003,210.3235918,0
14848,127.8995003,210.3235918,0
14849,127.8995003,210.3235918,0
14850,127.8995003,210.3235918,0
14851,127.8995003,210.3235918,0
14852,127.8995003,210.3235918,0
14853,127.8995003,210.3235918,0
14854,127.8995003,210.3235918,0
14855,127.8995003,210.3235918,0
14856,127.8995003,210.3235918,0
14857,127.8995003,210.3235918,0
14858,127.8995003,210.3235918,0
14859,127.8995003,210.3235918,0
14860,127.8995003,210.3235918,0
14861,127.8995003,210.3235918,0
14862,127.8995003,210.3235918,0
14863,127.8995003,210.3235918,0
14864,127.8995003,210.3235918,0
14865,127.8995003,210.3235918,0
14866,127.8995003,210.3235918,0
14867,127.8995003,210.3235918,0
14868,127.8995002,210.3235918,0
14869,127.8995002,210.3235918,0
14870,127.8995002,210.3235918,0
14871,127.8995002,210.3235918,0
14872,127.8995002,210.3235918,0
14873,127.8995002,210.3235918,0
14874,127.8995002,210.3235918,0
14875,127.8995002,210.3235918,0
14876,127.8995002,210.3235918,0
14877,127.8995002,210.3235918,0
14878,127.8995002,210.3235918,0
14879,127.8995002,210.3235918,0
14880,127.8995002,210.3235918,0
14881,127.8995002,210.3235918,0
14882,127.8995002,210.3235918,0
14883,127.8995002,210.3235918,0
14884,127.8995002,210.3235918,0
14885,127.8995002,210.3235918,0
14886,127.8995002,210.3235918,0
14887,127.8995002,210.3235918,0
14888,127.8995002,210.3235918,0
14889,127.8995002,210.3235918,0
14890,127.8995002,210.3235918,0
14891,127.8995002,210.3235918,0
14892,127.8995002,210.3235918,0
14893,127.8995002,210.3235918,0
14894,130.7417114,210.3235918,0
14895,130.7417114,210.3235918,0
14896,130.7417114,210.3235918,0
14897,130.7417114,210.3235918,0
14898,130.7417114,210.3235918,0
14899,130.7417114,210.3235918,0
14900,130.7417114,210.3235918,0
14901,130.7417114,210.3235918,0
14902,130.7417114,210.3235918,0
14903,130.7417114,210.3235918,0
14904,130.7417114,210.3235918,0
14905,130.7417114,210.3235918,0
14906,130.7417114,210.3235918,0
14907,130.7417114,210.3235918,0
14908,130.7417114,210.3235918,0
14909,130.7417114,210.3235918,0
14910,130.7417114,210.3235918,0
14911,130.7417114,207.4813811,0
14912,130.7417114,207.4813811,0
14913,130.7417114,207.4813811,0
14914,130.7417114,207.4813811,0
14915,130.7417114,207.4813811,0
14916,130.7417114,207.4813811,0
14917,130.7417114,207.4813811,0
14918,130.7417114,204.6391704,0
14919,130.7417114,201.7969597,0
14920,130.7417114,201.7969597,0
14921,130.7417114,201.7969597,0
14922,130.7417114,204.6391704,0
14923,130.7417114,204.6391704,0
14924,130.7417114,204.6391704,0
14925,130.7417114,204.6391704,0
14926,130.7417114,204.6391704,0
14927,130.7417114,207.4813811,0
14928,130.7417114,207.4813811,0
14929,130.7417114,207.4813811,0
14930,130.7417114,207.4813811,0
14931,130.7417114,207.4813811,0
14932,130.7417114,207.4813811,0
14933,130.7417114,207.4813811,0
14934,130.7417114,207.4813811,0
14935,130.7417114,207.4813811,0
14936,130.7417114,207.4813811,0
14937,130.7417114,207.4813811,0
14938,130.7417114,207.4813811,0
14939,130.7417114,207.4813811,0
14940,130.7417114,207.4813811,0
14941,130.7417114,207.4813811,0
14942,130.7417114,207.4813811,0
14943,130.7417114,207.4813811,0
14944,127.8995001,207.4813811,0
14945,127.8995001,207.4813811,0
14946,127.8995001,207.4813811,0
14947,130.7417111,207.4813811,0
14948,130.7417111,207.4813811,0
14949,130.7417111,207.4813811,0
14950,130.7417111,207.4813811,0
14951,130.7417111,207.4813811,0
14952,130.7417111,207.4813811,0
14953,130.7417111,207.4813811,0
14954,130.7417111,207.4813811,0
14955,130.7417111,207.4813811,0
14956,130.7417111,207.4813811,0
14957,130.7417111,207.4813811,0
14958,130.7417111,207.4813811,0
14959,130.7417111,207.4813811,0
14960,130.7417111,207.4813811,0
14961,130.7417111,207.4813811,0
14962,130.7417111,207.4813811,0
14963,130.7417111,207.4813811,0
14964,130.7417111,207.4813811,0
14965,130.7417111,207.4813811,0
14966,130.7417111,207.4813811,0
14967,130.7417111,207.4813811,0
14968,130.7417111,207.4813811,0
14969,130.7417111,207.4813811,0
14970,130.7417111,207.4813811,0
14971,130.7417111,207.4813811,0
14972,130.7417111,207.4813811,0
14973,130.7417111,207.4813811,0
14974,130.7417111,207.4813811,0
14975,130.7417111,207.4813811,0
14976,130.7417111,207.4813811,0
14977,130.7417111,204.6391704,0
14978,130.7417111,204.6391704,0
14979,130.7417111,204.6391704,0
14980,130.7417111,204.6391704,0
14981,130.7417111,204.6391704,0
14982,130.7417111,204.6391704,0
14983,130.7417111,204.6391704,0
14984,130.7417111,207.4813811,0
14985,130.7417111,207.4813811,0
14986,130.7417111,207.4813811,0
14987,130.7417111,207.4813811,0
14988,130.7417111,207.4813811,0
14989,130.7417111,210.3235918,0
14990,130.7417111,210.3235918,0
14991,130.7417111,210.3235918,0
14992,130.7417111,210.3235918,0
14993,130.7417111,210.3235918,0
14994,130.7417111,210.3235918,0
14995,130.7417111,210.3235918,0
14996,130.7417111,210.3235918,0
14997,127.8995004,210.3235918,0
14998,127.8995004,210.3235918,0
14999,127.8995003,210.3235918,0
15000,127.8995003,210.3235918,0
15001,127.8995003,210.3235918,0
15002,127.8995003,210.3235918,0
15003,130.7417111,210.3235918,0
15004,130.7417111,210.3235918,0
15005,130.7417111,210.3235918,0
15006,130.7417111,210.3235918,0
15007,130.7417111,210.3235918,0
15008,130.7417111,210.3235918,0
15009,130.7417111,210.3235918,0
15010,130.7417111,210.3235918,0
15011,130.7417111,210.3235918,0
15012,130.7417111,210.3235918,0
15013,130.7417111,210.3235918,0
15014,130.7417111,210.3235918,0
15015,130.7417111,210.3235918,0
15016,130.7417111,210.3235918,0
15017,130.7417111,210.3235918,0
15018,130.7417111,210.3235918,0
15019,130.7417111,210.3235918,0
15020,130.7417111,210.3235918,0
15021,130.7417111,210.3235918,0
15022,130.7417111,210.3235918,0
15023,130.7417111,210.3235918,0
15024,130.7417111,210.3235918,0
15025,130.7417111,210.3235918,0
15026,130.7417111,210.3235918,0
15027,130.7417111,210.3235918,0
15028,130.7417111,210.3235918,0
15029,130.7417111,210.3235918,0
15030,130.7417111,210.3235918,0
15031,130.7417111,210.3235918,0
15032,130.7417111,210.3235918,0
15033,130.7417111,210.3235918,0
15034,130.7417111,210.3235918,0
15035,130.7417111,210.3235918,0
15036,130.7417111,210.3235918,0
15037,130.7417111,210.3235918,0
15038,130.7417111,210.3235918,0
15039,130.7417111,207.4813811,0
15040,130.7417111,207.4813811,0
15041,130.7417111,207.4813811,0
15042,130.7417111,207.4813811,0
15043,130.7417111,207.4813811,0
15044,130.7417111,207.4813811,0
15045,130.7417111,207.4813811,0
15046,130.7417111,207.4813811,0
15047,130.7417111,210.3235918,0
15048,130.7417111,210.3235918,0
15049,130.7417111,210.3235918,0
15050,130.7417111,210.3235918,0
15051,130.7417111,210.3235918,0
15052,130.7417111,210.3235918,0
15053,125.0572893,210.3235918,0
15054,125.0572893,210.3235918,0
15055,125.0572893,210.3235918,0
15056,125.0572893,210.3235918,0
15057,125.0572893,210.3235918,0
15058,127.8995003,210.3235918,0
15059,127.8995003,210.3235918,0
15060,127.8995003,210.3235918,0
15061,127.8995003,210.3235918,0
15062,127.8995003,210.3235918,0
15063,127.8995003,210.3235918,0
15064,127.8995003,210.3235918,0
15065,127.8995003,210.3235918,0
15066,127.8995003,210.3235918,0
15067,127.8995003,210.3235918,0
15068,127.8995003,210.3235918,0
15069,127.8995003,210.3235918,0
15070,127.8995003,210.3235918,0
15071,127.8995003,210.3235918,0
15072,127.8995003,210.3235918,0
15073,127.8995003,210.3235918,0
15074,127.8995003,210.3235918,0
15075,127.8995003,210.3235918,0
15076,127.8995003,210.3235918,0
15077,127.8995003,210.3235918,0
15078,127.8995003,210.3235918,0
15079,127.8995003,210.3235918,0
15080,127.8995003,210.3235918,0
15081,127.8995003,210.3235918,0
15082,127.8995003,210.3235918,0
15083,127.8995003,210.3235918,0
15084,127.8995003,210.3235918,0
15085,127.8995003,210.3235918,0
15086,127.8995003,210.3235918,0
15087,127.8995003,210.3235918,0
15088,127.8995003,210.3235918,0
15089,127.8995003,210.3235918,0
15090,127.8995003,210.3235918,0
15091,127.8995003,210.3235918,0
15092,127.8995003,210.3235918,0
15093,127.8995003,210.3235918,0
15094,127.8995003,210.3235918,0
15095,127.8995003,210.3235918,0
15096,127.8995003,210.3235918,0
15097,127.8995003,207.4813811,0
15098,127.8995003,207.4813811,0
15099,127.8995003,207.4813811,0
15100,127.8995003,207.4813811,0
15101,127.8995003,207.4813811,0
15102,127.8995003,207.4813811,0
15103,127.8995003,207.4813811,0
15104,127.8995003,207.4813811,0
15105,127.8995003,207.4813811,0
15106,127.8995003,207.4813811,0
15107,127.8995003,207.4813811,0
15108,127.8995003,207.4813811,0
15109,127.8995003,207.4813811,0
15110,127.8995003,207.4813811,0
15111,127.8995003,207.4813811,0
15112,127.8995003,207.4813811,0
15113,127.8995003,207.4813811,0
15114,127.8995003,207.4813811,0
15115,127.8995003,207.4813811,0
15116,127.8995003,207.4813811,0
15117,127.8995003,207.4813811,0
15118,127.8995003,207.4813811,0
15119,127.8995003,207.4813811,0
15120,127.8995003,207.4813811,0
15121,127.8995003,207.4813811,0
15122,127.8995003,207.4813811,0
15123,127.8995003,207.4813811,0
15124,127.8995003,207.4813811,0
15125,127.8995003,207.4813811,0
15126,127.8995003,207.4813811,0
15127,127.8995003,207.4813811,0
15128,127.8995003,207.4813811,0
15129,127.8995003,207.4813811,0
15130,127.8995003,207.4813811,0
15131,127.8995003,207.4813811,0
15132,127.8995003,207.4813811,0
15133,127.8995003,207.4813811,0
15134,127.8995003,207.4813811,0
15135,127.8995003,207.4813811,0
15136,127.8995003,207.4813811,0
15137,127.8995003,207.4813811,0
15138,127.8995003,207.4813811,0
15139,127.8995003,207.4813811,0
15140,127.8995003,207.4813811,0
15141,125.0572891,207.4813811,0
15142,125.0572891,207.4813811,0
15143,125.0572891,207.4813811,0
15144,125.0572891,207.4813811,0
15145,125.0572891,207.4813811,0
15146,125.0572891,207.4813811,0
15147,125.0572891,207.4813811,0
15148,125.0572891,207.4813811,0
15149,125.0572891,207.4813811,0
15150,125.0572891,207.4813811,0
15151,125.0572891,207.4813811,0
15152,125.0572891,207.4813811,0
15153,125.0572891,207.4813811,0
15154,125.0572891,207.4813811,0
15155,125.0572893,207.4813811,0
15156,125.0572893,207.4813811,0
15157,125.0572893,204.6391704,0
15158,125.0572893,204.6391704,0
15159,125.0572893,204.6391704,0
15160,125.0572893,204.6391704,0
15161,125.0572893,204.6391704,0
15162,125.0572893,204.6391704,0
15163,125.0572893,204.6391704,0
15164,125.0572893,204.6391704,0
15165,125.0572893,204.6391704,0
15166,125.0572893,207.4813811,0
15167,125.0572893,207.4813811,0
15168,125.0572893,207.4813811,0
15169,125.0572893,207.4813811,0
15170,125.0572893,207.4813811,0
15171,125.0572893,207.4813811,0
15172,125.0572893,207.4813811,0
15173,125.0572893,207.4813811,0
15174,125.0572893,207.4813811,0
15175,125.0572893,207.4813811,0
15176,125.0572893,207.4813811,0
15177,125.0572893,207.4813811,0
15178,125.0572893,207.4813811,0
15179,125.0572893,207.4813811,0
15180,125.0572893,207.4813811,0
15181,125.0572893,207.4813811,0
15182,125.0572893,207.4813811,0
15183,125.0572893,207.4813811,0
15184,125.0572893,207.4813811,0
15185,125.0572893,207.4813811,0
15186,125.0572893,207.4813811,0
15187,125.0572893,207.4813811,0
15188,125.0572893,207.4813811,0
15189,125.0572893,207.4813811,0
15190,125.0572893,207.4813811,0
15191,125.0572893,207.4813811,0
15192,125.0572893,207.4813811,0
15193,125.0572893,207.4813811,0
15194,125.0572893,207.4813811,0
15195,125.0572893,207.4813811,0
15196,125.0572893,207.4813811,0
15197,125.0572893,207.4813811,0
15198,125.0572893,207.4813811,0
15199,125.0572893,207.4813811,0
15200,125.0572893,207.4813811,0
15201,125.0572893,207.4813811,0
15202,125.0572893,207.4813811,0
15203,125.0572893,207.4813811,0
15204,125.0572893,207.4813811,0
15205,125.057289,207.4813811,0
15206,125.057289,207.4813811,0
15207,125.057289,207.4813811,0
15208,125.057289,207.4813811,0
15209,125.057289,207.4813811,0
15210,125.057289,207.4813811,0
15211,125.057289,207.4813811,0
15212,125.057289,207.4813811,0
15213,125.057289,207.4813811,0
15214,125.057289,207.4813811,0
15215,125.057289,207.4813811,0
15216,125.057289,207.4813811,0
15217,125.057289,207.4813811,0
15218,125.057289,207.4813811,0
15219,125.057289,207.4813811,0
15220,125.057289,207.4813811,0
15221,125.057289,207.4813811,0
15222,125.057289,207.4813811,0
15223,125.057289,207.4813811,0
15224,125.057289,207.4813811,0
15225,125.057289,207.4813811,0
15226,125.057289,207.4813811,0
15227,125.057289,207.4813811,0
15228,125.057289,207.4813811,0
15229,125.057289,207.4813811,0
15230,125.057289,207.4813811,0
15231,125.057289,207.4813811,0
15232,125.057289,207.4813811,0
15233,125.057289,207.4813811,0
15234,125.057289,207.4813811,0
15235,125.057289,207.4813811,0
15236,125.057289,204.6391704,0
15237,125.057289,204.6391704,0
15238,125.057289,204.6391704,0
15239,125.057289,204.6391704,0
15240,125.057289,204.6391704,0
15241,125.057289,204.6391704,0
15242,125.057289,204.6391704,0
15243,125.057289,204.6391704,0
15244,125.057289,204.6391704,0
15245,125.057289,204.6391704,0
15246,125.057289,204.6391704,0
15247,122.2150781,207.4813811,0
15248,122.2150781,207.4813811,0
15249,122.2150781,207.4813811,0
15250,122.2150781,207.4813811,0
15251,122.2150781,207.4813811,0
15252,122.2150781,207.4813811,0
15253,122.2150781,207.4813811,0
15254,122.2150781,207.4813811,0
15255,122.2150781,207.4813811,0
15256,122.2150781,207.4813811,0
15257,122.2150781,207.4813811,0
15258,122.2150781,207.4813811,0
15259,122.2150781,207.4813811,0
15260,122.2150781,207.4813811,0
15261,122.2150781,207.4813811,0
15262,122.2150781,207.4813811,0
15263,122.2150781,207.4813811,0
15264,122.2150781,207.4813811,0
15265,122.2150781,207.4813811,0
15266,122.2150781,207.4813811,0
15267,122.2150781,207.4813811,0
15268,122.2150781,207.4813811,0
15269,122.2150781,207.4813811,0
15270,122.2150781,207.4813811,0
15271,122.2150781,207.4813811,0
15272,122.2150781,207.4813811,0
15273,122.2150781,207.4813811,0
15274,122.2150781,207.4813811,0
15275,122.2150781,207.4813811,0
15276,122.2150781,207.4813811,0
15277,122.2150781,207.4813811,0
15278,122.2150778,207.4813811,0
15279,122.2150778,207.4813811,0
15280,122.2150778,207.4813811,0
15281,122.2150778,207.4813811,0
15282,122.2150778,207.4813811,0
15283,122.2150778,210.3235918,0
15284,122.2150778,210.3235918,0
15285,122.2150778,210.3235918,0
15286,122.2150778,210.3235918,0
15287,122.2150778,210.3235918,0
15288,119.372867,210.3235918,0
15289,119.3728669,210.3235918,0
15290,119.3728669,210.3235918,0
15291,119.3728669,210.3235918,0
15292,119.3728669,210.3235918,0
15293,119.3728669,210.3235918,0
15294,119.3728669,210.3235918,0
15295,119.3728669,210.3235918,0
15296,119.3728669,210.3235918,0
15297,119.3728669,210.3235918,0
15298,119.3728669,210.3235918,0
15299,119.3728669,210.3235918,0
15300,119.3728669,210.3235918,0
15301,119.3728669,210.3235918,0
15302,119.3728669,210.3235918,0
15303,119.3728669,210.3235918,0
15304,119.3728669,210.3235918,0
15305,119.3728669,210.3235918,0
15306,119.3728669,210.3235918,0
15307,119.3728669,210.3235918,0
15308,119.3728669,210.3235918,0
15309,119.3728669,210.3235918,0
15310,119.3728669,210.3235918,0
15311,119.3728669,210.3235918,0
15312,119.3728669,210.3235918,0
15313,119.3728669,210.3235918,0
15314,119.3728669,210.3235918,0
15315,119.3728669,210.3235918,0
15316,119.3728669,210.3235918,0
15317,119.3728669,210.3235918,0
15318,119.3728669,210.3235918,0
15319,119.3728669,210.3235918,0
15320,119.3728669,210.3235918,0
15321,119.3728669,210.3235918,0
15322,119.3728669,210.3235918,0
15323,119.3728669,210.3235918,0
15324,119.3728669,210.3235918,0
15325,119.3728669,210.3235918,0
15326,119.3728669,210.3235918,0
15327,119.3728669,210.3235918,0
15328,119.3728669,210.3235918,0
15329,119.3728669,210.3235918,0
15330,119.3728669,210.3235918,0
15331,119.3728669,210.3235918,0
15332,119.3728669,210.3235918,0
15333,119.3728669,210.3235918,0
15334,119.3728669,210.3235918,0
15335,119.3728669,210.3235918,0
15336,119.3728669,207.4813811,0
15337,119.3728669,207.4813811,0
15338,119.3728669,207.4813811,0
15339,119.3728669,207.4813811,0
15340,119.3728669,207.4813811,0
15341,119.3728669,207.4813811,0
15342,119.3728669,207.4813811,0
15343,119.3728669,207.4813811,0
15344,119.3728669,207.4813811,0
15345,119.3728669,207.4813811,0
15346,119.3728669,207.4813811,0
15347,119.3728669,207.4813811,0
15348,119.3728669,207.4813811,0
15349,119.3728669,207.4813811,0
15350,119.3728669,207.4813811,0
15351,119.3728669,207.4813811,0
15352,119.3728669,207.4813811,0
15353,119.3728669,207.4813811,0
15354,119.3728669,207.4813811,0
15355,119.3728669,207.4813811,0
15356,119.3728669,207.4813811,0
15357,119.3728669,207.4813811,0
15358,119.3728669,207.4813811,0
15359,119.3728669,207.4813811,0
15360,119.3728669,207.4813811,0
15361,119.3728669,207.4813811,0
15362,119.3728669,207.4813811,0
15363,119.3728669,207.4813811,0
15364,119.3728669,207.4813811,0
15365,119.3728669,207.4813811,0
15366,116.5306558,207.4813811,0
15367,116.5306558,207.4813811,0
15368,116.5306558,207.4813811,0
15369,116.5306558,207.4813811,0
15370,116.5306558,207.4813811,0
15371,116.5306558,207.4813811,0
15372,116.5306558,207.4813811,0
15373,116.5306558,207.4813811,0
15374,116.5306558,207.4813811,0
15375,116.5306558,207.4813811,0
15376,116.5306558,207.4813811,0
15377,116.5306558,207.4813811,0
15378,116.5306558,207.4813811,0
15379,116.5306558,207.4813811,0
15380,116.5306558,207.4813811,0
15381,116.5306558,207.4813811,0
15382,116.5306558,207.4813811,0
15383,116.5306558,207.4813811,0
15384,116.5306558,207.4813811,0
15385,116.5306558,207.4813811,0
15386,116.5306558,207.4813811,0
15387,116.5306558,207.4813811,0
15388,116.5306558,207.4813811,0
15389,116.5306558,207.4813811,0
15390,119.3728667,210.3235918,0
15391,119.3728667,210.3235918,0
15392,119.3728667,210.3235918,0
15393,119.3728667,210.3235918,0
15394,119.3728667,210.3235918,0
15395,119.3728667,210.3235918,0
15396,119.3728667,210.3235918,0
15397,119.3728667,210.3235918,0
15398,119.3728667,210.3235918,0
15399,119.3728667,210.3235918,0
15400,119.3728667,210.3235918,0
15401,119.3728667,210.3235918,0
15402,119.3728667,210.3235918,0
15403,122.2150781,210.3235918,0
15404,122.2150781,210.3235918,0
15405,122.2150781,210.3235918,0
15406,122.2150781,210.3235918,0
15407,122.2150781,210.3235918,0
15408,122.2150781,210.3235918,0
15409,122.2150781,210.3235918,0
15410,122.2150781,210.3235918,0
15411,122.2150781,210.3235918,0
15412,122.2150781,210.3235918,0
15413,122.2150781,210.3235918,0
15414,122.2150781,210.3235918,0
15415,122.2150781,210.3235918,0
15416,122.2150781,210.3235918,0
15417,122.2150781,210.3235918,0
15418,122.2150781,210.3235918,0
15419,122.2150781,210.3235918,0
15420,122.2150781,210.3235918,0
15421,122.2150781,210.3235918,0
15422,122.2150781,210.3235918,0
15423,122.2150781,210.3235918,0
15424,122.2150781,210.3235918,0
15425,122.2150781,210.3235918,0
15426,122.2150781,210.3235918,0
15427,122.2150781,210.3235918,0
15428,122.2150781,210.3235918,0
15429,122.2150781,210.3235918,0
15430,122.2150781,210.3235918,0
15431,122.2150781,210.3235918,0
15432,122.2150781,210.3235918,0
15433,122.2150781,210.3235918,0
15434,122.2150781,210.3235918,0
15435,122.2150781,210.3235918,0
15436,122.2150781,210.3235918,0
15437,122.2150781,210.3235918,0
15438,122.2150781,210.3235918,0
15439,122.2150781,210.3235918,0
15440,122.2150781,207.4813811,0
15441,122.2150781,207.4813811,0
15442,122.2150781,207.4813811,0
15443,122.2150781,207.4813811,0
15444,122.2150781,207.4813811,0
15445,122.2150781,207.4813811,0
15446,122.2150781,207.4813811,0
15447,122.2150781,207.4813811,0
15448,122.2150781,207.4813811,0
15449,122.2150781,207.4813811,0
15450,122.2150781,207.4813811,0
15451,122.2150781,207.4813811,0
15452,122.2150781,207.4813811,0
15453,122.2150781,207.4813811,0
15454,119.3728669,207.4813811,0
15455,119.3728669,207.4813811,0
15456,119.372867,207.4813811,0
15457,119.372867,207.4813811,0
15458,119.372867,207.4813811,0
15459,119.372867,207.4813811,0
15460,119.372867,207.4813811,0
15461,119.372867,207.4813811,0
15462,119.372867,207.4813811,0
15463,119.372867,207.4813811,0
15464,119.372867,207.4813811,0
15465,119.372867,207.4813811,0
15466,119.372867,204.6391704,0
15467,119.372867,204.6391704,0
15468,119.372867,204.6391704,0
15469,119.372867,204.6391704,0
15470,119.372867,204.6391704,0
15471,119.372867,204.6391704,0
15472,119.372867,204.6391704,0
15473,119.372867,204.6391704,0
15474,119.372867,207.4813811,0
15475,119.372867,207.4813811,0
15476,119.372867,207.4813811,0
15477,119.372867,207.4813811,0
15478,119.372867,207.4813811,0
15479,119.372867,207.4813811,0
15480,119.372867,207.4813811,0
15481,119.372867,207.4813811,0
15482,119.372867,207.4813811,0
15483,119.372867,207.4813811,0
15484,119.372867,207.4813811,0
15485,122.2150778,207.4813811,0
15486,122.2150778,207.4813811,0
15487,122.2150778,207.4813811,0
15488,122.2150778,207.4813811,0
15489,122.2150778,207.4813811,0
15490,122.2150778,207.4813811,0
15491,122.2150778,207.4813811,0
15492,122.2150778,207.4813811,0
15493,122.2150778,207.4813811,0
15494,122.2150778,207.4813811,0
15495,122.2150778,207.4813811,0
15496,122.2150778,207.4813811,0
15497,122.2150778,207.4813811,0
15498,122.2150778,207.4813811,0
15499,122.2150778,207.4813811,0
15500,122.2150778,207.4813811,0
15501,122.2150778,207.4813811,0
15502,122.2150778,207.4813811,0
15503,122.2150778,207.4813811,0
15504,122.2150778,207.4813811,0
15505,122.2150778,207.4813811,0
15506,122.2150778,207.4813811,0
15507,122.2150778,207.4813811,0
15508,122.2150778,207.4813811,0
15509,122.2150778,207.4813811,0
15510,122.2150778,207.4813811,0
15511,122.2150778,207.4813811,0
15512,122.2150778,207.4813811,0
15513,122.2150778,207.4813811,0
15514,122.2150778,207.4813811,0
15515,122.2150778,207.4813811,0
15516,122.2150778,207.4813811,0
15517,122.2150778,207.4813811,0
15518,122.2150778,207.4813811,0
15519,122.2150778,207.4813811,0
15520,122.2150778,207.4813811,0
15521,122.2150778,207.4813811,0
15522,122.2150778,207.4813811,0
15523,122.2150778,207.4813811,0
15524,122.2150778,207.4813811,0
15525,122.2150778,207.4813811,0
15526,122.2150778,207.4813811,0
15527,122.2150778,207.4813811,0
15528,122.2150778,207.4813811,0
15529,122.2150778,207.4813811,0
15530,122.2150778,207.4813811,0
15531,122.2150778,207.4813811,0
15532,122.2150778,207.4813811,0
15533,122.2150778,207.4813811,0
15534,122.2150778,207.4813811,0
15535,119.372867,207.4813811,0
15536,119.3728669,207.4813811,0
15537,119.3728669,207.4813811,0
15538,119.3728669,207.4813811,0
15539,119.3728669,207.4813811,0
15540,119.3728669,207.4813811,0
15541,119.3728669,207.4813811,0
15542,119.3728669,207.4813811,0
15543,119.3728669,207.4813811,0
15544,119.3728669,207.4813811,0
15545,119.3728669,207.4813811,0
15546,119.3728669,207.4813811,0
15547,119.3728669,207.4813811,0
15548,119.3728669,207.4813811,0
15549,119.3728669,207.4813811,0
15550,119.3728669,207.4813811,0
15551,119.3728669,207.4813811,0
15552,119.3728669,207.4813811,0
15553,119.3728669,207.4813811,0
15554,119.3728669,207.4813811,0
15555,119.3728669,207.4813811,0
15556,119.372867,207.4813811,0
15557,119.372867,207.4813811,0
15558,119.372867,207.4813811,0
15559,119.372867,207.4813811,0
15560,119.372867,207.4813811,0
15561,119.372867,207.4813811,0
15562,119.372867,207.4813811,0
15563,119.372867,207.4813811,0
15564,119.372867,207.4813811,0
15565,119.372867,207.4813811,0
15566,119.372867,207.4813811,0
15567,119.372867,207.4813811,0
15568,119.372867,207.4813811,0
15569,119.372867,207.4813811,0
15570,119.372867,207.4813811,0
15571,119.372867,207.4813811,0
15572,119.372867,207.4813811,0
15573,119.372867,207.4813811,0
15574,119.372867,207.4813811,0
15575,119.372867,207.4813811,0
15576,119.372867,207.4813811,0
15577,119.372867,207.4813811,0
15578,119.372867,207.4813811,0
15579,119.372867,207.4813811,0
15580,119.372867,207.4813811,0
15581,119.372867,207.4813811,0
15582,119.372867,207.4813811,0
15583,119.372867,207.4813811,0
15584,119.372867,207.4813811,0
15585,119.372867,207.4813811,0
15586,119.372867,207.4813811,0
15587,119.372867,207.4813811,0
15588,119.372867,207.4813811,0
15589,119.372867,207.4813811,0
15590,119.372867,207.4813811,0
15591,119.372867,207.4813811,0
15592,119.372867,207.4813811,0
15593,119.372867,207.4813811,0
15594,119.372867,207.4813811,0
15595,119.372867,207.4813811,0
15596,119.372867,207.4813811,0
15597,119.372867,207.4813811,0
15598,119.372867,207.4813811,0
15599,119.372867,207.4813811,0
15600,119.372867,207.4813811,0
15601,119.372867,207.4813811,0
15602,119.372867,207.4813811,0
15603,119.372867,207.4813811,0
15604,119.372867,207.4813811,0
15605,119.372867,207.4813811,0
15606,119.372867,207.4813811,0
15607,119.372867,207.4813811,0
15608,119.372867,207.4813811,0
15609,119.372867,207.4813811,0
15610,119.372867,207.4813811,0
15611,119.372867,207.4813811,0
15612,119.372867,207.4813811,0
15613,119.372867,207.4813811,0
15614,119.372867,207.4813811,0
15615,119.372867,207.4813811,0
15616,119.372867,207.4813811,0
15617,119.372867,207.4813811,0
15618,119.372867,210.3235918,0
15619,119.372867,210.3235918,0
15620,119.372867,210.3235918,0
15621,119.372867,210.3235918,0
15622,119.372867,210.3235918,0
15623,119.372867,210.3235918,0
15624,119.372867,210.3235918,0
15625,119.372867,210.3235918,0
15626,119.372867,210.3235918,0
15627,119.372867,210.3235918,0
15628,119.372867,210.3235918,0
15629,119.372867,210.3235918,0
15630,122.2150781,210.3235918,0
15631,122.2150781,210.3235918,0
15632,122.2150781,210.3235918,0
15633,122.2150781,210.3235918,0
15634,122.2150781,210.3235918,0
15635,122.2150781,210.3235918,0
15636,122.2150781,210.3235918,0
15637,122.2150781,210.3235918,0
15638,122.2150781,210.3235918,0
15639,122.2150781,210.3235918,0
15640,122.2150781,210.3235918,0
15641,122.2150781,210.3235918,0
15642,122.2150781,210.3235918,0
15643,122.2150781,210.3235918,0
15644,122.2150781,210.3235918,0
15645,122.2150781,210.3235918,0
15646,122.2150781,210.3235918,0
15647,122.2150781,210.3235918,0
15648,122.2150781,210.3235918,0
15649,122.2150781,210.3235918,0
15650,122.2150781,210.3235918,0
15651,122.2150781,210.3235918,0
15652,122.2150781,210.3235918,0
15653,122.2150781,210.3235918,0
15654,122.2150781,210.3235918,0
15655,122.2150781,210.3235918,0
15656,122.2150781,210.3235918,0
15657,122.2150781,210.3235918,0
15658,122.2150781,210.3235918,0
15659,122.2150781,210.3235918,0
15660,122.2150781,210.3235918,0
15661,122.2150781,210.3235918,0
15662,122.2150781,210.3235918,0
15663,122.2150781,210.3235918,0
15664,122.2150781,210.3235918,0
15665,122.2150781,210.3235918,0
15666,122.2150781,210.3235918,0
15667,122.2150781,210.3235918,0
15668,122.2150781,207.4813811,0
15669,122.2150781,207.4813811,0
15670,122.2150781,207.4813811,0
15671,122.2150781,207.4813811,0
15672,122.2150781,207.4813811,0
15673,122.2150781,207.4813811,0
15674,122.2150781,207.4813811,0
15675,122.2150781,207.4813811,0
15676,122.2150781,207.4813811,0
15677,122.2150781,207.4813811,0
15678,122.2150781,207.4813811,0
15679,122.2150781,207.4813811,0
15680,119.372867,207.4813811,0
15681,119.372867,207.4813811,0
15682,119.372867,207.4813811,0
15683,119.372867,207.4813811,0
15684,119.372867,207.4813811,0
15685,119.372867,207.4813811,0
15686,119.372867,207.4813811,0
15687,119.372867,207.4813811,0
15688,119.372867,207.4813811,0
15689,119.372867,207.4813811,0
15690,119.372867,207.4813811,0
15691,119.372867,207.4813811,0
15692,119.372867,207.4813811,0
15693,119.372867,207.4813811,0
15694,119.372867,207.4813811,0
15695,119.372867,207.4813811,0
15696,119.372867,207.4813811,0
15697,119.372867,207.4813811,0
15698,119.372867,207.4813811,0
15699,119.372867,207.4813811,0
15700,119.372867,207.4813811,0
15701,119.372867,207.4813811,0
15702,119.372867,207.4813811,0
15703,119.372867,207.4813811,0
15704,119.372867,207.4813811,0
15705,119.372867,207.4813811,0
15706,119.372867,207.4813811,0
15707,119.372867,207.4813811,0
15708,119.372867,207.4813811,0
15709,119.372867,207.4813811,0
15710,119.372867,207.4813811,0
15711,119.372867,207.4813811,0
15712,119.372867,207.4813811,0
15713,119.372867,207.4813811,0
15714,119.372867,207.4813811,0
15715,119.372867,207.4813811,0
15716,119.372867,207.4813811,0
15717,119.372867,207.4813811,0
15718,119.372867,207.4813811,0
15719,119.372867,207.4813811,0
15720,119.372867,207.4813811,0
15721,119.372867,207.4813811,0
15722,119.372867,207.4813811,0
15723,119.372867,207.4813811,0
15724,119.372867,207.4813811,0
15725,119.372867,207.4813811,0
15726,119.372867,207.4813811,0
15727,119.372867,207.4813811,0
15728,119.372867,207.4813811,0
15729,119.372867,207.4813811,0
15730,119.372867,207.4813811,0
15731,119.3728669,207.4813811,0
15732,119.3728669,207.4813811,0
15733,119.3728669,207.4813811,0
15734,119.3728669,207.4813811,0
15735,119.3728669,207.4813811,0
15736,119.3728669,207.4813811,0
15737,119.3728669,207.4813811,0
15738,119.3728669,207.4813811,0
15739,119.3728669,207.4813811,0
15740,119.3728669,207.4813811,0
15741,119.3728669,207.4813811,0
15742,119.3728669,207.4813811,0
15743,119.3728669,207.4813811,0
15744,119.3728669,207.4813811,0
15745,119.3728669,207.4813811,0
15746,119.3728669,207.4813811,0
15747,119.3728669,207.4813811,0
15748,119.3728669,207.4813811,0
15749,119.3728669,207.4813811,0
15750,119.3728669,207.4813811,0
15751,122.2150781,207.4813811,0
15752,122.2150781,207.4813811,0
15753,122.2150781,207.4813811,0
15754,122.2150781,207.4813811,0
15755,122.2150781,207.4813811,0
15756,122.2150781,207.4813811,0
15757,122.2150781,207.4813811,0
15758,122.2150781,207.4813811,0
15759,122.2150781,207.4813811,0
15760,122.2150781,207.4813811,0
15761,122.2150781,207.4813811,0
15762,122.2150781,207.4813811,0
15763,122.2150781,207.4813811,0
15764,122.2150781,207.4813811,0
15765,122.2150781,207.4813811,0
15766,122.2150781,207.4813811,0
15767,122.2150781,207.4813811,0
15768,122.2150781,207.4813811,0
15769,122.2150781,207.4813811,0
15770,122.2150781,207.4813811,0
15771,122.2150781,204.6391704,0
15772,122.2150781,204.6391704,0
15773,122.2150781,204.6391704,0
15774,122.2150781,204.6391704,0
15775,122.2150781,204.6391704,0
15776,122.2150781,204.6391704,0
15777,122.2150781,204.6391704,0
15778,122.2150781,204.6391704,0
15779,122.2150781,204.6391704,0
15780,122.2150781,204.6391704,0
15781,122.2150781,204.6391704,0
15782,122.2150781,204.6391704,0
15783,122.2150781,204.6391704,0
15784,122.2150781,204.6391704,0
15785,122.2150781,204.6391704,0
15786,122.2150781,204.6391704,0
15787,122.2150781,204.6391704,0
15788,122.2150781,204.6391704,0
15789,122.2150781,204.6391704,0
15790,122.2150781,204.6391704,0
15791,122.2150781,204.6391704,0
15792,122.2150781,204.6391704,0
15793,122.2150781,204.6391704,0
15794,122.2150781,204.6391704,0
15795,122.2150781,204.6391704,0
15796,122.2150781,204.6391704,0
15797,122.2150781,204.6391704,0
15798,122.2150781,204.6391704,0
15799,122.2150781,204.6391704,0
15800,122.2150781,204.6391704,0
15801,122.2150781,204.6391704,0
15802,122.2150779,204.6391704,0
15803,122.2150779,204.6391704,0
15804,122.2150779,204.6391704,0
15805,122.2150779,204.6391704,0
15806,122.2150779,204.6391704,0
15807,122.2150779,204.6391704,0
15808,119.372867,204.6391704,0
15809,119.372867,204.6391704,0
15810,119.372867,204.6391704,0
15811,119.372867,204.6391704,0
15812,119.372867,204.6391704,0
15813,119.3728669,204.6391704,0
15814,119.3728669,204.6391704,0
15815,119.3728669,207.4813811,0
15816,119.3728669,207.4813811,0
15817,119.3728669,207.4813811,0
15818,119.3728669,207.4813811,0
15819,119.3728669,207.4813811,0
15820,119.3728669,207.4813811,0
15821,116.5306558,207.4813811,0
15822,116.5306558,207.4813811,0
15823,116.5306558,207.4813811,0
15824,116.5306558,207.4813811,0
15825,116.5306558,207.4813811,0
15826,116.5306558,207.4813811,0
15827,116.5306558,207.4813811,0
15828,116.5306558,207.4813811,0
15829,116.5306558,207.4813811,0
15830,116.5306558,207.4813811,0
15831,116.5306558,207.4813811,0
15832,116.5306558,207.4813811,0
15833,116.5306558,207.4813811,0
15834,116.5306558,207.4813811,0
15835,116.5306558,207.4813811,0
15836,116.5306555,207.4813811,0
15837,116.5306555,207.4813811,0
15838,116.5306555,207.4813811,0
15839,116.5306555,207.4813811,0
15840,116.5306555,207.4813811,0
15841,116.5306555,207.4813811,0
15842,116.5306555,207.4813811,0
15843,116.5306555,207.4813811,0
15844,116.5306555,207.4813811,0
15845,116.5306555,207.4813811,0
15846,116.5306555,207.4813811,0
15847,116.5306555,207.4813811,0
15848,116.5306555,207.4813811,0
15849,116.5306555,207.4813811,0
15850,116.5306555,207.4813811,0
15851,116.5306555,207.4813811,0
15852,116.5306555,207.4813811,0
15853,116.5306555,207.4813811,0
15854,116.5306555,207.4813811,0
15855,116.5306555,207.4813811,0
15856,116.5306555,207.4813811,0
15857,116.5306555,207.4813811,0
15858,116.5306555,207.4813811,0
15859,113.6884446,207.4813811,0
15860,113.6884446,207.4813811,0
15861,113.6884446,207.4813811,0
15862,113.6884446,207.4813811,0
15863,113.6884446,207.4813811,0
15864,113.6884446,207.4813811,0
15865,113.6884446,204.6391704,0
15866,113.6884446,207.4813811,0
15867,113.6884446,207.4813811,0
15868,113.6884446,207.4813811,0
15869,113.6884446,207.4813811,0
15870,113.6884446,207.4813811,0
15871,116.5306556,207.4813811,0
15872,116.5306556,207.4813811,0
15873,116.5306556,207.4813811,0
15874,116.5306556,207.4813811,0
15875,116.5306556,207.4813811,0
15876,116.5306556,207.4813811,0
15877,116.5306556,207.4813811,0
15878,116.5306556,207.4813811,0
15879,116.5306556,207.4813811,0
15880,116.5306556,207.4813811,0
15881,116.5306556,207.4813811,0
15882,116.5306556,207.4813811,0
15883,116.5306557,207.4813811,0
15884,116.5306557,207.4813811,0
15885,116.5306557,207.4813811,0
15886,116.5306557,207.4813811,0
15887,116.5306557,207.4813811,0
15888,116.5306557,207.4813811,0
15889,116.5306557,207.4813811,0
15890,116.5306557,207.4813811,0
15891,116.5306557,207.4813811,0
15892,116.5306557,207.4813811,0
15893,116.5306557,207.4813811,0
15894,116.5306557,207.4813811,0
15895,116.5306557,207.4813811,0
15896,116.5306557,207.4813811,0
15897,116.5306557,207.4813811,0
15898,116.5306557,207.4813811,0
15899,116.5306557,207.4813811,0
15900,116.5306557,207.4813811,0
15901,116.5306557,207.4813811,0
15902,116.5306557,207.4813811,0
15903,116.5306557,207.4813811,0
15904,116.5306557,207.4813811,0
15905,116.5306557,207.4813811,0
15906,116.5306557,207.4813811,0
15907,116.5306557,207.4813811,0
15908,116.5306557,207.4813811,0
15909,116.5306557,207.4813811,0
15910,116.5306557,207.4813811,0
15911,116.5306557,207.4813811,0
15912,116.5306557,207.4813811,0
15913,116.5306557,207.4813811,0
15914,116.5306557,207.4813811,0
15915,116.5306557,207.4813811,0
15916,116.5306557,207.4813811,0
15917,116.5306557,207.4813811,0
15918,116.5306557,207.4813811,0
15919,116.5306557,207.4813811,0
15920,116.5306557,207.4813811,0
15921,116.5306557,207.4813811,0
15922,116.5306557,207.4813811,0
15923,116.5306557,207.4813811,0
15924,116.5306557,207.4813811,0
15925,116.5306557,207.4813811,0
15926,116.5306557,207.4813811,0
15927,116.5306557,207.4813811,0
15928,116.5306557,207.4813811,0
15929,116.5306557,207.4813811,0
15930,116.5306557,207.4813811,0
15931,116.5306557,207.4813811,0
15932,116.5306559,207.4813811,0
15933,116.5306559,207.4813811,0
15934,116.5306559,207.4813811,0
15935,116.5306559,207.4813811,0
15936,116.5306559,207.4813811,0
15937,116.5306559,207.4813811,0
15938,116.5306559,207.4813811,0
15939,116.5306559,207.4813811,0
15940,116.5306559,207.4813811,0
15941,116.5306559,207.4813811,0
15942,116.5306559,207.4813811,0
15943,116.5306559,207.4813811,0
15944,116.5306559,207.4813811,0
15945,116.5306559,207.4813811,0
15946,116.5306559,207.4813811,0
15947,116.5306559,207.4813811,0
15948,116.5306559,207.4813811,0
15949,116.5306559,207.4813811,0
15950,116.5306559,207.4813811,0
15951,116.5306559,207.4813811,0
15952,116.5306559,207.4813811,0
15953,116.5306559,207.4813811,0
15954,116.5306559,207.4813811,0
15955,116.5306559,207.4813811,0
15956,116.5306559,207.4813811,0
15957,116.5306559,207.4813811,0
15958,116.5306559,207.4813811,0
15959,116.5306559,207.4813811,0
15960,116.5306559,207.4813811,0
15961,116.5306559,207.4813811,0
15962,116.5306559,207.4813811,0
15963,116.5306559,207.4813811,0
15964,116.5306559,207.4813811,0
15965,116.5306559,207.4813811,0
15966,116.5306559,207.4813811,0
15967,116.5306559,207.4813811,0
15968,116.5306559,207.4813811,0
15969,116.5306559,207.4813811,0
15970,116.5306559,207.4813811,0
15971,116.5306559,207.4813811,0
15972,116.5306559,207.4813811,0
15973,116.5306559,207.4813811,0
15974,116.5306559,207.4813811,0
15975,116.5306559,207.4813811,0
15976,116.5306559,207.4813811,0
15977,116.5306559,207.4813811,0
15978,116.5306559,207.4813811,0
15979,116.5306559,207.4813811,0
15980,116.5306559,207.4813811,0
15981,116.5306559,207.4813811,0
15982,116.5306557,207.4813811,0
15983,116.5306557,207.4813811,0
15984,116.5306557,207.4813811,0
15985,116.5306557,207.4813811,0
15986,116.5306557,207.4813811,0
15987,116.5306557,207.4813811,0
15988,116.5306557,207.4813811,0
15989,116.5306557,207.4813811,0
15990,116.5306557,207.4813811,0
15991,116.5306557,207.4813811,0
15992,116.5306557,207.4813811,0
15993,116.5306557,207.4813811,0
15994,116.5306557,207.4813811,0
15995,116.5306557,207.4813811,0
15996,116.5306557,207.4813811,0
15997,116.5306557,207.4813811,0
15998,116.5306557,207.4813811,0
15999,116.5306557,207.4813811,0
16000,116.5306557,207.4813811,0
16001,116.5306557,207.4813811,0
16002,116.5306557,207.4813811,0
16003,116.5306557,207.4813811,0
16004,116.5306557,207.4813811,0
16005,116.5306557,207.4813811,0
16006,116.5306557,207.4813811,0
16007,116.5306557,207.4813811,0
16008,116.5306557,207.4813811,0
16009,116.5306557,207.4813811,0
16010,116.5306557,207.4813811,0
16011,116.5306557,207.4813811,0
16012,116.5306557,207.4813811,0
16013,116.5306557,207.4813811,0
16014,116.5306557,207.4813811,0
16015,116.5306557,207.4813811,0
16016,116.5306557,207.4813811,0
16017,116.5306557,207.4813811,0
16018,116.5306557,207.4813811,0
16019,116.5306559,207.4813811,0
16020,116.5306559,207.4813811,0
16021,116.5306559,207.4813811,0
16022,116.5306559,207.4813811,0
16023,116.5306559,207.4813811,0
16024,116.5306559,207.4813811,0
16025,116.5306559,207.4813811,0
16026,116.5306559,207.4813811,0
16027,116.5306559,207.4813811,0
16028,116.5306559,207.4813811,0
16029,116.5306559,207.4813811,0
16030,116.5306559,207.4813811,0
16031,116.5306559,207.4813811,0
16032,116.5306559,207.4813811,0
16033,116.5306559,207.4813811,0
16034,119.3728669,207.4813811,0
16035,119.3728669,207.4813811,0
16036,119.3728669,207.4813811,0
16037,119.3728669,207.4813811,0
16038,119.3728669,207.4813811,0
16039,119.3728669,207.4813811,0
16040,119.3728669,207.4813811,0
16041,119.3728669,207.4813811,0
16042,119.3728669,207.4813811,0
16043,119.3728669,207.4813811,0
16044,119.3728669,207.4813811,0
16045,119.3728669,207.4813811,0
16046,119.3728669,207.4813811,0
16047,119.3728669,207.4813811,0
16048,119.3728669,207.4813811,0
16049,119.3728669,207.4813811,0
16050,119.3728669,207.4813811,0
16051,119.3728669,207.4813811,0
16052,119.3728669,207.4813811,0
16053,119.3728669,207.4813811,0
16054,119.3728669,207.4813811,0
16055,119.3728669,207.4813811,0
16056,119.3728669,207.4813811,0
16057,119.3728669,207.4813811,0
16058,119.3728669,207.4813811,0
16059,119.3728669,207.4813811,0
16060,119.3728669,207.4813811,0
16061,119.3728669,207.4813811,0
16062,119.3728669,207.4813811,0
16063,119.3728669,207.4813811,0
16064,119.3728669,207.4813811,0
16065,119.3728669,207.4813811,0
16066,119.3728669,207.4813811,0
16067,119.3728669,207.4813811,0
16068,119.3728669,207.4813811,0
16069,119.372867,204.6391704,0
16070,119.372867,204.6391704,0
16071,119.372867,207.4813811,0
16072,119.372867,207.4813811,0
16073,119.372867,207.4813811,0
16074,119.372867,207.4813811,0
16075,119.372867,207.4813811,0
16076,119.372867,207.4813811,0
16077,119.372867,207.4813811,0
16078,119.372867,207.4813811,0
16079,119.372867,207.4813811,0
16080,119.372867,207.4813811,0
16081,119.372867,207.4813811,0
16082,119.372867,207.4813811,0
16083,119.372867,207.4813811,0
16084,119.372867,207.4813811,0
16085,119.372867,207.4813811,0
16086,119.372867,207.4813811,0
16087,119.372867,207.4813811,0
16088,119.372867,207.4813811,0
16089,119.372867,207.4813811,0
16090,119.372867,207.4813811,0
16091,119.372867,207.4813811,0
16092,119.372867,207.4813811,0
16093,119.372867,207.4813811,0
16094,119.372867,207.4813811,0
16095,119.372867,207.4813811,0
16096,119.372867,207.4813811,0
16097,119.372867,207.4813811,0
16098,119.372867,207.4813811,0
16099,119.372867,207.4813811,0
16100,119.372867,207.4813811,0
16101,119.372867,207.4813811,0
16102,119.372867,207.4813811,0
16103,119.372867,207.4813811,0
16104,119.372867,207.4813811,0
16105,119.372867,207.4813811,0
16106,119.372867,207.4813811,0
16107,119.372867,207.4813811,0
16108,119.372867,207.4813811,0
16109,119.372867,207.4813811,0
16110,119.372867,207.4813811,0
16111,119.372867,207.4813811,0
16112,119.372867,207.4813811,0
16113,119.372867,207.4813811,0
16114,119.372867,207.4813811,0
16115,119.372867,207.4813811,0
16116,119.372867,207.4813811,0
16117,119.372867,207.4813811,0
16118,119.372867,207.4813811,0
16119,119.372867,207.4813811,0
16120,119.3728667,207.4813811,0
16121,119.3728667,207.4813811,0
16122,119.3728667,207.4813811,0
16123,119.3728667,207.4813811,0
16124,119.3728667,207.4813811,0
16125,119.3728667,207.4813811,0
16126,119.3728667,207.4813811,0
16127,119.3728667,207.4813811,0
16128,119.3728667,207.4813811,0
16129,119.3728667,207.4813811,0
16130,119.3728667,207.4813811,0
16131,119.3728667,207.4813811,0
16132,119.3728667,207.4813811,0
16133,119.3728667,207.4813811,0
16134,119.3728667,207.4813811,0
16135,119.3728667,207.4813811,0
16136,119.3728667,207.4813811,0
16137,119.3728667,207.4813811,0
16138,119.3728667,207.4813811,0
16139,119.372867,207.4813811,0
16140,119.372867,207.4813811,0
16141,119.372867,207.4813811,0
16142,119.372867,207.4813811,0
16143,119.372867,207.4813811,0
16144,119.372867,207.4813811,0
16145,119.372867,207.4813811,0
16146,119.372867,207.4813811,0
16147,119.372867,207.4813811,0
16148,119.372867,207.4813811,0
16149,119.372867,207.4813811,0
16150,119.372867,207.4813811,0
16151,119.372867,207.4813811,0
16152,119.372867,207.4813811,0
16153,119.372867,207.4813811,0
16154,119.372867,207.4813811,0
16155,119.372867,207.4813811,0
16156,119.372867,207.4813811,0
16157,119.372867,207.4813811,0
16158,119.372867,207.4813811,0
16159,119.372867,207.4813811,0
16160,119.372867,207.4813811,0
16161,119.372867,207.4813811,0
16162,119.372867,207.4813811,0
16163,119.372867,207.4813811,0
16164,119.372867,207.4813811,0
16165,119.372867,207.4813811,0
16166,119.372867,207.4813811,0
16167,119.372867,207.4813811,0
16168,119.372867,207.4813811,0
16169,119.372867,207.4813811,0
16170,119.372867,207.4813811,0
16171,119.372867,207.4813811,0
16172,119.372867,207.4813811,0
16173,119.372867,207.4813811,0
16174,119.372867,207.4813811,0
16175,119.372867,207.4813811,0
16176,119.372867,207.4813811,0
16177,119.372867,207.4813811,0
16178,119.372867,207.4813811,0
16179,119.372867,207.4813811,0
16180,119.372867,207.4813811,0
16181,119.372867,207.4813811,0
16182,119.372867,207.4813811,0
16183,119.372867,207.4813811,0
16184,119.372867,207.4813811,0
16185,119.372867,207.4813811,0
16186,119.372867,207.4813811,0
16187,119.372867,207.4813811,0
16188,119.372867,207.4813811,0
16189,119.372867,207.4813811,0
16190,119.372867,207.4813811,0
16191,119.372867,207.4813811,0
16192,119.3728667,207.4813811,0
16193,119.3728667,207.4813811,0
16194,119.3728667,207.4813811,0
16195,119.3728667,207.4813811,0
16196,119.3728667,207.4813811,0
16197,119.3728667,207.4813811,0
16198,119.3728667,207.4813811,0
16199,119.3728667,207.4813811,0
16200,119.3728667,207.4813811,0
16201,119.3728667,207.4813811,0
16202,119.3728667,207.4813811,0
16203,119.3728667,207.4813811,0
16204,119.3728667,207.4813811,0
16205,119.3728667,207.4813811,0
16206,119.3728667,207.4813811,0
16207,116.5306559,207.4813811,0
16208,116.5306559,207.4813811,0
16209,116.5306559,207.4813811,0
16210,116.5306559,207.4813811,0
16211,116.5306559,207.4813811,0
16212,116.5306559,207.4813811,0
16213,116.5306559,207.4813811,0
16214,116.5306559,207.4813811,0
16215,116.5306559,207.4813811,0
16216,116.5306559,207.4813811,0
16217,119.3728667,207.4813811,0
16218,119.3728667,207.4813811,0
16219,119.3728667,207.4813811,0
16220,119.3728667,207.4813811,0
16221,119.3728667,207.4813811,0
16222,119.3728667,207.4813811,0
16223,119.3728667,207.4813811,0
16224,119.3728667,207.4813811,0
16225,119.3728667,207.4813811,0
16226,119.3728667,207.4813811,0
16227,119.3728667,207.4813811,0
16228,119.3728667,207.4813811,0
16229,119.3728667,207.4813811,0
16230,119.3728667,207.4813811,0
16231,119.3728667,207.4813811,0
16232,119.3728667,207.4813811,0
16233,119.3728667,207.4813811,0
16234,119.3728667,207.4813811,0
16235,119.3728667,207.4813811,0
16236,119.3728667,204.6391704,0
16237,119.3728667,204.6391704,0
16238,119.3728667,204.6391704,0
16239,119.3728667,204.6391704,0
16240,119.372867,204.6391704,0
16241,119.372867,204.6391704,0
16242,119.372867,204.6391704,0
16243,119.372867,204.6391704,0
16244,119.372867,204.6391704,0
16245,119.372867,204.6391704,0
16246,119.372867,204.6391704,0
16247,119.372867,204.6391704,0
16248,119.372867,204.6391704,0
16249,119.372867,204.6391704,0
16250,119.372867,204.6391704,0
16251,119.372867,204.6391704,0
16252,119.372867,204.6391704,0
16253,119.372867,204.6391704,0
16254,119.372867,204.6391704,0
16255,119.372867,207.4813811,0
16256,119.372867,207.4813811,0
16257,119.372867,207.4813811,0
16258,119.372867,207.4813811,0
16259,119.372867,207.4813811,0
16260,119.372867,207.4813811,0
16261,119.372867,207.4813811,0
16262,119.372867,207.4813811,0
16263,119.372867,207.4813811,0
16264,119.372867,207.4813811,0
16265,119.372867,207.4813811,0
16266,119.372867,207.4813811,0
16267,119.372867,207.4813811,0
16268,119.372867,207.4813811,0
16269,119.372867,207.4813811,0
16270,119.372867,207.4813811,0
16271,119.372867,207.4813811,0
16272,119.372867,207.4813811,0
16273,119.372867,207.4813811,0
16274,119.372867,207.4813811,0
16275,119.372867,207.4813811,0
16276,119.372867,207.4813811,0
16277,119.372867,207.4813811,0
16278,119.372867,207.4813811,0
16279,119.372867,207.4813811,0
16280,119.372867,207.4813811,0
16281,119.372867,207.4813811,0
16282,119.372867,207.4813811,0
16283,119.372867,207.4813811,0
16284,119.372867,207.4813811,0
16285,119.372867,207.4813811,0
16286,119.372867,207.4813811,0
16287,119.372867,207.4813811,0
16288,119.372867,207.4813811,0
16289,119.372867,207.4813811,0
16290,119.372867,207.4813811,0
16291,119.372867,207.4813811,0
16292,119.372867,207.4813811,0
16293,119.372867,207.4813811,0
16294,119.372867,207.4813811,0
16295,119.372867,207.4813811,0
16296,119.372867,207.4813811,0
16297,119.372867,207.4813811,0
16298,119.372867,207.4813811,0
16299,119.372867,207.4813811,0
16300,119.372867,207.4813811,0
16301,119.372867,207.4813811,0
16302,119.372867,207.4813811,0
16303,119.372867,207.4813811,0
16304,122.2150781,207.4813811,0
16305,122.2150781,207.4813811,0
16306,122.2150781,207.4813811,0
16307,122.2150781,207.4813811,0
16308,122.2150781,207.4813811,0
16309,122.2150781,207.4813811,0
16310,122.2150781,210.3235918,0
16311,122.2150781,210.3235918,0
16312,122.2150781,210.3235918,0
16313,122.2150781,210.3235918,0
16314,122.2150781,210.3235918,0
16315,122.2150781,210.3235918,0
16316,122.2150781,210.3235918,0
16317,122.2150781,210.3235918,0
16318,122.2150781,210.3235918,0
16319,122.2150781,210.3235918,0
16320,122.2150781,210.3235918,0
16321,122.2150781,210.3235918,0
16322,122.2150781,210.3235918,0
16323,122.2150781,210.3235918,0
16324,122.2150781,210.3235918,0
16325,122.2150781,210.3235918,0
16326,122.2150781,210.3235918,0
16327,122.2150781,210.3235918,0
16328,122.2150781,210.3235918,0
16329,122.2150781,210.3235918,0
16330,122.2150781,210.3235918,0
16331,122.2150781,210.3235918,0
16332,122.2150781,210.3235918,0
16333,122.2150781,210.3235918,0
16334,122.2150781,210.3235918,0
16335,122.2150781,210.3235918,0
16336,122.2150781,210.3235918,0
16337,122.2150781,210.3235918,0
16338,122.2150781,210.3235918,0
16339,122.2150781,210.3235918,0
16340,122.2150781,210.3235918,0
16341,122.2150781,210.3235918,0
16342,122.2150781,210.3235918,0
16343,122.2150781,210.3235918,0
16344,122.2150781,210.3235918,0
16345,122.2150781,210.3235918,0
16346,122.2150781,210.3235918,0
16347,122.2150781,210.3235918,0
16348,122.2150781,210.3235918,0
16349,122.2150781,210.3235918,0
16350,122.2150781,210.3235918,0
16351,122.2150781,210.3235918,0
16352,122.2150781,210.3235918,0
16353,122.2150781,210.3235918,0
16354,119.372867,210.3235918,0
16355,119.372867,210.3235918,0
16356,119.372867,210.3235918,0
16357,119.372867,210.3235918,0
16358,119.372867,210.3235918,0
16359,119.372867,210.3235918,0
16360,119.372867,204.6391704,0
16361,119.372867,204.6391704,0
16362,119.372867,204.6391704,0
16363,119.372867,204.6391704,0
16364,119.372867,204.6391704,0
16365,119.372867,204.6391704,0
16366,119.372867,204.6391704,0
16367,119.372867,204.6391704,0
16368,119.372867,204.6391704,0
16369,119.372867,204.6391704,0
16370,119.372867,204.6391704,0
16371,119.372867,204.6391704,0
16372,119.372867,204.6391704,0
16373,119.372867,204.6391704,0
16374,119.372867,204.6391704,0
16375,119.372867,204.6391704,0
16376,119.372867,204.6391704,0
16377,119.372867,204.6391704,0
16378,119.372867,204.6391704,0
16379,119.372867,204.6391704,0
16380,119.372867,204.6391704,0
16381,119.372867,204.6391704,0
16382,119.372867,204.6391704,0
16383,119.372867,204.6391704,0
16384,119.372867,204.6391704,0
16385,119.372867,204.6391704,0
16386,119.372867,204.6391704,0
16387,119.372867,204.6391704,0
16388,119.372867,204.6391704,0
16389,119.372867,204.6391704,0
16390,119.372867,204.6391704,0
16391,119.372867,204.6391704,0
16392,119.372867,204.6391704,0
16393,119.3728668,204.6391704,0
16394,119.3728668,204.6391704,0
16395,119.3728668,204.6391704,0
16396,119.3728668,204.6391704,0
16397,119.3728668,204.6391704,0
16398,119.3728668,204.6391704,0
16399,119.3728668,204.6391704,0
16400,119.3728668,204.6391704,0
16401,119.3728668,204.6391704,0
16402,119.3728668,204.6391704,0
16403,119.3728668,204.6391704,0
16404,119.3728668,204.6391704,0
16405,119.3728668,204.6391704,0
16406,119.3728668,204.6391704,0
16407,119.3728668,204.6391704,0
16408,119.3728668,204.6391704,0
16409,119.3728668,204.6391704,0
16410,119.3728668,204.6391704,0
16411,119.3728668,204.6391704,0
16412,119.3728668,204.6391704,0
16413,119.3728668,204.6391704,0
16414,119.3728668,204.6391704,0
16415,119.3728668,204.6391704,0
16416,119.3728668,204.6391704,0
16417,119.3728668,204.6391704,0
16418,119.3728668,204.6391704,0
16419,119.3728668,204.6391704,0
16420,119.3728668,204.6391704,0
16421,119.3728668,204.6391704,0
16422,119.3728668,204.6391704,0
16423,119.3728668,204.6391704,0
16424,119.3728668,204.6391704,0
16425,119.3728668,204.6391704,0
16426,119.3728667,204.6391704,0
16427,119.3728667,204.6391704,0
16428,119.3728667,204.6391704,0
16429,119.3728667,204.6391704,0
16430,119.3728667,204.6391704,0
16431,119.3728667,204.6391704,0
16432,119.3728667,204.6391704,0
16433,119.3728667,204.6391704,0
16434,119.3728667,204.6391704,0
16435,119.3728667,204.6391704,0
16436,119.3728667,204.6391704,0
16437,119.3728667,204.6391704,0
16438,119.3728667,204.6391704,0
16439,119.3728667,204.6391704,0
16440,119.3728667,204.6391704,0
16441,119.3728667,204.6391704,0
16442,119.3728667,204.6391704,0
16443,119.3728667,204.6391704,0
16444,119.3728667,204.6391704,0
16445,119.3728667,204.6391704,0
16446,119.3728667,204.6391704,0
16447,119.3728667,204.6391704,0
16448,119.3728667,204.6391704,0
16449,119.3728667,204.6391704,0
16450,119.3728667,204.6391704,0
16451,119.3728667,204.6391704,0
16452,119.3728667,207.4813811,0
16453,119.3728667,207.4813811,0
16454,119.3728667,207.4813811,0
16455,119.3728667,207.4813811,0
16456,119.3728667,207.4813811,0
16457,119.3728667,207.4813811,0
16458,119.3728667,207.4813811,0
16459,119.3728667,207.4813811,0
16460,119.3728667,207.4813811,0
16461,119.3728667,207.4813811,0
16462,119.3728667,207.4813811,0
16463,119.3728667,207.4813811,0
16464,119.3728667,207.4813811,0
16465,119.3728667,207.4813811,0
16466,119.3728667,207.4813811,0
16467,119.3728667,207.4813811,0
16468,119.3728667,207.4813811,0
16469,119.3728667,207.4813811,0
16470,119.3728667,207.4813811,0
16471,119.3728667,207.4813811,0
16472,119.3728667,207.4813811,0
16473,119.3728667,207.4813811,0
16474,119.3728667,207.4813811,0
16475,119.3728667,207.4813811,0
16476,119.3728667,207.4813811,0
16477,119.3728667,207.4813811,0
16478,119.372867,207.4813811,0
16479,119.372867,207.4813811,0
16480,119.372867,207.4813811,0
16481,119.372867,207.4813811,0
16482,119.372867,207.4813811,0
16483,119.372867,207.4813811,0
16484,119.372867,207.4813811,0
16485,119.372867,207.4813811,0
16486,119.372867,207.4813811,0
16487,119.372867,207.4813811,0
16488,119.372867,207.4813811,0
16489,119.372867,207.4813811,0
16490,119.372867,207.4813811,0
16491,119.372867,207.4813811,0
16492,119.372867,207.4813811,0
16493,119.372867,207.4813811,0
16494,119.372867,207.4813811,0
16495,119.372867,207.4813811,0
16496,119.372867,207.4813811,0
16497,119.372867,207.4813811,0
16498,119.372867,207.4813811,0
16499,119.372867,207.4813811,0
16500,119.372867,207.4813811,0
16501,119.372867,207.4813811,0
16502,119.372867,207.4813811,0
16503,119.372867,207.4813811,0
16504,119.372867,207.4813811,0
16505,119.372867,207.4813811,0
16506,119.372867,207.4813811,0
16507,119.372867,207.4813811,0
16508,119.372867,207.4813811,0
16509,119.372867,207.4813811,0
16510,119.372867,207.4813811,0
16511,119.372867,207.4813811,0
16512,119.372867,207.4813811,0
16513,119.372867,207.4813811,0
16514,119.372867,207.4813811,0
16515,119.372867,207.4813811,0
16516,119.372867,207.4813811,0
16517,119.372867,207.4813811,0
16518,119.372867,207.4813811,0
16519,119.372867,207.4813811,0
16520,119.372867,207.4813811,0
16521,119.372867,207.4813811,0
16522,119.372867,207.4813811,0
16523,119.372867,207.4813811,0
16524,119.372867,207.4813811,0
16525,119.372867,207.4813811,0
16526,119.372867,207.4813811,0
16527,119.372867,207.4813811,0
16528,116.5306559,207.4813811,0
16529,116.5306559,207.4813811,0
16530,116.5306559,207.4813811,0
16531,116.5306559,207.4813811,0
16532,116.5306559,207.4813811,0
16533,116.5306559,207.4813811,0
16534,116.5306559,207.4813811,0
16535,116.5306559,207.4813811,0
16536,116.5306559,207.4813811,0
16537,116.5306559,207.4813811,0
16538,116.5306559,207.4813811,0
16539,119.3728667,207.4813811,0
16540,119.3728667,207.4813811,0
16541,119.3728667,207.4813811,0
16542,119.3728667,207.4813811,0
16543,119.3728667,207.4813811,0
16544,119.3728667,207.4813811,0
16545,119.3728667,207.4813811,0
16546,119.3728667,207.4813811,0
16547,119.3728667,207.4813811,0
16548,119.3728667,207.4813811,0
16549,119.372867,207.4813811,0
16550,119.372867,207.4813811,0
16551,119.372867,207.4813811,0
16552,119.372867,207.4813811,0
16553,119.372867,207.4813811,0
16554,119.372867,207.4813811,0
16555,119.372867,207.4813811,0
16556,119.372867,207.4813811,0
16557,119.372867,207.4813811,0
16558,119.372867,207.4813811,0
16559,119.372867,210.3235918,0
16560,119.372867,210.3235918,0
16561,119.372867,210.3235918,0
16562,119.372867,210.3235918,0
16563,119.372867,210.3235918,0
16564,119.372867,210.3235918,0
16565,119.372867,210.3235918,0
16566,119.372867,210.3235918,0
16567,119.372867,210.3235918,0
16568,119.372867,210.3235918,0
16569,119.372867,210.3235918,0
16570,119.372867,210.3235918,0
16571,119.372867,210.3235918,0
16572,119.372867,210.3235918,0
16573,119.372867,210.3235918,0
16574,119.372867,210.3235918,0
16575,119.372867,210.3235918,0
16576,119.372867,210.3235918,0
16577,119.372867,210.3235918,0
16578,119.372867,210.3235918,0
16579,119.372867,210.3235918,0
16580,119.372867,210.3235918,0
16581,119.372867,210.3235918,0
16582,119.372867,210.3235918,0
16583,119.372867,210.3235918,0
16584,119.372867,210.3235918,0
16585,119.372867,210.3235918,0
16586,119.372867,210.3235918,0
16587,119.372867,210.3235918,0
16588,119.372867,210.3235918,0
16589,119.372867,210.3235918,0
16590,119.372867,210.3235918,0
16591,119.372867,210.3235918,0
16592,119.372867,210.3235918,0
16593,119.372867,210.3235918,0
16594,119.372867,210.3235918,0
16595,119.372867,210.3235918,0
16596,119.372867,210.3235918,0
16597,119.372867,210.3235918,0
16598,119.372867,210.3235918,0
16599,119.3728669,210.3235918,0
16600,119.3728669,210.3235918,0
16601,119.3728669,210.3235918,0
16602,119.3728669,210.3235918,0
16603,119.3728669,210.3235918,0
16604,119.3728669,210.3235918,0
16605,119.3728669,210.3235918,0
16606,119.3728669,210.3235918,0
16607,119.3728669,210.3235918,0
16608,119.3728669,210.3235918,0
16609,119.3728669,210.3235918,0
16610,119.3728669,210.3235918,0
16611,119.3728669,210.3235918,0
16612,119.3728669,210.3235918,0
16613,119.3728667,210.3235918,0
16614,119.3728667,210.3235918,0
16615,119.3728667,210.3235918,0
16616,119.3728667,210.3235918,0
16617,119.3728667,210.3235918,0
16618,119.3728667,210.3235918,0
16619,119.3728667,210.3235918,0
16620,119.3728667,210.3235918,0
16621,119.3728667,210.3235918,0
16622,119.3728667,210.3235918,0
16623,119.3728667,210.3235918,0
16624,119.3728667,210.3235918,0
16625,119.3728667,210.3235918,0
16626,119.3728667,210.3235918,0
16627,119.3728667,210.3235918,0
16628,119.3728667,210.3235918,0
16629,119.3728667,210.3235918,0
16630,119.3728667,210.3235918,0
16631,119.3728667,210.3235918,0
16632,119.3728667,210.3235918,0
16633,119.3728667,210.3235918,0
16634,119.3728667,210.3235918,0
16635,119.3728667,210.3235918,0
16636,119.3728667,210.3235918,0
16637,119.3728667,210.3235918,0
16638,119.3728667,210.3235918,0
16639,119.3728667,207.4813811,0
16640,119.3728667,207.4813811,0
16641,119.3728667,207.4813811,0
16642,119.3728667,207.4813811,0
16643,119.3728667,207.4813811,0
16644,119.3728667,207.4813811,0
16645,119.3728667,207.4813811,0
16646,119.3728667,207.4813811,0
16647,119.3728667,207.4813811,0
16648,119.3728667,207.4813811,0
16649,119.3728667,207.4813811,0
16650,119.3728667,207.4813811,0
16651,122.2150778,207.4813811,0
16652,122.2150778,207.4813811,0
16653,122.2150778,207.4813811,0
16654,122.2150778,207.4813811,0
16655,122.2150778,207.4813811,0
16656,122.2150778,207.4813811,0
16657,122.2150778,207.4813811,0
16658,122.2150778,207.4813811,0
16659,122.2150778,207.4813811,0
16660,122.2150778,207.4813811,0
16661,122.2150778,207.4813811,0
16662,122.2150778,207.4813811,0
16663,122.2150778,207.4813811,0
16664,122.2150778,207.4813811,0
16665,122.2150778,207.4813811,0
16666,122.2150778,207.4813811,0
16667,122.2150778,207.4813811,0
16668,122.2150778,207.4813811,0
16669,122.2150778,207.4813811,0
16670,122.2150778,207.4813811,0
16671,122.2150778,207.4813811,0
16672,122.2150778,207.4813811,0
16673,122.2150778,207.4813811,0
16674,122.2150778,207.4813811,0
16675,122.2150778,207.4813811,0
16676,122.2150778,207.4813811,0
16677,122.2150778,207.4813811,0
16678,122.2150778,207.4813811,0
16679,122.2150778,207.4813811,0
16680,122.2150778,207.4813811,0
16681,122.2150778,207.4813811,0
16682,122.2150778,207.4813811,0
16683,122.2150778,207.4813811,0
16684,122.2150778,207.4813811,0
16685,122.2150778,207.4813811,0
16686,122.2150778,207.4813811,0
16687,122.2150778,207.4813811,0
16688,122.2150778,207.4813811,0
16689,122.2150778,207.4813811,0
16690,122.2150778,207.4813811,0
16691,122.2150778,207.4813811,0
16692,122.2150778,207.4813811,0
16693,122.2150778,207.4813811,0
16694,122.2150778,207.4813811,0
16695,122.2150778,207.4813811,0
16696,122.2150778,207.4813811,0
16697,122.2150778,207.4813811,0
16698,122.2150778,207.4813811,0
16699,122.2150778,207.4813811,0
16700,122.2150778,207.4813811,0
16701,116.5306556,207.4813811,0
16702,116.5306556,207.4813811,0
16703,116.5306556,207.4813811,0
16704,116.5306556,207.4813811,0
16705,116.5306556,204.6391704,0
16706,116.5306556,204.6391704,0
16707,116.5306556,204.6391704,0
16708,116.5306556,204.6391704,0
16709,116.5306556,204.6391704,0
16710,116.5306556,204.6391704,0
16711,113.6884448,204.6391704,0
16712,113.6884448,204.6391704,0
16713,113.6884448,204.6391704,0
16714,113.6884448,204.6391704,0
16715,113.6884448,204.6391704,0
16716,113.6884448,204.6391704,0
16717,116.5306556,204.6391704,0
16718,116.5306556,204.6391704,0
16719,116.5306556,204.6391704,0
16720,116.5306556,204.6391704,0
16721,116.5306556,204.6391704,0
16722,116.5306556,204.6391704,0
16723,116.5306556,204.6391704,0
16724,116.5306556,204.6391704,0
16725,116.5306556,204.6391704,0
16726,116.5306556,204.6391704,0
16727,116.5306556,204.6391704,0
16728,116.5306556,204.6391704,0
16729,116.5306556,204.6391704,0
16730,116.5306556,204.6391704,0
16731,116.5306556,204.6391704,0
16732,116.5306556,204.6391704,0
16733,116.5306556,204.6391704,0
16734,116.5306556,204.6391704,0
16735,116.5306556,204.6391704,0
16736,116.5306556,204.6391704,0
16737,116.5306556,204.6391704,0
16738,116.5306556,204.6391704,0
16739,116.5306556,204.6391704,0
16740,116.5306556,204.6391704,0
16741,116.5306556,204.6391704,0
16742,116.5306556,204.6391704,0
16743,116.5306556,204.6391704,0
16744,116.5306556,204.6391704,0
16745,116.5306556,204.6391704,0
16746,116.5306556,204.6391704,0
16747,116.5306556,204.6391704,0
16748,116.5306556,204.6391704,0
16749,116.5306556,204.6391704,0
16750,116.5306556,204.6391704,0
16751,116.5306556,204.6391704,0
16752,116.5306556,204.6391704,0
16753,116.5306556,204.6391704,0
16754,116.5306556,204.6391704,0
16755,116.5306556,204.6391704,0
16756,116.5306556,204.6391704,0
16757,116.5306556,204.6391704,0
16758,116.5306556,204.6391704,0
16759,116.5306556,204.6391704,0
16760,116.5306556,204.6391704,0
16761,116.5306556,204.6391704,0
16762,116.5306556,204.6391704,0
16763,116.5306556,204.6391704,0
16764,116.5306556,204.6391704,0
16765,116.5306556,204.6391704,0
16766,116.5306556,207.4813811,0
16767,116.5306555,207.4813811,0
16768,116.5306555,207.4813811,0
16769,116.5306555,207.4813811,0
16770,116.5306555,207.4813811,0
16771,113.6884448,207.4813811,0
16772,113.6884448,207.4813811,0
16773,113.6884448,207.4813811,0
16774,113.6884448,207.4813811,0
16775,113.6884448,207.4813811,0
16776,113.6884448,207.4813811,0
16777,113.6884448,207.4813811,0
16778,113.6884448,207.4813811,0
16779,113.6884448,207.4813811,0
16780,113.6884448,207.4813811,0
16781,113.6884448,207.4813811,0
16782,113.6884448,207.4813811,0
16783,113.6884448,207.4813811,0
16784,113.6884448,207.4813811,0
16785,113.6884448,207.4813811,0
16786,113.6884448,207.4813811,0
16787,113.6884448,207.4813811,0
16788,113.6884448,207.4813811,0
16789,113.6884448,207.4813811,0
16790,113.6884448,207.4813811,0
16791,113.6884448,207.4813811,0
16792,113.6884448,207.4813811,0
16793,110.8462336,207.4813811,0
16794,110.8462336,207.4813811,0
16795,108.0040224,207.4813811,0
16796,108.0040224,207.4813811,0
16797,108.0040224,207.4813811,0
16798,108.0040224,207.4813811,0
16799,110.8462333,207.4813811,0
16800,110.8462333,207.4813811,0
16801,110.8462333,207.4813811,0
16802,110.8462333,207.4813811,0
16803,110.8462333,207.4813811,0
16804,110.8462333,207.4813811,0
16805,110.8462333,207.4813811,0
16806,110.8462333,207.4813811,0
16807,110.8462333,207.4813811,0
16808,110.8462333,207.4813811,0
16809,110.8462333,207.4813811,0
16810,110.8462333,207.4813811,0
16811,110.8462333,207.4813811,0
16812,110.8462333,207.4813811,0
16813,110.8462333,207.4813811,0
16814,110.8462333,207.4813811,0
16815,110.8462333,207.4813811,0
16816,110.8462333,204.6391704,0
16817,110.8462333,204.6391704,0
16818,110.8462333,204.6391704,0
16819,110.8462333,204.6391704,0
16820,110.8462333,204.6391704,0
16821,110.8462333,207.4813811,0
16822,110.8462333,207.4813811,0
16823,110.8462333,207.4813811,0
16824,110.8462333,207.4813811,0
16825,110.8462333,207.4813811,0
16826,110.8462333,207.4813811,0
16827,110.8462333,207.4813811,0
16828,110.8462333,207.4813811,0
16829,110.8462333,207.4813811,0
16830,110.8462333,207.4813811,0
16831,110.8462333,207.4813811,0
16832,110.8462333,207.4813811,0
16833,110.8462333,207.4813811,0
16834,110.8462333,207.4813811,0
16835,110.8462333,207.4813811,0
16836,110.8462333,207.4813811,0
16837,110.8462333,207.4813811,0
16838,110.8462333,207.4813811,0
16839,110.8462333,207.4813811,0
16840,110.8462333,207.4813811,0
16841,110.8462333,207.4813811,0
16842,110.8462333,207.4813811,0
16843,110.8462333,207.4813811,0
16844,110.8462333,207.4813811,0
16845,110.8462333,207.4813811,0
16846,110.8462333,207.4813811,0
16847,110.8462333,207.4813811,0
16848,110.8462333,207.4813811,0
16849,105.1618112,207.4813811,0
16850,105.1618112,207.4813811,0
16851,102.3196001,207.4813811,0
16852,102.3196001,207.4813811,0
16853,102.3196001,207.4813811,0
16854,102.3196001,207.4813811,0
16855,102.3196001,207.4813811,0
16856,102.3196001,207.4813811,0
16857,102.3196001,207.4813811,0
16858,102.3196001,207.4813811,0
16859,102.3196001,207.4813811,0
16860,102.3196001,207.4813811,0
16861,102.3196001,207.4813811,0
16862,102.3196001,207.4813811,0
16863,102.3196001,207.4813811,0
16864,102.3196001,207.4813811,0
16865,102.3196001,207.4813811,0
16866,102.3196001,207.4813811,0
16867,102.3196001,207.4813811,0
16868,102.3196001,207.4813811,0
16869,102.3196001,207.4813811,0
16870,102.3196001,207.4813811,0
16871,102.3196001,204.6391704,0
16872,102.3196001,204.6391704,0
16873,102.3196001,204.6391704,0
16874,102.3196001,204.6391704,0
16875,102.3196001,204.6391704,0
16876,102.3196001,204.6391704,0
16877,102.3196001,204.6391704,0
16878,96.6351778,204.6391704,0
16879,96.6351778,204.6391704,0
16880,96.6351778,204.6391704,0
16881,96.6351778,204.6391704,0
16882,96.63517794,204.6391704,0
16883,96.63517794,204.6391704,0
16884,96.63517794,201.7969597,0
16885,96.63517794,201.7969597,0
16886,96.63517794,201.7969597,0
16887,96.63517794,201.7969597,0
16888,96.63517794,201.7969597,0
16889,96.63517794,201.7969597,0
16890,96.63517794,201.7969597,0
16891,96.63517794,201.7969597,0
16892,96.63517794,201.7969597,0
16893,96.63517794,201.7969597,0
16894,96.63517794,201.7969597,0
16895,96.63517794,201.7969597,0
16896,96.63517794,201.7969597,0
16897,96.63517794,201.7969597,0
16898,96.63517794,201.7969597,0
16899,96.63517794,201.7969597,0
16900,96.63517794,201.7969597,0
16901,96.63517794,201.7969597,0
16902,96.63517794,201.7969597,0
16903,96.63517794,201.7969597,0
16904,96.63517794,201.7969597,0
16905,96.63517794,201.7969597,0
16906,96.63517794,201.7969597,0
16907,96.63517794,201.7969597,0
16908,96.63517794,204.6391704,0
16909,96.63517794,204.6391704,0
16910,96.63517794,204.6391704,0
16911,96.63517794,204.6391704,0
16912,96.63517794,204.6391704,0
16913,96.63517794,204.6391704,0
16914,96.63517794,204.6391704,0
16915,99.47738885,204.6391704,0
16916,99.47738885,204.6391704,0
16917,99.47738885,204.6391704,0
16918,99.47738885,204.6391704,0
16919,99.47738885,204.6391704,0
16920,99.47738885,204.6391704,0
16921,99.47738885,204.6391704,0
16922,99.47738885,204.6391704,0
16923,99.47738885,204.6391704,0
16924,99.47738885,204.6391704,0
16925,99.47738885,204.6391704,0
16926,99.47738885,204.6391704,0
16927,99.47738885,204.6391704,0
16928,99.47738885,204.6391704,0
16929,99.47738885,204.6391704,0
16930,99.47738885,204.6391704,0
16931,99.47738885,204.6391704,0
16932,99.47738885,204.6391704,0
16933,99.47738885,204.6391704,0
16934,99.47738885,204.6391704,0
16935,99.47738885,204.6391704,0
16936,99.47738885,204.6391704,0
16937,99.47738885,204.6391704,0
16938,99.47738885,204.6391704,0
16939,99.47738885,204.6391704,0
16940,102.3196003,204.6391704,0
16941,102.3196003,204.6391704,0
16942,102.3196003,204.6391704,0
16943,102.3196003,204.6391704,0
16944,102.3196003,204.6391704,0
16945,102.3196003,204.6391704,0
16946,102.3196003,204.6391704,0
16947,102.3196003,204.6391704,0
16948,102.3196003,204.6391704,0
16949,102.3196003,204.6391704,0
16950,102.3196003,204.6391704,0
16951,102.3196003,204.6391704,0
16952,105.1618111,204.6391704,0
16953,105.1618111,204.6391704,0
16954,105.1618111,204.6391704,0
16955,105.1618111,204.6391704,0
16956,105.1618111,204.6391704,0
16957,105.1618111,204.6391704,0
16958,105.1618111,204.6391704,0
16959,105.1618111,207.4813811,0
16960,105.1618111,207.4813811,0
16961,105.1618111,207.4813811,0
16962,105.1618111,207.4813811,0
16963,105.1618111,207.4813811,0
16964,105.1618111,207.4813811,0
16965,105.1618111,207.4813811,0
16966,105.1618111,207.4813811,0
16967,105.1618111,207.4813811,0
16968,105.1618111,207.4813811,0
16969,105.1618111,207.4813811,0
16970,105.1618111,207.4813811,0
16971,105.1618111,207.4813811,0
16972,105.1618111,207.4813811,0
16973,105.1618111,207.4813811,0
16974,105.1618112,207.4813811,0
16975,105.1618112,207.4813811,0
16976,105.1618112,207.4813811,0
16977,105.1618112,207.4813811,0
16978,105.1618112,207.4813811,0
16979,105.1618112,207.4813811,0
16980,105.1618112,207.4813811,0
16981,105.1618112,207.4813811,0
16982,105.1618112,207.4813811,0
16983,105.1618112,207.4813811,0
16984,105.1618112,207.4813811,0
16985,105.1618112,207.4813811,0
16986,105.1618112,207.4813811,0
16987,105.1618112,207.4813811,0
16988,105.1618112,207.4813811,0
16989,105.1618112,207.4813811,0
16990,105.1618112,207.4813811,0
16991,105.1618112,207.4813811,0
16992,105.1618112,207.4813811,0
16993,105.1618112,207.4813811,0
16994,105.1618112,207.4813811,0
16995,105.1618112,207.4813811,0
16996,105.1618112,207.4813811,0
16997,105.1618112,207.4813811,0
16998,105.1618112,207.4813811,0
16999,105.1618112,207.4813811,0
17000,105.1618112,207.4813811,0
17001,105.1618112,207.4813811,0
17002,105.1618112,207.4813811,0
17003,105.1618112,207.4813811,0
17004,105.1618112,207.4813811,0
17005,105.1618113,207.4813811,0
17006,105.1618113,207.4813811,0
17007,105.1618113,207.4813811,0
17008,105.1618113,207.4813811,0
17009,105.1618113,204.6391704,0
17010,105.1618113,204.6391704,0
17011,105.1618113,204.6391704,0
17012,105.1618113,204.6391704,0
17013,105.1618113,204.6391704,0
17014,105.1618113,204.6391704,0
17015,108.0040222,204.6391704,0
17016,108.0040222,207.4813811,0
17017,108.0040222,207.4813811,0
17018,108.0040222,207.4813811,0
17019,108.0040222,207.4813811,0
17020,108.0040222,207.4813811,0
17021,108.0040222,207.4813811,0
17022,108.0040222,207.4813811,0
17023,108.0040222,207.4813811,0
17024,108.0040222,207.4813811,0
17025,108.0040222,207.4813811,0
17026,108.0040222,207.4813811,0
17027,108.0040222,207.4813811,0
17028,108.0040222,207.4813811,0
17029,108.0040224,207.4813811,0
17030,108.0040226,207.4813811,0
17031,108.0040226,207.4813811,0
17032,108.0040226,207.4813811,0
17033,108.0040226,207.4813811,0
17034,108.0040226,207.4813811,0
17035,108.0040226,207.4813811,0
17036,108.0040226,207.4813811,0
17037,108.0040226,207.4813811,0
17038,108.0040226,207.4813811,0
17039,108.0040226,207.4813811,0
17040,108.0040226,207.4813811,0
17041,108.0040226,207.4813811,0
17042,108.0040226,207.4813811,0
17043,108.0040226,207.4813811,0
17044,108.0040226,207.4813811,0
17045,108.0040226,207.4813811,0
17046,108.0040226,207.4813811,0
17047,108.0040226,207.4813811,0
17048,108.0040226,207.4813811,0
17049,108.0040226,207.4813811,0
17050,108.0040226,207.4813811,0
17051,108.0040226,207.4813811,0
17052,108.0040226,207.4813811,0
17053,108.0040226,207.4813811,0
17054,108.0040226,207.4813811,0
17055,108.0040226,207.4813811,0
17056,108.0040226,207.4813811,0
17057,108.0040226,207.4813811,0
17058,108.0040226,207.4813811,0
17059,108.0040226,207.4813811,0
17060,108.0040226,207.4813811,0
17061,108.0040226,207.4813811,0
17062,108.0040226,207.4813811,0
17063,108.0040226,207.4813811,0
17064,108.0040226,207.4813811,0
17065,108.0040226,207.4813811,0
17066,108.0040226,207.4813811,0
17067,108.0040226,207.4813811,0
17068,108.0040226,207.4813811,0
17069,108.0040226,207.4813811,0
17070,108.0040226,207.4813811,0
17071,108.0040226,207.4813811,0
17072,108.0040226,207.4813811,0
17073,108.0040226,207.4813811,0
17074,108.0040226,207.4813811,0
17075,108.0040226,207.4813811,0
17076,108.0040226,207.4813811,0
17077,108.0040226,207.4813811,0
17078,108.0040226,207.4813811,0
17079,108.0040226,207.4813811,0
17080,108.0040222,207.4813811,0
17081,108.0040222,207.4813811,0
17082,108.0040222,207.4813811,0
17083,108.0040222,207.4813811,0
17084,108.0040222,207.4813811,0
17085,108.0040222,207.4813811,0
17086,108.0040222,207.4813811,0
17087,108.0040222,207.4813811,0
17088,108.0040222,207.4813811,0
17089,108.0040222,207.4813811,0
17090,108.0040222,207.4813811,0
17091,108.0040222,207.4813811,0
17092,108.0040222,207.4813811,0
17093,108.0040222,207.4813811,0
17094,108.0040222,207.4813811,0
17095,108.0040222,207.4813811,0
17096,108.0040222,207.4813811,0
17097,108.0040222,207.4813811,0
17098,108.0040222,207.4813811,0
17099,108.0040222,207.4813811,0
17100,108.0040222,207.4813811,0
17101,108.0040222,207.4813811,0
17102,108.0040222,207.4813811,0
17103,108.0040222,207.4813811,0
17104,108.0040222,207.4813811,0
17105,108.0040222,207.4813811,0
17106,108.0040222,207.4813811,0
17107,108.0040222,207.4813811,0
17108,108.0040222,207.4813811,0
17109,108.0040222,207.4813811,0
17110,108.0040222,207.4813811,0
17111,108.0040222,207.4813811,0
17112,108.0040222,207.4813811,0
17113,108.0040222,207.4813811,0
17114,108.0040222,207.4813811,0
17115,108.0040222,207.4813811,0
17116,108.0040222,207.4813811,0
17117,108.0040222,207.4813811,0
17118,108.0040222,207.4813811,0
17119,108.0040222,207.4813811,0
17120,108.0040222,207.4813811,0
17121,108.0040222,207.4813811,0
17122,108.0040222,207.4813811,0
17123,108.0040222,207.4813811,0
17124,108.0040222,207.4813811,0
17125,108.0040222,207.4813811,0
17126,108.0040222,207.4813811,0
17127,108.0040222,207.4813811,0
17128,108.0040222,207.4813811,0
17129,108.0040222,207.4813811,0
17130,108.0040222,207.4813811,0
17131,108.0040222,207.4813811,0
17132,108.0040222,207.4813811,0
17133,108.0040222,207.4813811,0
17134,108.0040222,207.4813811,0
17135,108.0040222,207.4813811,0
17136,108.0040222,207.4813811,0
17137,102.3196003,207.4813811,0
17138,102.3196003,207.4813811,0
17139,102.3196003,207.4813811,0
17140,102.3196003,207.4813811,0
17141,102.3196003,207.4813811,0
17142,105.1618112,207.4813811,0
17143,105.1618112,207.4813811,0
17144,105.1618112,207.4813811,0
17145,105.1618112,207.4813811,0
17146,105.1618112,207.4813811,0
17147,105.1618112,207.4813811,0
17148,105.1618112,207.4813811,0
17149,105.1618112,207.4813811,0
17150,105.1618115,207.4813811,0
17151,105.1618115,207.4813811,0
17152,105.1618115,207.4813811,0
17153,105.1618115,207.4813811,0
17154,105.1618115,207.4813811,0
17155,105.1618115,207.4813811,0
17156,105.1618115,207.4813811,0
17157,105.1618115,207.4813811,0
17158,105.1618115,207.4813811,0
17159,105.1618115,207.4813811,0
17160,105.1618115,207.4813811,0
17161,105.1618115,207.4813811,0
17162,105.1618115,207.4813811,0
17163,105.1618115,207.4813811,0
17164,105.1618115,207.4813811,0
17165,105.1618115,207.4813811,0
17166,105.1618115,207.4813811,0
17167,105.1618115,207.4813811,0
17168,105.1618115,207.4813811,0
17169,108.0040222,207.4813811,0
17170,108.0040222,207.4813811,0
17171,108.0040222,207.4813811,0
17172,108.0040222,207.4813811,0
17173,108.0040222,207.4813811,0
17174,108.0040222,207.4813811,0
17175,108.0040222,207.4813811,0
17176,108.0040222,207.4813811,0
17177,108.0040222,207.4813811,0
17178,108.0040222,207.4813811,0
17179,108.0040222,207.4813811,0
17180,108.0040222,207.4813811,0
17181,108.0040222,207.4813811,0
17182,108.0040222,207.4813811,0
17183,108.0040222,207.4813811,0
17184,108.0040222,207.4813811,0
17185,108.0040222,207.4813811,0
17186,108.0040222,207.4813811,0
17187,108.0040222,207.4813811,0
17188,108.0040222,207.4813811,0
17189,108.0040222,207.4813811,0
17190,108.0040222,207.4813811,0
17191,108.0040222,207.4813811,0
17192,108.0040222,207.4813811,0
17193,108.0040222,207.4813811,0
17194,108.0040222,204.6391704,0
17195,108.0040222,204.6391704,0
17196,108.0040222,204.6391704,0
17197,108.0040222,204.6391704,0
17198,108.0040222,204.6391704,0
17199,108.0040222,204.6391704,0
17200,108.0040222,204.6391704,0
17201,108.0040222,204.6391704,0
17202,108.0040222,204.6391704,0
17203,108.0040222,204.6391704,0
17204,108.0040222,204.6391704,0
17205,108.0040222,204.6391704,0
17206,108.0040222,204.6391704,0
17207,108.0040222,204.6391704,0
17208,108.0040222,204.6391704,0
17209,108.0040222,204.6391704,0
17210,108.0040222,204.6391704,0
17211,108.0040222,204.6391704,0
17212,108.0040222,204.6391704,0
17213,108.0040222,204.6391704,0
17214,108.0040222,204.6391704,0
17215,108.0040222,204.6391704,0
17216,108.0040222,204.6391704,0
17217,108.0040222,204.6391704,0
17218,108.0040222,204.6391704,0
17219,105.1618115,204.6391704,0
17220,105.1618115,204.6391704,0
17221,105.1618115,204.6391704,0
17222,105.1618115,204.6391704,0
17223,105.1618115,204.6391704,0
17224,105.1618115,204.6391704,0
17225,105.1618115,204.6391704,0
17226,105.1618115,204.6391704,0
17227,105.1618115,204.6391704,0
17228,105.1618115,204.6391704,0
17229,105.1618115,204.6391704,0
17230,105.1618115,204.6391704,0
17231,105.1618115,204.6391704,0
17232,105.1618115,204.6391704,0
17233,105.1618115,204.6391704,0
17234,105.1618115,204.6391704,0
17235,105.1618115,204.6391704,0
17236,105.1618115,204.6391704,0
17237,105.1618115,204.6391704,0
17238,105.1618115,207.4813811,0
17239,105.1618115,207.4813811,0
17240,105.1618115,207.4813811,0
17241,105.1618115,207.4813811,0
17242,105.1618115,207.4813811,0
17243,105.1618115,207.4813811,0
17244,105.1618115,207.4813811,0
17245,105.1618115,207.4813811,0
17246,105.1618115,207.4813811,0
17247,105.1618115,207.4813811,0
17248,105.1618115,207.4813811,0
17249,105.1618115,207.4813811,0
17250,105.1618115,207.4813811,0
17251,105.1618115,207.4813811,0
17252,105.1618115,207.4813811,0
17253,105.1618114,207.4813811,0
17254,105.1618114,207.4813811,0
17255,105.1618114,207.4813811,0
17256,105.1618114,207.4813811,0
17257,105.1618114,207.4813811,0
17258,105.1618114,207.4813811,0
17259,105.1618114,207.4813811,0
17260,105.1618114,207.4813811,0
17261,105.1618114,207.4813811,0
17262,105.1618114,207.4813811,0
17263,105.1618114,207.4813811,0
17264,105.1618114,207.4813811,0
17265,105.1618114,207.4813811,0
17266,105.1618114,207.4813811,0
17267,105.1618114,207.4813811,0
17268,105.1618114,207.4813811,0
17269,105.1618114,207.4813811,0
17270,105.1618114,207.4813811,0
17271,105.1618114,207.4813811,0
17272,105.1618114,207.4813811,0
17273,105.1618114,207.4813811,0
17274,105.1618114,207.4813811,0
17275,105.1618114,207.4813811,0
17276,105.1618114,207.4813811,0
17277,105.1618114,207.4813811,0
17278,105.1618114,207.4813811,0
17279,105.1618114,207.4813811,0
17280,105.1618114,207.4813811,0
17281,105.1618114,207.4813811,0
17282,105.1618112,207.4813811,0
17283,105.1618112,207.4813811,0
17284,105.1618112,207.4813811,0
17285,105.1618112,207.4813811,0
17286,105.1618112,207.4813811,0
17287,105.1618112,207.4813811,0
17288,105.1618112,204.6391704,0
17289,105.1618112,204.6391704,0
17290,105.1618112,204.6391704,0
17291,105.1618112,204.6391704,0
17292,105.1618112,204.6391704,0
17293,105.1618112,204.6391704,0
17294,105.1618112,204.6391704,0
17295,105.1618112,204.6391704,0
17296,105.1618112,204.6391704,0
17297,105.1618112,204.6391704,0
17298,102.3196003,204.6391704,0
17299,102.3196003,204.6391704,0
17300,102.3196003,204.6391704,0
17301,102.3196003,204.6391704,0
17302,102.3196003,204.6391704,0
17303,102.3196003,204.6391704,0
17304,102.3196003,204.6391704,0
17305,102.3196003,204.6391704,0
17306,102.3196003,204.6391704,0
17307,102.3196003,204.6391704,0
17308,102.3196003,204.6391704,0
17309,102.3196003,204.6391704,0
17310,102.3196003,204.6391704,0
17311,102.3196003,204.6391704,0
17312,102.3196003,204.6391704,0
17313,102.3196003,204.6391704,0
17314,102.3196003,204.6391704,0
17315,102.3196003,204.6391704,0
17316,102.3196003,204.6391704,0
17317,102.3196003,204.6391704,0
17318,102.3196003,204.6391704,0
17319,102.3196003,204.6391704,0
17320,102.3196003,204.6391704,0
17321,102.3196003,204.6391704,0
17322,102.3196003,204.6391704,0
17323,102.3196003,204.6391704,0
17324,102.3196003,204.6391704,0
17325,102.3196003,204.6391704,0
17326,102.3196003,204.6391704,0
17327,102.3196003,204.6391704,0
17328,102.3196003,204.6391704,0
17329,108.0040222,204.6391704,0
17330,108.0040222,204.6391704,0
17331,108.0040222,204.6391704,0
17332,108.0040222,204.6391704,0
17333,108.0040222,204.6391704,0
17334,108.0040222,204.6391704,0
17335,108.0040222,204.6391704,0
17336,108.0040222,204.6391704,0
17337,108.0040222,204.6391704,0
17338,108.0040222,204.6391704,0
17339,108.0040222,204.6391704,0
17340,108.0040222,204.6391704,0
17341,108.0040222,204.6391704,0
17342,108.0040222,204.6391704,0
17343,108.0040222,204.6391704,0
17344,108.0040222,204.6391704,0
17345,108.0040222,204.6391704,0
17346,108.0040222,204.6391704,0
17347,108.0040222,204.6391704,0
17348,108.0040222,204.6391704,0
17349,108.0040222,204.6391704,0
17350,108.0040222,204.6391704,0
17351,108.0040222,204.6391704,0
17352,108.0040222,204.6391704,0
17353,108.0040222,204.6391704,0
17354,108.0040222,204.6391704,0
17355,108.0040222,204.6391704,0
17356,108.0040222,204.6391704,0
17357,108.0040222,204.6391704,0
17358,108.0040222,204.6391704,0
17359,108.0040222,204.6391704,0
17360,108.0040222,204.6391704,0
17361,108.0040222,204.6391704,0
17362,108.0040222,204.6391704,0
17363,108.0040222,204.6391704,0
17364,108.0040222,204.6391704,0
17365,108.0040222,204.6391704,0
17366,108.0040222,204.6391704,0
17367,108.0040222,204.6391704,0
17368,108.0040222,204.6391704,0
17369,108.0040222,204.6391704,0
17370,108.0040222,204.6391704,0
17371,108.0040222,204.6391704,0
17372,108.0040222,204.6391704,0
17373,108.0040222,204.6391704,0
17374,108.0040222,204.6391704,0
17375,108.0040222,204.6391704,0
17376,108.0040222,204.6391704,0
17377,108.0040222,204.6391704,0
17378,108.0040222,204.6391704,0
17379,105.1618114,204.6391704,0
17380,105.1618114,204.6391704,0
17381,105.1618114,204.6391704,0
17382,105.1618114,204.6391704,0
17383,105.1618114,204.6391704,0
17384,105.1618114,204.6391704,0
17385,105.1618114,204.6391704,0
17386,105.1618114,204.6391704,0
17387,105.1618114,204.6391704,0
17388,105.1618114,204.6391704,0
17389,105.1618114,204.6391704,0
17390,105.1618114,204.6391704,0
17391,105.1618114,204.6391704,0
17392,105.1618114,204.6391704,0
17393,105.1618114,204.6391704,0
17394,105.1618114,204.6391704,0
17395,105.1618114,204.6391704,0
17396,105.1618114,204.6391704,0
17397,105.1618114,204.6391704,0
17398,105.1618114,204.6391704,0
17399,105.1618114,204.6391704,0
17400,105.1618114,204.6391704,0
17401,105.1618114,204.6391704,0
17402,105.1618114,204.6391704,0
17403,105.1618114,204.6391704,0
17404,105.1618114,204.6391704,0
17405,105.1618114,204.6391704,0
17406,105.1618114,204.6391704,0
17407,105.1618114,204.6391704,0
17408,105.1618114,204.6391704,0
17409,105.1618114,204.6391704,0
17410,105.1618114,204.6391704,0
17411,105.1618114,204.6391704,0
17412,105.1618114,204.6391704,0
17413,105.1618114,204.6391704,0
17414,105.1618114,204.6391704,0
17415,105.1618114,204.6391704,0
17416,105.1618114,204.6391704,0
17417,105.1618114,204.6391704,0
17418,105.1618114,204.6391704,0
17419,105.1618114,204.6391704,0
17420,105.1618114,204.6391704,0
17421,105.1618114,204.6391704,0
17422,105.1618114,204.6391704,0
17423,105.1618114,204.6391704,0
17424,105.1618114,204.6391704,0
17425,105.1618114,204.6391704,0
17426,105.1618114,204.6391704,0
17427,105.1618114,204.6391704,0
17428,102.3196003,204.6391704,0
17429,102.3196003,204.6391704,0
17430,102.3196003,204.6391704,0
17431,102.3196003,204.6391704,0
17432,102.3196003,204.6391704,0
17433,102.3196003,204.6391704,0
17434,102.3196003,204.6391704,0
17435,102.3196003,204.6391704,0
17436,102.3196003,204.6391704,0
17437,102.3196003,204.6391704,0
17438,102.3196003,204.6391704,0
17439,102.3196003,204.6391704,0
17440,102.3196003,204.6391704,0
17441,102.3196003,204.6391704,0
17442,102.3196003,204.6391704,0
17443,102.3196003,204.6391704,0
17444,102.3196003,204.6391704,0
17445,102.3196003,204.6391704,0
17446,102.3196003,204.6391704,0
17447,102.3196003,204.6391704,0
17448,102.3196003,204.6391704,0
17449,102.3196003,204.6391704,0
17450,102.3196003,204.6391704,0
17451,102.3196003,204.6391704,0
17452,102.3196003,204.6391704,0
17453,102.3196003,204.6391704,0
17454,102.3196003,204.6391704,0
17455,102.3196003,204.6391704,0
17456,102.3196003,204.6391704,0
17457,102.3196003,204.6391704,0
17458,102.3196003,204.6391704,0
17459,102.3196003,204.6391704,0
17460,102.3196003,204.6391704,0
17461,102.3196003,204.6391704,0
17462,102.3196003,204.6391704,0
17463,102.3196003,204.6391704,0
17464,102.3196003,204.6391704,0
17465,99.47738913,201.7969597,0
17466,99.47738913,201.7969597,0
17467,99.47738913,201.7969597,0
17468,99.47738913,201.7969597,0
17469,99.47738913,201.7969597,0
17470,99.47738913,201.7969597,0
17471,99.47738913,201.7969597,0
17472,99.47738913,201.7969597,0
17473,99.47738913,201.7969597,0
17474,99.47738913,201.7969597,0
17475,99.47738913,201.7969597,0
17476,99.47738913,201.7969597,0
17477,99.47738913,201.7969597,0
17478,99.47738913,204.6391704,0
17479,99.47738913,204.6391704,0
17480,99.47738913,204.6391704,0
17481,99.47738913,204.6391704,0
17482,99.47738913,204.6391704,0
17483,99.47738913,204.6391704,0
17484,99.47738913,204.6391704,0
17485,99.47738913,204.6391704,0
17486,99.47738913,204.6391704,0
17487,99.47738913,204.6391704,0
17488,99.47738913,204.6391704,0
17489,99.47738913,204.6391704,0
17490,99.47738913,204.6391704,0
17491,99.47738913,204.6391704,0
17492,99.47738913,204.6391704,0
17493,99.47738913,204.6391704,0
17494,99.47738913,204.6391704,0
17495,99.47738913,204.6391704,0
17496,99.47738913,204.6391704,0
17497,99.47738913,204.6391704,0
17498,99.47738913,204.6391704,0
17499,99.47738899,204.6391704,0
17500,99.47738899,204.6391704,0
17501,99.47738899,204.6391704,0
17502,99.47738899,204.6391704,0
17503,99.47738899,204.6391704,0
17504,99.47738899,204.6391704,0
17505,99.47738899,204.6391704,0
17506,99.47738899,204.6391704,0
17507,99.47738899,204.6391704,0
17508,99.47738899,204.6391704,0
17509,99.47738899,204.6391704,0
17510,99.47738899,204.6391704,0
17511,99.47738899,204.6391704,0
17512,99.47738899,204.6391704,0
17513,99.47738899,204.6391704,0
17514,99.47738899,204.6391704,0
17515,99.47738899,204.6391704,0
17516,99.47738899,204.6391704,0
17517,99.47738899,204.6391704,0
17518,99.47738899,204.6391704,0
17519,99.47738899,204.6391704,0
17520,99.47738899,204.6391704,0
17521,99.47738899,204.6391704,0
17522,99.47738913,204.6391704,0
17523,99.47738913,204.6391704,0
17524,99.47738913,204.6391704,0
17525,99.47738913,204.6391704,0
17526,99.47738913,204.6391704,0
17527,99.47738913,204.6391704,0
17528,99.47738913,204.6391704,0
17529,99.47738913,204.6391704,0
17530,102.3196002,204.6391704,0
17531,102.3196002,204.6391704,0
17532,102.3196002,204.6391704,0
17533,102.3196002,204.6391704,0
17534,102.3196002,204.6391704,0
17535,102.3196002,204.6391704,0
17536,102.3196002,204.6391704,0
17537,102.3196002,204.6391704,0
17538,102.3196002,204.6391704,0
17539,102.3196002,204.6391704,0
17540,102.3196002,204.6391704,0
17541,102.3196002,204.6391704,0
17542,102.3196002,204.6391704,0
17543,102.3196002,204.6391704,0
17544,102.3196002,204.6391704,0
17545,102.3196002,204.6391704,0
17546,102.3196002,204.6391704,0
17547,102.3196002,204.6391704,0
17548,102.3196002,204.6391704,0
17549,102.3196002,204.6391704,0
17550,102.3196002,204.6391704,0
17551,102.3196002,204.6391704,0
17552,102.3196002,204.6391704,0
17553,102.3196002,204.6391704,0
17554,102.3196002,204.6391704,0
17555,102.3196002,204.6391704,0
17556,102.3196002,204.6391704,0
17557,102.3196002,204.6391704,0
17558,102.3196002,204.6391704,0
17559,102.3196002,204.6391704,0
17560,102.3196002,204.6391704,0
17561,102.3196002,204.6391704,0
17562,102.3196002,204.6391704,0
17563,102.3196002,204.6391704,0
17564,102.3196002,204.6391704,0
17565,102.3196002,204.6391704,0
17566,102.3196002,204.6391704,0
17567,102.3196002,204.6391704,0
17568,102.3196002,204.6391704,0
17569,102.3196002,204.6391704,0
17570,102.3196002,204.6391704,0
17571,102.3196002,204.6391704,0
17572,102.3196002,204.6391704,0
17573,102.3196002,204.6391704,0
17574,102.3196002,204.6391704,0
17575,102.3196002,204.6391704,0
17576,102.3196002,204.6391704,0
17577,102.3196002,204.6391704,0
17578,102.3196002,204.6391704,0
17579,102.3196002,204.6391704,0
17580,99.47738921,204.6391704,0
17581,99.47738921,204.6391704,0
17582,99.47738921,204.6391704,0
17583,99.47738921,204.6391704,0
17584,99.47738921,204.6391704,0
17585,99.47738921,204.6391704,0
17586,99.47738921,204.6391704,0
17587,99.47738921,204.6391704,0
17588,99.47738921,204.6391704,0
17589,99.47738921,204.6391704,0
17590,99.47738921,204.6391704,0
17591,99.47738921,204.6391704,0
17592,99.47738921,204.6391704,0
17593,99.47738921,204.6391704,0
17594,99.47738921,204.6391704,0
17595,99.47738921,204.6391704,0
17596,99.47738921,204.6391704,0
17597,99.47738921,204.6391704,0
17598,99.47738921,204.6391704,0
17599,99.47738921,204.6391704,0
17600,99.47738921,204.6391704,0
17601,99.47738921,204.6391704,0
17602,99.47738921,204.6391704,0
17603,102.3196,204.6391704,0
17604,102.3196,204.6391704,0
17605,102.3196,204.6391704,0
17606,102.3196003,204.6391704,0
17607,102.3196003,204.6391704,0
17608,102.3196003,204.6391704,0
17609,102.3196003,204.6391704,0
17610,102.3196003,204.6391704,0
17611,102.3196003,204.6391704,0
17612,102.3196003,204.6391704,0
17613,102.3196003,204.6391704,0
17614,102.3196003,204.6391704,0
17615,102.3196003,204.6391704,0
17616,102.3196003,204.6391704,0
17617,102.3196003,204.6391704,0
17618,102.3196003,204.6391704,0
17619,102.3196003,204.6391704,0
17620,102.3196003,204.6391704,0
17621,102.3196003,204.6391704,0
17622,102.3196003,204.6391704,0
17623,102.3196003,204.6391704,0
17624,102.3196003,204.6391704,0
17625,102.3196003,204.6391704,0
17626,102.3196003,204.6391704,0
17627,102.3196003,204.6391704,0
17628,102.3196003,204.6391704,0
17629,102.3196003,204.6391704,0
17630,102.3196003,204.6391704,0
17631,102.3196003,204.6391704,0
17632,102.3196003,204.6391704,0
17633,102.3196003,204.6391704,0
17634,102.3196003,204.6391704,0
17635,102.3196003,204.6391704,0
17636,102.3196003,204.6391704,0
17637,102.3196003,204.6391704,0
17638,102.3196003,204.6391704,0
17639,102.3196003,204.6391704,0
17640,102.3196003,204.6391704,0
17641,102.3196003,204.6391704,0
17642,102.3196003,204.6391704,0
17643,102.3196003,204.6391704,0
17644,102.3196003,204.6391704,0
17645,102.3196003,204.6391704,0
17646,102.3196003,204.6391704,0
17647,102.3196003,204.6391704,0
17648,102.3196003,204.6391704,0
17649,102.3196003,204.6391704,0
17650,102.3196003,204.6391704,0
17651,102.3196003,204.6391704,0
17652,102.3196003,204.6391704,0
17653,102.3196003,204.6391704,0
17654,102.3196003,204.6391704,0
17655,102.3196003,204.6391704,0
17656,102.3196002,204.6391704,0
17657,102.3196002,204.6391704,0
17658,102.3196002,204.6391704,0
17659,102.3196002,198.954749,0
17660,102.3196002,198.954749,0
17661,102.3196002,198.954749,0
17662,102.3196002,198.954749,0
17663,102.3196002,204.6391704,0
17664,102.3196002,204.6391704,0
17665,99.47738921,204.6391704,0
17666,99.47738921,204.6391704,0
17667,99.47738921,204.6391704,0
17668,99.47738921,204.6391704,0
17669,99.47738921,204.6391704,0
17670,99.47738921,204.6391704,0
17671,99.47738921,204.6391704,0
17672,99.47738921,204.6391704,0
17673,99.47738921,204.6391704,0
17674,99.47738921,204.6391704,0
17675,99.47738921,204.6391704,0
17676,99.47738921,204.6391704,0
17677,99.47738921,204.6391704,0
17678,99.47738921,204.6391704,0
17679,99.47738921,204.6391704,0
17680,99.47738921,204.6391704,0
17681,99.47738921,204.6391704,0
17682,99.47738921,204.6391704,0
17683,99.47738921,204.6391704,0
17684,99.47738921,204.6391704,0
17685,99.47738921,204.6391704,0
17686,99.47738921,204.6391704,0
17687,99.47738921,204.6391704,0
17688,99.47738921,204.6391704,0
17689,99.47738921,204.6391704,0
17690,99.47738921,204.6391704,0
17691,99.47738921,204.6391704,0
17692,99.47738921,204.6391704,0
17693,99.47738885,204.6391704,0
17694,99.47738885,204.6391704,0
17695,99.47738885,204.6391704,0
17696,99.47738885,204.6391704,0
17697,99.47738885,204.6391704,0
17698,99.47738885,204.6391704,0
17699,99.47738885,204.6391704,0
17700,99.47738885,204.6391704,0
17701,99.47738885,204.6391704,0
17702,99.47738885,204.6391704,0
17703,99.47738885,204.6391704,0
17704,99.47738885,204.6391704,0
17705,99.47738885,204.6391704,0
17706,99.47738885,204.6391704,0
17707,99.47738899,204.6391704,0
17708,99.47738899,204.6391704,0
17709,99.47738899,204.6391704,0
17710,99.47738899,204.6391704,0
17711,99.47738899,204.6391704,0
17712,99.47738899,204.6391704,0
17713,99.47738899,204.6391704,0
17714,102.3196001,204.6391704,0
17715,102.3196001,204.6391704,0
17716,102.3196001,204.6391704,0
17717,102.3196001,204.6391704,0
17718,102.3196001,204.6391704,0
17719,102.3196001,204.6391704,0
17720,102.3196001,204.6391704,0
17721,102.3196001,204.6391704,0
17722,102.3196001,204.6391704,0
17723,102.3196001,204.6391704,0
17724,102.3196001,204.6391704,0
17725,102.3196001,204.6391704,0
17726,102.3196001,204.6391704,0
17727,102.3196001,204.6391704,0
17728,102.3196001,204.6391704,0
17729,102.3196001,204.6391704,0
17730,102.3196001,204.6391704,0
17731,102.3196001,204.6391704,0
17732,102.3196001,204.6391704,0
17733,102.3196001,204.6391704,0
17734,102.3196001,204.6391704,0
17735,102.3196001,204.6391704,0
17736,102.3196001,204.6391704,0
17737,102.3196001,204.6391704,0
17738,102.3196001,204.6391704,0
17739,102.3196001,204.6391704,0
17740,102.3196001,204.6391704,0
17741,102.3196001,204.6391704,0
17742,102.3196001,204.6391704,0
17743,102.3196001,204.6391704,0
17744,102.3196001,204.6391704,0
17745,102.3196001,204.6391704,0
17746,102.3196001,204.6391704,0
17747,102.3196001,204.6391704,0
17748,102.3196001,204.6391704,0
17749,102.3196001,204.6391704,0
17750,102.3196001,204.6391704,0
17751,102.3196001,204.6391704,0
17752,102.3196001,204.6391704,0
17753,102.3196001,204.6391704,0
17754,102.3196001,204.6391704,0
17755,102.3196001,204.6391704,0
17756,102.3196001,204.6391704,0
17757,102.3196001,204.6391704,0
17758,102.3196001,204.6391704,0
17759,102.3196001,204.6391704,0
17760,102.3196001,204.6391704,0
17761,102.3196001,204.6391704,0
17762,102.3196001,204.6391704,0
17763,102.3196001,204.6391704,0
17764,99.47738906,204.6391704,0
17765,99.47738906,204.6391704,0
17766,99.47738906,204.6391704,0
17767,99.47738906,204.6391704,0
17768,99.47738906,204.6391704,0
17769,99.47738906,204.6391704,0
17770,99.47738906,201.7969597,0
17771,99.47738906,201.7969597,0
17772,99.47738906,201.7969597,0
17773,99.47738906,201.7969597,0
17774,99.47738906,201.7969597,0
17775,99.47738906,201.7969597,0
17776,99.47738906,201.7969597,0
17777,99.47738906,201.7969597,0
17778,99.47738892,201.7969597,0
17779,99.47738892,201.7969597,0
17780,99.47738892,201.7969597,0
17781,99.47738892,201.7969597,0
17782,99.47738892,201.7969597,0
17783,99.47738892,201.7969597,0
17784,93.79296675,201.7969597,0
17785,93.79296675,201.7969597,0
17786,93.79296675,201.7969597,0
17787,93.79296675,201.7969597,0
17788,93.79296675,201.7969597,0
17789,96.63517773,201.7969597,0
17790,96.63517773,201.7969597,0
17791,96.63517801,201.7969597,0
17792,96.63517801,201.7969597,0
17793,96.63517801,201.7969597,0
17794,96.63517801,201.7969597,0
17795,96.63517801,201.7969597,0
17796,99.47738921,201.7969597,0
17797,99.47738921,201.7969597,0
17798,99.47738921,201.7969597,0
17799,99.47738921,201.7969597,0
17800,99.47738921,201.7969597,0
17801,99.47738921,201.7969597,0
17802,99.47738921,201.7969597,0
17803,99.47738921,201.7969597,0
17804,99.47738921,201.7969597,0
17805,99.47738921,201.7969597,0
17806,99.47738921,201.7969597,0
17807,99.47738921,201.7969597,0
17808,99.47738921,201.7969597,0
17809,99.47738921,201.7969597,0
17810,99.47738921,201.7969597,0
17811,99.47738921,201.7969597,0
17812,99.47738921,201.7969597,0
17813,99.47738921,201.7969597,0
17814,99.47738921,201.7969597,0
17815,99.47738921,201.7969597,0
17816,99.47738921,201.7969597,0
17817,99.47738921,201.7969597,0
17818,99.47738921,201.7969597,0
17819,99.47738921,201.7969597,0
17820,99.47738921,201.7969597,0
17821,99.47738921,201.7969597,0
17822,99.47738921,201.7969597,0
17823,99.47738921,201.7969597,0
17824,99.47738921,201.7969597,0
17825,99.47738921,201.7969597,0
17826,99.47738921,201.7969597,0
17827,99.47738921,201.7969597,0
17828,99.47738921,201.7969597,0
17829,99.47738921,201.7969597,0
17830,99.47738921,201.7969597,0
17831,99.47738921,201.7969597,0
17832,99.47738921,201.7969597,0
17833,99.47738921,201.7969597,0
17834,99.47738921,201.7969597,0
17835,99.47738921,201.7969597,0
17836,99.47738921,201.7969597,0
17837,99.47738921,201.7969597,0
17838,99.47738921,201.7969597,0
17839,99.47738921,201.7969597,0
17840,99.47738921,201.7969597,0
17841,99.47738921,201.7969597,0
17842,99.47738921,201.7969597,0
17843,99.47738921,201.7969597,0
17844,99.47738921,201.7969597,0
17845,99.47738921,201.7969597,0
17846,99.47738913,201.7969597,0
17847,99.47738913,204.6391704,0
17848,99.47738913,204.6391704,0
17849,99.47738913,204.6391704,0
17850,99.47738913,204.6391704,0
17851,99.47738913,204.6391704,0
17852,99.47738913,204.6391704,0
17853,99.47738913,204.6391704,0
17854,99.47738913,204.6391704,0
17855,99.47738913,204.6391704,0
17856,99.47738913,204.6391704,0
17857,99.47738913,204.6391704,0
17858,99.47738913,204.6391704,0
17859,99.47738913,204.6391704,0
17860,99.47738913,204.6391704,0
17861,99.47738913,204.6391704,0
17862,99.47738913,204.6391704,0
17863,99.47738913,204.6391704,0
17864,99.47738913,204.6391704,0
17865,99.47738913,204.6391704,0
17866,99.47738913,204.6391704,0
17867,99.47738913,204.6391704,0
17868,99.47738913,204.6391704,0
17869,99.47738913,204.6391704,0
17870,99.47738913,204.6391704,0
17871,99.47738913,204.6391704,0
17872,99.47738906,204.6391704,0
17873,99.47738906,204.6391704,0
17874,99.47738906,204.6391704,0
17875,99.47738906,204.6391704,0
17876,99.47738906,204.6391704,0
17877,99.47738906,204.6391704,0
17878,99.47738906,204.6391704,0
17879,99.47738906,204.6391704,0
17880,99.47738906,204.6391704,0
17881,99.47738906,204.6391704,0
17882,99.47738906,204.6391704,0
17883,99.47738906,204.6391704,0
17884,99.47738906,204.6391704,0
17885,99.47738906,204.6391704,0
17886,99.47738906,204.6391704,0
17887,99.47738906,204.6391704,0
17888,99.47738906,204.6391704,0
17889,99.47738906,204.6391704,0
17890,99.47738906,204.6391704,0
17891,99.47738906,204.6391704,0
17892,99.47738906,204.6391704,0
17893,99.47738906,204.6391704,0
17894,99.47738906,204.6391704,0
17895,99.47738906,204.6391704,0
17896,99.47738906,204.6391704,0
17897,99.47738906,201.7969597,0
17898,99.47738906,201.7969597,0
17899,99.47738906,201.7969597,0
17900,99.47738906,201.7969597,0
17901,99.47738906,201.7969597,0
17902,99.47738906,201.7969597,0
17903,99.47738906,201.7969597,0
17904,99.47738906,201.7969597,0
17905,99.47738885,201.7969597,0
17906,99.47738885,201.7969597,0
17907,99.47738885,201.7969597,0
17908,99.47738885,201.7969597,0
17909,99.47738885,201.7969597,0
17910,99.47738885,201.7969597,0
17911,99.47738885,201.7969597,0
17912,99.47738885,201.7969597,0
17913,99.47738885,201.7969597,0
17914,99.47738885,201.7969597,0
17915,99.47738885,201.7969597,0
17916,99.47738885,201.7969597,0
17917,99.47738885,201.7969597,0
17918,99.47738885,201.7969597,0
17919,99.47738885,201.7969597,0
17920,99.47738885,201.7969597,0
17921,99.47738885,201.7969597,0
17922,99.47738885,201.7969597,0
17923,99.47738885,201.7969597,0
17924,99.47738885,201.7969597,0
17925,99.47738885,201.7969597,0
17926,99.47738885,201.7969597,0
17927,99.47738885,201.7969597,0
17928,99.47738885,201.7969597,0
17929,99.47738885,201.7969597,0
17930,99.47738885,201.7969597,0
17931,99.47738885,201.7969597,0
17932,99.47738885,201.7969597,0
17933,99.47738885,201.7969597,0
17934,99.47738885,201.7969597,0
17935,99.47738885,201.7969597,0
17936,99.47738885,201.7969597,0
17937,99.47738885,201.7969597,0
17938,99.47738885,204.6391704,0
17939,99.47738885,204.6391704,0
17940,99.47738885,204.6391704,0
17941,99.47738885,204.6391704,0
17942,99.47738885,204.6391704,0
17943,99.47738885,204.6391704,0
17944,99.47738885,204.6391704,0
17945,99.47738885,204.6391704,0
17946,99.47738885,204.6391704,0
17947,99.47738885,204.6391704,0
17948,99.47738885,204.6391704,0
17949,99.47738885,204.6391704,0
17950,99.47738885,204.6391704,0
17951,99.47738885,204.6391704,0
17952,99.47738885,204.6391704,0
17953,99.47738885,204.6391704,0
17954,99.47738885,204.6391704,0
17955,99.47738885,204.6391704,0
17956,99.47738885,204.6391704,0
17957,99.47738885,204.6391704,0
17958,99.47738885,204.6391704,0
17959,99.47738885,204.6391704,0
17960,99.47738885,204.6391704,0
17961,99.47738885,204.6391704,0
17962,99.47738885,204.6391704,0
17963,99.47738885,204.6391704,0
17964,96.63517794,204.6391704,0
17965,96.63517794,204.6391704,0
17966,96.63517794,204.6391704,0
17967,96.63517794,204.6391704,0
17968,96.63517794,204.6391704,0
17969,96.63517794,204.6391704,0
17970,96.63517794,204.6391704,0
17971,96.63517794,204.6391704,0
17972,96.63517794,204.6391704,0
17973,96.63517794,204.6391704,0
17974,96.63517794,204.6391704,0
17975,99.47738899,204.6391704,0
17976,99.47738899,204.6391704,0
17977,99.47738899,204.6391704,0
17978,99.47738899,204.6391704,0
17979,99.47738899,204.6391704,0
17980,99.47738899,204.6391704,0
17981,99.47738899,204.6391704,0
17982,99.47738899,204.6391704,0
17983,99.47738899,204.6391704,0
17984,99.47738899,204.6391704,0
17985,99.47738899,204.6391704,0
17986,99.47738899,204.6391704,0
17987,99.47738899,204.6391704,0
17988,99.47738899,201.7969597,0
17989,99.47738899,201.7969597,0
17990,99.47738899,201.7969597,0
17991,99.47738899,201.7969597,0
17992,99.47738899,201.7969597,0
17993,99.47738899,201.7969597,0
17994,99.47738899,201.7969597,0
17995,99.47738899,201.7969597,0
17996,99.47738899,201.7969597,0
17997,99.47738899,201.7969597,0
17998,99.47738899,201.7969597,0
17999,99.47738899,201.7969597,0
18000,99.47738899,201.7969597,0
18001,99.47738899,201.7969597,0
18002,99.47738899,201.7969597,0
18003,99.47738899,204.6391704,0
18004,99.47738899,204.6391704,0
18005,99.47738899,204.6391704,0
18006,99.47738899,204.6391704,0
18007,99.47738899,204.6391704,0
18008,99.47738899,204.6391704,0
18009,99.47738899,204.6391704,0
18010,99.47738899,204.6391704,0
18011,99.47738899,204.6391704,0
18012,99.47738899,204.6391704,0
18013,99.47738899,204.6391704,0
18014,99.47738899,204.6391704,0
18015,99.47738899,204.6391704,0
18016,99.47738899,204.6391704,0
18017,99.47738899,204.6391704,0
18018,99.47738899,204.6391704,0
18019,99.47738899,204.6391704,0
18020,99.47738899,204.6391704,0
18021,99.47738899,204.6391704,0
18022,99.47738899,204.6391704,0
18023,99.47738899,204.6391704,0
18024,99.47738899,204.6391704,0
18025,99.47738885,204.6391704,0
18026,99.47738885,204.6391704,0
18027,99.47738885,204.6391704,0
18028,99.47738885,204.6391704,0
18029,99.47738885,204.6391704,0
18030,99.47738885,204.6391704,0
18031,99.47738885,204.6391704,0
18032,99.47738885,204.6391704,0
18033,99.47738885,204.6391704,0
18034,99.47738885,204.6391704,0
18035,99.47738885,204.6391704,0
18036,99.47738885,204.6391704,0
18037,99.47738885,204.6391704,0
18038,99.47738885,204.6391704,0
18039,99.47738913,204.6391704,0
18040,99.47738913,204.6391704,0
18041,99.47738913,207.4813811,0
18042,99.47738913,207.4813811,0
18043,99.47738913,207.4813811,0
18044,99.47738913,207.4813811,0
18045,99.47738913,207.4813811,0
18046,99.47738913,207.4813811,0
18047,99.47738913,207.4813811,0
18048,99.47738913,207.4813811,0
18049,99.47738913,207.4813811,0
18050,99.47738913,207.4813811,0
18051,99.47738913,207.4813811,0
18052,99.47738913,207.4813811,0
18053,99.47738913,207.4813811,0
18054,99.47738913,207.4813811,0
18055,99.47738913,207.4813811,0
18056,99.47738913,207.4813811,0
18057,99.47738913,207.4813811,0
18058,99.47738913,207.4813811,0
18059,99.47738913,207.4813811,0
18060,99.47738913,207.4813811,0
18061,99.47738913,207.4813811,0
18062,99.47738913,207.4813811,0
18063,99.47738913,207.4813811,0
18064,99.47738913,207.4813811,0
18065,99.47738913,207.4813811,0
18066,99.47738913,207.4813811,0
18067,99.47738913,207.4813811,0
18068,99.47738913,207.4813811,0
18069,99.47738913,207.4813811,0
18070,99.47738913,207.4813811,0
18071,99.47738913,207.4813811,0
18072,99.47738913,207.4813811,0
18073,99.47738913,207.4813811,0
18074,99.47738913,207.4813811,0
18075,99.47738913,207.4813811,0
18076,99.47738913,207.4813811,0
18077,99.47738913,207.4813811,0
18078,99.47738913,207.4813811,0
18079,99.47738913,207.4813811,0
18080,99.47738913,207.4813811,0
18081,99.47738913,207.4813811,0
18082,99.47738913,207.4813811,0
18083,99.47738913,207.4813811,0
18084,99.47738913,207.4813811,0
18085,99.47738913,207.4813811,0
18086,99.47738913,207.4813811,0
18087,99.47738913,207.4813811,0
18088,99.47738913,207.4813811,0
18089,96.63517801,207.4813811,0
18090,96.63517801,207.4813811,0
18091,96.63517801,204.6391704,0
18092,96.63517801,204.6391704,0
18093,96.63517801,204.6391704,0
18094,96.63517801,204.6391704,0
18095,96.63517801,204.6391704,0
18096,96.63517801,204.6391704,0
18097,96.63517801,204.6391704,0
18098,96.63517801,204.6391704,0
18099,96.63517801,204.6391704,0
18100,96.63517801,204.6391704,0
18101,96.63517801,204.6391704,0
18102,96.63517801,204.6391704,0
18103,96.63517801,204.6391704,0
18104,96.63517801,204.6391704,0
18105,96.63517801,204.6391704,0
18106,96.63517801,204.6391704,0
18107,96.63517801,204.6391704,0
18108,96.63517801,204.6391704,0
18109,96.63517801,204.6391704,0
18110,96.63517801,204.6391704,0
18111,96.63517801,204.6391704,0
18112,96.63517801,204.6391704,0
18113,96.63517801,204.6391704,0
18114,96.63517801,204.6391704,0
18115,96.63517801,204.6391704,0
18116,96.63517801,204.6391704,0
18117,96.63517801,204.6391704,0
18118,96.63517801,204.6391704,0
18119,96.63517801,204.6391704,0
18120,96.63517801,204.6391704,0
18121,96.63517801,204.6391704,0
18122,96.63517801,204.6391704,0
18123,96.63517801,204.6391704,0
18124,96.63517801,204.6391704,0
18125,96.63517801,204.6391704,0
18126,96.63517801,204.6391704,0
18127,96.63517801,204.6391704,0
18128,96.63517801,204.6391704,0
18129,96.63517801,204.6391704,0
18130,96.63517801,204.6391704,0
18131,96.63517801,204.6391704,0
18132,96.63517801,204.6391704,0
18133,96.63517801,204.6391704,0
18134,96.63517801,204.6391704,0
18135,96.63517801,204.6391704,0
18136,96.63517801,204.6391704,0
18137,96.63517773,204.6391704,0
18138,96.63517773,204.6391704,0
18139,93.7929666,204.6391704,0
18140,93.7929666,204.6391704,0
18141,93.7929666,204.6391704,0
18142,93.7929666,204.6391704,0
18143,93.7929666,204.6391704,0
18144,93.7929666,204.6391704,0
18145,93.7929666,204.6391704,0
18146,93.7929666,204.6391704,0
18147,93.7929666,204.6391704,0
18148,93.7929666,204.6391704,0
18149,93.7929666,204.6391704,0
18150,93.7929666,204.6391704,0
18151,93.7929666,204.6391704,0
18152,93.7929666,204.6391704,0
18153,93.7929666,204.6391704,0
18154,93.7929666,204.6391704,0
18155,93.7929666,204.6391704,0
18156,93.7929666,204.6391704,0
18157,93.7929666,204.6391704,0
18158,93.7929666,204.6391704,0
18159,93.7929666,204.6391704,0
18160,93.7929666,204.6391704,0
18161,93.7929666,204.6391704,0
18162,93.7929666,204.6391704,0
18163,93.7929666,204.6391704,0
18164,93.7929666,204.6391704,0
18165,93.7929666,204.6391704,0
18166,93.7929666,204.6391704,0
18167,93.7929666,204.6391704,0
18168,93.7929666,204.6391704,0
18169,93.7929666,204.6391704,0
18170,93.7929666,204.6391704,0
18171,96.63517773,204.6391704,0
18172,96.63517773,204.6391704,0
18173,96.63517773,204.6391704,0
18174,96.63517773,204.6391704,0
18175,96.63517773,204.6391704,0
18176,96.63517773,204.6391704,0
18177,96.63517773,204.6391704,0
18178,96.63517773,204.6391704,0
18179,96.63517773,204.6391704,0
18180,96.63517773,204.6391704,0
18181,96.63517773,204.6391704,0
18182,96.63517773,204.6391704,0
18183,96.63517773,204.6391704,0
18184,96.63517773,204.6391704,0
18185,96.63517773,204.6391704,0
18186,96.63517773,204.6391704,0
18187,96.63517773,204.6391704,0
18188,96.63517773,204.6391704,0
18189,96.63517773,204.6391704,0
18190,96.63517787,204.6391704,0
18191,96.63517787,204.6391704,0
18192,96.63517787,204.6391704,0
18193,96.63517787,204.6391704,0
18194,96.63517787,204.6391704,0
18195,96.63517787,204.6391704,0
18196,96.63517787,204.6391704,0
18197,96.63517787,204.6391704,0
18198,96.63517787,204.6391704,0
18199,96.63517787,204.6391704,0
18200,96.63517787,204.6391704,0
18201,96.63517787,204.6391704,0
18202,96.63517787,204.6391704,0
18203,96.63517787,204.6391704,0
18204,96.63517787,204.6391704,0
18205,96.63517787,204.6391704,0
18206,96.63517787,204.6391704,0
18207,96.63517787,204.6391704,0
18208,96.63517787,204.6391704,0
18209,96.63517787,204.6391704,0
18210,96.63517787,204.6391704,0
18211,96.63517787,204.6391704,0
18212,96.63517787,204.6391704,0
18213,96.63517787,204.6391704,0
18214,96.63517787,204.6391704,0
18215,96.63517787,204.6391704,0
18216,96.63517787,204.6391704,0
18217,96.63517787,204.6391704,0
18218,96.63517787,204.6391704,0
18219,96.63517787,204.6391704,0
18220,96.63517787,204.6391704,0
18221,96.63517787,204.6391704,0
18222,96.63517787,204.6391704,0
18223,96.63517787,204.6391704,0
18224,96.63517787,204.6391704,0
18225,96.63517787,204.6391704,0
18226,96.63517787,204.6391704,0
18227,99.47738892,204.6391704,0
18228,99.47738892,204.6391704,0
18229,99.47738892,204.6391704,0
18230,99.47738892,204.6391704,0
18231,99.47738892,204.6391704,0
18232,99.47738892,204.6391704,0
18233,99.47738892,204.6391704,0
18234,99.47738892,204.6391704,0
18235,99.47738892,204.6391704,0
18236,99.47738892,204.6391704,0
18237,99.47738892,204.6391704,0
18238,99.47738892,204.6391704,0
18239,99.47738899,204.6391704,0
18240,99.47738899,204.6391704,0
18241,99.47738899,204.6391704,0
18242,99.47738899,204.6391704,0
18243,99.47738899,204.6391704,0
18244,99.47738899,204.6391704,0
18245,99.47738899,204.6391704,0
18246,99.47738899,204.6391704,0
18247,99.47738899,204.6391704,0
18248,99.47738899,204.6391704,0
18249,99.47738899,204.6391704,0
18250,99.47738899,204.6391704,0
18251,99.47738899,204.6391704,0
18252,99.47738899,204.6391704,0
18253,99.47738899,204.6391704,0
18254,99.47738899,204.6391704,0
18255,99.47738899,204.6391704,0
18256,99.47738899,204.6391704,0
18257,99.47738899,204.6391704,0
18258,99.47738899,204.6391704,0
18259,99.47738899,204.6391704,0
18260,99.47738899,204.6391704,0
18261,99.47738899,204.6391704,0
18262,99.47738899,204.6391704,0
18263,99.47738899,204.6391704,0
18264,99.47738899,204.6391704,0
18265,99.47738899,204.6391704,0
18266,99.47738899,204.6391704,0
18267,99.47738899,204.6391704,0
18268,99.47738899,204.6391704,0
18269,99.47738899,204.6391704,0
18270,99.47738899,204.6391704,0
18271,99.47738899,204.6391704,0
18272,99.47738899,204.6391704,0
18273,99.47738899,201.7969597,0
18274,99.47738899,201.7969597,0
18275,99.47738899,201.7969597,0
18276,99.47738899,201.7969597,0
18277,99.47738899,201.7969597,0
18278,99.47738899,201.7969597,0
18279,99.47738899,201.7969597,0
18280,99.47738899,201.7969597,0
18281,99.47738899,201.7969597,0
18282,99.47738899,201.7969597,0
18283,99.47738899,201.7969597,0
18284,99.47738899,201.7969597,0
18285,99.47738899,204.6391704,0
18286,99.47738899,204.6391704,0
18287,99.47738899,204.6391704,0
18288,99.47738899,204.6391704,0
18289,99.47738892,204.6391704,0
18290,99.47738892,204.6391704,0
18291,99.47738892,204.6391704,0
18292,99.47738892,204.6391704,0
18293,99.47738892,204.6391704,0
18294,99.47738892,207.4813811,0
18295,99.47738892,207.4813811,0
18296,99.47738892,207.4813811,0
18297,99.47738892,207.4813811,0
18298,99.47738892,207.4813811,0
18299,99.47738892,207.4813811,0
18300,99.47738892,207.4813811,0
18301,99.47738885,207.4813811,0
18302,99.47738885,207.4813811,0
18303,99.47738885,207.4813811,0
18304,99.47738885,207.4813811,0
18305,99.47738885,207.4813811,0
18306,99.47738885,207.4813811,0
18307,99.47738885,207.4813811,0
18308,99.47738885,207.4813811,0
18309,99.47738885,207.4813811,0
18310,99.47738885,207.4813811,0
18311,99.47738885,207.4813811,0
18312,99.47738885,207.4813811,0
18313,99.47738885,207.4813811,0
18314,99.47738885,207.4813811,0
18315,99.47738885,207.4813811,0
18316,99.47738885,207.4813811,0
18317,99.47738885,207.4813811,0
18318,99.47738885,207.4813811,0
18319,99.47738885,207.4813811,0
18320,99.47738885,207.4813811,0
18321,99.47738885,207.4813811,0
18322,99.47738885,207.4813811,0
18323,99.47738885,207.4813811,0
18324,99.47738885,207.4813811,0
18325,99.47738885,207.4813811,0
18326,99.47738885,207.4813811,0
18327,99.47738885,207.4813811,0
18328,99.47738885,207.4813811,0
18329,99.47738885,207.4813811,0
18330,99.47738885,207.4813811,0
18331,99.47738885,207.4813811,0
18332,99.47738885,207.4813811,0
18333,99.47738885,207.4813811,0
18334,99.47738885,207.4813811,0
18335,99.47738885,207.4813811,0
18336,99.47738885,207.4813811,0
18337,99.47738885,207.4813811,0
18338,96.63517794,207.4813811,0
18339,96.63517794,207.4813811,0
18340,96.63517794,207.4813811,0
18341,96.63517794,207.4813811,0
18342,96.63517794,207.4813811,0
18343,96.63517794,207.4813811,0
18344,96.63517794,204.6391704,0
18345,96.63517794,204.6391704,0
18346,96.63517794,204.6391704,0
18347,96.63517794,204.6391704,0
18348,96.63517794,204.6391704,0
18349,96.63517794,204.6391704,0
18350,96.63517794,204.6391704,0
18351,96.63517794,204.6391704,0
18352,96.63517794,204.6391704,0
18353,96.63517794,204.6391704,0
18354,96.63517794,204.6391704,0
18355,96.63517794,204.6391704,0
18356,96.63517794,204.6391704,0
18357,96.63517794,204.6391704,0
18358,96.63517794,204.6391704,0
18359,96.63517794,204.6391704,0
18360,96.63517801,204.6391704,0
18361,96.63517801,204.6391704,0
18362,96.63517801,204.6391704,0
18363,96.63517801,204.6391704,0
18364,96.63517801,204.6391704,0
18365,96.63517801,204.6391704,0
18366,96.63517801,204.6391704,0
18367,96.63517801,204.6391704,0
18368,96.63517801,204.6391704,0
18369,96.63517801,204.6391704,0
18370,96.63517801,204.6391704,0
18371,96.63517801,204.6391704,0
18372,96.63517801,204.6391704,0
18373,96.63517801,204.6391704,0
18374,96.63517801,204.6391704,0
18375,96.63517801,204.6391704,0
18376,96.63517801,204.6391704,0
18377,96.63517801,204.6391704,0
18378,96.63517801,204.6391704,0
18379,96.63517801,204.6391704,0
18380,96.63517801,204.6391704,0
18381,96.63517801,204.6391704,0
18382,96.63517801,204.6391704,0
18383,96.63517801,204.6391704,0
18384,96.63517801,204.6391704,0
18385,96.63517801,204.6391704,0
18386,96.63517801,204.6391704,0
18387,96.63517801,204.6391704,0
18388,96.63517801,204.6391704,0
18389,96.63517801,204.6391704,0
18390,96.63517801,204.6391704,0
18391,96.63517801,204.6391704,0
18392,96.63517801,204.6391704,0
18393,96.63517801,204.6391704,0
18394,96.63517801,204.6391704,0
18395,96.63517801,204.6391704,0
18396,96.63517801,204.6391704,0
18397,96.63517801,204.6391704,0
18398,96.63517801,204.6391704,0
18399,96.63517801,204.6391704,0
18400,96.63517801,204.6391704,0
18401,96.63517801,204.6391704,0
18402,96.63517801,204.6391704,0
18403,96.63517801,204.6391704,0
18404,96.63517801,204.6391704,0
18405,96.63517801,204.6391704,0
18406,96.63517801,204.6391704,0
18407,96.63517801,204.6391704,0
18408,96.63517801,204.6391704,0
18409,96.63517801,204.6391704,0
18410,96.63517794,204.6391704,0
18411,96.63517794,204.6391704,0
18412,96.63517794,204.6391704,0
18413,96.63517794,204.6391704,0
18414,96.63517794,204.6391704,0
18415,96.63517794,204.6391704,0
18416,96.63517794,204.6391704,0
18417,96.63517794,204.6391704,0
18418,96.63517794,204.6391704,0
18419,96.63517794,204.6391704,0
18420,96.63517794,204.6391704,0
18421,96.63517794,204.6391704,0
18422,96.63517794,204.6391704,0
18423,96.63517794,204.6391704,0
18424,96.63517794,204.6391704,0
18425,96.63517794,204.6391704,0
18426,96.63517794,204.6391704,0
18427,96.63517794,204.6391704,0
18428,96.63517794,204.6391704,0
18429,96.63517794,204.6391704,0
18430,96.63517794,204.6391704,0
18431,96.63517794,204.6391704,0
18432,96.63517794,204.6391704,0
18433,96.63517794,204.6391704,0
18434,96.63517794,204.6391704,0
18435,96.63517794,204.6391704,0
18436,96.63517794,204.6391704,0
18437,96.63517794,204.6391704,0
18438,96.63517794,204.6391704,0
18439,96.63517794,204.6391704,0
18440,96.63517794,204.6391704,0
18441,96.63517794,204.6391704,0
18442,96.63517794,204.6391704,0
18443,96.63517794,204.6391704,0
18444,96.63517794,204.6391704,0
18445,96.63517794,204.6391704,0
18446,96.63517794,204.6391704,0
18447,96.63517794,204.6391704,0
18448,96.63517794,204.6391704,0
18449,96.63517794,204.6391704,0
18450,96.63517794,204.6391704,0
18451,96.63517794,204.6391704,0
18452,96.63517794,204.6391704,0
18453,96.63517794,204.6391704,0
18454,96.63517794,204.6391704,0
18455,96.63517794,204.6391704,0
18456,96.63517794,204.6391704,0
18457,96.63517794,204.6391704,0
18458,96.63517794,204.6391704,0
18459,96.63517794,204.6391704,0
18460,96.63517794,204.6391704,0
18461,96.63517794,204.6391704,0
18462,96.63517794,204.6391704,0
18463,96.63517794,204.6391704,0
18464,96.63517794,204.6391704,0
18465,96.63517794,204.6391704,0
18466,96.63517794,204.6391704,0
18467,96.63517794,204.6391704,0
18468,96.63517794,204.6391704,0
18469,96.63517794,204.6391704,0
18470,96.63517794,204.6391704,0
18471,96.63517794,204.6391704,0
18472,96.63517794,204.6391704,0
18473,96.63517794,204.6391704,0
18474,96.63517794,204.6391704,0
18475,96.63517794,204.6391704,0
18476,96.63517794,204.6391704,0
18477,96.63517794,204.6391704,0
18478,96.63517794,204.6391704,0
18479,96.63517794,204.6391704,0
18480,96.63517794,204.6391704,0
18481,96.63517794,204.6391704,0
18482,96.63517794,204.6391704,0
18483,96.63517794,204.6391704,0
18484,96.63517794,204.6391704,0
18485,96.63517794,204.6391704,0
18486,96.63517794,204.6391704,0
18487,96.63517794,204.6391704,0
18488,96.63517794,204.6391704,0
18489,96.63517794,204.6391704,0
18490,96.63517794,204.6391704,0
18491,96.6351778,204.6391704,0
18492,96.6351778,204.6391704,0
18493,96.63517787,204.6391704,0
18494,96.63517787,204.6391704,0
18495,96.63517787,204.6391704,0
18496,96.63517787,204.6391704,0
18497,96.63517787,204.6391704,0
18498,96.63517787,204.6391704,0
18499,96.63517787,204.6391704,0
18500,96.63517787,204.6391704,0
18501,96.63517787,204.6391704,0
18502,96.63517787,204.6391704,0
18503,96.63517787,204.6391704,0
18504,96.63517787,204.6391704,0
18505,96.63517787,204.6391704,0
18506,96.63517787,204.6391704,0
18507,96.63517787,204.6391704,0
18508,96.63517787,204.6391704,0
18509,96.63517787,204.6391704,0
18510,96.63517787,204.6391704,0
18511,96.63517787,204.6391704,0
18512,96.63517787,204.6391704,0
18513,96.63517787,204.6391704,0
18514,96.63517787,204.6391704,0
18515,96.63517787,204.6391704,0
18516,96.63517787,204.6391704,0
18517,96.63517787,204.6391704,0
18518,96.63517787,204.6391704,0
18519,96.63517787,204.6391704,0
18520,96.63517787,204.6391704,0
18521,96.63517787,204.6391704,0
18522,96.63517787,204.6391704,0
18523,96.63517787,204.6391704,0
18524,96.63517787,204.6391704,0
18525,96.63517787,204.6391704,0
18526,96.63517787,204.6391704,0
18527,96.63517787,204.6391704,0
18528,96.63517787,204.6391704,0
18529,96.63517787,204.6391704,0
18530,96.63517787,204.6391704,0
18531,96.63517787,204.6391704,0
18532,96.63517787,204.6391704,0
18533,96.63517787,204.6391704,0
18534,96.63517787,204.6391704,0
18535,96.63517787,204.6391704,0
18536,96.63517787,204.6391704,0
18537,96.63517787,204.6391704,0
18538,96.63517787,204.6391704,0
18539,96.63517787,204.6391704,0
18540,96.63517787,204.6391704,0
18541,96.63517787,204.6391704,0
18542,96.63517787,204.6391704,0
18543,96.63517787,204.6391704,0
18544,96.63517787,204.6391704,0
18545,96.63517787,204.6391704,0
18546,96.63517787,204.6391704,0
18547,96.63517787,204.6391704,0
18548,96.63517787,204.6391704,0
18549,96.63517794,204.6391704,0
18550,96.63517794,204.6391704,0
18551,96.63517794,204.6391704,0
18552,96.63517794,204.6391704,0
18553,96.63517794,204.6391704,0
18554,96.63517794,204.6391704,0
18555,96.63517794,204.6391704,0
18556,96.63517794,204.6391704,0
18557,96.63517794,204.6391704,0
18558,96.63517794,204.6391704,0
18559,96.63517794,204.6391704,0
18560,96.63517794,204.6391704,0
18561,96.63517794,204.6391704,0
18562,96.63517794,204.6391704,0
18563,96.63517794,204.6391704,0
18564,96.63517794,204.6391704,0
18565,96.63517794,204.6391704,0
18566,96.63517794,204.6391704,0
18567,96.63517794,204.6391704,0
18568,96.63517794,204.6391704,0
18569,96.63517794,204.6391704,0
18570,96.63517794,204.6391704,0
18571,96.63517794,204.6391704,0
18572,96.63517794,204.6391704,0
18573,96.63517794,204.6391704,0
18574,96.63517794,204.6391704,0
18575,96.63517794,204.6391704,0
18576,96.63517794,204.6391704,0
18577,96.63517794,204.6391704,0
18578,96.63517794,204.6391704,0
18579,96.63517794,204.6391704,0
18580,96.63517794,204.6391704,0
18581,96.63517794,204.6391704,0
18582,96.63517794,204.6391704,0
18583,96.63517794,204.6391704,0
18584,96.63517794,204.6391704,0
18585,96.63517794,204.6391704,0
18586,96.63517794,204.6391704,0
18587,96.63517794,204.6391704,0
18588,96.63517794,204.6391704,0
18589,96.63517794,204.6391704,0
18590,96.63517794,204.6391704,0
18591,96.63517794,204.6391704,0
18592,96.63517794,204.6391704,0
18593,96.63517794,204.6391704,0
18594,96.63517794,204.6391704,0
18595,96.63517794,204.6391704,0
18596,96.63517794,204.6391704,0
18597,96.63517794,204.6391704,0
18598,96.63517794,204.6391704,0
18599,96.63517787,204.6391704,0
18600,96.63517787,204.6391704,0
18601,96.63517787,204.6391704,0
18602,93.79296667,204.6391704,0
18603,93.79296667,204.6391704,0
18604,96.63517787,204.6391704,0
18605,96.63517787,204.6391704,0
18606,96.63517787,204.6391704,0
18607,96.63517787,204.6391704,0
18608,96.63517787,204.6391704,0
18609,96.63517787,204.6391704,0
18610,96.63517787,204.6391704,0
18611,96.63517787,204.6391704,0
18612,96.63517787,204.6391704,0
18613,96.63517787,204.6391704,0
18614,96.63517787,204.6391704,0
18615,96.63517787,201.7969597,0
18616,96.63517787,204.6391704,0
18617,96.63517787,204.6391704,0
18618,96.63517787,204.6391704,0
18619,96.63517787,204.6391704,0
18620,96.63517787,204.6391704,0
18621,96.63517787,204.6391704,0
18622,96.63517787,204.6391704,0
18623,96.63517787,204.6391704,0
18624,96.63517787,204.6391704,0
18625,96.63517787,204.6391704,0
18626,96.63517787,204.6391704,0
18627,96.63517787,204.6391704,0
18628,96.63517787,204.6391704,0
18629,96.63517787,204.6391704,0
18630,96.63517787,204.6391704,0
18631,96.63517787,204.6391704,0
18632,96.63517787,204.6391704,0
18633,96.63517787,204.6391704,0
18634,96.63517787,204.6391704,0
18635,96.63517787,204.6391704,0
18636,99.47738913,204.6391704,0
18637,99.47738913,204.6391704,0
18638,99.47738913,204.6391704,0
18639,99.47738913,204.6391704,0
18640,99.47738913,204.6391704,0
18641,99.47738913,204.6391704,0
18642,99.47738913,204.6391704,0
18643,99.47738913,204.6391704,0
18644,99.47738913,204.6391704,0
18645,99.47738913,204.6391704,0
18646,99.47738913,204.6391704,0
18647,99.47738913,204.6391704,0
18648,99.47738913,204.6391704,0
18649,99.47738913,204.6391704,0
18650,99.47738913,204.6391704,0
18651,99.47738913,204.6391704,0
18652,99.47738913,204.6391704,0
18653,99.47738913,204.6391704,0
18654,99.47738913,204.6391704,0
18655,99.47738913,204.6391704,0
18656,99.47738913,204.6391704,0
18657,99.47738913,204.6391704,0
18658,99.47738913,204.6391704,0
18659,99.47738913,204.6391704,0
18660,99.47738913,204.6391704,0
18661,99.47738913,204.6391704,0
18662,99.47738913,204.6391704,0
18663,99.47738913,204.6391704,0
18664,99.47738913,204.6391704,0
18665,99.47738913,204.6391704,0
18666,99.47738913,204.6391704,0
18667,99.47738913,204.6391704,0
18668,99.47738913,204.6391704,0
18669,99.47738913,204.6391704,0
18670,99.47738913,204.6391704,0
18671,99.47738913,204.6391704,0
18672,99.47738913,204.6391704,0
18673,99.47738913,204.6391704,0
18674,99.47738913,204.6391704,0
18675,99.47738913,204.6391704,0
18676,99.47738913,204.6391704,0
18677,99.47738913,204.6391704,0
18678,99.47738913,204.6391704,0
18679,99.47738913,204.6391704,0
18680,99.47738913,204.6391704,0
18681,99.47738913,204.6391704,0
18682,99.47738913,204.6391704,0
18683,99.47738913,204.6391704,0
18684,99.47738913,204.6391704,0
18685,99.47738913,204.6391704,0
18686,96.63517801,204.6391704,0
18687,96.63517801,204.6391704,0
18688,96.63517801,204.6391704,0
18689,96.63517801,204.6391704,0
18690,96.63517801,204.6391704,0
18691,96.63517801,204.6391704,0
18692,96.63517801,198.954749,0
18693,96.63517801,198.954749,0
18694,96.63517801,198.954749,0
18695,96.63517801,198.954749,0
18696,96.63517801,198.954749,0
18697,96.63517801,198.954749,0
18698,96.63517801,198.954749,0
18699,96.63517801,198.954749,0
18700,96.63517801,198.954749,0
18701,96.63517801,198.954749,0
18702,96.63517801,198.954749,0
18703,96.63517801,201.7969597,0
18704,96.63517801,204.6391704,0
18705,96.63517801,204.6391704,0
18706,96.63517801,204.6391704,0
18707,96.63517801,204.6391704,0
18708,96.63517801,204.6391704,0
18709,96.63517801,204.6391704,0
18710,96.63517801,204.6391704,0
18711,96.63517801,204.6391704,0
18712,96.63517801,204.6391704,0
18713,96.63517801,204.6391704,0
18714,96.63517801,204.6391704,0
18715,96.63517801,204.6391704,0
18716,96.63517801,204.6391704,0
18717,96.63517801,204.6391704,0
18718,96.63517801,204.6391704,0
18719,96.63517801,204.6391704,0
18720,96.63517801,204.6391704,0
18721,96.63517801,204.6391704,0
18722,96.63517801,204.6391704,0
18723,96.63517801,204.6391704,0
18724,96.63517801,204.6391704,0
18725,96.63517801,204.6391704,0
18726,96.63517801,204.6391704,0
18727,96.63517801,204.6391704,0
18728,96.63517801,204.6391704,0
18729,96.63517801,204.6391704,0
18730,96.63517801,204.6391704,0
18731,96.63517801,204.6391704,0
18732,96.63517801,204.6391704,0
18733,96.63517801,204.6391704,0
18734,96.63517801,204.6391704,0
18735,96.63517801,204.6391704,0
18736,96.63517801,204.6391704,0
18737,96.63517808,204.6391704,0
18738,96.63517808,204.6391704,0
18739,96.63517808,204.6391704,0
18740,96.63517808,204.6391704,0
18741,96.63517808,204.6391704,0
18742,96.63517808,204.6391704,0
18743,96.63517808,204.6391704,0
18744,96.63517808,204.6391704,0
18745,96.63517808,204.6391704,0
18746,96.63517808,204.6391704,0
18747,96.63517808,204.6391704,0
18748,96.63517808,204.6391704,0
18749,96.63517808,204.6391704,0
18750,96.63517808,204.6391704,0
18751,96.63517808,204.6391704,0
18752,96.63517808,204.6391704,0
18753,96.63517808,204.6391704,0
18754,96.63517808,204.6391704,0
18755,96.63517808,204.6391704,0
18756,96.63517808,204.6391704,0
18757,96.63517808,204.6391704,0
18758,96.63517808,204.6391704,0
18759,96.63517808,204.6391704,0
18760,96.63517808,204.6391704,0
18761,96.63517808,204.6391704,0
18762,96.63517808,204.6391704,0
18763,96.63517808,204.6391704,0
18764,96.63517808,204.6391704,0
18765,96.63517808,204.6391704,0
18766,96.63517808,204.6391704,0
18767,96.63517808,204.6391704,0
18768,96.63517808,204.6391704,0
18769,96.63517808,204.6391704,0
18770,96.63517808,204.6391704,0
18771,96.63517808,204.6391704,0
18772,96.63517808,204.6391704,0
18773,96.63517808,204.6391704,0
18774,96.63517808,204.6391704,0
18775,96.63517808,204.6391704,0
18776,96.63517808,204.6391704,0
18777,96.63517808,204.6391704,0
18778,96.63517808,204.6391704,0
18779,96.63517808,204.6391704,0
18780,96.63517808,204.6391704,0
18781,96.63517808,204.6391704,0
18782,96.63517808,204.6391704,0
18783,96.63517808,204.6391704,0
18784,96.63517808,204.6391704,0
18785,96.63517808,204.6391704,0
18786,96.63517808,204.6391704,0
18787,96.63517808,204.6391704,0
18788,93.79296682,204.6391704,0
18789,93.79296682,204.6391704,0
18790,93.79296682,204.6391704,0
18791,93.79296682,204.6391704,0
18792,93.79296682,204.6391704,0
18793,93.79296682,204.6391704,0
18794,93.79296682,204.6391704,0
18795,93.79296682,201.7969597,0
18796,93.79296682,201.7969597,0
18797,93.79296682,201.7969597,0
18798,93.79296682,201.7969597,0
18799,93.79296682,201.7969597,0
18800,93.79296682,201.7969597,1
18801,93.79296682,201.7969597,1
18802,93.79296682,201.7969597,1
18803,93.79296682,201.7969597,1
18804,93.79296682,201.7969597,1
18805,93.79296682,201.7969597,1
18806,93.79296682,201.7969597,1
18807,93.79296682,201.7969597,1
18808,93.79296682,201.7969597,1
18809,93.79296682,201.7969597,1
18810,93.79296682,201.7969597,1
18811,93.79296682,201.7969597,1
18812,93.79296682,201.7969597,1
18813,93.79296682,201.7969597,1
18814,93.79296682,201.7969597,1
18815,93.79296682,201.7969597,1
18816,96.63517773,201.7969597,1
18817,96.63517773,201.7969597,1
18818,96.63517773,201.7969597,1
18819,96.63517773,201.7969597,1
18820,96.63517773,201.7969597,1
18821,96.63517773,201.7969597,1
18822,96.63517773,201.7969597,1
18823,96.63517773,201.7969597,1
18824,96.63517773,201.7969597,1
18825,96.63517773,201.7969597,1
18826,96.63517773,201.7969597,1
18827,96.63517773,201.7969597,1
18828,96.63517773,201.7969597,1
18829,96.63517773,201.7969597,1
18830,96.63517773,204.6391704,1
18831,96.63517773,204.6391704,1
18832,96.63517773,204.6391704,1
18833,96.63517773,204.6391704,1
18834,96.63517773,204.6391704,1
18835,96.63517773,204.6391704,1
18836,96.63517773,204.6391704,1
18837,96.63517773,204.6391704,1
18838,96.63517773,204.6391704,1
18839,96.63517773,204.6391704,1
18840,96.63517773,204.6391704,1
18841,96.63517773,204.6391704,1
18842,96.63517773,204.6391704,1
18843,96.63517773,204.6391704,1
18844,96.63517773,204.6391704,1
18845,96.63517773,204.6391704,1
18846,96.63517773,204.6391704,1
18847,96.63517773,204.6391704,1
18848,96.63517773,204.6391704,1
18849,96.63517773,204.6391704,1
18850,96.63517773,204.6391704,1
18851,96.63517773,204.6391704,1
18852,96.63517773,204.6391704,1
18853,96.63517773,204.6391704,1
18854,96.63517773,204.6391704,1
18855,96.63517773,204.6391704,1
18856,96.63517773,204.6391704,1
18857,96.63517773,204.6391704,1
18858,96.63517773,204.6391704,1
18859,96.63517773,204.6391704,1
18860,96.63517773,204.6391704,1
18861,96.63517773,204.6391704,1
18862,96.63517773,204.6391704,1
18863,96.63517773,204.6391704,1
18864,96.63517773,204.6391704,1
18865,96.63517773,204.6391704,1
18866,93.79296689,204.6391704,1
18867,96.63517773,204.6391704,1
18868,96.63517773,204.6391704,1
18869,96.63517773,204.6391704,1
18870,96.63517773,204.6391704,1
18871,96.63517773,204.6391704,1
18872,96.63517773,204.6391704,1
18873,96.63517773,204.6391704,1
18874,96.63517773,204.6391704,1
18875,96.63517773,204.6391704,1
18876,96.63517773,204.6391704,1
18877,96.63517773,204.6391704,1
18878,96.63517773,204.6391704,1
18879,96.63517773,204.6391704,1
18880,96.63517773,204.6391704,1
18881,96.63517773,204.6391704,1
18882,96.63517773,204.6391704,1
18883,96.63517773,204.6391704,1
18884,96.63517773,204.6391704,1
18885,96.63517773,204.6391704,1
18886,96.63517773,204.6391704,1
18887,96.63517773,204.6391704,1
18888,96.63517773,204.6391704,1
18889,96.63517773,204.6391704,1
18890,96.63517773,204.6391704,1
18891,96.63517773,204.6391704,1
18892,96.63517773,204.6391704,1
18893,96.63517773,204.6391704,1
18894,96.63517773,201.7969597,1
18895,96.63517773,201.7969597,1
18896,96.63517773,201.7969597,1
18897,96.63517787,201.7969597,1
18898,96.63517787,201.7969597,1
18899,96.63517787,201.7969597,1
18900,96.63517787,201.7969597,1
18901,96.63517787,201.7969597,1
18902,96.63517787,201.7969597,1
18903,96.63517787,201.7969597,1
18904,96.63517787,201.7969597,1
18905,96.63517787,201.7969597,1
18906,96.63517787,201.7969597,1
18907,96.63517787,201.7969597,1
18908,96.63517787,201.7969597,1
18909,96.63517787,201.7969597,1
18910,96.63517787,201.7969597,1
18911,96.63517787,201.7969597,1
18912,96.63517787,201.7969597,1
18913,96.63517787,201.7969597,1
18914,96.63517787,201.7969597,1
18915,96.63517787,201.7969597,1
18916,96.63517787,201.7969597,1
18917,96.63517787,201.7969597,1
18918,96.63517787,201.7969597,1
18919,96.63517787,201.7969597,1
18920,96.63517787,201.7969597,1
18921,96.63517787,201.7969597,1
18922,96.63517787,201.7969597,1
18923,96.63517787,201.7969597,1
18924,96.63517787,201.7969597,1
18925,96.63517787,201.7969597,1
18926,96.63517787,201.7969597,1
18927,96.63517787,201.7969597,1
18928,96.63517787,201.7969597,1
18929,96.63517787,201.7969597,1
18930,96.63517787,201.7969597,1
18931,96.63517787,201.7969597,1
18932,96.63517787,201.7969597,1
18933,96.63517787,201.7969597,1
18934,96.63517787,201.7969597,1
18935,96.63517787,201.7969597,1
18936,96.63517787,201.7969597,1
18937,96.63517787,201.7969597,1
18938,96.63517787,201.7969597,1
18939,96.63517787,201.7969597,1
18940,96.63517787,201.7969597,1
18941,96.63517787,201.7969597,1
18942,96.63517787,201.7969597,1
18943,96.63517787,201.7969597,1
18944,96.63517794,201.7969597,1
18945,96.63517794,201.7969597,1
18946,96.63517794,201.7969597,1
18947,96.63517794,201.7969597,1
18948,96.63517794,201.7969597,1
18949,96.63517794,204.6391704,1
18950,96.63517794,204.6391704,1
18951,96.63517794,204.6391704,1
18952,96.63517794,204.6391704,1
18953,96.63517794,204.6391704,1
18954,96.63517794,204.6391704,1
18955,96.63517794,204.6391704,1
18956,96.63517794,204.6391704,1
18957,96.63517794,204.6391704,1
18958,96.63517794,204.6391704,1
18959,96.63517794,204.6391704,1
18960,96.63517794,204.6391704,1
18961,96.63517794,204.6391704,1
18962,96.63517794,204.6391704,1
18963,96.63517794,204.6391704,1
18964,96.63517794,204.6391704,1
18965,96.63517794,204.6391704,1
18966,96.63517794,204.6391704,1
18967,96.63517794,204.6391704,1
18968,99.47738921,204.6391704,1
18969,99.47738921,204.6391704,1
18970,99.47738921,204.6391704,1
18971,99.47738921,204.6391704,1
18972,99.47738921,204.6391704,1
18973,99.47738921,204.6391704,1
18974,99.47738921,204.6391704,1
18975,99.47738921,204.6391704,1
18976,99.47738921,204.6391704,1
18977,99.47738921,204.6391704,1
18978,99.47738921,204.6391704,1
18979,99.47738921,204.6391704,1
18980,99.47738921,204.6391704,1
18981,99.47738921,204.6391704,1
18982,99.47738921,204.6391704,1
18983,99.47738921,204.6391704,1
18984,99.47738921,204.6391704,1
18985,99.47738921,204.6391704,1
18986,99.47738921,204.6391704,1
18987,99.47738921,204.6391704,1
18988,99.47738921,204.6391704,1
18989,99.47738921,204.6391704,1
18990,99.47738921,204.6391704,1
18991,99.47738921,204.6391704,1
18992,99.47738921,204.6391704,1
18993,99.47738921,204.6391704,1
18994,99.47738921,204.6391704,1
18995,99.47738921,204.6391704,1
18996,99.47738921,204.6391704,1
18997,99.47738921,204.6391704,1
18998,99.47738921,204.6391704,1
18999,99.47738921,201.7969597,1
19000,99.47738921,201.7969597,1
19001,99.47738921,201.7969597,1
19002,99.47738921,201.7969597,1
19003,99.47738921,201.7969597,1
19004,99.47738921,201.7969597,1
19005,99.47738921,201.7969597,1
19006,99.47738921,201.7969597,1
19007,99.47738921,201.7969597,1
19008,99.47738921,201.7969597,1
19009,99.47738921,201.7969597,1
19010,99.47738921,201.7969597,1
19011,99.47738921,201.7969597,1
19012,99.47738921,201.7969597,1
19013,99.47738921,201.7969597,1
19014,99.47738921,201.7969597,1
19015,99.47738921,201.7969597,1
19016,99.47738921,201.7969597,1
19017,99.47738921,201.7969597,1
19018,96.63517794,201.7969597,1
19019,96.63517794,201.7969597,1
19020,96.63517794,201.7969597,1
19021,96.63517794,201.7969597,1
19022,96.63517794,204.6391704,1
19023,96.63517794,204.6391704,1
19024,96.63517794,204.6391704,1
19025,96.63517794,204.6391704,1
19026,96.63517794,204.6391704,1
19027,96.63517794,204.6391704,1
19028,96.63517794,204.6391704,1
19029,96.63517794,204.6391704,1
19030,96.63517794,204.6391704,1
19031,96.63517794,204.6391704,1
19032,96.63517794,204.6391704,1
19033,96.63517794,204.6391704,1
19034,96.63517794,204.6391704,1
19035,96.63517794,204.6391704,1
19036,96.63517794,204.6391704,1
19037,96.63517794,204.6391704,1
19038,96.63517794,204.6391704,1
19039,96.63517794,204.6391704,1
19040,96.63517794,204.6391704,1
19041,96.63517794,204.6391704,1
19042,96.63517794,204.6391704,1
19043,93.79296682,204.6391704,1
19044,93.79296682,204.6391704,1
19045,93.79296682,204.6391704,1
19046,93.79296682,204.6391704,1
19047,93.79296682,204.6391704,1
19048,93.79296682,204.6391704,1
19049,93.79296682,204.6391704,1
19050,93.79296682,204.6391704,1
19051,93.79296682,204.6391704,1
19052,93.79296682,204.6391704,1
19053,93.79296682,204.6391704,1
19054,93.79296682,204.6391704,1
19055,93.79296682,204.6391704,1
19056,93.79296682,204.6391704,1
19057,93.79296682,204.6391704,1
19058,93.79296682,204.6391704,1
19059,93.79296682,204.6391704,1
19060,93.79296682,204.6391704,1
19061,93.79296682,204.6391704,1
19062,93.79296682,204.6391704,1
19063,93.79296682,204.6391704,1
19064,93.79296682,204.6391704,1
19065,93.79296682,204.6391704,1
19066,93.79296682,204.6391704,1
19067,93.79296682,204.6391704,1
19068,93.79296682,204.6391704,1
19069,93.79296682,204.6391704,1
19070,93.79296682,204.6391704,1
19071,93.79296682,204.6391704,1
19072,93.79296689,204.6391704,1
19073,93.79296689,204.6391704,1
19074,93.79296689,204.6391704,1
19075,93.79296689,204.6391704,1
19076,93.79296689,204.6391704,1
19077,93.79296689,204.6391704,1
19078,96.63517773,204.6391704,1
19079,96.63517773,204.6391704,1
19080,96.63517773,204.6391704,1
19081,96.63517773,204.6391704,1
19082,96.63517773,204.6391704,1
19083,96.63517773,204.6391704,1
19084,96.63517773,204.6391704,1
19085,96.63517773,204.6391704,1
19086,96.63517773,204.6391704,1
19087,96.63517773,204.6391704,1
19088,96.63517773,204.6391704,1
19089,96.63517773,204.6391704,1
19090,96.63517773,204.6391704,1
19091,96.63517773,204.6391704,1
19092,96.63517773,207.4813811,1
19093,96.63517773,207.4813811,1
19094,96.63517773,207.4813811,1
19095,96.63517773,207.4813811,1
19096,96.63517773,207.4813811,1
19097,96.63517773,207.4813811,1
19098,96.63517794,207.4813811,1
19099,96.63517794,207.4813811,1
19100,96.63517794,207.4813811,1
19101,96.63517794,207.4813811,1
19102,96.63517794,207.4813811,1
19103,96.63517794,207.4813811,1
19104,96.63517794,207.4813811,1
19105,96.63517794,207.4813811,1
19106,96.63517794,207.4813811,1
19107,96.63517794,207.4813811,1
19108,96.63517794,207.4813811,1
19109,96.63517794,207.4813811,1
19110,96.63517794,207.4813811,1
19111,96.63517794,207.4813811,1
19112,96.63517794,207.4813811,1
19113,96.63517794,207.4813811,1
19114,96.63517794,207.4813811,1
19115,96.63517794,207.4813811,1
19116,96.63517794,207.4813811,1
19117,96.63517794,207.4813811,1
19118,96.63517794,207.4813811,1
19119,96.63517794,207.4813811,1
19120,96.63517794,207.4813811,1
19121,96.63517794,207.4813811,1
19122,96.63517794,207.4813811,1
19123,96.63517794,207.4813811,1
19124,96.63517794,207.4813811,1
19125,96.63517794,207.4813811,1
19126,96.63517794,207.4813811,1
19127,96.63517794,207.4813811,1
19128,96.63517794,207.4813811,1
19129,96.63517794,207.4813811,1
19130,96.63517794,207.4813811,1
19131,96.63517794,207.4813811,1
19132,96.63517794,207.4813811,1
19133,96.63517794,207.4813811,1
19134,96.63517794,207.4813811,1
19135,96.63517794,207.4813811,1
19136,96.63517794,207.4813811,1
19137,96.63517794,207.4813811,1
19138,96.63517794,207.4813811,1
19139,96.63517794,207.4813811,1
19140,96.63517794,207.4813811,1
19141,96.63517794,207.4813811,1
19142,96.63517794,201.7969597,1
19143,96.63517794,201.7969597,1
19144,96.63517794,201.7969597,1
19145,96.63517794,201.7969597,1
19146,96.63517794,201.7969597,1
19147,96.63517794,201.7969597,1
19148,93.79296696,201.7969597,1
19149,93.79296696,201.7969597,1
19150,93.79296696,201.7969597,1
19151,93.79296696,204.6391704,1
19152,93.79296696,204.6391704,1
19153,93.79296696,204.6391704,1
19154,93.79296696,204.6391704,1
19155,93.79296696,204.6391704,1
19156,93.79296696,204.6391704,1
19157,93.79296696,204.6391704,1
19158,93.79296696,204.6391704,1
19159,93.79296696,204.6391704,1
19160,93.79296696,204.6391704,1
19161,93.79296696,204.6391704,1
19162,93.79296696,204.6391704,1
19163,93.79296696,204.6391704,1
19164,93.79296696,204.6391704,1
19165,93.79296696,204.6391704,1
19166,93.79296696,204.6391704,1
19167,93.79296696,204.6391704,1
19168,93.79296696,204.6391704,1
19169,93.79296696,204.6391704,1
19170,93.79296696,204.6391704,1
19171,93.79296696,204.6391704,1
19172,93.79296696,204.6391704,1
19173,93.79296696,204.6391704,1
19174,93.7929666,204.6391704,1
19175,93.7929666,204.6391704,1
19176,93.7929666,204.6391704,1
19177,93.7929666,204.6391704,1
19178,93.7929666,204.6391704,1
19179,93.7929666,204.6391704,1
19180,93.7929666,204.6391704,1
19181,96.6351778,204.6391704,1
19182,96.6351778,204.6391704,1
19183,96.6351778,204.6391704,1
19184,96.63517794,204.6391704,1
19185,96.63517794,204.6391704,1
19186,96.63517808,204.6391704,1
19187,96.63517808,204.6391704,1
19188,96.63517808,204.6391704,1
19189,96.63517808,204.6391704,1
19190,96.63517808,204.6391704,1
19191,96.63517808,204.6391704,1
19192,96.63517808,204.6391704,1
19193,96.63517808,204.6391704,1
19194,96.63517808,204.6391704,1
19195,96.63517808,204.6391704,1
19196,96.63517808,204.6391704,1
19197,96.63517808,204.6391704,1
19198,96.63517808,204.6391704,1
19199,96.63517808,204.6391704,1
19200,96.63517808,204.6391704,1
19201,96.63517808,204.6391704,1
19202,96.63517808,204.6391704,1
19203,96.63517808,204.6391704,1
19204,96.63517808,204.6391704,1
19205,96.63517808,204.6391704,1
19206,96.63517808,204.6391704,1
19207,96.63517808,204.6391704,1
19208,96.63517808,204.6391704,1
19209,96.63517808,204.6391704,1
19210,96.63517808,207.4813811,1
19211,96.63517808,207.4813811,1
19212,96.63517808,207.4813811,1
19213,96.63517808,207.4813811,1
19214,96.63517808,207.4813811,1
19215,96.63517808,207.4813811,1
19216,96.63517808,207.4813811,1
19217,96.63517808,207.4813811,1
19218,96.63517808,207.4813811,1
19219,96.63517808,207.4813811,1
19220,96.63517808,207.4813811,1
19221,96.63517808,207.4813811,1
19222,96.63517808,207.4813811,1
19223,96.63517808,207.4813811,1
19224,96.63517808,207.4813811,1
19225,96.63517808,207.4813811,1
19226,96.63517808,207.4813811,1
19227,96.63517808,207.4813811,1
19228,96.63517808,207.4813811,1
19229,96.63517808,207.4813811,1
19230,96.63517808,207.4813811,1
19231,96.63517808,207.4813811,1
19232,96.63517808,207.4813811,1
19233,96.63517808,207.4813811,1
19234,96.63517808,207.4813811,1
19235,96.63517808,207.4813811,1
19236,96.6351778,207.4813811,1
19237,96.6351778,207.4813811,1
19238,96.6351778,207.4813811,1
19239,96.6351778,207.4813811,1
19240,96.6351778,207.4813811,1
19241,96.6351778,207.4813811,1
19242,96.6351778,207.4813811,1
19243,96.6351778,207.4813811,1
19244,96.6351778,207.4813811,1
19245,96.6351778,207.4813811,1
19246,96.6351778,207.4813811,1
19247,96.6351778,207.4813811,1
19248,96.6351778,207.4813811,1
19249,96.6351778,207.4813811,1
19250,96.6351778,207.4813811,1
19251,96.6351778,207.4813811,1
19252,96.6351778,207.4813811,1
19253,96.6351778,207.4813811,1
19254,96.6351778,207.4813811,1
19255,96.6351778,207.4813811,1
19256,96.6351778,207.4813811,1
19257,96.6351778,207.4813811,1
19258,96.6351778,207.4813811,1
19259,96.6351778,207.4813811,1
19260,96.6351778,204.6391704,1
19261,96.6351778,204.6391704,1
19262,96.6351778,204.6391704,1
19263,96.6351778,204.6391704,1
19264,96.6351778,204.6391704,1
19265,96.6351778,204.6391704,1
19266,96.6351778,204.6391704,1
19267,96.6351778,204.6391704,1
19268,96.6351778,204.6391704,1
19269,93.79296675,204.6391704,1
19270,93.79296675,204.6391704,1
19271,93.79296675,204.6391704,1
19272,93.79296675,204.6391704,1
19273,93.79296675,204.6391704,1
19274,93.79296675,204.6391704,1
19275,93.79296675,204.6391704,1
19276,93.79296675,204.6391704,1
19277,93.79296675,204.6391704,1
19278,93.79296675,204.6391704,1
19279,93.79296675,204.6391704,1
19280,93.79296675,204.6391704,1
19281,93.79296675,204.6391704,1
19282,93.79296675,204.6391704,1
19283,93.79296675,204.6391704,1
19284,93.79296675,204.6391704,1
19285,93.79296675,204.6391704,1
19286,93.79296675,204.6391704,1
19287,93.79296675,204.6391704,1
19288,93.79296675,204.6391704,1
19289,93.79296675,204.6391704,1
19290,93.79296675,204.6391704,1
19291,93.79296675,204.6391704,1
19292,93.79296675,204.6391704,1
19293,93.79296675,204.6391704,1
19294,93.79296675,204.6391704,1
19295,93.79296675,204.6391704,1
19296,93.79296675,204.6391704,1
19297,93.79296675,204.6391704,1
19298,93.79296675,204.6391704,1
19299,93.79296675,201.7969597,1
19300,93.79296675,201.7969597,1
19301,93.79296675,201.7969597,1
19302,93.79296675,201.7969597,1
19303,93.79296675,201.7969597,1
19304,93.79296675,201.7969597,1
19305,93.79296682,201.7969597,1
19306,93.79296696,201.7969597,1
19307,93.79296696,201.7969597,1
19308,93.79296696,201.7969597,1
19309,93.79296696,201.7969597,1
19310,93.79296696,201.7969597,1
19311,93.79296696,201.7969597,1
19312,93.79296696,201.7969597,1
19313,93.79296696,201.7969597,1
19314,93.79296696,201.7969597,1
19315,93.79296696,201.7969597,1
19316,93.79296696,201.7969597,1
19317,93.79296696,201.7969597,1
19318,93.79296696,201.7969597,1
19319,93.79296696,204.6391704,1
19320,93.79296696,204.6391704,1
19321,93.79296696,204.6391704,1
19322,93.79296696,204.6391704,1
19323,93.79296696,204.6391704,1
19324,93.79296696,204.6391704,1
19325,93.79296696,204.6391704,1
19326,93.79296696,204.6391704,1
19327,93.79296696,204.6391704,1
19328,93.79296696,204.6391704,1
19329,93.79296696,204.6391704,1
19330,93.79296696,204.6391704,1
19331,93.79296696,204.6391704,1
19332,93.79296696,204.6391704,1
19333,93.79296696,204.6391704,1
19334,93.79296696,204.6391704,1
19335,93.79296696,204.6391704,1
19336,93.79296696,204.6391704,1
19337,93.79296696,204.6391704,1
19338,93.79296696,204.6391704,1
19339,93.79296696,204.6391704,1
19340,93.79296696,204.6391704,1
19341,93.79296696,204.6391704,1
19342,93.79296696,204.6391704,1
19343,93.79296696,204.6391704,1
19344,93.79296696,204.6391704,1
19345,93.79296696,204.6391704,1
19346,93.79296696,204.6391704,1
19347,93.79296696,204.6391704,1
19348,93.79296696,204.6391704,1
19349,93.79296696,204.6391704,1
19350,93.79296696,204.6391704,1
19351,93.79296696,204.6391704,1
19352,93.79296696,204.6391704,1
19353,93.79296696,204.6391704,1
19354,93.79296696,204.6391704,1
19355,93.79296696,204.6391704,1
19356,93.7929666,204.6391704,1
19357,93.7929666,204.6391704,1
19358,93.79296689,204.6391704,1
19359,93.79296689,204.6391704,1
19360,93.79296689,204.6391704,1
19361,93.79296689,204.6391704,1
19362,93.79296689,204.6391704,1
19363,93.79296689,204.6391704,1
19364,93.79296689,204.6391704,1
19365,93.79296689,204.6391704,1
19366,93.79296689,204.6391704,1
19367,93.79296689,204.6391704,1
19368,93.79296689,204.6391704,1
19369,93.79296689,204.6391704,1
19370,93.79296689,204.6391704,1
19371,93.79296689,204.6391704,1
19372,93.79296689,204.6391704,1
19373,93.79296689,204.6391704,1
19374,93.79296689,204.6391704,1
19375,93.79296689,204.6391704,1
19376,93.79296689,204.6391704,1
19377,93.79296689,204.6391704,1
19378,93.79296689,204.6391704,1
19379,93.79296689,204.6391704,1
19380,93.79296689,204.6391704,1
19381,93.79296689,204.6391704,1
19382,93.79296689,204.6391704,1
19383,93.79296689,204.6391704,1
19384,93.79296689,204.6391704,1
19385,93.79296689,204.6391704,1
19386,93.79296689,204.6391704,1
19387,93.79296689,204.6391704,1
19388,93.79296689,204.6391704,1
19389,93.79296689,204.6391704,1
19390,93.79296689,204.6391704,1
19391,93.79296689,204.6391704,1
19392,93.79296689,204.6391704,1
19393,93.79296689,204.6391704,1
19394,93.79296689,204.6391704,1
19395,93.79296689,204.6391704,1
19396,93.79296689,204.6391704,1
19397,93.79296689,204.6391704,1
19398,93.79296689,204.6391704,1
19399,93.79296689,204.6391704,1
19400,93.79296689,204.6391704,1
19401,93.79296689,204.6391704,1
19402,93.79296689,204.6391704,1
19403,93.79296689,204.6391704,1
19404,93.79296689,204.6391704,1
19405,93.79296689,204.6391704,1
19406,93.79296689,204.6391704,1
19407,93.79296689,204.6391704,1
19408,93.79296675,204.6391704,1
19409,93.79296675,204.6391704,1
19410,93.79296675,204.6391704,1
19411,93.79296675,204.6391704,1
19412,93.79296675,204.6391704,1
19413,93.79296675,204.6391704,1
19414,93.79296675,204.6391704,1
19415,93.79296675,204.6391704,1
19416,93.79296675,204.6391704,1
19417,93.79296675,204.6391704,1
19418,93.79296675,204.6391704,1
19419,93.79296675,204.6391704,1
19420,93.79296675,204.6391704,1
19421,93.79296675,204.6391704,1
19422,93.79296675,204.6391704,1
19423,93.79296675,204.6391704,1
19424,93.79296675,204.6391704,1
19425,93.79296675,204.6391704,1
19426,93.79296675,204.6391704,1
19427,93.79296675,204.6391704,1
19428,93.79296675,204.6391704,1
19429,93.79296675,204.6391704,1
19430,93.79296675,204.6391704,1
19431,93.79296675,204.6391704,1
19432,93.79296675,204.6391704,1
19433,93.79296675,204.6391704,1
19434,93.79296675,204.6391704,1
19435,93.79296675,204.6391704,1
19436,93.79296675,204.6391704,1
19437,93.79296675,204.6391704,1
19438,93.79296675,204.6391704,1
19439,93.79296675,204.6391704,1
19440,93.79296675,204.6391704,1
19441,93.79296675,204.6391704,1
19442,93.79296675,204.6391704,1
19443,93.79296675,204.6391704,1
19444,93.79296675,204.6391704,1
19445,93.79296675,204.6391704,1
19446,93.79296675,204.6391704,1
19447,93.79296675,204.6391704,1
19448,93.79296675,204.6391704,1
19449,93.79296675,204.6391704,1
19450,93.79296675,204.6391704,1
19451,93.79296696,204.6391704,1
19452,93.79296696,204.6391704,1
19453,93.79296696,204.6391704,1
19454,93.79296696,204.6391704,1
19455,93.79296696,204.6391704,1
19456,93.79296696,204.6391704,1
19457,93.79296696,204.6391704,1
19458,93.79296696,204.6391704,1
19459,93.79296696,204.6391704,1
19460,93.79296696,204.6391704,1
19461,93.79296696,204.6391704,1
19462,93.79296696,204.6391704,1
19463,93.79296696,204.6391704,1
19464,93.79296696,204.6391704,1
19465,93.79296696,204.6391704,1
19466,93.79296696,204.6391704,1
19467,93.79296696,204.6391704,1
19468,93.79296696,204.6391704,1
19469,93.79296696,204.6391704,1
19470,93.79296696,204.6391704,1
19471,93.79296696,204.6391704,1
19472,93.79296696,204.6391704,1
19473,93.79296696,204.6391704,1
19474,93.79296696,204.6391704,1
19475,93.79296696,204.6391704,1
19476,93.79296696,204.6391704,1
19477,93.79296696,204.6391704,1
19478,93.79296696,204.6391704,1
19479,93.79296696,204.6391704,1
19480,93.79296696,204.6391704,1
19481,93.79296696,204.6391704,1
19482,93.79296696,204.6391704,1
19483,93.79296696,204.6391704,1
19484,93.79296696,204.6391704,1
19485,93.79296696,204.6391704,1
19486,93.79296696,204.6391704,1
19487,93.79296696,204.6391704,1
19488,93.79296696,204.6391704,1
19489,93.79296696,204.6391704,1
19490,93.79296696,204.6391704,1
19491,93.79296696,204.6391704,1
19492,93.79296696,204.6391704,1
19493,93.79296696,204.6391704,1
19494,93.79296696,204.6391704,1
19495,93.79296696,204.6391704,1
19496,93.79296696,204.6391704,1
19497,93.79296696,204.6391704,1
19498,93.79296696,204.6391704,1
19499,93.79296696,204.6391704,1
19500,93.79296696,204.6391704,1
19501,93.79296689,204.6391704,1
19502,93.79296689,204.6391704,1
19503,93.79296689,204.6391704,1
19504,93.79296689,204.6391704,1
19505,93.79296689,204.6391704,1
19506,93.79296689,204.6391704,1
19507,93.79296689,204.6391704,1
19508,96.63517808,204.6391704,1
19509,96.63517808,204.6391704,1
19510,96.63517808,204.6391704,1
19511,96.63517808,204.6391704,1
19512,96.63517808,204.6391704,1
19513,96.63517808,204.6391704,1
19514,96.63517808,204.6391704,1
19515,96.63517808,204.6391704,1
19516,96.63517808,204.6391704,1
19517,96.63517808,204.6391704,1
19518,96.63517808,204.6391704,1
19519,96.63517808,204.6391704,1
19520,96.63517808,204.6391704,1
19521,96.63517808,204.6391704,1
19522,96.63517808,204.6391704,1
19523,96.63517808,204.6391704,1
19524,96.63517808,204.6391704,1
19525,96.63517808,204.6391704,1
19526,96.63517808,204.6391704,1
19527,96.63517808,204.6391704,1
19528,96.63517808,204.6391704,1
19529,96.63517808,204.6391704,1
19530,96.63517808,204.6391704,1
19531,96.63517808,204.6391704,1
19532,96.63517808,204.6391704,1
19533,96.63517808,204.6391704,1
19534,96.63517808,204.6391704,1
19535,96.63517808,204.6391704,1
19536,96.63517808,204.6391704,1
19537,96.63517808,204.6391704,1
19538,96.63517808,204.6391704,1
19539,96.63517808,204.6391704,1
19540,96.63517808,204.6391704,1
19541,96.63517808,204.6391704,1
19542,96.63517808,204.6391704,1
19543,96.63517808,204.6391704,1
19544,96.63517808,204.6391704,1
19545,96.63517808,204.6391704,1
19546,96.63517808,204.6391704,1
19547,96.63517808,204.6391704,1
19548,96.63517808,204.6391704,1
19549,96.63517808,204.6391704,1
19550,96.63517808,204.6391704,1
19551,96.63517808,204.6391704,1
19552,96.63517808,204.6391704,1
19553,96.63517808,204.6391704,1
19554,96.63517808,204.6391704,1
19555,96.63517808,204.6391704,1
19556,96.63517808,204.6391704,1
19557,96.63517808,204.6391704,1
19558,90.95075583,204.6391704,1
19559,90.95075583,201.7969597,1
19560,90.95075583,201.7969597,1
19561,90.95075583,201.7969597,1
19562,90.95075555,201.7969597,1
19563,90.95075555,201.7969597,1
19564,90.95075555,201.7969597,1
19565,90.95075555,201.7969597,1
19566,90.95075555,201.7969597,1
19567,90.95075555,201.7969597,1
19568,90.95075555,201.7969597,1
19569,90.95075555,201.7969597,1
19570,90.95075555,201.7969597,1
19571,90.95075555,201.7969597,1
19572,90.95075555,201.7969597,1
19573,90.95075555,201.7969597,1
19574,90.95075555,201.7969597,1
19575,90.95075555,201.7969597,1
19576,90.95075555,201.7969597,1
19577,90.95075555,201.7969597,1
19578,90.95075562,201.7969597,1
19579,90.95075562,201.7969597,1
19580,90.95075562,201.7969597,1
19581,90.95075562,201.7969597,1
19582,90.95075562,201.7969597,1
19583,96.63517794,201.7969597,1
19584,96.63517794,201.7969597,1
19585,96.63517794,201.7969597,1
19586,96.63517794,201.7969597,1
19587,96.63517794,201.7969597,1
19588,96.63517794,201.7969597,1
19589,96.63517794,207.4813811,1
19590,96.63517794,207.4813811,1
19591,96.63517794,207.4813811,1
19592,96.63517794,207.4813811,1
19593,96.63517794,207.4813811,1
19594,96.63517794,207.4813811,1
19595,96.63517794,207.4813811,1
19596,96.63517794,207.4813811,1
19597,96.63517794,207.4813811,1
19598,96.63517794,207.4813811,1
19599,96.63517794,207.4813811,1
19600,96.63517794,207.4813811,1
19601,96.63517794,207.4813811,1
19602,96.63517794,207.4813811,1
19603,96.63517794,207.4813811,1
19604,96.63517794,207.4813811,1
19605,96.63517794,207.4813811,1
19606,96.63517794,207.4813811,1
19607,96.63517794,207.4813811,1
19608,96.63517794,207.4813811,1
19609,96.63517794,207.4813811,1
19610,96.63517794,207.4813811,1
19611,96.63517794,207.4813811,1
19612,96.63517794,207.4813811,1
19613,96.63517794,207.4813811,1
19614,96.63517794,207.4813811,1
19615,96.63517794,207.4813811,1
19616,96.63517794,207.4813811,1
19617,96.63517794,207.4813811,1
19618,96.63517794,207.4813811,1
19619,96.63517794,207.4813811,1
19620,96.63517794,207.4813811,1
19621,96.63517794,207.4813811,1
19622,96.63517794,207.4813811,1
19623,96.63517794,207.4813811,1
19624,96.63517794,207.4813811,1
19625,96.63517794,207.4813811,1
19626,96.63517794,207.4813811,1
19627,96.63517794,207.4813811,1
19628,96.63517794,207.4813811,1
19629,96.63517794,207.4813811,1
19630,96.63517794,207.4813811,1
19631,96.63517794,207.4813811,1
19632,96.63517794,207.4813811,1
19633,90.95075548,207.4813811,1
19634,90.95075548,207.4813811,1
19635,90.95075548,207.4813811,1
19636,90.95075562,207.4813811,1
19637,90.95075562,207.4813811,1
19638,90.95075562,207.4813811,1
19639,90.95075562,204.6391704,1
19640,90.95075562,204.6391704,1
19641,90.95075562,204.6391704,1
19642,90.95075562,204.6391704,1
19643,93.79296667,204.6391704,1
19644,93.79296667,204.6391704,1
19645,93.79296667,204.6391704,1
19646,93.79296667,204.6391704,1
19647,93.79296667,204.6391704,1
19648,93.79296667,204.6391704,1
19649,93.79296667,204.6391704,1
19650,93.79296667,204.6391704,1
19651,93.79296682,204.6391704,1
19652,93.79296682,204.6391704,1
19653,93.79296682,204.6391704,1
19654,93.79296682,204.6391704,1
19655,93.79296682,204.6391704,1
19656,93.79296682,204.6391704,1
19657,93.79296682,204.6391704,1
19658,93.79296682,204.6391704,1
19659,93.79296682,204.6391704,1
19660,93.79296682,204.6391704,1
19661,93.79296682,204.6391704,1
19662,93.79296682,204.6391704,1
19663,93.79296682,204.6391704,1
19664,96.6351778,204.6391704,1
19665,96.6351778,204.6391704,1
19666,96.6351778,204.6391704,1
19667,96.6351778,204.6391704,1
19668,96.6351778,204.6391704,1
19669,96.6351778,204.6391704,1
19670,96.6351778,204.6391704,1
19671,96.6351778,204.6391704,1
19672,96.6351778,204.6391704,1
19673,96.6351778,201.7969597,1
19674,96.6351778,201.7969597,1
19675,96.6351778,201.7969597,1
19676,96.6351778,201.7969597,1
19677,96.6351778,201.7969597,1
19678,96.6351778,201.7969597,1
19679,96.6351778,201.7969597,1
19680,96.6351778,201.7969597,1
19681,96.6351778,201.7969597,1
19682,96.6351778,201.7969597,1
19683,96.6351778,201.7969597,1
19684,96.6351778,201.7969597,1
19685,96.6351778,201.7969597,1
19686,96.6351778,201.7969597,1
19687,96.6351778,201.7969597,1
19688,96.6351778,201.7969597,1
19689,96.6351778,201.7969597,1
19690,96.6351778,201.7969597,1
19691,96.6351778,201.7969597,1
19692,96.6351778,201.7969597,1
19693,96.6351778,201.7969597,1
19694,96.6351778,201.7969597,1
19695,96.6351778,201.7969597,1
19696,96.6351778,201.7969597,1
19697,96.6351778,201.7969597,1
19698,96.6351778,201.7969597,1
19699,96.6351778,201.7969597,1
19700,96.6351778,201.7969597,1
19701,96.6351778,201.7969597,1
19702,96.6351778,201.7969597,1
19703,96.6351778,201.7969597,1
19704,96.6351778,201.7969597,1
19705,96.6351778,201.7969597,1
19706,96.6351778,201.7969597,1
19707,96.6351778,201.7969597,1
19708,96.6351778,201.7969597,1
19709,96.6351778,201.7969597,1
19710,96.6351778,201.7969597,1
19711,96.6351778,201.7969597,1
19712,96.6351778,201.7969597,1
19713,96.6351778,201.7969597,1
19714,93.79296689,201.7969597,1
19715,93.79296689,201.7969597,1
19716,93.79296689,201.7969597,1
19717,93.79296689,201.7969597,1
19718,93.79296689,201.7969597,1
19719,93.79296689,201.7969597,1
19720,93.79296689,201.7969597,1
19721,93.79296689,201.7969597,1
19722,93.79296689,201.7969597,1
19723,93.79296689,201.7969597,1
19724,93.79296689,201.7969597,1
19725,93.79296689,201.7969597,1
19726,93.79296689,201.7969597,1
19727,93.79296689,201.7969597,1
19728,93.79296689,201.7969597,1
19729,93.79296689,201.7969597,1
19730,93.79296689,201.7969597,1
19731,93.79296689,201.7969597,1
19732,93.79296689,201.7969597,1
19733,93.79296689,201.7969597,1
19734,93.79296689,201.7969597,1
19735,93.79296689,201.7969597,1
19736,93.79296689,201.7969597,1
19737,93.79296689,201.7969597,1
19738,93.79296689,201.7969597,1
19739,93.79296689,201.7969597,1
19740,93.79296689,201.7969597,1
19741,93.79296689,201.7969597,1
19742,93.79296689,201.7969597,1
19743,93.79296689,201.7969597,1
19744,93.79296689,201.7969597,1
19745,93.79296689,201.7969597,1
19746,93.79296689,201.7969597,1
19747,93.79296689,201.7969597,1
19748,93.79296689,201.7969597,1
19749,93.79296689,201.7969597,1
19750,93.79296689,201.7969597,1
19751,93.79296689,201.7969597,1
19752,93.79296689,201.7969597,1
19753,93.79296689,201.7969597,1
19754,93.79296689,201.7969597,1
19755,93.79296689,201.7969597,1
19756,93.79296689,201.7969597,1
19757,93.79296689,201.7969597,1
19758,93.79296689,201.7969597,1
19759,93.79296689,201.7969597,1
19760,93.79296689,201.7969597,1
19761,93.79296689,201.7969597,1
19762,93.79296689,201.7969597,1
19763,93.79296689,201.7969597,1
19764,93.79296689,204.6391704,1
19765,93.79296689,204.6391704,1
19766,93.79296689,204.6391704,1
19767,93.79296689,204.6391704,1
19768,93.79296689,204.6391704,1
19769,93.79296667,204.6391704,1
19770,93.79296667,204.6391704,1
19771,93.79296667,204.6391704,1
19772,93.7929666,204.6391704,1
19773,93.7929666,204.6391704,1
19774,93.7929666,204.6391704,1
19775,93.7929666,204.6391704,1
19776,93.7929666,204.6391704,1
19777,93.7929666,204.6391704,1
19778,93.7929666,204.6391704,1
19779,96.63517787,204.6391704,1
19780,96.63517787,204.6391704,1
19781,96.63517787,204.6391704,1
19782,96.63517787,204.6391704,1
19783,96.63517787,204.6391704,1
19784,96.63517787,204.6391704,1
19785,96.63517787,204.6391704,1
19786,96.63517787,204.6391704,1
19787,96.63517787,204.6391704,1
19788,96.63517787,204.6391704,1
19789,96.63517787,204.6391704,1
19790,96.63517787,204.6391704,1
19791,96.63517787,204.6391704,1
19792,96.63517787,204.6391704,1
19793,96.63517787,204.6391704,1
19794,96.63517787,204.6391704,1
19795,96.63517787,204.6391704,1
19796,96.63517787,204.6391704,1
19797,96.63517787,204.6391704,1
19798,96.63517787,204.6391704,1
19799,96.63517787,204.6391704,1
19800,96.63517787,204.6391704,1
19801,96.63517787,204.6391704,1
19802,96.63517787,204.6391704,1
19803,96.63517787,204.6391704,1
19804,96.63517787,204.6391704,1
19805,96.63517787,204.6391704,1
19806,96.63517787,204.6391704,1
19807,96.63517787,204.6391704,1
19808,96.63517787,204.6391704,1
19809,96.63517787,204.6391704,1
19810,96.63517787,204.6391704,1
19811,96.63517787,204.6391704,1
19812,96.63517787,204.6391704,1
19813,96.63517787,204.6391704,1
19814,96.63517787,204.6391704,1
19815,96.63517787,204.6391704,1
19816,96.63517787,204.6391704,1
19817,96.63517787,204.6391704,1
19818,96.63517787,204.6391704,1
19819,96.63517787,204.6391704,1
19820,96.63517787,204.6391704,1
19821,96.63517787,204.6391704,1
19822,96.63517787,204.6391704,1
19823,96.63517787,204.6391704,1
19824,96.63517787,204.6391704,1
19825,96.63517787,204.6391704,1
19826,96.63517787,204.6391704,1
19827,96.63517787,204.6391704,1
19828,96.63517787,204.6391704,1
19829,96.63517773,204.6391704,1
19830,96.63517773,204.6391704,1
19831,96.63517773,204.6391704,1
19832,96.63517773,204.6391704,1
19833,96.63517773,204.6391704,1
19834,96.63517773,204.6391704,1
19835,96.63517773,204.6391704,1
19836,96.63517773,204.6391704,1
19837,96.63517773,204.6391704,1
19838,96.63517773,204.6391704,1
19839,96.63517773,204.6391704,1
19840,96.63517773,204.6391704,1
19841,96.63517773,204.6391704,1
19842,96.63517773,204.6391704,1
19843,96.63517773,204.6391704,1
19844,96.63517773,204.6391704,1
19845,96.63517773,204.6391704,1
19846,96.63517773,204.6391704,1
19847,96.63517773,204.6391704,1
19848,96.63517773,204.6391704,1
19849,96.63517773,204.6391704,1
19850,96.63517773,204.6391704,1
19851,96.63517773,204.6391704,1
19852,96.63517773,204.6391704,1
19853,96.63517773,204.6391704,1
19854,96.63517773,204.6391704,1
19855,96.63517773,204.6391704,1
19856,96.63517773,204.6391704,1
19857,96.63517773,204.6391704,1
19858,96.63517773,204.6391704,1
19859,96.63517773,204.6391704,1
19860,96.63517773,204.6391704,1
19861,96.63517773,204.6391704,1
19862,96.63517773,204.6391704,1
19863,96.63517773,204.6391704,1
19864,96.63517773,204.6391704,1
19865,96.63517773,204.6391704,1
19866,93.79296696,204.6391704,1
19867,93.79296696,204.6391704,1
19868,93.79296696,204.6391704,1
19869,93.79296696,204.6391704,1
19870,93.79296696,204.6391704,1
19871,93.79296696,204.6391704,1
19872,93.79296696,204.6391704,1
19873,93.79296696,204.6391704,1
19874,93.79296696,204.6391704,1
19875,93.79296696,204.6391704,1
19876,93.79296696,204.6391704,1
19877,93.79296696,204.6391704,1
19878,93.79296696,204.6391704,1
19879,93.79296696,204.6391704,1
19880,93.79296696,204.6391704,1
19881,93.79296696,204.6391704,1
19882,93.79296696,204.6391704,1
19883,93.79296696,204.6391704,1
19884,93.79296696,204.6391704,1
19885,96.63517787,204.6391704,1
19886,96.63517787,204.6391704,1
19887,96.63517787,204.6391704,1
19888,96.63517787,204.6391704,1
19889,96.63517787,204.6391704,1
19890,96.63517787,204.6391704,1
19891,96.63517787,204.6391704,1
19892,96.63517787,204.6391704,1
19893,96.63517787,204.6391704,1
19894,96.63517787,204.6391704,1
19895,96.63517787,204.6391704,1
19896,96.63517787,204.6391704,1
19897,96.63517787,204.6391704,1
19898,96.63517787,204.6391704,1
19899,96.63517787,204.6391704,1
19900,96.63517787,204.6391704,1
19901,96.63517787,204.6391704,1
19902,96.63517787,204.6391704,1
19903,96.63517787,204.6391704,1
19904,96.63517787,204.6391704,1
19905,96.63517787,204.6391704,1
19906,96.63517787,204.6391704,1
19907,96.63517787,204.6391704,1
19908,96.63517787,204.6391704,1
19909,96.63517787,204.6391704,1
19910,96.63517787,204.6391704,1
19911,96.63517787,204.6391704,1
19912,96.63517787,204.6391704,1
19913,96.63517787,204.6391704,1
19914,96.63517787,204.6391704,1
19915,96.63517787,204.6391704,1
19916,96.63517787,204.6391704,1
19917,96.63517787,204.6391704,1
19918,96.63517787,204.6391704,1
19919,96.63517787,204.6391704,1
19920,96.63517787,204.6391704,1
19921,96.63517787,204.6391704,1
19922,96.63517787,204.6391704,1
19923,96.63517787,204.6391704,1
19924,96.63517787,204.6391704,1
19925,96.63517787,204.6391704,1
19926,96.63517787,204.6391704,1
19927,96.63517787,204.6391704,1
19928,96.63517787,204.6391704,1
19929,96.63517787,204.6391704,1
19930,96.63517787,204.6391704,1
19931,96.63517787,204.6391704,1
19932,96.63517787,204.6391704,1
19933,96.63517787,204.6391704,1
19934,96.63517787,204.6391704,1
19935,96.63517766,204.6391704,1
19936,96.63517766,204.6391704,1
19937,96.63517766,204.6391704,1
19938,96.63517766,204.6391704,1
19939,96.63517766,204.6391704,1
19940,96.63517766,204.6391704,1
19941,96.63517766,204.6391704,1
19942,96.63517766,204.6391704,1
19943,96.63517766,204.6391704,1
19944,96.63517766,204.6391704,1
19945,96.63517766,204.6391704,1
19946,96.63517766,204.6391704,1
19947,96.63517766,204.6391704,1
19948,96.63517766,204.6391704,1
19949,96.63517766,204.6391704,1
19950,96.63517766,204.6391704,1
19951,96.63517766,204.6391704,1
19952,96.63517766,204.6391704,1
19953,96.63517766,204.6391704,1
19954,96.63517766,204.6391704,1
19955,96.63517766,204.6391704,1
19956,96.63517766,204.6391704,1
19957,96.63517766,204.6391704,1
19958,96.63517766,204.6391704,1
19959,96.63517766,204.6391704,1
19960,96.63517766,204.6391704,1
19961,96.63517766,204.6391704,1
19962,96.63517766,204.6391704,1
19963,96.63517766,204.6391704,1
19964,96.63517766,204.6391704,1
19965,93.79296696,204.6391704,1
19966,93.79296696,204.6391704,1
19967,93.79296696,204.6391704,1
19968,93.79296696,204.6391704,1
19969,93.79296696,204.6391704,1
19970,93.79296696,204.6391704,1
19971,93.79296696,204.6391704,1
19972,93.79296696,204.6391704,1
19973,93.79296696,204.6391704,1
19974,93.79296696,204.6391704,1
19975,93.79296696,204.6391704,1
19976,93.79296696,204.6391704,1
19977,93.79296696,204.6391704,1
19978,93.79296696,204.6391704,1
19979,93.79296696,204.6391704,1
19980,93.79296696,204.6391704,1
19981,93.79296696,204.6391704,1
19982,93.79296696,204.6391704,1
19983,93.79296696,204.6391704,1
19984,93.79296696,204.6391704,1
19985,93.79296696,204.6391704,1
19986,93.79296696,204.6391704,1
19987,93.79296696,204.6391704,1
19988,93.79296696,204.6391704,1
19989,93.79296696,204.6391704,1
19990,93.79296696,204.6391704,1
19991,93.79296696,204.6391704,1
19992,90.95075562,204.6391704,1
19993,90.95075562,204.6391704,1
19994,90.95075562,204.6391704,1
19995,90.95075562,204.6391704,1
19996,90.95075562,204.6391704,1
19997,90.95075562,204.6391704,1
19998,90.95075562,204.6391704,1
19999,90.95075562,204.6391704,1
20000,90.95075562,204.6391704,1
20001,93.79296689,204.6391704,1
20002,93.79296689,204.6391704,1
20003,93.79296689,204.6391704,1
20004,93.79296689,204.6391704,1
20005,93.79296689,204.6391704,1
20006,93.79296689,204.6391704,1
20007,93.79296689,204.6391704,1
20008,93.79296689,204.6391704,1
20009,93.79296689,204.6391704,1
20010,93.79296689,204.6391704,1
20011,93.79296689,204.6391704,1
20012,93.79296689,204.6391704,1
20013,93.79296689,204.6391704,1
20014,93.79296689,204.6391704,1
20015,93.79296689,204.6391704,1
20016,93.79296689,204.6391704,1
20017,93.79296689,204.6391704,1
20018,96.63517787,204.6391704,1
20019,96.63517787,204.6391704,1
20020,96.63517787,204.6391704,1
20021,96.63517787,204.6391704,1
20022,96.63517787,204.6391704,1
20023,96.63517787,204.6391704,1
20024,96.63517787,204.6391704,1
20025,96.63517787,204.6391704,1
20026,96.63517787,204.6391704,1
20027,96.63517787,204.6391704,1
20028,96.63517787,204.6391704,1
20029,96.63517787,204.6391704,1
20030,96.63517787,204.6391704,1
20031,96.63517787,204.6391704,1
20032,96.63517787,204.6391704,1
20033,96.63517787,204.6391704,1
20034,96.63517787,204.6391704,1
20035,96.63517787,201.7969597,1
20036,96.63517787,201.7969597,1
20037,96.63517787,201.7969597,1
20038,96.63517787,201.7969597,1
20039,96.63517787,201.7969597,1
20040,96.63517787,201.7969597,1
20041,96.63517787,201.7969597,1
20042,96.63517787,201.7969597,1
20043,96.63517787,201.7969597,1
20044,96.63517787,201.7969597,1
20045,96.63517787,201.7969597,1
20046,96.63517787,201.7969597,1
20047,96.63517787,201.7969597,1
20048,96.63517787,204.6391704,1
20049,96.63517787,204.6391704,1
20050,96.63517787,204.6391704,1
20051,96.63517787,204.6391704,1
20052,96.63517787,204.6391704,1
20053,96.63517787,204.6391704,1
20054,96.63517787,204.6391704,1
20055,96.63517787,204.6391704,1
20056,96.63517787,204.6391704,1
20057,96.63517787,204.6391704,1
20058,96.63517787,204.6391704,1
20059,96.63517787,204.6391704,1
20060,96.63517787,204.6391704,1
20061,96.63517787,204.6391704,1
20062,96.63517787,204.6391704,1
20063,96.63517787,204.6391704,1
20064,96.63517787,204.6391704,1
20065,96.63517787,204.6391704,1
20066,96.63517787,204.6391704,1
20067,96.63517787,204.6391704,1
20068,90.95075583,204.6391704,1
20069,90.95075583,204.6391704,1
20070,90.95075583,204.6391704,1
20071,90.95075583,204.6391704,1
20072,90.95075583,204.6391704,1
20073,90.95075583,204.6391704,1
20074,90.95075583,204.6391704,1
20075,90.95075583,204.6391704,1
20076,90.95075583,204.6391704,1
20077,90.95075583,204.6391704,1
20078,90.95075583,204.6391704,1
20079,93.79296667,204.6391704,1
20080,93.79296667,204.6391704,1
20081,93.79296667,204.6391704,1
20082,93.79296667,204.6391704,1
20083,93.79296667,204.6391704,1
20084,93.79296667,204.6391704,1
20085,93.79296667,204.6391704,1
20086,93.79296667,204.6391704,1
20087,93.79296667,204.6391704,1
20088,93.79296667,204.6391704,1
20089,93.79296667,204.6391704,1
20090,93.79296667,204.6391704,1
20091,93.79296667,204.6391704,1
20092,93.79296667,204.6391704,1
20093,93.79296667,204.6391704,1
20094,93.79296667,204.6391704,1
20095,93.79296667,204.6391704,1
20096,93.79296667,204.6391704,1
20097,93.79296667,204.6391704,1
20098,93.79296667,204.6391704,1
20099,93.79296667,204.6391704,1
20100,93.79296667,204.6391704,1
20101,93.79296667,204.6391704,1
20102,93.79296667,204.6391704,1
20103,93.79296667,204.6391704,1
20104,93.79296667,204.6391704,1
20105,93.79296667,204.6391704,1
20106,93.79296667,204.6391704,1
20107,93.79296667,204.6391704,1
20108,93.79296667,204.6391704,1
20109,93.79296667,204.6391704,1
20110,93.79296667,204.6391704,1
20111,93.79296667,204.6391704,1
20112,93.79296667,204.6391704,1
20113,93.79296667,204.6391704,1
20114,93.79296667,204.6391704,1
20115,93.79296675,207.4813811,1
20116,93.79296675,207.4813811,1
20117,93.79296675,207.4813811,1
20118,93.79296675,207.4813811,1
20119,93.79296675,207.4813811,1
20120,93.79296675,207.4813811,1
20121,93.79296675,207.4813811,1
20122,93.79296675,207.4813811,1
20123,93.79296675,207.4813811,1
20124,93.79296675,207.4813811,1
20125,93.79296675,207.4813811,1
20126,93.79296675,207.4813811,1
20127,93.79296675,207.4813811,1
20128,93.79296675,207.4813811,1
20129,93.79296675,207.4813811,1
20130,93.79296675,207.4813811,1
20131,93.79296675,207.4813811,1
20132,93.79296675,207.4813811,1
20133,93.79296689,207.4813811,1
20134,93.79296689,207.4813811,1
20135,93.79296689,207.4813811,1
20136,93.79296689,207.4813811,1
20137,93.79296689,207.4813811,1
20138,93.79296689,207.4813811,1
20139,93.79296689,207.4813811,1
20140,93.79296689,207.4813811,1
20141,93.79296689,207.4813811,1
20142,93.79296689,207.4813811,1
20143,93.79296689,207.4813811,1
20144,93.79296689,207.4813811,1
20145,93.79296689,207.4813811,1
20146,93.79296689,207.4813811,1
20147,93.79296689,207.4813811,1
20148,93.79296689,207.4813811,1
20149,93.79296689,207.4813811,1
20150,93.79296689,207.4813811,1
20151,93.79296689,207.4813811,1
20152,93.79296689,207.4813811,1
20153,93.79296689,207.4813811,1
20154,93.79296689,207.4813811,1
20155,93.79296689,207.4813811,1
20156,93.79296689,207.4813811,1
20157,93.79296689,207.4813811,1
20158,93.79296689,207.4813811,1
20159,93.79296689,207.4813811,1
20160,93.79296689,207.4813811,1
20161,93.79296689,207.4813811,1
20162,93.79296689,207.4813811,1
20163,93.79296689,207.4813811,1
20164,93.79296689,207.4813811,1
20165,93.79296689,204.6391704,1
20166,93.79296689,204.6391704,1
20167,93.79296689,204.6391704,1
20168,93.79296689,204.6391704,1
20169,93.79296689,204.6391704,1
20170,93.79296689,204.6391704,1
20171,93.79296689,204.6391704,1
20172,93.79296689,204.6391704,1
20173,93.79296689,204.6391704,1
20174,93.79296689,204.6391704,1
20175,93.79296689,204.6391704,1
20176,93.79296689,204.6391704,1
20177,93.79296689,204.6391704,1
20178,93.79296689,204.6391704,1
20179,93.79296689,204.6391704,1
20180,93.79296689,204.6391704,1
20181,93.79296689,204.6391704,1
20182,93.79296689,204.6391704,1
20183,93.79296689,204.6391704,1
20184,93.79296689,204.6391704,1
20185,93.79296689,204.6391704,1
20186,93.79296689,204.6391704,1
20187,93.79296689,204.6391704,1
20188,93.79296689,204.6391704,1
20189,93.79296689,204.6391704,1
20190,93.79296689,204.6391704,1
20191,93.79296689,204.6391704,1
20192,93.79296689,204.6391704,1
20193,93.79296689,204.6391704,1
20194,93.79296689,204.6391704,1
20195,93.79296689,204.6391704,1
20196,93.79296689,204.6391704,1
20197,93.79296689,204.6391704,1
20198,93.79296689,204.6391704,1
20199,93.79296689,204.6391704,1
20200,93.79296689,204.6391704,1
20201,93.79296689,204.6391704,1
20202,93.79296689,204.6391704,1
20203,93.79296689,204.6391704,1
20204,93.79296689,204.6391704,1
20205,93.79296689,204.6391704,1
20206,93.79296689,204.6391704,1
20207,93.79296689,204.6391704,1
20208,93.79296689,204.6391704,1
20209,93.79296689,204.6391704,1
20210,93.79296689,204.6391704,1
20211,93.79296689,204.6391704,1
20212,93.79296689,204.6391704,1
20213,93.79296689,204.6391704,1
20214,93.79296689,204.6391704,1
20215,93.79296689,204.6391704,1
20216,93.79296689,204.6391704,1
20217,93.79296689,204.6391704,1
20218,93.79296696,204.6391704,1
20219,93.79296696,204.6391704,1
20220,93.79296696,204.6391704,1
20221,93.79296696,204.6391704,1
20222,93.79296696,204.6391704,1
20223,93.79296696,204.6391704,1
20224,93.79296696,204.6391704,1
20225,93.79296696,204.6391704,1
20226,93.79296696,204.6391704,1
20227,93.79296696,204.6391704,1
20228,93.79296696,204.6391704,1
20229,93.79296696,204.6391704,1
20230,93.79296696,204.6391704,1
20231,93.79296696,204.6391704,1
20232,93.79296696,204.6391704,1
20233,93.79296696,204.6391704,1
20234,93.79296696,204.6391704,1
20235,93.79296696,204.6391704,1
20236,93.79296696,204.6391704,1
20237,93.79296696,204.6391704,1
20238,93.79296696,204.6391704,1
20239,93.79296696,204.6391704,1
20240,93.79296696,204.6391704,1
20241,96.63517801,204.6391704,1
20242,96.63517801,204.6391704,1
20243,96.63517801,204.6391704,1
20244,96.63517801,204.6391704,1
20245,96.63517801,204.6391704,1
20246,96.63517801,207.4813811,1
20247,96.63517801,207.4813811,1
20248,96.63517801,207.4813811,1
20249,96.63517801,207.4813811,1
20250,96.63517801,207.4813811,1
20251,96.63517801,207.4813811,1
20252,96.63517801,207.4813811,1
20253,96.63517801,207.4813811,1
20254,96.63517801,207.4813811,1
20255,96.63517801,207.4813811,1
20256,96.63517801,207.4813811,1
20257,96.63517801,207.4813811,1
20258,96.63517801,207.4813811,1
20259,96.63517801,207.4813811,1
20260,96.63517801,207.4813811,1
20261,96.63517801,207.4813811,1
20262,96.63517801,207.4813811,1
20263,96.63517801,207.4813811,1
20264,96.63517801,207.4813811,1
20265,96.63517801,207.4813811,1
20266,96.63517801,207.4813811,1
20267,96.63517801,207.4813811,1
20268,96.63517801,207.4813811,1
20269,96.63517801,207.4813811,1
20270,96.63517801,207.4813811,1
20271,96.63517801,207.4813811,1
20272,96.63517801,207.4813811,1
20273,96.63517801,207.4813811,1
20274,96.63517801,207.4813811,1
20275,96.63517801,207.4813811,1
20276,96.63517801,207.4813811,1
20277,96.63517801,207.4813811,1
20278,96.63517801,207.4813811,1
20279,96.63517801,207.4813811,1
20280,96.63517801,207.4813811,1
20281,96.63517801,207.4813811,1
20282,96.63517801,207.4813811,1
20283,96.63517801,207.4813811,1
20284,96.63517801,207.4813811,1
20285,96.63517801,207.4813811,1
20286,96.63517801,207.4813811,1
20287,96.63517801,207.4813811,1
20288,96.63517801,207.4813811,1
20289,96.63517801,207.4813811,1
20290,96.63517801,207.4813811,1
20291,93.79296696,207.4813811,1
20292,93.79296667,207.4813811,1
20293,93.79296667,207.4813811,1
20294,93.79296667,207.4813811,1
20295,93.79296667,207.4813811,1
20296,93.79296667,204.6391704,1
20297,93.79296667,204.6391704,1
20298,93.79296667,204.6391704,1
20299,93.79296667,204.6391704,1
20300,96.6351778,204.6391704,1
20301,96.6351778,204.6391704,1
20302,96.6351778,204.6391704,1
20303,96.6351778,204.6391704,1
20304,96.6351778,204.6391704,1
20305,96.6351778,204.6391704,1
20306,96.6351778,204.6391704,1
20307,96.6351778,204.6391704,1
20308,96.6351778,204.6391704,1
20309,96.6351778,204.6391704,1
20310,96.6351778,204.6391704,1
20311,96.6351778,204.6391704,1
20312,96.6351778,204.6391704,1
20313,96.6351778,204.6391704,1
20314,96.6351778,204.6391704,1
20315,96.6351778,204.6391704,1
20316,96.6351778,204.6391704,1
20317,96.6351778,204.6391704,1
20318,96.6351778,204.6391704,1
20319,96.6351778,204.6391704,1
20320,96.6351778,204.6391704,1
20321,96.6351778,204.6391704,1
20322,96.6351778,204.6391704,1
20323,96.6351778,204.6391704,1
20324,96.6351778,204.6391704,1
20325,96.6351778,204.6391704,1
20326,96.6351778,204.6391704,1
20327,96.6351778,204.6391704,1
20328,96.6351778,204.6391704,1
20329,96.6351778,204.6391704,1
20330,96.6351778,204.6391704,1
20331,96.6351778,204.6391704,1
20332,96.6351778,204.6391704,1
20333,96.6351778,204.6391704,1
20334,96.6351778,204.6391704,1
20335,96.6351778,204.6391704,1
20336,96.6351778,204.6391704,1
20337,96.6351778,204.6391704,1
20338,96.6351778,204.6391704,1
20339,96.6351778,204.6391704,1
20340,96.6351778,204.6391704,1
20341,96.6351778,204.6391704,1
20342,96.6351778,204.6391704,1
20343,96.6351778,204.6391704,1
20344,96.6351778,204.6391704,1
20345,96.6351778,204.6391704,1
20346,96.6351778,204.6391704,1
20347,96.63517801,204.6391704,1
20348,96.63517801,204.6391704,1
20349,96.63517801,204.6391704,1
20350,96.63517801,204.6391704,1
20351,96.63517801,204.6391704,1
20352,96.63517801,204.6391704,1
20353,96.63517801,204.6391704,1
20354,96.63517801,204.6391704,1
20355,96.63517801,204.6391704,1
20356,96.63517801,204.6391704,1
20357,96.63517801,204.6391704,1
20358,96.63517801,204.6391704,1
20359,96.63517801,204.6391704,1
20360,96.63517801,204.6391704,1
20361,96.63517801,204.6391704,1
20362,96.63517801,204.6391704,1
20363,96.63517801,204.6391704,1
20364,96.63517801,204.6391704,1
20365,96.63517801,204.6391704,1
20366,96.63517801,204.6391704,1
20367,96.63517801,204.6391704,1
20368,96.63517801,204.6391704,1
20369,96.63517801,204.6391704,1
20370,96.63517801,204.6391704,1
20371,96.63517801,204.6391704,1
20372,96.63517801,204.6391704,1
20373,96.63517801,204.6391704,1
20374,96.63517801,204.6391704,1
20375,96.63517801,204.6391704,1
20376,96.63517801,204.6391704,1
20377,96.63517801,204.6391704,1
20378,96.63517801,204.6391704,1
20379,96.63517801,204.6391704,1
20380,96.63517801,204.6391704,1
20381,96.63517801,204.6391704,1
20382,96.63517801,204.6391704,1
20383,96.63517801,204.6391704,1
20384,96.63517801,204.6391704,1
20385,96.63517801,204.6391704,1
20386,96.63517801,204.6391704,1
20387,96.63517801,204.6391704,1
20388,96.63517801,204.6391704,1
20389,96.63517801,204.6391704,1
20390,96.63517801,204.6391704,1
20391,96.63517801,204.6391704,1
20392,96.63517801,204.6391704,1
20393,96.63517801,204.6391704,1
20394,96.63517801,204.6391704,1
20395,96.63517801,204.6391704,1
20396,96.63517801,204.6391704,1
20397,93.79296667,204.6391704,1
20398,93.79296667,204.6391704,1
20399,93.79296667,204.6391704,1
20400,93.79296667,204.6391704,1
20401,88.10854471,204.6391704,1
20402,88.10854471,204.6391704,1
20403,88.10854471,204.6391704,1
20404,88.10854471,204.6391704,1
20405,88.10854471,204.6391704,1
20406,88.10854471,204.6391704,1
20407,88.10854471,204.6391704,1
20408,88.10854471,204.6391704,1
