,Voltage,Current,Action
0,14.21105562,11.3688428,0
1,19.89547787,11.3688428,0
2,19.89547787,11.3688428,0
3,39.79095567,11.3688428,0
4,39.79095567,11.3688428,0
5,39.79095567,25.5798963,0
6,39.79095567,25.5798963,0
7,42.63316679,25.5798963,0
8,42.63316679,36.9487391,0
9,42.63316679,36.9487391,0
10,42.63316679,36.9487391,0
11,59.68643354,36.9487391,0
12,59.68643354,36.9487391,0
13,59.68643354,36.9487391,0
14,59.68643354,36.9487391,0
15,62.52864466,45.4753712,0
16,62.52864466,45.4753712,0
17,65.37085572,45.4753712,0
18,65.37085572,45.4753712,0
19,65.37085572,45.4753712,0
20,79.58191134,45.4753712,0
21,82.42412246,45.4753712,0
22,82.42412246,45.4753712,0
23,82.42412246,45.4753712,0
24,82.42412246,45.4753712,0
25,82.42412246,45.4753712,0
26,82.42412246,45.4753712,0
27,82.42412246,45.4753712,0
28,82.42412246,45.4753712,0
29,82.42412246,45.4753712,0
30,82.42412246,45.4753712,0
31,82.42412246,45.4753712,0
32,82.42412246,45.4753712,0
33,82.42412246,45.4753712,0
34,82.42412246,45.4753712,0
35,82.42412246,45.4753712,0
36,82.42412246,45.4753712,0
37,82.42412246,45.4753712,0
38,82.42412246,45.4753712,0
39,82.42412246,45.4753712,0
40,82.42412246,45.4753712,0
41,82.42412246,45.4753712,0
42,82.42412246,45.4753712,0
43,82.42412246,45.4753712,0
44,82.42412246,45.4753712,0
45,82.42412246,45.4753712,0
46,82.42412246,45.4753712,0
47,82.42412246,45.4753712,0
48,82.42412246,45.4753712,0
49,82.42412246,48.3175819,0
50,82.42412246,48.3175819,0
51,82.42412246,48.3175819,0
52,82.42412246,48.3175819,0
53,82.42412246,48.3175819,0
54,82.42412246,48.3175819,0
55,82.42412246,48.3175819,0
56,82.42412246,48.3175819,0
57,82.42412246,48.3175819,0
58,82.42412246,48.3175819,0
59,82.42412246,48.3175819,0
60,82.42412246,48.3175819,0
61,82.42412246,48.3175819,0
62,82.42412246,48.3175819,0
63,82.42412246,48.3175819,0
64,82.42412246,48.3175819,0
65,82.42412246,48.3175819,0
66,82.42412246,48.3175819,0
67,82.42412246,48.3175819,0
68,82.42412246,48.3175819,0
69,82.42412246,48.3175819,0
70,82.42412246,48.3175819,0
71,79.58191134,48.3175819,0
72,79.58191134,48.3175819,0
73,79.58191134,48.3175819,0
74,79.58191134,48.3175819,0
75,79.58191134,48.3175819,0
76,79.58191134,48.3175819,0
77,85.26633358,48.3175819,0
78,85.26633358,48.3175819,0
79,85.26633358,48.3175819,0
80,93.79296696,48.3175819,0
81,93.79296696,48.3175819,0
82,93.79296696,48.3175819,0
83,102.3196003,48.3175819,0
84,102.3196003,56.844214,0
85,102.3196003,62.5286354,0
86,102.3196003,62.5286354,0
87,102.3196003,62.5286354,0
88,102.3196003,62.5286354,0
89,102.3196003,62.5286354,0
90,116.5306559,62.5286354,0
91,116.5306559,71.0552675,0
92,116.5306559,71.0552675,0
93,116.5306559,73.8974782,0
94,116.5306559,73.8974782,0
95,122.2150781,73.8974782,0
96,122.2150781,73.8974782,0
97,122.2150781,73.8974782,0
98,122.2150781,79.5818996,0
99,122.2150781,79.5818996,0
100,122.2150781,85.266321,0
101,122.2150781,85.266321,0
102,127.8995004,85.266321,0
103,127.8995004,85.266321,0
104,133.5839226,85.266321,0
105,133.5839226,85.266321,0
106,142.110556,85.266321,0
107,142.110556,85.266321,0
108,142.110556,85.266321,0
109,142.110556,96.6351638,0
110,142.110556,96.6351638,0
111,142.110556,96.6351638,0
112,142.110556,96.6351638,0
113,142.110556,96.6351638,0
114,142.110556,96.6351638,0
115,142.110556,96.6351638,0
116,142.110556,96.6351638,0
117,142.110556,96.6351638,0
118,142.110556,96.6351638,0
119,142.110556,96.6351638,0
120,142.110556,96.6351638,0
121,142.110556,96.6351638,0
122,142.110556,102.3195852,0
123,142.110556,105.1617959,0
124,142.110556,105.1617959,0
125,142.110556,105.1617959,0
126,142.110556,105.1617959,0
127,142.110556,105.1617959,0
128,142.110556,105.1617959,0
129,142.110556,105.1617959,0
130,142.110556,105.1617959,0
131,142.110556,105.1617959,0
132,142.110556,105.1617959,0
133,142.110556,105.1617959,0
134,142.110556,105.1617959,0
135,142.110556,105.1617959,0
136,142.110556,105.1617959,0
137,142.110556,105.1617959,0
138,142.110556,105.1617959,0
139,142.110556,105.1617959,0
140,142.110556,105.1617959,0
141,142.110556,105.1617959,0
142,142.110556,105.1617959,0
143,142.110556,105.1617959,0
144,142.110556,105.1617959,0
145,142.110556,105.1617959,0
146,142.110556,105.1617959,0
147,142.110556,105.1617959,0
148,142.110556,105.1617959,0
149,142.110556,105.1617959,0
150,142.110556,105.1617959,0
151,142.110556,105.1617959,0
152,142.110556,105.1617959,0
153,142.110556,105.1617959,0
154,142.110556,105.1617959,0
155,142.110556,105.1617959,0
156,142.110556,105.1617959,0
157,142.110556,105.1617959,0
158,142.110556,105.1617959,0
159,142.110556,105.1617959,0
160,142.110556,105.1617959,0
161,142.110556,105.1617959,0
162,142.110556,105.1617959,0
163,142.110556,105.1617959,0
164,142.110556,105.1617959,0
165,142.110556,105.1617959,0
166,142.110556,105.1617959,0
167,142.110556,105.1617959,0
168,127.8995004,105.1617959,0
169,127.8995004,105.1617959,0
170,127.8995004,105.1617959,0
171,127.8995004,105.1617959,0
172,127.8995004,105.1617959,0
173,127.8995004,102.3195852,0
174,127.8995004,102.3195852,0
175,127.8995004,102.3195852,0
176,127.8995004,102.3195852,0
177,127.8995004,102.3195852,0
178,127.8995004,102.3195852,0
179,127.8995004,102.3195852,0
180,127.8995004,102.3195852,0
181,127.8995004,102.3195852,0
182,127.8995004,102.3195852,0
183,125.0572893,102.3195852,0
184,125.0572893,102.3195852,0
185,125.0572893,102.3195852,0
186,116.5306559,102.3195852,0
187,116.5306559,113.688428,0
188,116.5306559,113.688428,0
189,116.5306559,113.688428,0
190,127.8995004,113.688428,0
191,127.8995004,113.688428,0
192,127.8995004,116.5306387,0
193,127.8995004,119.3728494,0
194,127.8995004,119.3728494,0
195,133.5839226,119.3728494,0
196,133.5839226,119.3728494,0
197,133.5839226,119.3728494,0
198,133.5839226,119.3728494,0
199,133.5839226,119.3728494,0
200,133.5839226,119.3728494,0
201,133.5839226,119.3728494,0
202,133.5839226,125.0572708,0
203,133.5839226,125.0572708,0
204,139.2683449,125.0572708,0
205,139.2683449,125.0572708,0
206,139.2683449,125.0572708,0
207,139.2683449,125.0572708,0
208,139.2683449,125.0572708,0
209,142.110556,125.0572708,0
210,142.110556,139.2683243,0
211,142.110556,139.2683243,0
212,144.9527671,139.2683243,0
213,144.9527671,139.2683243,0
214,147.7949782,139.2683243,0
215,147.7949782,142.110535,0
216,147.7949782,142.110535,0
217,150.6371893,142.110535,0
218,150.6371893,142.110535,0
219,150.6371893,142.110535,0
220,150.6371893,142.110535,0
221,150.6371893,142.110535,0
222,150.6371893,142.110535,0
223,150.6371893,142.110535,0
224,150.6371893,144.9527457,0
225,150.6371893,144.9527457,0
226,156.3216115,144.9527457,0
227,156.3216115,144.9527457,0
228,156.3216115,144.9527457,0
229,156.3216115,144.9527457,0
230,156.3216115,153.4793778,0
231,156.3216115,159.1637992,0
232,156.3216115,159.1637992,0
233,156.3216115,159.1637992,0
234,156.3216115,159.1637992,0
235,156.3216115,159.1637992,0
236,156.3216115,162.0060099,0
237,159.1638227,162.0060099,0
238,159.1638227,162.0060099,0
239,159.1638227,162.0060099,0
240,167.690456,162.0060099,0
241,167.690456,162.0060099,0
242,167.690456,162.0060099,0
243,170.5326672,162.0060099,0
244,170.5326672,162.0060099,0
245,170.5326672,162.0060099,0
246,170.5326672,162.0060099,0
247,170.5326672,162.0060099,0
248,170.5326672,162.0060099,0
249,173.3748783,162.0060099,0
250,173.3748783,162.0060099,0
251,176.2170894,162.0060099,0
252,176.2170894,162.0060099,0
253,179.0593005,162.0060099,0
254,179.0593005,162.0060099,0
255,179.0593005,179.0592741,0
256,179.0593005,179.0592741,0
257,179.0593005,179.0592741,0
258,179.0593005,179.0592741,0
259,190.428145,181.9014848,0
260,190.428145,181.9014848,0
261,190.428145,181.9014848,0
262,190.428145,181.9014848,0
263,190.428145,193.2703276,0
264,190.428145,193.2703276,0
265,190.428145,193.2703276,0
266,190.428145,193.2703276,0
267,190.428145,193.2703276,0
268,190.428145,193.2703276,0
269,190.428145,193.2703276,0
270,190.428145,193.2703276,0
271,190.428145,193.2703276,0
272,190.428145,193.2703276,0
273,190.428145,196.1125383,0
274,193.2703561,196.1125383,0
275,193.2703561,196.1125383,0
276,193.2703561,201.7969597,0
277,213.165834,201.7969597,0
278,213.165834,201.7969597,0
279,213.165834,201.7969597,0
280,213.165834,201.7969597,0
281,221.6924673,201.7969597,0
282,221.6924673,204.6391704,0
283,221.6924673,204.6391704,0
284,221.6924673,204.6391704,0
285,221.6924673,204.6391704,0
286,221.6924673,213.1658025,0
287,221.6924673,213.1658025,0
288,221.6924673,213.1658025,0
289,221.6924673,213.1658025,0
290,221.6924673,213.1658025,0
291,221.6924673,213.1658025,0
292,221.6924673,213.1658025,0
293,221.6924673,213.1658025,0
294,221.6924673,213.1658025,0
295,221.6924673,213.1658025,0
296,221.6924673,213.1658025,0
297,221.6924673,213.1658025,0
298,221.6924673,213.1658025,0
299,221.6924673,213.1658025,0
300,221.6924673,213.1658025,0
301,221.6924673,213.1658025,0
302,221.6924673,213.1658025,0
303,221.6924673,213.1658025,0
304,221.6924673,213.1658025,0
305,224.5346784,213.1658025,0
306,224.5346784,213.1658025,0
307,224.5346784,213.1658025,0
308,224.5346784,213.1658025,0
309,224.5346784,213.1658025,0
310,224.5346784,213.1658025,0
311,224.5346784,213.1658025,0
312,224.5346784,213.1658025,0
313,224.5346784,213.1658025,0
314,224.5346784,213.1658025,0
315,224.5346784,213.1658025,0
316,224.5346784,213.1658025,0
317,224.5346784,213.1658025,0
318,224.5346784,213.1658025,0
319,224.5346784,213.1658025,0
320,224.5346784,213.1658025,0
321,224.5346784,213.1658025,0
322,224.5346784,213.1658025,0
323,224.5346784,216.0080132,0
324,224.5346784,216.0080132,0
325,224.5346784,216.0080132,0
326,224.5346784,216.0080132,0
327,224.5346784,216.0080132,0
328,224.5346784,216.0080132,0
329,224.5346784,216.0080132,0
330,224.5346784,216.0080132,0
331,227.3768895,216.0080132,0
332,227.3768895,216.0080132,0
333,227.3768895,216.0080132,0
334,227.3768895,218.8502239,0
335,227.3768895,218.8502239,0
336,227.3768895,218.8502239,0
337,227.3768895,218.8502239,0
338,227.3768895,218.8502239,0
339,227.3768895,218.8502239,0
340,227.3768895,218.8502239,0
341,227.3768895,218.8502239,0
342,227.3768895,218.8502239,0
343,227.3768895,218.8502239,0
344,227.3768895,218.8502239,0
345,227.3768895,218.8502239,0
346,227.3768895,218.8502239,0
347,227.3768895,218.8502239,0
348,227.3768895,218.8502239,0
349,227.3768895,218.8502239,0
350,227.3768895,218.8502239,0
351,227.3768895,218.8502239,0
352,227.3768895,218.8502239,0
353,227.3768895,218.8502239,0
354,227.3768895,218.8502239,0
355,227.3768895,218.8502239,0
356,227.3768895,218.8502239,0
357,227.3768895,218.8502239,0
358,227.3768895,218.8502239,0
359,227.3768895,218.8502239,0
360,227.3768895,218.8502239,0
361,227.3768895,218.8502239,0
362,227.3768895,218.8502239,0
363,227.3768895,218.8502239,0
364,227.3768895,218.8502239,0
365,227.3768895,218.8502239,0
366,227.3768895,218.8502239,0
367,227.3768895,218.8502239,0
368,227.3768895,218.8502239,0
369,227.3768895,218.8502239,0
370,227.3768895,218.8502239,0
371,227.3768895,218.8502239,0
372,227.3768895,218.8502239,0
373,227.3768895,218.8502239,0
374,227.3768895,218.8502239,0
375,227.3768895,218.8502239,0
376,227.3768895,218.8502239,0
377,227.3768895,218.8502239,0
378,227.3768895,218.8502239,0
379,227.3768895,218.8502239,0
380,227.3768895,218.8502239,0
381,227.3768895,218.8502239,0
382,227.3768895,218.8502239,0
383,227.3768895,218.8502239,0
384,227.3768895,216.0080132,0
385,227.3768895,216.0080132,0
386,227.3768895,216.0080132,0
387,227.3768895,216.0080132,0
388,227.3768895,216.0080132,0
389,227.3768895,216.0080132,0
390,227.3768895,216.0080132,0
391,227.3768895,216.0080132,0
392,227.3768895,216.0080132,0
393,227.3768895,216.0080132,0
394,227.3768895,216.0080132,0
395,227.3768895,216.0080132,0
396,227.3768895,216.0080132,0
397,227.3768895,216.0080132,0
398,227.3768895,216.0080132,0
399,227.3768895,216.0080132,0
400,227.3768895,216.0080132,0
401,227.3768895,216.0080132,0
402,227.3768895,216.0080132,0
403,227.3768895,216.0080132,0
404,227.3768895,216.0080132,0
405,227.3768895,216.0080132,0
406,227.3768895,216.0080132,0
407,227.3768895,216.0080132,0
408,227.3768895,216.0080132,0
409,227.3768895,216.0080132,0
410,227.3768895,216.0080132,0
411,227.3768895,216.0080132,0
412,227.3768895,216.0080132,0
413,227.3768895,216.0080132,0
414,227.3768895,216.0080132,0
415,227.3768895,216.0080132,0
416,227.3768895,216.0080132,0
417,227.3768895,216.0080132,0
418,227.3768895,216.0080132,0
419,227.3768895,216.0080132,0
420,227.3768895,216.0080132,0
421,227.3768895,216.0080132,0
422,227.3768895,216.0080132,0
423,227.3768895,216.0080132,0
424,227.3768895,216.0080132,0
425,227.3768895,216.0080132,0
426,227.3768895,216.0080132,0
427,227.3768895,216.0080132,0
428,227.3768895,216.0080132,0
429,227.3768895,216.0080132,0
430,227.3768895,216.0080132,0
431,227.3768895,216.0080132,0
432,227.3768895,216.0080132,0
433,227.3768895,216.0080132,0
434,227.3768895,216.0080132,0
435,227.3768895,213.1658025,0
436,224.5346785,213.1658025,0
437,224.5346785,213.1658025,0
438,224.5346785,213.1658025,0
439,224.5346785,213.1658025,0
440,224.5346785,213.1658025,0
441,224.5346785,213.1658025,0
442,224.5346785,213.1658025,0
443,224.5346785,204.6391704,0
444,224.5346785,204.6391704,0
445,224.5346785,204.6391704,0
446,224.5346785,204.6391704,0
447,224.5346785,204.6391704,0
448,207.4814117,204.6391704,0
449,207.4814117,204.6391704,0
450,207.4814117,204.6391704,0
451,207.4814117,204.6391704,0
452,207.4814117,204.6391704,0
453,190.428145,204.6391704,0
454,190.428145,204.6391704,0
455,190.428145,204.6391704,0
456,190.428145,204.6391704,0
457,190.428145,204.6391704,0
458,181.9015117,198.954749,0
459,181.9015117,198.954749,0
460,181.9015117,198.954749,0
461,173.3748783,198.954749,0
462,173.3748783,187.5859062,0
463,173.3748783,187.5859062,0
464,173.3748783,187.5859062,0
465,173.3748783,187.5859062,0
466,173.3748783,187.5859062,0
467,173.3748783,187.5859062,0
468,173.3748783,187.5859062,0
469,173.3748783,187.5859062,0
470,164.8482449,187.5859062,0
471,164.8482449,187.5859062,0
472,150.6371894,187.5859062,0
473,150.6371894,187.5859062,0
474,150.6371894,187.5859062,0
475,150.6371894,187.5859062,0
476,150.6371894,187.5859062,0
477,150.6371894,187.5859062,0
478,150.6371894,184.7436955,0
479,150.6371894,184.7436955,0
480,150.6371894,184.7436955,0
481,150.6371894,184.7436955,0
482,150.6371894,181.9014848,0
483,150.6371894,181.9014848,0
484,150.6371894,181.9014848,0
485,150.6371894,181.9014848,0
486,150.6371894,181.9014848,0
487,150.6371894,181.9014848,0
488,150.6371894,181.9014848,0
489,150.6371894,181.9014848,0
490,150.6371894,187.5859062,0
491,150.6371894,187.5859062,0
492,150.6371894,187.5859062,0
493,150.6371894,187.5859062,0
494,150.6371893,187.5859062,0
495,150.6371893,187.5859062,0
496,142.110556,187.5859062,0
497,142.110556,187.5859062,0
498,142.110556,187.5859062,0
499,142.110556,187.5859062,0
500,142.110556,187.5859062,0
501,142.110556,187.5859062,0
502,142.110556,187.5859062,0
503,142.110556,187.5859062,0
504,142.110556,187.5859062,0
505,142.110556,187.5859062,0
506,142.110556,187.5859062,0
507,142.110556,190.4281169,0
508,142.110556,190.4281169,0
509,142.110556,190.4281169,0
510,142.110556,190.4281169,0
511,142.110556,190.4281169,0
512,142.110556,190.4281169,0
513,142.110556,190.4281169,0
514,142.110556,190.4281169,0
515,142.110556,190.4281169,0
516,142.110556,190.4281169,0
517,142.110556,190.4281169,0
518,142.110556,190.4281169,0
519,142.110556,190.4281169,0
520,142.110556,190.4281169,0
521,142.110556,190.4281169,0
522,142.110556,190.4281169,0
523,142.110556,190.4281169,0
524,142.110556,190.4281169,0
525,142.110556,190.4281169,0
526,142.110556,190.4281169,0
527,142.110556,190.4281169,0
528,142.110556,190.4281169,0
529,142.110556,190.4281169,0
530,142.110556,190.4281169,0
531,136.4261337,190.4281169,0
532,136.4261337,190.4281169,0
533,136.4261337,190.4281169,0
534,136.4261337,190.4281169,0
535,136.4261337,190.4281169,0
536,136.4261337,196.1125383,0
537,136.4261337,196.1125383,0
538,136.4261337,196.1125383,0
539,136.4261337,196.1125383,0
540,136.4261337,196.1125383,0
541,136.4261337,196.1125383,0
542,136.4261337,196.1125383,0
543,136.4261337,196.1125383,0
544,136.4261337,196.1125383,0
545,136.4261337,196.1125383,0
546,136.4261337,196.1125383,0
547,136.4261337,196.1125383,0
548,136.4261337,196.1125383,0
549,136.4261337,196.1125383,0
550,136.4261337,196.1125383,0
551,136.4261337,196.1125383,0
552,136.4261337,196.1125383,0
553,136.4261337,198.954749,0
554,136.4261337,198.954749,0
555,136.4261337,198.954749,0
556,136.4261337,198.954749,0
557,136.4261337,198.954749,0
558,136.4261337,201.7969597,0
559,136.4261337,201.7969597,0
560,136.4261337,201.7969597,0
561,136.4261337,201.7969597,0
562,136.4261337,201.7969597,0
563,136.4261337,201.7969597,0
564,136.4261337,201.7969597,0
565,136.4261337,201.7969597,0
566,136.4261337,201.7969597,0
567,136.4261337,201.7969597,0
568,136.4261337,201.7969597,0
569,136.4261337,201.7969597,0
570,136.4261337,201.7969597,0
571,136.4261337,204.6391704,0
572,136.4261337,204.6391704,0
573,136.4261337,204.6391704,0
574,136.4261337,204.6391704,0
575,136.4261337,204.6391704,0
576,136.4261337,204.6391704,0
577,136.4261337,204.6391704,0
578,136.4261337,204.6391704,0
579,136.4261337,204.6391704,0
580,136.4261337,204.6391704,0
581,136.4261337,204.6391704,0
582,136.4261337,204.6391704,0
583,136.4261337,204.6391704,0
584,136.4261337,204.6391704,0
585,136.4261337,204.6391704,0
586,136.4261337,204.6391704,0
587,136.4261337,204.6391704,0
588,136.4261337,204.6391704,0
589,136.4261337,204.6391704,0
590,136.4261337,204.6391704,0
591,136.4261337,204.6391704,0
592,136.4261337,204.6391704,0
593,136.4261337,204.6391704,0
594,136.4261337,204.6391704,0
595,136.4261337,204.6391704,0
596,136.4261337,204.6391704,0
597,136.4261337,204.6391704,0
598,136.4261337,204.6391704,0
599,136.4261337,204.6391704,0
600,136.4261337,204.6391704,0
601,136.4261337,204.6391704,0
602,136.4261337,207.4813811,0
603,136.4261337,207.4813811,0
604,136.4261337,207.4813811,0
605,136.4261337,207.4813811,0
606,136.4261337,207.4813811,0
607,136.4261337,207.4813811,0
608,133.5839226,207.4813811,0
609,133.5839226,207.4813811,0
610,133.5839226,207.4813811,0
611,133.5839226,207.4813811,0
612,133.5839226,207.4813811,0
613,133.5839226,207.4813811,0
614,133.5839226,207.4813811,0
615,133.5839226,207.4813811,0
616,133.5839226,207.4813811,0
617,133.5839226,207.4813811,0
618,133.5839226,207.4813811,0
619,133.5839226,207.4813811,0
620,133.5839226,207.4813811,0
621,133.5839226,207.4813811,0
622,133.5839226,207.4813811,0
623,133.5839226,207.4813811,0
624,133.5839226,207.4813811,0
625,133.5839226,207.4813811,0
626,133.5839226,207.4813811,0
627,133.5839226,207.4813811,0
628,133.5839226,207.4813811,0
629,133.5839226,207.4813811,0
630,133.5839226,207.4813811,0
631,133.5839226,207.4813811,0
632,133.5839226,207.4813811,0
633,133.5839226,207.4813811,0
634,133.5839226,207.4813811,0
635,133.5839226,207.4813811,0
636,133.5839226,207.4813811,0
637,133.5839226,207.4813811,0
638,133.5839226,207.4813811,0
639,133.5839226,207.4813811,0
640,133.5839226,207.4813811,0
641,133.5839226,207.4813811,0
642,133.5839226,207.4813811,0
643,133.5839226,207.4813811,0
644,133.5839226,207.4813811,0
645,133.5839226,207.4813811,0
646,133.5839226,207.4813811,0
647,133.5839226,207.4813811,0
648,133.5839226,207.4813811,0
649,133.5839226,207.4813811,0
650,133.5839226,207.4813811,0
651,133.5839226,207.4813811,0
652,133.5839226,204.6391704,0
653,133.5839226,204.6391704,0
654,133.5839226,204.6391704,0
655,133.5839226,204.6391704,0
656,133.5839226,204.6391704,0
657,133.5839226,204.6391704,0
658,133.5839226,204.6391704,0
659,133.5839226,204.6391704,0
660,133.5839226,204.6391704,0
661,133.5839226,204.6391704,0
662,133.5839226,204.6391704,0
663,133.5839226,204.6391704,0
664,133.5839226,204.6391704,0
665,133.5839226,204.6391704,0
666,133.5839226,204.6391704,0
667,133.5839226,204.6391704,0
668,133.5839226,204.6391704,0
669,133.5839226,204.6391704,0
670,133.5839226,204.6391704,0
671,133.5839226,204.6391704,0
672,133.5839226,204.6391704,0
673,133.5839226,204.6391704,0
674,133.5839226,204.6391704,0
675,133.5839226,204.6391704,0
676,133.5839226,204.6391704,0
677,133.5839226,204.6391704,0
678,133.5839226,204.6391704,0
679,133.5839226,204.6391704,0
680,130.7417115,204.6391704,0
681,130.7417115,204.6391704,0
682,130.7417115,204.6391704,0
683,130.7417115,204.6391704,0
684,130.7417115,204.6391704,0
685,130.7417115,204.6391704,0
686,130.7417115,204.6391704,0
687,130.7417115,204.6391704,0
688,130.7417115,207.4813811,0
689,130.7417115,207.4813811,0
690,130.7417115,207.4813811,0
691,130.7417115,207.4813811,0
692,130.7417115,207.4813811,0
693,130.7417115,207.4813811,0
694,130.7417115,207.4813811,0
695,130.7417115,207.4813811,0
696,130.7417115,207.4813811,0
697,130.7417115,207.4813811,0
698,130.7417115,207.4813811,0
699,130.7417115,207.4813811,0
700,130.7417115,207.4813811,0
701,130.7417115,207.4813811,0
702,130.7417115,207.4813811,0
703,130.7417115,207.4813811,0
704,130.7417115,207.4813811,0
705,130.7417115,207.4813811,0
706,130.7417115,207.4813811,0
707,130.7417115,207.4813811,0
708,142.1105559,207.4813811,0
709,142.1105559,207.4813811,0
710,142.1105559,207.4813811,0
711,142.1105559,207.4813811,0
712,142.1105559,207.4813811,0
713,142.1105559,207.4813811,0
714,142.1105559,207.4813811,0
715,142.1105559,207.4813811,0
716,142.1105559,210.3235918,0
717,142.1105559,210.3235918,0
718,142.1105559,210.3235918,0
719,142.1105559,210.3235918,0
720,142.1105559,210.3235918,0
721,142.1105559,210.3235918,0
722,142.1105559,210.3235918,0
723,142.1105559,210.3235918,0
724,142.1105559,210.3235918,0
725,142.1105559,210.3235918,0
726,142.1105559,210.3235918,0
727,142.1105559,210.3235918,0
728,142.1105559,210.3235918,0
729,142.1105559,210.3235918,0
730,142.1105559,210.3235918,0
731,142.1105559,210.3235918,0
732,142.1105559,210.3235918,0
733,142.1105559,210.3235918,0
734,142.1105559,210.3235918,0
735,142.1105559,210.3235918,0
736,142.1105559,210.3235918,0
737,142.1105559,210.3235918,0
738,142.1105559,210.3235918,0
739,142.1105559,210.3235918,0
740,142.1105559,210.3235918,0
741,142.1105559,210.3235918,0
742,142.1105559,210.3235918,0
743,142.1105559,210.3235918,0
744,142.1105559,210.3235918,0
745,142.1105559,210.3235918,0
746,142.1105559,210.3235918,0
747,142.1105559,210.3235918,0
748,142.1105559,210.3235918,0
749,142.1105559,210.3235918,0
750,142.1105559,210.3235918,0
751,142.1105559,210.3235918,0
752,142.1105559,210.3235918,0
753,142.1105559,210.3235918,0
754,142.1105559,210.3235918,0
755,142.1105559,210.3235918,0
756,142.1105559,210.3235918,0
757,142.1105559,210.3235918,0
758,139.2683449,210.3235918,0
759,127.8995004,210.3235918,0
760,127.8995004,210.3235918,0
761,127.8995004,210.3235918,0
762,127.8995004,210.3235918,0
763,127.8995004,210.3235918,0
764,127.8995004,210.3235918,0
765,127.8995004,210.3235918,0
766,125.0572893,207.4813811,0
767,125.0572893,207.4813811,0
768,127.8995004,207.4813811,0
769,127.8995004,207.4813811,0
770,127.8995004,207.4813811,0
771,127.8995004,207.4813811,0
772,127.8995004,207.4813811,0
773,127.8995004,207.4813811,0
774,127.8995004,207.4813811,0
775,127.8995004,207.4813811,0
776,127.8995004,207.4813811,0
777,127.8995004,207.4813811,0
778,127.8995004,207.4813811,0
779,127.8995004,207.4813811,0
780,127.8995004,207.4813811,0
781,127.8995004,207.4813811,0
782,127.8995004,207.4813811,0
783,127.8995004,207.4813811,0
784,127.8995004,207.4813811,0
785,127.8995004,204.6391704,0
786,127.8995004,204.6391704,0
787,127.8995004,204.6391704,0
788,127.8995004,210.3235918,0
789,127.8995004,210.3235918,0
790,127.8995004,210.3235918,0
791,127.8995004,210.3235918,0
792,127.8995004,210.3235918,0
793,127.8995004,210.3235918,0
794,127.8995004,210.3235918,0
795,127.8995004,210.3235918,0
796,127.8995004,210.3235918,0
797,127.8995004,210.3235918,0
798,127.8995004,210.3235918,0
799,127.8995004,210.3235918,0
800,127.8995004,210.3235918,0
801,127.8995004,210.3235918,0
802,127.8995004,210.3235918,0
803,127.8995004,210.3235918,0
804,127.8995004,210.3235918,0
805,127.8995004,210.3235918,0
806,127.8995004,210.3235918,0
807,127.8995004,210.3235918,0
808,127.8995004,210.3235918,0
809,127.8995004,210.3235918,0
810,127.8995004,210.3235918,0
811,127.8995004,210.3235918,0
812,127.8995004,210.3235918,0
813,127.8995004,210.3235918,0
814,127.8995004,210.3235918,0
815,127.8995004,210.3235918,0
816,127.8995004,210.3235918,0
817,127.8995004,210.3235918,0
818,125.0572893,210.3235918,0
819,125.0572893,210.3235918,0
820,125.0572893,210.3235918,0
821,125.0572893,210.3235918,0
822,125.0572893,210.3235918,0
823,125.0572893,210.3235918,0
824,125.0572893,210.3235918,0
825,125.0572893,210.3235918,0
826,125.0572893,210.3235918,0
827,125.0572893,210.3235918,0
828,122.2150781,210.3235918,0
829,122.2150781,210.3235918,0
830,122.2150781,210.3235918,0
831,122.2150781,210.3235918,0
832,122.2150781,210.3235918,0
833,122.2150781,210.3235918,0
834,122.2150781,210.3235918,0
835,122.2150781,210.3235918,0
836,122.2150781,210.3235918,0
837,122.2150781,210.3235918,0
838,122.2150781,207.4813811,0
839,122.2150781,207.4813811,0
840,125.0572893,207.4813811,0
841,125.0572893,207.4813811,0
842,125.0572893,207.4813811,0
843,125.0572893,207.4813811,0
844,125.0572893,207.4813811,0
845,125.0572893,207.4813811,0
846,125.0572893,207.4813811,0
847,125.0572893,207.4813811,0
848,125.0572893,207.4813811,0
849,125.0572893,207.4813811,0
850,125.0572893,207.4813811,0
851,125.0572893,207.4813811,0
852,125.0572893,207.4813811,0
853,125.0572893,207.4813811,0
854,125.0572893,204.6391704,0
855,125.0572893,204.6391704,0
856,125.0572893,204.6391704,0
857,125.0572893,204.6391704,0
858,125.0572893,204.6391704,0
859,125.0572893,204.6391704,0
860,125.0572893,204.6391704,0
861,125.0572893,204.6391704,0
862,125.0572893,204.6391704,0
863,125.0572893,204.6391704,0
864,125.0572893,204.6391704,0
865,125.0572893,204.6391704,0
866,125.0572893,204.6391704,0
867,125.0572893,204.6391704,0
868,125.0572893,204.6391704,0
869,125.0572893,204.6391704,0
870,125.0572893,204.6391704,0
871,125.0572893,204.6391704,0
872,125.0572893,204.6391704,0
873,125.0572893,204.6391704,0
874,125.0572893,204.6391704,0
875,125.0572893,204.6391704,0
876,125.0572893,204.6391704,0
877,125.0572893,204.6391704,0
878,125.0572893,204.6391704,0
879,125.0572893,204.6391704,0
880,125.0572893,204.6391704,0
881,125.0572893,204.6391704,0
882,125.0572893,204.6391704,0
883,125.0572893,204.6391704,0
884,125.0572893,204.6391704,0
885,125.0572893,204.6391704,0
886,125.0572893,204.6391704,0
887,125.0572893,204.6391704,0
888,125.0572893,204.6391704,0
889,125.0572893,204.6391704,0
890,125.0572893,204.6391704,0
891,125.0572893,204.6391704,0
892,125.0572893,204.6391704,0
893,125.0572893,204.6391704,0
894,125.0572893,204.6391704,0
895,125.0572893,204.6391704,0
896,125.0572893,204.6391704,0
897,125.0572893,204.6391704,0
898,125.0572893,204.6391704,0
899,125.0572893,204.6391704,0
900,125.0572893,204.6391704,0
901,125.0572893,204.6391704,0
902,125.0572893,204.6391704,0
903,125.0572893,204.6391704,0
904,125.0572893,207.4813811,0
905,125.0572893,207.4813811,0
906,125.0572893,207.4813811,0
907,125.0572893,207.4813811,0
908,125.0572893,207.4813811,0
909,125.0572893,207.4813811,0
910,125.0572893,207.4813811,0
911,125.0572893,207.4813811,0
912,125.0572893,207.4813811,0
913,125.0572893,207.4813811,0
914,125.0572893,207.4813811,0
915,125.0572893,207.4813811,0
916,125.0572893,207.4813811,0
917,125.0572893,207.4813811,0
918,125.0572893,207.4813811,0
919,125.0572893,207.4813811,0
920,125.0572893,207.4813811,0
921,125.0572893,207.4813811,0
922,125.0572893,207.4813811,0
923,125.0572893,207.4813811,0
924,125.0572893,207.4813811,0
925,125.0572893,207.4813811,0
926,125.0572893,207.4813811,0
927,125.0572893,207.4813811,0
928,125.0572893,207.4813811,0
929,125.0572893,207.4813811,0
930,122.2150781,207.4813811,0
931,122.2150781,207.4813811,0
932,122.2150781,207.4813811,0
933,122.2150781,207.4813811,0
934,122.2150781,207.4813811,0
935,122.2150781,207.4813811,0
936,122.2150781,207.4813811,0
937,122.2150781,207.4813811,0
938,122.2150781,207.4813811,0
939,122.2150781,207.4813811,0
940,122.2150781,207.4813811,0
941,122.2150781,207.4813811,0
942,122.2150781,207.4813811,0
943,122.2150781,207.4813811,0
944,122.2150781,207.4813811,0
945,122.2150781,207.4813811,0
946,122.2150781,207.4813811,0
947,122.2150781,207.4813811,0
948,122.2150781,207.4813811,0
949,122.2150781,207.4813811,0
950,122.2150781,207.4813811,0
951,122.2150781,207.4813811,0
952,122.2150781,207.4813811,0
953,122.2150781,207.4813811,0
954,125.0572893,207.4813811,0
955,125.0572893,207.4813811,0
956,125.0572893,207.4813811,0
957,125.0572893,207.4813811,0
958,125.0572893,207.4813811,0
959,125.0572893,207.4813811,0
960,125.0572893,207.4813811,0
961,125.0572893,207.4813811,0
962,125.0572893,207.4813811,0
963,125.0572893,207.4813811,0
964,125.0572893,207.4813811,0
965,125.0572893,207.4813811,0
966,125.0572893,207.4813811,0
967,125.0572893,207.4813811,0
968,125.0572893,207.4813811,0
969,125.0572893,207.4813811,0
970,125.0572893,207.4813811,0
971,125.0572893,207.4813811,0
972,125.0572893,207.4813811,0
973,125.0572893,207.4813811,0
974,125.0572893,207.4813811,0
975,125.0572893,207.4813811,0
976,125.0572893,207.4813811,0
977,125.0572893,207.4813811,0
978,125.0572893,207.4813811,0
979,125.0572893,207.4813811,0
980,125.0572893,207.4813811,0
981,125.0572893,207.4813811,0
982,125.0572893,207.4813811,0
983,125.0572893,207.4813811,0
984,125.0572893,207.4813811,0
985,125.0572893,207.4813811,0
986,125.0572893,207.4813811,0
987,125.0572893,207.4813811,0
988,125.0572893,207.4813811,0
989,125.0572893,207.4813811,0
990,125.0572893,207.4813811,0
991,125.0572893,207.4813811,0
992,125.0572893,207.4813811,0
993,125.0572893,207.4813811,0
994,125.0572893,207.4813811,0
995,125.0572893,207.4813811,0
996,125.0572893,207.4813811,0
997,125.0572893,207.4813811,0
998,125.0572893,207.4813811,0
999,125.0572893,207.4813811,0
1000,125.0572893,207.4813811,0
1001,125.0572893,207.4813811,0
1002,125.0572893,207.4813811,0
1003,125.0572893,207.4813811,0
1004,122.2150781,207.4813811,0
1005,122.2150781,207.4813811,0
1006,122.2150781,207.4813811,0
1007,122.2150781,207.4813811,0
1008,122.2150781,207.4813811,0
1009,122.2150781,207.4813811,0
1010,122.2150781,207.4813811,0
1011,122.2150781,207.4813811,0
1012,122.2150781,207.4813811,0
1013,122.2150781,207.4813811,0
1014,122.2150781,207.4813811,0
1015,122.2150781,207.4813811,0
1016,122.2150781,207.4813811,0
1017,122.2150781,207.4813811,0
1018,122.2150781,207.4813811,0
1019,122.2150781,207.4813811,0
1020,122.2150781,207.4813811,0
1021,122.2150781,207.4813811,0
1022,122.2150781,207.4813811,0
1023,122.2150781,207.4813811,0
1024,122.2150781,207.4813811,0
1025,122.2150781,207.4813811,0
1026,122.2150781,207.4813811,0
1027,122.2150781,207.4813811,0
1028,122.2150781,207.4813811,0
1029,122.2150781,207.4813811,0
1030,122.2150781,207.4813811,0
1031,122.2150781,207.4813811,0
1032,122.2150781,207.4813811,0
1033,122.2150781,207.4813811,0
1034,122.2150781,207.4813811,0
1035,122.2150781,210.3235918,0
1036,122.2150781,210.3235918,0
1037,122.2150781,210.3235918,0
1038,122.2150781,210.3235918,0
1039,122.2150781,210.3235918,0
1040,122.2150781,210.3235918,0
1041,122.2150781,210.3235918,0
1042,122.2150781,210.3235918,0
1043,122.2150781,210.3235918,0
1044,122.2150781,210.3235918,0
1045,122.2150781,210.3235918,0
1046,122.2150781,210.3235918,0
1047,122.2150781,210.3235918,0
1048,122.2150781,210.3235918,0
1049,122.2150781,210.3235918,0
1050,122.2150781,210.3235918,0
1051,122.2150781,210.3235918,0
1052,122.2150781,210.3235918,0
1053,122.2150781,210.3235918,0
1054,122.2150781,210.3235918,0
1055,122.2150781,210.3235918,0
1056,122.2150781,210.3235918,0
1057,122.2150781,210.3235918,0
1058,122.2150781,210.3235918,0
1059,122.2150781,210.3235918,0
1060,122.2150781,210.3235918,0
1061,122.2150781,210.3235918,0
1062,122.2150781,210.3235918,0
1063,122.2150781,210.3235918,0
1064,122.2150781,210.3235918,0
1065,122.2150781,210.3235918,0
1066,122.2150781,210.3235918,0
1067,122.2150781,210.3235918,0
1068,122.2150781,210.3235918,0
1069,122.2150781,210.3235918,0
1070,122.2150781,210.3235918,0
1071,122.2150781,210.3235918,0
1072,122.2150781,210.3235918,0
1073,122.2150781,210.3235918,0
1074,122.2150781,210.3235918,0
1075,122.2150781,210.3235918,0
1076,122.2150781,210.3235918,0
1077,122.2150781,210.3235918,0
1078,122.2150781,210.3235918,0
1079,122.2150781,210.3235918,0
1080,122.2150781,210.3235918,0
1081,122.2150781,210.3235918,0
1082,122.2150781,210.3235918,0
1083,122.2150781,210.3235918,0
1084,122.2150781,210.3235918,0
1085,122.2150781,207.4813811,0
1086,122.2150781,207.4813811,0
1087,122.2150781,207.4813811,0
1088,122.2150781,207.4813811,0
1089,122.2150781,207.4813811,0
1090,122.2150781,207.4813811,0
1091,122.2150781,207.4813811,0
1092,122.2150781,207.4813811,0
1093,122.2150781,207.4813811,0
1094,122.2150781,207.4813811,0
1095,122.2150781,207.4813811,0
1096,122.2150781,207.4813811,0
1097,122.2150781,207.4813811,0
1098,122.2150781,207.4813811,0
1099,122.2150781,204.6391704,0
1100,122.2150781,204.6391704,0
1101,122.2150781,204.6391704,0
1102,122.2150781,204.6391704,0
1103,122.2150781,204.6391704,0
1104,122.2150781,204.6391704,0
1105,122.2150781,204.6391704,0
1106,122.2150781,204.6391704,0
1107,122.2150781,204.6391704,0
1108,122.2150781,207.4813811,0
1109,122.2150781,207.4813811,0
1110,122.2150781,207.4813811,0
1111,122.2150781,207.4813811,0
1112,122.2150781,207.4813811,0
1113,122.2150781,207.4813811,0
1114,122.2150781,207.4813811,0
1115,122.2150781,207.4813811,0
1116,122.2150781,207.4813811,0
1117,122.2150781,207.4813811,0
1118,122.2150781,207.4813811,0
1119,122.2150781,207.4813811,0
1120,122.2150781,207.4813811,0
1121,122.2150781,207.4813811,0
1122,122.2150781,207.4813811,0
1123,122.2150781,207.4813811,0
1124,122.2150781,207.4813811,0
1125,122.2150781,207.4813811,0
1126,122.2150781,207.4813811,0
1127,122.2150781,207.4813811,0
1128,122.2150781,207.4813811,0
1129,122.2150781,207.4813811,0
1130,122.2150781,207.4813811,0
1131,122.2150781,207.4813811,0
1132,122.2150781,207.4813811,0
1133,122.2150781,207.4813811,0
1134,122.2150781,207.4813811,0
1135,122.2150781,207.4813811,0
1136,122.2150781,207.4813811,0
1137,122.2150781,207.4813811,0
1138,122.2150781,207.4813811,0
1139,122.2150781,207.4813811,0
1140,122.2150781,207.4813811,0
1141,122.2150781,207.4813811,0
1142,122.2150781,207.4813811,0
1143,122.2150781,207.4813811,0
1144,122.2150781,207.4813811,0
1145,113.6884448,207.4813811,0
1146,113.6884448,207.4813811,0
1147,113.6884448,207.4813811,0
1148,113.6884448,207.4813811,0
1149,119.372867,207.4813811,0
1150,119.372867,207.4813811,0
1151,119.372867,207.4813811,0
1152,119.372867,207.4813811,0
1153,119.372867,207.4813811,0
1154,119.372867,207.4813811,0
1155,119.372867,207.4813811,0
1156,119.372867,207.4813811,0
1157,119.372867,207.4813811,0
1158,119.372867,204.6391704,0
1159,119.372867,204.6391704,0
1160,119.372867,204.6391704,0
1161,119.372867,204.6391704,0
1162,119.372867,204.6391704,0
1163,119.372867,204.6391704,0
1164,119.372867,204.6391704,0
1165,119.372867,204.6391704,0
1166,119.372867,204.6391704,0
1167,119.372867,204.6391704,0
1168,119.372867,204.6391704,0
1169,119.372867,204.6391704,0
1170,119.372867,204.6391704,0
1171,119.372867,204.6391704,0
1172,119.372867,204.6391704,0
1173,119.372867,204.6391704,0
1174,119.372867,204.6391704,0
1175,119.372867,204.6391704,0
1176,119.372867,204.6391704,0
1177,119.372867,204.6391704,0
1178,119.372867,204.6391704,0
1179,119.372867,204.6391704,0
1180,119.372867,204.6391704,0
1181,119.372867,204.6391704,0
1182,119.372867,204.6391704,0
1183,119.372867,204.6391704,0
1184,119.372867,204.6391704,0
1185,119.372867,204.6391704,0
1186,119.372867,204.6391704,0
1187,119.372867,204.6391704,0
1188,119.372867,204.6391704,0
1189,119.372867,204.6391704,0
1190,119.372867,204.6391704,0
1191,119.372867,204.6391704,0
1192,119.372867,204.6391704,0
1193,119.372867,204.6391704,0
1194,119.372867,204.6391704,0
1195,119.372867,204.6391704,0
1196,119.372867,204.6391704,0
1197,119.372867,204.6391704,0
1198,119.372867,204.6391704,0
1199,116.5306559,204.6391704,0
1200,116.5306559,204.6391704,0
1201,116.5306559,204.6391704,0
1202,116.5306559,204.6391704,0
1203,116.5306559,204.6391704,0
1204,116.5306559,204.6391704,0
1205,116.5306559,204.6391704,0
1206,116.5306559,204.6391704,0
1207,116.5306559,204.6391704,0
1208,116.5306559,204.6391704,0
1209,116.5306559,204.6391704,0
1210,116.5306559,204.6391704,0
1211,116.5306559,204.6391704,0
1212,116.5306559,204.6391704,0
1213,116.5306559,207.4813811,0
1214,116.5306559,207.4813811,0
1215,116.5306559,207.4813811,0
1216,116.5306559,207.4813811,0
1217,116.5306559,207.4813811,0
1218,116.5306559,207.4813811,0
1219,116.5306559,207.4813811,0
1220,116.5306559,207.4813811,0
1221,116.5306559,207.4813811,0
1222,116.5306559,207.4813811,0
1223,116.5306559,207.4813811,0
1224,116.5306559,207.4813811,0
1225,116.5306559,207.4813811,0
1226,116.5306559,207.4813811,0
1227,116.5306559,207.4813811,0
1228,116.5306559,207.4813811,0
1229,116.5306559,207.4813811,0
1230,116.5306559,207.4813811,0
1231,116.5306559,207.4813811,0
1232,116.5306559,207.4813811,0
1233,116.5306559,207.4813811,0
1234,116.5306559,207.4813811,0
1235,116.5306559,207.4813811,0
1236,116.5306559,207.4813811,0
1237,116.5306559,207.4813811,0
1238,116.5306559,207.4813811,0
1239,116.5306559,207.4813811,0
1240,116.5306559,207.4813811,0
1241,116.5306559,207.4813811,0
1242,116.5306559,207.4813811,0
1243,116.5306559,207.4813811,0
1244,116.5306559,207.4813811,0
1245,116.5306559,207.4813811,0
1246,116.5306559,207.4813811,0
1247,116.5306559,207.4813811,0
1248,116.5306559,207.4813811,0
1249,116.5306559,207.4813811,0
1250,116.5306559,207.4813811,0
1251,116.5306559,207.4813811,0
1252,116.5306559,207.4813811,0
1253,119.372867,207.4813811,0
1254,119.372867,207.4813811,0
1255,119.372867,207.4813811,0
1256,119.372867,207.4813811,0
1257,119.372867,207.4813811,0
1258,119.372867,207.4813811,0
1259,119.372867,207.4813811,0
1260,119.372867,207.4813811,0
1261,119.372867,207.4813811,0
1262,119.372867,207.4813811,0
1263,119.372867,207.4813811,0
1264,119.372867,207.4813811,0
1265,119.372867,207.4813811,0
1266,119.372867,207.4813811,0
1267,119.372867,207.4813811,0
1268,119.372867,207.4813811,0
1269,119.372867,207.4813811,0
1270,119.372867,207.4813811,0
1271,119.372867,207.4813811,0
1272,119.372867,207.4813811,0
1273,119.372867,207.4813811,0
1274,119.372867,207.4813811,0
1275,119.372867,207.4813811,0
1276,119.372867,207.4813811,0
1277,119.372867,207.4813811,0
1278,119.372867,207.4813811,0
1279,119.372867,207.4813811,0
1280,119.372867,207.4813811,0
1281,119.372867,207.4813811,0
1282,119.372867,207.4813811,0
1283,119.372867,207.4813811,0
1284,119.372867,207.4813811,0
1285,119.372867,207.4813811,0
1286,119.372867,207.4813811,0
1287,122.2150781,207.4813811,0
1288,122.2150781,207.4813811,0
1289,122.2150781,207.4813811,0
1290,122.2150781,207.4813811,0
1291,122.2150781,207.4813811,0
1292,122.2150781,207.4813811,0
1293,122.2150781,207.4813811,0
1294,122.2150781,207.4813811,0
1295,122.2150781,207.4813811,0
1296,122.2150781,207.4813811,0
1297,122.2150781,207.4813811,0
1298,122.2150781,207.4813811,0
1299,122.2150781,207.4813811,0
1300,122.2150781,207.4813811,0
1301,122.2150781,207.4813811,0
1302,122.2150781,207.4813811,0
1303,122.2150781,207.4813811,0
1304,122.2150781,207.4813811,0
1305,122.2150781,207.4813811,0
1306,122.2150781,207.4813811,0
1307,122.2150781,207.4813811,0
1308,122.2150781,207.4813811,0
1309,122.2150781,207.4813811,0
1310,122.2150781,207.4813811,0
1311,122.2150781,207.4813811,0
1312,122.2150781,207.4813811,0
1313,122.2150781,207.4813811,0
1314,122.2150781,207.4813811,0
1315,122.2150781,207.4813811,0
1316,122.2150781,207.4813811,0
1317,122.2150781,207.4813811,0
1318,122.2150781,207.4813811,0
1319,122.2150781,207.4813811,0
1320,122.2150781,207.4813811,0
1321,122.2150781,207.4813811,0
1322,122.2150781,207.4813811,0
1323,122.2150781,207.4813811,0
1324,122.2150781,207.4813811,0
1325,122.2150781,207.4813811,0
1326,122.2150781,207.4813811,0
1327,122.2150781,207.4813811,0
1328,122.2150781,207.4813811,0
1329,122.2150781,207.4813811,0
1330,122.2150781,207.4813811,0
1331,122.2150781,207.4813811,0
1332,122.2150781,207.4813811,0
1333,122.2150781,207.4813811,0
1334,122.2150781,207.4813811,0
1335,122.2150781,207.4813811,0
1336,122.2150781,207.4813811,0
1337,119.372867,207.4813811,0
1338,119.372867,207.4813811,0
1339,119.372867,207.4813811,0
1340,119.372867,207.4813811,0
1341,119.372867,207.4813811,0
1342,119.372867,207.4813811,0
1343,119.372867,207.4813811,0
1344,119.372867,207.4813811,0
1345,119.372867,207.4813811,0
1346,119.372867,207.4813811,0
1347,119.372867,207.4813811,0
1348,119.372867,207.4813811,0
1349,119.372867,207.4813811,0
1350,119.372867,207.4813811,0
1351,119.372867,207.4813811,0
1352,119.372867,207.4813811,0
1353,119.372867,207.4813811,0
1354,119.372867,207.4813811,0
1355,119.372867,207.4813811,0
1356,119.372867,207.4813811,0
1357,119.372867,207.4813811,0
1358,119.372867,207.4813811,0
1359,119.372867,207.4813811,0
1360,119.372867,207.4813811,0
1361,119.372867,207.4813811,0
1362,119.372867,207.4813811,0
1363,119.372867,207.4813811,0
1364,119.372867,207.4813811,0
1365,119.372867,207.4813811,0
1366,119.372867,207.4813811,0
1367,119.372867,207.4813811,0
1368,119.372867,207.4813811,0
1369,119.372867,207.4813811,0
1370,119.372867,207.4813811,0
1371,119.372867,207.4813811,0
1372,119.372867,207.4813811,0
1373,119.372867,207.4813811,0
1374,119.372867,207.4813811,0
1375,119.372867,207.4813811,0
1376,119.372867,207.4813811,0
1377,119.372867,207.4813811,0
1378,119.372867,207.4813811,0
1379,119.372867,207.4813811,0
1380,119.372867,207.4813811,0
1381,119.372867,207.4813811,0
1382,119.372867,207.4813811,0
1383,119.372867,207.4813811,0
1384,119.372867,207.4813811,0
1385,119.372867,207.4813811,0
1386,119.372867,207.4813811,0
1387,119.372867,207.4813811,0
1388,119.372867,207.4813811,0
1389,119.372867,207.4813811,0
1390,119.372867,207.4813811,0
1391,119.372867,207.4813811,0
1392,119.372867,207.4813811,0
1393,119.372867,207.4813811,0
1394,119.372867,207.4813811,0
1395,119.372867,207.4813811,0
1396,119.372867,207.4813811,0
1397,119.372867,207.4813811,0
1398,119.372867,207.4813811,0
1399,119.372867,207.4813811,0
1400,119.372867,207.4813811,0
1401,119.372867,207.4813811,0
1402,119.372867,207.4813811,0
1403,119.372867,207.4813811,0
1404,119.372867,207.4813811,0
1405,119.372867,207.4813811,0
1406,119.372867,207.4813811,0
1407,119.372867,207.4813811,0
1408,119.372867,207.4813811,0
1409,119.372867,207.4813811,0
1410,119.372867,207.4813811,0
1411,119.372867,207.4813811,0
1412,119.372867,207.4813811,0
1413,119.372867,207.4813811,0
1414,119.372867,207.4813811,0
1415,119.372867,207.4813811,0
1416,119.372867,207.4813811,0
1417,119.372867,207.4813811,0
1418,119.372867,207.4813811,0
1419,119.372867,207.4813811,0
1420,119.372867,207.4813811,0
1421,119.372867,207.4813811,0
1422,119.372867,207.4813811,0
1423,119.372867,207.4813811,0
1424,119.372867,207.4813811,0
1425,119.372867,207.4813811,0
1426,119.372867,207.4813811,0
1427,119.372867,207.4813811,0
1428,119.372867,207.4813811,0
1429,119.372867,207.4813811,0
1430,119.372867,207.4813811,0
1431,119.372867,207.4813811,0
1432,119.372867,207.4813811,0
1433,119.372867,207.4813811,0
1434,119.372867,207.4813811,0
1435,119.372867,207.4813811,0
1436,119.372867,207.4813811,0
1437,119.372867,207.4813811,0
1438,119.372867,204.6391704,0
1439,119.372867,204.6391704,0
1440,119.372867,204.6391704,0
1441,119.372867,204.6391704,0
1442,119.372867,204.6391704,0
1443,119.372867,204.6391704,0
1444,119.372867,204.6391704,0
1445,119.372867,204.6391704,0
1446,119.372867,204.6391704,0
1447,119.372867,204.6391704,0
1448,119.372867,204.6391704,0
1449,119.372867,204.6391704,0
1450,119.372867,204.6391704,0
1451,119.372867,204.6391704,0
1452,119.372867,204.6391704,0
1453,119.372867,204.6391704,0
1454,119.372867,204.6391704,0
1455,119.372867,204.6391704,0
1456,119.372867,204.6391704,0
1457,119.372867,204.6391704,0
1458,119.372867,204.6391704,0
1459,119.372867,204.6391704,0
1460,119.372867,204.6391704,0
1461,119.372867,204.6391704,0
1462,119.372867,204.6391704,0
1463,119.372867,207.4813811,0
1464,119.372867,207.4813811,0
1465,119.372867,207.4813811,0
1466,119.372867,207.4813811,0
1467,119.372867,207.4813811,0
1468,119.372867,207.4813811,0
1469,119.372867,207.4813811,0
1470,119.372867,207.4813811,0
1471,119.372867,207.4813811,0
1472,119.372867,207.4813811,0
1473,119.372867,207.4813811,0
1474,119.372867,207.4813811,0
1475,119.372867,207.4813811,0
1476,119.372867,207.4813811,0
1477,119.372867,207.4813811,0
1478,119.372867,207.4813811,0
1479,119.372867,207.4813811,0
1480,119.372867,207.4813811,0
1481,119.372867,207.4813811,0
1482,119.372867,207.4813811,0
1483,119.372867,207.4813811,0
1484,119.372867,207.4813811,0
1485,119.372867,207.4813811,0
1486,119.372867,207.4813811,0
1487,119.372867,207.4813811,0
1488,119.372867,207.4813811,0
1489,119.372867,210.3235918,0
1490,119.372867,210.3235918,0
1491,119.372867,210.3235918,0
1492,119.372867,210.3235918,0
1493,119.372867,210.3235918,0
1494,119.372867,210.3235918,0
1495,119.372867,210.3235918,0
1496,119.372867,210.3235918,0
1497,119.372867,210.3235918,0
1498,119.372867,210.3235918,0
1499,119.372867,210.3235918,0
1500,119.372867,210.3235918,0
1501,119.372867,210.3235918,0
1502,119.372867,210.3235918,0
1503,119.372867,210.3235918,0
1504,119.372867,210.3235918,0
1505,119.372867,210.3235918,0
1506,113.6884448,210.3235918,0
1507,113.6884448,210.3235918,0
1508,113.6884448,210.3235918,0
1509,113.6884448,210.3235918,0
1510,113.6884448,210.3235918,0
1511,113.6884448,210.3235918,0
1512,113.6884448,210.3235918,0
1513,113.6884448,210.3235918,0
1514,113.6884448,210.3235918,0
1515,113.6884448,210.3235918,0
1516,113.6884448,210.3235918,0
1517,113.6884448,210.3235918,0
1518,113.6884448,210.3235918,0
1519,113.6884448,210.3235918,0
1520,113.6884448,210.3235918,0
1521,113.6884448,210.3235918,0
1522,113.6884448,210.3235918,0
1523,113.6884448,210.3235918,0
1524,113.6884448,210.3235918,0
1525,116.5306559,210.3235918,0
1526,116.5306559,210.3235918,0
1527,116.5306559,210.3235918,0
1528,116.5306559,210.3235918,0
1529,116.5306559,210.3235918,0
1530,116.5306559,210.3235918,0
1531,116.5306559,210.3235918,0
1532,116.5306559,210.3235918,0
1533,116.5306559,210.3235918,0
1534,116.5306559,210.3235918,0
1535,116.5306559,210.3235918,0
1536,116.5306559,210.3235918,0
1537,116.5306559,210.3235918,0
1538,116.5306559,210.3235918,0
1539,116.5306559,204.6391704,0
1540,116.5306559,204.6391704,0
1541,116.5306559,204.6391704,0
1542,116.5306559,204.6391704,0
1543,116.5306559,204.6391704,0
1544,116.5306559,204.6391704,0
1545,116.5306559,204.6391704,0
1546,116.5306559,204.6391704,0
1547,116.5306559,204.6391704,0
1548,116.5306559,204.6391704,0
1549,116.5306559,204.6391704,0
1550,116.5306559,204.6391704,0
1551,116.5306559,207.4813811,0
1552,116.5306559,207.4813811,0
1553,116.5306559,207.4813811,0
1554,116.5306559,207.4813811,0
1555,116.5306559,207.4813811,0
1556,116.5306559,207.4813811,0
1557,116.5306559,207.4813811,0
1558,116.5306559,207.4813811,0
1559,116.5306559,207.4813811,0
1560,116.5306559,207.4813811,0
1561,116.5306559,207.4813811,0
1562,116.5306559,207.4813811,0
1563,116.5306559,207.4813811,0
1564,116.5306559,207.4813811,0
1565,116.5306559,207.4813811,0
1566,116.5306559,207.4813811,0
1567,116.5306559,207.4813811,0
1568,116.5306559,207.4813811,0
1569,116.5306559,207.4813811,0
1570,116.5306559,207.4813811,0
1571,116.5306559,207.4813811,0
1572,116.5306559,207.4813811,0
1573,116.5306559,207.4813811,0
1574,116.5306559,207.4813811,0
1575,113.6884448,207.4813811,0
1576,113.6884448,207.4813811,0
1577,113.6884448,207.4813811,0
1578,113.6884448,207.4813811,0
1579,113.6884448,207.4813811,0
1580,113.6884448,207.4813811,0
1581,113.6884448,207.4813811,0
1582,113.6884448,207.4813811,0
1583,113.6884448,207.4813811,0
1584,113.6884448,207.4813811,0
1585,113.6884448,207.4813811,0
1586,113.6884448,207.4813811,0
1587,113.6884448,207.4813811,0
1588,113.6884448,207.4813811,0
1589,113.6884448,207.4813811,0
1590,113.6884448,207.4813811,0
1591,113.6884448,207.4813811,0
1592,113.6884448,207.4813811,0
1593,113.6884448,207.4813811,0
1594,113.6884448,207.4813811,0
1595,113.6884448,207.4813811,0
1596,113.6884448,207.4813811,0
1597,113.6884448,207.4813811,0
1598,113.6884448,207.4813811,0
1599,113.6884448,207.4813811,0
1600,113.6884448,207.4813811,0
1601,113.6884448,207.4813811,0
1602,113.6884448,207.4813811,0
1603,113.6884448,207.4813811,0
1604,113.6884448,207.4813811,0
1605,113.6884448,207.4813811,0
1606,113.6884448,207.4813811,0
1607,110.8462336,207.4813811,0
1608,110.8462336,207.4813811,0
1609,110.8462336,204.6391704,0
1610,110.8462336,204.6391704,0
1611,110.8462336,204.6391704,0
1612,110.8462336,204.6391704,0
1613,110.8462336,204.6391704,0
1614,110.8462336,204.6391704,0
1615,110.8462336,204.6391704,0
1616,110.8462336,204.6391704,0
1617,110.8462336,204.6391704,0
1618,110.8462336,207.4813811,0
1619,110.8462336,207.4813811,0
1620,110.8462336,207.4813811,0
1621,110.8462336,207.4813811,0
1622,110.8462336,207.4813811,0
1623,110.8462336,207.4813811,0
1624,110.8462336,207.4813811,0
1625,110.8462336,207.4813811,0
1626,110.8462336,207.4813811,0
1627,110.8462336,207.4813811,0
1628,110.8462336,207.4813811,0
1629,110.8462336,207.4813811,0
1630,110.8462336,207.4813811,0
1631,110.8462336,207.4813811,0
1632,110.8462336,207.4813811,0
1633,110.8462336,207.4813811,0
1634,110.8462336,207.4813811,0
1635,110.8462336,207.4813811,0
1636,110.8462336,207.4813811,0
1637,110.8462336,207.4813811,0
1638,110.8462336,207.4813811,0
1639,110.8462336,207.4813811,0
1640,110.8462336,207.4813811,0
1641,110.8462336,207.4813811,0
1642,110.8462336,207.4813811,0
1643,110.8462336,207.4813811,0
1644,110.8462336,207.4813811,0
1645,110.8462336,207.4813811,0
1646,110.8462336,207.4813811,0
1647,110.8462336,207.4813811,0
1648,110.8462336,207.4813811,0
1649,110.8462336,207.4813811,0
1650,110.8462336,207.4813811,0
1651,110.8462336,207.4813811,0
1652,110.8462336,207.4813811,0
1653,110.8462336,207.4813811,0
1654,110.8462336,207.4813811,0
1655,110.8462336,207.4813811,0
1656,110.8462336,207.4813811,0
1657,110.8462336,207.4813811,0
1658,110.8462336,207.4813811,0
1659,110.8462336,207.4813811,0
1660,110.8462336,207.4813811,0
1661,110.8462336,207.4813811,0
1662,110.8462336,207.4813811,0
1663,110.8462336,207.4813811,0
1664,110.8462336,207.4813811,0
1665,110.8462336,207.4813811,0
1666,110.8462336,207.4813811,0
1667,110.8462336,207.4813811,0
1668,110.8462336,207.4813811,0
1669,110.8462336,207.4813811,0
1670,110.8462336,207.4813811,0
1671,110.8462336,207.4813811,0
1672,110.8462336,207.4813811,0
1673,110.8462336,207.4813811,0
1674,110.8462336,207.4813811,0
1675,110.8462336,207.4813811,0
1676,110.8462336,207.4813811,0
1677,110.8462336,207.4813811,0
1678,110.8462336,207.4813811,0
1679,110.8462336,207.4813811,0
1680,110.8462336,207.4813811,0
1681,110.8462336,207.4813811,0
1682,110.8462336,207.4813811,0
1683,110.8462336,207.4813811,0
1684,110.8462336,207.4813811,0
1685,110.8462336,207.4813811,0
1686,110.8462336,207.4813811,0
1687,110.8462336,207.4813811,0
1688,110.8462336,207.4813811,0
1689,110.8462336,207.4813811,0
1690,110.8462336,207.4813811,0
1691,110.8462336,207.4813811,0
1692,110.8462336,207.4813811,0
1693,110.8462336,204.6391704,0
1694,110.8462336,204.6391704,0
1695,110.8462336,204.6391704,0
1696,110.8462336,204.6391704,0
1697,110.8462336,204.6391704,0
1698,110.8462336,204.6391704,0
1699,110.8462336,204.6391704,0
1700,110.8462336,204.6391704,0
1701,110.8462336,204.6391704,0
1702,110.8462336,204.6391704,0
1703,110.8462336,204.6391704,0
1704,110.8462336,204.6391704,0
1705,110.8462336,204.6391704,0
1706,110.8462336,204.6391704,0
1707,110.8462336,204.6391704,0
1708,110.8462336,204.6391704,0
1709,110.8462336,204.6391704,0
1710,110.8462336,204.6391704,0
1711,110.8462336,204.6391704,0
1712,110.8462336,204.6391704,0
1713,110.8462336,204.6391704,0
1714,110.8462336,204.6391704,0
1715,110.8462336,204.6391704,0
1716,110.8462336,204.6391704,0
1717,110.8462336,204.6391704,0
1718,110.8462336,204.6391704,0
1719,110.8462336,204.6391704,0
1720,110.8462336,204.6391704,0
1721,110.8462336,204.6391704,0
1722,110.8462336,204.6391704,0
1723,110.8462336,204.6391704,0
1724,110.8462336,204.6391704,0
1725,113.6884448,204.6391704,0
1726,113.6884448,204.6391704,0
1727,113.6884448,204.6391704,0
1728,113.6884448,204.6391704,0
1729,113.6884448,204.6391704,0
1730,113.6884448,204.6391704,0
1731,113.6884448,204.6391704,0
1732,113.6884448,204.6391704,0
1733,113.6884448,204.6391704,0
1734,113.6884448,204.6391704,0
1735,113.6884448,204.6391704,0
1736,113.6884448,207.4813811,0
1737,113.6884448,207.4813811,0
1738,113.6884448,207.4813811,0
1739,113.6884448,207.4813811,0
1740,113.6884448,207.4813811,0
1741,113.6884448,207.4813811,0
1742,113.6884448,207.4813811,0
1743,113.6884448,207.4813811,0
1744,113.6884448,207.4813811,0
1745,113.6884448,207.4813811,0
1746,113.6884448,207.4813811,0
1747,113.6884448,207.4813811,0
1748,113.6884448,207.4813811,0
1749,113.6884448,207.4813811,0
1750,113.6884448,207.4813811,0
1751,113.6884448,207.4813811,0
1752,113.6884448,207.4813811,0
1753,113.6884448,207.4813811,0
1754,113.6884448,207.4813811,0
1755,113.6884448,207.4813811,0
1756,113.6884448,207.4813811,0
1757,113.6884448,207.4813811,0
1758,113.6884448,207.4813811,0
1759,113.6884448,207.4813811,0
1760,113.6884448,207.4813811,0
1761,113.6884448,207.4813811,0
1762,113.6884448,207.4813811,0
1763,113.6884448,207.4813811,0
1764,113.6884448,207.4813811,0
1765,113.6884448,207.4813811,0
1766,113.6884448,207.4813811,0
1767,113.6884448,207.4813811,0
1768,113.6884448,207.4813811,0
1769,113.6884448,207.4813811,0
1770,113.6884448,207.4813811,0
1771,113.6884448,207.4813811,0
1772,113.6884448,207.4813811,0
1773,113.6884448,207.4813811,0
1774,113.6884448,207.4813811,0
1775,110.8462336,207.4813811,0
1776,110.8462336,207.4813811,0
1777,110.8462336,207.4813811,0
1778,110.8462336,207.4813811,0
1779,110.8462336,207.4813811,0
1780,110.8462336,207.4813811,0
1781,110.8462336,207.4813811,0
1782,110.8462336,207.4813811,0
1783,110.8462336,207.4813811,0
1784,110.8462336,207.4813811,0
1785,110.8462336,207.4813811,0
1786,110.8462336,207.4813811,0
1787,110.8462336,207.4813811,0
1788,110.8462336,207.4813811,0
1789,110.8462336,204.6391704,0
1790,110.8462336,204.6391704,0
1791,110.8462336,204.6391704,0
1792,110.8462336,207.4813811,0
1793,110.8462336,207.4813811,0
1794,110.8462336,207.4813811,0
1795,110.8462336,207.4813811,0
1796,110.8462336,207.4813811,0
1797,110.8462336,207.4813811,0
1798,110.8462336,207.4813811,0
1799,110.8462336,207.4813811,0
1800,110.8462336,207.4813811,0
1801,110.8462336,207.4813811,0
1802,110.8462336,207.4813811,0
1803,110.8462336,207.4813811,0
1804,110.8462336,207.4813811,0
1805,110.8462336,207.4813811,0
1806,110.8462336,207.4813811,0
1807,110.8462336,207.4813811,0
1808,110.8462336,207.4813811,0
1809,110.8462336,207.4813811,0
1810,110.8462336,207.4813811,0
1811,110.8462336,207.4813811,0
1812,110.8462336,207.4813811,0
1813,110.8462336,207.4813811,0
1814,110.8462336,207.4813811,0
1815,110.8462336,207.4813811,0
1816,110.8462336,207.4813811,0
1817,110.8462336,207.4813811,0
1818,110.8462336,207.4813811,0
1819,110.8462336,207.4813811,0
1820,110.8462336,207.4813811,0
1821,110.8462336,207.4813811,0
1822,110.8462336,207.4813811,0
1823,110.8462336,207.4813811,0
1824,110.8462336,207.4813811,0
1825,110.8462336,207.4813811,0
1826,110.8462336,207.4813811,0
1827,110.8462336,207.4813811,0
1828,110.8462336,207.4813811,0
1829,110.8462336,207.4813811,0
1830,110.8462336,207.4813811,0
1831,110.8462336,207.4813811,0
1832,110.8462336,207.4813811,0
1833,110.8462336,207.4813811,0
1834,110.8462336,207.4813811,0
1835,110.8462336,207.4813811,0
1836,110.8462336,207.4813811,0
1837,110.8462336,207.4813811,0
1838,110.8462336,207.4813811,0
1839,110.8462336,207.4813811,0
1840,110.8462336,207.4813811,0
1841,110.8462336,207.4813811,0
1842,110.8462336,207.4813811,0
1843,110.8462336,207.4813811,0
1844,110.8462336,207.4813811,0
1845,110.8462336,207.4813811,0
1846,110.8462336,207.4813811,0
1847,110.8462336,207.4813811,0
1848,110.8462336,207.4813811,0
1849,110.8462336,207.4813811,0
1850,110.8462336,207.4813811,0
1851,110.8462336,207.4813811,0
1852,110.8462336,207.4813811,0
1853,110.8462336,207.4813811,0
1854,110.8462336,207.4813811,0
1855,110.8462336,207.4813811,0
1856,110.8462336,207.4813811,0
1857,110.8462336,207.4813811,0
1858,110.8462336,207.4813811,0
1859,110.8462336,207.4813811,0
1860,110.8462336,207.4813811,0
1861,110.8462336,207.4813811,0
1862,110.8462336,207.4813811,0
1863,110.8462336,207.4813811,0
1864,110.8462336,207.4813811,0
1865,110.8462336,207.4813811,0
1866,110.8462336,207.4813811,0
1867,110.8462336,207.4813811,0
1868,110.8462336,207.4813811,0
1869,110.8462336,207.4813811,0
1870,110.8462336,207.4813811,0
1871,110.8462336,207.4813811,0
1872,110.8462336,207.4813811,0
1873,110.8462336,207.4813811,0
1874,105.1618114,207.4813811,0
1875,105.1618114,207.4813811,0
1876,105.1618114,207.4813811,0
1877,105.1618114,207.4813811,0
1878,105.1618114,207.4813811,0
1879,105.1618114,207.4813811,0
1880,105.1618114,207.4813811,0
1881,108.0040225,207.4813811,0
1882,108.0040225,204.6391704,0
1883,108.0040225,204.6391704,0
1884,108.0040225,204.6391704,0
1885,108.0040225,204.6391704,0
1886,108.0040225,204.6391704,0
1887,108.0040225,204.6391704,0
1888,110.8462336,204.6391704,0
1889,110.8462336,204.6391704,0
1890,110.8462336,204.6391704,0
1891,110.8462336,204.6391704,0
1892,110.8462336,204.6391704,0
1893,110.8462336,204.6391704,0
1894,110.8462336,204.6391704,0
1895,110.8462336,204.6391704,0
1896,110.8462336,204.6391704,0
1897,110.8462336,204.6391704,0
1898,110.8462336,204.6391704,0
1899,110.8462336,204.6391704,0
1900,110.8462336,204.6391704,0
1901,110.8462336,204.6391704,0
1902,110.8462336,204.6391704,0
1903,110.8462336,204.6391704,0
1904,110.8462336,204.6391704,0
1905,110.8462336,204.6391704,0
1906,110.8462336,207.4813811,0
1907,110.8462336,207.4813811,0
1908,110.8462336,207.4813811,0
1909,110.8462336,207.4813811,0
1910,110.8462336,207.4813811,0
1911,110.8462336,207.4813811,0
1912,110.8462336,207.4813811,0
1913,110.8462336,207.4813811,0
1914,110.8462336,207.4813811,0
1915,110.8462336,207.4813811,0
1916,110.8462336,207.4813811,0
1917,110.8462336,207.4813811,0
1918,110.8462336,207.4813811,0
1919,110.8462336,207.4813811,0
1920,110.8462336,207.4813811,0
1921,110.8462336,207.4813811,0
1922,110.8462336,207.4813811,0
1923,110.8462336,207.4813811,0
1924,110.8462336,207.4813811,0
1925,110.8462336,207.4813811,0
1926,110.8462336,207.4813811,0
1927,110.8462336,207.4813811,0
1928,110.8462336,207.4813811,0
1929,110.8462336,207.4813811,0
1930,110.8462336,207.4813811,0
1931,110.8462336,207.4813811,0
1932,110.8462336,207.4813811,0
1933,110.8462336,207.4813811,0
1934,110.8462336,207.4813811,0
1935,110.8462336,207.4813811,0
1936,110.8462336,207.4813811,0
1937,110.8462336,207.4813811,0
1938,105.1618114,207.4813811,0
1939,105.1618114,207.4813811,0
1940,105.1618114,207.4813811,0
1941,105.1618114,207.4813811,0
1942,105.1618114,207.4813811,0
1943,105.1618114,207.4813811,0
1944,105.1618114,207.4813811,0
1945,105.1618114,207.4813811,0
1946,105.1618114,207.4813811,0
1947,105.1618114,207.4813811,0
1948,105.1618114,207.4813811,0
1949,105.1618114,207.4813811,0
1950,105.1618114,207.4813811,0
1951,105.1618114,207.4813811,0
1952,105.1618114,207.4813811,0
1953,105.1618114,207.4813811,0
1954,105.1618114,207.4813811,0
1955,105.1618114,207.4813811,0
1956,102.3196003,204.6391704,0
1957,102.3196003,204.6391704,0
1958,102.3196003,204.6391704,0
1959,102.3196003,204.6391704,0
1960,102.3196003,204.6391704,0
1961,102.3196003,204.6391704,0
1962,102.3196003,204.6391704,0
1963,102.3196003,204.6391704,0
1964,102.3196003,204.6391704,0
1965,102.3196003,204.6391704,0
1966,102.3196003,204.6391704,0
1967,102.3196003,204.6391704,0
1968,102.3196003,204.6391704,0
1969,102.3196003,204.6391704,0
1970,102.3196003,204.6391704,0
1971,102.3196003,204.6391704,0
1972,102.3196003,204.6391704,0
1973,102.3196003,204.6391704,0
1974,102.3196003,204.6391704,0
1975,102.3196003,204.6391704,0
1976,102.3196003,204.6391704,0
1977,102.3196003,204.6391704,0
1978,105.1618115,207.4813811,0
1979,105.1618115,207.4813811,0
1980,105.1618115,207.4813811,0
1981,105.1618115,207.4813811,0
1982,105.1618115,207.4813811,0
1983,105.1618115,207.4813811,0
1984,105.1618115,207.4813811,0
1985,108.0040225,207.4813811,0
1986,108.0040225,207.4813811,0
1987,108.0040225,207.4813811,0
1988,108.0040225,207.4813811,0
1989,108.0040225,207.4813811,0
1990,108.0040225,207.4813811,0
1991,108.0040226,207.4813811,0
1992,108.0040226,207.4813811,0
1993,108.0040226,207.4813811,0
1994,108.0040226,207.4813811,0
1995,108.0040226,207.4813811,0
1996,110.8462336,207.4813811,0
1997,110.8462336,207.4813811,0
1998,110.8462336,207.4813811,0
1999,110.8462336,207.4813811,0
2000,110.8462336,207.4813811,0
2001,110.8462336,207.4813811,0
2002,110.8462336,207.4813811,0
2003,110.8462336,207.4813811,0
2004,110.8462336,207.4813811,0
2005,110.8462336,207.4813811,0
2006,110.8462336,207.4813811,0
2007,110.8462336,207.4813811,0
2008,110.8462336,207.4813811,0
2009,110.8462336,207.4813811,0
2010,110.8462336,207.4813811,0
2011,110.8462336,207.4813811,0
2012,110.8462336,207.4813811,0
2013,110.8462336,207.4813811,0
2014,110.8462336,207.4813811,0
2015,110.8462336,207.4813811,0
2016,110.8462336,207.4813811,0
2017,110.8462336,207.4813811,0
2018,110.8462336,207.4813811,0
2019,110.8462336,207.4813811,0
2020,110.8462336,207.4813811,0
2021,110.8462336,207.4813811,0
2022,110.8462336,207.4813811,0
2023,110.8462336,207.4813811,0
2024,110.8462336,207.4813811,0
2025,110.8462336,207.4813811,0
2026,110.8462336,207.4813811,0
2027,113.6884448,207.4813811,0
2028,113.6884448,207.4813811,0
2029,113.6884448,207.4813811,0
2030,113.6884448,207.4813811,0
2031,113.6884448,207.4813811,0
2032,113.6884448,207.4813811,0
2033,113.6884448,207.4813811,0
2034,113.6884448,207.4813811,0
2035,113.6884448,207.4813811,0
2036,113.6884448,207.4813811,0
2037,113.6884448,207.4813811,0
2038,113.6884448,207.4813811,0
2039,113.6884448,207.4813811,0
2040,113.6884448,207.4813811,0
2041,113.6884448,207.4813811,0
2042,113.6884448,207.4813811,0
2043,113.6884448,207.4813811,0
2044,113.6884448,207.4813811,0
2045,113.6884448,207.4813811,0
2046,113.6884448,207.4813811,0
2047,113.6884448,207.4813811,0
2048,113.6884448,207.4813811,0
2049,113.6884448,207.4813811,0
2050,113.6884448,207.4813811,0
2051,113.6884448,207.4813811,0
2052,113.6884448,207.4813811,0
2053,113.6884448,207.4813811,0
2054,113.6884448,207.4813811,0
2055,113.6884448,207.4813811,0
2056,113.6884448,207.4813811,0
2057,113.6884448,207.4813811,0
2058,113.6884448,207.4813811,0
2059,113.6884448,207.4813811,0
2060,113.6884448,207.4813811,0
2061,113.6884448,207.4813811,0
2062,113.6884448,207.4813811,0
2063,113.6884448,207.4813811,0
2064,113.6884448,207.4813811,0
2065,113.6884448,207.4813811,0
2066,113.6884448,207.4813811,0
2067,113.6884448,207.4813811,0
2068,113.6884448,207.4813811,0
2069,113.6884448,207.4813811,0
2070,113.6884448,207.4813811,0
2071,113.6884448,207.4813811,0
2072,113.6884448,207.4813811,0
2073,113.6884448,207.4813811,0
2074,113.6884448,207.4813811,0
2075,113.6884448,207.4813811,0
2076,113.6884448,207.4813811,0
2077,108.0040226,207.4813811,0
2078,108.0040226,207.4813811,0
2079,108.0040226,207.4813811,0
2080,108.0040226,207.4813811,0
2081,108.0040226,207.4813811,0
2082,108.0040226,207.4813811,0
2083,108.0040226,207.4813811,0
2084,108.0040226,207.4813811,0
2085,108.0040226,207.4813811,0
2086,108.0040226,207.4813811,0
2087,108.0040226,207.4813811,0
2088,108.0040226,207.4813811,0
2089,108.0040226,207.4813811,0
2090,108.0040226,207.4813811,0
2091,108.0040226,207.4813811,0
2092,108.0040226,207.4813811,0
2093,105.1618115,207.4813811,0
2094,102.3196003,207.4813811,0
2095,108.0040225,207.4813811,0
2096,108.0040225,207.4813811,0
2097,108.0040225,207.4813811,0
2098,108.0040225,207.4813811,0
2099,108.0040225,207.4813811,0
2100,108.0040225,207.4813811,0
2101,108.0040225,207.4813811,0
2102,108.0040225,207.4813811,0
2103,108.0040225,207.4813811,0
2104,108.0040225,207.4813811,0
2105,108.0040225,207.4813811,0
2106,108.0040225,207.4813811,0
2107,108.0040225,207.4813811,0
2108,108.0040225,207.4813811,0
2109,108.0040225,207.4813811,0
2110,108.0040225,207.4813811,0
2111,108.0040225,207.4813811,0
2112,108.0040225,207.4813811,0
2113,108.0040225,207.4813811,0
2114,110.8462336,204.6391704,0
2115,110.8462336,204.6391704,0
2116,110.8462336,204.6391704,0
2117,110.8462336,204.6391704,0
2118,110.8462336,204.6391704,0
2119,110.8462336,204.6391704,0
2120,110.8462336,204.6391704,0
2121,110.8462336,204.6391704,0
2122,110.8462336,204.6391704,0
2123,110.8462336,204.6391704,0
2124,110.8462336,204.6391704,0
2125,110.8462336,204.6391704,0
2126,110.8462336,204.6391704,0
2127,110.8462336,204.6391704,0
2128,110.8462336,204.6391704,0
2129,110.8462336,204.6391704,0
2130,110.8462336,204.6391704,0
2131,110.8462336,204.6391704,0
2132,110.8462336,204.6391704,0
2133,110.8462336,204.6391704,0
2134,110.8462336,204.6391704,0
2135,110.8462336,204.6391704,0
2136,110.8462336,204.6391704,0
2137,110.8462336,204.6391704,0
2138,110.8462336,204.6391704,0
2139,110.8462336,204.6391704,0
2140,110.8462336,204.6391704,0
2141,110.8462336,201.7969597,0
2142,110.8462336,201.7969597,0
2143,110.8462336,201.7969597,0
2144,110.8462336,201.7969597,0
2145,110.8462336,204.6391704,0
2146,110.8462336,204.6391704,0
2147,110.8462336,204.6391704,0
2148,110.8462336,204.6391704,0
2149,110.8462336,204.6391704,0
2150,110.8462336,204.6391704,0
2151,110.8462336,204.6391704,0
2152,110.8462336,204.6391704,0
2153,110.8462336,204.6391704,0
2154,110.8462336,204.6391704,0
2155,110.8462336,204.6391704,0
2156,110.8462336,204.6391704,0
2157,110.8462336,204.6391704,0
2158,110.8462336,204.6391704,0
2159,110.8462336,204.6391704,0
2160,110.8462336,204.6391704,0
2161,110.8462336,204.6391704,0
2162,110.8462336,204.6391704,0
2163,110.8462336,204.6391704,0
2164,105.1618114,204.6391704,0
2165,105.1618114,204.6391704,0
2166,105.1618114,204.6391704,0
2167,105.1618114,204.6391704,0
2168,105.1618114,204.6391704,0
2169,105.1618114,204.6391704,0
2170,105.1618114,204.6391704,0
2171,105.1618114,204.6391704,0
2172,105.1618115,204.6391704,0
2173,105.1618115,204.6391704,0
2174,105.1618115,204.6391704,0
2175,105.1618115,204.6391704,0
2176,105.1618115,204.6391704,0
2177,105.1618115,204.6391704,0
2178,105.1618115,204.6391704,0
2179,108.0040226,204.6391704,0
2180,108.0040226,204.6391704,0
2181,108.0040226,204.6391704,0
2182,108.0040226,207.4813811,0
2183,108.0040226,207.4813811,0
2184,108.0040226,207.4813811,0
2185,108.0040226,207.4813811,0
2186,108.0040226,207.4813811,0
2187,108.0040226,207.4813811,0
2188,108.0040226,207.4813811,0
2189,108.0040226,207.4813811,0
2190,108.0040226,207.4813811,0
2191,108.0040226,207.4813811,0
2192,108.0040226,207.4813811,0
2193,108.0040226,207.4813811,0
2194,108.0040226,207.4813811,0
2195,108.0040226,207.4813811,0
2196,108.0040226,207.4813811,0
2197,108.0040226,207.4813811,0
2198,108.0040226,207.4813811,0
2199,108.0040226,207.4813811,0
2200,108.0040226,207.4813811,0
2201,108.0040226,207.4813811,0
2202,108.0040226,207.4813811,0
2203,108.0040226,207.4813811,0
2204,108.0040226,207.4813811,0
2205,108.0040226,207.4813811,0
2206,108.0040226,207.4813811,0
2207,108.0040226,207.4813811,0
2208,108.0040226,207.4813811,0
2209,108.0040226,207.4813811,0
2210,108.0040226,207.4813811,0
2211,108.0040226,207.4813811,0
2212,108.0040226,207.4813811,0
2213,108.0040226,207.4813811,0
2214,108.0040226,207.4813811,0
2215,108.0040226,207.4813811,0
2216,108.0040226,207.4813811,0
2217,108.0040226,207.4813811,0
2218,108.0040226,207.4813811,0
2219,108.0040226,207.4813811,0
2220,108.0040226,207.4813811,0
2221,108.0040226,207.4813811,0
2222,108.0040226,207.4813811,0
2223,108.0040226,207.4813811,0
2224,108.0040226,207.4813811,0
2225,108.0040226,207.4813811,0
2226,108.0040226,207.4813811,0
2227,108.0040226,207.4813811,0
2228,108.0040226,207.4813811,0
2229,108.0040225,207.4813811,0
2230,108.0040225,207.4813811,0
2231,108.0040225,207.4813811,0
2232,108.0040225,201.7969597,0
2233,108.0040225,201.7969597,0
2234,108.0040225,201.7969597,0
2235,108.0040225,201.7969597,0
2236,108.0040225,201.7969597,0
2237,108.0040225,201.7969597,0
2238,108.0040225,201.7969597,0
2239,108.0040225,201.7969597,0
2240,108.0040225,201.7969597,0
2241,108.0040225,201.7969597,0
2242,108.0040225,201.7969597,0
2243,108.0040225,201.7969597,0
2244,108.0040225,201.7969597,0
2245,108.0040225,201.7969597,0
2246,108.0040225,201.7969597,0
2247,108.0040225,201.7969597,0
2248,108.0040225,201.7969597,0
2249,108.0040225,201.7969597,0
2250,108.0040225,201.7969597,0
2251,108.0040225,201.7969597,0
2252,108.0040225,201.7969597,0
2253,108.0040225,201.7969597,0
2254,108.0040225,201.7969597,0
2255,108.0040225,201.7969597,0
2256,108.0040225,201.7969597,0
2257,108.0040225,201.7969597,0
2258,108.0040225,201.7969597,0
2259,108.0040225,201.7969597,0
2260,108.0040225,201.7969597,0
2261,108.0040225,201.7969597,0
2262,108.0040225,201.7969597,0
2263,105.1618115,201.7969597,0
2264,105.1618115,201.7969597,0
2265,105.1618115,201.7969597,0
2266,105.1618115,201.7969597,0
2267,105.1618115,201.7969597,0
2268,105.1618115,201.7969597,0
2269,105.1618115,201.7969597,0
2270,105.1618115,201.7969597,0
2271,105.1618115,201.7969597,0
2272,105.1618115,201.7969597,0
2273,105.1618115,201.7969597,0
2274,108.0040226,201.7969597,0
2275,108.0040226,201.7969597,0
2276,108.0040226,201.7969597,0
2277,108.0040226,201.7969597,0
2278,108.0040226,201.7969597,0
2279,108.0040226,201.7969597,0
2280,108.0040226,201.7969597,0
2281,108.0040226,201.7969597,0
2282,108.0040226,201.7969597,0
2283,108.0040226,201.7969597,0
2284,108.0040226,201.7969597,0
2285,108.0040226,201.7969597,0
2286,108.0040226,201.7969597,0
2287,108.0040226,201.7969597,0
2288,108.0040226,201.7969597,0
2289,108.0040226,201.7969597,0
2290,108.0040226,201.7969597,0
2291,108.0040226,201.7969597,0
2292,108.0040226,201.7969597,0
2293,108.0040226,201.7969597,0
2294,108.0040226,201.7969597,0
2295,108.0040226,201.7969597,0
2296,108.0040226,201.7969597,0
2297,108.0040226,201.7969597,0
2298,108.0040226,201.7969597,0
2299,108.0040226,201.7969597,0
2300,108.0040226,201.7969597,0
2301,108.0040226,201.7969597,0
2302,108.0040226,201.7969597,0
2303,108.0040226,201.7969597,0
2304,108.0040226,201.7969597,0
2305,108.0040226,201.7969597,0
2306,108.0040226,201.7969597,0
2307,108.0040226,201.7969597,0
2308,108.0040226,201.7969597,0
2309,108.0040226,201.7969597,0
2310,108.0040226,201.7969597,0
2311,108.0040226,201.7969597,0
2312,108.0040226,201.7969597,0
2313,108.0040226,201.7969597,0
2314,108.0040226,201.7969597,0
2315,108.0040226,201.7969597,0
2316,108.0040226,201.7969597,0
2317,108.0040226,204.6391704,0
2318,108.0040226,204.6391704,0
2319,108.0040226,204.6391704,0
2320,108.0040226,204.6391704,0
2321,108.0040226,204.6391704,0
2322,108.0040226,204.6391704,0
2323,108.0040226,204.6391704,0
2324,105.1618114,204.6391704,0
2325,105.1618114,204.6391704,0
2326,105.1618114,204.6391704,0
2327,105.1618114,204.6391704,0
2328,105.1618114,204.6391704,0
2329,105.1618114,204.6391704,0
2330,105.1618114,204.6391704,0
2331,105.1618114,204.6391704,0
2332,105.1618114,204.6391704,0
2333,105.1618114,204.6391704,0
2334,105.1618114,204.6391704,0
2335,105.1618114,204.6391704,0
2336,105.1618114,204.6391704,0
2337,105.1618114,204.6391704,0
2338,105.1618114,204.6391704,0
2339,105.1618114,204.6391704,0
2340,105.1618114,204.6391704,0
2341,105.1618114,204.6391704,0
2342,105.1618114,204.6391704,0
2343,105.1618114,204.6391704,0
2344,105.1618114,204.6391704,0
2345,105.1618114,204.6391704,0
2346,105.1618114,204.6391704,0
2347,105.1618114,204.6391704,0
2348,105.1618114,204.6391704,0
2349,105.1618114,204.6391704,0
2350,105.1618114,204.6391704,0
2351,105.1618114,204.6391704,0
2352,105.1618114,204.6391704,0
2353,105.1618114,204.6391704,0
2354,105.1618114,204.6391704,0
2355,105.1618114,204.6391704,0
2356,105.1618114,204.6391704,0
2357,105.1618114,204.6391704,0
2358,105.1618114,204.6391704,0
2359,105.1618114,204.6391704,0
2360,105.1618114,204.6391704,0
2361,105.1618114,204.6391704,0
2362,105.1618114,204.6391704,0
2363,105.1618114,204.6391704,0
2364,105.1618114,204.6391704,0
2365,105.1618114,204.6391704,0
2366,105.1618114,204.6391704,0
2367,105.1618114,204.6391704,0
2368,105.1618114,204.6391704,0
2369,105.1618114,204.6391704,0
2370,105.1618114,204.6391704,0
2371,105.1618114,204.6391704,0
2372,105.1618114,204.6391704,0
2373,105.1618114,204.6391704,0
2374,105.1618114,204.6391704,0
2375,105.1618114,204.6391704,0
2376,105.1618114,204.6391704,0
2377,105.1618114,204.6391704,0
2378,105.1618114,204.6391704,0
2379,105.1618114,204.6391704,0
2380,105.1618114,204.6391704,0
2381,105.1618114,204.6391704,0
2382,105.1618114,204.6391704,0
2383,105.1618114,204.6391704,0
2384,105.1618114,204.6391704,0
2385,105.1618114,204.6391704,0
2386,105.1618114,204.6391704,0
2387,108.0040226,204.6391704,0
2388,108.0040226,204.6391704,0
2389,108.0040226,204.6391704,0
2390,108.0040226,204.6391704,0
2391,108.0040226,204.6391704,0
2392,108.0040226,204.6391704,0
2393,108.0040226,204.6391704,0
2394,108.0040226,204.6391704,0
2395,108.0040226,204.6391704,0
2396,108.0040226,204.6391704,0
2397,108.0040226,204.6391704,0
2398,108.0040226,204.6391704,0
2399,108.0040226,204.6391704,0
2400,108.0040226,204.6391704,0
2401,108.0040226,204.6391704,0
2402,108.0040226,204.6391704,0
2403,108.0040226,204.6391704,0
2404,108.0040226,204.6391704,0
2405,108.0040226,204.6391704,0
2406,108.0040226,204.6391704,0
2407,108.0040226,204.6391704,0
2408,108.0040226,204.6391704,0
2409,108.0040226,204.6391704,0
2410,108.0040226,204.6391704,0
2411,108.0040226,204.6391704,0
2412,108.0040226,204.6391704,0
2413,108.0040226,204.6391704,0
2414,108.0040226,204.6391704,0
2415,108.0040226,204.6391704,0
2416,108.0040226,204.6391704,0
2417,108.0040226,204.6391704,0
2418,108.0040226,204.6391704,0
2419,108.0040226,204.6391704,0
2420,108.0040226,204.6391704,0
2421,108.0040226,204.6391704,0
2422,108.0040226,204.6391704,0
2423,108.0040226,204.6391704,0
2424,108.0040226,204.6391704,0
2425,108.0040226,204.6391704,0
2426,108.0040226,204.6391704,0
2427,108.0040226,204.6391704,0
2428,108.0040226,204.6391704,0
2429,108.0040226,204.6391704,0
2430,108.0040226,204.6391704,0
2431,108.0040226,204.6391704,0
2432,108.0040226,204.6391704,0
2433,108.0040226,204.6391704,0
2434,108.0040226,204.6391704,0
2435,108.0040226,204.6391704,0
2436,108.0040226,204.6391704,0
2437,105.1618115,204.6391704,0
2438,105.1618115,204.6391704,0
2439,105.1618115,204.6391704,0
2440,105.1618115,204.6391704,0
2441,105.1618115,204.6391704,0
2442,105.1618115,204.6391704,0
2443,105.1618115,204.6391704,0
2444,105.1618115,204.6391704,0
2445,105.1618115,204.6391704,0
2446,105.1618115,204.6391704,0
2447,105.1618115,204.6391704,0
2448,105.1618115,204.6391704,0
2449,105.1618115,204.6391704,0
2450,102.3196003,204.6391704,0
2451,102.3196003,204.6391704,0
2452,102.3196003,204.6391704,0
2453,102.3196003,204.6391704,0
2454,102.3196003,204.6391704,0
2455,102.3196003,204.6391704,0
2456,102.3196003,204.6391704,0
2457,102.3196003,204.6391704,0
2458,102.3196003,204.6391704,0
2459,102.3196003,204.6391704,0
2460,102.3196003,204.6391704,0
2461,102.3196003,204.6391704,0
2462,102.3196003,204.6391704,0
2463,102.3196003,204.6391704,0
2464,102.3196003,204.6391704,0
2465,105.1618114,204.6391704,0
2466,105.1618114,204.6391704,0
2467,105.1618114,204.6391704,0
2468,105.1618114,204.6391704,0
2469,105.1618114,204.6391704,0
2470,105.1618114,204.6391704,0
2471,105.1618114,204.6391704,0
2472,105.1618114,204.6391704,0
2473,105.1618114,204.6391704,0
2474,105.1618114,204.6391704,0
2475,105.1618114,204.6391704,0
2476,105.1618114,204.6391704,0
2477,105.1618114,204.6391704,0
2478,105.1618114,204.6391704,0
2479,105.1618114,204.6391704,0
2480,105.1618114,204.6391704,0
2481,105.1618114,204.6391704,0
2482,105.1618114,204.6391704,0
2483,105.1618114,204.6391704,0
2484,105.1618114,204.6391704,0
2485,105.1618114,204.6391704,0
2486,105.1618114,204.6391704,0
2487,105.1618114,204.6391704,0
2488,105.1618114,204.6391704,0
2489,105.1618114,204.6391704,0
2490,105.1618114,204.6391704,0
2491,105.1618114,204.6391704,0
2492,105.1618114,204.6391704,0
2493,105.1618114,204.6391704,0
2494,105.1618114,204.6391704,0
2495,105.1618114,204.6391704,0
2496,105.1618114,204.6391704,0
2497,105.1618114,204.6391704,0
2498,105.1618114,204.6391704,0
2499,105.1618114,204.6391704,0
2500,105.1618114,204.6391704,0
2501,105.1618114,204.6391704,0
2502,105.1618114,204.6391704,0
2503,105.1618114,204.6391704,0
2504,105.1618114,204.6391704,0
2505,105.1618114,204.6391704,0
2506,105.1618114,204.6391704,0
2507,105.1618114,204.6391704,0
2508,105.1618114,204.6391704,0
2509,105.1618114,204.6391704,0
2510,105.1618114,204.6391704,0
2511,105.1618114,204.6391704,0
2512,105.1618114,204.6391704,0
2513,105.1618114,204.6391704,0
2514,105.1618114,204.6391704,0
2515,105.1618114,207.4813811,0
2516,105.1618114,207.4813811,0
2517,105.1618114,207.4813811,0
2518,105.1618114,207.4813811,0
2519,105.1618114,207.4813811,0
2520,105.1618114,207.4813811,0
2521,105.1618114,207.4813811,0
2522,105.1618114,207.4813811,0
2523,105.1618114,207.4813811,0
2524,105.1618114,207.4813811,0
2525,105.1618114,207.4813811,0
2526,105.1618114,207.4813811,0
2527,105.1618114,207.4813811,0
2528,105.1618114,207.4813811,0
2529,105.1618114,207.4813811,0
2530,105.1618114,207.4813811,0
2531,105.1618114,207.4813811,0
2532,105.1618114,207.4813811,0
2533,105.1618114,207.4813811,0
2534,105.1618114,207.4813811,0
2535,105.1618114,207.4813811,0
2536,105.1618114,207.4813811,0
2537,105.1618114,207.4813811,0
2538,105.1618114,207.4813811,0
2539,105.1618114,207.4813811,0
2540,105.1618114,207.4813811,0
2541,105.1618114,207.4813811,0
2542,105.1618114,207.4813811,0
2543,105.1618114,207.4813811,0
2544,105.1618114,207.4813811,0
2545,105.1618114,207.4813811,0
2546,105.1618114,207.4813811,0
2547,105.1618114,207.4813811,0
2548,105.1618114,207.4813811,0
2549,105.1618114,207.4813811,0
2550,105.1618114,207.4813811,0
2551,105.1618114,207.4813811,0
2552,105.1618114,207.4813811,0
2553,105.1618114,207.4813811,0
2554,105.1618115,207.4813811,0
2555,105.1618115,207.4813811,0
2556,105.1618115,207.4813811,0
2557,105.1618115,207.4813811,0
2558,105.1618115,207.4813811,0
2559,105.1618115,207.4813811,0
2560,105.1618115,207.4813811,0
2561,105.1618115,207.4813811,0
2562,105.1618115,207.4813811,0
2563,105.1618115,207.4813811,0
2564,105.1618115,207.4813811,0
2565,105.1618115,204.6391704,0
2566,105.1618115,204.6391704,0
2567,105.1618115,204.6391704,0
2568,105.1618115,204.6391704,0
2569,105.1618115,204.6391704,0
2570,105.1618115,204.6391704,0
2571,105.1618115,204.6391704,0
2572,105.1618115,204.6391704,0
2573,105.1618115,204.6391704,0
2574,105.1618115,204.6391704,0
2575,105.1618115,204.6391704,0
2576,105.1618115,204.6391704,0
2577,105.1618115,204.6391704,0
2578,105.1618115,204.6391704,0
2579,105.1618115,204.6391704,0
2580,105.1618115,204.6391704,0
2581,105.1618115,204.6391704,0
2582,105.1618115,204.6391704,0
2583,105.1618115,204.6391704,0
2584,105.1618115,204.6391704,0
2585,105.1618115,204.6391704,0
2586,105.1618115,204.6391704,0
2587,105.1618115,204.6391704,0
2588,105.1618115,204.6391704,0
2589,105.1618115,204.6391704,0
2590,105.1618115,204.6391704,0
2591,105.1618115,204.6391704,0
2592,105.1618115,204.6391704,0
2593,105.1618115,204.6391704,0
2594,105.1618115,204.6391704,0
2595,105.1618115,204.6391704,0
2596,105.1618115,204.6391704,0
2597,105.1618115,204.6391704,0
2598,105.1618115,204.6391704,0
2599,105.1618115,204.6391704,0
2600,105.1618115,204.6391704,0
2601,105.1618115,204.6391704,0
2602,105.1618115,204.6391704,0
2603,105.1618115,204.6391704,0
2604,105.1618114,204.6391704,0
2605,105.1618114,204.6391704,0
2606,105.1618114,204.6391704,0
2607,105.1618114,204.6391704,0
2608,105.1618114,204.6391704,0
2609,105.1618114,204.6391704,0
2610,105.1618114,204.6391704,0
2611,105.1618114,204.6391704,0
2612,102.3196003,204.6391704,0
2613,102.3196003,204.6391704,0
2614,102.3196003,204.6391704,0
2615,102.3196003,204.6391704,0
2616,102.3196003,204.6391704,0
2617,102.3196003,204.6391704,0
2618,102.3196003,204.6391704,0
2619,102.3196003,207.4813811,0
2620,102.3196003,207.4813811,0
2621,102.3196003,207.4813811,0
2622,102.3196003,207.4813811,0
2623,102.3196003,207.4813811,0
2624,102.3196003,207.4813811,0
2625,102.3196003,207.4813811,0
2626,102.3196003,207.4813811,0
2627,102.3196003,207.4813811,0
2628,102.3196003,207.4813811,0
2629,102.3196003,207.4813811,0
2630,102.3196003,207.4813811,0
2631,102.3196003,207.4813811,0
2632,102.3196003,207.4813811,0
2633,102.3196003,207.4813811,0
2634,102.3196003,207.4813811,0
2635,102.3196003,207.4813811,0
2636,102.3196003,207.4813811,0
2637,102.3196003,207.4813811,0
2638,102.3196003,207.4813811,0
2639,102.3196003,207.4813811,0
2640,102.3196003,207.4813811,0
2641,102.3196003,207.4813811,0
2642,102.3196003,207.4813811,0
2643,102.3196003,207.4813811,0
2644,102.3196003,207.4813811,0
2645,102.3196003,207.4813811,0
2646,105.1618114,207.4813811,0
2647,105.1618114,207.4813811,0
2648,105.1618114,207.4813811,0
2649,105.1618114,207.4813811,0
2650,105.1618114,207.4813811,0
2651,105.1618114,207.4813811,0
2652,105.1618114,207.4813811,0
2653,105.1618114,207.4813811,0
2654,105.1618114,207.4813811,0
2655,105.1618114,207.4813811,0
2656,105.1618114,207.4813811,0
2657,105.1618114,207.4813811,0
2658,105.1618114,207.4813811,0
2659,105.1618114,207.4813811,0
2660,105.1618114,207.4813811,0
2661,105.1618114,207.4813811,0
2662,105.1618114,207.4813811,0
2663,105.1618114,207.4813811,0
2664,105.1618114,207.4813811,0
2665,105.1618114,207.4813811,0
2666,105.1618114,207.4813811,0
2667,105.1618114,207.4813811,0
2668,105.1618114,207.4813811,0
2669,105.1618114,207.4813811,0
2670,105.1618114,207.4813811,0
2671,105.1618114,207.4813811,0
2672,105.1618114,207.4813811,0
2673,105.1618114,207.4813811,0
2674,105.1618114,207.4813811,0
2675,105.1618114,207.4813811,0
2676,105.1618114,207.4813811,0
2677,105.1618114,207.4813811,0
2678,105.1618114,207.4813811,0
2679,105.1618114,207.4813811,0
2680,105.1618114,207.4813811,0
2681,105.1618114,207.4813811,0
2682,105.1618114,207.4813811,0
2683,105.1618114,207.4813811,0
2684,105.1618114,207.4813811,0
2685,105.1618114,207.4813811,0
2686,105.1618114,207.4813811,0
2687,105.1618114,207.4813811,0
2688,105.1618114,207.4813811,0
2689,105.1618114,207.4813811,0
2690,105.1618114,207.4813811,0
2691,105.1618114,207.4813811,0
2692,105.1618114,207.4813811,0
2693,105.1618114,207.4813811,0
2694,105.1618114,207.4813811,0
2695,105.1618114,207.4813811,0
2696,105.1618114,207.4813811,0
2697,105.1618114,207.4813811,0
2698,105.1618114,207.4813811,0
2699,105.1618114,207.4813811,0
2700,105.1618114,207.4813811,0
2701,105.1618114,207.4813811,0
2702,105.1618114,207.4813811,0
2703,105.1618114,207.4813811,0
2704,105.1618114,207.4813811,0
2705,105.1618114,207.4813811,0
2706,105.1618114,207.4813811,0
2707,105.1618114,207.4813811,0
2708,105.1618114,207.4813811,0
2709,105.1618114,207.4813811,0
2710,105.1618114,207.4813811,0
2711,105.1618114,207.4813811,0
2712,105.1618114,207.4813811,0
2713,105.1618114,207.4813811,0
2714,105.1618114,207.4813811,0
2715,105.1618114,207.4813811,0
2716,105.1618114,207.4813811,0
2717,105.1618114,207.4813811,0
2718,105.1618114,207.4813811,0
2719,105.1618114,207.4813811,0
2720,105.1618114,207.4813811,0
2721,105.1618114,207.4813811,0
2722,105.1618114,207.4813811,0
2723,105.1618114,207.4813811,0
2724,105.1618114,204.6391704,0
2725,105.1618114,204.6391704,0
2726,105.1618114,204.6391704,0
2727,105.1618114,204.6391704,0
2728,105.1618114,204.6391704,0
2729,105.1618114,204.6391704,0
2730,105.1618114,204.6391704,0
2731,105.1618114,204.6391704,0
2732,105.1618114,204.6391704,0
2733,105.1618114,204.6391704,0
2734,105.1618114,204.6391704,0
2735,105.1618114,204.6391704,0
2736,105.1618114,204.6391704,0
2737,105.1618114,204.6391704,0
2738,105.1618114,204.6391704,0
2739,105.1618114,204.6391704,0
2740,105.1618114,204.6391704,0
2741,105.1618114,204.6391704,0
2742,105.1618114,204.6391704,0
2743,105.1618114,204.6391704,0
2744,105.1618114,204.6391704,0
2745,105.1618114,204.6391704,0
2746,105.1618114,204.6391704,0
2747,105.1618114,204.6391704,0
2748,105.1618114,204.6391704,0
2749,105.1618114,204.6391704,0
2750,105.1618114,204.6391704,0
2751,105.1618114,204.6391704,0
2752,105.1618114,204.6391704,0
2753,105.1618114,204.6391704,0
2754,105.1618114,204.6391704,0
2755,105.1618114,204.6391704,0
2756,105.1618114,204.6391704,0
2757,105.1618114,204.6391704,0
2758,105.1618114,204.6391704,0
2759,105.1618114,204.6391704,0
2760,105.1618114,204.6391704,0
2761,105.1618114,204.6391704,0
2762,105.1618114,204.6391704,0
2763,105.1618114,204.6391704,0
2764,105.1618114,204.6391704,0
2765,105.1618114,204.6391704,0
2766,105.1618114,204.6391704,0
2767,105.1618114,204.6391704,0
2768,105.1618114,204.6391704,0
2769,105.1618114,204.6391704,0
2770,105.1618114,204.6391704,0
2771,105.1618114,204.6391704,0
2772,105.1618114,204.6391704,0
2773,105.1618114,204.6391704,0
2774,105.1618114,207.4813811,0
2775,105.1618114,207.4813811,0
2776,105.1618114,207.4813811,0
2777,105.1618114,207.4813811,0
2778,105.1618114,207.4813811,0
2779,105.1618114,207.4813811,0
2780,105.1618114,207.4813811,0
2781,105.1618114,207.4813811,0
2782,105.1618114,207.4813811,0
2783,105.1618114,207.4813811,0
2784,105.1618114,207.4813811,0
2785,105.1618114,207.4813811,0
2786,105.1618114,207.4813811,0
2787,105.1618114,207.4813811,0
2788,105.1618114,207.4813811,0
2789,105.1618114,207.4813811,0
2790,105.1618114,207.4813811,0
2791,105.1618114,207.4813811,0
2792,105.1618114,207.4813811,0
2793,105.1618114,207.4813811,0
2794,105.1618114,207.4813811,0
2795,105.1618114,207.4813811,0
2796,105.1618114,207.4813811,0
2797,105.1618115,207.4813811,0
2798,105.1618115,207.4813811,0
2799,105.1618115,207.4813811,0
2800,105.1618115,207.4813811,0
2801,105.1618115,207.4813811,0
2802,105.1618115,207.4813811,0
2803,105.1618115,207.4813811,0
2804,105.1618115,207.4813811,0
2805,105.1618115,207.4813811,0
2806,105.1618115,207.4813811,0
2807,105.1618115,207.4813811,0
2808,105.1618115,207.4813811,0
2809,105.1618115,207.4813811,0
2810,105.1618115,207.4813811,0
2811,105.1618115,207.4813811,0
2812,105.1618115,207.4813811,0
2813,105.1618115,207.4813811,0
2814,105.1618115,207.4813811,0
2815,105.1618115,207.4813811,0
2816,105.1618115,207.4813811,0
2817,105.1618115,207.4813811,0
2818,105.1618115,207.4813811,0
2819,105.1618115,207.4813811,0
2820,105.1618115,207.4813811,0
2821,105.1618115,207.4813811,0
2822,105.1618115,207.4813811,0
2823,105.1618115,207.4813811,0
2824,105.1618115,204.6391704,0
2825,105.1618115,204.6391704,0
2826,105.1618115,204.6391704,0
2827,105.1618115,204.6391704,0
2828,105.1618115,204.6391704,0
2829,105.1618115,204.6391704,0
2830,105.1618115,204.6391704,0
2831,105.1618115,204.6391704,0
2832,105.1618115,204.6391704,0
2833,105.1618115,204.6391704,0
2834,105.1618115,204.6391704,0
2835,105.1618115,204.6391704,0
2836,105.1618115,204.6391704,0
2837,105.1618115,204.6391704,0
2838,105.1618115,204.6391704,0
2839,105.1618115,204.6391704,0
2840,105.1618115,204.6391704,0
2841,105.1618115,204.6391704,0
2842,105.1618115,201.7969597,0
2843,105.1618115,201.7969597,0
2844,105.1618115,201.7969597,0
2845,105.1618115,201.7969597,0
2846,105.1618115,201.7969597,0
2847,108.0040225,201.7969597,0
2848,108.0040225,201.7969597,0
2849,108.0040225,201.7969597,0
2850,108.0040225,201.7969597,0
2851,108.0040225,201.7969597,0
2852,108.0040225,201.7969597,0
2853,108.0040225,204.6391704,0
2854,108.0040225,204.6391704,0
2855,108.0040225,204.6391704,0
2856,108.0040225,204.6391704,0
2857,108.0040225,204.6391704,0
2858,108.0040225,204.6391704,0
2859,108.0040225,204.6391704,0
2860,108.0040225,204.6391704,0
2861,108.0040225,204.6391704,0
2862,108.0040225,204.6391704,0
2863,108.0040225,204.6391704,0
2864,108.0040225,204.6391704,0
2865,108.0040225,204.6391704,0
2866,108.0040225,204.6391704,0
2867,108.0040225,204.6391704,0
2868,108.0040225,204.6391704,0
2869,108.0040225,204.6391704,0
2870,108.0040225,204.6391704,0
2871,108.0040225,204.6391704,0
2872,108.0040225,204.6391704,0
2873,108.0040225,204.6391704,0
2874,108.0040225,204.6391704,0
2875,108.0040225,204.6391704,0
2876,108.0040225,204.6391704,0
2877,108.0040225,204.6391704,0
2878,108.0040225,204.6391704,0
2879,108.0040225,204.6391704,0
2880,108.0040225,204.6391704,0
2881,108.0040225,204.6391704,0
2882,108.0040225,204.6391704,0
2883,108.0040225,204.6391704,0
2884,108.0040225,204.6391704,0
2885,108.0040225,204.6391704,0
2886,108.0040225,204.6391704,0
2887,108.0040225,204.6391704,0
2888,108.0040225,204.6391704,0
2889,108.0040225,204.6391704,0
2890,108.0040225,204.6391704,0
2891,108.0040225,204.6391704,0
2892,108.0040225,204.6391704,0
2893,108.0040225,204.6391704,0
2894,108.0040225,204.6391704,0
2895,108.0040225,204.6391704,0
2896,108.0040225,204.6391704,0
2897,105.1618115,204.6391704,0
2898,105.1618115,204.6391704,0
2899,105.1618115,204.6391704,0
2900,105.1618115,204.6391704,0
2901,105.1618115,204.6391704,0
2902,105.1618115,204.6391704,0
2903,105.1618115,204.6391704,0
2904,105.1618115,204.6391704,0
2905,105.1618115,204.6391704,0
2906,105.1618115,204.6391704,0
2907,105.1618115,204.6391704,0
2908,105.1618115,204.6391704,0
2909,105.1618115,204.6391704,0
2910,105.1618115,204.6391704,0
2911,105.1618115,204.6391704,0
2912,105.1618115,204.6391704,0
2913,105.1618115,204.6391704,0
2914,105.1618115,204.6391704,0
2915,105.1618115,204.6391704,0
2916,105.1618115,204.6391704,0
2917,105.1618115,204.6391704,0
2918,105.1618115,204.6391704,0
2919,105.1618115,204.6391704,0
2920,105.1618115,204.6391704,0
2921,105.1618115,204.6391704,0
2922,105.1618115,204.6391704,0
2923,105.1618115,204.6391704,0
2924,105.1618115,204.6391704,0
2925,105.1618115,204.6391704,0
2926,105.1618115,204.6391704,0
2927,105.1618114,204.6391704,0
2928,105.1618114,204.6391704,0
2929,105.1618114,204.6391704,0
2930,105.1618114,204.6391704,0
2931,105.1618114,204.6391704,0
2932,105.1618114,204.6391704,0
2933,102.3196003,204.6391704,0
2934,102.3196003,204.6391704,0
2935,102.3196003,204.6391704,0
2936,102.3196003,204.6391704,0
2937,102.3196003,204.6391704,0
2938,102.3196003,204.6391704,0
2939,102.3196003,204.6391704,0
2940,102.3196003,204.6391704,0
2941,102.3196003,204.6391704,0
2942,102.3196003,204.6391704,0
2943,102.3196003,204.6391704,0
2944,102.3196003,204.6391704,0
2945,102.3196003,204.6391704,0
2946,102.3196003,204.6391704,0
2947,102.3196003,204.6391704,0
2948,102.3196003,204.6391704,0
2949,102.3196003,204.6391704,0
2950,102.3196003,204.6391704,0
2951,102.3196003,204.6391704,0
2952,102.3196003,204.6391704,0
2953,102.3196003,204.6391704,0
2954,102.3196003,204.6391704,0
2955,102.3196003,204.6391704,0
2956,102.3196003,204.6391704,0
2957,102.3196003,204.6391704,0
2958,102.3196003,204.6391704,0
2959,102.3196003,204.6391704,0
2960,102.3196003,204.6391704,0
2961,102.3196003,204.6391704,0
2962,102.3196003,204.6391704,0
2963,102.3196003,204.6391704,0
2964,102.3196003,204.6391704,0
2965,102.3196003,204.6391704,0
2966,102.3196003,204.6391704,0
2967,102.3196003,204.6391704,0
2968,102.3196003,204.6391704,0
2969,102.3196003,204.6391704,0
2970,108.0040225,204.6391704,0
2971,108.0040225,204.6391704,0
2972,108.0040225,204.6391704,0
2973,108.0040225,204.6391704,0
2974,108.0040225,204.6391704,0
2975,108.0040225,204.6391704,0
2976,108.0040225,204.6391704,0
2977,108.0040225,204.6391704,0
2978,108.0040225,204.6391704,0
2979,108.0040225,204.6391704,0
2980,108.0040225,204.6391704,0
2981,108.0040225,204.6391704,0
2982,108.0040225,204.6391704,0
2983,108.0040225,204.6391704,0
2984,108.0040225,204.6391704,0
2985,108.0040225,204.6391704,0
2986,108.0040225,204.6391704,0
2987,108.0040225,204.6391704,0
2988,108.0040225,204.6391704,0
2989,108.0040225,204.6391704,0
2990,108.0040225,204.6391704,0
2991,108.0040225,204.6391704,0
2992,108.0040225,204.6391704,0
2993,108.0040225,204.6391704,0
2994,108.0040225,204.6391704,0
2995,108.0040225,204.6391704,0
2996,108.0040225,204.6391704,0
2997,108.0040225,204.6391704,0
2998,108.0040225,204.6391704,0
2999,108.0040225,204.6391704,0
3000,108.0040225,204.6391704,0
3001,108.0040225,204.6391704,0
3002,108.0040225,204.6391704,0
3003,108.0040225,204.6391704,0
3004,108.0040225,204.6391704,0
3005,108.0040225,204.6391704,0
3006,108.0040225,204.6391704,0
3007,108.0040225,204.6391704,0
3008,108.0040225,204.6391704,0
3009,108.0040225,204.6391704,0
3010,108.0040225,204.6391704,0
3011,108.0040225,204.6391704,0
3012,108.0040225,207.4813811,0
3013,108.0040225,207.4813811,0
3014,108.0040225,207.4813811,0
3015,108.0040225,207.4813811,0
3016,108.0040225,207.4813811,0
3017,108.0040225,207.4813811,0
3018,108.0040225,207.4813811,0
3019,108.0040225,207.4813811,0
3020,105.1618114,207.4813811,0
3021,105.1618114,207.4813811,0
3022,105.1618114,207.4813811,0
3023,105.1618114,207.4813811,0
3024,105.1618114,207.4813811,0
3025,105.1618114,207.4813811,0
3026,105.1618114,207.4813811,0
3027,105.1618114,207.4813811,0
3028,105.1618114,207.4813811,0
3029,105.1618114,207.4813811,0
3030,105.1618114,207.4813811,0
3031,105.1618114,207.4813811,0
3032,105.1618114,207.4813811,0
3033,105.1618114,207.4813811,0
3034,105.1618114,207.4813811,0
3035,105.1618114,207.4813811,0
3036,105.1618114,207.4813811,0
3037,105.1618114,207.4813811,0
3038,105.1618114,207.4813811,0
3039,105.1618114,207.4813811,0
3040,105.1618114,207.4813811,0
3041,105.1618114,207.4813811,0
3042,105.1618114,207.4813811,0
3043,105.1618114,207.4813811,0
3044,105.1618114,207.4813811,0
3045,105.1618114,207.4813811,0
3046,105.1618114,207.4813811,0
3047,105.1618114,207.4813811,0
3048,105.1618114,207.4813811,0
3049,105.1618114,207.4813811,0
3050,105.1618114,207.4813811,0
3051,105.1618114,207.4813811,0
3052,105.1618114,207.4813811,0
3053,105.1618114,207.4813811,0
3054,105.1618114,207.4813811,0
3055,105.1618114,207.4813811,0
3056,105.1618114,207.4813811,0
3057,105.1618114,207.4813811,0
3058,105.1618114,207.4813811,0
3059,105.1618114,207.4813811,0
3060,105.1618114,207.4813811,0
3061,105.1618114,207.4813811,0
3062,105.1618114,207.4813811,0
3063,105.1618114,207.4813811,0
3064,105.1618114,207.4813811,0
3065,105.1618114,207.4813811,0
3066,105.1618114,207.4813811,0
3067,105.1618114,207.4813811,0
3068,105.1618114,207.4813811,0
3069,105.1618114,207.4813811,0
3070,105.1618114,207.4813811,0
3071,105.1618114,207.4813811,0
3072,105.1618114,207.4813811,0
3073,105.1618114,207.4813811,0
3074,105.1618114,207.4813811,0
3075,105.1618114,207.4813811,0
3076,105.1618114,207.4813811,0
3077,105.1618114,207.4813811,0
3078,105.1618114,207.4813811,0
3079,105.1618114,207.4813811,0
3080,105.1618114,207.4813811,0
3081,105.1618114,204.6391704,0
3082,105.1618114,204.6391704,0
3083,105.1618114,204.6391704,0
3084,105.1618114,204.6391704,0
3085,105.1618114,204.6391704,0
3086,105.1618114,204.6391704,0
3087,105.1618114,204.6391704,0
3088,105.1618114,204.6391704,0
3089,105.1618114,204.6391704,0
3090,105.1618114,204.6391704,0
3091,105.1618114,204.6391704,0
3092,105.1618114,204.6391704,0
3093,105.1618114,204.6391704,0
3094,105.1618114,204.6391704,0
3095,105.1618114,204.6391704,0
3096,105.1618114,204.6391704,0
3097,105.1618114,204.6391704,0
3098,105.1618114,204.6391704,0
3099,105.1618114,204.6391704,0
3100,105.1618114,204.6391704,0
3101,105.1618114,204.6391704,0
3102,102.3196003,204.6391704,0
3103,102.3196003,204.6391704,0
3104,102.3196003,204.6391704,0
3105,102.3196003,204.6391704,0
3106,102.3196003,204.6391704,0
3107,102.3196003,204.6391704,0
3108,102.3196003,204.6391704,0
3109,102.3196003,204.6391704,0
3110,102.3196003,204.6391704,0
3111,105.1618114,204.6391704,0
3112,105.1618114,204.6391704,0
3113,105.1618114,204.6391704,0
3114,105.1618114,204.6391704,0
3115,105.1618114,204.6391704,0
3116,105.1618114,204.6391704,0
3117,105.1618114,204.6391704,0
3118,105.1618114,204.6391704,0
3119,105.1618114,204.6391704,0
3120,105.1618114,204.6391704,0
3121,105.1618114,204.6391704,0
3122,105.1618114,204.6391704,0
3123,105.1618114,204.6391704,0
3124,105.1618114,204.6391704,0
3125,105.1618114,204.6391704,0
3126,105.1618114,204.6391704,0
3127,105.1618114,204.6391704,0
3128,105.1618114,204.6391704,0
3129,105.1618114,204.6391704,0
3130,105.1618114,204.6391704,0
3131,105.1618114,204.6391704,0
3132,105.1618114,204.6391704,0
3133,105.1618114,204.6391704,0
3134,105.1618114,204.6391704,0
3135,105.1618114,204.6391704,0
3136,105.1618114,204.6391704,0
3137,105.1618114,204.6391704,0
3138,105.1618114,204.6391704,0
3139,105.1618114,204.6391704,0
3140,105.1618114,204.6391704,0
3141,105.1618114,204.6391704,0
3142,105.1618114,204.6391704,0
3143,105.1618114,204.6391704,0
3144,105.1618114,204.6391704,0
3145,105.1618114,204.6391704,0
3146,105.1618114,204.6391704,0
3147,105.1618115,204.6391704,0
3148,105.1618115,204.6391704,0
3149,105.1618115,204.6391704,0
3150,105.1618115,204.6391704,0
3151,105.1618115,204.6391704,0
3152,105.1618115,204.6391704,0
3153,105.1618115,204.6391704,0
3154,105.1618115,204.6391704,0
3155,105.1618115,204.6391704,0
3156,105.1618115,204.6391704,0
3157,105.1618115,204.6391704,0
3158,105.1618115,204.6391704,0
3159,105.1618115,204.6391704,0
3160,105.1618115,204.6391704,0
3161,105.1618115,204.6391704,0
3162,105.1618115,204.6391704,0
3163,105.1618115,204.6391704,0
3164,105.1618115,204.6391704,0
3165,105.1618115,204.6391704,0
3166,105.1618115,204.6391704,0
3167,105.1618115,204.6391704,0
3168,105.1618115,204.6391704,0
3169,105.1618115,204.6391704,0
3170,105.1618115,204.6391704,0
3171,105.1618115,204.6391704,0
3172,105.1618115,204.6391704,0
3173,105.1618115,204.6391704,0
3174,105.1618115,204.6391704,0
3175,105.1618115,204.6391704,0
3176,105.1618115,204.6391704,0
3177,105.1618115,204.6391704,0
3178,105.1618115,204.6391704,0
3179,105.1618115,204.6391704,0
3180,105.1618115,204.6391704,0
3181,105.1618115,204.6391704,0
3182,105.1618115,204.6391704,0
3183,105.1618115,204.6391704,0
3184,105.1618115,204.6391704,0
3185,105.1618115,204.6391704,0
3186,105.1618115,204.6391704,0
3187,105.1618115,204.6391704,0
3188,105.1618115,204.6391704,0
3189,105.1618115,204.6391704,0
3190,105.1618115,204.6391704,0
3191,105.1618115,204.6391704,0
3192,105.1618115,204.6391704,0
3193,105.1618115,204.6391704,0
3194,105.1618115,204.6391704,0
3195,105.1618115,204.6391704,0
3196,105.1618115,204.6391704,0
3197,105.1618114,204.6391704,0
3198,105.1618114,204.6391704,0
3199,105.1618114,204.6391704,0
3200,105.1618114,204.6391704,0
3201,105.1618114,204.6391704,0
3202,105.1618114,204.6391704,0
3203,105.1618114,204.6391704,0
3204,105.1618114,204.6391704,0
3205,105.1618114,204.6391704,0
3206,105.1618114,204.6391704,0
3207,105.1618114,204.6391704,0
3208,105.1618114,204.6391704,0
3209,105.1618114,204.6391704,0
3210,105.1618114,204.6391704,0
3211,105.1618114,204.6391704,0
3212,105.1618115,204.6391704,0
3213,105.1618115,204.6391704,0
3214,105.1618115,204.6391704,0
3215,105.1618115,204.6391704,0
3216,105.1618115,204.6391704,0
3217,105.1618115,204.6391704,0
3218,105.1618115,204.6391704,0
3219,105.1618115,204.6391704,0
3220,105.1618115,204.6391704,0
3221,105.1618115,204.6391704,0
3222,105.1618115,204.6391704,0
3223,105.1618115,204.6391704,0
3224,105.1618115,204.6391704,0
3225,105.1618115,204.6391704,0
3226,105.1618115,204.6391704,0
3227,105.1618115,204.6391704,0
3228,105.1618115,204.6391704,0
3229,105.1618115,204.6391704,0
3230,105.1618115,204.6391704,0
3231,105.1618115,207.4813811,0
3232,105.1618115,207.4813811,0
3233,105.1618115,207.4813811,0
3234,105.1618115,207.4813811,0
3235,105.1618115,207.4813811,0
3236,105.1618115,207.4813811,0
3237,105.1618115,207.4813811,0
3238,105.1618115,207.4813811,0
3239,105.1618115,207.4813811,0
3240,105.1618115,207.4813811,0
3241,105.1618115,207.4813811,0
3242,105.1618115,207.4813811,0
3243,105.1618115,207.4813811,0
3244,105.1618115,207.4813811,0
3245,105.1618115,207.4813811,0
3246,105.1618115,207.4813811,0
3247,105.1618115,207.4813811,0
3248,105.1618115,207.4813811,0
3249,105.1618115,207.4813811,0
3250,105.1618115,207.4813811,0
3251,105.1618115,207.4813811,0
3252,105.1618115,207.4813811,0
3253,105.1618115,207.4813811,0
3254,105.1618115,207.4813811,0
3255,105.1618115,207.4813811,0
3256,105.1618115,207.4813811,0
3257,105.1618115,207.4813811,0
3258,105.1618115,207.4813811,0
3259,105.1618115,207.4813811,0
3260,105.1618115,207.4813811,0
3261,105.1618115,207.4813811,0
3262,105.1618114,207.4813811,0
3263,108.0040226,207.4813811,0
3264,108.0040226,207.4813811,0
3265,108.0040226,207.4813811,0
3266,108.0040226,207.4813811,0
3267,108.0040226,207.4813811,0
3268,108.0040226,207.4813811,0
3269,108.0040226,207.4813811,0
3270,108.0040226,207.4813811,0
3271,108.0040226,207.4813811,0
3272,108.0040226,207.4813811,0
3273,108.0040226,207.4813811,0
3274,108.0040226,207.4813811,0
3275,108.0040226,207.4813811,0
3276,108.0040226,207.4813811,0
3277,108.0040226,207.4813811,0
3278,108.0040226,207.4813811,0
3279,108.0040226,207.4813811,0
3280,108.0040226,207.4813811,0
3281,108.0040226,204.6391704,0
3282,108.0040226,204.6391704,0
3283,108.0040226,204.6391704,0
3284,108.0040226,204.6391704,0
3285,108.0040226,204.6391704,0
3286,108.0040226,204.6391704,0
3287,108.0040226,204.6391704,0
3288,108.0040226,204.6391704,0
3289,108.0040226,204.6391704,0
3290,108.0040226,204.6391704,0
3291,108.0040226,204.6391704,0
3292,108.0040226,204.6391704,0
3293,108.0040226,204.6391704,0
3294,108.0040226,204.6391704,0
3295,108.0040226,204.6391704,0
3296,108.0040226,204.6391704,0
3297,108.0040226,204.6391704,0
3298,108.0040226,204.6391704,0
3299,108.0040226,204.6391704,0
3300,108.0040226,204.6391704,0
3301,108.0040226,204.6391704,0
3302,108.0040226,201.7969597,0
3303,108.0040226,201.7969597,0
3304,108.0040226,201.7969597,0
3305,108.0040226,201.7969597,0
3306,108.0040226,201.7969597,0
3307,108.0040226,201.7969597,0
3308,108.0040226,201.7969597,0
3309,108.0040226,201.7969597,0
3310,108.0040226,201.7969597,0
3311,108.0040226,201.7969597,0
3312,108.0040226,201.7969597,0
3313,108.0040226,201.7969597,0
3314,108.0040226,201.7969597,0
3315,108.0040226,201.7969597,0
3316,108.0040226,201.7969597,0
3317,108.0040226,201.7969597,0
3318,108.0040226,204.6391704,0
3319,108.0040226,204.6391704,0
3320,108.0040226,204.6391704,0
3321,108.0040226,204.6391704,0
3322,108.0040226,204.6391704,0
3323,108.0040226,204.6391704,0
3324,108.0040226,204.6391704,0
3325,108.0040226,204.6391704,0
3326,108.0040226,204.6391704,0
3327,108.0040226,204.6391704,0
3328,108.0040226,204.6391704,0
3329,108.0040226,204.6391704,0
3330,108.0040226,204.6391704,0
3331,108.0040226,204.6391704,0
3332,108.0040226,204.6391704,0
3333,108.0040226,204.6391704,0
3334,108.0040226,204.6391704,0
3335,108.0040226,204.6391704,0
3336,108.0040226,204.6391704,0
3337,108.0040226,204.6391704,0
3338,108.0040226,204.6391704,0
3339,108.0040226,204.6391704,0
3340,108.0040226,204.6391704,0
3341,108.0040226,204.6391704,0
3342,108.0040226,204.6391704,0
3343,108.0040226,204.6391704,0
3344,108.0040226,204.6391704,0
3345,108.0040226,204.6391704,0
3346,108.0040226,204.6391704,0
3347,108.0040226,204.6391704,0
3348,108.0040226,204.6391704,0
3349,108.0040226,204.6391704,0
3350,108.0040226,204.6391704,0
3351,108.0040226,204.6391704,0
3352,108.0040226,204.6391704,0
3353,105.1618114,204.6391704,0
3354,105.1618114,204.6391704,0
3355,105.1618114,204.6391704,0
3356,105.1618114,204.6391704,0
3357,105.1618114,204.6391704,0
3358,105.1618114,204.6391704,0
3359,105.1618114,204.6391704,0
3360,105.1618114,204.6391704,0
3361,105.1618114,204.6391704,0
3362,105.1618114,204.6391704,0
3363,105.1618114,204.6391704,0
3364,105.1618115,204.6391704,0
3365,105.1618115,204.6391704,0
3366,105.1618115,204.6391704,0
3367,105.1618115,204.6391704,0
3368,105.1618115,204.6391704,0
3369,105.1618115,204.6391704,0
3370,105.1618115,204.6391704,0
3371,105.1618115,204.6391704,0
3372,105.1618115,204.6391704,0
3373,105.1618115,204.6391704,0
3374,105.1618115,204.6391704,0
3375,105.1618115,204.6391704,0
3376,105.1618115,204.6391704,0
3377,105.1618115,204.6391704,0
3378,105.1618115,204.6391704,0
3379,105.1618115,204.6391704,0
3380,105.1618115,204.6391704,0
3381,105.1618115,204.6391704,0
3382,105.1618115,204.6391704,0
3383,105.1618115,204.6391704,0
3384,105.1618115,204.6391704,0
3385,105.1618115,204.6391704,0
3386,105.1618115,204.6391704,0
3387,105.1618115,204.6391704,0
3388,105.1618115,204.6391704,0
3389,105.1618115,204.6391704,0
3390,105.1618115,204.6391704,0
3391,105.1618115,204.6391704,0
3392,105.1618115,204.6391704,0
3393,105.1618115,204.6391704,0
3394,105.1618115,204.6391704,0
3395,105.1618115,204.6391704,0
3396,105.1618115,204.6391704,0
3397,105.1618115,204.6391704,0
3398,105.1618115,204.6391704,0
3399,105.1618115,204.6391704,0
3400,105.1618115,204.6391704,0
3401,105.1618115,204.6391704,0
3402,105.1618115,204.6391704,0
3403,105.1618115,204.6391704,0
3404,105.1618115,204.6391704,0
3405,105.1618115,204.6391704,0
3406,105.1618115,204.6391704,0
3407,105.1618115,204.6391704,0
3408,105.1618115,204.6391704,0
3409,105.1618115,207.4813811,0
3410,105.1618115,207.4813811,0
3411,105.1618115,207.4813811,0
3412,105.1618115,207.4813811,0
3413,105.1618115,207.4813811,0
3414,105.1618114,207.4813811,0
3415,105.1618114,207.4813811,0
3416,105.1618114,207.4813811,0
3417,105.1618114,207.4813811,0
3418,105.1618114,207.4813811,0
3419,105.1618114,207.4813811,0
3420,105.1618114,207.4813811,0
3421,105.1618114,207.4813811,0
3422,105.1618114,207.4813811,0
3423,105.1618114,207.4813811,0
3424,105.1618114,207.4813811,0
3425,105.1618114,207.4813811,0
3426,105.1618114,207.4813811,0
3427,105.1618114,207.4813811,0
3428,105.1618114,207.4813811,0
3429,105.1618114,207.4813811,0
3430,105.1618114,207.4813811,0
3431,105.1618114,207.4813811,0
3432,105.1618115,207.4813811,0
3433,105.1618115,207.4813811,0
3434,105.1618115,207.4813811,0
3435,105.1618115,207.4813811,0
3436,105.1618115,207.4813811,0
3437,105.1618115,207.4813811,0
3438,105.1618115,207.4813811,0
3439,105.1618115,207.4813811,0
3440,105.1618115,207.4813811,0
3441,105.1618115,207.4813811,0
3442,105.1618115,207.4813811,0
3443,105.1618115,207.4813811,0
3444,105.1618115,207.4813811,0
3445,105.1618115,207.4813811,0
3446,105.1618115,207.4813811,0
3447,105.1618115,207.4813811,0
3448,105.1618115,207.4813811,0
3449,105.1618115,207.4813811,0
3450,105.1618115,207.4813811,0
3451,105.1618115,207.4813811,0
3452,105.1618115,207.4813811,0
3453,105.1618115,207.4813811,0
3454,105.1618115,207.4813811,0
3455,105.1618115,207.4813811,0
3456,105.1618115,207.4813811,0
3457,105.1618115,207.4813811,0
3458,105.1618115,207.4813811,0
3459,105.1618115,204.6391704,0
3460,105.1618115,204.6391704,0
3461,105.1618115,204.6391704,0
3462,105.1618115,204.6391704,0
3463,105.1618115,204.6391704,0
3464,105.1618115,204.6391704,0
3465,105.1618115,204.6391704,0
3466,105.1618115,204.6391704,0
3467,105.1618115,204.6391704,0
3468,105.1618115,204.6391704,0
3469,105.1618115,204.6391704,0
3470,105.1618115,204.6391704,0
3471,105.1618115,204.6391704,0
3472,105.1618115,204.6391704,0
3473,105.1618115,204.6391704,0
3474,105.1618115,204.6391704,0
3475,105.1618115,204.6391704,0
3476,105.1618115,204.6391704,0
3477,105.1618115,204.6391704,0
3478,105.1618115,204.6391704,0
3479,105.1618115,204.6391704,0
3480,105.1618115,204.6391704,0
3481,105.1618115,204.6391704,0
3482,102.3196003,204.6391704,0
3483,102.3196003,204.6391704,0
3484,102.3196003,204.6391704,0
3485,102.3196003,204.6391704,0
3486,102.3196003,204.6391704,0
3487,102.3196003,204.6391704,0
3488,102.3196003,204.6391704,0
3489,102.3196003,207.4813811,0
3490,102.3196003,207.4813811,0
3491,102.3196003,207.4813811,0
3492,102.3196003,207.4813811,0
3493,102.3196003,207.4813811,0
3494,102.3196003,207.4813811,0
3495,102.3196003,207.4813811,0
3496,102.3196003,207.4813811,0
3497,102.3196003,207.4813811,0
3498,102.3196003,207.4813811,0
3499,102.3196003,207.4813811,0
3500,102.3196003,207.4813811,0
3501,102.3196003,207.4813811,0
3502,102.3196003,207.4813811,0
3503,102.3196003,207.4813811,0
3504,102.3196003,207.4813811,0
3505,102.3196003,207.4813811,0
3506,102.3196003,207.4813811,0
3507,102.3196003,207.4813811,0
3508,102.3196003,207.4813811,0
3509,102.3196003,207.4813811,0
3510,102.3196003,207.4813811,0
3511,102.3196003,207.4813811,0
3512,102.3196003,207.4813811,0
3513,102.3196003,207.4813811,0
3514,102.3196003,207.4813811,0
3515,102.3196003,207.4813811,0
3516,102.3196003,207.4813811,0
3517,102.3196003,207.4813811,0
3518,102.3196003,207.4813811,0
3519,102.3196003,207.4813811,0
3520,102.3196003,207.4813811,0
3521,102.3196003,207.4813811,0
3522,102.3196003,207.4813811,0
3523,102.3196003,207.4813811,0
3524,102.3196003,207.4813811,0
3525,102.3196003,207.4813811,0
3526,102.3196003,207.4813811,0
3527,102.3196003,207.4813811,0
3528,102.3196003,207.4813811,0
3529,102.3196003,207.4813811,0
3530,102.3196003,207.4813811,0
3531,102.3196003,207.4813811,0
3532,102.3196003,207.4813811,0
3533,102.3196003,207.4813811,0
3534,102.3196003,207.4813811,0
3535,102.3196003,207.4813811,0
3536,102.3196003,207.4813811,0
3537,102.3196003,207.4813811,0
3538,102.3196003,207.4813811,0
3539,102.3196003,204.6391704,0
3540,102.3196003,204.6391704,0
3541,102.3196003,204.6391704,0
3542,102.3196003,204.6391704,0
3543,102.3196003,204.6391704,0
3544,102.3196003,204.6391704,0
3545,102.3196003,204.6391704,0
3546,102.3196003,204.6391704,0
3547,102.3196003,204.6391704,0
3548,105.1618114,204.6391704,0
3549,105.1618114,204.6391704,0
3550,105.1618114,204.6391704,0
3551,105.1618114,204.6391704,0
3552,105.1618114,204.6391704,0
3553,105.1618114,204.6391704,0
3554,105.1618114,204.6391704,0
3555,105.1618114,204.6391704,0
3556,105.1618114,204.6391704,0
3557,105.1618114,204.6391704,0
3558,105.1618114,204.6391704,0
3559,105.1618114,204.6391704,0
3560,105.1618114,204.6391704,0
3561,105.1618114,204.6391704,0
3562,105.1618114,204.6391704,0
3563,105.1618114,204.6391704,0
3564,105.1618114,204.6391704,0
3565,105.1618114,204.6391704,0
3566,105.1618114,204.6391704,0
3567,105.1618114,204.6391704,0
3568,105.1618114,204.6391704,0
3569,105.1618114,204.6391704,0
3570,105.1618114,204.6391704,0
3571,105.1618114,204.6391704,0
3572,105.1618114,204.6391704,0
3573,105.1618114,204.6391704,0
3574,105.1618114,204.6391704,0
3575,105.1618114,204.6391704,0
3576,105.1618114,204.6391704,0
3577,105.1618114,204.6391704,0
3578,105.1618114,204.6391704,0
3579,105.1618114,204.6391704,0
3580,105.1618114,204.6391704,0
3581,105.1618114,204.6391704,0
3582,105.1618114,204.6391704,0
3583,105.1618114,204.6391704,0
3584,105.1618114,204.6391704,0
3585,105.1618114,204.6391704,0
3586,105.1618114,204.6391704,0
3587,105.1618114,204.6391704,0
3588,105.1618114,204.6391704,0
3589,105.1618114,204.6391704,0
3590,105.1618114,204.6391704,0
3591,105.1618114,204.6391704,0
3592,105.1618114,204.6391704,0
3593,105.1618114,204.6391704,0
3594,105.1618114,204.6391704,0
3595,105.1618114,204.6391704,0
3596,105.1618114,204.6391704,0
3597,105.1618114,204.6391704,0
3598,105.1618114,204.6391704,0
3599,105.1618114,204.6391704,0
3600,105.1618114,204.6391704,0
3601,105.1618114,204.6391704,0
3602,105.1618114,204.6391704,0
3603,105.1618114,204.6391704,0
3604,105.1618114,204.6391704,0
3605,105.1618114,204.6391704,0
3606,105.1618114,204.6391704,0
3607,105.1618114,204.6391704,0
3608,105.1618114,204.6391704,0
3609,105.1618114,204.6391704,0
3610,105.1618114,204.6391704,0
3611,105.1618114,204.6391704,0
3612,105.1618114,204.6391704,0
3613,105.1618114,204.6391704,0
3614,105.1618114,204.6391704,0
3615,105.1618114,204.6391704,0
3616,105.1618114,204.6391704,0
3617,105.1618114,204.6391704,0
3618,105.1618114,204.6391704,0
3619,105.1618114,204.6391704,0
3620,105.1618114,204.6391704,0
3621,105.1618114,204.6391704,0
3622,105.1618114,204.6391704,0
3623,105.1618114,207.4813811,0
3624,105.1618114,207.4813811,0
3625,108.0040225,207.4813811,0
3626,108.0040225,207.4813811,0
3627,108.0040225,207.4813811,0
3628,108.0040225,207.4813811,0
3629,108.0040225,207.4813811,0
3630,108.0040225,207.4813811,0
3631,108.0040225,207.4813811,0
3632,108.0040225,207.4813811,0
3633,108.0040225,207.4813811,0
3634,108.0040225,207.4813811,0
3635,108.0040225,207.4813811,0
3636,108.0040225,207.4813811,0
3637,108.0040225,207.4813811,0
3638,108.0040225,207.4813811,0
3639,108.0040225,207.4813811,0
3640,108.0040225,207.4813811,0
3641,108.0040225,207.4813811,0
3642,108.0040225,207.4813811,0
3643,108.0040225,207.4813811,0
3644,108.0040225,207.4813811,0
3645,108.0040225,207.4813811,0
3646,108.0040225,207.4813811,0
3647,108.0040225,207.4813811,0
3648,108.0040225,207.4813811,0
3649,108.0040225,207.4813811,0
3650,108.0040225,207.4813811,0
3651,108.0040225,207.4813811,0
3652,108.0040225,207.4813811,0
3653,108.0040225,207.4813811,0
3654,108.0040225,207.4813811,0
3655,108.0040225,207.4813811,0
3656,108.0040225,207.4813811,0
3657,108.0040225,207.4813811,0
3658,108.0040225,207.4813811,0
3659,108.0040225,207.4813811,0
3660,108.0040225,207.4813811,0
3661,108.0040225,207.4813811,0
3662,108.0040225,207.4813811,0
3663,108.0040225,207.4813811,0
3664,108.0040225,207.4813811,0
3665,108.0040225,207.4813811,0
3666,108.0040225,207.4813811,0
3667,108.0040225,207.4813811,0
3668,108.0040225,207.4813811,0
3669,108.0040225,207.4813811,0
3670,108.0040225,207.4813811,0
3671,108.0040225,207.4813811,0
3672,108.0040226,207.4813811,0
3673,108.0040226,204.6391704,0
3674,108.0040226,204.6391704,0
3675,108.0040226,204.6391704,0
3676,108.0040226,204.6391704,0
3677,108.0040226,204.6391704,0
3678,108.0040226,204.6391704,0
3679,108.0040226,204.6391704,0
3680,108.0040226,204.6391704,0
3681,108.0040226,204.6391704,0
3682,108.0040226,204.6391704,0
3683,108.0040226,204.6391704,0
3684,108.0040226,204.6391704,0
3685,108.0040226,204.6391704,0
3686,108.0040226,204.6391704,0
3687,108.0040226,204.6391704,0
3688,108.0040226,204.6391704,0
3689,108.0040226,204.6391704,0
3690,108.0040226,204.6391704,0
3691,108.0040226,204.6391704,0
3692,108.0040226,204.6391704,0
3693,108.0040226,204.6391704,0
3694,108.0040226,204.6391704,0
3695,108.0040226,204.6391704,0
3696,108.0040226,204.6391704,0
3697,108.0040226,204.6391704,0
3698,108.0040226,204.6391704,0
3699,108.0040226,204.6391704,0
3700,108.0040226,204.6391704,0
3701,108.0040226,204.6391704,0
3702,108.0040226,204.6391704,0
3703,108.0040226,204.6391704,0
3704,108.0040226,204.6391704,0
3705,108.0040226,207.4813811,0
3706,108.0040226,207.4813811,0
3707,108.0040226,207.4813811,0
3708,108.0040226,207.4813811,0
3709,108.0040226,207.4813811,0
3710,108.0040226,207.4813811,0
3711,108.0040226,207.4813811,0
3712,108.0040226,207.4813811,0
3713,108.0040226,207.4813811,0
3714,108.0040226,207.4813811,0
3715,108.0040226,207.4813811,0
3716,108.0040226,207.4813811,0
3717,108.0040226,207.4813811,0
3718,108.0040226,207.4813811,0
3719,108.0040226,207.4813811,0
3720,108.0040226,207.4813811,0
3721,108.0040226,207.4813811,0
3722,105.1618115,207.4813811,0
3723,105.1618115,207.4813811,0
3724,105.1618115,207.4813811,0
3725,105.1618115,207.4813811,0
3726,105.1618115,207.4813811,0
3727,105.1618115,207.4813811,0
3728,105.1618115,207.4813811,0
3729,105.1618115,207.4813811,0
3730,105.1618115,207.4813811,0
3731,105.1618115,207.4813811,0
3732,105.1618115,207.4813811,0
3733,105.1618115,207.4813811,0
3734,105.1618115,207.4813811,0
3735,105.1618115,207.4813811,0
3736,105.1618115,207.4813811,0
3737,105.1618115,207.4813811,0
3738,105.1618115,207.4813811,0
3739,105.1618115,207.4813811,0
3740,105.1618115,207.4813811,0
3741,105.1618115,207.4813811,0
3742,102.3196003,207.4813811,0
3743,102.3196003,207.4813811,0
3744,102.3196003,207.4813811,0
3745,102.3196003,207.4813811,0
3746,105.1618115,207.4813811,0
3747,105.1618115,207.4813811,0
3748,105.1618115,207.4813811,0
3749,105.1618115,207.4813811,0
3750,105.1618115,207.4813811,0
3751,105.1618115,207.4813811,0
3752,105.1618115,207.4813811,0
3753,105.1618115,207.4813811,0
3754,105.1618115,207.4813811,0
3755,105.1618115,207.4813811,0
3756,105.1618115,207.4813811,0
3757,105.1618115,207.4813811,0
3758,105.1618115,207.4813811,0
3759,105.1618115,207.4813811,0
3760,105.1618115,207.4813811,0
3761,105.1618115,207.4813811,0
3762,105.1618115,207.4813811,0
3763,105.1618115,207.4813811,0
3764,105.1618115,207.4813811,0
3765,105.1618115,207.4813811,0
3766,105.1618115,207.4813811,0
3767,105.1618115,207.4813811,0
3768,105.1618115,207.4813811,0
3769,105.1618115,207.4813811,0
3770,105.1618115,207.4813811,0
3771,105.1618115,207.4813811,0
3772,105.1618115,207.4813811,0
3773,105.1618115,207.4813811,0
3774,105.1618115,207.4813811,0
3775,105.1618115,207.4813811,0
3776,105.1618115,207.4813811,0
3777,105.1618115,207.4813811,0
3778,105.1618115,207.4813811,0
3779,105.1618115,207.4813811,0
3780,105.1618115,207.4813811,0
3781,105.1618115,207.4813811,0
3782,105.1618115,207.4813811,0
3783,105.1618115,207.4813811,0
3784,105.1618115,207.4813811,0
3785,105.1618115,207.4813811,0
3786,105.1618115,207.4813811,0
3787,105.1618115,204.6391704,0
3788,105.1618115,207.4813811,0
3789,105.1618115,207.4813811,0
3790,105.1618115,207.4813811,0
3791,105.1618115,207.4813811,0
3792,105.1618115,207.4813811,0
3793,105.1618115,207.4813811,0
3794,105.1618115,207.4813811,0
3795,105.1618115,207.4813811,0
3796,105.1618114,207.4813811,0
3797,105.1618114,207.4813811,0
3798,105.1618114,207.4813811,0
3799,105.1618114,207.4813811,0
3800,105.1618114,207.4813811,0
3801,105.1618114,207.4813811,0
3802,105.1618114,207.4813811,0
3803,105.1618114,207.4813811,0
3804,105.1618114,207.4813811,0
3805,105.1618114,207.4813811,0
3806,105.1618114,207.4813811,0
3807,105.1618114,207.4813811,0
3808,105.1618114,207.4813811,0
3809,105.1618114,207.4813811,0
3810,105.1618114,207.4813811,0
3811,105.1618114,207.4813811,0
3812,105.1618114,207.4813811,0
3813,105.1618114,207.4813811,0
3814,105.1618114,207.4813811,0
3815,105.1618114,207.4813811,0
3816,105.1618114,207.4813811,0
3817,105.1618114,207.4813811,0
3818,105.1618114,207.4813811,0
3819,105.1618114,207.4813811,0
3820,105.1618114,207.4813811,0
3821,105.1618114,207.4813811,0
3822,105.1618114,207.4813811,0
3823,105.1618114,207.4813811,0
3824,105.1618114,207.4813811,0
3825,105.1618114,207.4813811,0
3826,105.1618114,207.4813811,0
3827,105.1618114,207.4813811,0
3828,105.1618114,207.4813811,0
3829,105.1618114,207.4813811,0
3830,105.1618114,207.4813811,0
3831,105.1618114,207.4813811,0
3832,105.1618114,207.4813811,0
3833,105.1618114,207.4813811,0
3834,105.1618114,207.4813811,0
3835,105.1618114,207.4813811,0
3836,105.1618114,207.4813811,0
3837,105.1618114,207.4813811,0
3838,105.1618114,207.4813811,0
3839,105.1618114,207.4813811,0
3840,102.3196003,207.4813811,0
3841,102.3196003,207.4813811,0
3842,102.3196003,207.4813811,0
3843,102.3196003,207.4813811,0
3844,102.3196003,204.6391704,0
3845,102.3196003,204.6391704,0
3846,102.3196003,204.6391704,0
3847,102.3196003,204.6391704,0
3848,102.3196003,204.6391704,0
3849,102.3196003,204.6391704,0
3850,102.3196003,204.6391704,0
3851,102.3196003,204.6391704,0
3852,102.3196003,204.6391704,0
3853,102.3196003,204.6391704,0
3854,102.3196003,204.6391704,0
3855,102.3196003,204.6391704,0
3856,102.3196003,204.6391704,0
3857,102.3196003,204.6391704,0
3858,102.3196003,204.6391704,0
3859,102.3196003,204.6391704,0
3860,102.3196003,204.6391704,0
3861,102.3196003,204.6391704,0
3862,102.3196003,204.6391704,0
3863,102.3196003,204.6391704,0
3864,102.3196003,204.6391704,0
3865,102.3196003,204.6391704,0
3866,105.1618114,204.6391704,0
3867,105.1618114,204.6391704,0
3868,105.1618114,204.6391704,0
3869,105.1618114,204.6391704,0
3870,105.1618114,204.6391704,0
3871,105.1618115,204.6391704,0
3872,105.1618115,204.6391704,0
3873,105.1618115,204.6391704,0
3874,105.1618115,204.6391704,0
3875,105.1618115,204.6391704,0
3876,105.1618115,204.6391704,0
3877,105.1618115,204.6391704,0
3878,105.1618115,204.6391704,0
3879,105.1618115,204.6391704,0
3880,105.1618115,204.6391704,0
3881,105.1618115,204.6391704,0
3882,105.1618115,204.6391704,0
3883,105.1618115,204.6391704,0
3884,105.1618115,204.6391704,0
3885,105.1618115,204.6391704,0
3886,105.1618115,204.6391704,0
3887,105.1618115,204.6391704,0
3888,105.1618115,204.6391704,0
3889,105.1618115,204.6391704,0
3890,105.1618115,204.6391704,0
3891,105.1618115,204.6391704,0
3892,105.1618115,204.6391704,0
3893,105.1618115,204.6391704,0
3894,105.1618115,204.6391704,0
3895,105.1618115,204.6391704,0
3896,105.1618115,204.6391704,0
3897,105.1618115,204.6391704,0
3898,105.1618115,204.6391704,0
3899,105.1618115,204.6391704,0
3900,105.1618115,204.6391704,0
3901,105.1618115,204.6391704,0
3902,105.1618115,204.6391704,0
3903,105.1618115,204.6391704,0
3904,105.1618115,207.4813811,0
3905,105.1618115,207.4813811,0
3906,105.1618115,207.4813811,0
3907,105.1618115,207.4813811,0
3908,105.1618115,207.4813811,0
3909,105.1618115,207.4813811,0
3910,105.1618115,207.4813811,0
3911,105.1618115,207.4813811,0
3912,105.1618115,207.4813811,0
3913,105.1618115,207.4813811,0
3914,105.1618115,207.4813811,0
3915,105.1618115,207.4813811,0
3916,105.1618115,207.4813811,0
3917,105.1618115,207.4813811,0
3918,105.1618115,207.4813811,0
3919,105.1618115,207.4813811,0
3920,105.1618115,207.4813811,0
3921,105.1618115,207.4813811,0
3922,105.1618115,207.4813811,0
3923,105.1618115,207.4813811,0
3924,105.1618115,207.4813811,0
3925,105.1618115,207.4813811,0
3926,105.1618115,207.4813811,0
3927,105.1618115,207.4813811,0
3928,105.1618115,207.4813811,0
3929,105.1618115,207.4813811,0
3930,105.1618115,207.4813811,0
3931,105.1618115,207.4813811,0
3932,105.1618115,207.4813811,0
3933,105.1618115,207.4813811,0
3934,105.1618115,207.4813811,0
3935,105.1618115,207.4813811,0
3936,105.1618115,207.4813811,0
3937,105.1618115,207.4813811,0
3938,105.1618115,207.4813811,0
3939,105.1618115,207.4813811,0
3940,105.1618115,207.4813811,0
3941,105.1618115,207.4813811,0
3942,105.1618115,207.4813811,0
3943,105.1618115,207.4813811,0
3944,105.1618115,207.4813811,0
3945,105.1618115,207.4813811,0
3946,105.1618115,207.4813811,0
3947,105.1618115,207.4813811,0
3948,105.1618115,207.4813811,0
3949,105.1618115,207.4813811,0
3950,105.1618115,207.4813811,0
3951,105.1618115,207.4813811,0
3952,105.1618115,207.4813811,0
3953,105.1618115,207.4813811,0
3954,105.1618115,207.4813811,0
3955,102.3196003,207.4813811,0
3956,102.3196003,207.4813811,0
3957,102.3196003,207.4813811,0
3958,102.3196003,207.4813811,0
3959,102.3196003,207.4813811,0
3960,102.3196003,207.4813811,0
3961,102.3196003,204.6391704,0
3962,102.3196003,204.6391704,0
3963,102.3196003,204.6391704,0
3964,102.3196003,204.6391704,0
3965,102.3196003,204.6391704,0
3966,102.3196003,204.6391704,0
3967,102.3196003,204.6391704,0
3968,102.3196003,204.6391704,0
3969,102.3196003,204.6391704,0
3970,102.3196003,204.6391704,0
3971,102.3196003,204.6391704,0
3972,102.3196003,204.6391704,0
3973,102.3196003,204.6391704,0
3974,102.3196003,204.6391704,0
3975,102.3196003,204.6391704,0
3976,102.3196003,204.6391704,0
3977,102.3196003,204.6391704,0
3978,102.3196003,204.6391704,0
3979,102.3196003,204.6391704,0
3980,102.3196003,204.6391704,0
3981,102.3196003,204.6391704,0
3982,102.3196003,204.6391704,0
3983,102.3196003,204.6391704,0
3984,102.3196003,204.6391704,0
3985,102.3196003,204.6391704,0
3986,102.3196003,204.6391704,0
3987,102.3196003,204.6391704,0
3988,102.3196003,204.6391704,0
3989,102.3196003,204.6391704,0
3990,102.3196003,204.6391704,0
3991,102.3196003,204.6391704,0
3992,102.3196003,204.6391704,0
3993,102.3196003,204.6391704,0
3994,102.3196003,204.6391704,0
3995,102.3196003,204.6391704,0
3996,102.3196003,204.6391704,0
3997,102.3196003,204.6391704,0
3998,102.3196003,204.6391704,0
3999,102.3196003,204.6391704,0
4000,102.3196003,204.6391704,0
4001,102.3196003,204.6391704,0
4002,102.3196003,204.6391704,0
4003,102.3196003,204.6391704,0
4004,102.3196003,204.6391704,0
4005,102.3196003,204.6391704,0
4006,102.3196003,204.6391704,0
4007,102.3196003,204.6391704,0
4008,102.3196003,204.6391704,0
4009,102.3196003,204.6391704,0
4010,102.3196003,204.6391704,0
4011,102.3196003,204.6391704,0
4012,102.3196003,204.6391704,0
4013,102.3196003,204.6391704,0
4014,102.3196003,204.6391704,0
4015,102.3196003,204.6391704,0
4016,102.3196003,204.6391704,0
4017,102.3196003,204.6391704,0
4018,102.3196003,204.6391704,0
4019,102.3196003,204.6391704,0
4020,102.3196003,204.6391704,0
4021,102.3196003,204.6391704,0
4022,102.3196003,204.6391704,0
4023,102.3196003,204.6391704,0
4024,102.3196003,204.6391704,0
4025,102.3196003,204.6391704,0
4026,102.3196003,204.6391704,0
4027,105.1618114,204.6391704,0
4028,105.1618114,204.6391704,0
4029,105.1618114,204.6391704,0
4030,105.1618114,204.6391704,0
4031,105.1618114,204.6391704,0
4032,105.1618114,204.6391704,0
4033,105.1618114,204.6391704,0
4034,105.1618114,204.6391704,0
4035,105.1618114,204.6391704,0
4036,105.1618114,204.6391704,0
4037,105.1618114,204.6391704,0
4038,105.1618114,204.6391704,0
4039,105.1618114,204.6391704,0
4040,105.1618114,204.6391704,0
4041,105.1618114,204.6391704,0
4042,105.1618114,204.6391704,0
4043,105.1618114,204.6391704,0
4044,105.1618114,204.6391704,0
4045,105.1618114,204.6391704,0
4046,105.1618114,204.6391704,0
4047,105.1618114,204.6391704,0
4048,105.1618114,204.6391704,0
4049,105.1618114,204.6391704,0
4050,105.1618114,204.6391704,0
4051,105.1618114,204.6391704,0
4052,105.1618114,204.6391704,0
4053,105.1618114,204.6391704,0
4054,105.1618114,204.6391704,0
4055,105.1618114,204.6391704,0
4056,105.1618114,204.6391704,0
4057,105.1618114,204.6391704,0
4058,105.1618114,204.6391704,0
4059,105.1618114,204.6391704,0
4060,105.1618114,204.6391704,0
4061,105.1618114,204.6391704,0
4062,105.1618114,204.6391704,0
4063,105.1618114,204.6391704,0
4064,105.1618114,204.6391704,0
4065,105.1618114,204.6391704,0
4066,105.1618114,204.6391704,0
4067,105.1618114,204.6391704,0
4068,105.1618114,204.6391704,0
4069,105.1618114,204.6391704,0
4070,105.1618114,204.6391704,0
4071,105.1618114,204.6391704,0
4072,105.1618114,204.6391704,0
4073,105.1618114,204.6391704,0
4074,105.1618114,204.6391704,0
4075,105.1618114,204.6391704,0
4076,105.1618114,204.6391704,0
4077,102.3196003,204.6391704,0
4078,102.3196003,204.6391704,0
4079,102.3196003,204.6391704,0
4080,102.3196003,204.6391704,0
4081,102.3196003,204.6391704,0
4082,102.3196003,204.6391704,0
4083,102.3196003,204.6391704,0
4084,102.3196003,204.6391704,0
4085,102.3196003,204.6391704,0
4086,102.3196003,204.6391704,0
4087,102.3196003,204.6391704,0
4088,102.3196003,204.6391704,0
4089,102.3196003,204.6391704,0
4090,102.3196003,204.6391704,0
4091,102.3196003,204.6391704,0
4092,102.3196003,204.6391704,0
4093,102.3196003,204.6391704,0
4094,102.3196003,204.6391704,0
4095,102.3196003,204.6391704,0
4096,102.3196003,204.6391704,0
4097,102.3196003,204.6391704,0
4098,102.3196003,204.6391704,0
4099,102.3196003,204.6391704,0
4100,102.3196003,204.6391704,0
4101,102.3196003,204.6391704,0
4102,102.3196003,204.6391704,0
4103,102.3196003,204.6391704,0
4104,102.3196003,204.6391704,0
4105,102.3196003,204.6391704,0
4106,102.3196003,204.6391704,0
4107,102.3196003,204.6391704,0
4108,102.3196003,204.6391704,0
4109,102.3196003,204.6391704,0
4110,102.3196003,204.6391704,0
4111,102.3196003,204.6391704,0
4112,102.3196003,204.6391704,0
4113,102.3196003,204.6391704,0
4114,102.3196003,204.6391704,0
4115,102.3196003,204.6391704,0
4116,102.3196003,204.6391704,0
4117,102.3196003,204.6391704,0
4118,102.3196003,204.6391704,0
4119,102.3196003,204.6391704,0
4120,102.3196003,204.6391704,0
4121,102.3196003,204.6391704,0
4122,102.3196003,204.6391704,0
4123,102.3196003,204.6391704,0
4124,102.3196003,204.6391704,0
4125,102.3196003,204.6391704,0
4126,102.3196003,204.6391704,0
4127,102.3196003,204.6391704,0
4128,102.3196003,204.6391704,0
4129,102.3196003,204.6391704,0
4130,102.3196003,204.6391704,0
4131,102.3196003,204.6391704,0
4132,102.3196003,204.6391704,0
4133,102.3196003,204.6391704,0
4134,102.3196003,204.6391704,0
4135,102.3196003,204.6391704,0
4136,102.3196003,204.6391704,0
4137,102.3196003,204.6391704,0
4138,102.3196003,204.6391704,0
4139,102.3196003,204.6391704,0
4140,102.3196003,204.6391704,0
4141,102.3196003,204.6391704,0
4142,102.3196003,204.6391704,0
4143,102.3196003,204.6391704,0
4144,102.3196003,204.6391704,0
4145,102.3196003,204.6391704,0
4146,102.3196003,204.6391704,0
4147,102.3196003,204.6391704,0
4148,102.3196003,204.6391704,0
4149,102.3196003,204.6391704,0
4150,102.3196003,204.6391704,0
4151,102.3196003,204.6391704,0
4152,102.3196003,204.6391704,0
4153,102.3196003,204.6391704,0
4154,102.3196003,204.6391704,0
4155,102.3196003,204.6391704,0
4156,102.3196003,204.6391704,0
4157,102.3196003,204.6391704,0
4158,102.3196003,204.6391704,0
4159,102.3196003,204.6391704,0
4160,102.3196003,204.6391704,0
4161,102.3196003,204.6391704,0
4162,102.3196003,204.6391704,0
4163,102.3196003,204.6391704,0
4164,102.3196003,204.6391704,0
4165,102.3196003,204.6391704,0
4166,102.3196003,204.6391704,0
4167,102.3196003,204.6391704,0
4168,102.3196003,204.6391704,0
4169,102.3196003,204.6391704,0
4170,102.3196003,204.6391704,0
4171,102.3196003,204.6391704,0
4172,102.3196003,204.6391704,0
4173,102.3196003,204.6391704,0
4174,102.3196003,204.6391704,0
4175,102.3196003,204.6391704,0
4176,102.3196003,204.6391704,0
4177,102.3196003,204.6391704,0
4178,102.3196003,204.6391704,0
4179,102.3196003,204.6391704,0
4180,102.3196003,204.6391704,0
4181,102.3196003,204.6391704,0
4182,102.3196003,204.6391704,0
4183,102.3196003,204.6391704,0
4184,102.3196003,204.6391704,0
4185,102.3196003,204.6391704,0
4186,102.3196003,204.6391704,0
4187,102.3196003,204.6391704,0
4188,102.3196003,204.6391704,0
4189,102.3196003,204.6391704,0
4190,102.3196003,204.6391704,0
4191,102.3196003,204.6391704,0
4192,102.3196003,204.6391704,0
4193,102.3196003,204.6391704,0
4194,102.3196003,204.6391704,0
4195,102.3196003,207.4813811,0
4196,102.3196003,207.4813811,0
4197,102.3196003,207.4813811,0
4198,102.3196003,207.4813811,0
4199,102.3196003,207.4813811,0
4200,102.3196003,207.4813811,0
4201,102.3196003,207.4813811,0
4202,102.3196003,207.4813811,0
4203,102.3196003,207.4813811,0
4204,102.3196003,207.4813811,0
4205,102.3196003,207.4813811,0
4206,102.3196003,207.4813811,0
4207,102.3196003,207.4813811,0
4208,102.3196003,207.4813811,0
4209,102.3196003,207.4813811,0
4210,102.3196003,207.4813811,0
4211,102.3196003,207.4813811,0
4212,102.3196003,207.4813811,0
4213,102.3196003,207.4813811,0
4214,102.3196003,207.4813811,0
4215,102.3196003,207.4813811,0
4216,102.3196003,207.4813811,0
4217,102.3196003,207.4813811,0
4218,102.3196003,207.4813811,0
4219,102.3196003,207.4813811,0
4220,102.3196003,207.4813811,0
4221,102.3196003,207.4813811,0
4222,102.3196003,207.4813811,0
4223,102.3196003,207.4813811,0
4224,102.3196003,207.4813811,0
4225,102.3196003,207.4813811,0
4226,105.1618114,207.4813811,0
4227,105.1618114,207.4813811,0
4228,105.1618114,207.4813811,0
4229,105.1618114,207.4813811,0
4230,105.1618114,207.4813811,0
4231,105.1618114,207.4813811,0
4232,105.1618114,207.4813811,0
4233,105.1618114,207.4813811,0
4234,105.1618114,207.4813811,0
4235,105.1618114,207.4813811,0
4236,105.1618114,207.4813811,0
4237,105.1618114,207.4813811,0
4238,105.1618114,207.4813811,0
4239,105.1618114,207.4813811,0
4240,105.1618114,207.4813811,0
4241,105.1618114,207.4813811,0
4242,105.1618114,207.4813811,0
4243,105.1618114,207.4813811,0
4244,105.1618114,207.4813811,0
4245,105.1618114,204.6391704,0
4246,105.1618114,204.6391704,0
4247,105.1618114,204.6391704,0
4248,105.1618114,204.6391704,0
4249,105.1618114,204.6391704,0
4250,105.1618114,204.6391704,0
4251,105.1618114,204.6391704,0
4252,105.1618114,204.6391704,0
4253,105.1618114,204.6391704,0
4254,105.1618114,204.6391704,0
4255,105.1618114,204.6391704,0
4256,105.1618114,204.6391704,0
4257,105.1618114,204.6391704,0
4258,105.1618114,204.6391704,0
4259,105.1618114,204.6391704,0
4260,105.1618114,204.6391704,0
4261,105.1618114,204.6391704,0
4262,105.1618114,204.6391704,0
4263,105.1618114,204.6391704,0
4264,105.1618114,204.6391704,0
4265,105.1618115,204.6391704,0
4266,105.1618115,204.6391704,0
4267,105.1618115,204.6391704,0
4268,105.1618115,204.6391704,0
4269,105.1618115,204.6391704,0
4270,105.1618115,204.6391704,0
4271,105.1618115,204.6391704,0
4272,105.1618115,204.6391704,0
4273,105.1618115,204.6391704,0
4274,105.1618115,204.6391704,0
4275,105.1618115,204.6391704,0
4276,105.1618115,204.6391704,0
4277,105.1618115,204.6391704,0
4278,105.1618115,204.6391704,0
4279,105.1618115,204.6391704,0
4280,105.1618115,204.6391704,0
4281,105.1618115,204.6391704,0
4282,105.1618115,204.6391704,0
4283,105.1618115,204.6391704,0
4284,105.1618115,204.6391704,0
4285,105.1618115,204.6391704,0
4286,105.1618115,204.6391704,0
4287,105.1618115,204.6391704,0
4288,105.1618115,204.6391704,0
4289,105.1618115,204.6391704,0
4290,105.1618115,204.6391704,0
4291,105.1618115,204.6391704,0
4292,105.1618115,204.6391704,0
4293,105.1618115,204.6391704,0
4294,105.1618115,204.6391704,0
4295,105.1618115,204.6391704,0
4296,105.1618115,204.6391704,0
4297,105.1618115,204.6391704,0
4298,105.1618115,204.6391704,0
4299,105.1618115,204.6391704,0
4300,105.1618115,204.6391704,0
4301,105.1618115,204.6391704,0
4302,105.1618115,204.6391704,0
4303,105.1618115,204.6391704,0
4304,105.1618115,204.6391704,0
4305,105.1618115,204.6391704,0
4306,105.1618115,204.6391704,0
4307,105.1618115,204.6391704,0
4308,105.1618115,204.6391704,0
4309,105.1618115,204.6391704,0
4310,105.1618115,204.6391704,0
4311,105.1618115,204.6391704,0
4312,105.1618115,204.6391704,0
4313,105.1618115,204.6391704,0
4314,105.1618115,204.6391704,0
4315,105.1618115,204.6391704,0
4316,105.1618115,204.6391704,0
4317,105.1618115,204.6391704,0
4318,105.1618115,204.6391704,0
4319,105.1618115,204.6391704,0
4320,105.1618115,204.6391704,0
4321,105.1618115,204.6391704,0
4322,105.1618115,207.4813811,0
4323,105.1618115,207.4813811,0
4324,105.1618115,207.4813811,0
4325,105.1618115,207.4813811,0
4326,105.1618115,207.4813811,0
4327,105.1618115,207.4813811,0
4328,105.1618115,207.4813811,0
4329,105.1618115,207.4813811,0
4330,105.1618115,207.4813811,0
4331,105.1618115,207.4813811,0
4332,105.1618115,207.4813811,0
4333,105.1618115,207.4813811,0
4334,105.1618115,207.4813811,0
4335,105.1618115,207.4813811,0
4336,105.1618115,207.4813811,0
4337,105.1618115,207.4813811,0
4338,105.1618115,207.4813811,0
4339,105.1618115,207.4813811,0
4340,105.1618115,207.4813811,0
4341,105.1618115,207.4813811,0
4342,105.1618115,207.4813811,0
4343,105.1618115,207.4813811,0
4344,105.1618115,207.4813811,0
4345,105.1618115,207.4813811,0
4346,105.1618115,207.4813811,0
4347,105.1618115,207.4813811,0
4348,105.1618115,207.4813811,0
4349,102.3196003,207.4813811,0
4350,102.3196003,207.4813811,0
4351,102.3196003,207.4813811,0
4352,102.3196003,207.4813811,0
4353,102.3196003,207.4813811,0
4354,102.3196003,207.4813811,0
4355,102.3196003,207.4813811,0
4356,102.3196003,207.4813811,0
4357,102.3196003,207.4813811,0
4358,102.3196003,207.4813811,0
4359,102.3196003,207.4813811,0
4360,102.3196003,207.4813811,0
4361,102.3196003,207.4813811,0
4362,102.3196003,207.4813811,0
4363,102.3196003,207.4813811,0
4364,102.3196003,207.4813811,0
4365,102.3196003,207.4813811,0
4366,102.3196003,207.4813811,0
4367,102.3196003,207.4813811,0
4368,102.3196003,207.4813811,0
4369,102.3196003,207.4813811,0
4370,102.3196003,207.4813811,0
4371,102.3196003,207.4813811,0
4372,102.3196003,207.4813811,0
4373,102.3196003,207.4813811,0
4374,102.3196003,207.4813811,0
4375,102.3196003,207.4813811,0
4376,102.3196003,207.4813811,0
4377,102.3196003,207.4813811,0
4378,102.3196003,207.4813811,0
4379,102.3196003,207.4813811,0
4380,102.3196003,207.4813811,0
4381,102.3196003,207.4813811,0
4382,102.3196003,207.4813811,0
4383,102.3196003,207.4813811,0
4384,102.3196003,207.4813811,0
4385,102.3196003,207.4813811,0
4386,102.3196003,207.4813811,0
4387,102.3196003,207.4813811,0
4388,102.3196003,207.4813811,0
4389,102.3196003,207.4813811,0
4390,105.1618114,207.4813811,0
4391,105.1618114,207.4813811,0
4392,105.1618114,207.4813811,0
4393,105.1618114,207.4813811,0
4394,105.1618114,207.4813811,0
4395,105.1618114,207.4813811,0
4396,105.1618114,207.4813811,0
4397,105.1618114,207.4813811,0
4398,105.1618114,207.4813811,0
4399,105.1618114,207.4813811,0
4400,105.1618114,207.4813811,0
4401,105.1618114,207.4813811,0
4402,105.1618114,207.4813811,0
4403,105.1618114,207.4813811,0
4404,105.1618114,207.4813811,0
4405,105.1618114,207.4813811,0
4406,105.1618114,207.4813811,0
4407,105.1618114,207.4813811,0
4408,105.1618114,207.4813811,0
4409,105.1618114,207.4813811,0
4410,105.1618114,207.4813811,0
4411,105.1618114,207.4813811,0
4412,105.1618114,207.4813811,0
4413,105.1618114,207.4813811,0
4414,105.1618114,207.4813811,0
4415,105.1618114,207.4813811,0
4416,105.1618114,207.4813811,0
4417,105.1618114,207.4813811,0
4418,105.1618114,204.6391704,0
4419,105.1618114,204.6391704,0
4420,105.1618114,204.6391704,0
4421,105.1618114,204.6391704,0
4422,105.1618114,204.6391704,0
4423,105.1618114,204.6391704,0
4424,105.1618114,204.6391704,0
4425,105.1618114,204.6391704,0
4426,105.1618114,201.7969597,0
4427,105.1618114,201.7969597,0
4428,105.1618114,201.7969597,0
4429,105.1618114,204.6391704,0
4430,105.1618114,204.6391704,0
4431,105.1618114,204.6391704,0
4432,105.1618114,204.6391704,0
4433,105.1618114,204.6391704,0
4434,105.1618114,204.6391704,0
4435,105.1618114,204.6391704,0
4436,105.1618114,204.6391704,0
4437,105.1618114,204.6391704,0
4438,105.1618114,204.6391704,0
4439,105.1618114,204.6391704,0
4440,105.1618114,204.6391704,0
4441,105.1618114,204.6391704,0
4442,105.1618114,204.6391704,0
4443,105.1618114,204.6391704,0
4444,105.1618114,204.6391704,0
4445,105.1618114,204.6391704,0
4446,105.1618114,204.6391704,0
4447,105.1618114,204.6391704,0
4448,105.1618114,204.6391704,0
4449,105.1618114,204.6391704,0
4450,105.1618114,204.6391704,0
4451,105.1618114,204.6391704,0
4452,105.1618114,204.6391704,0
4453,105.1618114,204.6391704,0
4454,105.1618114,204.6391704,0
4455,105.1618114,204.6391704,0
4456,105.1618114,204.6391704,0
4457,105.1618114,204.6391704,0
4458,105.1618114,204.6391704,0
4459,105.1618114,204.6391704,0
4460,105.1618114,204.6391704,0
4461,105.1618114,204.6391704,0
4462,105.1618114,204.6391704,0
4463,105.1618114,204.6391704,0
4464,105.1618114,204.6391704,0
4465,105.1618114,204.6391704,0
4466,105.1618114,204.6391704,0
4467,105.1618114,204.6391704,0
4468,105.1618114,204.6391704,0
4469,105.1618114,204.6391704,0
4470,105.1618114,204.6391704,0
4471,105.1618114,204.6391704,0
4472,105.1618114,204.6391704,0
4473,105.1618114,204.6391704,0
4474,105.1618114,204.6391704,0
4475,105.1618114,204.6391704,0
4476,105.1618114,204.6391704,0
4477,105.1618114,204.6391704,0
4478,105.1618114,204.6391704,0
4479,105.1618114,204.6391704,0
4480,105.1618114,204.6391704,0
4481,105.1618114,204.6391704,0
4482,105.1618114,204.6391704,0
4483,105.1618114,204.6391704,0
4484,105.1618114,204.6391704,0
4485,105.1618114,204.6391704,0
4486,105.1618114,204.6391704,0
4487,102.3196003,204.6391704,0
4488,102.3196003,204.6391704,0
4489,102.3196003,204.6391704,0
4490,102.3196003,204.6391704,0
4491,102.3196003,204.6391704,0
4492,102.3196003,204.6391704,0
4493,102.3196003,204.6391704,0
4494,102.3196003,204.6391704,0
4495,102.3196003,204.6391704,0
4496,102.3196003,204.6391704,0
4497,102.3196003,204.6391704,0
4498,102.3196003,204.6391704,0
4499,102.3196003,204.6391704,0
4500,102.3196003,204.6391704,0
4501,102.3196003,204.6391704,0
4502,102.3196003,204.6391704,0
4503,102.3196003,204.6391704,0
4504,102.3196003,204.6391704,0
4505,102.3196003,204.6391704,0
4506,102.3196003,204.6391704,0
4507,102.3196003,204.6391704,0
4508,102.3196003,204.6391704,0
4509,102.3196003,204.6391704,0
4510,102.3196003,204.6391704,0
4511,102.3196003,204.6391704,0
4512,102.3196003,204.6391704,0
4513,102.3196003,204.6391704,0
4514,102.3196003,204.6391704,0
4515,102.3196003,204.6391704,0
4516,102.3196003,204.6391704,0
4517,102.3196003,204.6391704,0
4518,102.3196003,201.7969597,0
4519,102.3196003,201.7969597,0
4520,99.47738913,201.7969597,0
4521,99.47738913,201.7969597,0
4522,99.47738913,201.7969597,0
4523,99.47738913,201.7969597,0
4524,99.47738913,201.7969597,0
4525,99.47738913,201.7969597,0
4526,99.47738913,201.7969597,0
4527,99.47738913,201.7969597,0
4528,102.3196003,201.7969597,0
4529,102.3196003,201.7969597,0
4530,102.3196003,201.7969597,0
4531,102.3196003,201.7969597,0
4532,102.3196003,204.6391704,0
4533,102.3196003,204.6391704,0
4534,102.3196003,204.6391704,0
4535,102.3196003,204.6391704,0
4536,102.3196003,204.6391704,0
4537,102.3196003,204.6391704,0
4538,102.3196003,204.6391704,0
4539,102.3196003,204.6391704,0
4540,102.3196003,204.6391704,0
4541,102.3196003,204.6391704,0
4542,102.3196003,204.6391704,0
4543,102.3196003,204.6391704,0
4544,102.3196003,204.6391704,0
4545,102.3196003,204.6391704,0
4546,102.3196003,204.6391704,0
4547,102.3196003,204.6391704,0
4548,102.3196003,204.6391704,0
4549,102.3196003,204.6391704,0
4550,102.3196003,204.6391704,0
4551,102.3196003,204.6391704,0
4552,102.3196003,204.6391704,0
4553,102.3196003,204.6391704,0
4554,102.3196003,204.6391704,0
4555,102.3196003,204.6391704,0
4556,102.3196003,204.6391704,0
4557,102.3196003,204.6391704,0
4558,102.3196003,204.6391704,0
4559,102.3196003,204.6391704,0
4560,102.3196003,204.6391704,0
4561,102.3196003,204.6391704,0
4562,102.3196003,204.6391704,0
4563,102.3196003,204.6391704,0
4564,102.3196003,204.6391704,0
4565,102.3196003,204.6391704,0
4566,102.3196003,204.6391704,0
4567,102.3196003,204.6391704,0
4568,102.3196003,204.6391704,0
4569,102.3196003,204.6391704,0
4570,102.3196003,204.6391704,0
4571,102.3196003,204.6391704,0
4572,102.3196003,204.6391704,0
4573,102.3196003,204.6391704,0
4574,102.3196003,204.6391704,0
4575,102.3196003,204.6391704,0
4576,102.3196003,204.6391704,0
4577,102.3196003,204.6391704,0
4578,102.3196003,204.6391704,0
4579,102.3196003,204.6391704,0
4580,102.3196003,204.6391704,0
4581,102.3196003,204.6391704,0
4582,102.3196003,204.6391704,0
4583,102.3196003,204.6391704,0
4584,102.3196003,204.6391704,0
4585,102.3196003,204.6391704,0
4586,102.3196003,204.6391704,0
4587,102.3196003,204.6391704,0
4588,102.3196003,204.6391704,0
4589,102.3196003,204.6391704,0
4590,102.3196003,204.6391704,0
4591,102.3196003,204.6391704,0
4592,102.3196003,204.6391704,0
4593,102.3196003,204.6391704,0
4594,102.3196003,204.6391704,0
4595,102.3196003,204.6391704,0
4596,102.3196003,204.6391704,0
4597,102.3196003,204.6391704,0
4598,102.3196003,204.6391704,0
4599,102.3196003,204.6391704,0
4600,102.3196003,204.6391704,0
4601,102.3196003,204.6391704,0
4602,102.3196003,204.6391704,0
4603,102.3196003,204.6391704,0
4604,102.3196003,204.6391704,0
4605,102.3196003,204.6391704,0
4606,102.3196003,204.6391704,0
4607,102.3196003,204.6391704,0
4608,102.3196003,204.6391704,0
4609,102.3196003,204.6391704,0
4610,102.3196003,204.6391704,0
4611,102.3196003,204.6391704,0
4612,102.3196003,204.6391704,0
4613,102.3196003,204.6391704,0
4614,102.3196003,204.6391704,0
4615,102.3196003,204.6391704,0
4616,102.3196003,204.6391704,0
4617,102.3196003,204.6391704,0
4618,102.3196003,204.6391704,0
4619,102.3196003,204.6391704,0
4620,102.3196003,204.6391704,0
4621,102.3196003,204.6391704,0
4622,102.3196003,204.6391704,0
4623,102.3196003,204.6391704,0
4624,102.3196003,204.6391704,0
4625,102.3196003,204.6391704,0
4626,102.3196003,204.6391704,0
4627,102.3196003,204.6391704,0
4628,102.3196003,204.6391704,0
4629,102.3196003,204.6391704,0
4630,102.3196003,204.6391704,0
4631,102.3196003,204.6391704,0
4632,102.3196003,204.6391704,0
4633,102.3196003,204.6391704,0
4634,102.3196003,204.6391704,0
4635,102.3196003,204.6391704,0
4636,102.3196003,204.6391704,0
4637,102.3196003,204.6391704,0
4638,102.3196003,204.6391704,0
4639,102.3196003,204.6391704,0
4640,102.3196003,204.6391704,0
4641,102.3196003,204.6391704,0
4642,102.3196003,204.6391704,0
4643,102.3196003,204.6391704,0
4644,102.3196003,204.6391704,0
4645,102.3196003,204.6391704,0
4646,102.3196003,204.6391704,0
4647,102.3196003,204.6391704,0
4648,102.3196003,204.6391704,0
4649,102.3196003,204.6391704,0
4650,102.3196003,204.6391704,0
4651,102.3196003,204.6391704,0
4652,102.3196003,204.6391704,0
4653,102.3196003,204.6391704,0
4654,102.3196003,204.6391704,0
4655,102.3196003,204.6391704,0
4656,102.3196003,204.6391704,0
4657,102.3196003,204.6391704,0
4658,102.3196003,204.6391704,0
4659,102.3196003,204.6391704,0
4660,102.3196003,204.6391704,0
4661,102.3196003,204.6391704,0
4662,102.3196003,204.6391704,0
4663,102.3196003,204.6391704,0
4664,102.3196003,204.6391704,0
4665,102.3196003,204.6391704,0
4666,102.3196003,204.6391704,0
4667,102.3196003,204.6391704,0
4668,102.3196003,204.6391704,0
4669,102.3196003,204.6391704,0
4670,105.1618114,204.6391704,0
4671,105.1618114,204.6391704,0
4672,105.1618114,204.6391704,0
4673,105.1618114,204.6391704,0
4674,105.1618114,204.6391704,0
4675,105.1618114,204.6391704,0
4676,105.1618114,204.6391704,0
4677,105.1618114,204.6391704,0
4678,105.1618114,204.6391704,0
4679,105.1618114,204.6391704,0
4680,105.1618114,204.6391704,0
4681,105.1618114,204.6391704,0
4682,105.1618114,204.6391704,0
4683,105.1618114,204.6391704,0
4684,105.1618114,204.6391704,0
4685,105.1618114,204.6391704,0
4686,105.1618114,204.6391704,0
4687,105.1618114,204.6391704,0
4688,105.1618114,204.6391704,0
4689,105.1618114,204.6391704,0
4690,105.1618114,204.6391704,0
4691,105.1618114,204.6391704,0
4692,105.1618114,204.6391704,0
4693,105.1618114,204.6391704,0
4694,105.1618114,204.6391704,0
4695,105.1618114,204.6391704,0
4696,105.1618114,204.6391704,0
4697,105.1618114,204.6391704,0
4698,105.1618114,204.6391704,0
4699,105.1618114,204.6391704,0
4700,105.1618114,204.6391704,0
4701,105.1618114,204.6391704,0
4702,105.1618114,204.6391704,0
4703,105.1618114,204.6391704,0
4704,105.1618114,204.6391704,0
4705,105.1618114,204.6391704,0
4706,105.1618114,204.6391704,0
4707,105.1618114,204.6391704,0
4708,105.1618114,204.6391704,0
4709,105.1618114,204.6391704,0
4710,105.1618114,204.6391704,0
4711,105.1618114,204.6391704,0
4712,105.1618114,204.6391704,0
4713,105.1618114,204.6391704,0
4714,105.1618114,204.6391704,0
4715,105.1618114,204.6391704,0
4716,105.1618114,204.6391704,0
4717,105.1618114,204.6391704,0
4718,105.1618114,204.6391704,0
4719,105.1618114,204.6391704,0
4720,102.3196003,204.6391704,0
4721,102.3196003,204.6391704,0
4722,102.3196003,204.6391704,0
4723,102.3196003,204.6391704,0
4724,102.3196003,204.6391704,0
4725,105.1618114,204.6391704,0
4726,105.1618114,204.6391704,0
4727,105.1618114,204.6391704,0
4728,105.1618114,204.6391704,0
4729,105.1618114,204.6391704,0
4730,105.1618114,204.6391704,0
4731,105.1618114,204.6391704,0
4732,105.1618114,204.6391704,0
4733,105.1618114,204.6391704,0
4734,105.1618114,204.6391704,0
4735,105.1618114,204.6391704,0
4736,105.1618114,204.6391704,0
4737,105.1618114,204.6391704,0
4738,105.1618114,204.6391704,0
4739,105.1618114,204.6391704,0
4740,105.1618114,204.6391704,0
4741,105.1618114,204.6391704,0
4742,105.1618114,204.6391704,0
4743,105.1618114,204.6391704,0
4744,105.1618114,204.6391704,0
4745,105.1618114,204.6391704,0
4746,105.1618114,204.6391704,0
4747,105.1618114,204.6391704,0
4748,105.1618114,204.6391704,0
4749,105.1618114,204.6391704,0
4750,105.1618114,204.6391704,0
4751,105.1618114,204.6391704,0
4752,105.1618114,204.6391704,0
4753,105.1618114,204.6391704,0
4754,105.1618114,204.6391704,0
4755,105.1618114,204.6391704,0
4756,105.1618114,204.6391704,0
4757,105.1618114,204.6391704,0
4758,105.1618114,204.6391704,0
4759,105.1618114,204.6391704,0
4760,105.1618114,204.6391704,0
4761,105.1618114,204.6391704,0
4762,105.1618114,207.4813811,0
4763,105.1618114,207.4813811,0
4764,105.1618114,207.4813811,0
4765,105.1618114,207.4813811,0
4766,105.1618114,207.4813811,0
4767,105.1618114,207.4813811,0
4768,105.1618114,207.4813811,0
4769,105.1618114,207.4813811,0
4770,105.1618114,207.4813811,0
4771,105.1618114,207.4813811,0
4772,105.1618114,207.4813811,0
4773,105.1618114,207.4813811,0
4774,105.1618114,207.4813811,0
4775,102.3196003,207.4813811,0
4776,102.3196003,207.4813811,0
4777,102.3196003,207.4813811,0
4778,102.3196003,207.4813811,0
4779,102.3196003,207.4813811,0
4780,102.3196003,207.4813811,0
4781,102.3196003,207.4813811,0
4782,102.3196003,207.4813811,0
4783,102.3196003,207.4813811,0
4784,102.3196003,207.4813811,0
4785,102.3196003,207.4813811,0
4786,102.3196003,207.4813811,0
4787,102.3196003,207.4813811,0
4788,102.3196003,207.4813811,0
4789,102.3196003,207.4813811,0
4790,102.3196003,207.4813811,0
4791,102.3196003,207.4813811,0
4792,102.3196003,207.4813811,0
4793,102.3196003,207.4813811,0
4794,102.3196003,207.4813811,0
4795,102.3196003,207.4813811,0
4796,102.3196003,207.4813811,0
4797,102.3196003,207.4813811,0
4798,102.3196003,207.4813811,0
4799,102.3196003,207.4813811,0
4800,102.3196003,207.4813811,0
4801,102.3196003,207.4813811,0
4802,102.3196003,207.4813811,0
4803,102.3196003,207.4813811,0
4804,102.3196003,207.4813811,0
4805,102.3196003,207.4813811,0
4806,102.3196003,207.4813811,0
4807,102.3196003,207.4813811,0
4808,102.3196003,207.4813811,0
4809,102.3196003,207.4813811,0
4810,102.3196003,207.4813811,0
4811,102.3196003,207.4813811,0
4812,102.3196003,204.6391704,0
4813,102.3196003,204.6391704,0
4814,102.3196003,204.6391704,0
4815,102.3196003,204.6391704,0
4816,102.3196003,204.6391704,0
4817,102.3196003,204.6391704,0
4818,102.3196003,204.6391704,0
4819,102.3196003,204.6391704,0
4820,102.3196003,204.6391704,0
4821,102.3196003,204.6391704,0
4822,102.3196003,204.6391704,0
4823,102.3196003,204.6391704,0
4824,102.3196003,204.6391704,0
4825,102.3196003,204.6391704,0
4826,102.3196003,204.6391704,0
4827,102.3196003,204.6391704,0
4828,102.3196003,204.6391704,0
4829,102.3196003,204.6391704,0
4830,102.3196003,204.6391704,0
4831,102.3196003,204.6391704,0
4832,102.3196003,204.6391704,0
4833,102.3196003,204.6391704,0
4834,102.3196003,204.6391704,0
4835,102.3196003,204.6391704,0
4836,102.3196003,204.6391704,0
4837,102.3196003,204.6391704,0
4838,102.3196003,204.6391704,0
4839,102.3196003,204.6391704,0
4840,102.3196003,204.6391704,0
4841,102.3196003,204.6391704,0
4842,102.3196003,204.6391704,0
4843,102.3196003,204.6391704,0
4844,102.3196003,204.6391704,0
4845,102.3196003,204.6391704,0
4846,102.3196003,204.6391704,0
4847,102.3196003,204.6391704,0
4848,102.3196003,204.6391704,0
4849,102.3196003,204.6391704,0
4850,102.3196003,204.6391704,0
4851,102.3196003,204.6391704,0
4852,102.3196003,204.6391704,0
4853,102.3196003,204.6391704,0
4854,102.3196003,204.6391704,0
4855,102.3196003,204.6391704,0
4856,102.3196003,204.6391704,0
4857,102.3196003,204.6391704,0
4858,102.3196003,204.6391704,0
4859,102.3196003,204.6391704,0
4860,102.3196003,204.6391704,0
4861,102.3196003,204.6391704,0
4862,102.3196003,204.6391704,0
4863,102.3196003,204.6391704,0
4864,102.3196003,204.6391704,0
4865,102.3196003,204.6391704,0
4866,102.3196003,204.6391704,0
4867,102.3196003,204.6391704,0
4868,102.3196003,204.6391704,0
4869,102.3196003,201.7969597,0
4870,102.3196003,201.7969597,0
4871,102.3196003,201.7969597,0
4872,102.3196003,201.7969597,0
4873,102.3196003,201.7969597,0
4874,102.3196003,204.6391704,0
4875,102.3196003,204.6391704,0
4876,102.3196003,204.6391704,0
4877,102.3196003,204.6391704,0
4878,102.3196003,204.6391704,0
4879,102.3196003,204.6391704,0
4880,102.3196003,204.6391704,0
4881,102.3196003,204.6391704,0
4882,99.47738921,204.6391704,0
4883,99.47738921,204.6391704,0
4884,99.47738921,204.6391704,0
4885,99.47738921,204.6391704,0
4886,99.47738921,204.6391704,0
4887,99.47738921,204.6391704,0
4888,99.47738921,204.6391704,0
4889,99.47738921,204.6391704,0
4890,99.47738921,204.6391704,0
4891,99.47738921,204.6391704,0
4892,99.47738921,204.6391704,0
4893,99.47738921,204.6391704,0
4894,99.47738921,204.6391704,0
4895,99.47738921,204.6391704,0
4896,99.47738921,204.6391704,0
4897,99.47738921,204.6391704,0
4898,99.47738921,204.6391704,0
4899,99.47738921,204.6391704,0
4900,99.47738921,204.6391704,0
4901,99.47738921,204.6391704,0
4902,99.47738921,204.6391704,0
4903,99.47738921,204.6391704,0
4904,99.47738921,204.6391704,0
4905,99.47738921,204.6391704,0
4906,99.47738921,204.6391704,0
4907,99.47738921,204.6391704,0
4908,99.47738921,204.6391704,0
4909,99.47738921,204.6391704,0
4910,99.47738921,204.6391704,0
4911,102.3196003,204.6391704,0
4912,102.3196003,204.6391704,0
4913,102.3196003,204.6391704,0
4914,102.3196003,204.6391704,0
4915,102.3196003,204.6391704,0
4916,102.3196003,204.6391704,0
4917,102.3196003,204.6391704,0
4918,102.3196003,204.6391704,0
4919,102.3196003,204.6391704,0
4920,102.3196003,204.6391704,0
4921,102.3196003,204.6391704,0
4922,102.3196003,204.6391704,0
4923,102.3196003,204.6391704,0
4924,102.3196003,204.6391704,0
4925,102.3196003,204.6391704,0
4926,102.3196003,204.6391704,0
4927,102.3196003,204.6391704,0
4928,102.3196003,204.6391704,0
4929,102.3196003,204.6391704,0
4930,102.3196003,204.6391704,0
4931,102.3196003,204.6391704,0
4932,102.3196003,204.6391704,0
4933,102.3196003,204.6391704,0
4934,102.3196003,204.6391704,0
4935,102.3196003,204.6391704,0
4936,102.3196003,204.6391704,0
4937,102.3196003,204.6391704,0
4938,102.3196003,204.6391704,0
4939,102.3196003,204.6391704,0
4940,102.3196003,204.6391704,0
4941,102.3196003,204.6391704,0
4942,102.3196003,204.6391704,0
4943,102.3196003,204.6391704,0
4944,102.3196003,204.6391704,0
4945,102.3196003,204.6391704,0
4946,102.3196003,204.6391704,0
4947,102.3196003,204.6391704,0
4948,102.3196003,204.6391704,0
4949,102.3196003,204.6391704,0
4950,102.3196003,204.6391704,0
4951,102.3196003,204.6391704,0
4952,102.3196003,204.6391704,0
4953,102.3196003,204.6391704,0
4954,102.3196003,204.6391704,0
4955,102.3196003,204.6391704,0
4956,102.3196003,204.6391704,0
4957,102.3196003,204.6391704,0
4958,102.3196003,204.6391704,0
4959,102.3196003,204.6391704,0
4960,102.3196003,204.6391704,0
4961,102.3196003,204.6391704,0
4962,102.3196003,204.6391704,0
4963,102.3196003,204.6391704,0
4964,102.3196003,204.6391704,0
4965,102.3196003,204.6391704,0
4966,102.3196003,204.6391704,0
4967,102.3196003,204.6391704,0
4968,102.3196003,204.6391704,0
4969,102.3196003,204.6391704,0
4970,102.3196003,204.6391704,0
4971,102.3196003,204.6391704,0
4972,102.3196003,204.6391704,0
4973,102.3196003,204.6391704,0
4974,102.3196003,204.6391704,0
4975,102.3196003,204.6391704,0
4976,102.3196003,204.6391704,0
4977,102.3196003,204.6391704,0
4978,102.3196003,204.6391704,0
4979,102.3196003,204.6391704,0
4980,102.3196003,204.6391704,0
4981,102.3196003,204.6391704,0
4982,102.3196003,204.6391704,0
4983,102.3196003,204.6391704,0
4984,102.3196003,204.6391704,0
4985,102.3196003,204.6391704,0
4986,102.3196003,204.6391704,0
4987,102.3196003,204.6391704,0
4988,102.3196003,204.6391704,0
4989,102.3196003,204.6391704,0
4990,102.3196003,204.6391704,0
4991,102.3196003,204.6391704,0
4992,102.3196003,204.6391704,0
4993,102.3196003,204.6391704,0
4994,102.3196003,204.6391704,0
4995,102.3196003,204.6391704,0
4996,102.3196003,204.6391704,0
4997,102.3196003,204.6391704,0
4998,102.3196003,204.6391704,0
4999,102.3196003,204.6391704,0
5000,102.3196003,204.6391704,0
5001,102.3196003,204.6391704,0
5002,102.3196003,204.6391704,0
5003,102.3196003,204.6391704,0
5004,102.3196003,204.6391704,0
5005,102.3196003,204.6391704,0
5006,102.3196003,204.6391704,0
5007,102.3196003,204.6391704,0
5008,102.3196003,204.6391704,0
5009,102.3196003,204.6391704,0
5010,102.3196003,204.6391704,0
5011,102.3196003,204.6391704,0
5012,102.3196003,204.6391704,0
5013,102.3196003,204.6391704,0
5014,102.3196003,204.6391704,0
5015,102.3196003,204.6391704,0
5016,102.3196003,204.6391704,0
5017,102.3196003,204.6391704,0
5018,102.3196003,204.6391704,0
5019,102.3196003,204.6391704,0
5020,102.3196003,204.6391704,0
5021,102.3196003,204.6391704,0
5022,102.3196003,204.6391704,0
5023,102.3196003,204.6391704,0
5024,102.3196003,204.6391704,0
5025,102.3196003,204.6391704,0
5026,102.3196003,204.6391704,0
5027,102.3196003,204.6391704,0
5028,102.3196003,201.7969597,0
5029,102.3196003,201.7969597,0
5030,102.3196003,201.7969597,0
5031,102.3196003,201.7969597,0
5032,102.3196003,201.7969597,0
5033,102.3196003,201.7969597,0
5034,102.3196003,201.7969597,0
5035,102.3196003,201.7969597,0
5036,102.3196003,201.7969597,0
5037,102.3196003,201.7969597,0
5038,102.3196003,201.7969597,0
5039,102.3196003,201.7969597,0
5040,102.3196003,201.7969597,0
5041,102.3196003,201.7969597,0
5042,102.3196003,201.7969597,0
5043,102.3196003,201.7969597,0
5044,102.3196003,201.7969597,0
5045,102.3196003,201.7969597,0
5046,102.3196003,201.7969597,0
5047,102.3196003,201.7969597,0
5048,102.3196003,201.7969597,0
5049,102.3196003,201.7969597,0
5050,102.3196003,201.7969597,0
5051,102.3196003,201.7969597,0
5052,102.3196003,201.7969597,0
5053,102.3196003,201.7969597,0
5054,102.3196003,201.7969597,0
5055,102.3196003,201.7969597,0
5056,102.3196003,201.7969597,0
5057,102.3196003,201.7969597,0
5058,102.3196003,201.7969597,0
5059,102.3196003,201.7969597,0
5060,102.3196003,201.7969597,0
5061,102.3196003,201.7969597,0
5062,102.3196003,201.7969597,0
5063,102.3196003,201.7969597,0
5064,102.3196003,201.7969597,0
5065,105.1618114,201.7969597,0
5066,105.1618114,204.6391704,0
5067,105.1618114,204.6391704,0
5068,105.1618114,204.6391704,0
5069,105.1618114,204.6391704,0
5070,105.1618114,204.6391704,0
5071,105.1618114,204.6391704,0
5072,105.1618114,204.6391704,0
5073,105.1618114,204.6391704,0
5074,105.1618114,204.6391704,0
5075,105.1618114,204.6391704,0
5076,105.1618114,204.6391704,0
5077,105.1618114,204.6391704,0
5078,105.1618114,204.6391704,0
5079,105.1618114,204.6391704,0
5080,105.1618114,204.6391704,0
5081,105.1618114,204.6391704,0
5082,105.1618114,204.6391704,0
5083,105.1618114,204.6391704,0
5084,105.1618114,204.6391704,0
5085,105.1618114,204.6391704,0
5086,105.1618114,204.6391704,0
5087,105.1618114,204.6391704,0
5088,105.1618114,204.6391704,0
5089,105.1618114,204.6391704,0
5090,105.1618114,204.6391704,0
5091,105.1618114,204.6391704,0
5092,105.1618114,204.6391704,0
5093,105.1618114,204.6391704,0
5094,105.1618114,204.6391704,0
5095,105.1618114,204.6391704,0
5096,105.1618114,204.6391704,0
5097,105.1618114,204.6391704,0
5098,105.1618114,204.6391704,0
5099,105.1618114,204.6391704,0
5100,105.1618114,204.6391704,0
5101,105.1618114,204.6391704,0
5102,105.1618114,204.6391704,0
5103,105.1618114,204.6391704,0
5104,105.1618114,204.6391704,0
5105,105.1618114,204.6391704,0
5106,105.1618114,204.6391704,0
5107,105.1618114,204.6391704,0
5108,105.1618114,204.6391704,0
5109,105.1618114,204.6391704,0
5110,105.1618114,204.6391704,0
5111,105.1618114,204.6391704,0
5112,105.1618114,204.6391704,0
5113,105.1618114,204.6391704,0
5114,105.1618114,204.6391704,0
5115,105.1618114,204.6391704,0
5116,105.1618114,204.6391704,0
5117,105.1618114,204.6391704,0
5118,105.1618114,204.6391704,0
5119,105.1618114,204.6391704,0
5120,105.1618114,204.6391704,0
5121,105.1618114,204.6391704,0
5122,105.1618114,204.6391704,0
5123,105.1618114,204.6391704,0
5124,105.1618114,204.6391704,0
5125,105.1618114,204.6391704,0
5126,105.1618114,204.6391704,0
5127,105.1618114,204.6391704,0
5128,105.1618114,204.6391704,0
5129,105.1618114,204.6391704,0
5130,105.1618114,204.6391704,0
5131,105.1618114,207.4813811,0
5132,105.1618114,207.4813811,0
5133,105.1618114,207.4813811,0
5134,105.1618114,207.4813811,0
5135,105.1618114,207.4813811,0
5136,105.1618114,207.4813811,0
5137,105.1618114,207.4813811,0
5138,105.1618114,207.4813811,0
5139,105.1618114,207.4813811,0
5140,105.1618114,207.4813811,0
5141,105.1618114,207.4813811,0
5142,105.1618114,207.4813811,0
5143,105.1618114,207.4813811,0
5144,105.1618114,207.4813811,0
5145,105.1618114,207.4813811,0
5146,105.1618114,207.4813811,0
5147,105.1618114,207.4813811,0
5148,105.1618114,207.4813811,0
5149,105.1618114,207.4813811,0
5150,105.1618114,207.4813811,0
5151,105.1618114,207.4813811,0
5152,105.1618114,207.4813811,0
5153,105.1618114,207.4813811,0
5154,105.1618114,207.4813811,0
5155,105.1618114,207.4813811,0
5156,105.1618114,207.4813811,0
5157,105.1618114,207.4813811,0
5158,105.1618114,207.4813811,0
5159,105.1618114,207.4813811,0
5160,102.3196003,207.4813811,0
5161,102.3196003,207.4813811,0
5162,102.3196003,207.4813811,0
5163,102.3196003,207.4813811,0
5164,102.3196003,207.4813811,0
5165,102.3196003,207.4813811,0
5166,102.3196003,207.4813811,0
5167,102.3196003,207.4813811,0
5168,102.3196003,207.4813811,0
5169,102.3196003,207.4813811,0
5170,102.3196003,207.4813811,0
5171,102.3196003,207.4813811,0
5172,102.3196003,207.4813811,0
5173,102.3196003,207.4813811,0
5174,102.3196003,207.4813811,0
5175,102.3196003,207.4813811,0
5176,102.3196003,207.4813811,0
5177,102.3196003,207.4813811,0
5178,102.3196003,207.4813811,0
5179,102.3196003,207.4813811,0
5180,102.3196003,207.4813811,0
5181,99.47738921,204.6391704,0
5182,99.47738921,204.6391704,0
5183,99.47738921,204.6391704,0
5184,99.47738921,204.6391704,0
5185,99.47738921,204.6391704,0
5186,99.47738921,204.6391704,0
5187,99.47738921,204.6391704,0
5188,99.47738921,204.6391704,0
5189,99.47738921,204.6391704,0
5190,99.47738921,204.6391704,0
5191,99.47738921,204.6391704,0
5192,99.47738921,204.6391704,0
5193,99.47738921,204.6391704,0
5194,99.47738921,204.6391704,0
5195,99.47738921,204.6391704,0
5196,99.47738921,204.6391704,0
5197,99.47738921,204.6391704,0
5198,99.47738913,204.6391704,0
5199,99.47738913,204.6391704,0
5200,99.47738913,204.6391704,0
5201,99.47738913,204.6391704,0
5202,99.47738913,204.6391704,0
5203,99.47738913,204.6391704,0
5204,99.47738913,204.6391704,0
5205,99.47738913,204.6391704,0
5206,99.47738913,204.6391704,0
5207,99.47738913,204.6391704,0
5208,99.47738913,204.6391704,0
5209,99.47738913,204.6391704,0
5210,102.3196003,204.6391704,0
5211,102.3196003,204.6391704,0
5212,102.3196003,204.6391704,0
5213,102.3196003,207.4813811,0
5214,102.3196003,207.4813811,0
5215,102.3196003,207.4813811,0
5216,102.3196003,207.4813811,0
5217,102.3196003,207.4813811,0
5218,102.3196003,207.4813811,0
5219,102.3196003,207.4813811,0
5220,102.3196003,207.4813811,0
5221,102.3196003,207.4813811,0
5222,102.3196003,207.4813811,0
5223,102.3196003,207.4813811,0
5224,102.3196003,207.4813811,0
5225,102.3196003,207.4813811,0
5226,102.3196003,207.4813811,0
5227,102.3196003,207.4813811,0
5228,102.3196003,207.4813811,0
5229,102.3196003,207.4813811,0
5230,102.3196003,207.4813811,0
5231,102.3196003,207.4813811,0
5232,102.3196003,207.4813811,0
5233,102.3196003,207.4813811,0
5234,102.3196003,207.4813811,0
5235,102.3196003,207.4813811,0
5236,102.3196003,207.4813811,0
5237,102.3196003,207.4813811,0
5238,102.3196003,207.4813811,0
5239,110.8462336,207.4813811,0
5240,110.8462336,207.4813811,0
5241,110.8462336,207.4813811,0
5242,110.8462336,207.4813811,0
5243,110.8462336,207.4813811,0
5244,110.8462336,207.4813811,0
5245,110.8462336,207.4813811,0
5246,110.8462336,207.4813811,0
5247,110.8462336,207.4813811,0
5248,110.8462336,207.4813811,0
5249,110.8462336,207.4813811,0
5250,110.8462336,207.4813811,0
5251,110.8462336,207.4813811,0
5252,110.8462336,207.4813811,0
5253,110.8462336,207.4813811,0
5254,110.8462336,207.4813811,0
5255,110.8462336,207.4813811,0
5256,110.8462336,207.4813811,0
5257,110.8462336,207.4813811,0
5258,110.8462336,207.4813811,0
5259,110.8462336,207.4813811,0
5260,110.8462336,207.4813811,0
5261,110.8462336,207.4813811,0
5262,110.8462336,207.4813811,0
5263,110.8462336,204.6391704,0
5264,110.8462336,204.6391704,0
5265,119.3728669,204.6391704,0
5266,119.3728669,204.6391704,0
5267,119.3728669,204.6391704,0
5268,119.3728669,207.4813811,0
5269,119.3728669,207.4813811,0
5270,119.3728669,207.4813811,0
5271,119.3728669,207.4813811,0
5272,119.3728669,207.4813811,0
5273,119.3728669,207.4813811,0
5274,119.3728669,207.4813811,0
5275,119.3728669,207.4813811,0
5276,119.3728669,207.4813811,0
5277,119.3728669,207.4813811,0
5278,119.3728669,207.4813811,0
5279,119.3728669,207.4813811,0
5280,119.3728669,207.4813811,0
5281,119.3728669,207.4813811,0
5282,119.3728669,207.4813811,0
5283,119.3728669,207.4813811,0
5284,119.3728669,207.4813811,0
5285,119.3728669,207.4813811,0
5286,119.3728669,207.4813811,0
5287,119.3728669,207.4813811,0
5288,119.3728669,207.4813811,0
5289,119.3728669,207.4813811,0
5290,119.3728669,207.4813811,0
5291,119.3728669,207.4813811,0
5292,119.3728669,207.4813811,0
5293,119.3728669,207.4813811,0
5294,119.3728669,207.4813811,0
5295,119.3728669,207.4813811,0
5296,119.3728669,207.4813811,0
5297,119.3728669,207.4813811,0
5298,119.3728669,207.4813811,0
5299,119.3728669,207.4813811,0
5300,119.3728669,207.4813811,0
5301,119.3728669,207.4813811,0
5302,119.3728669,207.4813811,0
5303,119.3728669,207.4813811,0
5304,119.3728669,207.4813811,0
5305,119.3728669,207.4813811,0
5306,119.3728669,207.4813811,0
5307,119.3728669,207.4813811,0
5308,119.3728669,207.4813811,0
5309,119.3728669,207.4813811,0
5310,119.3728669,207.4813811,0
5311,119.3728669,207.4813811,0
5312,119.3728669,207.4813811,0
5313,119.3728669,207.4813811,0
5314,119.3728669,207.4813811,0
5315,116.5306559,207.4813811,0
5316,116.5306559,207.4813811,0
5317,116.5306559,207.4813811,0
5318,116.5306559,207.4813811,0
5319,116.5306559,207.4813811,0
5320,116.5306559,207.4813811,0
5321,116.5306559,207.4813811,0
5322,116.5306559,207.4813811,0
5323,116.5306559,207.4813811,0
5324,116.5306559,207.4813811,0
5325,116.5306559,207.4813811,0
5326,116.5306559,207.4813811,0
5327,119.3728669,207.4813811,0
5328,119.3728669,207.4813811,0
5329,119.3728669,207.4813811,0
5330,119.3728669,207.4813811,0
5331,119.3728669,207.4813811,0
5332,119.3728669,207.4813811,0
5333,119.3728669,207.4813811,0
5334,119.3728669,207.4813811,0
5335,119.3728669,207.4813811,0
5336,119.3728669,207.4813811,0
5337,119.3728669,207.4813811,0
5338,119.3728669,207.4813811,0
5339,119.3728669,207.4813811,0
5340,119.3728669,207.4813811,0
5341,119.3728669,207.4813811,0
5342,119.3728669,207.4813811,0
5343,119.3728669,207.4813811,0
5344,119.3728669,207.4813811,0
5345,119.3728669,207.4813811,0
5346,119.3728669,207.4813811,0
5347,119.3728669,207.4813811,0
5348,119.3728669,207.4813811,0
5349,119.3728669,207.4813811,0
5350,119.3728669,207.4813811,0
5351,119.3728669,207.4813811,0
5352,119.3728669,204.6391704,0
5353,119.3728669,204.6391704,0
5354,119.3728669,204.6391704,0
5355,119.3728669,204.6391704,0
5356,119.3728669,204.6391704,0
5357,119.3728669,204.6391704,0
5358,119.3728669,204.6391704,0
5359,119.3728669,204.6391704,0
5360,119.3728669,204.6391704,0
5361,119.3728669,204.6391704,0
5362,119.3728669,204.6391704,0
5363,119.3728669,204.6391704,0
5364,119.3728669,204.6391704,0
5365,119.3728669,204.6391704,0
5366,119.3728669,204.6391704,0
5367,119.3728669,204.6391704,0
5368,119.3728669,204.6391704,0
5369,119.3728669,204.6391704,0
5370,119.3728669,204.6391704,0
5371,119.3728669,204.6391704,0
5372,119.3728669,204.6391704,0
5373,119.3728669,204.6391704,0
5374,119.3728669,204.6391704,0
5375,119.3728669,204.6391704,0
5376,119.3728669,204.6391704,0
5377,116.5306558,204.6391704,0
5378,116.5306558,204.6391704,0
5379,116.5306558,204.6391704,0
5380,116.5306558,204.6391704,0
5381,113.6884448,204.6391704,0
5382,113.6884448,204.6391704,0
5383,113.6884448,204.6391704,0
5384,113.6884448,204.6391704,0
5385,113.6884448,204.6391704,0
5386,113.6884448,204.6391704,0
5387,113.6884448,204.6391704,0
5388,113.6884448,204.6391704,0
5389,113.6884448,204.6391704,0
5390,113.6884448,204.6391704,0
5391,113.6884448,204.6391704,0
5392,113.6884448,204.6391704,0
5393,113.6884448,204.6391704,0
5394,113.6884448,204.6391704,0
5395,113.6884448,204.6391704,0
5396,113.6884448,204.6391704,0
5397,113.6884448,204.6391704,0
5398,113.6884448,204.6391704,0
5399,113.6884448,204.6391704,0
5400,113.6884448,204.6391704,0
5401,113.6884448,204.6391704,0
5402,113.6884448,204.6391704,0
5403,113.6884448,204.6391704,0
5404,113.6884448,204.6391704,0
5405,113.6884448,204.6391704,0
5406,113.6884448,204.6391704,0
5407,113.6884448,204.6391704,0
5408,113.6884448,204.6391704,0
5409,113.6884448,204.6391704,0
5410,113.6884448,204.6391704,0
5411,113.6884448,204.6391704,0
5412,113.6884448,204.6391704,0
5413,113.6884448,204.6391704,0
5414,113.6884448,204.6391704,0
5415,113.6884448,204.6391704,0
5416,113.6884448,204.6391704,0
5417,113.6884448,204.6391704,0
5418,113.6884448,204.6391704,0
5419,110.8462336,204.6391704,0
5420,110.8462336,204.6391704,0
5421,110.8462336,204.6391704,0
5422,110.8462336,204.6391704,0
5423,113.6884448,204.6391704,0
5424,113.6884448,204.6391704,0
5425,113.6884448,204.6391704,0
5426,113.6884448,204.6391704,0
5427,113.6884448,204.6391704,0
5428,113.6884448,204.6391704,0
5429,113.6884448,204.6391704,0
5430,113.6884448,204.6391704,0
5431,113.6884448,204.6391704,0
5432,113.6884448,204.6391704,0
5433,113.6884448,204.6391704,0
5434,113.6884448,204.6391704,0
5435,113.6884448,204.6391704,0
5436,113.6884448,204.6391704,0
5437,113.6884448,204.6391704,0
5438,113.6884448,204.6391704,0
5439,113.6884448,204.6391704,0
5440,113.6884448,204.6391704,0
5441,113.6884448,204.6391704,0
5442,113.6884448,204.6391704,0
5443,113.6884448,204.6391704,0
5444,113.6884448,204.6391704,0
5445,113.6884448,204.6391704,0
5446,113.6884448,204.6391704,0
5447,113.6884448,204.6391704,0
5448,113.6884448,204.6391704,0
5449,113.6884448,204.6391704,0
5450,113.6884448,204.6391704,0
5451,113.6884448,204.6391704,0
5452,113.6884448,204.6391704,0
5453,113.6884448,204.6391704,0
5454,113.6884448,204.6391704,0
5455,113.6884448,204.6391704,0
5456,113.6884448,204.6391704,0
5457,113.6884448,204.6391704,0
5458,113.6884448,204.6391704,0
5459,113.6884448,204.6391704,0
5460,113.6884448,204.6391704,0
5461,113.6884448,204.6391704,0
5462,113.6884448,204.6391704,0
5463,113.6884448,204.6391704,0
5464,113.6884448,204.6391704,0
5465,113.6884448,204.6391704,0
5466,113.6884448,204.6391704,0
5467,113.6884448,204.6391704,0
5468,113.6884448,204.6391704,0
5469,113.6884448,204.6391704,0
5470,113.6884448,204.6391704,0
5471,113.6884448,204.6391704,0
5472,113.6884448,204.6391704,0
5473,113.6884447,204.6391704,0
5474,113.6884447,204.6391704,0
5475,113.6884447,204.6391704,0
5476,113.6884447,207.4813811,0
5477,113.6884447,207.4813811,0
5478,113.6884447,207.4813811,0
5479,113.6884447,207.4813811,0
5480,113.6884447,207.4813811,0
5481,113.6884447,207.4813811,0
5482,113.6884447,207.4813811,0
5483,113.6884447,207.4813811,0
5484,113.6884447,207.4813811,0
5485,113.6884447,207.4813811,0
5486,113.6884447,207.4813811,0
5487,113.6884447,207.4813811,0
5488,113.6884447,207.4813811,0
5489,113.6884447,207.4813811,0
5490,113.6884447,207.4813811,0
5491,113.6884447,207.4813811,0
5492,113.6884447,207.4813811,0
5493,113.6884447,207.4813811,0
5494,113.6884447,207.4813811,0
5495,113.6884447,207.4813811,0
5496,113.6884447,207.4813811,0
5497,113.6884447,207.4813811,0
5498,113.6884447,207.4813811,0
5499,113.6884447,207.4813811,0
5500,113.6884447,207.4813811,0
5501,113.6884447,207.4813811,0
5502,113.6884447,207.4813811,0
5503,113.6884447,207.4813811,0
5504,113.6884447,207.4813811,0
5505,113.6884447,207.4813811,0
5506,113.6884447,207.4813811,0
5507,113.6884447,207.4813811,0
5508,113.6884447,207.4813811,0
5509,113.6884447,207.4813811,0
5510,113.6884447,207.4813811,0
5511,113.6884447,207.4813811,0
5512,113.6884447,207.4813811,0
5513,113.6884447,207.4813811,0
5514,113.6884447,207.4813811,0
5515,113.6884448,207.4813811,0
5516,113.6884448,207.4813811,0
5517,113.6884448,207.4813811,0
5518,113.6884448,207.4813811,0
5519,113.6884448,207.4813811,0
5520,113.6884448,207.4813811,0
5521,113.6884448,207.4813811,0
5522,113.6884448,207.4813811,0
5523,113.6884448,207.4813811,0
5524,113.6884448,207.4813811,0
5525,113.6884448,207.4813811,0
5526,113.6884448,207.4813811,0
5527,113.6884448,207.4813811,0
5528,113.6884448,207.4813811,0
5529,113.6884448,207.4813811,0
5530,113.6884448,207.4813811,0
5531,113.6884448,207.4813811,0
5532,113.6884448,207.4813811,0
5533,113.6884448,207.4813811,0
5534,113.6884448,207.4813811,0
5535,113.6884448,207.4813811,0
5536,113.6884448,207.4813811,0
5537,113.6884448,207.4813811,0
5538,113.6884448,207.4813811,0
5539,113.6884448,207.4813811,0
5540,113.6884448,207.4813811,0
5541,113.6884448,207.4813811,0
5542,113.6884448,207.4813811,0
5543,113.6884448,207.4813811,0
5544,113.6884448,207.4813811,0
5545,113.6884448,207.4813811,0
5546,113.6884448,207.4813811,0
5547,113.6884448,207.4813811,0
5548,113.6884448,207.4813811,0
5549,113.6884448,207.4813811,0
5550,113.6884448,207.4813811,0
5551,113.6884448,207.4813811,0
5552,113.6884448,207.4813811,0
5553,113.6884448,207.4813811,0
5554,113.6884448,207.4813811,0
5555,113.6884448,207.4813811,0
5556,113.6884448,207.4813811,0
5557,113.6884448,207.4813811,0
5558,113.6884448,207.4813811,0
5559,113.6884448,207.4813811,0
5560,113.6884448,207.4813811,0
5561,113.6884448,207.4813811,0
5562,113.6884448,207.4813811,0
5563,113.6884448,207.4813811,0
5564,113.6884448,207.4813811,0
5565,113.6884447,207.4813811,0
5566,113.6884447,207.4813811,0
5567,113.6884447,207.4813811,0
5568,113.6884447,207.4813811,0
5569,113.6884447,207.4813811,0
5570,113.6884447,207.4813811,0
5571,113.6884447,207.4813811,0
5572,113.6884447,207.4813811,0
5573,113.6884447,207.4813811,0
5574,113.6884447,207.4813811,0
5575,113.6884447,207.4813811,0
5576,113.6884447,207.4813811,0
5577,113.6884447,207.4813811,0
5578,113.6884447,207.4813811,0
5579,113.6884447,207.4813811,0
5580,113.6884447,207.4813811,0
5581,113.6884447,207.4813811,0
5582,113.6884447,207.4813811,0
5583,113.6884447,207.4813811,0
5584,113.6884447,207.4813811,0
5585,113.6884447,207.4813811,0
5586,113.6884447,207.4813811,0
5587,113.6884447,207.4813811,0
5588,113.6884447,207.4813811,0
5589,113.6884447,207.4813811,0
5590,113.6884447,207.4813811,0
5591,113.6884447,207.4813811,0
5592,113.6884447,207.4813811,0
5593,113.6884447,207.4813811,0
5594,113.6884447,207.4813811,0
5595,113.6884447,207.4813811,0
5596,113.6884447,207.4813811,0
5597,113.6884447,207.4813811,0
5598,110.8462336,207.4813811,0
5599,110.8462336,207.4813811,0
5600,110.8462336,207.4813811,0
5601,110.8462336,207.4813811,0
5602,110.8462336,207.4813811,0
5603,110.8462336,207.4813811,0
5604,110.8462336,207.4813811,0
5605,110.8462336,207.4813811,0
5606,110.8462336,207.4813811,0
5607,110.8462336,207.4813811,0
5608,110.8462336,207.4813811,0
5609,110.8462336,207.4813811,0
5610,110.8462336,204.6391704,0
5611,110.8462336,204.6391704,0
5612,110.8462336,204.6391704,0
5613,110.8462336,204.6391704,0
5614,110.8462336,204.6391704,0
5615,110.8462336,204.6391704,0
5616,110.8462336,204.6391704,0
5617,110.8462336,204.6391704,0
5618,110.8462336,204.6391704,0
5619,110.8462336,204.6391704,0
5620,110.8462336,204.6391704,0
5621,110.8462336,207.4813811,0
5622,110.8462336,207.4813811,0
5623,110.8462336,207.4813811,0
5624,110.8462336,207.4813811,0
5625,110.8462336,207.4813811,0
5626,110.8462336,207.4813811,0
5627,110.8462336,207.4813811,0
5628,110.8462336,207.4813811,0
5629,110.8462336,207.4813811,0
5630,110.8462336,207.4813811,0
5631,110.8462336,207.4813811,0
5632,110.8462336,207.4813811,0
5633,110.8462336,207.4813811,0
5634,110.8462336,207.4813811,0
5635,110.8462336,207.4813811,0
5636,110.8462336,207.4813811,0
5637,110.8462336,207.4813811,0
5638,110.8462336,207.4813811,0
5639,110.8462336,207.4813811,0
5640,110.8462336,207.4813811,0
5641,110.8462336,207.4813811,0
5642,110.8462336,207.4813811,0
5643,110.8462336,207.4813811,0
5644,110.8462336,207.4813811,0
5645,110.8462336,207.4813811,0
5646,110.8462336,207.4813811,0
5647,110.8462336,207.4813811,0
5648,110.8462336,207.4813811,0
5649,110.8462336,207.4813811,0
5650,110.8462336,207.4813811,0
5651,108.0040225,207.4813811,0
5652,108.0040225,207.4813811,0
5653,108.0040225,207.4813811,0
5654,108.0040225,207.4813811,0
5655,108.0040225,207.4813811,0
5656,108.0040225,207.4813811,0
5657,108.0040225,207.4813811,0
5658,108.0040225,207.4813811,0
5659,108.0040225,207.4813811,0
5660,108.0040225,207.4813811,0
5661,108.0040225,207.4813811,0
5662,108.0040225,207.4813811,0
5663,108.0040225,207.4813811,0
5664,108.0040225,207.4813811,0
5665,108.0040225,207.4813811,0
5666,108.0040225,207.4813811,0
5667,108.0040225,207.4813811,0
5668,108.0040225,207.4813811,0
5669,108.0040225,207.4813811,0
5670,108.0040225,207.4813811,0
5671,108.0040225,207.4813811,0
5672,108.0040225,207.4813811,0
5673,108.0040225,207.4813811,0
5674,108.0040225,204.6391704,0
5675,108.0040224,204.6391704,0
5676,108.0040224,204.6391704,0
5677,108.0040224,204.6391704,0
5678,108.0040224,204.6391704,0
5679,108.0040224,204.6391704,0
5680,108.0040224,204.6391704,0
5681,108.0040224,204.6391704,0
5682,108.0040224,204.6391704,0
5683,108.0040224,204.6391704,0
5684,108.0040224,204.6391704,0
5685,108.0040225,204.6391704,0
5686,108.0040225,204.6391704,0
5687,108.0040225,204.6391704,0
5688,108.0040225,204.6391704,0
5689,108.0040225,204.6391704,0
5690,108.0040225,204.6391704,0
5691,108.0040225,204.6391704,0
5692,110.8462336,204.6391704,0
5693,110.8462336,204.6391704,0
5694,110.8462336,204.6391704,0
5695,110.8462336,204.6391704,0
5696,110.8462336,204.6391704,0
5697,110.8462336,204.6391704,0
5698,110.8462336,204.6391704,0
5699,110.8462336,204.6391704,0
5700,110.8462336,204.6391704,0
5701,110.8462336,204.6391704,0
5702,110.8462336,204.6391704,0
5703,110.8462336,204.6391704,0
5704,110.8462336,204.6391704,0
5705,110.8462336,204.6391704,0
5706,110.8462336,204.6391704,0
5707,110.8462336,204.6391704,0
5708,110.8462336,204.6391704,0
5709,110.8462336,204.6391704,0
5710,110.8462336,204.6391704,0
5711,110.8462336,204.6391704,0
5712,110.8462336,204.6391704,0
5713,110.8462336,204.6391704,0
5714,110.8462336,204.6391704,0
5715,110.8462336,204.6391704,0
5716,110.8462336,204.6391704,0
5717,110.8462336,204.6391704,0
5718,110.8462336,204.6391704,0
5719,110.8462336,204.6391704,0
5720,110.8462336,204.6391704,0
5721,110.8462336,204.6391704,0
5722,110.8462336,204.6391704,0
5723,110.8462336,204.6391704,0
5724,110.8462336,204.6391704,0
5725,110.8462336,204.6391704,0
5726,110.8462336,204.6391704,0
5727,110.8462336,204.6391704,0
5728,110.8462336,204.6391704,0
5729,110.8462336,204.6391704,0
5730,110.8462336,204.6391704,0
5731,110.8462336,204.6391704,0
5732,110.8462336,204.6391704,0
5733,110.8462336,204.6391704,0
5734,113.6884448,204.6391704,0
5735,113.6884448,204.6391704,0
5736,113.6884448,204.6391704,0
5737,113.6884448,204.6391704,0
5738,113.6884448,204.6391704,0
5739,113.6884448,204.6391704,0
5740,113.6884448,204.6391704,0
5741,113.6884448,204.6391704,0
5742,113.6884448,204.6391704,0
5743,113.6884448,204.6391704,0
5744,113.6884448,204.6391704,0
5745,113.6884448,204.6391704,0
5746,113.6884448,204.6391704,0
5747,113.6884448,204.6391704,0
5748,113.6884448,204.6391704,0
5749,113.6884448,204.6391704,0
5750,113.6884448,204.6391704,0
5751,113.6884448,204.6391704,0
5752,113.6884448,204.6391704,0
5753,113.6884448,204.6391704,0
5754,113.6884448,204.6391704,0
5755,113.6884448,204.6391704,0
5756,113.6884448,204.6391704,0
5757,113.6884448,204.6391704,0
5758,113.6884448,204.6391704,0
5759,113.6884448,207.4813811,0
5760,113.6884448,207.4813811,0
5761,113.6884448,207.4813811,0
5762,113.6884448,207.4813811,0
5763,113.6884448,207.4813811,0
5764,113.6884448,207.4813811,0
5765,113.6884448,207.4813811,0
5766,113.6884448,207.4813811,0
5767,113.6884448,207.4813811,0
5768,113.6884448,207.4813811,0
5769,113.6884448,207.4813811,0
5770,113.6884448,207.4813811,0
5771,113.6884448,207.4813811,0
5772,113.6884448,207.4813811,0
5773,113.6884448,207.4813811,0
5774,113.6884448,207.4813811,0
5775,113.6884448,207.4813811,0
5776,113.6884448,207.4813811,0
5777,113.6884448,207.4813811,0
5778,113.6884448,207.4813811,0
5779,113.6884448,207.4813811,0
5780,113.6884448,207.4813811,0
5781,113.6884448,207.4813811,0
5782,113.6884448,207.4813811,0
5783,113.6884448,207.4813811,0
5784,110.8462336,207.4813811,0
5785,110.8462336,207.4813811,0
5786,110.8462336,207.4813811,0
5787,110.8462336,207.4813811,0
5788,110.8462336,207.4813811,0
5789,110.8462336,207.4813811,0
5790,110.8462336,207.4813811,0
5791,110.8462336,207.4813811,0
5792,110.8462336,207.4813811,0
5793,110.8462336,207.4813811,0
5794,110.8462336,207.4813811,0
5795,110.8462336,207.4813811,0
5796,110.8462336,207.4813811,0
5797,110.8462336,207.4813811,0
5798,110.8462336,207.4813811,0
5799,110.8462336,207.4813811,0
5800,110.8462336,207.4813811,0
5801,110.8462336,207.4813811,0
5802,110.8462336,207.4813811,0
5803,110.8462336,207.4813811,0
5804,110.8462336,207.4813811,0
5805,110.8462336,207.4813811,0
5806,110.8462336,207.4813811,0
5807,110.8462336,207.4813811,0
5808,110.8462336,207.4813811,0
5809,110.8462336,207.4813811,0
5810,110.8462336,207.4813811,0
5811,110.8462336,207.4813811,0
5812,110.8462336,207.4813811,0
5813,110.8462336,207.4813811,0
5814,110.8462336,207.4813811,0
5815,110.8462336,207.4813811,0
5816,110.8462336,207.4813811,0
5817,110.8462336,207.4813811,0
5818,108.0040225,207.4813811,0
5819,108.0040225,207.4813811,0
5820,108.0040225,207.4813811,0
5821,108.0040225,207.4813811,0
5822,108.0040225,207.4813811,0
5823,108.0040225,207.4813811,0
5824,108.0040225,207.4813811,0
5825,108.0040225,207.4813811,0
5826,108.0040225,207.4813811,0
5827,108.0040225,207.4813811,0
5828,108.0040225,207.4813811,0
5829,108.0040225,207.4813811,0
5830,108.0040225,207.4813811,0
5831,108.0040225,207.4813811,0
5832,108.0040225,204.6391704,0
5833,108.0040225,204.6391704,0
5834,108.0040225,204.6391704,0
5835,108.0040225,204.6391704,0
5836,108.0040225,204.6391704,0
5837,108.0040225,204.6391704,0
5838,108.0040225,204.6391704,0
5839,108.0040225,204.6391704,0
5840,108.0040225,204.6391704,0
5841,108.0040225,204.6391704,0
5842,108.0040225,204.6391704,0
5843,108.0040225,204.6391704,0
5844,108.0040225,204.6391704,0
5845,108.0040225,204.6391704,0
5846,108.0040225,204.6391704,0
5847,108.0040225,204.6391704,0
5848,108.0040225,204.6391704,0
5849,108.0040225,204.6391704,0
5850,108.0040225,204.6391704,0
5851,108.0040225,204.6391704,0
5852,108.0040225,204.6391704,0
5853,108.0040225,204.6391704,0
5854,108.0040225,204.6391704,0
5855,108.0040225,204.6391704,0
5856,108.0040225,204.6391704,0
5857,108.0040225,204.6391704,0
5858,108.0040225,204.6391704,0
5859,108.0040225,204.6391704,0
5860,108.0040225,204.6391704,0
5861,108.0040225,204.6391704,0
5862,108.0040225,204.6391704,0
5863,108.0040225,204.6391704,0
5864,108.0040225,204.6391704,0
5865,108.0040225,204.6391704,0
5866,108.0040225,204.6391704,0
5867,108.0040225,204.6391704,0
5868,108.0040225,204.6391704,0
5869,108.0040225,204.6391704,0
5870,108.0040225,204.6391704,0
5871,108.0040225,204.6391704,0
5872,108.0040225,204.6391704,0
5873,108.0040225,204.6391704,0
5874,108.0040225,207.4813811,0
5875,108.0040225,207.4813811,0
5876,108.0040225,207.4813811,0
5877,108.0040225,207.4813811,0
5878,108.0040225,207.4813811,0
5879,108.0040225,207.4813811,0
5880,108.0040225,207.4813811,0
5881,108.0040225,207.4813811,0
5882,108.0040225,207.4813811,0
5883,108.0040225,207.4813811,0
5884,108.0040225,207.4813811,0
5885,108.0040225,207.4813811,0
5886,108.0040225,207.4813811,0
5887,108.0040225,207.4813811,0
5888,108.0040225,207.4813811,0
5889,108.0040225,207.4813811,0
5890,108.0040225,207.4813811,0
5891,108.0040225,207.4813811,0
5892,108.0040225,207.4813811,0
5893,108.0040226,207.4813811,0
5894,108.0040226,207.4813811,0
5895,108.0040226,207.4813811,0
5896,108.0040226,207.4813811,0
5897,108.0040226,207.4813811,0
5898,108.0040226,207.4813811,0
5899,108.0040226,207.4813811,0
5900,108.0040226,207.4813811,0
5901,108.0040226,207.4813811,0
5902,108.0040226,207.4813811,0
5903,108.0040226,207.4813811,0
5904,108.0040226,207.4813811,0
5905,108.0040226,207.4813811,0
5906,108.0040226,207.4813811,0
5907,108.0040226,207.4813811,0
5908,108.0040226,207.4813811,0
5909,108.0040226,207.4813811,0
5910,108.0040226,207.4813811,0
5911,108.0040226,207.4813811,0
5912,108.0040226,207.4813811,0
5913,108.0040226,207.4813811,0
5914,108.0040226,207.4813811,0
5915,108.0040226,207.4813811,0
5916,108.0040226,207.4813811,0
5917,108.0040226,207.4813811,0
5918,108.0040226,207.4813811,0
5919,108.0040226,207.4813811,0
5920,108.0040226,207.4813811,0
5921,108.0040226,207.4813811,0
5922,108.0040226,207.4813811,0
5923,108.0040226,207.4813811,0
5924,108.0040226,207.4813811,0
5925,108.0040226,207.4813811,0
5926,108.0040226,207.4813811,0
5927,108.0040226,207.4813811,0
5928,108.0040226,207.4813811,0
5929,108.0040226,207.4813811,0
5930,108.0040226,207.4813811,0
5931,108.0040226,207.4813811,0
5932,108.0040226,207.4813811,0
5933,108.0040226,207.4813811,0
5934,108.0040226,207.4813811,0
5935,108.0040226,207.4813811,0
5936,108.0040226,207.4813811,0
5937,108.0040226,207.4813811,0
5938,108.0040226,207.4813811,0
5939,108.0040226,207.4813811,0
5940,108.0040226,207.4813811,0
5941,108.0040226,207.4813811,0
5942,108.0040226,207.4813811,0
5943,108.0040225,207.4813811,0
5944,108.0040225,207.4813811,0
5945,108.0040225,207.4813811,0
5946,110.8462336,207.4813811,0
5947,110.8462336,207.4813811,0
5948,110.8462336,207.4813811,0
5949,110.8462336,207.4813811,0
5950,110.8462336,207.4813811,0
5951,110.8462336,207.4813811,0
5952,110.8462336,207.4813811,0
5953,110.8462336,207.4813811,0
5954,110.8462336,207.4813811,0
5955,110.8462336,207.4813811,0
5956,110.8462336,207.4813811,0
5957,110.8462336,207.4813811,0
5958,110.8462336,207.4813811,0
5959,110.8462336,207.4813811,0
5960,110.8462336,207.4813811,0
5961,110.8462336,207.4813811,0
5962,110.8462336,207.4813811,0
5963,110.8462336,204.6391704,0
5964,110.8462336,204.6391704,0
5965,110.8462336,204.6391704,0
5966,110.8462336,204.6391704,0
5967,110.8462336,204.6391704,0
5968,110.8462336,204.6391704,0
5969,110.8462336,204.6391704,0
5970,110.8462336,204.6391704,0
5971,110.8462336,204.6391704,0
5972,110.8462336,204.6391704,0
5973,110.8462336,204.6391704,0
5974,110.8462336,204.6391704,0
5975,110.8462336,204.6391704,0
5976,110.8462336,204.6391704,0
5977,110.8462336,204.6391704,0
5978,110.8462336,204.6391704,0
5979,110.8462336,204.6391704,0
5980,110.8462336,204.6391704,0
5981,110.8462336,204.6391704,0
5982,110.8462336,204.6391704,0
5983,110.8462336,204.6391704,0
5984,110.8462336,204.6391704,0
5985,110.8462336,204.6391704,0
5986,110.8462336,204.6391704,0
5987,110.8462336,204.6391704,0
5988,110.8462336,204.6391704,0
5989,110.8462336,204.6391704,0
5990,110.8462336,204.6391704,0
5991,110.8462336,204.6391704,0
5992,110.8462336,204.6391704,0
5993,110.8462336,204.6391704,0
5994,110.8462336,204.6391704,0
5995,110.8462336,204.6391704,0
5996,108.0040225,204.6391704,0
5997,108.0040225,204.6391704,0
5998,108.0040225,204.6391704,0
5999,108.0040225,204.6391704,0
6000,108.0040225,204.6391704,0
6001,108.0040225,204.6391704,0
6002,108.0040225,204.6391704,0
6003,108.0040225,204.6391704,0
6004,108.0040225,204.6391704,0
6005,108.0040225,204.6391704,0
6006,108.0040225,204.6391704,0
6007,108.0040225,204.6391704,0
6008,108.0040225,204.6391704,0
6009,108.0040225,204.6391704,0
6010,108.0040225,204.6391704,0
6011,108.0040225,204.6391704,0
6012,108.0040225,204.6391704,0
6013,108.0040225,204.6391704,0
6014,108.0040225,204.6391704,0
6015,108.0040225,204.6391704,0
6016,108.0040225,204.6391704,0
6017,108.0040225,204.6391704,0
6018,108.0040225,204.6391704,0
6019,108.0040225,204.6391704,0
6020,108.0040225,204.6391704,0
6021,108.0040225,204.6391704,0
6022,108.0040225,204.6391704,0
6023,108.0040225,204.6391704,0
6024,108.0040225,204.6391704,0
6025,105.1618114,204.6391704,0
6026,105.1618114,204.6391704,0
6027,105.1618114,204.6391704,0
6028,105.1618114,204.6391704,0
6029,110.8462336,204.6391704,0
6030,110.8462336,204.6391704,0
6031,110.8462336,204.6391704,0
6032,110.8462336,204.6391704,0
6033,110.8462336,204.6391704,0
6034,110.8462336,204.6391704,0
6035,110.8462336,204.6391704,0
6036,110.8462336,204.6391704,0
6037,110.8462336,204.6391704,0
6038,110.8462336,204.6391704,0
6039,110.8462336,204.6391704,0
6040,110.8462336,204.6391704,0
6041,110.8462336,204.6391704,0
6042,110.8462336,204.6391704,0
6043,110.8462336,204.6391704,0
6044,110.8462336,204.6391704,0
6045,110.8462336,204.6391704,0
6046,110.8462336,204.6391704,0
6047,110.8462336,204.6391704,0
6048,110.8462336,204.6391704,0
6049,110.8462336,204.6391704,0
6050,110.8462336,204.6391704,0
6051,110.8462336,204.6391704,0
6052,110.8462336,204.6391704,0
6053,110.8462336,204.6391704,0
6054,110.8462336,204.6391704,0
6055,110.8462336,204.6391704,0
6056,110.8462336,204.6391704,0
6057,110.8462336,204.6391704,0
6058,110.8462336,204.6391704,0
6059,110.8462336,204.6391704,0
6060,110.8462336,204.6391704,0
6061,110.8462336,204.6391704,0
6062,110.8462336,204.6391704,0
6063,110.8462336,204.6391704,0
6064,110.8462336,204.6391704,0
6065,110.8462336,204.6391704,0
6066,110.8462336,207.4813811,0
6067,110.8462336,207.4813811,0
6068,110.8462336,207.4813811,0
6069,110.8462336,207.4813811,0
6070,110.8462336,207.4813811,0
6071,110.8462336,207.4813811,0
6072,110.8462336,207.4813811,0
6073,110.8462336,207.4813811,0
6074,110.8462336,207.4813811,0
6075,110.8462336,207.4813811,0
6076,110.8462336,207.4813811,0
6077,110.8462336,207.4813811,0
6078,110.8462336,207.4813811,0
6079,110.8462336,207.4813811,0
6080,110.8462336,207.4813811,0
6081,110.8462336,207.4813811,0
6082,110.8462336,207.4813811,0
6083,110.8462336,207.4813811,0
6084,110.8462336,207.4813811,0
6085,110.8462336,207.4813811,0
6086,110.8462336,207.4813811,0
6087,110.8462336,207.4813811,0
6088,110.8462336,207.4813811,0
6089,110.8462336,207.4813811,0
6090,110.8462336,207.4813811,0
6091,110.8462336,207.4813811,0
6092,110.8462336,207.4813811,0
6093,110.8462336,207.4813811,0
6094,110.8462336,207.4813811,0
6095,110.8462336,207.4813811,0
6096,110.8462336,207.4813811,0
6097,110.8462336,207.4813811,0
6098,110.8462336,207.4813811,0
6099,110.8462336,207.4813811,0
6100,110.8462336,207.4813811,0
6101,110.8462336,207.4813811,0
6102,110.8462336,207.4813811,0
6103,110.8462336,207.4813811,0
6104,110.8462336,207.4813811,0
6105,110.8462336,207.4813811,0
6106,110.8462336,207.4813811,0
6107,110.8462336,207.4813811,0
6108,110.8462336,207.4813811,0
6109,110.8462336,207.4813811,0
6110,110.8462336,207.4813811,0
6111,110.8462336,207.4813811,0
6112,110.8462336,207.4813811,0
6113,110.8462336,207.4813811,0
6114,110.8462336,207.4813811,0
6115,110.8462336,207.4813811,0
6116,110.8462336,204.6391704,0
6117,110.8462336,204.6391704,0
6118,110.8462336,204.6391704,0
6119,110.8462336,204.6391704,0
6120,110.8462336,204.6391704,0
6121,110.8462336,204.6391704,0
6122,110.8462336,204.6391704,0
6123,110.8462336,204.6391704,0
6124,110.8462336,204.6391704,0
6125,110.8462336,204.6391704,0
6126,110.8462336,204.6391704,0
6127,110.8462336,204.6391704,0
6128,110.8462336,204.6391704,0
6129,110.8462336,204.6391704,0
6130,110.8462336,204.6391704,0
6131,110.8462336,204.6391704,0
6132,110.8462336,204.6391704,0
6133,110.8462336,204.6391704,0
6134,110.8462336,204.6391704,0
6135,110.8462336,204.6391704,0
6136,110.8462336,204.6391704,0
6137,110.8462336,204.6391704,0
6138,110.8462336,204.6391704,0
6139,110.8462336,204.6391704,0
6140,110.8462336,204.6391704,0
6141,110.8462336,204.6391704,0
6142,110.8462336,204.6391704,0
6143,110.8462336,204.6391704,0
6144,110.8462336,204.6391704,0
6145,110.8462336,204.6391704,0
6146,110.8462336,204.6391704,0
6147,110.8462336,204.6391704,0
6148,110.8462336,204.6391704,0
6149,110.8462336,204.6391704,0
6150,110.8462336,204.6391704,0
6151,110.8462336,204.6391704,0
6152,110.8462336,204.6391704,0
6153,110.8462336,204.6391704,0
6154,110.8462336,204.6391704,0
6155,110.8462336,204.6391704,0
6156,110.8462336,204.6391704,0
6157,110.8462336,204.6391704,0
6158,110.8462336,204.6391704,0
6159,110.8462336,204.6391704,0
6160,110.8462336,204.6391704,0
6161,110.8462336,204.6391704,0
6162,110.8462336,204.6391704,0
6163,110.8462336,204.6391704,0
6164,110.8462336,204.6391704,0
6165,110.8462336,204.6391704,0
6166,110.8462336,204.6391704,0
6167,110.8462336,204.6391704,0
6168,110.8462336,204.6391704,0
6169,110.8462336,204.6391704,0
6170,110.8462336,204.6391704,0
6171,110.8462336,204.6391704,0
6172,110.8462336,204.6391704,0
6173,110.8462336,204.6391704,0
6174,110.8462336,204.6391704,0
6175,110.8462336,204.6391704,0
6176,110.8462336,204.6391704,0
6177,110.8462336,204.6391704,0
6178,108.0040225,204.6391704,0
6179,108.0040225,204.6391704,0
6180,108.0040225,204.6391704,0
6181,108.0040225,204.6391704,0
6182,108.0040225,204.6391704,0
6183,108.0040225,204.6391704,0
6184,108.0040225,204.6391704,0
6185,108.0040225,204.6391704,0
6186,108.0040225,204.6391704,0
6187,108.0040225,204.6391704,0
6188,108.0040225,204.6391704,0
6189,108.0040225,204.6391704,0
6190,108.0040225,204.6391704,0
6191,108.0040225,204.6391704,0
6192,108.0040225,204.6391704,0
6193,108.0040225,204.6391704,0
6194,108.0040225,204.6391704,0
6195,108.0040225,204.6391704,0
6196,108.0040225,204.6391704,0
6197,108.0040225,204.6391704,0
6198,108.0040225,204.6391704,0
6199,108.0040225,204.6391704,0
6200,108.0040225,204.6391704,0
6201,108.0040225,204.6391704,0
6202,108.0040225,204.6391704,0
6203,108.0040225,204.6391704,0
6204,108.0040225,204.6391704,0
6205,108.0040225,204.6391704,0
6206,108.0040225,204.6391704,0
6207,108.0040225,204.6391704,0
6208,108.0040225,204.6391704,0
6209,108.0040225,204.6391704,0
6210,108.0040225,204.6391704,0
6211,108.0040225,204.6391704,0
6212,108.0040225,204.6391704,0
6213,108.0040225,204.6391704,0
6214,108.0040225,204.6391704,0
6215,108.0040225,204.6391704,0
6216,108.0040225,204.6391704,0
6217,108.0040225,204.6391704,0
6218,108.0040225,204.6391704,0
6219,108.0040225,204.6391704,0
6220,108.0040225,204.6391704,0
6221,108.0040225,204.6391704,0
6222,108.0040225,204.6391704,0
6223,108.0040225,204.6391704,0
6224,108.0040225,204.6391704,0
6225,108.0040225,204.6391704,0
6226,108.0040225,204.6391704,0
6227,108.0040225,204.6391704,0
6228,110.8462336,204.6391704,0
6229,110.8462336,204.6391704,0
6230,110.8462336,204.6391704,0
6231,110.8462336,207.4813811,0
6232,110.8462336,207.4813811,0
6233,110.8462336,207.4813811,0
6234,110.8462336,207.4813811,0
6235,110.8462336,207.4813811,0
6236,110.8462336,207.4813811,0
6237,110.8462336,207.4813811,0
6238,110.8462336,207.4813811,0
6239,110.8462336,207.4813811,0
6240,110.8462336,207.4813811,0
6241,110.8462336,207.4813811,0
6242,110.8462336,207.4813811,0
6243,110.8462336,207.4813811,0
6244,110.8462336,207.4813811,0
6245,110.8462336,207.4813811,0
6246,110.8462336,207.4813811,0
6247,110.8462336,207.4813811,0
6248,110.8462336,207.4813811,0
6249,110.8462336,207.4813811,0
6250,110.8462336,207.4813811,0
6251,110.8462336,207.4813811,0
6252,110.8462336,207.4813811,0
6253,110.8462336,207.4813811,0
6254,110.8462336,207.4813811,0
6255,110.8462336,207.4813811,0
6256,110.8462336,207.4813811,0
6257,110.8462336,207.4813811,0
6258,110.8462336,207.4813811,0
6259,110.8462336,207.4813811,0
6260,110.8462336,207.4813811,0
6261,110.8462336,207.4813811,0
6262,110.8462336,207.4813811,0
6263,110.8462336,207.4813811,0
6264,110.8462336,207.4813811,0
6265,110.8462336,207.4813811,0
6266,110.8462336,207.4813811,0
6267,110.8462336,207.4813811,0
6268,110.8462336,207.4813811,0
6269,110.8462336,207.4813811,0
6270,110.8462336,207.4813811,0
6271,110.8462336,207.4813811,0
6272,110.8462336,207.4813811,0
6273,110.8462336,207.4813811,0
6274,110.8462336,207.4813811,0
6275,110.8462336,207.4813811,0
6276,110.8462336,207.4813811,0
6277,110.8462336,207.4813811,0
6278,108.0040225,207.4813811,0
6279,108.0040225,207.4813811,0
6280,108.0040225,207.4813811,0
6281,108.0040225,204.6391704,0
6282,108.0040225,204.6391704,0
6283,108.0040225,204.6391704,0
6284,108.0040225,204.6391704,0
6285,108.0040225,204.6391704,0
6286,108.0040225,204.6391704,0
6287,108.0040225,204.6391704,0
6288,108.0040225,204.6391704,0
6289,108.0040225,204.6391704,0
6290,108.0040225,204.6391704,0
6291,108.0040225,204.6391704,0
6292,108.0040225,204.6391704,0
6293,108.0040225,204.6391704,0
6294,108.0040225,204.6391704,0
6295,108.0040225,204.6391704,0
6296,108.0040225,204.6391704,0
6297,108.0040225,204.6391704,0
6298,108.0040225,207.4813811,0
6299,108.0040225,207.4813811,0
6300,108.0040225,207.4813811,0
6301,108.0040225,207.4813811,0
6302,108.0040226,207.4813811,0
6303,108.0040226,207.4813811,0
6304,108.0040226,207.4813811,0
6305,108.0040226,207.4813811,0
6306,108.0040226,207.4813811,0
6307,108.0040226,207.4813811,0
6308,108.0040226,207.4813811,0
6309,108.0040226,207.4813811,0
6310,108.0040226,207.4813811,0
6311,108.0040226,207.4813811,0
6312,108.0040226,207.4813811,0
6313,108.0040226,207.4813811,0
6314,108.0040226,207.4813811,0
6315,108.0040226,207.4813811,0
6316,108.0040226,207.4813811,0
6317,108.0040226,207.4813811,0
6318,108.0040226,207.4813811,0
6319,108.0040226,207.4813811,0
6320,108.0040226,207.4813811,0
6321,108.0040226,207.4813811,0
6322,108.0040226,207.4813811,0
6323,108.0040226,207.4813811,0
6324,108.0040226,207.4813811,0
6325,108.0040226,207.4813811,0
6326,108.0040226,207.4813811,0
6327,108.0040226,207.4813811,0
6328,108.0040226,207.4813811,0
6329,108.0040226,207.4813811,0
6330,108.0040226,207.4813811,0
6331,108.0040226,207.4813811,0
6332,108.0040226,207.4813811,0
6333,108.0040226,207.4813811,0
6334,108.0040226,207.4813811,0
6335,108.0040226,207.4813811,0
6336,108.0040226,207.4813811,0
6337,108.0040226,207.4813811,0
6338,110.8462336,207.4813811,0
6339,110.8462336,207.4813811,0
6340,110.8462336,207.4813811,0
6341,110.8462336,207.4813811,0
6342,110.8462336,207.4813811,0
6343,110.8462336,207.4813811,0
6344,110.8462336,207.4813811,0
6345,110.8462336,207.4813811,0
6346,110.8462336,207.4813811,0
6347,110.8462336,207.4813811,0
6348,110.8462336,204.6391704,0
6349,110.8462336,204.6391704,0
6350,110.8462336,204.6391704,0
6351,110.8462336,204.6391704,0
6352,110.8462336,204.6391704,0
6353,110.8462336,204.6391704,0
6354,110.8462336,204.6391704,0
6355,110.8462336,204.6391704,0
6356,110.8462336,204.6391704,0
6357,110.8462336,204.6391704,0
6358,110.8462336,204.6391704,0
6359,110.8462336,204.6391704,0
6360,110.8462336,204.6391704,0
6361,110.8462336,204.6391704,0
6362,110.8462336,204.6391704,0
6363,110.8462336,204.6391704,0
6364,110.8462336,204.6391704,0
6365,110.8462336,204.6391704,0
6366,110.8462336,204.6391704,0
6367,110.8462336,204.6391704,0
6368,110.8462336,204.6391704,0
6369,110.8462336,204.6391704,0
6370,110.8462336,204.6391704,0
6371,110.8462336,204.6391704,0
6372,110.8462336,204.6391704,0
6373,110.8462336,204.6391704,0
6374,110.8462336,204.6391704,0
6375,110.8462336,204.6391704,0
6376,110.8462336,204.6391704,0
6377,110.8462336,204.6391704,0
6378,110.8462336,204.6391704,0
6379,110.8462336,204.6391704,0
6380,110.8462336,204.6391704,0
6381,110.8462336,204.6391704,0
6382,110.8462336,204.6391704,0
6383,110.8462336,204.6391704,0
6384,110.8462336,204.6391704,0
6385,110.8462336,204.6391704,0
6386,110.8462336,204.6391704,0
6387,110.8462336,204.6391704,0
6388,108.0040225,204.6391704,0
6389,108.0040225,204.6391704,0
6390,108.0040225,204.6391704,0
6391,108.0040225,204.6391704,0
6392,108.0040225,204.6391704,0
6393,108.0040225,204.6391704,0
6394,108.0040225,204.6391704,0
6395,108.0040225,204.6391704,0
6396,108.0040225,204.6391704,0
6397,108.0040225,204.6391704,0
6398,108.0040225,204.6391704,0
6399,108.0040225,204.6391704,0
6400,108.0040225,204.6391704,0
6401,108.0040225,204.6391704,0
6402,108.0040225,204.6391704,0
6403,108.0040225,204.6391704,0
6404,108.0040225,204.6391704,0
6405,108.0040225,204.6391704,0
6406,108.0040225,204.6391704,0
6407,108.0040225,204.6391704,0
6408,108.0040225,204.6391704,0
6409,108.0040225,204.6391704,0
6410,108.0040225,204.6391704,0
6411,108.0040225,204.6391704,0
6412,108.0040225,204.6391704,0
6413,108.0040225,204.6391704,0
6414,108.0040225,204.6391704,0
6415,108.0040225,204.6391704,0
6416,108.0040225,204.6391704,0
6417,108.0040225,204.6391704,0
6418,108.0040225,204.6391704,0
6419,108.0040225,204.6391704,0
6420,108.0040225,207.4813811,0
6421,108.0040224,207.4813811,0
6422,108.0040224,207.4813811,0
6423,108.0040224,207.4813811,0
6424,108.0040224,207.4813811,0
6425,108.0040224,207.4813811,0
6426,108.0040224,207.4813811,0
6427,108.0040224,207.4813811,0
6428,108.0040224,207.4813811,0
6429,108.0040224,207.4813811,0
6430,108.0040224,207.4813811,0
6431,108.0040226,207.4813811,0
6432,108.0040226,207.4813811,0
6433,108.0040226,207.4813811,0
6434,108.0040226,207.4813811,0
6435,108.0040226,207.4813811,0
6436,108.0040226,207.4813811,0
6437,108.0040226,207.4813811,0
6438,108.0040226,207.4813811,0
6439,108.0040226,207.4813811,0
6440,108.0040226,207.4813811,0
6441,108.0040226,207.4813811,0
6442,108.0040226,207.4813811,0
6443,108.0040226,207.4813811,0
6444,108.0040226,207.4813811,0
6445,108.0040226,207.4813811,0
6446,108.0040226,207.4813811,0
6447,108.0040226,207.4813811,0
6448,108.0040226,207.4813811,0
6449,108.0040226,207.4813811,0
6450,108.0040226,207.4813811,0
6451,108.0040226,207.4813811,0
6452,108.0040226,207.4813811,0
6453,108.0040226,207.4813811,0
6454,108.0040226,207.4813811,0
6455,108.0040226,207.4813811,0
6456,108.0040226,207.4813811,0
6457,108.0040226,207.4813811,0
6458,108.0040226,207.4813811,0
6459,108.0040226,207.4813811,0
6460,108.0040226,207.4813811,0
6461,108.0040226,207.4813811,0
6462,108.0040226,207.4813811,0
6463,108.0040226,207.4813811,0
6464,108.0040226,207.4813811,0
6465,108.0040226,207.4813811,0
6466,108.0040226,207.4813811,0
6467,108.0040226,207.4813811,0
6468,108.0040226,207.4813811,0
6469,108.0040226,207.4813811,0
6470,108.0040226,204.6391704,0
6471,108.0040226,204.6391704,0
6472,108.0040226,204.6391704,0
6473,108.0040226,204.6391704,0
6474,108.0040226,204.6391704,0
6475,108.0040226,204.6391704,0
6476,108.0040226,204.6391704,0
6477,108.0040226,204.6391704,0
6478,108.0040226,204.6391704,0
6479,108.0040226,204.6391704,0
6480,108.0040226,204.6391704,0
6481,108.0040225,207.4813811,0
6482,108.0040225,207.4813811,0
6483,108.0040225,207.4813811,0
6484,108.0040225,207.4813811,0
6485,108.0040225,207.4813811,0
6486,108.0040225,207.4813811,0
6487,108.0040225,207.4813811,0
6488,108.0040225,207.4813811,0
6489,108.0040225,207.4813811,0
6490,108.0040225,207.4813811,0
6491,108.0040225,207.4813811,0
6492,108.0040225,207.4813811,0
6493,108.0040225,207.4813811,0
6494,108.0040225,207.4813811,0
6495,108.0040225,207.4813811,0
6496,108.0040224,207.4813811,0
6497,108.0040224,207.4813811,0
6498,108.0040224,207.4813811,0
6499,108.0040224,207.4813811,0
6500,108.0040224,207.4813811,0
6501,108.0040224,207.4813811,0
6502,108.0040224,207.4813811,0
6503,108.0040224,207.4813811,0
6504,108.0040224,207.4813811,0
6505,108.0040224,207.4813811,0
6506,108.0040224,207.4813811,0
6507,108.0040224,207.4813811,0
6508,108.0040224,207.4813811,0
6509,108.0040224,207.4813811,0
6510,108.0040224,207.4813811,0
6511,108.0040224,207.4813811,0
6512,108.0040224,207.4813811,0
6513,108.0040224,207.4813811,0
6514,108.0040224,207.4813811,0
6515,108.0040224,207.4813811,0
6516,108.0040224,207.4813811,0
6517,108.0040224,207.4813811,0
6518,108.0040224,207.4813811,0
6519,108.0040224,207.4813811,0
6520,108.0040224,207.4813811,0
6521,108.0040224,207.4813811,0
6522,108.0040224,207.4813811,0
6523,108.0040225,207.4813811,0
6524,108.0040225,207.4813811,0
6525,108.0040225,207.4813811,0
6526,108.0040225,207.4813811,0
6527,108.0040225,207.4813811,0
6528,108.0040225,207.4813811,0
6529,108.0040225,207.4813811,0
6530,108.0040225,207.4813811,0
6531,108.0040225,207.4813811,0
6532,108.0040225,207.4813811,0
6533,108.0040226,207.4813811,0
6534,108.0040226,207.4813811,0
6535,108.0040226,207.4813811,0
6536,108.0040226,207.4813811,0
6537,108.0040226,207.4813811,0
6538,108.0040226,207.4813811,0
6539,108.0040226,207.4813811,0
6540,108.0040226,207.4813811,0
6541,108.0040226,207.4813811,0
6542,108.0040226,207.4813811,0
6543,108.0040226,207.4813811,0
6544,108.0040226,207.4813811,0
6545,108.0040226,207.4813811,0
6546,108.0040226,207.4813811,0
6547,108.0040226,207.4813811,0
6548,110.8462336,207.4813811,0
6549,110.8462336,207.4813811,0
6550,110.8462336,207.4813811,0
6551,110.8462336,207.4813811,0
6552,110.8462336,207.4813811,0
6553,110.8462336,207.4813811,0
6554,110.8462336,207.4813811,0
6555,110.8462336,207.4813811,0
6556,110.8462336,207.4813811,0
6557,110.8462336,207.4813811,0
6558,110.8462336,207.4813811,0
6559,110.8462336,207.4813811,0
6560,110.8462336,207.4813811,0
6561,110.8462336,207.4813811,0
6562,110.8462336,207.4813811,0
6563,110.8462336,207.4813811,0
6564,110.8462336,207.4813811,0
6565,110.8462336,207.4813811,0
6566,110.8462336,204.6391704,0
6567,110.8462336,204.6391704,0
6568,110.8462336,204.6391704,0
6569,110.8462336,204.6391704,0
6570,110.8462336,204.6391704,0
6571,110.8462336,204.6391704,0
6572,110.8462336,204.6391704,0
6573,110.8462336,204.6391704,0
6574,110.8462336,204.6391704,0
6575,110.8462336,204.6391704,0
6576,110.8462336,204.6391704,0
6577,110.8462336,204.6391704,0
6578,110.8462336,204.6391704,0
6579,110.8462336,204.6391704,0
6580,110.8462336,204.6391704,0
6581,110.8462336,204.6391704,0
6582,110.8462336,204.6391704,0
6583,110.8462336,204.6391704,0
6584,110.8462336,204.6391704,0
6585,110.8462336,204.6391704,0
6586,110.8462336,204.6391704,0
6587,110.8462336,204.6391704,0
6588,110.8462336,204.6391704,0
6589,110.8462336,204.6391704,0
6590,110.8462336,204.6391704,0
6591,110.8462336,204.6391704,0
6592,110.8462336,207.4813811,0
6593,110.8462336,207.4813811,0
6594,110.8462336,207.4813811,0
6595,110.8462336,207.4813811,0
6596,110.8462336,207.4813811,0
6597,110.8462336,207.4813811,0
6598,110.8462336,207.4813811,0
6599,110.8462336,207.4813811,0
6600,110.8462336,207.4813811,0
6601,110.8462336,207.4813811,0
6602,110.8462336,207.4813811,0
6603,110.8462336,207.4813811,0
6604,110.8462336,207.4813811,0
6605,110.8462336,207.4813811,0
6606,110.8462336,207.4813811,0
6607,110.8462336,207.4813811,0
6608,110.8462336,207.4813811,0
6609,110.8462336,207.4813811,0
6610,110.8462336,207.4813811,0
6611,110.8462336,207.4813811,0
6612,110.8462336,207.4813811,0
6613,110.8462336,207.4813811,0
6614,110.8462336,207.4813811,0
6615,110.8462336,207.4813811,0
6616,110.8462336,207.4813811,0
6617,110.8462336,207.4813811,0
6618,110.8462336,207.4813811,0
6619,110.8462336,207.4813811,0
6620,110.8462336,207.4813811,0
6621,110.8462336,207.4813811,0
6622,110.8462336,207.4813811,0
6623,110.8462336,207.4813811,0
6624,110.8462336,207.4813811,0
6625,110.8462336,207.4813811,0
6626,110.8462336,207.4813811,0
6627,110.8462336,207.4813811,0
6628,110.8462336,207.4813811,0
6629,110.8462336,207.4813811,0
6630,110.8462336,207.4813811,0
6631,110.8462336,207.4813811,0
6632,110.8462336,207.4813811,0
6633,110.8462336,207.4813811,0
6634,110.8462336,207.4813811,0
6635,110.8462336,207.4813811,0
6636,110.8462336,207.4813811,0
6637,110.8462336,207.4813811,0
6638,110.8462336,207.4813811,0
6639,110.8462336,207.4813811,0
6640,110.8462336,207.4813811,0
6641,110.8462336,207.4813811,0
6642,110.8462336,204.6391704,0
6643,110.8462336,204.6391704,0
6644,110.8462336,204.6391704,0
6645,110.8462336,204.6391704,0
6646,105.1618115,204.6391704,0
6647,105.1618115,204.6391704,0
6648,105.1618115,204.6391704,0
6649,105.1618115,204.6391704,0
6650,105.1618115,204.6391704,0
6651,105.1618115,204.6391704,0
6652,105.1618115,204.6391704,0
6653,105.1618115,204.6391704,0
6654,105.1618115,204.6391704,0
6655,105.1618115,204.6391704,0
6656,105.1618115,204.6391704,0
6657,105.1618115,204.6391704,0
6658,105.1618115,204.6391704,0
6659,105.1618115,204.6391704,0
6660,105.1618115,204.6391704,0
6661,105.1618115,204.6391704,0
6662,105.1618115,204.6391704,0
6663,105.1618115,204.6391704,0
6664,105.1618115,204.6391704,0
6665,108.0040224,207.4813811,0
6666,108.0040224,207.4813811,0
6667,108.0040224,207.4813811,0
6668,108.0040224,207.4813811,0
6669,108.0040224,207.4813811,0
6670,108.0040224,207.4813811,0
6671,108.0040224,207.4813811,0
6672,108.0040224,207.4813811,0
6673,108.0040224,207.4813811,0
6674,108.0040224,207.4813811,0
6675,108.0040224,207.4813811,0
6676,108.0040224,207.4813811,0
6677,108.0040224,207.4813811,0
6678,108.0040224,207.4813811,0
6679,108.0040224,207.4813811,0
6680,108.0040224,207.4813811,0
6681,108.0040224,207.4813811,0
6682,108.0040224,207.4813811,0
6683,108.0040224,207.4813811,0
6684,108.0040224,207.4813811,0
6685,108.0040224,207.4813811,0
6686,108.0040224,207.4813811,0
6687,108.0040224,207.4813811,0
6688,108.0040224,207.4813811,0
6689,108.0040224,207.4813811,0
6690,108.0040224,207.4813811,0
6691,108.0040224,207.4813811,0
6692,108.0040224,207.4813811,0
6693,108.0040224,207.4813811,0
6694,108.0040224,207.4813811,0
6695,108.0040224,207.4813811,0
6696,108.0040224,207.4813811,0
6697,108.0040224,207.4813811,0
6698,108.0040224,207.4813811,0
6699,108.0040224,207.4813811,0
6700,108.0040224,207.4813811,0
6701,108.0040224,207.4813811,0
6702,108.0040224,207.4813811,0
6703,108.0040224,207.4813811,0
6704,108.0040224,207.4813811,0
6705,108.0040224,207.4813811,0
6706,108.0040224,207.4813811,0
6707,108.0040224,207.4813811,0
6708,108.0040224,207.4813811,0
6709,108.0040224,207.4813811,0
6710,108.0040224,207.4813811,0
6711,108.0040224,207.4813811,0
6712,108.0040224,207.4813811,0
6713,108.0040224,207.4813811,0
6714,108.0040224,207.4813811,0
6715,105.1618114,204.6391704,0
6716,105.1618114,204.6391704,0
6717,110.8462336,204.6391704,0
6718,110.8462336,204.6391704,0
6719,110.8462336,204.6391704,0
6720,110.8462336,204.6391704,0
6721,110.8462336,204.6391704,0
6722,110.8462336,204.6391704,0
6723,110.8462336,204.6391704,0
6724,110.8462336,204.6391704,0
6725,110.8462336,204.6391704,0
6726,110.8462336,204.6391704,0
6727,110.8462336,204.6391704,0
6728,110.8462336,204.6391704,0
6729,110.8462336,204.6391704,0
6730,110.8462336,204.6391704,0
6731,110.8462336,204.6391704,0
6732,110.8462336,204.6391704,0
6733,110.8462336,204.6391704,0
6734,110.8462336,204.6391704,0
6735,110.8462336,204.6391704,0
6736,110.8462336,204.6391704,0
6737,110.8462336,204.6391704,0
6738,110.8462336,204.6391704,0
6739,110.8462336,204.6391704,0
6740,110.8462336,204.6391704,0
6741,110.8462336,204.6391704,0
6742,110.8462336,204.6391704,0
6743,110.8462336,204.6391704,0
6744,110.8462336,204.6391704,0
6745,110.8462336,204.6391704,0
6746,110.8462336,204.6391704,0
6747,110.8462336,204.6391704,0
6748,110.8462336,204.6391704,0
6749,110.8462336,204.6391704,0
6750,110.8462336,204.6391704,0
6751,110.8462336,204.6391704,0
6752,110.8462336,204.6391704,0
6753,110.8462336,204.6391704,0
6754,110.8462336,204.6391704,0
6755,110.8462336,204.6391704,0
6756,110.8462336,204.6391704,0
6757,110.8462336,204.6391704,0
6758,110.8462336,204.6391704,0
6759,110.8462336,204.6391704,0
6760,110.8462336,204.6391704,0
6761,110.8462336,204.6391704,0
6762,110.8462336,204.6391704,0
6763,110.8462336,204.6391704,0
6764,110.8462336,204.6391704,0
6765,110.8462336,204.6391704,0
6766,110.8462336,204.6391704,0
6767,110.8462336,204.6391704,0
6768,110.8462336,204.6391704,0
6769,110.8462336,204.6391704,0
6770,110.8462336,204.6391704,0
6771,110.8462336,204.6391704,0
6772,110.8462336,207.4813811,0
6773,110.8462336,207.4813811,0
6774,110.8462336,207.4813811,0
6775,110.8462336,207.4813811,0
6776,110.8462336,207.4813811,0
6777,110.8462336,207.4813811,0
6778,110.8462336,207.4813811,0
6779,110.8462336,207.4813811,0
6780,110.8462336,207.4813811,0
6781,110.8462336,207.4813811,0
6782,110.8462336,207.4813811,0
6783,110.8462336,207.4813811,0
6784,110.8462336,207.4813811,0
6785,110.8462336,207.4813811,0
6786,110.8462336,207.4813811,0
6787,110.8462336,207.4813811,0
6788,110.8462336,207.4813811,0
6789,110.8462336,207.4813811,0
6790,110.8462336,207.4813811,0
6791,110.8462336,207.4813811,0
6792,110.8462336,207.4813811,0
6793,110.8462336,207.4813811,0
6794,110.8462336,207.4813811,0
6795,110.8462336,207.4813811,0
6796,110.8462336,207.4813811,0
6797,110.8462336,207.4813811,0
6798,110.8462336,207.4813811,0
6799,110.8462336,207.4813811,0
6800,110.8462336,207.4813811,0
6801,110.8462336,207.4813811,0
6802,110.8462336,207.4813811,0
6803,110.8462336,207.4813811,0
6804,110.8462336,207.4813811,0
6805,110.8462336,207.4813811,0
6806,110.8462336,207.4813811,0
6807,110.8462336,207.4813811,0
6808,110.8462336,207.4813811,0
6809,110.8462336,207.4813811,0
6810,110.8462336,207.4813811,0
6811,110.8462336,207.4813811,0
6812,110.8462336,207.4813811,0
6813,110.8462336,207.4813811,0
6814,108.0040226,207.4813811,0
6815,110.8462336,207.4813811,0
6816,110.8462336,207.4813811,0
6817,110.8462336,207.4813811,0
6818,110.8462336,207.4813811,0
6819,110.8462336,207.4813811,0
6820,110.8462336,207.4813811,0
6821,110.8462336,207.4813811,0
6822,110.8462336,207.4813811,0
6823,110.8462336,207.4813811,0
6824,110.8462336,207.4813811,0
6825,110.8462336,207.4813811,0
6826,110.8462336,207.4813811,0
6827,110.8462336,207.4813811,0
6828,110.8462336,207.4813811,0
6829,110.8462336,207.4813811,0
6830,110.8462336,207.4813811,0
6831,110.8462336,207.4813811,0
6832,110.8462336,207.4813811,0
6833,110.8462336,207.4813811,0
6834,110.8462336,207.4813811,0
6835,110.8462336,207.4813811,0
6836,110.8462336,207.4813811,0
6837,110.8462336,207.4813811,0
6838,110.8462336,207.4813811,0
6839,110.8462336,207.4813811,0
6840,110.8462336,207.4813811,0
6841,110.8462336,207.4813811,0
6842,110.8462336,207.4813811,0
6843,110.8462336,207.4813811,0
6844,110.8462336,207.4813811,0
6845,110.8462336,207.4813811,0
6846,110.8462336,207.4813811,0
6847,110.8462336,207.4813811,0
6848,110.8462336,207.4813811,0
6849,110.8462336,207.4813811,0
6850,110.8462336,207.4813811,0
6851,110.8462336,207.4813811,0
6852,110.8462336,207.4813811,0
6853,110.8462336,207.4813811,0
6854,110.8462336,207.4813811,0
6855,110.8462336,207.4813811,0
6856,110.8462336,207.4813811,0
6857,110.8462336,207.4813811,0
6858,110.8462336,207.4813811,0
6859,110.8462336,207.4813811,0
6860,110.8462336,207.4813811,0
6861,110.8462336,207.4813811,0
6862,110.8462336,207.4813811,0
6863,110.8462336,207.4813811,0
6864,110.8462336,207.4813811,0
6865,110.8462336,207.4813811,0
6866,110.8462336,207.4813811,0
6867,110.8462336,207.4813811,0
6868,110.8462336,207.4813811,0
6869,110.8462336,207.4813811,0
6870,110.8462336,207.4813811,0
6871,110.8462336,207.4813811,0
6872,110.8462336,207.4813811,0
6873,110.8462336,207.4813811,0
6874,110.8462336,207.4813811,0
6875,110.8462336,207.4813811,0
6876,110.8462336,207.4813811,0
6877,110.8462336,207.4813811,0
6878,110.8462336,207.4813811,0
6879,110.8462336,207.4813811,0
6880,110.8462336,207.4813811,0
6881,110.8462336,207.4813811,0
6882,110.8462336,207.4813811,0
6883,110.8462336,207.4813811,0
6884,110.8462336,207.4813811,0
6885,110.8462336,207.4813811,0
6886,110.8462336,207.4813811,0
6887,110.8462336,207.4813811,0
6888,110.8462336,204.6391704,0
6889,110.8462336,204.6391704,0
6890,110.8462336,204.6391704,0
6891,110.8462336,204.6391704,0
6892,110.8462336,204.6391704,0
6893,110.8462336,204.6391704,0
6894,110.8462336,204.6391704,0
6895,110.8462336,204.6391704,0
6896,110.8462336,204.6391704,0
6897,110.8462336,204.6391704,0
6898,110.8462336,204.6391704,0
6899,110.8462336,204.6391704,0
6900,110.8462336,204.6391704,0
6901,110.8462336,204.6391704,0
6902,110.8462336,204.6391704,0
6903,110.8462336,204.6391704,0
6904,110.8462336,204.6391704,0
6905,110.8462336,204.6391704,0
6906,110.8462336,204.6391704,0
6907,110.8462336,204.6391704,0
6908,110.8462336,204.6391704,0
6909,110.8462336,204.6391704,0
6910,110.8462336,204.6391704,0
6911,110.8462336,204.6391704,0
6912,110.8462336,204.6391704,0
6913,110.8462336,204.6391704,0
6914,110.8462336,204.6391704,0
6915,110.8462336,204.6391704,0
6916,110.8462336,204.6391704,0
6917,110.8462336,204.6391704,0
6918,110.8462336,204.6391704,0
6919,110.8462336,204.6391704,0
6920,110.8462336,204.6391704,0
6921,110.8462336,204.6391704,0
6922,110.8462336,204.6391704,0
6923,110.8462336,204.6391704,0
6924,110.8462336,204.6391704,0
6925,110.8462336,204.6391704,0
6926,110.8462336,204.6391704,0
6927,110.8462336,204.6391704,0
6928,110.8462336,204.6391704,0
6929,110.8462336,204.6391704,0
6930,110.8462336,204.6391704,0
6931,110.8462336,204.6391704,0
6932,108.0040226,204.6391704,0
6933,108.0040226,204.6391704,0
6934,108.0040226,204.6391704,0
6935,108.0040226,204.6391704,0
6936,108.0040225,204.6391704,0
6937,108.0040225,204.6391704,0
6938,108.0040225,204.6391704,0
6939,108.0040225,204.6391704,0
6940,108.0040225,204.6391704,0
6941,108.0040225,204.6391704,0
6942,108.0040225,204.6391704,0
6943,108.0040225,204.6391704,0
6944,108.0040225,204.6391704,0
6945,110.8462336,204.6391704,0
6946,110.8462336,204.6391704,0
6947,110.8462336,204.6391704,0
6948,110.8462336,204.6391704,0
6949,110.8462336,204.6391704,0
6950,110.8462336,204.6391704,0
6951,110.8462336,204.6391704,0
6952,110.8462336,204.6391704,0
6953,110.8462336,204.6391704,0
6954,110.8462336,204.6391704,0
6955,110.8462336,204.6391704,0
6956,110.8462336,204.6391704,0
6957,110.8462336,204.6391704,0
6958,110.8462336,204.6391704,0
6959,110.8462336,204.6391704,0
6960,110.8462336,204.6391704,0
6961,110.8462336,204.6391704,0
6962,110.8462336,204.6391704,0
6963,110.8462336,204.6391704,0
6964,110.8462336,204.6391704,0
6965,110.8462336,204.6391704,0
6966,110.8462336,204.6391704,0
6967,110.8462336,207.4813811,0
6968,110.8462336,207.4813811,0
6969,110.8462336,207.4813811,0
6970,110.8462336,207.4813811,0
6971,110.8462336,207.4813811,0
6972,110.8462336,207.4813811,0
6973,110.8462336,207.4813811,0
6974,110.8462336,207.4813811,0
6975,110.8462336,207.4813811,0
6976,110.8462336,207.4813811,0
6977,110.8462336,207.4813811,0
6978,110.8462336,207.4813811,0
6979,110.8462336,207.4813811,0
6980,110.8462336,207.4813811,0
6981,110.8462336,207.4813811,0
6982,110.8462336,207.4813811,0
6983,110.8462336,207.4813811,0
6984,110.8462336,207.4813811,0
6985,110.8462336,207.4813811,0
6986,110.8462336,207.4813811,0
6987,110.8462336,207.4813811,0
6988,110.8462336,207.4813811,0
6989,110.8462336,207.4813811,0
6990,110.8462336,207.4813811,0
6991,110.8462336,207.4813811,0
6992,110.8462336,207.4813811,0
6993,110.8462336,207.4813811,0
6994,110.8462336,207.4813811,0
6995,110.8462336,207.4813811,0
6996,110.8462336,207.4813811,0
6997,110.8462336,207.4813811,0
6998,110.8462336,207.4813811,0
6999,110.8462336,207.4813811,0
7000,110.8462336,207.4813811,0
7001,110.8462336,207.4813811,0
7002,110.8462336,207.4813811,0
7003,110.8462336,207.4813811,0
7004,110.8462336,207.4813811,0
7005,110.8462336,207.4813811,0
7006,110.8462336,207.4813811,0
7007,110.8462336,207.4813811,0
7008,110.8462336,207.4813811,0
7009,110.8462336,207.4813811,0
7010,110.8462336,207.4813811,0
7011,110.8462336,207.4813811,0
7012,110.8462336,207.4813811,0
7013,110.8462336,207.4813811,0
7014,110.8462336,207.4813811,0
7015,110.8462336,207.4813811,0
7016,110.8462336,207.4813811,0
7017,110.8462336,207.4813811,0
7018,110.8462336,207.4813811,0
7019,110.8462336,207.4813811,0
7020,110.8462336,207.4813811,0
7021,110.8462336,207.4813811,0
7022,110.8462336,207.4813811,0
7023,110.8462336,207.4813811,0
7024,110.8462336,207.4813811,0
7025,110.8462336,207.4813811,0
7026,110.8462336,204.6391704,0
7027,110.8462336,204.6391704,0
7028,110.8462336,204.6391704,0
7029,110.8462336,204.6391704,0
7030,110.8462336,204.6391704,0
7031,110.8462336,204.6391704,0
7032,110.8462336,204.6391704,0
7033,110.8462336,204.6391704,0
7034,110.8462336,204.6391704,0
7035,110.8462336,204.6391704,0
7036,110.8462336,204.6391704,0
7037,110.8462336,204.6391704,0
7038,110.8462336,204.6391704,0
7039,110.8462336,204.6391704,0
7040,110.8462336,210.3235918,0
7041,110.8462336,210.3235918,0
7042,110.8462336,210.3235918,0
7043,110.8462336,210.3235918,0
7044,110.8462336,210.3235918,0
7045,110.8462336,210.3235918,0
7046,110.8462336,210.3235918,0
7047,110.8462336,210.3235918,0
7048,110.8462336,210.3235918,0
7049,110.8462336,210.3235918,0
7050,110.8462336,210.3235918,0
7051,110.8462336,210.3235918,0
7052,110.8462336,210.3235918,0
7053,110.8462336,210.3235918,0
7054,110.8462336,210.3235918,0
7055,110.8462336,210.3235918,0
7056,110.8462336,210.3235918,0
7057,110.8462336,210.3235918,0
7058,110.8462336,210.3235918,0
7059,110.8462336,210.3235918,0
7060,110.8462336,210.3235918,0
7061,110.8462336,210.3235918,0
7062,110.8462336,210.3235918,0
7063,110.8462336,210.3235918,0
7064,110.8462336,210.3235918,0
7065,110.8462336,210.3235918,0
7066,110.8462336,210.3235918,0
7067,110.8462336,210.3235918,0
7068,110.8462336,210.3235918,0
7069,110.8462336,210.3235918,0
7070,110.8462336,210.3235918,0
7071,110.8462336,210.3235918,0
7072,110.8462336,210.3235918,0
7073,110.8462336,210.3235918,0
7074,110.8462336,210.3235918,0
7075,110.8462336,210.3235918,0
7076,110.8462336,210.3235918,0
7077,110.8462336,210.3235918,0
7078,110.8462336,210.3235918,0
7079,110.8462336,210.3235918,0
7080,110.8462336,210.3235918,0
7081,110.8462336,210.3235918,0
7082,110.8462336,210.3235918,0
7083,110.8462336,210.3235918,0
7084,110.8462336,210.3235918,0
7085,110.8462336,210.3235918,0
7086,110.8462336,210.3235918,0
7087,110.8462336,210.3235918,0
7088,110.8462336,210.3235918,0
7089,110.8462336,210.3235918,0
7090,110.8462336,204.6391704,0
7091,110.8462336,210.3235918,0
7092,110.8462336,210.3235918,0
7093,110.8462336,210.3235918,0
7094,110.8462336,210.3235918,0
7095,110.8462336,210.3235918,0
7096,110.8462336,210.3235918,0
7097,110.8462336,210.3235918,0
7098,110.8462336,210.3235918,0
7099,110.8462336,210.3235918,0
7100,110.8462336,210.3235918,0
7101,110.8462336,210.3235918,0
7102,110.8462336,210.3235918,0
7103,110.8462336,210.3235918,0
7104,110.8462336,210.3235918,0
7105,110.8462336,210.3235918,0
7106,110.8462336,210.3235918,0
7107,110.8462336,210.3235918,0
7108,110.8462336,210.3235918,0
7109,110.8462336,210.3235918,0
7110,110.8462336,210.3235918,0
7111,110.8462336,210.3235918,0
7112,110.8462336,210.3235918,0
7113,110.8462336,210.3235918,0
7114,110.8462336,210.3235918,0
7115,110.8462336,210.3235918,0
7116,110.8462336,210.3235918,0
7117,110.8462336,210.3235918,0
7118,110.8462336,210.3235918,0
7119,110.8462336,210.3235918,0
7120,110.8462336,210.3235918,0
7121,110.8462336,210.3235918,0
7122,110.8462336,210.3235918,0
7123,110.8462336,210.3235918,0
7124,110.8462336,210.3235918,0
7125,110.8462336,210.3235918,0
7126,110.8462336,210.3235918,0
7127,110.8462336,210.3235918,0
7128,110.8462336,210.3235918,0
7129,110.8462336,210.3235918,0
7130,110.8462336,210.3235918,0
7131,110.8462336,210.3235918,0
7132,110.8462336,210.3235918,0
7133,110.8462336,210.3235918,0
7134,110.8462336,210.3235918,0
7135,110.8462336,210.3235918,0
7136,110.8462336,210.3235918,0
7137,110.8462336,210.3235918,0
7138,110.8462336,210.3235918,0
7139,110.8462336,210.3235918,0
7140,110.8462336,210.3235918,0
7141,110.8462336,204.6391704,0
7142,108.0040224,204.6391704,0
7143,108.0040224,204.6391704,0
7144,108.0040224,204.6391704,0
7145,108.0040224,204.6391704,0
7146,108.0040224,204.6391704,0
7147,108.0040224,204.6391704,0
7148,108.0040224,204.6391704,0
7149,110.8462336,204.6391704,0
7150,110.8462336,204.6391704,0
7151,110.8462336,204.6391704,0
7152,110.8462336,204.6391704,0
7153,110.8462336,204.6391704,0
7154,110.8462336,204.6391704,0
7155,110.8462336,204.6391704,0
7156,110.8462336,204.6391704,0
7157,110.8462336,204.6391704,0
7158,110.8462336,204.6391704,0
7159,110.8462336,204.6391704,0
7160,110.8462336,204.6391704,0
7161,110.8462336,204.6391704,0
7162,110.8462336,204.6391704,0
7163,110.8462336,204.6391704,0
7164,110.8462336,204.6391704,0
7165,110.8462336,204.6391704,0
7166,110.8462336,204.6391704,0
7167,110.8462336,204.6391704,0
7168,110.8462336,204.6391704,0
7169,110.8462336,204.6391704,0
7170,110.8462336,204.6391704,0
7171,110.8462336,204.6391704,0
7172,110.8462336,201.7969597,0
7173,110.8462336,204.6391704,0
7174,110.8462336,204.6391704,0
7175,110.8462336,204.6391704,0
7176,110.8462336,204.6391704,0
7177,110.8462336,204.6391704,0
7178,110.8462336,204.6391704,0
7179,110.8462336,204.6391704,0
7180,110.8462336,204.6391704,0
7181,110.8462336,204.6391704,0
7182,110.8462336,204.6391704,0
7183,110.8462336,204.6391704,0
7184,110.8462336,204.6391704,0
7185,110.8462336,204.6391704,0
7186,110.8462336,204.6391704,0
7187,110.8462336,204.6391704,0
7188,110.8462336,204.6391704,0
7189,110.8462336,204.6391704,0
7190,110.8462336,204.6391704,0
7191,110.8462336,204.6391704,0
7192,110.8462336,204.6391704,0
7193,110.8462336,204.6391704,0
7194,110.8462336,204.6391704,0
7195,110.8462336,204.6391704,0
7196,110.8462336,204.6391704,0
7197,110.8462336,204.6391704,0
7198,110.8462336,204.6391704,0
7199,108.0040225,204.6391704,0
7200,108.0040225,204.6391704,0
7201,108.0040225,204.6391704,0
7202,108.0040225,204.6391704,0
7203,108.0040225,204.6391704,0
7204,108.0040225,204.6391704,0
7205,108.0040225,204.6391704,0
7206,108.0040225,204.6391704,0
7207,108.0040225,204.6391704,0
7208,108.0040225,204.6391704,0
7209,108.0040225,204.6391704,0
7210,108.0040225,204.6391704,0
7211,108.0040225,204.6391704,0
7212,108.0040225,204.6391704,0
7213,108.0040225,204.6391704,0
7214,108.0040225,204.6391704,0
7215,108.0040225,204.6391704,0
7216,108.0040225,204.6391704,0
7217,108.0040225,207.4813811,0
7218,108.0040225,207.4813811,0
7219,108.0040225,207.4813811,0
7220,108.0040225,207.4813811,0
7221,108.0040225,207.4813811,0
7222,108.0040225,207.4813811,0
7223,108.0040225,207.4813811,0
7224,108.0040225,207.4813811,0
7225,108.0040225,207.4813811,0
7226,108.0040225,207.4813811,0
7227,108.0040225,207.4813811,0
7228,108.0040225,207.4813811,0
7229,108.0040225,207.4813811,0
7230,108.0040225,207.4813811,0
7231,108.0040225,207.4813811,0
7232,108.0040225,207.4813811,0
7233,108.0040225,207.4813811,0
7234,108.0040225,207.4813811,0
7235,108.0040225,207.4813811,0
7236,108.0040225,207.4813811,0
7237,108.0040225,207.4813811,0
7238,108.0040225,207.4813811,0
7239,108.0040225,207.4813811,0
7240,105.1618113,207.4813811,0
7241,105.1618113,207.4813811,0
7242,105.1618113,207.4813811,0
7243,105.1618113,207.4813811,0
7244,105.1618113,207.4813811,0
7245,105.1618113,207.4813811,0
7246,105.1618113,207.4813811,0
7247,102.3196003,207.4813811,0
7248,102.3196003,207.4813811,0
7249,102.3196003,207.4813811,0
7250,102.3196003,207.4813811,0
7251,102.3196003,207.4813811,0
7252,102.3196003,207.4813811,0
7253,102.3196003,207.4813811,0
7254,102.3196003,207.4813811,0
7255,102.3196003,207.4813811,0
7256,102.3196003,207.4813811,0
7257,102.3196003,207.4813811,0
7258,102.3196003,207.4813811,0
7259,108.0040224,207.4813811,0
7260,108.0040224,207.4813811,0
7261,108.0040224,207.4813811,0
7262,108.0040224,207.4813811,0
7263,108.0040224,207.4813811,0
7264,108.0040224,207.4813811,0
7265,108.0040224,207.4813811,0
7266,108.0040224,207.4813811,0
7267,108.0040224,207.4813811,0
7268,108.0040225,207.4813811,0
7269,108.0040225,207.4813811,0
7270,108.0040225,207.4813811,0
7271,108.0040225,207.4813811,0
7272,108.0040225,207.4813811,0
7273,108.0040225,207.4813811,0
7274,108.0040225,207.4813811,0
7275,108.0040225,207.4813811,0
7276,108.0040225,207.4813811,0
7277,108.0040225,207.4813811,0
7278,108.0040225,207.4813811,0
7279,108.0040225,207.4813811,0
7280,108.0040225,207.4813811,0
7281,108.0040225,207.4813811,0
7282,108.0040225,207.4813811,0
7283,108.0040225,207.4813811,0
7284,108.0040225,207.4813811,0
7285,108.0040225,207.4813811,0
7286,108.0040225,207.4813811,0
7287,108.0040225,207.4813811,0
7288,108.0040225,207.4813811,0
7289,108.0040225,207.4813811,0
7290,108.0040225,207.4813811,0
7291,108.0040225,207.4813811,0
7292,108.0040225,207.4813811,0
7293,108.0040225,207.4813811,0
7294,108.0040225,207.4813811,0
7295,108.0040225,207.4813811,0
7296,108.0040225,207.4813811,0
7297,108.0040225,207.4813811,0
7298,108.0040225,207.4813811,0
7299,108.0040225,207.4813811,0
7300,108.0040225,207.4813811,0
7301,108.0040225,207.4813811,0
7302,108.0040225,207.4813811,0
7303,108.0040225,207.4813811,0
7304,108.0040225,207.4813811,0
7305,108.0040225,207.4813811,0
7306,108.0040225,207.4813811,0
7307,108.0040225,207.4813811,0
7308,108.0040225,207.4813811,0
7309,108.0040225,207.4813811,0
7310,108.0040225,207.4813811,0
7311,108.0040225,207.4813811,0
7312,108.0040225,207.4813811,0
7313,108.0040225,207.4813811,0
7314,108.0040225,207.4813811,0
7315,108.0040225,207.4813811,0
7316,108.0040225,207.4813811,0
7317,108.0040225,207.4813811,0
7318,108.0040225,207.4813811,0
7319,108.0040225,207.4813811,0
7320,108.0040225,207.4813811,0
7321,108.0040225,207.4813811,0
7322,108.0040225,207.4813811,0
7323,108.0040225,207.4813811,0
7324,108.0040225,207.4813811,0
7325,108.0040225,207.4813811,0
7326,108.0040225,207.4813811,0
7327,108.0040225,204.6391704,0
7328,108.0040225,204.6391704,0
7329,108.0040225,204.6391704,0
7330,108.0040225,204.6391704,0
7331,110.8462336,204.6391704,0
7332,110.8462336,204.6391704,0
7333,110.8462336,204.6391704,0
7334,110.8462336,204.6391704,0
7335,110.8462336,204.6391704,0
7336,110.8462336,204.6391704,0
7337,110.8462336,204.6391704,0
7338,110.8462336,204.6391704,0
7339,110.8462336,204.6391704,0
7340,110.8462336,204.6391704,0
7341,110.8462336,204.6391704,0
7342,110.8462336,204.6391704,0
7343,110.8462336,204.6391704,0
7344,110.8462336,204.6391704,0
7345,110.8462336,204.6391704,0
7346,110.8462336,204.6391704,0
7347,110.8462336,204.6391704,0
7348,110.8462336,204.6391704,0
7349,110.8462336,204.6391704,0
7350,110.8462336,204.6391704,0
7351,110.8462336,204.6391704,0
7352,110.8462336,204.6391704,0
7353,110.8462336,204.6391704,0
7354,110.8462336,204.6391704,0
7355,110.8462336,204.6391704,0
7356,110.8462336,204.6391704,0
7357,110.8462336,204.6391704,0
7358,110.8462336,204.6391704,0
7359,110.8462336,204.6391704,0
7360,110.8462336,204.6391704,0
7361,110.8462336,204.6391704,0
7362,110.8462336,204.6391704,0
7363,110.8462336,204.6391704,0
7364,110.8462336,204.6391704,0
7365,110.8462336,204.6391704,0
7366,110.8462336,204.6391704,0
7367,110.8462336,204.6391704,0
7368,110.8462336,204.6391704,0
7369,110.8462336,204.6391704,0
7370,110.8462336,204.6391704,0
7371,110.8462336,204.6391704,0
7372,110.8462336,204.6391704,0
7373,110.8462336,204.6391704,0
7374,110.8462336,204.6391704,0
7375,110.8462336,204.6391704,0
7376,110.8462336,204.6391704,0
7377,110.8462336,204.6391704,0
7378,110.8462336,204.6391704,0
7379,110.8462336,204.6391704,0
7380,110.8462336,204.6391704,0
7381,108.0040225,204.6391704,0
7382,108.0040225,204.6391704,0
7383,108.0040225,204.6391704,0
7384,108.0040225,204.6391704,0
7385,108.0040225,204.6391704,0
7386,108.0040225,204.6391704,0
7387,108.0040225,204.6391704,0
7388,108.0040225,204.6391704,0
7389,108.0040225,204.6391704,0
7390,108.0040225,204.6391704,0
7391,108.0040225,204.6391704,0
7392,108.0040225,204.6391704,0
7393,108.0040225,204.6391704,0
7394,108.0040225,204.6391704,0
7395,108.0040225,204.6391704,0
7396,108.0040225,204.6391704,0
7397,108.0040225,204.6391704,0
7398,108.0040225,204.6391704,0
7399,108.0040225,204.6391704,0
7400,108.0040225,204.6391704,0
7401,108.0040225,204.6391704,0
7402,108.0040225,204.6391704,0
7403,108.0040225,210.3235918,0
7404,108.0040225,210.3235918,0
7405,108.0040225,210.3235918,0
7406,108.0040225,210.3235918,0
7407,108.0040225,210.3235918,0
7408,108.0040225,210.3235918,0
7409,108.0040225,210.3235918,0
7410,108.0040225,210.3235918,0
7411,108.0040225,210.3235918,0
7412,108.0040225,210.3235918,0
7413,108.0040225,210.3235918,0
7414,108.0040225,210.3235918,0
7415,108.0040225,210.3235918,0
7416,108.0040225,210.3235918,0
7417,108.0040225,210.3235918,0
7418,108.0040225,210.3235918,0
7419,108.0040225,210.3235918,0
7420,108.0040225,210.3235918,0
7421,108.0040225,210.3235918,0
7422,108.0040225,210.3235918,0
7423,108.0040225,210.3235918,0
7424,108.0040225,210.3235918,0
7425,108.0040225,210.3235918,0
7426,108.0040225,210.3235918,0
7427,108.0040225,210.3235918,0
7428,108.0040225,210.3235918,0
7429,108.0040225,210.3235918,0
7430,108.0040225,210.3235918,0
7431,108.0040225,210.3235918,0
7432,108.0040225,210.3235918,0
7433,108.0040225,210.3235918,0
7434,108.0040225,210.3235918,0
7435,108.0040225,210.3235918,0
7436,108.0040225,210.3235918,0
7437,108.0040225,210.3235918,0
7438,108.0040225,210.3235918,0
7439,108.0040225,210.3235918,0
7440,108.0040225,210.3235918,0
7441,108.0040225,210.3235918,0
7442,108.0040225,210.3235918,0
7443,108.0040225,210.3235918,0
7444,108.0040225,210.3235918,0
7445,108.0040224,210.3235918,0
7446,108.0040224,210.3235918,0
7447,108.0040224,210.3235918,0
7448,108.0040224,210.3235918,0
7449,108.0040224,210.3235918,0
7450,108.0040224,210.3235918,0
7451,105.1618114,210.3235918,0
7452,105.1618114,210.3235918,0
7453,105.1618114,207.4813811,0
7454,105.1618114,207.4813811,0
7455,105.1618114,207.4813811,0
7456,105.1618114,207.4813811,0
7457,105.1618114,207.4813811,0
7458,105.1618113,207.4813811,0
7459,105.1618113,207.4813811,0
7460,105.1618113,207.4813811,0
7461,105.1618113,207.4813811,0
7462,108.0040225,207.4813811,0
7463,108.0040225,207.4813811,0
7464,108.0040225,207.4813811,0
7465,108.0040225,207.4813811,0
7466,108.0040225,207.4813811,0
7467,108.0040225,207.4813811,0
7468,108.0040225,207.4813811,0
7469,108.0040225,207.4813811,0
7470,108.0040225,207.4813811,0
7471,108.0040225,207.4813811,0
7472,108.0040225,207.4813811,0
7473,108.0040225,207.4813811,0
7474,108.0040225,207.4813811,0
7475,108.0040225,207.4813811,0
7476,108.0040225,207.4813811,0
7477,108.0040225,207.4813811,0
7478,108.0040225,207.4813811,0
7479,108.0040225,207.4813811,0
7480,108.0040225,207.4813811,0
7481,108.0040225,207.4813811,0
7482,108.0040225,207.4813811,0
7483,108.0040225,207.4813811,0
7484,108.0040225,207.4813811,0
7485,108.0040225,207.4813811,0
7486,108.0040225,207.4813811,0
7487,108.0040225,207.4813811,0
7488,108.0040225,204.6391704,0
7489,108.0040225,204.6391704,0
7490,108.0040225,204.6391704,0
7491,108.0040225,204.6391704,0
7492,108.0040225,204.6391704,0
7493,108.0040225,204.6391704,0
7494,108.0040225,204.6391704,0
7495,108.0040225,204.6391704,0
7496,108.0040225,204.6391704,0
7497,108.0040225,204.6391704,0
7498,108.0040225,204.6391704,0
7499,108.0040225,204.6391704,0
7500,108.0040225,204.6391704,0
7501,108.0040225,204.6391704,0
7502,108.0040225,204.6391704,0
7503,108.0040225,204.6391704,0
7504,108.0040225,204.6391704,0
7505,108.0040225,204.6391704,0
7506,108.0040225,204.6391704,0
7507,108.0040225,204.6391704,0
7508,108.0040225,204.6391704,0
7509,108.0040225,204.6391704,0
7510,108.0040225,204.6391704,0
7511,108.0040225,204.6391704,0
7512,105.1618115,204.6391704,0
7513,105.1618115,204.6391704,0
7514,105.1618115,204.6391704,0
7515,105.1618115,204.6391704,0
7516,105.1618115,204.6391704,0
7517,105.1618115,204.6391704,0
7518,105.1618115,204.6391704,0
7519,105.1618115,204.6391704,0
7520,105.1618115,204.6391704,0
7521,105.1618115,204.6391704,0
7522,105.1618115,204.6391704,0
7523,105.1618115,204.6391704,0
7524,105.1618115,204.6391704,0
7525,105.1618115,204.6391704,0
7526,105.1618115,204.6391704,0
7527,105.1618115,204.6391704,0
7528,105.1618115,204.6391704,0
7529,105.1618115,204.6391704,0
7530,105.1618115,204.6391704,0
7531,105.1618115,204.6391704,0
7532,105.1618115,204.6391704,0
7533,105.1618115,204.6391704,0
7534,105.1618115,204.6391704,0
7535,105.1618115,204.6391704,0
7536,105.1618115,204.6391704,0
7537,105.1618115,204.6391704,0
7538,105.1618115,204.6391704,0
7539,108.0040225,204.6391704,0
7540,108.0040225,204.6391704,0
7541,108.0040225,204.6391704,0
7542,108.0040225,204.6391704,0
7543,108.0040225,204.6391704,0
7544,108.0040225,204.6391704,0
7545,108.0040225,204.6391704,0
7546,108.0040225,204.6391704,0
7547,108.0040225,204.6391704,0
7548,108.0040225,204.6391704,0
7549,108.0040225,204.6391704,0
7550,108.0040225,204.6391704,0
7551,108.0040225,204.6391704,0
7552,108.0040225,204.6391704,0
7553,108.0040225,204.6391704,0
7554,108.0040225,204.6391704,0
7555,108.0040225,204.6391704,0
7556,108.0040225,204.6391704,0
7557,108.0040225,204.6391704,0
7558,108.0040225,204.6391704,0
7559,108.0040225,204.6391704,0
7560,108.0040225,204.6391704,0
7561,108.0040225,204.6391704,0
7562,108.0040225,204.6391704,0
7563,108.0040225,204.6391704,0
7564,108.0040225,204.6391704,0
7565,108.0040225,204.6391704,0
7566,108.0040225,204.6391704,0
7567,108.0040225,204.6391704,0
7568,108.0040225,204.6391704,0
7569,108.0040225,204.6391704,0
7570,108.0040225,204.6391704,0
7571,108.0040225,204.6391704,0
7572,108.0040225,204.6391704,0
7573,108.0040225,204.6391704,0
7574,108.0040225,204.6391704,0
7575,108.0040225,204.6391704,0
7576,108.0040225,204.6391704,0
7577,108.0040225,204.6391704,0
7578,110.8462336,204.6391704,0
7579,110.8462336,204.6391704,0
7580,110.8462336,204.6391704,0
7581,110.8462336,204.6391704,0
7582,110.8462336,204.6391704,0
7583,110.8462336,204.6391704,0
7584,110.8462336,204.6391704,0
7585,110.8462336,204.6391704,0
7586,110.8462336,204.6391704,0
7587,110.8462336,204.6391704,0
7588,110.8462336,204.6391704,0
7589,110.8462336,204.6391704,0
7590,110.8462336,204.6391704,0
7591,110.8462336,204.6391704,0
7592,110.8462336,204.6391704,0
7593,110.8462336,204.6391704,0
7594,110.8462336,204.6391704,0
7595,110.8462336,204.6391704,0
7596,110.8462336,204.6391704,0
7597,110.8462336,204.6391704,0
7598,110.8462336,204.6391704,0
7599,110.8462336,204.6391704,0
7600,110.8462336,204.6391704,0
7601,110.8462336,204.6391704,0
7602,110.8462336,204.6391704,0
7603,110.8462336,204.6391704,0
7604,110.8462336,204.6391704,0
7605,110.8462336,204.6391704,0
7606,110.8462336,204.6391704,0
7607,110.8462336,204.6391704,0
7608,110.8462336,204.6391704,0
7609,110.8462336,204.6391704,0
7610,110.8462336,204.6391704,0
7611,110.8462336,204.6391704,0
7612,110.8462336,204.6391704,0
7613,110.8462336,204.6391704,0
7614,110.8462336,204.6391704,0
7615,110.8462336,204.6391704,0
7616,110.8462336,204.6391704,0
7617,110.8462336,204.6391704,0
7618,110.8462336,204.6391704,0
7619,110.8462336,204.6391704,0
7620,110.8462336,204.6391704,0
7621,110.8462336,204.6391704,0
7622,110.8462336,204.6391704,0
7623,110.8462336,204.6391704,0
7624,110.8462336,204.6391704,0
7625,110.8462336,204.6391704,0
7626,110.8462336,204.6391704,0
7627,110.8462336,207.4813811,0
7628,108.0040225,207.4813811,0
7629,108.0040225,207.4813811,0
7630,108.0040225,207.4813811,0
7631,108.0040225,207.4813811,0
7632,108.0040225,207.4813811,0
7633,108.0040225,207.4813811,0
7634,108.0040225,207.4813811,0
7635,108.0040225,207.4813811,0
7636,108.0040225,207.4813811,0
7637,108.0040225,207.4813811,0
7638,108.0040225,207.4813811,0
7639,108.0040225,207.4813811,0
7640,108.0040225,207.4813811,0
7641,108.0040225,207.4813811,0
7642,108.0040225,207.4813811,0
7643,108.0040225,207.4813811,0
7644,108.0040225,207.4813811,0
7645,108.0040225,207.4813811,0
7646,108.0040225,207.4813811,0
7647,108.0040225,207.4813811,0
7648,108.0040225,207.4813811,0
7649,108.0040225,207.4813811,0
7650,108.0040225,207.4813811,0
7651,108.0040225,207.4813811,0
7652,108.0040225,207.4813811,0
7653,108.0040224,207.4813811,0
7654,108.0040224,207.4813811,0
7655,108.0040224,207.4813811,0
7656,108.0040224,207.4813811,0
7657,108.0040224,207.4813811,0
7658,108.0040224,207.4813811,0
7659,108.0040224,207.4813811,0
7660,108.0040224,207.4813811,0
7661,108.0040224,207.4813811,0
7662,108.0040224,207.4813811,0
7663,108.0040224,207.4813811,0
7664,108.0040224,207.4813811,0
7665,108.0040224,207.4813811,0
7666,108.0040224,207.4813811,0
7667,108.0040224,207.4813811,0
7668,108.0040224,207.4813811,0
7669,108.0040224,207.4813811,0
7670,108.0040224,207.4813811,0
7671,108.0040224,207.4813811,0
7672,108.0040224,207.4813811,0
7673,108.0040224,207.4813811,0
7674,108.0040224,207.4813811,0
7675,108.0040224,207.4813811,0
7676,108.0040224,207.4813811,0
7677,108.0040224,204.6391704,0
7678,108.0040225,204.6391704,0
7679,108.0040225,204.6391704,0
7680,108.0040225,204.6391704,0
7681,108.0040225,204.6391704,0
7682,108.0040225,204.6391704,0
7683,108.0040225,204.6391704,0
7684,108.0040225,204.6391704,0
7685,108.0040225,204.6391704,0
7686,108.0040225,204.6391704,0
7687,108.0040225,204.6391704,0
7688,108.0040225,204.6391704,0
7689,108.0040225,204.6391704,0
7690,108.0040225,204.6391704,0
7691,108.0040225,204.6391704,0
7692,108.0040225,204.6391704,0
7693,108.0040225,204.6391704,0
7694,108.0040225,204.6391704,0
7695,108.0040225,204.6391704,0
7696,108.0040225,204.6391704,0
7697,108.0040225,204.6391704,0
7698,108.0040225,204.6391704,0
7699,108.0040225,204.6391704,0
7700,108.0040225,204.6391704,0
7701,108.0040225,204.6391704,0
7702,108.0040225,204.6391704,0
7703,108.0040225,204.6391704,0
7704,108.0040225,204.6391704,0
7705,108.0040225,204.6391704,0
7706,108.0040225,204.6391704,0
7707,108.0040225,204.6391704,0
7708,108.0040225,204.6391704,0
7709,108.0040225,204.6391704,0
7710,108.0040225,204.6391704,0
7711,108.0040225,204.6391704,0
7712,108.0040225,204.6391704,0
7713,108.0040225,204.6391704,0
7714,108.0040225,204.6391704,0
7715,108.0040225,204.6391704,0
7716,108.0040225,204.6391704,0
7717,108.0040225,204.6391704,0
7718,108.0040225,204.6391704,0
7719,108.0040225,204.6391704,0
7720,108.0040225,204.6391704,0
7721,108.0040225,204.6391704,0
7722,108.0040225,204.6391704,0
7723,108.0040225,204.6391704,0
7724,108.0040225,204.6391704,0
7725,108.0040225,204.6391704,0
7726,108.0040225,204.6391704,0
7727,108.0040225,207.4813811,0
7728,108.0040225,207.4813811,0
7729,108.0040225,207.4813811,0
7730,108.0040225,207.4813811,0
7731,108.0040225,207.4813811,0
7732,108.0040225,207.4813811,0
7733,108.0040225,207.4813811,0
7734,108.0040225,207.4813811,0
7735,108.0040225,207.4813811,0
7736,108.0040225,207.4813811,0
7737,108.0040225,207.4813811,0
7738,108.0040225,207.4813811,0
7739,108.0040225,207.4813811,0
7740,108.0040225,207.4813811,0
7741,108.0040225,207.4813811,0
7742,108.0040225,207.4813811,0
7743,108.0040225,207.4813811,0
7744,108.0040225,207.4813811,0
7745,108.0040225,207.4813811,0
7746,108.0040225,207.4813811,0
7747,108.0040225,207.4813811,0
7748,108.0040225,207.4813811,0
7749,108.0040225,207.4813811,0
7750,108.0040225,207.4813811,0
7751,108.0040225,207.4813811,0
7752,108.0040225,207.4813811,0
7753,108.0040225,207.4813811,0
7754,108.0040225,207.4813811,0
7755,108.0040225,207.4813811,0
7756,108.0040225,207.4813811,0
7757,108.0040225,207.4813811,0
7758,108.0040225,207.4813811,0
7759,108.0040225,207.4813811,0
7760,108.0040225,207.4813811,0
7761,108.0040225,207.4813811,0
7762,108.0040224,207.4813811,0
7763,108.0040224,207.4813811,0
7764,108.0040224,207.4813811,0
7765,108.0040224,207.4813811,0
7766,108.0040224,207.4813811,0
7767,108.0040224,207.4813811,0
7768,108.0040224,207.4813811,0
7769,108.0040224,207.4813811,0
7770,108.0040224,207.4813811,0
7771,108.0040224,207.4813811,0
7772,108.0040224,207.4813811,0
7773,108.0040224,207.4813811,0
7774,108.0040224,207.4813811,0
7775,108.0040224,207.4813811,0
7776,108.0040224,207.4813811,0
7777,108.0040224,204.6391704,0
7778,108.0040224,204.6391704,0
7779,108.0040224,204.6391704,0
7780,108.0040224,204.6391704,0
7781,108.0040224,204.6391704,0
7782,108.0040224,204.6391704,0
7783,108.0040224,204.6391704,0
7784,108.0040224,204.6391704,0
7785,108.0040224,204.6391704,0
7786,108.0040224,204.6391704,0
7787,108.0040224,204.6391704,0
7788,108.0040224,204.6391704,0
7789,108.0040224,204.6391704,0
7790,108.0040224,204.6391704,0
7791,108.0040224,204.6391704,0
7792,108.0040224,204.6391704,0
7793,108.0040224,204.6391704,0
7794,108.0040224,204.6391704,0
7795,108.0040224,204.6391704,0
7796,108.0040224,204.6391704,0
7797,108.0040224,204.6391704,0
7798,108.0040224,204.6391704,0
7799,102.3196003,204.6391704,0
7800,102.3196003,204.6391704,0
7801,102.3196003,204.6391704,0
7802,102.3196003,204.6391704,0
7803,102.3196003,204.6391704,0
7804,102.3196003,204.6391704,0
7805,102.3196003,204.6391704,0
7806,105.1618114,204.6391704,0
7807,105.1618114,204.6391704,0
7808,105.1618114,204.6391704,0
7809,105.1618114,204.6391704,0
7810,105.1618114,204.6391704,0
7811,105.1618114,207.4813811,0
7812,105.1618114,207.4813811,0
7813,105.1618114,207.4813811,0
7814,105.1618114,207.4813811,0
7815,105.1618114,207.4813811,0
7816,105.1618114,207.4813811,0
7817,105.1618114,207.4813811,0
7818,108.0040225,207.4813811,0
7819,108.0040225,207.4813811,0
7820,108.0040225,207.4813811,0
7821,108.0040225,207.4813811,0
7822,108.0040225,207.4813811,0
7823,108.0040225,207.4813811,0
7824,108.0040225,207.4813811,0
7825,108.0040225,207.4813811,0
7826,108.0040225,207.4813811,0
7827,108.0040225,207.4813811,0
7828,108.0040225,207.4813811,0
7829,108.0040225,207.4813811,0
7830,108.0040225,207.4813811,0
7831,108.0040225,207.4813811,0
7832,108.0040225,207.4813811,0
7833,108.0040225,207.4813811,0
7834,108.0040225,207.4813811,0
7835,108.0040225,207.4813811,0
7836,108.0040225,207.4813811,0
7837,108.0040225,207.4813811,0
7838,108.0040225,207.4813811,0
7839,108.0040225,207.4813811,0
7840,108.0040225,207.4813811,0
7841,108.0040225,207.4813811,0
7842,108.0040225,207.4813811,0
7843,108.0040225,207.4813811,0
7844,108.0040225,207.4813811,0
7845,108.0040225,207.4813811,0
7846,108.0040225,207.4813811,0
7847,108.0040225,207.4813811,0
7848,108.0040225,207.4813811,0
7849,108.0040225,207.4813811,0
7850,108.0040225,207.4813811,0
7851,108.0040225,207.4813811,0
7852,108.0040225,207.4813811,0
7853,108.0040225,207.4813811,0
7854,108.0040225,207.4813811,0
7855,108.0040225,207.4813811,0
7856,108.0040225,207.4813811,0
7857,108.0040225,207.4813811,0
7858,108.0040225,207.4813811,0
7859,108.0040225,207.4813811,0
7860,108.0040225,207.4813811,0
7861,108.0040225,207.4813811,0
7862,108.0040225,207.4813811,0
7863,108.0040225,204.6391704,0
7864,108.0040225,204.6391704,0
7865,108.0040225,204.6391704,0
7866,108.0040225,204.6391704,0
7867,108.0040225,204.6391704,0
7868,108.0040225,204.6391704,0
7869,108.0040225,204.6391704,0
7870,108.0040225,204.6391704,0
7871,108.0040225,204.6391704,0
7872,108.0040225,204.6391704,0
7873,108.0040225,204.6391704,0
7874,108.0040225,204.6391704,0
7875,108.0040225,204.6391704,0
7876,108.0040225,204.6391704,0
7877,108.0040225,204.6391704,0
7878,108.0040225,204.6391704,0
7879,108.0040225,204.6391704,0
7880,108.0040225,204.6391704,0
7881,108.0040225,204.6391704,0
7882,108.0040225,204.6391704,0
7883,108.0040225,204.6391704,0
7884,108.0040225,204.6391704,0
7885,108.0040225,204.6391704,0
7886,108.0040225,204.6391704,0
7887,108.0040225,204.6391704,0
7888,108.0040225,204.6391704,0
7889,108.0040225,204.6391704,0
7890,108.0040225,204.6391704,0
7891,108.0040225,204.6391704,0
7892,108.0040225,204.6391704,0
7893,108.0040225,204.6391704,0
7894,108.0040225,204.6391704,0
7895,108.0040225,204.6391704,0
7896,108.0040225,204.6391704,0
7897,108.0040225,204.6391704,0
7898,110.8462336,204.6391704,0
7899,110.8462336,204.6391704,0
7900,110.8462336,204.6391704,0
7901,110.8462336,204.6391704,0
7902,110.8462336,204.6391704,0
7903,110.8462336,204.6391704,0
7904,110.8462336,204.6391704,0
7905,110.8462336,204.6391704,0
7906,110.8462336,204.6391704,0
7907,110.8462336,204.6391704,0
7908,110.8462336,204.6391704,0
7909,110.8462336,204.6391704,0
7910,110.8462336,204.6391704,0
7911,110.8462336,207.4813811,0
7912,110.8462336,207.4813811,0
7913,110.8462336,207.4813811,0
7914,110.8462336,207.4813811,0
7915,110.8462336,207.4813811,0
7916,110.8462336,207.4813811,0
7917,110.8462336,207.4813811,0
7918,110.8462336,207.4813811,0
7919,110.8462336,207.4813811,0
7920,110.8462336,207.4813811,0
7921,110.8462336,207.4813811,0
7922,110.8462336,207.4813811,0
7923,110.8462336,207.4813811,0
7924,110.8462336,207.4813811,0
7925,110.8462336,207.4813811,0
7926,110.8462336,207.4813811,0
7927,110.8462336,207.4813811,0
7928,110.8462336,207.4813811,0
7929,110.8462336,207.4813811,0
7930,110.8462336,207.4813811,0
7931,110.8462336,207.4813811,0
7932,110.8462336,207.4813811,0
7933,110.8462336,207.4813811,0
7934,110.8462336,207.4813811,0
7935,110.8462336,207.4813811,0
7936,110.8462336,207.4813811,0
7937,110.8462336,207.4813811,0
7938,110.8462336,207.4813811,0
7939,110.8462336,207.4813811,0
7940,110.8462336,207.4813811,0
7941,110.8462336,207.4813811,0
7942,110.8462336,207.4813811,0
7943,110.8462336,207.4813811,0
7944,110.8462336,207.4813811,0
7945,110.8462336,207.4813811,0
7946,110.8462336,207.4813811,0
7947,110.8462336,207.4813811,0
7948,110.8462336,207.4813811,0
7949,110.8462336,207.4813811,0
7950,110.8462336,207.4813811,0
7951,110.8462336,207.4813811,0
7952,110.8462336,207.4813811,0
7953,110.8462336,207.4813811,0
7954,110.8462336,207.4813811,0
7955,110.8462336,207.4813811,0
7956,110.8462336,207.4813811,0
7957,110.8462336,207.4813811,0
7958,110.8462336,207.4813811,0
7959,110.8462336,207.4813811,0
7960,110.8462336,207.4813811,0
7961,110.8462336,204.6391704,0
7962,110.8462336,204.6391704,0
7963,110.8462336,204.6391704,0
7964,110.8462336,204.6391704,0
7965,110.8462336,204.6391704,0
7966,110.8462336,204.6391704,0
7967,110.8462336,204.6391704,0
7968,110.8462336,204.6391704,0
7969,110.8462336,204.6391704,0
7970,110.8462336,204.6391704,0
7971,110.8462336,204.6391704,0
7972,110.8462336,204.6391704,0
7973,110.8462336,204.6391704,0
7974,110.8462336,204.6391704,0
7975,110.8462336,204.6391704,0
7976,110.8462336,204.6391704,0
7977,108.0040224,204.6391704,0
7978,108.0040224,204.6391704,0
7979,108.0040224,204.6391704,0
7980,108.0040224,204.6391704,0
7981,108.0040224,204.6391704,0
7982,108.0040224,204.6391704,0
7983,108.0040224,204.6391704,0
7984,108.0040224,204.6391704,0
7985,108.0040224,204.6391704,0
7986,108.0040224,204.6391704,0
7987,108.0040224,204.6391704,0
7988,108.0040224,204.6391704,0
7989,108.0040224,204.6391704,0
7990,108.0040224,204.6391704,0
7991,108.0040224,204.6391704,0
7992,108.0040224,204.6391704,0
7993,108.0040224,204.6391704,0
7994,108.0040224,204.6391704,0
7995,108.0040224,204.6391704,0
7996,108.0040224,204.6391704,0
7997,108.0040224,204.6391704,0
7998,108.0040224,204.6391704,0
7999,108.0040224,204.6391704,0
8000,108.0040224,204.6391704,0
8001,102.3196003,204.6391704,0
8002,102.3196003,204.6391704,0
8003,102.3196003,204.6391704,0
8004,102.3196003,204.6391704,0
8005,102.3196003,204.6391704,0
8006,102.3196003,204.6391704,0
8007,102.3196003,204.6391704,0
8008,105.1618114,204.6391704,0
8009,105.1618115,204.6391704,0
8010,108.0040226,204.6391704,0
8011,108.0040226,207.4813811,0
8012,108.0040226,207.4813811,0
8013,108.0040226,207.4813811,0
8014,108.0040226,207.4813811,0
8015,108.0040226,207.4813811,0
8016,108.0040226,207.4813811,0
8017,108.0040226,207.4813811,0
8018,108.0040226,207.4813811,0
8019,108.0040226,207.4813811,0
8020,108.0040226,207.4813811,0
8021,108.0040226,207.4813811,0
8022,108.0040226,207.4813811,0
8023,108.0040226,207.4813811,0
8024,108.0040226,207.4813811,0
8025,108.0040226,207.4813811,0
8026,108.0040226,207.4813811,0
8027,108.0040226,207.4813811,0
8028,108.0040226,207.4813811,0
8029,108.0040226,207.4813811,0
8030,108.0040226,207.4813811,0
8031,108.0040226,207.4813811,0
8032,108.0040226,207.4813811,0
8033,108.0040226,207.4813811,0
8034,108.0040226,207.4813811,0
8035,108.0040226,207.4813811,0
8036,108.0040226,207.4813811,0
8037,108.0040226,207.4813811,0
8038,108.0040226,207.4813811,0
8039,108.0040226,207.4813811,0
8040,108.0040226,207.4813811,0
8041,108.0040226,207.4813811,0
8042,108.0040226,207.4813811,0
8043,108.0040226,207.4813811,0
8044,108.0040226,207.4813811,0
8045,108.0040226,207.4813811,0
8046,108.0040226,207.4813811,0
8047,108.0040226,207.4813811,0
8048,108.0040226,207.4813811,0
8049,108.0040226,207.4813811,0
8050,108.0040226,207.4813811,0
8051,108.0040226,207.4813811,0
8052,108.0040226,207.4813811,0
8053,108.0040226,207.4813811,0
8054,108.0040226,207.4813811,0
8055,108.0040226,207.4813811,0
8056,108.0040226,207.4813811,0
8057,108.0040226,207.4813811,0
8058,108.0040226,207.4813811,0
8059,108.0040226,207.4813811,0
8060,108.0040225,207.4813811,0
8061,108.0040225,204.6391704,0
8062,108.0040225,204.6391704,0
8063,108.0040225,204.6391704,0
8064,108.0040225,204.6391704,0
8065,108.0040225,204.6391704,0
8066,108.0040224,204.6391704,0
8067,108.0040224,204.6391704,0
8068,108.0040224,204.6391704,0
8069,108.0040224,204.6391704,0
8070,108.0040224,204.6391704,0
8071,108.0040224,204.6391704,0
8072,108.0040224,204.6391704,0
8073,108.0040224,204.6391704,0
8074,108.0040224,204.6391704,0
8075,108.0040224,204.6391704,0
8076,108.0040224,204.6391704,0
8077,108.0040224,204.6391704,0
8078,108.0040224,204.6391704,0
8079,108.0040224,204.6391704,0
8080,108.0040224,204.6391704,0
8081,108.0040224,204.6391704,0
8082,108.0040224,204.6391704,0
8083,108.0040224,204.6391704,0
8084,108.0040224,204.6391704,0
8085,108.0040224,204.6391704,0
8086,108.0040224,204.6391704,0
8087,108.0040224,204.6391704,0
8088,108.0040224,204.6391704,0
8089,108.0040224,204.6391704,0
8090,108.0040224,204.6391704,0
8091,108.0040224,204.6391704,0
8092,108.0040224,204.6391704,0
8093,108.0040224,207.4813811,0
8094,108.0040224,207.4813811,0
8095,108.0040224,207.4813811,0
8096,108.0040224,207.4813811,0
8097,105.1618113,207.4813811,0
8098,105.1618113,207.4813811,0
8099,105.1618113,207.4813811,0
8100,105.1618113,207.4813811,0
8101,102.3196003,207.4813811,0
8102,102.3196003,207.4813811,0
8103,102.3196003,207.4813811,0
8104,102.3196003,207.4813811,0
8105,102.3196003,207.4813811,0
8106,102.3196003,207.4813811,0
8107,102.3196003,207.4813811,0
8108,102.3196003,207.4813811,0
8109,102.3196003,207.4813811,0
8110,102.3196003,207.4813811,0
8111,102.3196003,207.4813811,0
8112,102.3196003,207.4813811,0
8113,102.3196003,207.4813811,0
8114,102.3196003,207.4813811,0
8115,102.3196003,207.4813811,0
8116,102.3196003,207.4813811,0
8117,102.3196003,207.4813811,0
8118,102.3196003,207.4813811,0
8119,102.3196003,207.4813811,0
8120,102.3196003,207.4813811,0
8121,102.3196003,207.4813811,0
8122,102.3196003,207.4813811,0
8123,102.3196003,207.4813811,0
8124,102.3196003,207.4813811,0
8125,102.3196003,207.4813811,0
8126,102.3196003,207.4813811,0
8127,105.1618113,207.4813811,0
8128,105.1618113,207.4813811,0
8129,105.1618113,207.4813811,0
8130,105.1618113,207.4813811,0
8131,105.1618113,207.4813811,0
8132,105.1618113,207.4813811,0
8133,105.1618113,207.4813811,0
8134,105.1618113,207.4813811,0
8135,108.0040225,207.4813811,0
8136,108.0040225,207.4813811,0
8137,108.0040225,207.4813811,0
8138,108.0040225,207.4813811,0
8139,108.0040225,207.4813811,0
8140,108.0040225,207.4813811,0
8141,108.0040225,207.4813811,0
8142,108.0040225,207.4813811,0
8143,108.0040225,204.6391704,0
8144,108.0040225,204.6391704,0
8145,108.0040225,204.6391704,0
8146,108.0040225,204.6391704,0
8147,108.0040225,204.6391704,0
8148,108.0040225,204.6391704,0
8149,108.0040225,204.6391704,0
8150,108.0040225,204.6391704,0
8151,108.0040225,204.6391704,0
8152,108.0040225,204.6391704,0
8153,108.0040225,204.6391704,0
8154,108.0040225,204.6391704,0
8155,108.0040225,204.6391704,0
8156,108.0040225,204.6391704,0
8157,108.0040225,204.6391704,0
8158,108.0040225,204.6391704,0
8159,108.0040225,204.6391704,0
8160,108.0040225,204.6391704,0
8161,108.0040225,204.6391704,0
8162,108.0040225,204.6391704,0
8163,108.0040225,204.6391704,0
8164,108.0040225,204.6391704,0
8165,108.0040225,201.7969597,0
8166,108.0040225,201.7969597,0
8167,108.0040225,201.7969597,0
8168,108.0040225,201.7969597,0
8169,108.0040225,201.7969597,0
8170,108.0040225,207.4813811,0
8171,108.0040225,207.4813811,0
8172,108.0040225,207.4813811,0
8173,108.0040225,207.4813811,0
8174,108.0040225,207.4813811,0
8175,108.0040225,207.4813811,0
8176,108.0040225,207.4813811,0
8177,108.0040225,207.4813811,0
8178,108.0040225,207.4813811,0
8179,108.0040225,207.4813811,0
8180,108.0040225,207.4813811,0
8181,108.0040225,207.4813811,0
8182,108.0040225,207.4813811,0
8183,108.0040225,207.4813811,0
8184,108.0040225,207.4813811,0
8185,108.0040225,207.4813811,0
8186,108.0040225,207.4813811,0
8187,108.0040225,207.4813811,0
8188,108.0040225,207.4813811,0
8189,108.0040225,207.4813811,0
8190,108.0040225,207.4813811,0
8191,108.0040225,207.4813811,0
8192,108.0040225,207.4813811,0
8193,108.0040225,207.4813811,0
8194,108.0040225,207.4813811,0
8195,108.0040225,207.4813811,0
8196,108.0040225,207.4813811,0
8197,108.0040225,207.4813811,0
8198,108.0040225,207.4813811,0
8199,108.0040225,207.4813811,0
8200,108.0040225,207.4813811,0
8201,108.0040225,207.4813811,0
8202,108.0040225,207.4813811,0
8203,108.0040225,207.4813811,0
8204,108.0040225,207.4813811,0
8205,108.0040225,207.4813811,0
8206,108.0040225,207.4813811,0
8207,108.0040225,207.4813811,0
8208,108.0040225,207.4813811,0
8209,108.0040225,207.4813811,0
8210,108.0040225,207.4813811,0
8211,108.0040225,207.4813811,0
8212,108.0040225,207.4813811,0
8213,108.0040225,207.4813811,0
8214,108.0040225,207.4813811,0
8215,108.0040225,207.4813811,0
8216,108.0040225,207.4813811,0
8217,108.0040225,207.4813811,0
8218,108.0040225,207.4813811,0
8219,108.0040225,207.4813811,0
8220,108.0040225,204.6391704,0
8221,108.0040225,204.6391704,0
8222,108.0040225,204.6391704,0
8223,108.0040225,204.6391704,0
8224,108.0040225,204.6391704,0
8225,108.0040225,204.6391704,0
8226,108.0040225,204.6391704,0
8227,105.1618114,204.6391704,0
8228,105.1618114,204.6391704,0
8229,105.1618114,204.6391704,0
8230,105.1618114,204.6391704,0
8231,105.1618114,204.6391704,0
8232,105.1618114,204.6391704,0
8233,105.1618114,204.6391704,0
8234,105.1618114,204.6391704,0
8235,105.1618114,204.6391704,0
8236,105.1618114,204.6391704,0
8237,105.1618114,204.6391704,0
8238,105.1618114,204.6391704,0
8239,105.1618114,204.6391704,0
8240,105.1618114,204.6391704,0
8241,105.1618114,204.6391704,0
8242,105.1618114,204.6391704,0
8243,105.1618114,204.6391704,0
8244,105.1618114,204.6391704,0
8245,105.1618114,204.6391704,0
8246,105.1618114,204.6391704,0
8247,105.1618114,204.6391704,0
8248,105.1618114,204.6391704,0
8249,105.1618114,204.6391704,0
8250,105.1618114,204.6391704,0
8251,105.1618114,204.6391704,0
8252,105.1618114,204.6391704,0
8253,105.1618114,204.6391704,0
8254,105.1618114,204.6391704,0
8255,105.1618114,204.6391704,0
8256,105.1618114,204.6391704,0
8257,105.1618114,204.6391704,0
8258,105.1618114,204.6391704,0
8259,105.1618114,204.6391704,0
8260,105.1618114,204.6391704,0
8261,105.1618114,204.6391704,0
8262,105.1618114,204.6391704,0
8263,105.1618114,204.6391704,0
8264,105.1618114,204.6391704,0
8265,105.1618114,204.6391704,0
8266,105.1618115,204.6391704,0
8267,105.1618115,204.6391704,0
8268,105.1618115,204.6391704,0
8269,105.1618115,207.4813811,0
8270,105.1618115,207.4813811,0
8271,105.1618115,207.4813811,0
8272,105.1618115,207.4813811,0
8273,105.1618115,207.4813811,0
8274,105.1618115,207.4813811,0
8275,105.1618115,207.4813811,0
8276,105.1618115,207.4813811,0
8277,105.1618115,207.4813811,0
8278,105.1618115,207.4813811,0
8279,105.1618115,207.4813811,0
8280,105.1618115,207.4813811,0
8281,105.1618115,207.4813811,0
8282,105.1618115,207.4813811,0
8283,105.1618115,207.4813811,0
8284,105.1618115,207.4813811,0
8285,105.1618115,207.4813811,0
8286,105.1618115,207.4813811,0
8287,105.1618115,207.4813811,0
8288,105.1618115,207.4813811,0
8289,105.1618115,207.4813811,0
8290,105.1618115,207.4813811,0
8291,105.1618115,207.4813811,0
8292,105.1618115,207.4813811,0
8293,105.1618115,207.4813811,0
8294,105.1618115,207.4813811,0
8295,105.1618115,207.4813811,0
8296,105.1618115,207.4813811,0
8297,105.1618115,207.4813811,0
8298,105.1618115,207.4813811,0
8299,105.1618115,207.4813811,0
8300,105.1618115,207.4813811,0
8301,105.1618115,207.4813811,0
8302,105.1618115,207.4813811,0
8303,105.1618115,207.4813811,0
8304,105.1618115,207.4813811,0
8305,105.1618115,207.4813811,0
8306,105.1618115,207.4813811,0
8307,105.1618115,207.4813811,0
8308,105.1618115,207.4813811,0
8309,105.1618115,207.4813811,0
8310,105.1618115,207.4813811,0
8311,105.1618115,207.4813811,0
8312,105.1618115,207.4813811,0
8313,105.1618115,207.4813811,0
8314,105.1618115,207.4813811,0
8315,105.1618115,207.4813811,0
8316,105.1618113,207.4813811,0
8317,105.1618113,207.4813811,0
8318,105.1618113,207.4813811,0
8319,105.1618113,204.6391704,0
8320,105.1618113,204.6391704,0
8321,105.1618113,204.6391704,0
8322,102.3196003,204.6391704,0
8323,102.3196003,204.6391704,0
8324,102.3196003,204.6391704,0
8325,102.3196003,207.4813811,0
8326,102.3196003,207.4813811,0
8327,102.3196003,207.4813811,0
8328,102.3196003,207.4813811,0
8329,102.3196003,207.4813811,0
8330,102.3196003,207.4813811,0
8331,102.3196003,207.4813811,0
8332,102.3196003,207.4813811,0
8333,102.3196003,207.4813811,0
8334,102.3196003,207.4813811,0
8335,102.3196002,207.4813811,0
8336,102.3196002,207.4813811,0
8337,102.3196002,207.4813811,0
8338,102.3196002,207.4813811,0
8339,102.3196002,207.4813811,0
8340,102.3196002,207.4813811,0
8341,102.3196002,207.4813811,0
8342,102.3196002,207.4813811,0
8343,102.3196002,207.4813811,0
8344,102.3196002,207.4813811,0
8345,102.3196002,207.4813811,0
8346,102.3196002,207.4813811,0
8347,102.3196002,207.4813811,0
8348,102.3196002,207.4813811,0
8349,102.3196002,207.4813811,0
8350,102.3196002,207.4813811,0
8351,102.3196002,207.4813811,0
8352,102.3196002,210.3235918,0
8353,102.3196002,210.3235918,0
8354,102.3196002,210.3235918,0
8355,102.3196002,210.3235918,0
8356,102.3196002,210.3235918,0
8357,102.3196002,210.3235918,0
8358,102.3196002,210.3235918,0
8359,102.3196002,210.3235918,0
8360,102.3196002,210.3235918,0
8361,102.3196002,210.3235918,0
8362,102.3196002,210.3235918,0
8363,105.1618114,210.3235918,0
8364,105.1618114,210.3235918,0
8365,105.1618114,210.3235918,0
8366,105.1618114,210.3235918,0
8367,105.1618114,210.3235918,0
8368,105.1618114,210.3235918,0
8369,105.1618114,210.3235918,0
8370,105.1618114,210.3235918,0
8371,105.1618114,210.3235918,0
8372,105.1618114,210.3235918,0
8373,105.1618114,210.3235918,0
8374,105.1618114,210.3235918,0
8375,105.1618114,210.3235918,0
8376,105.1618114,210.3235918,0
8377,105.1618114,210.3235918,0
8378,108.0040224,210.3235918,0
8379,108.0040224,210.3235918,0
8380,108.0040224,210.3235918,0
8381,108.0040224,210.3235918,0
8382,108.0040224,210.3235918,0
8383,108.0040224,210.3235918,0
8384,108.0040224,210.3235918,0
8385,108.0040224,210.3235918,0
8386,108.0040224,210.3235918,0
8387,108.0040224,210.3235918,0
8388,108.0040224,210.3235918,0
8389,108.0040224,210.3235918,0
8390,108.0040224,210.3235918,0
8391,108.0040224,210.3235918,0
8392,108.0040224,210.3235918,0
8393,108.0040224,210.3235918,0
8394,110.8462335,210.3235918,0
8395,110.8462335,210.3235918,0
8396,110.8462335,210.3235918,0
8397,110.8462335,210.3235918,0
8398,110.8462335,210.3235918,0
8399,110.8462335,210.3235918,0
8400,110.8462335,210.3235918,0
8401,110.8462335,210.3235918,0
8402,110.8462335,196.1125383,0
8403,110.8462335,196.1125383,0
8404,110.8462335,196.1125383,0
8405,110.8462335,196.1125383,0
8406,110.8462335,196.1125383,0
8407,110.8462335,196.1125383,0
8408,110.8462335,196.1125383,0
8409,110.8462335,196.1125383,0
8410,110.8462335,207.4813811,0
8411,110.8462335,207.4813811,0
8412,110.8462335,207.4813811,0
8413,110.8462335,207.4813811,0
8414,110.8462335,207.4813811,0
8415,110.8462335,207.4813811,0
8416,110.8462335,207.4813811,0
8417,110.8462335,207.4813811,0
8418,110.8462335,207.4813811,0
8419,110.8462335,207.4813811,0
8420,110.8462335,207.4813811,0
8421,110.8462335,207.4813811,0
8422,110.8462335,207.4813811,0
8423,110.8462335,207.4813811,0
8424,110.8462335,207.4813811,0
8425,110.8462335,207.4813811,0
8426,110.8462335,207.4813811,0
8427,110.8462335,207.4813811,0
8428,110.8462335,207.4813811,0
8429,110.8462335,207.4813811,0
8430,110.8462335,207.4813811,0
8431,110.8462335,207.4813811,0
8432,110.8462335,207.4813811,0
8433,110.8462335,207.4813811,0
8434,110.8462335,207.4813811,0
8435,110.8462335,207.4813811,0
8436,110.8462335,207.4813811,0
8437,110.8462335,207.4813811,0
8438,110.8462335,207.4813811,0
8439,110.8462335,207.4813811,0
8440,110.8462335,207.4813811,0
8441,110.8462335,207.4813811,0
8442,110.8462335,207.4813811,0
8443,110.8462335,207.4813811,0
8444,108.0040224,207.4813811,0
8445,108.0040224,207.4813811,0
8446,108.0040224,207.4813811,0
8447,108.0040224,207.4813811,0
8448,108.0040224,207.4813811,0
8449,108.0040224,207.4813811,0
8450,108.0040224,207.4813811,0
8451,108.0040224,207.4813811,0
8452,108.0040224,207.4813811,0
8453,108.0040224,207.4813811,0
8454,108.0040224,207.4813811,0
8455,108.0040224,207.4813811,0
8456,108.0040224,207.4813811,0
8457,108.0040224,207.4813811,0
8458,108.0040224,207.4813811,0
8459,108.0040224,207.4813811,0
8460,108.0040224,207.4813811,0
8461,108.0040224,207.4813811,0
8462,108.0040224,207.4813811,0
8463,105.1618114,207.4813811,0
8464,105.1618114,207.4813811,0
8465,105.1618114,207.4813811,0
8466,105.1618113,207.4813811,0
8467,105.1618113,207.4813811,0
8468,105.1618114,207.4813811,0
8469,105.1618114,207.4813811,0
8470,105.1618114,207.4813811,0
8471,105.1618114,207.4813811,0
8472,105.1618114,207.4813811,0
8473,105.1618114,207.4813811,0
8474,105.1618114,207.4813811,0
8475,105.1618114,207.4813811,0
8476,105.1618114,207.4813811,0
8477,105.1618114,207.4813811,0
8478,108.0040224,207.4813811,0
8479,108.0040224,207.4813811,0
8480,108.0040226,207.4813811,0
8481,108.0040226,207.4813811,0
8482,108.0040226,207.4813811,0
8483,108.0040226,207.4813811,0
8484,108.0040226,207.4813811,0
8485,108.0040226,207.4813811,0
8486,108.0040226,207.4813811,0
8487,108.0040226,207.4813811,0
8488,108.0040226,207.4813811,0
8489,108.0040226,207.4813811,0
8490,108.0040226,207.4813811,0
8491,108.0040226,207.4813811,0
8492,108.0040226,204.6391704,0
8493,108.0040226,204.6391704,0
8494,108.0040226,204.6391704,0
8495,108.0040226,204.6391704,0
8496,108.0040226,204.6391704,0
8497,108.0040226,204.6391704,0
8498,108.0040226,204.6391704,0
8499,108.0040226,204.6391704,0
8500,108.0040226,204.6391704,0
8501,108.0040226,204.6391704,0
8502,108.0040226,204.6391704,0
8503,108.0040226,204.6391704,0
8504,108.0040226,204.6391704,0
8505,108.0040226,204.6391704,0
8506,108.0040226,204.6391704,0
8507,108.0040226,204.6391704,0
8508,108.0040226,204.6391704,0
8509,108.0040226,204.6391704,0
8510,108.0040226,204.6391704,0
8511,108.0040226,204.6391704,0
8512,108.0040226,204.6391704,0
8513,108.0040226,204.6391704,0
8514,108.0040226,204.6391704,0
8515,108.0040226,204.6391704,0
8516,108.0040226,204.6391704,0
8517,108.0040226,204.6391704,0
8518,108.0040226,204.6391704,0
8519,108.0040226,204.6391704,0
8520,108.0040226,204.6391704,0
8521,108.0040226,204.6391704,0
8522,108.0040226,204.6391704,0
8523,108.0040226,204.6391704,0
8524,108.0040226,204.6391704,0
8525,108.0040226,204.6391704,0
8526,108.0040226,204.6391704,0
8527,108.0040226,204.6391704,0
8528,108.0040226,204.6391704,0
8529,108.0040226,204.6391704,0
8530,108.0040225,204.6391704,0
8531,108.0040225,204.6391704,0
8532,108.0040225,204.6391704,0
8533,108.0040225,201.7969597,0
8534,108.0040225,201.7969597,0
8535,108.0040225,201.7969597,0
8536,108.0040225,201.7969597,0
8537,108.0040225,201.7969597,0
8538,108.0040225,201.7969597,0
8539,108.0040225,204.6391704,0
8540,108.0040225,204.6391704,0
8541,108.0040225,204.6391704,0
8542,108.0040225,204.6391704,0
8543,108.0040225,204.6391704,0
8544,108.0040225,204.6391704,0
8545,108.0040225,204.6391704,0
8546,108.0040225,204.6391704,0
8547,108.0040225,204.6391704,0
8548,108.0040225,204.6391704,0
8549,108.0040225,204.6391704,0
8550,108.0040225,204.6391704,0
8551,108.0040225,204.6391704,0
8552,108.0040225,204.6391704,0
8553,108.0040225,204.6391704,0
8554,108.0040225,204.6391704,0
8555,108.0040225,204.6391704,0
8556,108.0040225,204.6391704,0
8557,108.0040225,204.6391704,0
8558,108.0040225,204.6391704,0
8559,108.0040225,204.6391704,0
8560,108.0040225,204.6391704,0
8561,108.0040225,204.6391704,0
8562,108.0040225,204.6391704,0
8563,108.0040225,204.6391704,0
8564,108.0040225,204.6391704,0
8565,108.0040225,204.6391704,0
8566,108.0040225,204.6391704,0
8567,108.0040225,204.6391704,0
8568,108.0040225,204.6391704,0
8569,108.0040225,204.6391704,0
8570,105.1618115,207.4813811,0
8571,105.1618115,207.4813811,0
8572,105.1618115,207.4813811,0
8573,105.1618115,207.4813811,0
8574,105.1618115,207.4813811,0
8575,105.1618115,207.4813811,0
8576,105.1618115,207.4813811,0
8577,105.1618115,207.4813811,0
8578,105.1618114,207.4813811,0
8579,105.1618114,207.4813811,0
8580,105.1618114,207.4813811,0
8581,105.1618114,207.4813811,0
8582,105.1618114,207.4813811,0
8583,105.1618114,207.4813811,0
8584,105.1618114,207.4813811,0
8585,105.1618114,207.4813811,0
8586,105.1618114,207.4813811,0
8587,105.1618114,207.4813811,0
8588,105.1618114,207.4813811,0
8589,105.1618114,207.4813811,0
8590,105.1618114,207.4813811,0
8591,105.1618114,207.4813811,0
8592,105.1618114,207.4813811,0
8593,105.1618114,207.4813811,0
8594,105.1618113,207.4813811,0
8595,105.1618113,207.4813811,0
8596,108.0040225,207.4813811,0
8597,108.0040225,207.4813811,0
8598,108.0040225,207.4813811,0
8599,108.0040225,207.4813811,0
8600,108.0040225,207.4813811,0
8601,108.0040225,207.4813811,0
8602,108.0040225,207.4813811,0
8603,108.0040225,207.4813811,0
8604,108.0040225,207.4813811,0
8605,108.0040225,207.4813811,0
8606,108.0040225,207.4813811,0
8607,108.0040225,207.4813811,0
8608,108.0040225,207.4813811,0
8609,108.0040225,207.4813811,0
8610,108.0040225,207.4813811,0
8611,108.0040225,207.4813811,0
8612,108.0040225,207.4813811,0
8613,108.0040225,207.4813811,0
8614,108.0040225,207.4813811,0
8615,108.0040225,207.4813811,0
8616,108.0040225,207.4813811,0
8617,108.0040225,207.4813811,0
8618,108.0040225,207.4813811,0
8619,108.0040225,207.4813811,0
8620,108.0040225,204.6391704,0
8621,108.0040225,204.6391704,0
8622,108.0040225,204.6391704,0
8623,108.0040225,204.6391704,0
8624,108.0040225,204.6391704,0
8625,108.0040225,204.6391704,0
8626,108.0040225,204.6391704,0
8627,108.0040225,204.6391704,0
8628,108.0040225,204.6391704,0
8629,108.0040225,204.6391704,0
8630,108.0040225,204.6391704,0
8631,108.0040225,204.6391704,0
8632,108.0040225,204.6391704,0
8633,108.0040225,204.6391704,0
8634,108.0040225,204.6391704,0
8635,108.0040225,204.6391704,0
8636,108.0040225,204.6391704,0
8637,108.0040225,204.6391704,0
8638,108.0040225,204.6391704,0
8639,108.0040225,204.6391704,0
8640,108.0040225,204.6391704,0
8641,108.0040225,204.6391704,0
8642,108.0040225,204.6391704,0
8643,108.0040225,204.6391704,0
8644,108.0040225,204.6391704,0
8645,108.0040225,204.6391704,0
8646,105.1618114,204.6391704,0
8647,105.1618114,204.6391704,0
8648,105.1618114,204.6391704,0
8649,105.1618114,204.6391704,0
8650,105.1618115,204.6391704,0
8651,105.1618115,204.6391704,0
8652,105.1618115,204.6391704,0
8653,105.1618115,204.6391704,0
8654,105.1618115,204.6391704,0
8655,105.1618115,204.6391704,0
8656,105.1618115,204.6391704,0
8657,105.1618115,204.6391704,0
8658,105.1618115,204.6391704,0
8659,105.1618115,204.6391704,0
8660,105.1618115,204.6391704,0
8661,105.1618115,204.6391704,0
8662,105.1618115,204.6391704,0
8663,105.1618115,204.6391704,0
8664,105.1618115,204.6391704,0
8665,105.1618115,204.6391704,0
8666,105.1618115,204.6391704,0
8667,105.1618115,204.6391704,0
8668,105.1618115,204.6391704,0
8669,105.1618115,204.6391704,0
8670,105.1618115,204.6391704,0
8671,105.1618115,204.6391704,0
8672,105.1618115,204.6391704,0
8673,105.1618115,204.6391704,0
8674,105.1618115,204.6391704,0
8675,105.1618115,204.6391704,0
8676,105.1618115,204.6391704,0
8677,105.1618115,204.6391704,0
8678,105.1618115,204.6391704,0
8679,105.1618115,204.6391704,0
8680,105.1618115,204.6391704,0
8681,105.1618115,204.6391704,0
8682,105.1618115,204.6391704,0
8683,108.0040224,204.6391704,0
8684,108.0040224,204.6391704,0
8685,108.0040224,204.6391704,0
8686,108.0040224,204.6391704,0
8687,108.0040224,204.6391704,0
8688,108.0040224,204.6391704,0
8689,108.0040224,204.6391704,0
8690,108.0040224,204.6391704,0
8691,108.0040224,204.6391704,0
8692,108.0040224,204.6391704,0
8693,108.0040224,204.6391704,0
8694,108.0040224,204.6391704,0
8695,108.0040224,204.6391704,0
8696,108.0040224,204.6391704,0
8697,108.0040224,204.6391704,0
8698,108.0040224,204.6391704,0
8699,108.0040224,204.6391704,0
8700,108.0040224,204.6391704,0
8701,108.0040224,204.6391704,0
8702,108.0040224,204.6391704,0
8703,108.0040224,204.6391704,0
8704,108.0040224,204.6391704,0
8705,108.0040224,204.6391704,0
8706,108.0040224,204.6391704,0
8707,108.0040224,204.6391704,0
8708,108.0040224,204.6391704,0
8709,108.0040224,204.6391704,0
8710,108.0040224,204.6391704,0
8711,108.0040224,204.6391704,0
8712,108.0040224,204.6391704,0
8713,108.0040224,204.6391704,0
8714,108.0040224,204.6391704,0
8715,108.0040224,204.6391704,0
8716,108.0040224,204.6391704,0
8717,108.0040224,204.6391704,0
8718,108.0040224,204.6391704,0
8719,108.0040224,204.6391704,0
8720,108.0040224,204.6391704,0
8721,108.0040224,204.6391704,0
8722,108.0040224,204.6391704,0
8723,108.0040224,204.6391704,0
8724,108.0040224,204.6391704,0
8725,108.0040224,204.6391704,0
8726,108.0040224,204.6391704,0
8727,108.0040224,204.6391704,0
8728,108.0040224,204.6391704,0
8729,108.0040224,204.6391704,0
8730,108.0040224,204.6391704,0
8731,108.0040224,201.7969597,0
8732,108.0040224,201.7969597,0
8733,105.1618115,201.7969597,0
8734,105.1618114,201.7969597,0
8735,105.1618114,201.7969597,0
8736,105.1618114,204.6391704,0
8737,105.1618114,204.6391704,0
8738,105.1618114,204.6391704,0
8739,105.1618115,204.6391704,0
8740,105.1618115,204.6391704,0
8741,105.1618115,204.6391704,0
8742,105.1618115,204.6391704,0
8743,105.1618115,204.6391704,0
8744,105.1618115,204.6391704,0
8745,105.1618115,204.6391704,0
8746,105.1618115,204.6391704,0
8747,105.1618115,204.6391704,0
8748,105.1618115,204.6391704,0
8749,105.1618115,204.6391704,0
8750,105.1618115,204.6391704,0
8751,105.1618115,204.6391704,0
8752,105.1618115,204.6391704,0
8753,105.1618115,204.6391704,0
8754,105.1618115,204.6391704,0
8755,105.1618115,204.6391704,0
8756,105.1618115,204.6391704,0
8757,105.1618115,204.6391704,0
8758,105.1618115,204.6391704,0
8759,105.1618115,204.6391704,0
8760,105.1618115,204.6391704,0
8761,105.1618115,204.6391704,0
8762,105.1618115,204.6391704,0
8763,105.1618115,204.6391704,0
8764,105.1618115,204.6391704,0
8765,105.1618115,204.6391704,0
8766,105.1618115,204.6391704,0
8767,105.1618115,204.6391704,0
8768,105.1618115,204.6391704,0
8769,105.1618115,204.6391704,0
8770,105.1618115,204.6391704,0
8771,105.1618115,204.6391704,0
8772,105.1618115,204.6391704,0
8773,105.1618115,204.6391704,0
8774,105.1618115,204.6391704,0
8775,105.1618115,204.6391704,0
8776,105.1618115,204.6391704,0
8777,105.1618115,204.6391704,0
8778,105.1618115,204.6391704,0
8779,105.1618115,204.6391704,0
8780,105.1618115,204.6391704,0
8781,105.1618115,204.6391704,0
8782,105.1618115,204.6391704,0
8783,105.1618115,204.6391704,0
8784,105.1618115,204.6391704,0
8785,105.1618115,204.6391704,0
8786,105.1618115,204.6391704,0
8787,108.0040225,204.6391704,0
8788,108.0040225,204.6391704,0
8789,108.0040225,204.6391704,0
8790,108.0040225,204.6391704,0
8791,108.0040225,204.6391704,0
8792,108.0040225,204.6391704,0
8793,108.0040225,204.6391704,0
8794,108.0040225,204.6391704,0
8795,108.0040225,204.6391704,0
8796,108.0040225,204.6391704,0
8797,108.0040225,204.6391704,0
8798,108.0040225,204.6391704,0
8799,108.0040225,204.6391704,0
8800,108.0040225,204.6391704,0
8801,108.0040225,204.6391704,0
8802,108.0040225,204.6391704,0
8803,108.0040225,204.6391704,0
8804,108.0040225,204.6391704,0
8805,108.0040225,204.6391704,0
8806,108.0040225,204.6391704,0
8807,108.0040225,204.6391704,0
8808,108.0040225,204.6391704,0
8809,108.0040225,204.6391704,0
8810,108.0040225,204.6391704,0
8811,108.0040225,204.6391704,0
8812,108.0040225,204.6391704,0
8813,108.0040225,204.6391704,0
8814,108.0040225,204.6391704,0
8815,108.0040225,204.6391704,0
8816,108.0040225,204.6391704,0
8817,108.0040225,204.6391704,0
8818,108.0040225,204.6391704,0
8819,108.0040225,204.6391704,0
8820,108.0040225,207.4813811,0
8821,108.0040225,207.4813811,0
8822,108.0040225,207.4813811,0
8823,108.0040225,207.4813811,0
8824,108.0040225,207.4813811,0
8825,108.0040225,207.4813811,0
8826,108.0040225,207.4813811,0
8827,108.0040225,207.4813811,0
8828,108.0040225,207.4813811,0
8829,108.0040225,207.4813811,0
8830,108.0040225,207.4813811,0
8831,108.0040225,207.4813811,0
8832,108.0040225,207.4813811,0
8833,108.0040225,207.4813811,0
8834,108.0040225,207.4813811,0
8835,108.0040225,207.4813811,0
8836,108.0040225,207.4813811,0
8837,105.1618112,207.4813811,0
8838,105.1618112,207.4813811,0
8839,105.1618112,207.4813811,0
8840,105.1618112,207.4813811,0
8841,105.1618112,207.4813811,0
8842,105.1618112,207.4813811,0
8843,105.1618112,207.4813811,0
8844,105.1618112,207.4813811,0
8845,105.1618112,207.4813811,0
8846,105.1618112,207.4813811,0
8847,105.1618112,207.4813811,0
8848,105.1618112,207.4813811,0
8849,105.1618112,207.4813811,0
8850,105.1618112,207.4813811,0
8851,105.1618112,207.4813811,0
8852,105.1618112,207.4813811,0
8853,105.1618112,207.4813811,0
8854,105.1618113,207.4813811,0
8855,105.1618113,207.4813811,0
8856,105.1618113,207.4813811,0
8857,105.1618113,207.4813811,0
8858,105.1618113,207.4813811,0
8859,105.1618113,207.4813811,0
8860,105.1618113,207.4813811,0
8861,105.1618113,207.4813811,0
8862,105.1618113,207.4813811,0
8863,105.1618113,207.4813811,0
8864,105.1618113,207.4813811,0
8865,105.1618113,207.4813811,0
8866,105.1618113,207.4813811,0
8867,105.1618113,207.4813811,0
8868,105.1618113,207.4813811,0
8869,105.1618113,207.4813811,0
8870,105.1618113,207.4813811,0
8871,105.1618113,207.4813811,0
8872,105.1618113,207.4813811,0
8873,105.1618113,207.4813811,0
8874,105.1618113,207.4813811,0
8875,105.1618113,207.4813811,0
8876,105.1618113,207.4813811,0
8877,105.1618113,207.4813811,0
8878,105.1618113,207.4813811,0
8879,105.1618113,207.4813811,0
8880,105.1618113,207.4813811,0
8881,105.1618113,207.4813811,0
8882,105.1618113,207.4813811,0
8883,105.1618113,207.4813811,0
8884,105.1618113,207.4813811,0
8885,105.1618113,207.4813811,0
8886,105.1618113,207.4813811,0
8887,105.1618113,207.4813811,0
8888,105.1618113,207.4813811,0
8889,105.1618113,207.4813811,0
8890,105.1618113,207.4813811,0
8891,105.1618113,207.4813811,0
8892,105.1618113,207.4813811,0
8893,105.1618113,207.4813811,0
8894,105.1618113,207.4813811,0
8895,105.1618113,207.4813811,0
8896,105.1618113,207.4813811,0
8897,105.1618113,207.4813811,0
8898,105.1618113,207.4813811,0
8899,105.1618113,207.4813811,0
8900,105.1618113,207.4813811,0
8901,105.1618113,207.4813811,0
8902,105.1618113,201.7969597,0
8903,105.1618113,201.7969597,0
8904,105.1618113,201.7969597,0
8905,105.1618113,201.7969597,0
8906,105.1618113,201.7969597,0
8907,105.1618113,201.7969597,0
8908,105.1618113,201.7969597,0
8909,105.1618113,201.7969597,0
8910,105.1618113,201.7969597,0
8911,102.3196003,201.7969597,0
8912,102.3196003,201.7969597,0
8913,102.3196003,204.6391704,0
8914,102.3196003,204.6391704,0
8915,102.3196003,204.6391704,0
8916,102.3196003,204.6391704,0
8917,102.3196003,204.6391704,0
8918,102.3196003,204.6391704,0
8919,102.3196003,204.6391704,0
8920,102.3196003,204.6391704,0
8921,102.3196003,204.6391704,0
8922,102.3196003,204.6391704,0
8923,102.3196003,204.6391704,0
8924,102.3196003,204.6391704,0
8925,102.3196003,204.6391704,0
8926,102.3196003,204.6391704,0
8927,102.3196003,204.6391704,0
8928,102.3196003,204.6391704,0
8929,102.3196003,204.6391704,0
8930,102.3196003,204.6391704,0
8931,102.3196003,204.6391704,0
8932,102.3196003,204.6391704,0
8933,102.3196003,204.6391704,0
8934,102.3196003,204.6391704,0
8935,102.3196003,204.6391704,0
8936,102.3196003,204.6391704,0
8937,102.3196003,204.6391704,0
8938,102.3196003,204.6391704,0
8939,102.3196003,204.6391704,0
8940,102.3196003,204.6391704,0
8941,102.3196003,204.6391704,0
8942,102.3196003,204.6391704,0
8943,102.3196003,204.6391704,0
8944,102.3196003,204.6391704,0
8945,102.3196003,204.6391704,0
8946,102.3196003,204.6391704,0
8947,102.3196003,204.6391704,0
8948,102.3196003,204.6391704,0
8949,102.3196003,204.6391704,0
8950,102.3196003,204.6391704,0
8951,102.3196003,204.6391704,0
8952,102.3196003,204.6391704,0
8953,102.3196003,204.6391704,0
8954,102.3196003,204.6391704,0
8955,102.3196003,204.6391704,0
8956,102.3196003,204.6391704,0
8957,102.3196003,204.6391704,0
8958,102.3196003,204.6391704,0
8959,102.3196003,204.6391704,0
8960,105.1618114,204.6391704,0
8961,105.1618114,204.6391704,0
8962,105.1618114,204.6391704,0
8963,105.1618114,204.6391704,0
8964,105.1618114,204.6391704,0
8965,105.1618114,204.6391704,0
8966,105.1618114,204.6391704,0
8967,105.1618114,204.6391704,0
8968,105.1618114,204.6391704,0
8969,105.1618114,201.7969597,0
8970,105.1618114,201.7969597,0
8971,105.1618114,201.7969597,0
8972,105.1618114,201.7969597,0
8973,105.1618114,201.7969597,0
8974,105.1618114,201.7969597,0
8975,105.1618114,201.7969597,0
8976,105.1618114,201.7969597,0
8977,105.1618114,201.7969597,0
8978,105.1618114,201.7969597,0
8979,105.1618114,201.7969597,0
8980,105.1618114,201.7969597,0
8981,105.1618114,201.7969597,0
8982,105.1618114,201.7969597,0
8983,105.1618114,201.7969597,0
8984,105.1618114,201.7969597,0
8985,105.1618114,204.6391704,0
8986,105.1618114,204.6391704,0
8987,105.1618114,204.6391704,0
8988,105.1618114,204.6391704,0
8989,105.1618114,204.6391704,0
8990,105.1618114,204.6391704,0
8991,105.1618114,204.6391704,0
8992,105.1618114,204.6391704,0
8993,105.1618114,204.6391704,0
8994,105.1618114,204.6391704,0
8995,105.1618114,204.6391704,0
8996,105.1618114,204.6391704,0
8997,105.1618114,204.6391704,0
8998,105.1618114,204.6391704,0
8999,105.1618114,204.6391704,0
9000,105.1618114,204.6391704,0
9001,105.1618114,204.6391704,0
9002,105.1618115,204.6391704,0
9003,105.1618115,204.6391704,0
9004,105.1618115,204.6391704,0
9005,105.1618115,204.6391704,0
9006,105.1618115,204.6391704,0
9007,105.1618115,204.6391704,0
9008,105.1618115,204.6391704,0
9009,105.1618115,204.6391704,0
9010,105.1618115,204.6391704,0
9011,105.1618115,204.6391704,0
9012,105.1618115,204.6391704,0
9013,105.1618115,204.6391704,0
9014,105.1618115,204.6391704,0
9015,105.1618115,204.6391704,0
9016,105.1618115,204.6391704,0
9017,105.1618115,204.6391704,0
9018,105.1618115,204.6391704,0
9019,105.1618115,204.6391704,0
9020,105.1618115,204.6391704,0
9021,105.1618115,204.6391704,0
9022,105.1618115,204.6391704,0
9023,105.1618115,204.6391704,0
9024,105.1618115,204.6391704,0
9025,105.1618115,204.6391704,0
9026,105.1618115,204.6391704,0
9027,105.1618115,204.6391704,0
9028,105.1618115,204.6391704,0
9029,105.1618115,204.6391704,0
9030,105.1618115,204.6391704,0
9031,105.1618115,204.6391704,0
9032,105.1618115,204.6391704,0
9033,105.1618115,204.6391704,0
9034,105.1618115,204.6391704,0
9035,105.1618115,204.6391704,0
9036,105.1618115,204.6391704,0
9037,105.1618115,204.6391704,0
9038,105.1618115,204.6391704,0
9039,105.1618115,204.6391704,0
9040,105.1618115,204.6391704,0
9041,105.1618115,204.6391704,0
9042,105.1618115,204.6391704,0
9043,105.1618115,204.6391704,0
9044,105.1618115,204.6391704,0
9045,105.1618115,204.6391704,0
9046,105.1618115,204.6391704,0
9047,105.1618115,204.6391704,0
9048,105.1618115,204.6391704,0
9049,105.1618115,204.6391704,0
9050,105.1618115,204.6391704,0
9051,105.1618115,204.6391704,0
9052,105.1618114,204.6391704,0
9053,105.1618114,204.6391704,0
9054,105.1618114,204.6391704,0
9055,105.1618114,204.6391704,0
9056,105.1618114,204.6391704,0
9057,105.1618114,204.6391704,0
9058,105.1618114,204.6391704,0
9059,105.1618114,204.6391704,0
9060,105.1618114,204.6391704,0
9061,105.1618114,204.6391704,0
9062,105.1618114,204.6391704,0
9063,105.1618114,204.6391704,0
9064,105.1618114,204.6391704,0
9065,102.3196003,204.6391704,0
9066,102.3196003,204.6391704,0
9067,102.3196003,204.6391704,0
9068,102.3196002,204.6391704,0
9069,102.3196002,204.6391704,0
9070,102.3196002,204.6391704,0
9071,102.3196002,204.6391704,0
9072,102.3196002,204.6391704,0
9073,102.3196002,204.6391704,0
9074,102.3196002,204.6391704,0
9075,102.3196002,204.6391704,0
9076,102.3196002,204.6391704,0
9077,102.3196002,204.6391704,0
9078,102.3196002,204.6391704,0
9079,102.3196002,204.6391704,0
9080,102.3196002,204.6391704,0
9081,102.3196002,204.6391704,0
9082,102.3196002,204.6391704,0
9083,102.3196002,204.6391704,0
9084,102.3196002,204.6391704,0
9085,102.3196002,204.6391704,0
9086,102.3196002,204.6391704,0
9087,102.3196002,204.6391704,0
9088,102.3196002,204.6391704,0
9089,102.3196002,204.6391704,0
9090,102.3196002,204.6391704,0
9091,102.3196002,204.6391704,0
9092,102.3196002,204.6391704,0
9093,102.3196002,204.6391704,0
9094,102.3196002,204.6391704,0
9095,102.3196002,204.6391704,0
9096,102.3196002,204.6391704,0
9097,102.3196002,204.6391704,0
9098,102.3196002,204.6391704,0
9099,102.3196002,204.6391704,0
9100,102.3196002,204.6391704,0
9101,102.3196002,204.6391704,0
9102,102.3196002,204.6391704,0
9103,102.3196002,204.6391704,0
9104,102.3196002,204.6391704,0
9105,102.3196002,204.6391704,0
9106,102.3196002,204.6391704,0
9107,102.3196002,204.6391704,0
9108,102.3196002,204.6391704,0
9109,102.3196002,204.6391704,0
9110,102.3196002,204.6391704,0
9111,102.3196002,204.6391704,0
9112,99.47738921,204.6391704,0
9113,99.47738921,204.6391704,0
9114,99.47738921,204.6391704,0
9115,99.47738921,204.6391704,0
9116,99.47738921,204.6391704,0
9117,99.47738921,204.6391704,0
9118,99.47738921,204.6391704,0
9119,99.47738921,204.6391704,0
9120,99.47738921,204.6391704,0
9121,102.3196003,204.6391704,0
9122,102.3196003,204.6391704,0
9123,102.3196003,204.6391704,0
9124,102.3196003,204.6391704,0
9125,102.3196003,204.6391704,0
9126,102.3196003,204.6391704,0
9127,102.3196003,204.6391704,0
9128,102.3196003,204.6391704,0
9129,102.3196003,204.6391704,0
9130,102.3196003,204.6391704,0
9131,102.3196003,204.6391704,0
9132,102.3196003,204.6391704,0
9133,102.3196003,204.6391704,0
9134,102.3196003,204.6391704,0
9135,102.3196003,201.7969597,0
9136,102.3196003,201.7969597,0
9137,102.3196003,201.7969597,0
9138,102.3196003,201.7969597,0
9139,102.3196003,201.7969597,0
9140,102.3196003,201.7969597,0
9141,102.3196003,201.7969597,0
9142,102.3196003,201.7969597,0
9143,102.3196003,201.7969597,0
9144,102.3196003,201.7969597,0
9145,102.3196003,201.7969597,0
9146,102.3196003,201.7969597,0
9147,102.3196003,201.7969597,0
9148,102.3196003,201.7969597,0
9149,102.3196003,204.6391704,0
9150,102.3196003,204.6391704,0
9151,102.3196003,204.6391704,0
9152,102.3196003,204.6391704,0
9153,102.3196003,204.6391704,0
9154,102.3196003,204.6391704,0
9155,102.3196003,204.6391704,0
9156,102.3196003,204.6391704,0
9157,102.3196003,204.6391704,0
9158,102.3196003,204.6391704,0
9159,102.3196003,204.6391704,0
9160,102.3196003,204.6391704,0
9161,102.3196003,204.6391704,0
9162,102.3196003,204.6391704,0
9163,102.3196003,204.6391704,0
9164,102.3196003,204.6391704,0
9165,102.3196003,204.6391704,0
9166,102.3196003,204.6391704,0
9167,102.3196003,204.6391704,0
9168,102.3196003,204.6391704,0
9169,102.3196003,204.6391704,0
9170,102.3196003,204.6391704,0
9171,102.3196003,204.6391704,0
9172,102.3196003,204.6391704,0
9173,102.3196003,204.6391704,0
9174,102.3196003,204.6391704,0
9175,102.3196003,204.6391704,0
9176,102.3196003,204.6391704,0
9177,102.3196003,204.6391704,0
9178,102.3196003,204.6391704,0
9179,102.3196003,204.6391704,0
9180,102.3196003,204.6391704,0
9181,102.3196003,204.6391704,0
9182,102.3196003,204.6391704,0
9183,102.3196003,204.6391704,0
9184,102.3196003,204.6391704,0
9185,102.3196003,204.6391704,0
9186,102.3196003,204.6391704,0
9187,102.3196003,204.6391704,0
9188,102.3196003,204.6391704,0
9189,102.3196003,204.6391704,0
9190,102.3196003,204.6391704,0
9191,102.3196003,204.6391704,0
9192,102.3196003,204.6391704,0
9193,102.3196003,204.6391704,0
9194,102.3196003,204.6391704,0
9195,102.3196003,204.6391704,0
9196,102.3196003,204.6391704,0
9197,102.3196003,204.6391704,0
9198,102.3196003,204.6391704,0
9199,102.3196003,204.6391704,0
9200,102.3196003,204.6391704,0
9201,102.3196003,204.6391704,0
9202,102.3196003,204.6391704,0
9203,102.3196003,204.6391704,0
9204,102.3196002,204.6391704,0
9205,102.3196002,204.6391704,0
9206,102.3196002,204.6391704,0
9207,102.3196002,201.7969597,0
9208,102.3196002,201.7969597,0
9209,102.3196002,201.7969597,0
9210,102.3196002,201.7969597,0
9211,102.3196002,201.7969597,0
9212,102.3196002,201.7969597,0
9213,102.3196002,201.7969597,0
9214,102.3196002,201.7969597,0
9215,102.3196002,201.7969597,0
9216,102.3196002,201.7969597,0
9217,102.3196002,201.7969597,0
9218,102.3196002,201.7969597,0
9219,102.3196002,201.7969597,0
9220,102.3196002,201.7969597,0
9221,102.3196002,201.7969597,0
9222,102.3196002,201.7969597,0
9223,102.3196002,201.7969597,0
9224,102.3196002,201.7969597,0
9225,102.3196002,201.7969597,0
9226,102.3196002,201.7969597,0
9227,102.3196002,198.954749,0
9228,102.3196002,198.954749,0
9229,102.3196002,198.954749,0
9230,102.3196002,198.954749,0
9231,102.3196002,198.954749,0
9232,102.3196002,198.954749,0
9233,102.3196002,198.954749,0
9234,102.3196002,198.954749,0
9235,102.3196002,201.7969597,0
9236,102.3196002,201.7969597,0
9237,102.3196002,201.7969597,0
9238,102.3196002,201.7969597,0
9239,102.3196002,201.7969597,0
9240,102.3196002,204.6391704,0
9241,102.3196002,204.6391704,0
9242,102.3196002,204.6391704,0
9243,102.3196002,204.6391704,0
9244,102.3196002,204.6391704,0
9245,102.3196002,204.6391704,0
9246,102.3196002,204.6391704,0
9247,102.3196002,204.6391704,0
9248,102.3196002,204.6391704,0
9249,102.3196002,204.6391704,0
9250,102.3196002,204.6391704,0
9251,102.3196002,204.6391704,0
9252,102.3196002,204.6391704,0
9253,102.3196002,204.6391704,0
9254,102.3196002,204.6391704,0
9255,102.3196002,204.6391704,0
9256,102.3196002,204.6391704,0
9257,102.3196002,204.6391704,0
9258,102.3196002,204.6391704,0
9259,102.3196002,204.6391704,0
9260,102.3196002,204.6391704,0
9261,102.3196002,204.6391704,0
9262,102.3196002,204.6391704,0
9263,102.3196002,204.6391704,0
9264,102.3196002,204.6391704,0
9265,102.3196002,204.6391704,0
9266,102.3196002,204.6391704,0
9267,102.3196002,204.6391704,0
9268,102.3196002,204.6391704,0
9269,102.3196002,204.6391704,0
9270,102.3196002,204.6391704,0
9271,102.3196002,204.6391704,0
9272,102.3196002,204.6391704,0
9273,99.47738913,204.6391704,0
9274,99.47738913,204.6391704,0
9275,99.47738913,204.6391704,0
9276,99.47738913,204.6391704,0
9277,99.47738913,204.6391704,0
9278,99.47738913,204.6391704,0
9279,99.47738913,204.6391704,0
9280,99.47738913,204.6391704,0
9281,99.47738913,204.6391704,0
9282,99.47738913,204.6391704,0
9283,99.47738913,204.6391704,0
9284,99.47738913,204.6391704,0
9285,99.47738913,204.6391704,0
9286,99.47738913,204.6391704,0
9287,99.47738913,204.6391704,0
9288,99.47738913,204.6391704,0
9289,99.47738913,204.6391704,0
9290,99.47738913,204.6391704,0
9291,99.47738913,204.6391704,0
9292,99.47738913,204.6391704,0
9293,99.47738913,204.6391704,0
9294,99.47738913,204.6391704,0
9295,99.47738913,204.6391704,0
9296,99.47738913,204.6391704,0
9297,99.47738913,204.6391704,0
9298,99.47738913,204.6391704,0
9299,99.47738913,204.6391704,0
9300,99.47738913,204.6391704,0
9301,99.47738913,204.6391704,0
9302,99.47738913,204.6391704,0
9303,99.47738921,204.6391704,0
9304,99.47738921,204.6391704,0
9305,99.47738921,204.6391704,0
9306,99.47738921,204.6391704,0
9307,99.47738921,204.6391704,0
9308,99.47738921,204.6391704,0
9309,99.47738921,204.6391704,0
9310,99.47738921,204.6391704,0
9311,99.47738921,204.6391704,0
9312,99.47738921,204.6391704,0
9313,99.47738921,204.6391704,0
9314,99.47738921,204.6391704,0
9315,99.47738921,204.6391704,0
9316,99.47738921,204.6391704,0
9317,99.47738921,204.6391704,0
9318,99.47738921,204.6391704,0
9319,99.47738921,204.6391704,0
9320,99.47738921,204.6391704,0
9321,99.47738921,204.6391704,0
9322,99.47738921,204.6391704,0
9323,99.47738921,204.6391704,0
9324,99.47738921,204.6391704,0
9325,99.47738921,204.6391704,0
9326,99.47738921,204.6391704,0
9327,99.47738921,204.6391704,0
9328,99.47738921,204.6391704,0
9329,99.47738921,204.6391704,0
9330,99.47738921,204.6391704,0
9331,99.47738921,204.6391704,0
9332,99.47738921,204.6391704,0
9333,99.47738921,204.6391704,0
9334,99.47738921,204.6391704,0
9335,99.47738921,204.6391704,0
9336,99.47738921,204.6391704,0
9337,99.47738921,204.6391704,0
9338,99.47738921,204.6391704,0
9339,99.47738921,204.6391704,0
9340,99.47738921,204.6391704,0
9341,99.47738921,204.6391704,0
9342,99.47738921,204.6391704,0
9343,99.47738921,204.6391704,0
9344,99.47738921,204.6391704,0
9345,99.47738921,204.6391704,0
9346,99.47738921,204.6391704,0
9347,99.47738921,204.6391704,0
9348,99.47738921,204.6391704,0
9349,99.47738921,204.6391704,0
9350,99.47738921,204.6391704,0
9351,99.47738921,204.6391704,0
9352,99.47738921,204.6391704,0
9353,99.47738913,204.6391704,0
9354,99.47738913,204.6391704,0
9355,99.47738913,204.6391704,0
9356,99.47738913,204.6391704,0
9357,99.47738913,204.6391704,0
9358,99.47738913,204.6391704,0
9359,99.47738913,204.6391704,0
9360,99.47738913,204.6391704,0
9361,99.47738913,204.6391704,0
9362,99.47738913,204.6391704,0
9363,99.47738913,204.6391704,0
9364,99.47738913,204.6391704,0
9365,99.47738913,204.6391704,0
9366,99.47738913,204.6391704,0
9367,99.47738913,204.6391704,0
9368,99.47738913,204.6391704,0
9369,99.47738913,204.6391704,0
9370,99.47738913,204.6391704,0
9371,99.47738913,204.6391704,0
9372,99.47738913,204.6391704,0
9373,99.47738913,204.6391704,0
9374,99.47738913,204.6391704,0
9375,99.47738913,204.6391704,0
9376,99.47738913,204.6391704,0
9377,99.47738913,204.6391704,0
9378,99.47738913,204.6391704,0
9379,99.47738913,204.6391704,0
9380,99.47738913,204.6391704,0
9381,99.47738913,204.6391704,0
9382,99.47738913,204.6391704,0
9383,99.47738913,204.6391704,0
9384,99.47738913,204.6391704,0
9385,99.47738913,204.6391704,0
9386,99.47738913,204.6391704,0
9387,99.47738913,204.6391704,0
9388,99.47738913,204.6391704,0
9389,99.47738913,204.6391704,0
9390,99.47738913,204.6391704,0
9391,99.47738913,204.6391704,0
9392,99.47738913,204.6391704,0
9393,99.47738913,204.6391704,0
9394,99.47738913,204.6391704,0
9395,99.47738913,204.6391704,0
9396,99.47738913,204.6391704,0
9397,99.47738913,204.6391704,0
9398,99.47738913,204.6391704,0
9399,99.47738913,204.6391704,0
9400,99.47738913,204.6391704,0
9401,99.47738913,204.6391704,0
9402,99.47738913,204.6391704,0
9403,99.47738913,204.6391704,0
9404,99.47738913,204.6391704,0
9405,99.47738913,204.6391704,0
9406,99.47738913,204.6391704,0
9407,99.47738913,204.6391704,0
9408,99.47738913,204.6391704,0
9409,99.47738913,204.6391704,0
9410,99.47738913,204.6391704,0
9411,99.47738913,204.6391704,0
9412,99.47738913,204.6391704,0
9413,99.47738913,204.6391704,0
9414,99.47738913,204.6391704,0
9415,99.47738913,204.6391704,0
9416,99.47738913,204.6391704,0
9417,99.47738913,204.6391704,0
9418,99.47738913,204.6391704,0
9419,99.47738913,204.6391704,0
9420,99.47738913,204.6391704,0
9421,99.47738913,204.6391704,0
9422,99.47738913,204.6391704,0
9423,99.47738913,204.6391704,0
9424,99.47738913,204.6391704,0
9425,96.63517801,204.6391704,0
9426,96.63517801,204.6391704,0
9427,96.63517801,204.6391704,0
9428,96.63517801,204.6391704,0
9429,96.63517801,204.6391704,0
9430,96.63517801,204.6391704,0
9431,96.63517801,204.6391704,0
9432,96.63517801,204.6391704,0
9433,96.63517801,204.6391704,0
9434,96.63517801,204.6391704,0
9435,96.63517801,204.6391704,0
9436,96.63517801,204.6391704,0
9437,96.63517801,204.6391704,0
9438,96.63517801,204.6391704,0
9439,96.63517801,204.6391704,0
9440,99.47738913,204.6391704,0
9441,99.47738913,204.6391704,0
9442,99.47738913,204.6391704,0
9443,99.47738913,204.6391704,0
9444,99.47738913,204.6391704,0
9445,99.47738913,204.6391704,0
9446,99.47738913,204.6391704,0
9447,99.47738913,204.6391704,0
9448,99.47738913,204.6391704,0
9449,99.47738913,204.6391704,0
9450,99.47738913,204.6391704,0
9451,99.47738913,204.6391704,0
9452,99.47738913,204.6391704,0
9453,99.47738913,204.6391704,0
9454,99.47738913,204.6391704,0
9455,99.47738913,204.6391704,0
9456,99.47738913,204.6391704,0
9457,99.47738913,204.6391704,0
9458,99.47738913,204.6391704,0
9459,99.47738913,204.6391704,0
9460,99.47738913,204.6391704,0
9461,99.47738913,204.6391704,0
9462,99.47738913,204.6391704,0
9463,99.47738913,204.6391704,0
9464,99.47738913,204.6391704,0
9465,99.47738913,204.6391704,0
9466,99.47738913,204.6391704,0
9467,99.47738913,204.6391704,0
9468,99.47738913,204.6391704,0
9469,99.47738913,204.6391704,0
9470,99.47738913,204.6391704,0
9471,99.47738913,204.6391704,0
9472,99.47738913,204.6391704,0
9473,99.47738913,204.6391704,0
9474,99.47738913,204.6391704,0
9475,99.47738913,204.6391704,0
9476,99.47738913,204.6391704,0
9477,99.47738913,204.6391704,0
9478,99.47738913,204.6391704,0
9479,99.47738913,204.6391704,0
9480,99.47738913,204.6391704,0
9481,99.47738913,204.6391704,0
9482,99.47738913,204.6391704,0
9483,99.47738913,204.6391704,0
9484,99.47738913,204.6391704,0
9485,99.47738913,204.6391704,0
9486,99.47738913,204.6391704,0
9487,99.47738913,204.6391704,0
9488,99.47738913,204.6391704,0
9489,99.47738913,204.6391704,0
9490,99.47738906,204.6391704,0
9491,99.47738906,204.6391704,0
9492,99.47738906,204.6391704,0
9493,99.47738906,204.6391704,0
9494,99.47738906,204.6391704,0
9495,99.47738906,204.6391704,0
9496,99.47738906,204.6391704,0
9497,99.47738906,204.6391704,0
9498,99.47738906,204.6391704,0
9499,99.47738906,204.6391704,0
9500,99.47738906,204.6391704,0
9501,99.47738906,204.6391704,0
9502,99.47738906,204.6391704,0
9503,99.47738906,204.6391704,0
9504,99.47738906,204.6391704,0
9505,99.47738906,204.6391704,0
9506,99.47738906,204.6391704,0
9507,96.63517808,204.6391704,0
9508,96.63517808,204.6391704,0
9509,96.63517808,204.6391704,0
9510,99.47738906,204.6391704,0
9511,99.47738906,204.6391704,0
9512,99.47738906,204.6391704,0
9513,99.47738906,204.6391704,0
9514,99.47738906,204.6391704,0
9515,99.47738906,204.6391704,0
9516,99.47738906,204.6391704,0
9517,99.47738906,204.6391704,0
9518,99.47738906,204.6391704,0
9519,99.47738906,204.6391704,0
9520,99.47738906,204.6391704,0
9521,99.47738906,204.6391704,0
9522,99.47738906,204.6391704,0
9523,99.47738906,204.6391704,0
9524,99.47738906,204.6391704,0
9525,99.47738906,204.6391704,0
9526,99.47738906,204.6391704,0
9527,99.47738906,204.6391704,0
9528,99.47738906,204.6391704,0
9529,99.47738906,204.6391704,0
9530,99.47738906,204.6391704,0
9531,99.47738906,204.6391704,0
9532,99.47738906,204.6391704,0
9533,99.47738906,204.6391704,0
9534,99.47738906,204.6391704,0
9535,99.47738906,204.6391704,0
9536,99.47738906,204.6391704,0
9537,99.47738913,204.6391704,0
9538,99.47738913,204.6391704,0
9539,99.47738921,204.6391704,0
9540,99.47738921,204.6391704,0
9541,99.47738921,204.6391704,0
9542,99.47738921,204.6391704,0
9543,99.47738921,204.6391704,0
9544,99.47738921,204.6391704,0
9545,99.47738921,204.6391704,0
9546,99.47738921,204.6391704,0
9547,99.47738921,204.6391704,0
9548,99.47738921,204.6391704,0
9549,99.47738921,204.6391704,0
9550,99.47738921,204.6391704,0
9551,99.47738921,204.6391704,0
9552,99.47738921,204.6391704,0
9553,99.47738921,204.6391704,0
9554,99.47738921,204.6391704,0
9555,99.47738921,204.6391704,0
9556,99.47738921,204.6391704,0
9557,99.47738921,204.6391704,0
9558,99.47738921,204.6391704,0
9559,99.47738921,204.6391704,0
9560,99.47738921,204.6391704,0
9561,99.47738921,204.6391704,0
9562,99.47738921,204.6391704,0
9563,99.47738921,204.6391704,0
9564,99.47738921,204.6391704,0
9565,99.47738921,204.6391704,0
9566,99.47738921,204.6391704,0
9567,99.47738921,204.6391704,0
9568,99.47738921,204.6391704,0
9569,99.47738921,204.6391704,0
9570,99.47738921,204.6391704,0
9571,99.47738921,204.6391704,0
9572,99.47738921,204.6391704,0
9573,99.47738921,204.6391704,0
9574,99.47738921,204.6391704,0
9575,99.47738921,204.6391704,0
9576,99.47738921,204.6391704,0
9577,99.47738921,204.6391704,0
9578,99.47738921,204.6391704,0
9579,99.47738921,204.6391704,0
9580,99.47738921,204.6391704,0
9581,99.47738921,204.6391704,0
9582,99.47738921,204.6391704,0
9583,99.47738921,204.6391704,0
9584,99.47738921,204.6391704,0
9585,99.47738921,204.6391704,0
9586,99.47738921,204.6391704,0
9587,99.47738921,204.6391704,0
9588,99.47738921,204.6391704,0
9589,99.47738913,204.6391704,0
9590,99.47738913,204.6391704,0
9591,99.47738913,204.6391704,0
9592,99.47738913,204.6391704,0
9593,99.47738913,204.6391704,0
9594,99.47738913,204.6391704,0
9595,99.47738913,204.6391704,0
9596,99.47738913,204.6391704,0
9597,99.47738913,204.6391704,0
9598,99.47738913,204.6391704,0
9599,99.47738913,204.6391704,0
9600,99.47738913,204.6391704,0
9601,99.47738913,204.6391704,0
9602,99.47738913,204.6391704,0
9603,99.47738913,204.6391704,0
9604,99.47738913,204.6391704,0
9605,99.47738913,204.6391704,0
9606,99.47738913,204.6391704,0
9607,99.47738913,204.6391704,0
9608,99.47738913,204.6391704,0
9609,99.47738913,204.6391704,0
9610,99.47738913,204.6391704,0
9611,99.47738913,204.6391704,0
9612,99.47738913,204.6391704,0
9613,99.47738913,204.6391704,0
9614,99.47738913,204.6391704,0
9615,99.47738913,204.6391704,0
9616,99.47738913,204.6391704,0
9617,99.47738913,204.6391704,0
9618,99.47738913,204.6391704,0
9619,99.47738913,204.6391704,0
9620,99.47738913,204.6391704,0
9621,99.47738913,204.6391704,0
9622,99.47738913,204.6391704,0
9623,99.47738913,204.6391704,0
9624,99.47738913,204.6391704,0
9625,99.47738913,204.6391704,0
9626,99.47738913,204.6391704,0
9627,99.47738913,204.6391704,0
9628,99.47738913,204.6391704,0
9629,99.47738913,204.6391704,0
9630,99.47738913,204.6391704,0
9631,99.47738913,204.6391704,0
9632,99.47738913,204.6391704,0
9633,99.47738899,204.6391704,0
9634,99.47738899,204.6391704,0
9635,99.47738899,204.6391704,0
9636,99.47738899,204.6391704,0
9637,99.47738899,204.6391704,0
9638,99.47738899,204.6391704,0
9639,99.47738899,204.6391704,0
9640,96.63517801,204.6391704,0
9641,96.63517801,204.6391704,0
9642,96.63517801,204.6391704,0
9643,96.63517801,204.6391704,0
9644,96.63517801,204.6391704,0
9645,96.63517801,204.6391704,0
9646,96.63517801,204.6391704,0
9647,96.63517801,201.7969597,0
9648,96.63517801,201.7969597,0
9649,96.63517801,201.7969597,0
9650,96.63517801,201.7969597,0
9651,96.63517801,201.7969597,0
9652,96.63517801,201.7969597,0
9653,96.63517801,201.7969597,0
9654,96.63517801,204.6391704,0
9655,96.63517801,204.6391704,0
9656,96.63517801,204.6391704,0
9657,96.63517801,204.6391704,0
9658,96.63517801,204.6391704,0
9659,96.63517801,204.6391704,0
9660,96.63517794,204.6391704,0
9661,96.63517794,204.6391704,0
9662,96.63517794,204.6391704,0
9663,96.63517794,204.6391704,0
9664,96.63517794,204.6391704,0
9665,96.63517794,204.6391704,0
9666,96.63517801,204.6391704,0
9667,96.63517801,204.6391704,0
9668,96.63517801,204.6391704,0
9669,96.63517801,204.6391704,0
9670,96.63517801,204.6391704,0
9671,96.63517801,204.6391704,0
9672,96.63517801,204.6391704,0
9673,96.63517801,204.6391704,0
9674,96.63517801,204.6391704,0
9675,96.63517801,204.6391704,0
9676,99.47738906,204.6391704,0
9677,99.47738906,204.6391704,0
9678,99.47738906,204.6391704,0
9679,99.47738906,204.6391704,0
9680,99.47738906,204.6391704,0
9681,99.47738906,204.6391704,0
9682,99.47738906,204.6391704,0
9683,99.47738906,204.6391704,0
9684,99.47738906,204.6391704,0
9685,99.47738906,204.6391704,0
9686,99.47738906,204.6391704,0
9687,99.47738906,204.6391704,0
9688,99.47738906,204.6391704,0
9689,99.47738906,204.6391704,0
9690,99.47738906,204.6391704,0
9691,99.47738906,204.6391704,0
9692,99.47738906,204.6391704,0
9693,99.47738906,204.6391704,0
9694,99.47738906,204.6391704,0
9695,99.47738906,204.6391704,0
9696,99.47738906,204.6391704,0
9697,99.47738906,204.6391704,0
9698,99.47738906,204.6391704,0
9699,99.47738906,204.6391704,0
9700,99.47738906,204.6391704,0
9701,99.47738906,204.6391704,0
9702,99.47738906,204.6391704,0
9703,99.47738906,204.6391704,0
9704,99.47738906,204.6391704,0
9705,99.47738906,204.6391704,0
9706,99.47738906,204.6391704,0
9707,99.47738906,204.6391704,0
9708,99.47738906,204.6391704,0
9709,99.47738906,204.6391704,0
9710,99.47738906,204.6391704,0
9711,99.47738906,204.6391704,0
9712,99.47738906,204.6391704,0
9713,99.47738906,204.6391704,0
9714,99.47738906,204.6391704,0
9715,99.47738906,204.6391704,0
9716,99.47738906,204.6391704,0
9717,99.47738906,204.6391704,0
9718,99.47738906,204.6391704,0
9719,99.47738906,204.6391704,0
9720,99.47738906,204.6391704,0
9721,99.47738906,204.6391704,0
9722,99.47738906,204.6391704,0
9723,99.47738906,204.6391704,0
9724,99.47738906,204.6391704,0
9725,99.47738906,204.6391704,0
9726,96.63517801,204.6391704,0
9727,96.63517801,204.6391704,0
9728,96.63517801,204.6391704,0
9729,96.63517801,204.6391704,0
9730,96.63517801,204.6391704,0
9731,96.63517801,204.6391704,0
9732,96.63517801,204.6391704,0
9733,96.63517801,204.6391704,0
9734,96.63517801,204.6391704,0
9735,96.63517801,204.6391704,0
9736,96.63517801,204.6391704,0
9737,96.63517801,204.6391704,0
9738,96.63517801,201.7969597,0
9739,96.63517801,201.7969597,0
9740,96.63517801,201.7969597,0
9741,96.63517801,201.7969597,0
9742,96.63517801,201.7969597,0
9743,96.63517801,201.7969597,0
9744,96.63517801,201.7969597,0
9745,96.63517801,201.7969597,0
9746,96.63517801,201.7969597,0
9747,96.63517801,201.7969597,0
9748,96.63517801,201.7969597,0
9749,96.63517801,201.7969597,0
9750,96.63517801,201.7969597,0
9751,96.63517801,201.7969597,0
9752,96.63517801,201.7969597,0
9753,96.63517801,204.6391704,0
9754,96.63517801,204.6391704,0
9755,99.47738906,204.6391704,0
9756,99.47738906,204.6391704,0
9757,99.47738906,204.6391704,0
9758,99.47738906,204.6391704,0
9759,99.47738906,204.6391704,0
9760,99.47738906,204.6391704,0
9761,99.47738906,204.6391704,0
9762,99.47738906,204.6391704,0
9763,99.47738906,204.6391704,0
9764,99.47738913,204.6391704,0
9765,99.47738913,204.6391704,0
9766,99.47738913,204.6391704,0
9767,99.47738913,204.6391704,0
9768,99.47738913,204.6391704,0
9769,99.47738913,204.6391704,0
9770,99.47738913,204.6391704,0
9771,99.47738913,204.6391704,0
9772,99.47738913,204.6391704,0
9773,99.47738913,204.6391704,0
9774,99.47738913,204.6391704,0
9775,99.47738913,204.6391704,0
9776,99.47738913,204.6391704,0
9777,99.47738913,204.6391704,0
9778,99.47738913,204.6391704,0
9779,99.47738913,204.6391704,0
9780,99.47738913,204.6391704,0
9781,99.47738913,204.6391704,0
9782,99.47738913,204.6391704,0
9783,99.47738913,204.6391704,0
9784,99.47738913,204.6391704,0
9785,99.47738913,204.6391704,0
9786,99.47738913,204.6391704,0
9787,99.47738913,204.6391704,0
9788,99.47738913,204.6391704,0
9789,99.47738913,204.6391704,0
9790,99.47738913,204.6391704,0
9791,99.47738913,204.6391704,0
9792,99.47738913,204.6391704,0
9793,99.47738913,204.6391704,0
9794,99.47738913,204.6391704,0
9795,99.47738913,204.6391704,0
9796,99.47738913,204.6391704,0
9797,99.47738913,204.6391704,0
9798,99.47738913,204.6391704,0
9799,99.47738913,204.6391704,0
9800,99.47738913,204.6391704,0
9801,99.47738913,204.6391704,0
9802,99.47738913,204.6391704,0
9803,99.47738913,204.6391704,0
9804,99.47738913,204.6391704,0
9805,99.47738913,204.6391704,0
9806,99.47738913,204.6391704,0
9807,99.47738913,204.6391704,0
9808,99.47738913,204.6391704,0
9809,99.47738913,204.6391704,0
9810,99.47738913,204.6391704,0
9811,99.47738913,204.6391704,0
9812,99.47738913,204.6391704,0
9813,99.47738913,204.6391704,0
9814,99.47738906,204.6391704,0
9815,99.47738906,204.6391704,0
9816,99.47738906,204.6391704,0
9817,99.47738906,204.6391704,0
9818,99.47738906,204.6391704,0
9819,99.47738906,204.6391704,0
9820,99.47738906,204.6391704,0
9821,99.47738906,204.6391704,0
9822,99.47738906,204.6391704,0
9823,99.47738906,204.6391704,0
9824,99.47738906,204.6391704,0
9825,99.47738906,204.6391704,0
9826,99.47738906,204.6391704,0
9827,99.47738906,204.6391704,0
9828,99.47738906,204.6391704,0
9829,99.47738906,204.6391704,0
9830,99.47738906,204.6391704,0
9831,99.47738906,204.6391704,0
9832,99.47738906,204.6391704,0
9833,99.47738906,204.6391704,0
9834,96.63517801,204.6391704,0
9835,96.63517801,204.6391704,0
9836,96.63517801,204.6391704,0
9837,96.63517801,204.6391704,0
9838,96.63517801,204.6391704,0
9839,96.63517801,204.6391704,0
9840,96.63517801,204.6391704,0
9841,96.63517801,204.6391704,0
9842,96.63517801,204.6391704,0
9843,96.63517801,204.6391704,0
9844,96.63517801,204.6391704,0
9845,96.63517801,204.6391704,0
9846,96.63517801,204.6391704,0
9847,96.63517801,204.6391704,0
9848,96.63517808,204.6391704,0
9849,96.63517808,204.6391704,0
9850,96.63517808,204.6391704,0
9851,96.63517808,204.6391704,0
9852,96.63517808,204.6391704,0
9853,96.63517808,204.6391704,0
9854,96.63517808,204.6391704,0
9855,96.63517808,204.6391704,0
9856,96.63517808,204.6391704,0
9857,96.63517808,204.6391704,0
9858,96.63517808,204.6391704,0
9859,96.63517808,204.6391704,0
9860,96.63517808,204.6391704,0
9861,96.63517808,204.6391704,0
9862,96.63517808,204.6391704,0
9863,96.63517808,204.6391704,0
9864,96.63517808,204.6391704,0
9865,96.63517808,204.6391704,0
9866,96.63517808,204.6391704,0
9867,96.63517808,204.6391704,0
9868,96.63517808,204.6391704,0
9869,96.63517808,204.6391704,0
9870,96.63517808,204.6391704,0
9871,96.63517808,204.6391704,0
9872,96.63517808,204.6391704,0
9873,96.63517808,204.6391704,0
9874,96.63517808,204.6391704,0
9875,96.63517808,204.6391704,0
9876,96.63517808,204.6391704,0
9877,96.63517808,204.6391704,0
9878,99.47738921,204.6391704,0
9879,99.47738921,204.6391704,0
9880,99.47738921,204.6391704,0
9881,99.47738921,204.6391704,0
9882,99.47738921,204.6391704,0
9883,99.47738921,204.6391704,0
9884,99.47738921,204.6391704,0
9885,99.47738921,204.6391704,0
9886,99.47738921,204.6391704,0
9887,99.47738921,204.6391704,0
9888,99.47738921,204.6391704,0
9889,99.47738921,204.6391704,0
9890,99.47738921,204.6391704,0
9891,99.47738921,204.6391704,0
9892,99.47738921,204.6391704,0
9893,99.47738921,204.6391704,0
9894,99.47738921,204.6391704,0
9895,99.47738921,204.6391704,0
9896,99.47738921,204.6391704,0
9897,99.47738921,204.6391704,0
9898,99.47738921,204.6391704,0
9899,99.47738921,204.6391704,0
9900,99.47738921,204.6391704,0
9901,99.47738921,204.6391704,0
9902,99.47738921,204.6391704,0
9903,99.47738921,204.6391704,0
9904,99.47738921,204.6391704,0
9905,99.47738921,204.6391704,0
9906,99.47738921,204.6391704,0
9907,99.47738921,207.4813811,0
9908,99.47738921,207.4813811,0
9909,99.47738921,207.4813811,0
9910,99.47738921,207.4813811,0
9911,99.47738921,207.4813811,0
9912,99.47738921,207.4813811,0
9913,99.47738921,207.4813811,0
9914,99.47738921,207.4813811,0
9915,99.47738921,207.4813811,0
9916,99.47738921,207.4813811,0
9917,99.47738921,207.4813811,0
9918,99.47738921,207.4813811,0
9919,99.47738921,207.4813811,0
9920,99.47738921,207.4813811,0
9921,99.47738921,207.4813811,0
9922,99.47738921,207.4813811,0
9923,99.47738921,207.4813811,0
9924,99.47738921,207.4813811,0
9925,99.47738921,207.4813811,0
9926,99.47738921,207.4813811,0
9927,99.47738921,207.4813811,0
9928,99.47738913,207.4813811,0
9929,99.47738913,207.4813811,0
9930,99.47738913,207.4813811,0
9931,99.47738913,207.4813811,0
9932,102.3196003,207.4813811,0
9933,102.3196003,207.4813811,0
9934,102.3196003,207.4813811,0
9935,102.3196003,207.4813811,0
9936,102.3196003,207.4813811,0
9937,102.3196003,207.4813811,0
9938,102.3196003,207.4813811,0
9939,102.3196003,207.4813811,0
9940,102.3196003,207.4813811,0
9941,102.3196003,207.4813811,0
9942,102.3196003,207.4813811,0
9943,102.3196003,207.4813811,0
9944,102.3196003,207.4813811,0
9945,102.3196003,207.4813811,0
9946,102.3196003,207.4813811,0
9947,102.3196003,207.4813811,0
9948,102.3196003,207.4813811,0
9949,102.3196003,207.4813811,0
9950,102.3196003,207.4813811,0
9951,102.3196003,207.4813811,0
9952,102.3196003,207.4813811,0
9953,102.3196003,207.4813811,0
9954,102.3196003,207.4813811,0
9955,102.3196003,207.4813811,0
9956,102.3196003,207.4813811,0
9957,102.3196003,207.4813811,0
9958,102.3196003,207.4813811,0
9959,102.3196003,207.4813811,0
9960,102.3196003,207.4813811,0
9961,102.3196003,207.4813811,0
9962,102.3196003,207.4813811,0
9963,102.3196003,207.4813811,0
9964,102.3196003,207.4813811,0
9965,102.3196003,207.4813811,0
9966,102.3196003,207.4813811,0
9967,102.3196003,207.4813811,0
9968,102.3196003,207.4813811,0
9969,102.3196003,207.4813811,0
9970,102.3196003,207.4813811,0
9971,102.3196003,207.4813811,0
9972,102.3196003,207.4813811,0
9973,102.3196003,207.4813811,0
9974,102.3196003,207.4813811,0
9975,102.3196003,207.4813811,0
9976,102.3196003,207.4813811,0
9977,102.3196003,207.4813811,0
9978,102.3196003,207.4813811,0
9979,102.3196003,207.4813811,0
9980,102.3196003,207.4813811,0
9981,102.3196003,207.4813811,0
9982,99.47738921,207.4813811,0
9983,99.47738921,207.4813811,0
9984,99.47738921,207.4813811,0
9985,99.47738921,207.4813811,0
9986,99.47738921,207.4813811,0
9987,99.47738921,207.4813811,0
9988,99.47738921,207.4813811,0
9989,99.47738921,207.4813811,0
9990,99.47738921,207.4813811,0
9991,99.47738921,207.4813811,0
9992,99.47738921,207.4813811,0
9993,99.47738921,207.4813811,0
9994,99.47738921,207.4813811,0
9995,99.47738921,207.4813811,0
9996,99.47738921,201.7969597,0
9997,99.47738921,201.7969597,0
9998,99.47738921,201.7969597,0
9999,99.47738921,201.7969597,0
10000,99.47738921,201.7969597,0
10001,99.47738921,201.7969597,0
10002,99.47738921,201.7969597,0
10003,99.47738921,201.7969597,0
10004,99.47738921,201.7969597,0
10005,99.47738921,201.7969597,0
10006,99.47738921,201.7969597,0
10007,99.47738921,201.7969597,0
10008,99.47738921,201.7969597,0
10009,99.47738921,201.7969597,0
10010,99.47738921,201.7969597,0
10011,99.47738921,201.7969597,0
10012,99.47738921,201.7969597,0
10013,99.47738906,201.7969597,0
10014,99.47738906,201.7969597,0
10015,99.47738906,201.7969597,0
10016,99.47738906,201.7969597,0
10017,99.47738906,201.7969597,0
10018,99.47738906,201.7969597,0
10019,99.47738906,201.7969597,0
10020,96.63517808,204.6391704,0
10021,96.63517808,204.6391704,0
10022,96.63517808,204.6391704,0
10023,96.63517808,204.6391704,0
10024,96.63517808,204.6391704,0
10025,96.63517808,204.6391704,0
10026,96.63517808,204.6391704,0
10027,96.63517808,204.6391704,0
10028,99.47738899,204.6391704,0
10029,99.47738899,204.6391704,0
10030,99.47738899,204.6391704,0
10031,99.47738899,204.6391704,0
10032,99.47738899,204.6391704,0
10033,99.47738899,204.6391704,0
10034,99.47738899,204.6391704,0
10035,99.47738899,204.6391704,0
10036,99.47738899,204.6391704,0
10037,99.47738899,204.6391704,0
10038,99.47738899,204.6391704,0
10039,99.47738899,204.6391704,0
10040,99.47738899,204.6391704,0
10041,99.47738899,204.6391704,0
10042,99.47738899,204.6391704,0
10043,99.47738899,204.6391704,0
10044,99.47738899,204.6391704,0
10045,99.47738899,204.6391704,0
10046,99.47738899,204.6391704,0
10047,99.47738899,204.6391704,0
10048,99.47738899,204.6391704,0
10049,99.47738899,204.6391704,0
10050,99.47738899,204.6391704,0
10051,99.47738899,204.6391704,0
10052,99.47738899,204.6391704,0
10053,99.47738899,204.6391704,0
10054,99.47738899,204.6391704,0
10055,99.47738899,204.6391704,0
10056,99.47738899,204.6391704,0
10057,99.47738899,204.6391704,0
10058,99.47738899,204.6391704,0
10059,99.47738899,204.6391704,0
10060,99.47738899,204.6391704,0
10061,99.47738899,204.6391704,0
10062,99.47738899,204.6391704,0
10063,99.47738899,204.6391704,0
10064,99.47738899,204.6391704,0
10065,99.47738899,204.6391704,0
10066,99.47738899,204.6391704,0
10067,99.47738899,204.6391704,0
10068,99.47738899,204.6391704,0
10069,99.47738899,204.6391704,0
10070,99.47738899,204.6391704,0
10071,99.47738899,204.6391704,0
10072,99.47738899,204.6391704,0
10073,99.47738921,204.6391704,0
10074,99.47738921,204.6391704,0
10075,99.47738921,204.6391704,0
10076,99.47738921,204.6391704,0
10077,99.47738921,204.6391704,0
10078,99.47738921,204.6391704,0
10079,99.47738921,204.6391704,0
10080,99.47738921,204.6391704,0
10081,99.47738921,204.6391704,0
10082,99.47738921,204.6391704,0
10083,99.47738921,204.6391704,0
10084,99.47738921,204.6391704,0
10085,99.47738921,204.6391704,0
10086,99.47738921,204.6391704,0
10087,99.47738921,204.6391704,0
10088,99.47738921,204.6391704,0
10089,99.47738921,204.6391704,0
10090,99.47738921,204.6391704,0
10091,99.47738921,204.6391704,0
10092,99.47738921,204.6391704,0
10093,99.47738921,204.6391704,0
10094,99.47738921,204.6391704,0
10095,99.47738921,204.6391704,0
10096,99.47738921,204.6391704,0
10097,99.47738921,204.6391704,0
10098,99.47738921,204.6391704,0
10099,99.47738921,204.6391704,0
10100,99.47738921,204.6391704,0
10101,99.47738921,204.6391704,0
10102,99.47738921,204.6391704,0
10103,99.47738921,204.6391704,0
10104,99.47738921,204.6391704,0
10105,99.47738921,204.6391704,0
10106,99.47738921,204.6391704,0
10107,99.47738921,204.6391704,0
10108,99.47738921,204.6391704,0
10109,99.47738921,204.6391704,0
10110,99.47738921,204.6391704,0
10111,99.47738921,204.6391704,0
10112,99.47738921,204.6391704,0
10113,99.47738921,204.6391704,0
10114,99.47738921,204.6391704,0
10115,99.47738921,204.6391704,0
10116,99.47738921,204.6391704,0
10117,99.47738921,204.6391704,0
10118,99.47738921,204.6391704,0
10119,99.47738921,204.6391704,0
10120,99.47738921,204.6391704,0
10121,99.47738921,204.6391704,0
10122,99.47738921,204.6391704,0
10123,99.47738913,204.6391704,0
10124,99.47738913,204.6391704,0
10125,99.47738913,204.6391704,0
10126,99.47738913,204.6391704,0
10127,99.47738913,204.6391704,0
10128,99.47738913,204.6391704,0
10129,99.47738913,204.6391704,0
10130,99.47738913,204.6391704,0
10131,99.47738913,204.6391704,0
10132,99.47738921,204.6391704,0
10133,99.47738921,204.6391704,0
10134,99.47738921,204.6391704,0
10135,99.47738921,204.6391704,0
10136,99.47738921,204.6391704,0
10137,99.47738921,204.6391704,0
10138,99.47738921,204.6391704,0
10139,99.47738921,204.6391704,0
10140,99.47738921,204.6391704,0
10141,99.47738921,204.6391704,0
10142,99.47738921,204.6391704,0
10143,99.47738921,204.6391704,0
10144,99.47738921,204.6391704,0
10145,99.47738921,204.6391704,0
10146,99.47738921,201.7969597,0
10147,99.47738921,201.7969597,0
10148,99.47738921,201.7969597,0
10149,99.47738921,201.7969597,0
10150,99.47738921,201.7969597,0
10151,99.47738921,201.7969597,0
10152,99.47738921,201.7969597,0
10153,99.47738921,201.7969597,0
10154,99.47738921,201.7969597,0
10155,99.47738921,201.7969597,0
10156,99.47738921,201.7969597,0
10157,99.47738921,201.7969597,0
10158,99.47738921,201.7969597,0
10159,99.47738921,201.7969597,0
10160,99.47738921,201.7969597,0
10161,99.47738921,201.7969597,0
10162,99.47738921,201.7969597,0
10163,99.47738921,201.7969597,0
10164,99.47738921,201.7969597,0
10165,99.47738921,201.7969597,0
10166,99.47738921,201.7969597,0
10167,99.47738921,201.7969597,0
10168,99.47738921,201.7969597,0
10169,99.47738921,201.7969597,0
10170,99.47738921,201.7969597,0
10171,99.47738921,201.7969597,0
10172,99.47738921,201.7969597,0
10173,99.47738921,201.7969597,0
10174,99.47738921,201.7969597,0
10175,99.47738921,201.7969597,0
10176,99.47738921,201.7969597,0
10177,99.47738921,201.7969597,0
10178,99.47738921,201.7969597,0
10179,99.47738921,201.7969597,0
10180,99.47738921,201.7969597,0
10181,99.47738921,201.7969597,0
10182,99.47738921,201.7969597,0
10183,99.47738921,201.7969597,0
10184,99.47738921,201.7969597,0
10185,99.47738921,201.7969597,0
10186,99.47738921,201.7969597,0
10187,99.47738921,201.7969597,0
10188,99.47738921,201.7969597,0
10189,99.47738921,201.7969597,0
10190,99.47738921,201.7969597,0
10191,99.47738921,201.7969597,0
10192,99.47738921,201.7969597,0
10193,99.47738921,201.7969597,0
10194,99.47738913,201.7969597,0
10195,99.47738913,201.7969597,0
10196,99.47738913,201.7969597,0
10197,99.47738913,201.7969597,0
10198,99.47738913,201.7969597,0
10199,99.47738913,201.7969597,0
10200,99.47738913,201.7969597,0
10201,99.47738913,201.7969597,0
10202,99.47738913,201.7969597,0
10203,99.47738913,201.7969597,0
10204,99.47738913,201.7969597,0
10205,99.47738913,201.7969597,0
10206,99.47738913,201.7969597,0
10207,99.47738913,201.7969597,0
10208,99.47738913,204.6391704,0
10209,99.47738913,204.6391704,0
10210,99.47738913,204.6391704,0
10211,99.47738913,204.6391704,0
10212,99.47738913,204.6391704,0
10213,99.47738913,204.6391704,0
10214,99.47738913,204.6391704,0
10215,99.47738913,204.6391704,0
10216,99.47738913,204.6391704,0
10217,99.47738913,204.6391704,0
10218,99.47738913,204.6391704,0
10219,99.47738913,204.6391704,0
10220,99.47738913,204.6391704,0
10221,99.47738913,204.6391704,0
10222,99.47738913,204.6391704,0
10223,99.47738913,204.6391704,0
10224,99.47738913,204.6391704,0
10225,99.47738913,204.6391704,0
10226,96.63517808,204.6391704,0
10227,96.63517808,204.6391704,0
10228,96.63517808,204.6391704,0
10229,96.63517808,204.6391704,0
10230,96.63517808,204.6391704,0
10231,96.63517808,204.6391704,0
10232,96.63517808,204.6391704,0
10233,96.63517808,204.6391704,0
10234,96.63517808,204.6391704,0
10235,96.63517808,204.6391704,0
10236,96.63517808,204.6391704,0
10237,96.63517808,204.6391704,0
10238,96.63517808,204.6391704,0
10239,96.63517808,204.6391704,0
10240,96.63517808,204.6391704,0
10241,96.63517808,204.6391704,0
10242,96.63517808,204.6391704,0
10243,96.63517808,204.6391704,0
10244,96.63517808,204.6391704,0
10245,96.63517808,204.6391704,0
10246,96.63517808,204.6391704,0
10247,96.63517808,204.6391704,0
10248,96.63517808,204.6391704,0
10249,96.63517808,204.6391704,0
10250,96.63517808,204.6391704,0
10251,96.63517808,204.6391704,0
10252,96.63517808,204.6391704,0
10253,96.63517808,204.6391704,0
10254,96.63517808,204.6391704,0
10255,96.63517808,204.6391704,0
10256,96.63517808,204.6391704,0
10257,96.63517808,204.6391704,0
10258,96.63517808,204.6391704,0
10259,96.63517808,204.6391704,0
10260,96.63517808,204.6391704,0
10261,96.63517808,204.6391704,0
10262,96.63517801,204.6391704,0
10263,96.63517801,204.6391704,0
10264,96.63517801,204.6391704,0
10265,96.63517801,204.6391704,0
10266,96.63517801,204.6391704,0
10267,96.63517801,204.6391704,0
10268,96.63517801,204.6391704,0
10269,96.63517801,204.6391704,0
10270,96.63517801,204.6391704,0
10271,96.63517801,204.6391704,0
10272,96.63517801,204.6391704,0
10273,96.63517801,204.6391704,0
10274,96.63517801,204.6391704,0
10275,96.63517801,204.6391704,0
10276,96.63517801,204.6391704,0
10277,96.63517801,204.6391704,0
10278,96.63517801,204.6391704,0
10279,96.63517801,204.6391704,0
10280,96.63517801,204.6391704,0
10281,96.63517801,204.6391704,0
10282,96.63517801,204.6391704,0
10283,96.63517801,204.6391704,0
10284,96.63517801,204.6391704,0
10285,96.63517801,204.6391704,0
10286,99.47738899,204.6391704,0
10287,99.47738899,204.6391704,0
10288,99.47738899,204.6391704,0
10289,99.47738899,204.6391704,0
10290,99.47738899,204.6391704,0
10291,99.47738899,204.6391704,0
10292,99.47738899,204.6391704,0
10293,99.47738899,204.6391704,0
10294,99.47738899,204.6391704,0
10295,99.47738899,204.6391704,0
10296,99.47738899,204.6391704,0
10297,99.47738899,204.6391704,0
10298,99.47738899,204.6391704,0
10299,99.47738899,204.6391704,0
10300,99.47738899,204.6391704,0
10301,99.47738899,204.6391704,0
10302,99.47738899,204.6391704,0
10303,99.47738899,204.6391704,0
10304,99.47738899,204.6391704,0
10305,99.47738899,204.6391704,0
10306,99.47738899,204.6391704,0
10307,99.47738899,204.6391704,0
10308,99.47738899,204.6391704,0
10309,99.47738899,204.6391704,0
10310,99.47738899,204.6391704,0
10311,99.47738899,204.6391704,0
10312,99.47738899,204.6391704,0
10313,99.47738899,204.6391704,0
10314,99.47738899,204.6391704,0
10315,99.47738899,204.6391704,0
10316,99.47738899,204.6391704,0
10317,99.47738899,204.6391704,0
10318,99.47738899,204.6391704,0
10319,99.47738899,204.6391704,0
10320,99.47738899,204.6391704,0
10321,99.47738899,204.6391704,0
10322,99.47738899,204.6391704,0
10323,99.47738899,204.6391704,0
10324,99.47738899,204.6391704,0
10325,99.47738899,204.6391704,0
10326,99.47738899,204.6391704,0
10327,99.47738899,204.6391704,0
10328,99.47738899,204.6391704,0
10329,99.47738899,204.6391704,0
10330,99.47738899,204.6391704,0
10331,99.47738899,204.6391704,0
10332,99.47738899,204.6391704,0
10333,99.47738899,204.6391704,0
10334,99.47738899,204.6391704,0
10335,99.47738899,204.6391704,0
10336,96.63517801,204.6391704,0
10337,96.63517801,204.6391704,0
10338,96.63517801,204.6391704,0
10339,96.63517801,204.6391704,0
10340,96.63517801,204.6391704,0
10341,96.63517801,204.6391704,0
10342,96.63517801,204.6391704,0
10343,96.63517801,204.6391704,0
10344,99.47738913,204.6391704,0
10345,99.47738913,204.6391704,0
10346,99.47738913,204.6391704,0
10347,99.47738913,204.6391704,0
10348,99.47738913,204.6391704,0
10349,99.47738913,204.6391704,0
10350,99.47738913,204.6391704,0
10351,99.47738913,204.6391704,0
10352,99.47738913,204.6391704,0
10353,99.47738913,204.6391704,0
10354,99.47738913,204.6391704,0
10355,99.47738913,204.6391704,0
10356,99.47738913,204.6391704,0
10357,99.47738913,204.6391704,0
10358,99.47738913,204.6391704,0
10359,99.47738913,204.6391704,0
10360,99.47738913,204.6391704,0
10361,99.47738913,204.6391704,0
10362,99.47738913,204.6391704,0
10363,99.47738913,204.6391704,0
10364,99.47738913,204.6391704,0
10365,99.47738913,204.6391704,0
10366,99.47738913,204.6391704,0
10367,99.47738913,204.6391704,0
10368,99.47738913,204.6391704,0
10369,99.47738913,204.6391704,0
10370,99.47738913,204.6391704,0
10371,99.47738913,204.6391704,0
10372,99.47738913,204.6391704,0
10373,99.47738913,204.6391704,0
10374,99.47738913,204.6391704,0
10375,99.47738913,204.6391704,0
10376,99.47738913,204.6391704,0
10377,99.47738913,204.6391704,0
10378,99.47738913,204.6391704,0
10379,99.47738913,204.6391704,0
10380,99.47738913,204.6391704,0
10381,99.47738913,204.6391704,0
10382,99.47738913,204.6391704,0
10383,99.47738913,204.6391704,0
10384,99.47738913,204.6391704,0
10385,99.47738913,204.6391704,0
10386,99.47738913,204.6391704,0
10387,99.47738913,204.6391704,0
10388,99.47738913,204.6391704,0
10389,99.47738913,204.6391704,0
10390,99.47738913,204.6391704,0
10391,99.47738913,204.6391704,0
10392,99.47738913,204.6391704,0
10393,99.47738913,204.6391704,0
10394,99.47738913,204.6391704,0
10395,99.47738913,204.6391704,0
10396,99.47738913,204.6391704,0
10397,99.47738913,204.6391704,0
10398,99.47738913,204.6391704,0
10399,99.47738913,204.6391704,0
10400,99.47738913,204.6391704,0
10401,99.47738913,204.6391704,0
10402,99.47738913,204.6391704,0
10403,99.47738913,204.6391704,0
10404,99.47738913,204.6391704,0
10405,99.47738913,204.6391704,0
10406,99.47738913,204.6391704,0
10407,99.47738913,204.6391704,0
10408,99.47738913,204.6391704,0
10409,99.47738913,204.6391704,0
10410,99.47738913,204.6391704,0
10411,99.47738913,204.6391704,0
10412,99.47738913,204.6391704,0
10413,99.47738913,204.6391704,0
10414,99.47738913,204.6391704,0
10415,99.47738913,204.6391704,0
10416,99.47738913,204.6391704,0
10417,99.47738913,204.6391704,0
10418,99.47738913,204.6391704,0
10419,99.47738913,204.6391704,0
10420,99.47738913,204.6391704,0
10421,99.47738913,204.6391704,0
10422,99.47738913,204.6391704,0
10423,99.47738913,204.6391704,0
10424,99.47738913,204.6391704,0
10425,99.47738913,204.6391704,0
10426,99.47738913,204.6391704,0
10427,96.63517808,204.6391704,0
10428,96.63517808,204.6391704,0
10429,96.63517808,204.6391704,0
10430,96.63517808,204.6391704,0
10431,96.63517808,204.6391704,0
10432,96.63517808,204.6391704,0
10433,96.63517808,204.6391704,0
10434,96.63517808,204.6391704,0
10435,96.63517808,204.6391704,0
10436,96.63517808,204.6391704,0
10437,96.63517808,204.6391704,0
10438,96.63517808,204.6391704,0
10439,96.63517808,204.6391704,0
10440,96.63517808,204.6391704,0
10441,96.63517808,201.7969597,0
10442,96.63517808,201.7969597,0
10443,96.63517808,201.7969597,0
10444,96.63517808,201.7969597,0
10445,96.63517808,201.7969597,0
10446,96.63517808,201.7969597,0
10447,96.63517808,201.7969597,0
10448,96.63517808,201.7969597,0
10449,96.63517808,201.7969597,0
10450,96.63517808,201.7969597,0
10451,96.63517808,201.7969597,0
10452,96.63517808,201.7969597,0
10453,96.63517808,201.7969597,0
10454,96.63517808,201.7969597,0
10455,96.63517808,201.7969597,0
10456,96.63517808,201.7969597,0
10457,96.63517808,201.7969597,0
10458,96.63517808,201.7969597,0
10459,96.63517808,201.7969597,0
10460,96.63517808,201.7969597,0
10461,96.63517808,201.7969597,0
10462,96.63517808,201.7969597,0
10463,96.63517808,201.7969597,0
10464,96.63517808,201.7969597,0
10465,96.63517808,204.6391704,0
10466,96.63517808,204.6391704,0
10467,96.63517794,204.6391704,0
10468,96.63517794,204.6391704,0
10469,96.63517794,204.6391704,0
10470,96.63517794,204.6391704,0
10471,96.63517794,204.6391704,0
10472,96.63517794,204.6391704,0
10473,96.63517794,204.6391704,0
10474,96.63517794,204.6391704,0
10475,96.63517794,204.6391704,0
10476,96.63517794,204.6391704,0
10477,96.63517794,204.6391704,0
10478,96.63517794,204.6391704,0
10479,96.63517794,204.6391704,0
10480,99.47738913,204.6391704,0
10481,99.47738913,204.6391704,0
10482,99.47738913,204.6391704,0
10483,99.47738913,204.6391704,0
10484,99.47738913,204.6391704,0
10485,99.47738913,204.6391704,0
10486,99.47738913,204.6391704,0
10487,99.47738913,204.6391704,0
10488,99.47738913,204.6391704,0
10489,99.47738913,204.6391704,0
10490,99.47738913,204.6391704,0
10491,99.47738913,204.6391704,0
10492,99.47738921,204.6391704,0
10493,99.47738921,204.6391704,0
10494,99.47738921,204.6391704,0
10495,99.47738921,204.6391704,0
10496,99.47738921,204.6391704,0
10497,99.47738921,204.6391704,0
10498,99.47738921,204.6391704,0
10499,99.47738921,204.6391704,0
10500,99.47738921,204.6391704,0
10501,99.47738921,204.6391704,0
10502,99.47738921,204.6391704,0
10503,99.47738921,204.6391704,0
10504,99.47738921,204.6391704,0
10505,99.47738921,204.6391704,0
10506,99.47738921,204.6391704,0
10507,99.47738921,204.6391704,0
10508,99.47738921,204.6391704,0
10509,99.47738921,204.6391704,0
10510,99.47738921,204.6391704,0
10511,99.47738921,204.6391704,0
10512,99.47738921,204.6391704,0
10513,99.47738921,204.6391704,0
10514,99.47738921,204.6391704,0
10515,99.47738921,204.6391704,0
10516,99.47738921,204.6391704,0
10517,99.47738921,204.6391704,0
10518,99.47738921,204.6391704,0
10519,99.47738921,204.6391704,0
10520,99.47738921,204.6391704,0
10521,99.47738921,204.6391704,0
10522,99.47738921,204.6391704,0
10523,99.47738921,204.6391704,0
10524,99.47738921,204.6391704,0
10525,99.47738921,204.6391704,0
10526,99.47738921,204.6391704,0
10527,99.47738921,204.6391704,0
10528,99.47738921,204.6391704,0
10529,99.47738921,204.6391704,0
10530,99.47738921,204.6391704,0
10531,99.47738921,204.6391704,0
10532,99.47738921,204.6391704,0
10533,99.47738921,204.6391704,0
10534,99.47738921,204.6391704,0
10535,99.47738921,204.6391704,0
10536,99.47738921,204.6391704,0
10537,99.47738921,204.6391704,0
10538,99.47738921,204.6391704,0
10539,99.47738921,204.6391704,0
10540,99.47738921,201.7969597,0
10541,99.47738921,201.7969597,0
10542,99.47738921,201.7969597,0
10543,99.47738921,201.7969597,0
10544,99.47738921,201.7969597,0
10545,99.47738921,201.7969597,0
10546,99.47738921,201.7969597,0
10547,99.47738921,201.7969597,0
10548,99.47738921,201.7969597,0
10549,99.47738921,201.7969597,0
10550,99.47738921,201.7969597,0
10551,99.47738921,201.7969597,0
10552,99.47738921,201.7969597,0
10553,99.47738921,201.7969597,0
10554,99.47738921,201.7969597,0
10555,99.47738921,201.7969597,0
10556,99.47738921,201.7969597,0
10557,99.47738921,201.7969597,0
10558,99.47738921,201.7969597,0
10559,99.47738921,204.6391704,0
10560,99.47738921,204.6391704,0
10561,99.47738921,204.6391704,0
10562,99.47738921,204.6391704,0
10563,99.47738906,204.6391704,0
10564,99.47738906,204.6391704,0
10565,99.47738906,204.6391704,0
10566,99.47738906,204.6391704,0
10567,96.63517808,204.6391704,0
10568,96.63517808,204.6391704,0
10569,96.63517808,204.6391704,0
10570,96.63517808,204.6391704,0
10571,96.63517808,204.6391704,0
10572,96.63517808,204.6391704,0
10573,96.63517808,204.6391704,0
10574,96.63517808,204.6391704,0
10575,96.63517808,204.6391704,0
10576,99.47738906,204.6391704,0
10577,99.47738906,204.6391704,0
10578,99.47738906,204.6391704,0
10579,99.47738906,204.6391704,0
10580,99.47738906,204.6391704,0
10581,99.47738906,204.6391704,0
10582,99.47738906,204.6391704,0
10583,99.47738906,204.6391704,0
10584,99.47738906,204.6391704,0
10585,99.47738906,204.6391704,0
10586,99.47738906,204.6391704,0
10587,99.47738906,204.6391704,0
10588,99.47738906,204.6391704,0
10589,99.47738906,204.6391704,0
10590,99.47738906,204.6391704,0
10591,99.47738906,204.6391704,0
10592,99.47738906,204.6391704,0
10593,99.47738906,204.6391704,0
10594,99.47738906,204.6391704,0
10595,99.47738906,204.6391704,0
10596,99.47738906,204.6391704,0
10597,99.47738906,204.6391704,0
10598,99.47738906,204.6391704,0
10599,99.47738906,204.6391704,0
10600,99.47738906,204.6391704,0
10601,99.47738906,204.6391704,0
10602,99.47738906,204.6391704,0
10603,99.47738906,204.6391704,0
10604,99.47738906,204.6391704,0
10605,99.47738906,204.6391704,0
10606,99.47738906,204.6391704,0
10607,99.47738906,204.6391704,0
10608,99.47738906,204.6391704,0
10609,99.47738906,204.6391704,0
10610,99.47738906,204.6391704,0
10611,99.47738906,204.6391704,0
10612,99.47738906,204.6391704,0
10613,99.47738906,204.6391704,0
10614,99.47738906,204.6391704,0
10615,99.47738921,204.6391704,0
10616,99.47738921,204.6391704,0
10617,99.47738921,204.6391704,0
10618,99.47738921,204.6391704,0
10619,99.47738921,204.6391704,0
10620,99.47738921,204.6391704,0
10621,99.47738921,204.6391704,0
10622,99.47738921,204.6391704,0
10623,99.47738921,204.6391704,0
10624,99.47738921,204.6391704,0
10625,99.47738921,204.6391704,0
10626,99.47738921,204.6391704,0
10627,99.47738921,204.6391704,0
10628,99.47738921,204.6391704,0
10629,99.47738921,204.6391704,0
10630,99.47738921,204.6391704,0
10631,99.47738921,204.6391704,0
10632,99.47738921,204.6391704,0
10633,99.47738921,204.6391704,0
10634,99.47738921,204.6391704,0
10635,99.47738921,204.6391704,0
10636,99.47738921,204.6391704,0
10637,99.47738921,204.6391704,0
10638,99.47738921,204.6391704,0
10639,99.47738921,204.6391704,0
10640,99.47738921,204.6391704,0
10641,99.47738921,204.6391704,0
10642,99.47738921,204.6391704,0
10643,99.47738921,204.6391704,0
10644,99.47738921,204.6391704,0
10645,99.47738921,204.6391704,0
10646,99.47738921,204.6391704,0
10647,99.47738921,204.6391704,0
10648,99.47738921,204.6391704,0
10649,99.47738921,204.6391704,0
10650,99.47738921,204.6391704,0
10651,99.47738921,204.6391704,0
10652,99.47738921,204.6391704,0
10653,99.47738921,204.6391704,0
10654,99.47738921,204.6391704,0
10655,99.47738921,204.6391704,0
10656,99.47738921,204.6391704,0
10657,99.47738921,204.6391704,0
10658,99.47738921,204.6391704,0
10659,99.47738921,204.6391704,0
10660,99.47738921,204.6391704,0
10661,99.47738921,204.6391704,0
10662,99.47738921,204.6391704,0
10663,99.47738921,204.6391704,0
10664,99.47738921,204.6391704,0
10665,99.47738906,204.6391704,0
10666,99.47738906,204.6391704,0
10667,99.47738906,204.6391704,0
10668,99.47738906,204.6391704,0
10669,99.47738906,204.6391704,0
10670,99.47738906,204.6391704,0
10671,99.47738906,204.6391704,0
10672,99.47738906,204.6391704,0
10673,99.47738906,204.6391704,0
10674,99.47738906,204.6391704,0
10675,99.47738906,204.6391704,0
10676,99.47738906,204.6391704,0
10677,99.47738906,204.6391704,0
10678,99.47738906,204.6391704,0
10679,99.47738906,204.6391704,0
10680,99.47738906,204.6391704,0
10681,99.47738906,204.6391704,0
10682,99.47738906,204.6391704,0
10683,99.47738906,204.6391704,0
10684,99.47738906,204.6391704,0
10685,96.63517794,204.6391704,0
10686,96.63517794,204.6391704,0
10687,96.63517794,204.6391704,0
10688,96.63517794,204.6391704,0
10689,96.63517794,204.6391704,0
10690,96.63517794,204.6391704,0
10691,96.63517787,204.6391704,0
10692,96.63517787,204.6391704,0
10693,96.63517787,204.6391704,0
10694,96.63517787,204.6391704,0
10695,96.63517787,204.6391704,0
10696,99.47738899,204.6391704,0
10697,99.47738899,204.6391704,0
10698,99.47738899,204.6391704,0
10699,99.47738899,204.6391704,0
10700,99.47738899,204.6391704,0
10701,99.47738899,204.6391704,0
10702,99.47738899,204.6391704,0
10703,99.47738899,204.6391704,0
10704,99.47738899,204.6391704,0
10705,99.47738899,204.6391704,0
10706,99.47738899,204.6391704,0
10707,99.47738899,204.6391704,0
10708,99.47738899,204.6391704,0
10709,99.47738899,204.6391704,0
10710,99.47738899,204.6391704,0
10711,99.47738899,204.6391704,0
10712,99.47738899,204.6391704,0
10713,99.47738899,204.6391704,0
10714,99.47738899,204.6391704,0
10715,99.47738899,204.6391704,0
10716,99.47738899,204.6391704,0
10717,99.47738899,204.6391704,0
10718,99.47738899,204.6391704,0
10719,99.47738899,204.6391704,0
10720,99.47738899,204.6391704,0
10721,99.47738899,204.6391704,0
10722,99.47738899,204.6391704,0
10723,99.47738899,204.6391704,0
10724,99.47738899,204.6391704,0
10725,99.47738899,204.6391704,0
10726,99.47738899,204.6391704,0
10727,99.47738899,204.6391704,0
10728,99.47738899,204.6391704,0
10729,99.47738899,204.6391704,0
10730,99.47738899,204.6391704,0
10731,99.47738899,204.6391704,0
10732,99.47738899,204.6391704,0
10733,99.47738899,204.6391704,0
10734,99.47738899,204.6391704,0
10735,99.47738899,204.6391704,0
10736,99.47738899,204.6391704,0
10737,99.47738899,204.6391704,0
10738,99.47738899,204.6391704,0
10739,99.47738899,204.6391704,0
10740,99.47738899,204.6391704,0
10741,99.47738899,204.6391704,0
10742,99.47738899,204.6391704,0
10743,99.47738899,204.6391704,0
10744,99.47738899,204.6391704,0
10745,99.47738899,204.6391704,0
10746,99.47738899,204.6391704,0
10747,99.47738899,204.6391704,0
10748,99.47738899,204.6391704,0
10749,99.47738899,204.6391704,0
10750,99.47738899,204.6391704,0
10751,99.47738899,204.6391704,0
10752,99.47738899,204.6391704,0
10753,99.47738899,204.6391704,0
10754,99.47738899,204.6391704,0
10755,99.47738899,204.6391704,0
10756,99.47738899,204.6391704,0
10757,99.47738899,204.6391704,0
10758,99.47738899,204.6391704,0
10759,99.47738899,204.6391704,0
10760,99.47738899,204.6391704,0
10761,99.47738899,204.6391704,0
10762,99.47738899,204.6391704,0
10763,99.47738899,204.6391704,0
10764,99.47738899,204.6391704,0
10765,99.47738899,204.6391704,0
10766,99.47738899,204.6391704,0
10767,99.47738899,204.6391704,0
10768,99.47738899,204.6391704,0
10769,99.47738899,204.6391704,0
10770,99.47738899,204.6391704,0
10771,99.47738899,204.6391704,0
10772,99.47738899,204.6391704,0
10773,99.47738899,204.6391704,0
10774,99.47738899,204.6391704,0
10775,99.47738899,204.6391704,0
10776,99.47738899,204.6391704,0
10777,99.47738913,204.6391704,0
10778,99.47738913,204.6391704,0
10779,99.47738913,204.6391704,0
10780,99.47738913,204.6391704,0
10781,99.47738913,204.6391704,0
10782,99.47738913,204.6391704,0
10783,99.47738913,204.6391704,0
10784,99.47738913,204.6391704,0
10785,99.47738913,204.6391704,0
10786,99.47738913,204.6391704,0
10787,99.47738913,204.6391704,0
10788,99.47738913,204.6391704,0
10789,99.47738913,204.6391704,0
10790,99.47738913,204.6391704,0
10791,99.47738913,204.6391704,0
10792,99.47738913,204.6391704,0
10793,99.47738913,204.6391704,0
10794,99.47738913,204.6391704,0
10795,99.47738913,204.6391704,0
10796,99.47738913,204.6391704,0
10797,99.47738913,204.6391704,0
10798,99.47738913,204.6391704,0
10799,99.47738913,204.6391704,0
10800,99.47738913,204.6391704,0
10801,99.47738913,204.6391704,0
10802,99.47738913,204.6391704,0
10803,102.3196001,204.6391704,0
10804,102.3196001,204.6391704,0
10805,102.3196001,204.6391704,0
10806,102.3196001,204.6391704,0
10807,102.3196001,204.6391704,0
10808,102.3196001,204.6391704,0
10809,102.3196001,204.6391704,0
10810,102.3196001,204.6391704,0
10811,102.3196001,204.6391704,0
10812,102.3196001,204.6391704,0
10813,102.3196001,204.6391704,0
10814,102.3196001,204.6391704,0
10815,102.3196001,204.6391704,0
10816,102.3196001,204.6391704,0
10817,102.3196001,204.6391704,0
10818,102.3196001,204.6391704,0
10819,102.3196001,204.6391704,0
10820,102.3196001,204.6391704,0
10821,102.3196001,204.6391704,0
10822,102.3196001,204.6391704,0
10823,102.3196001,204.6391704,0
10824,102.3196001,204.6391704,0
10825,102.3196001,204.6391704,0
10826,102.3196001,204.6391704,0
10827,102.3196001,204.6391704,0
10828,102.3196001,204.6391704,0
10829,102.3196001,204.6391704,0
10830,102.3196001,204.6391704,0
10831,102.3196001,204.6391704,0
10832,102.3196001,204.6391704,0
10833,102.3196001,204.6391704,0
10834,102.3196001,204.6391704,0
10835,102.3196001,204.6391704,0
10836,102.3196001,204.6391704,0
10837,102.3196001,204.6391704,0
10838,102.3196001,204.6391704,0
10839,102.3196001,204.6391704,0
10840,102.3196001,204.6391704,0
10841,102.3196001,204.6391704,0
10842,102.3196001,204.6391704,0
10843,102.3196001,204.6391704,0
10844,102.3196001,204.6391704,0
10845,102.3196001,204.6391704,0
10846,102.3196001,204.6391704,0
10847,102.3196001,204.6391704,0
10848,102.3196001,204.6391704,0
10849,102.3196001,204.6391704,0
10850,102.3196001,204.6391704,0
10851,102.3196001,204.6391704,0
10852,102.3196001,204.6391704,0
10853,99.47738921,204.6391704,0
10854,99.47738921,204.6391704,0
10855,99.47738921,204.6391704,0
10856,99.47738921,204.6391704,0
10857,99.47738921,204.6391704,0
10858,99.47738921,204.6391704,0
10859,99.47738921,204.6391704,0
10860,99.47738921,204.6391704,0
10861,99.47738921,204.6391704,0
10862,99.47738921,204.6391704,0
10863,99.47738921,204.6391704,0
10864,99.47738921,204.6391704,0
10865,99.47738921,204.6391704,0
10866,99.47738921,204.6391704,0
10867,99.47738921,204.6391704,0
10868,99.47738921,204.6391704,0
10869,99.47738921,204.6391704,0
10870,99.47738921,204.6391704,0
10871,99.47738921,204.6391704,0
10872,99.47738921,204.6391704,0
10873,99.47738921,204.6391704,0
10874,99.47738921,204.6391704,0
10875,99.47738921,201.7969597,0
10876,99.47738921,201.7969597,0
10877,99.47738921,201.7969597,0
10878,99.47738921,201.7969597,0
10879,99.47738921,201.7969597,0
10880,99.47738921,201.7969597,0
10881,99.47738921,201.7969597,0
10882,99.47738921,201.7969597,0
10883,99.47738921,201.7969597,0
10884,99.47738921,201.7969597,0
10885,99.47738921,201.7969597,0
10886,99.47738921,201.7969597,0
10887,99.47738921,201.7969597,0
10888,99.47738921,201.7969597,0
10889,99.47738921,201.7969597,0
10890,99.47738921,201.7969597,0
10891,99.47738921,201.7969597,0
10892,99.47738921,201.7969597,0
10893,99.47738921,201.7969597,0
10894,99.47738921,201.7969597,0
10895,99.47738921,201.7969597,0
10896,99.47738921,201.7969597,0
10897,99.47738913,201.7969597,0
10898,99.47738921,201.7969597,0
10899,99.47738921,204.6391704,0
10900,99.47738921,204.6391704,0
10901,99.47738921,204.6391704,0
10902,99.47738921,204.6391704,0
10903,99.47738921,204.6391704,0
10904,99.47738921,204.6391704,0
10905,99.47738921,204.6391704,0
10906,99.47738921,204.6391704,0
10907,99.47738921,204.6391704,0
10908,99.47738921,204.6391704,0
10909,99.47738921,204.6391704,0
10910,99.47738921,204.6391704,0
10911,99.47738921,204.6391704,0
10912,99.47738921,204.6391704,0
10913,99.47738921,204.6391704,0
10914,99.47738921,204.6391704,0
10915,99.47738921,204.6391704,0
10916,99.47738921,204.6391704,0
10917,99.47738921,204.6391704,0
10918,99.47738921,204.6391704,0
10919,99.47738921,204.6391704,0
10920,99.47738921,204.6391704,0
10921,99.47738921,204.6391704,0
10922,99.47738921,204.6391704,0
10923,99.47738921,204.6391704,0
10924,99.47738921,204.6391704,0
10925,99.47738921,204.6391704,0
10926,99.47738921,204.6391704,0
10927,99.47738921,204.6391704,0
10928,99.47738921,204.6391704,0
10929,99.47738921,204.6391704,0
10930,99.47738921,204.6391704,0
10931,99.47738921,204.6391704,0
10932,99.47738921,204.6391704,0
10933,99.47738921,204.6391704,0
10934,99.47738921,204.6391704,0
10935,99.47738921,204.6391704,0
10936,99.47738921,204.6391704,0
10937,99.47738921,204.6391704,0
10938,102.3196003,204.6391704,0
10939,102.3196003,204.6391704,0
10940,102.3196003,204.6391704,0
10941,102.3196003,204.6391704,0
10942,102.3196003,204.6391704,0
10943,102.3196003,204.6391704,0
10944,102.3196003,204.6391704,0
10945,102.3196003,204.6391704,0
10946,102.3196003,204.6391704,0
10947,102.3196003,204.6391704,0
10948,102.3196003,204.6391704,0
10949,102.3196003,204.6391704,0
10950,102.3196003,204.6391704,0
10951,102.3196003,204.6391704,0
10952,102.3196003,204.6391704,0
10953,102.3196003,204.6391704,0
10954,102.3196003,204.6391704,0
10955,102.3196003,204.6391704,0
10956,102.3196003,204.6391704,0
10957,102.3196003,204.6391704,0
10958,102.3196003,204.6391704,0
10959,102.3196003,204.6391704,0
10960,102.3196003,204.6391704,0
10961,102.3196003,204.6391704,0
10962,102.3196003,204.6391704,0
10963,102.3196003,204.6391704,0
10964,102.3196003,204.6391704,0
10965,102.3196003,204.6391704,0
10966,102.3196003,204.6391704,0
10967,102.3196003,204.6391704,0
10968,102.3196003,204.6391704,0
10969,102.3196003,204.6391704,0
10970,102.3196003,204.6391704,0
10971,102.3196003,204.6391704,0
10972,102.3196003,204.6391704,0
10973,102.3196003,204.6391704,0
10974,102.3196003,204.6391704,0
10975,102.3196003,204.6391704,0
10976,102.3196003,204.6391704,0
10977,102.3196003,204.6391704,0
10978,102.3196003,204.6391704,0
10979,102.3196003,204.6391704,0
10980,102.3196003,204.6391704,0
10981,102.3196003,204.6391704,0
10982,102.3196003,204.6391704,0
10983,102.3196003,204.6391704,0
10984,102.3196003,204.6391704,0
10985,102.3196003,204.6391704,0
10986,102.3196003,204.6391704,0
10987,102.3196003,204.6391704,0
10988,102.3196003,204.6391704,0
10989,102.3196003,204.6391704,0
10990,102.3196003,204.6391704,0
10991,102.3196003,204.6391704,0
10992,102.3196003,204.6391704,0
10993,102.3196003,204.6391704,0
10994,102.3196003,204.6391704,0
10995,102.3196003,204.6391704,0
10996,102.3196003,204.6391704,0
10997,102.3196003,204.6391704,0
10998,102.3196003,204.6391704,0
10999,102.3196003,204.6391704,0
11000,102.3196003,204.6391704,0
11001,102.3196003,204.6391704,0
11002,102.3196003,204.6391704,0
11003,102.3196003,204.6391704,0
11004,102.3196003,204.6391704,0
11005,102.3196003,204.6391704,0
11006,102.3196003,204.6391704,0
11007,102.3196003,204.6391704,0
11008,102.3196003,204.6391704,0
11009,102.3196003,204.6391704,0
11010,102.3196003,204.6391704,0
11011,102.3196003,204.6391704,0
11012,102.3196003,204.6391704,0
11013,102.3196003,204.6391704,0
11014,102.3196003,204.6391704,0
11015,102.3196003,204.6391704,0
11016,102.3196003,204.6391704,0
11017,102.3196003,204.6391704,0
11018,102.3196003,204.6391704,0
11019,102.3196003,204.6391704,0
11020,99.47738913,204.6391704,0
11021,99.47738913,204.6391704,0
11022,99.47738913,204.6391704,0
11023,99.47738913,204.6391704,0
11024,99.47738913,204.6391704,0
11025,99.47738913,204.6391704,0
11026,99.47738921,204.6391704,0
11027,99.47738921,204.6391704,0
11028,99.47738921,204.6391704,0
11029,99.47738921,204.6391704,0
11030,99.47738921,204.6391704,0
11031,99.47738921,204.6391704,0
11032,99.47738921,204.6391704,0
11033,99.47738921,207.4813811,0
11034,99.47738921,207.4813811,0
11035,99.47738921,207.4813811,0
11036,99.47738921,207.4813811,0
11037,99.47738921,207.4813811,0
11038,99.47738921,207.4813811,0
11039,99.47738921,207.4813811,0
11040,99.47738921,207.4813811,0
11041,99.47738921,207.4813811,0
11042,99.47738921,207.4813811,0
11043,99.47738921,207.4813811,0
11044,99.47738921,207.4813811,0
11045,99.47738921,207.4813811,0
11046,99.47738921,207.4813811,0
11047,99.47738921,207.4813811,0
11048,99.47738921,207.4813811,0
11049,99.47738921,207.4813811,0
11050,99.47738921,207.4813811,0
11051,99.47738921,207.4813811,0
11052,99.47738921,207.4813811,0
11053,99.47738921,207.4813811,0
11054,99.47738921,207.4813811,0
11055,99.47738921,207.4813811,0
11056,99.47738921,207.4813811,0
11057,99.47738921,207.4813811,0
11058,99.47738921,207.4813811,0
11059,99.47738921,207.4813811,0
11060,99.47738921,207.4813811,0
11061,99.47738921,207.4813811,0
11062,99.47738921,207.4813811,0
11063,99.47738921,207.4813811,0
11064,99.47738921,207.4813811,0
11065,99.47738921,207.4813811,0
11066,99.47738921,207.4813811,0
11067,99.47738921,207.4813811,0
11068,99.47738921,207.4813811,0
11069,99.47738921,207.4813811,0
11070,99.47738921,207.4813811,0
11071,99.47738921,207.4813811,0
11072,99.47738921,207.4813811,0
11073,102.3196003,207.4813811,0
11074,102.3196003,207.4813811,0
11075,102.3196003,207.4813811,0
11076,102.3196003,207.4813811,0
11077,102.3196003,207.4813811,0
11078,102.3196003,207.4813811,0
11079,102.3196003,207.4813811,0
11080,102.3196003,207.4813811,0
11081,102.3196003,207.4813811,0
11082,102.3196003,207.4813811,0
11083,102.3196003,207.4813811,0
11084,102.3196003,207.4813811,0
11085,102.3196003,207.4813811,0
11086,102.3196003,207.4813811,0
11087,102.3196003,207.4813811,0
11088,102.3196003,207.4813811,0
11089,102.3196003,207.4813811,0
11090,102.3196003,207.4813811,0
11091,102.3196003,207.4813811,0
11092,102.3196003,207.4813811,0
11093,102.3196003,207.4813811,0
11094,102.3196003,207.4813811,0
11095,102.3196003,207.4813811,0
11096,102.3196003,207.4813811,0
11097,102.3196003,207.4813811,0
11098,102.3196003,207.4813811,0
11099,102.3196003,207.4813811,0
11100,102.3196003,207.4813811,0
11101,102.3196003,207.4813811,0
11102,102.3196003,207.4813811,0
11103,102.3196003,207.4813811,0
11104,102.3196003,207.4813811,0
11105,102.3196003,207.4813811,0
11106,102.3196003,207.4813811,0
11107,102.3196003,207.4813811,0
11108,102.3196003,207.4813811,0
11109,102.3196003,207.4813811,0
11110,102.3196003,207.4813811,0
11111,102.3196003,207.4813811,0
11112,102.3196003,207.4813811,0
11113,102.3196003,207.4813811,0
11114,102.3196003,207.4813811,0
11115,102.3196003,207.4813811,0
11116,102.3196003,207.4813811,0
11117,102.3196003,207.4813811,0
11118,102.3196003,207.4813811,0
11119,102.3196003,207.4813811,0
11120,102.3196003,207.4813811,0
11121,102.3196003,207.4813811,0
11122,102.3196003,207.4813811,0
11123,99.47738921,201.7969597,0
11124,99.47738921,201.7969597,0
11125,99.47738921,201.7969597,0
11126,99.47738921,201.7969597,0
11127,99.47738921,201.7969597,0
11128,99.47738921,201.7969597,0
11129,99.47738921,201.7969597,0
11130,99.47738921,201.7969597,0
11131,99.47738921,201.7969597,0
11132,99.47738921,201.7969597,0
11133,99.47738921,201.7969597,0
11134,99.47738921,201.7969597,0
11135,99.47738921,201.7969597,0
11136,99.47738921,201.7969597,0
11137,99.47738921,201.7969597,0
11138,99.47738921,201.7969597,0
11139,99.47738921,201.7969597,0
11140,99.47738921,204.6391704,0
11141,99.47738921,204.6391704,0
11142,99.47738921,204.6391704,0
11143,99.47738921,204.6391704,0
11144,99.47738921,204.6391704,0
11145,99.47738921,204.6391704,0
11146,99.47738921,204.6391704,0
11147,99.47738921,204.6391704,0
11148,99.47738921,204.6391704,0
11149,99.47738921,204.6391704,0
11150,99.47738921,204.6391704,0
11151,99.47738921,204.6391704,0
11152,99.47738921,204.6391704,0
11153,99.47738921,204.6391704,0
11154,99.47738921,204.6391704,0
11155,99.47738921,204.6391704,0
11156,99.47738921,204.6391704,0
11157,99.47738921,204.6391704,0
11158,99.47738921,204.6391704,0
11159,99.47738921,204.6391704,0
11160,99.47738921,204.6391704,0
11161,99.47738921,204.6391704,0
11162,99.47738906,204.6391704,0
11163,99.47738906,204.6391704,0
11164,99.47738906,204.6391704,0
11165,99.47738906,204.6391704,0
11166,99.47738906,204.6391704,0
11167,99.47738899,204.6391704,0
11168,99.47738899,204.6391704,0
11169,99.47738899,204.6391704,0
11170,99.47738899,204.6391704,0
11171,99.47738899,204.6391704,0
11172,99.47738899,204.6391704,0
11173,99.47738899,204.6391704,0
11174,99.47738899,204.6391704,0
11175,99.47738899,204.6391704,0
11176,99.47738899,204.6391704,0
11177,99.47738899,204.6391704,0
11178,99.47738899,204.6391704,0
11179,99.47738899,204.6391704,0
11180,99.47738899,204.6391704,0
11181,99.47738899,204.6391704,0
11182,99.47738899,204.6391704,0
11183,99.47738899,204.6391704,0
11184,99.47738899,204.6391704,0
11185,99.47738899,204.6391704,0
11186,99.47738899,204.6391704,0
11187,99.47738899,204.6391704,0
11188,99.47738899,204.6391704,0
11189,99.47738899,204.6391704,0
11190,99.47738899,204.6391704,0
11191,99.47738899,204.6391704,0
11192,99.47738899,204.6391704,0
11193,99.47738899,204.6391704,0
11194,99.47738899,204.6391704,0
11195,99.47738899,204.6391704,0
11196,99.47738899,204.6391704,0
11197,99.47738899,204.6391704,0
11198,99.47738899,204.6391704,0
11199,99.47738899,204.6391704,0
11200,99.47738899,204.6391704,0
11201,99.47738899,204.6391704,0
11202,99.47738899,204.6391704,0
11203,99.47738899,204.6391704,0
11204,99.47738899,204.6391704,0
11205,99.47738899,204.6391704,0
11206,99.47738899,204.6391704,0
11207,99.47738899,204.6391704,0
11208,99.47738906,204.6391704,0
11209,99.47738906,204.6391704,0
11210,99.47738906,204.6391704,0
11211,99.47738906,204.6391704,0
11212,99.47738906,204.6391704,0
11213,99.47738906,204.6391704,0
11214,99.47738921,204.6391704,0
11215,99.47738921,204.6391704,0
11216,99.47738921,204.6391704,0
11217,99.47738921,204.6391704,0
11218,99.47738921,204.6391704,0
11219,99.47738921,204.6391704,0
11220,99.47738921,204.6391704,0
11221,99.47738921,204.6391704,0
11222,99.47738921,204.6391704,0
11223,99.47738921,204.6391704,0
11224,99.47738921,204.6391704,0
11225,99.47738921,204.6391704,0
11226,99.47738921,204.6391704,0
11227,99.47738921,204.6391704,0
11228,99.47738921,204.6391704,0
11229,99.47738921,204.6391704,0
11230,99.47738921,204.6391704,0
11231,99.47738921,204.6391704,0
11232,99.47738921,204.6391704,0
11233,99.47738921,204.6391704,0
11234,99.47738921,204.6391704,0
11235,99.47738921,204.6391704,0
11236,99.47738921,204.6391704,0
11237,99.47738921,204.6391704,0
11238,99.47738921,204.6391704,0
11239,99.47738921,204.6391704,0
11240,99.47738921,204.6391704,0
11241,99.47738921,204.6391704,0
11242,99.47738921,204.6391704,0
11243,102.3196003,204.6391704,0
11244,102.3196003,204.6391704,0
11245,102.3196003,204.6391704,0
11246,102.3196003,204.6391704,0
11247,102.3196003,204.6391704,0
11248,102.3196003,204.6391704,0
11249,102.3196003,204.6391704,0
11250,102.3196003,204.6391704,0
11251,102.3196003,204.6391704,0
11252,102.3196003,204.6391704,0
11253,102.3196003,204.6391704,0
11254,102.3196003,204.6391704,0
11255,102.3196003,204.6391704,0
11256,102.3196003,204.6391704,0
11257,102.3196003,204.6391704,0
11258,102.3196003,204.6391704,0
11259,102.3196003,204.6391704,0
11260,102.3196003,204.6391704,0
11261,102.3196003,204.6391704,0
11262,102.3196003,204.6391704,0
11263,102.3196003,204.6391704,0
11264,102.3196003,204.6391704,0
11265,102.3196003,204.6391704,0
11266,102.3196003,204.6391704,0
11267,102.3196003,204.6391704,0
11268,102.3196003,204.6391704,0
11269,102.3196003,204.6391704,0
11270,102.3196003,204.6391704,0
11271,102.3196003,204.6391704,0
11272,102.3196003,204.6391704,0
11273,102.3196003,204.6391704,0
11274,102.3196003,204.6391704,0
11275,102.3196003,204.6391704,0
11276,102.3196003,204.6391704,0
11277,102.3196003,204.6391704,0
11278,102.3196003,204.6391704,0
11279,102.3196003,204.6391704,0
11280,102.3196003,204.6391704,0
11281,102.3196003,204.6391704,0
11282,102.3196003,204.6391704,0
11283,102.3196003,204.6391704,0
11284,102.3196003,204.6391704,0
11285,102.3196003,204.6391704,0
11286,102.3196003,204.6391704,0
11287,102.3196003,204.6391704,0
11288,102.3196003,204.6391704,0
11289,102.3196003,204.6391704,0
11290,102.3196003,204.6391704,0
11291,102.3196003,204.6391704,0
11292,102.3196003,204.6391704,0
11293,102.3196003,204.6391704,0
11294,102.3196003,204.6391704,0
11295,102.3196003,204.6391704,0
11296,102.3196003,204.6391704,0
11297,102.3196003,204.6391704,0
11298,102.3196003,204.6391704,0
11299,102.3196003,204.6391704,0
11300,102.3196003,204.6391704,0
11301,102.3196003,204.6391704,0
11302,102.3196003,204.6391704,0
11303,102.3196003,204.6391704,0
11304,102.3196003,204.6391704,0
11305,102.3196003,204.6391704,0
11306,102.3196003,204.6391704,0
11307,102.3196003,204.6391704,0
11308,102.3196003,204.6391704,0
11309,102.3196003,204.6391704,0
11310,102.3196003,204.6391704,0
11311,102.3196003,204.6391704,0
11312,102.3196003,204.6391704,0
11313,102.3196003,204.6391704,0
11314,102.3196003,204.6391704,0
11315,102.3196003,204.6391704,0
11316,102.3196003,204.6391704,0
11317,102.3196003,204.6391704,0
11318,102.3196003,204.6391704,0
11319,102.3196003,204.6391704,0
11320,102.3196003,204.6391704,0
11321,102.3196003,204.6391704,0
11322,102.3196003,204.6391704,0
11323,102.3196003,204.6391704,0
11324,102.3196003,204.6391704,0
11325,102.3196003,204.6391704,0
11326,102.3196003,204.6391704,0
11327,102.3196003,204.6391704,0
11328,102.3196003,204.6391704,0
11329,102.3196003,204.6391704,0
11330,102.3196003,204.6391704,0
11331,102.3196003,204.6391704,0
11332,102.3196003,204.6391704,0
11333,102.3196002,204.6391704,0
11334,102.3196002,204.6391704,0
11335,102.3196002,204.6391704,0
11336,102.3196002,204.6391704,0
11337,102.3196002,204.6391704,0
11338,102.3196002,204.6391704,0
11339,102.3196002,204.6391704,0
11340,102.3196002,204.6391704,0
11341,102.3196002,204.6391704,0
11342,102.3196002,204.6391704,0
11343,102.3196002,204.6391704,0
11344,102.3196002,204.6391704,0
11345,102.3196002,204.6391704,0
11346,102.3196002,204.6391704,0
11347,102.3196002,204.6391704,0
11348,102.3196002,204.6391704,0
11349,102.3196002,204.6391704,0
11350,102.3196002,204.6391704,0
11351,102.3196002,204.6391704,0
11352,102.3196002,204.6391704,0
11353,102.3196002,204.6391704,0
11354,102.3196002,204.6391704,0
11355,102.3196002,204.6391704,0
11356,102.3196002,204.6391704,0
11357,102.3196002,204.6391704,0
11358,102.3196002,204.6391704,0
11359,102.3196002,204.6391704,0
11360,102.3196002,204.6391704,0
11361,102.3196002,204.6391704,0
11362,102.3196001,204.6391704,0
11363,102.3196001,204.6391704,0
11364,102.3196001,204.6391704,0
11365,102.3196001,204.6391704,0
11366,102.3196001,204.6391704,0
11367,102.3196001,204.6391704,0
11368,102.3196001,204.6391704,0
11369,102.3196001,204.6391704,0
11370,102.3196001,204.6391704,0
11371,102.3196001,204.6391704,0
11372,102.3196001,204.6391704,0
11373,102.3196001,204.6391704,0
11374,102.3196001,204.6391704,0
11375,102.3196001,204.6391704,0
11376,102.3196001,204.6391704,0
11377,102.3196001,204.6391704,0
11378,102.3196001,204.6391704,0
11379,102.3196001,204.6391704,0
11380,102.3196001,204.6391704,0
11381,102.3196001,204.6391704,0
11382,102.3196001,204.6391704,0
11383,102.3196001,204.6391704,0
11384,102.3196001,204.6391704,0
11385,102.3196001,204.6391704,0
11386,102.3196001,204.6391704,0
11387,102.3196001,204.6391704,0
11388,102.3196001,204.6391704,0
11389,99.47738913,204.6391704,0
11390,99.47738913,204.6391704,0
11391,99.47738913,204.6391704,0
11392,99.47738913,204.6391704,0
11393,99.47738913,204.6391704,0
11394,99.47738913,204.6391704,0
11395,99.47738913,204.6391704,0
11396,99.47738899,204.6391704,0
11397,99.47738899,204.6391704,0
11398,99.47738899,204.6391704,0
11399,99.47738899,204.6391704,0
11400,99.47738899,204.6391704,0
11401,99.47738899,204.6391704,0
11402,99.47738899,204.6391704,0
11403,99.47738899,204.6391704,0
11404,99.47738899,204.6391704,0
11405,99.47738899,204.6391704,0
11406,99.47738899,204.6391704,0
11407,99.47738899,204.6391704,0
11408,99.47738913,204.6391704,0
11409,99.47738913,204.6391704,0
11410,99.47738913,204.6391704,0
11411,99.47738913,204.6391704,0
11412,99.47738913,204.6391704,0
11413,99.47738913,204.6391704,0
11414,99.47738913,204.6391704,0
11415,99.47738913,204.6391704,0
11416,99.47738913,204.6391704,0
11417,99.47738913,204.6391704,0
11418,99.47738913,204.6391704,0
11419,99.47738913,204.6391704,0
11420,99.47738913,204.6391704,0
11421,99.47738913,204.6391704,0
11422,99.47738913,204.6391704,0
11423,99.47738913,204.6391704,0
11424,99.47738913,204.6391704,0
11425,99.47738913,204.6391704,0
11426,99.47738913,204.6391704,0
11427,99.47738913,204.6391704,0
11428,99.47738913,204.6391704,0
11429,99.47738913,204.6391704,0
11430,99.47738913,204.6391704,0
11431,99.47738913,204.6391704,0
11432,99.47738913,204.6391704,0
11433,99.47738913,204.6391704,0
11434,99.47738913,204.6391704,0
11435,99.47738913,204.6391704,0
11436,99.47738913,204.6391704,0
11437,102.3196003,204.6391704,0
11438,102.3196003,204.6391704,0
11439,102.3196003,204.6391704,0
11440,102.3196003,204.6391704,0
11441,102.3196003,204.6391704,0
11442,102.3196003,204.6391704,0
11443,102.3196003,204.6391704,0
11444,102.3196003,204.6391704,0
11445,102.3196003,204.6391704,0
11446,102.3196003,204.6391704,0
11447,102.3196003,204.6391704,0
11448,102.3196003,204.6391704,0
11449,102.3196003,204.6391704,0
11450,102.3196003,204.6391704,0
11451,102.3196003,204.6391704,0
11452,102.3196003,204.6391704,0
11453,102.3196003,204.6391704,0
11454,102.3196003,204.6391704,0
11455,102.3196003,204.6391704,0
11456,102.3196003,204.6391704,0
11457,102.3196003,204.6391704,0
11458,102.3196003,204.6391704,0
11459,102.3196003,204.6391704,0
11460,102.3196003,204.6391704,0
11461,102.3196003,204.6391704,0
11462,102.3196003,204.6391704,0
11463,102.3196003,204.6391704,0
11464,102.3196003,204.6391704,0
11465,102.3196003,204.6391704,0
11466,102.3196003,204.6391704,0
11467,102.3196003,204.6391704,0
11468,102.3196003,204.6391704,0
11469,102.3196003,204.6391704,0
11470,102.3196003,204.6391704,0
11471,102.3196003,204.6391704,0
11472,102.3196003,204.6391704,0
11473,102.3196003,204.6391704,0
11474,102.3196003,204.6391704,0
11475,102.3196003,204.6391704,0
11476,102.3196003,204.6391704,0
11477,102.3196003,204.6391704,0
11478,102.3196003,204.6391704,0
11479,102.3196003,204.6391704,0
11480,102.3196003,204.6391704,0
11481,102.3196003,204.6391704,0
11482,102.3196003,204.6391704,0
11483,102.3196003,204.6391704,0
11484,102.3196003,204.6391704,0
11485,102.3196003,204.6391704,0
11486,102.3196003,204.6391704,0
11487,99.47738921,204.6391704,0
11488,99.47738921,204.6391704,0
11489,99.47738921,204.6391704,0
11490,99.47738921,204.6391704,0
11491,99.47738921,204.6391704,0
11492,99.47738921,204.6391704,0
11493,99.47738921,204.6391704,0
11494,99.47738921,204.6391704,0
11495,99.47738921,204.6391704,0
11496,99.47738921,204.6391704,0
11497,99.47738921,204.6391704,0
11498,99.47738921,204.6391704,0
11499,99.47738921,204.6391704,0
11500,99.47738921,204.6391704,0
11501,99.47738921,204.6391704,0
11502,99.47738921,204.6391704,0
11503,99.47738921,204.6391704,0
11504,99.47738921,204.6391704,0
11505,99.47738921,204.6391704,0
11506,99.47738921,204.6391704,0
11507,99.47738921,204.6391704,0
11508,99.47738921,204.6391704,0
11509,99.47738921,204.6391704,0
11510,99.47738921,204.6391704,0
11511,99.47738921,204.6391704,0
11512,99.47738921,204.6391704,0
11513,99.47738921,204.6391704,0
11514,99.47738921,204.6391704,0
11515,99.47738921,204.6391704,0
11516,99.47738921,204.6391704,0
11517,99.47738921,204.6391704,0
11518,99.47738921,204.6391704,0
11519,99.47738921,204.6391704,0
11520,99.47738921,204.6391704,0
11521,99.47738921,204.6391704,0
11522,99.47738921,204.6391704,0
11523,99.47738921,204.6391704,0
11524,99.47738921,204.6391704,0
11525,99.47738921,204.6391704,0
11526,99.47738913,204.6391704,0
11527,99.47738913,204.6391704,0
11528,99.47738913,204.6391704,0
11529,99.47738913,204.6391704,0
11530,99.47738913,204.6391704,0
11531,99.47738913,204.6391704,0
11532,99.47738913,204.6391704,0
11533,99.47738913,204.6391704,0
11534,99.47738913,204.6391704,0
11535,99.47738913,204.6391704,0
11536,99.47738913,204.6391704,0
11537,99.47738913,204.6391704,0
11538,99.47738913,204.6391704,0
11539,99.47738913,204.6391704,0
11540,99.47738913,204.6391704,0
11541,99.47738913,204.6391704,0
11542,99.47738913,204.6391704,0
11543,99.47738913,204.6391704,0
11544,99.47738913,204.6391704,0
11545,99.47738913,204.6391704,0
11546,99.47738913,204.6391704,0
11547,99.47738913,204.6391704,0
11548,99.47738913,204.6391704,0
11549,99.47738913,201.7969597,0
11550,99.47738913,201.7969597,0
11551,99.47738913,201.7969597,0
11552,99.47738913,201.7969597,0
11553,99.47738913,201.7969597,0
11554,99.47738913,201.7969597,0
11555,99.47738913,201.7969597,0
11556,99.47738913,201.7969597,0
11557,99.47738913,201.7969597,0
11558,99.47738913,201.7969597,0
11559,99.47738913,201.7969597,0
11560,99.47738913,204.6391704,0
11561,99.47738913,204.6391704,0
11562,99.47738913,204.6391704,0
11563,99.47738913,204.6391704,0
11564,99.47738913,204.6391704,0
11565,99.47738913,204.6391704,0
11566,99.47738913,204.6391704,0
11567,99.47738913,204.6391704,0
11568,99.47738913,204.6391704,0
11569,99.47738913,204.6391704,0
11570,99.47738913,204.6391704,0
11571,99.47738913,204.6391704,0
11572,99.47738913,204.6391704,0
11573,99.47738913,204.6391704,0
11574,99.47738913,204.6391704,0
11575,99.47738913,204.6391704,0
11576,99.47738913,204.6391704,0
11577,99.47738913,204.6391704,0
11578,99.47738913,204.6391704,0
11579,99.47738913,204.6391704,0
11580,99.47738913,204.6391704,0
11581,99.47738913,204.6391704,0
11582,99.47738906,204.6391704,0
11583,99.47738906,204.6391704,0
11584,99.47738906,204.6391704,0
11585,99.47738906,204.6391704,0
11586,99.47738906,204.6391704,0
11587,99.47738906,204.6391704,0
11588,99.47738906,204.6391704,0
11589,99.47738906,204.6391704,0
11590,99.47738906,204.6391704,0
11591,99.47738906,204.6391704,0
11592,99.47738906,204.6391704,0
11593,99.47738906,204.6391704,0
11594,99.47738906,204.6391704,0
11595,99.47738906,204.6391704,0
11596,99.47738906,204.6391704,0
11597,99.47738906,204.6391704,0
11598,99.47738906,204.6391704,0
11599,99.47738906,204.6391704,0
11600,99.47738906,204.6391704,0
11601,99.47738906,204.6391704,0
11602,99.47738906,204.6391704,0
11603,99.47738899,204.6391704,0
11604,99.47738899,204.6391704,0
11605,99.47738899,204.6391704,0
11606,99.47738899,204.6391704,0
11607,99.47738899,204.6391704,0
11608,99.47738899,204.6391704,0
11609,99.47738899,204.6391704,0
11610,99.47738899,204.6391704,0
11611,99.47738899,204.6391704,0
11612,99.47738899,204.6391704,0
11613,99.47738899,204.6391704,0
11614,99.47738899,204.6391704,0
11615,99.47738899,204.6391704,0
11616,99.47738899,204.6391704,0
11617,99.47738899,204.6391704,0
11618,99.47738899,204.6391704,0
11619,99.47738899,204.6391704,0
11620,99.47738899,204.6391704,0
11621,99.47738899,204.6391704,0
11622,99.47738899,204.6391704,0
11623,99.47738899,204.6391704,0
11624,99.47738899,204.6391704,0
11625,96.63517801,204.6391704,0
11626,96.63517801,204.6391704,0
11627,96.63517801,204.6391704,0
11628,96.63517801,201.7969597,0
11629,96.63517801,201.7969597,0
11630,96.63517801,201.7969597,0
11631,96.63517808,201.7969597,0
11632,96.63517808,201.7969597,0
11633,96.63517808,201.7969597,0
11634,96.63517808,201.7969597,0
11635,96.63517808,201.7969597,0
11636,96.63517808,201.7969597,0
11637,96.63517808,201.7969597,0
11638,96.63517808,201.7969597,0
11639,96.63517808,201.7969597,0
11640,96.63517808,201.7969597,0
11641,96.63517808,201.7969597,0
11642,96.63517808,201.7969597,0
11643,96.63517808,201.7969597,0
11644,96.63517808,201.7969597,0
11645,96.63517808,201.7969597,0
11646,96.63517808,201.7969597,0
11647,96.63517808,201.7969597,0
11648,96.63517808,201.7969597,0
11649,96.63517808,201.7969597,0
11650,96.63517808,201.7969597,0
11651,96.63517808,201.7969597,0
11652,96.63517808,201.7969597,0
11653,96.63517808,201.7969597,0
11654,96.63517808,201.7969597,0
11655,96.63517808,201.7969597,0
11656,96.63517808,201.7969597,0
11657,96.63517808,201.7969597,0
11658,96.63517808,201.7969597,0
11659,96.63517808,201.7969597,0
11660,96.63517808,201.7969597,0
11661,96.63517808,201.7969597,0
11662,96.63517808,201.7969597,0
11663,96.63517808,201.7969597,0
11664,96.63517808,204.6391704,0
11665,96.63517808,204.6391704,0
11666,96.63517808,204.6391704,0
11667,96.63517808,204.6391704,0
11668,96.63517808,204.6391704,0
11669,96.63517808,204.6391704,0
11670,96.63517808,204.6391704,0
11671,96.63517808,204.6391704,0
11672,96.63517808,204.6391704,0
11673,96.63517808,204.6391704,0
11674,96.63517808,204.6391704,0
11675,96.63517808,204.6391704,0
11676,96.63517808,204.6391704,0
11677,96.63517808,204.6391704,0
11678,96.63517808,204.6391704,0
11679,96.63517808,204.6391704,0
11680,96.63517808,204.6391704,0
11681,96.63517801,204.6391704,0
11682,96.63517801,204.6391704,0
11683,96.63517801,204.6391704,0
11684,96.63517801,204.6391704,0
11685,96.63517801,204.6391704,0
11686,96.63517801,204.6391704,0
11687,96.63517801,204.6391704,0
11688,96.63517801,204.6391704,0
11689,96.63517801,204.6391704,0
11690,96.63517801,204.6391704,0
11691,96.63517801,204.6391704,0
11692,96.63517801,204.6391704,0
11693,96.63517801,204.6391704,0
11694,96.63517801,204.6391704,0
11695,96.63517801,204.6391704,0
11696,96.63517801,204.6391704,0
11697,96.63517801,204.6391704,0
11698,96.63517801,204.6391704,0
11699,96.63517801,204.6391704,0
11700,96.63517801,204.6391704,0
11701,96.63517801,204.6391704,0
11702,96.63517801,204.6391704,0
11703,96.63517801,204.6391704,0
11704,96.63517801,204.6391704,0
11705,93.79296696,204.6391704,0
11706,93.79296696,204.6391704,0
11707,93.79296696,204.6391704,0
11708,93.79296696,204.6391704,0
11709,93.79296696,204.6391704,0
11710,93.79296696,204.6391704,0
11711,93.79296696,204.6391704,0
11712,93.79296696,204.6391704,0
11713,96.63517787,204.6391704,0
11714,96.63517787,204.6391704,0
11715,96.63517787,204.6391704,0
11716,96.63517787,204.6391704,0
11717,96.63517787,204.6391704,0
11718,96.63517787,204.6391704,0
11719,96.63517787,204.6391704,0
11720,96.63517787,204.6391704,0
11721,96.63517787,204.6391704,0
11722,96.63517787,204.6391704,0
11723,96.63517787,204.6391704,0
11724,96.63517787,204.6391704,0
11725,96.63517787,204.6391704,0
11726,96.63517787,204.6391704,0
11727,96.63517787,204.6391704,0
11728,96.63517787,204.6391704,0
11729,96.63517787,204.6391704,0
11730,96.63517787,204.6391704,0
11731,96.63517787,204.6391704,0
11732,96.63517787,204.6391704,0
11733,96.63517787,204.6391704,0
11734,96.63517787,204.6391704,0
11735,96.63517787,204.6391704,0
11736,96.63517787,204.6391704,0
11737,96.63517787,204.6391704,0
11738,96.63517787,204.6391704,0
11739,96.63517787,201.7969597,0
11740,96.63517787,201.7969597,0
11741,96.63517787,201.7969597,0
11742,96.63517787,201.7969597,0
11743,96.63517787,201.7969597,0
11744,96.63517787,201.7969597,0
11745,96.63517787,207.4813811,0
11746,96.63517787,207.4813811,0
11747,96.63517787,207.4813811,0
11748,96.63517787,207.4813811,0
11749,96.63517787,207.4813811,0
11750,96.63517787,207.4813811,0
11751,96.63517787,207.4813811,0
11752,96.63517787,207.4813811,0
11753,96.63517787,207.4813811,0
11754,96.63517787,207.4813811,0
11755,96.63517787,207.4813811,0
11756,96.63517787,207.4813811,0
11757,96.63517787,207.4813811,0
11758,96.63517787,207.4813811,0
11759,96.63517787,207.4813811,0
11760,96.63517787,207.4813811,0
11761,96.63517787,207.4813811,0
11762,96.63517787,207.4813811,0
11763,93.79296696,207.4813811,0
11764,93.79296696,207.4813811,0
11765,93.79296696,207.4813811,0
11766,93.79296696,207.4813811,0
11767,93.79296696,207.4813811,0
11768,93.79296696,207.4813811,0
11769,93.79296696,207.4813811,0
11770,93.79296696,207.4813811,0
11771,93.79296696,207.4813811,0
11772,93.79296696,207.4813811,0
11773,93.79296696,207.4813811,0
11774,93.79296696,207.4813811,0
11775,93.79296696,207.4813811,0
11776,93.79296696,207.4813811,0
11777,93.79296696,207.4813811,0
11778,93.79296696,207.4813811,0
11779,93.79296696,207.4813811,0
11780,93.79296696,207.4813811,0
11781,93.79296696,207.4813811,0
11782,93.79296696,207.4813811,0
11783,93.79296696,207.4813811,0
11784,93.79296696,207.4813811,0
11785,93.79296696,207.4813811,0
11786,93.79296696,207.4813811,0
11787,93.79296696,207.4813811,0
11788,93.79296696,207.4813811,0
11789,93.79296696,207.4813811,0
11790,96.63517794,207.4813811,0
11791,96.63517794,207.4813811,0
11792,96.63517794,207.4813811,0
11793,96.63517794,207.4813811,0
11794,96.63517794,207.4813811,0
11795,96.63517794,201.7969597,0
11796,96.63517794,201.7969597,0
11797,96.63517794,201.7969597,0
11798,96.63517794,201.7969597,0
11799,96.63517794,201.7969597,0
11800,96.63517794,201.7969597,0
11801,96.63517794,201.7969597,0
11802,96.63517794,201.7969597,0
11803,96.63517794,201.7969597,0
11804,96.63517794,201.7969597,0
11805,96.63517794,201.7969597,0
11806,96.63517794,201.7969597,0
11807,96.63517794,201.7969597,0
11808,96.63517794,201.7969597,0
11809,96.63517794,201.7969597,0
11810,96.63517794,201.7969597,0
11811,96.63517794,201.7969597,0
11812,96.63517794,204.6391704,0
11813,96.63517794,204.6391704,0
11814,96.63517794,204.6391704,0
11815,96.63517794,204.6391704,0
11816,96.63517794,204.6391704,0
11817,96.63517794,204.6391704,0
11818,96.63517794,204.6391704,0
11819,96.63517794,204.6391704,0
11820,96.63517794,204.6391704,0
11821,96.63517794,204.6391704,0
11822,96.63517794,204.6391704,0
11823,96.63517794,204.6391704,0
11824,96.63517794,204.6391704,0
11825,96.63517794,204.6391704,0
11826,96.63517794,204.6391704,0
11827,96.63517794,204.6391704,0
11828,96.63517794,204.6391704,0
11829,96.63517794,204.6391704,0
11830,96.63517794,204.6391704,0
11831,96.63517794,204.6391704,0
11832,96.63517794,204.6391704,0
11833,96.63517794,204.6391704,0
11834,96.63517794,204.6391704,0
11835,96.63517794,204.6391704,0
11836,96.63517794,204.6391704,0
11837,96.63517794,204.6391704,0
11838,96.63517794,204.6391704,0
11839,96.63517794,204.6391704,0
11840,96.63517787,204.6391704,0
11841,96.63517787,204.6391704,0
11842,96.63517787,204.6391704,0
11843,96.63517787,204.6391704,0
11844,96.63517787,204.6391704,0
11845,96.63517787,204.6391704,0
11846,96.63517787,204.6391704,0
11847,96.63517787,204.6391704,0
11848,96.63517787,204.6391704,0
11849,96.63517787,204.6391704,0
11850,96.63517787,204.6391704,0
11851,96.63517787,204.6391704,0
11852,96.63517787,204.6391704,0
11853,93.79296689,204.6391704,0
11854,93.79296689,204.6391704,0
11855,93.79296689,204.6391704,0
11856,93.79296689,204.6391704,0
11857,96.63517794,204.6391704,0
11858,96.63517794,204.6391704,0
11859,96.63517794,204.6391704,0
11860,96.63517794,204.6391704,0
11861,96.63517794,204.6391704,0
11862,96.63517794,204.6391704,0
11863,96.63517794,204.6391704,0
11864,96.63517794,204.6391704,0
11865,96.63517794,204.6391704,0
11866,96.63517794,204.6391704,0
11867,96.63517794,204.6391704,0
11868,96.63517794,204.6391704,0
11869,96.63517794,204.6391704,0
11870,96.63517794,204.6391704,0
11871,96.63517794,204.6391704,0
11872,96.63517794,204.6391704,0
11873,96.63517794,204.6391704,0
11874,96.63517794,204.6391704,0
11875,96.63517794,204.6391704,0
11876,96.63517794,204.6391704,0
11877,96.63517794,204.6391704,0
11878,96.63517794,204.6391704,0
11879,96.63517794,204.6391704,0
11880,96.63517794,204.6391704,0
11881,96.63517794,204.6391704,0
11882,96.63517794,204.6391704,0
11883,96.63517794,204.6391704,0
11884,96.63517794,204.6391704,0
11885,96.63517794,204.6391704,0
11886,96.63517794,204.6391704,0
11887,96.63517794,204.6391704,0
11888,96.63517794,204.6391704,0
11889,96.63517794,204.6391704,0
11890,96.63517794,204.6391704,0
11891,96.63517794,204.6391704,0
11892,96.63517794,204.6391704,0
11893,96.63517794,204.6391704,0
11894,96.63517794,204.6391704,0
11895,96.63517794,204.6391704,0
11896,96.63517794,204.6391704,0
11897,96.63517794,204.6391704,0
11898,96.63517794,204.6391704,0
11899,96.63517794,204.6391704,0
11900,96.63517794,204.6391704,0
11901,96.63517794,204.6391704,0
11902,96.63517794,204.6391704,0
11903,96.63517794,204.6391704,0
11904,96.63517794,204.6391704,0
11905,96.63517794,204.6391704,0
11906,96.63517794,204.6391704,0
11907,96.63517787,204.6391704,0
11908,96.63517787,204.6391704,0
11909,96.63517787,204.6391704,0
11910,96.63517787,204.6391704,0
11911,96.63517787,204.6391704,0
11912,96.63517787,204.6391704,0
11913,96.63517787,204.6391704,0
11914,96.63517787,204.6391704,0
11915,96.63517787,204.6391704,0
11916,96.63517787,204.6391704,0
11917,96.63517787,204.6391704,0
11918,96.63517787,204.6391704,0
11919,96.63517787,204.6391704,0
11920,96.63517787,204.6391704,0
11921,96.63517787,204.6391704,0
11922,96.63517787,204.6391704,0
11923,96.63517787,204.6391704,0
11924,96.63517787,204.6391704,0
11925,96.63517787,204.6391704,0
11926,96.63517787,204.6391704,0
11927,96.63517787,204.6391704,0
11928,96.63517787,204.6391704,0
11929,96.63517787,204.6391704,0
11930,96.63517787,204.6391704,0
11931,96.63517787,204.6391704,0
11932,93.79296689,204.6391704,0
11933,93.79296689,204.6391704,0
11934,93.79296689,204.6391704,0
11935,93.79296689,204.6391704,0
11936,93.79296689,204.6391704,0
11937,93.79296689,204.6391704,0
11938,93.79296689,204.6391704,0
11939,93.79296689,204.6391704,0
11940,93.79296689,204.6391704,0
11941,93.79296689,204.6391704,0
11942,93.79296689,204.6391704,0
11943,93.79296689,204.6391704,0
11944,93.79296689,204.6391704,0
11945,93.79296689,204.6391704,0
11946,93.79296689,204.6391704,0
11947,93.79296689,204.6391704,0
11948,93.79296689,204.6391704,0
11949,93.79296689,204.6391704,0
11950,93.79296689,204.6391704,0
11951,93.79296689,204.6391704,0
11952,93.79296689,204.6391704,0
11953,93.79296689,204.6391704,0
11954,93.79296689,204.6391704,0
11955,93.79296689,204.6391704,0
11956,93.79296689,204.6391704,0
11957,93.79296689,204.6391704,0
11958,93.79296689,204.6391704,0
11959,93.79296689,204.6391704,0
11960,93.79296689,204.6391704,0
11961,93.79296689,204.6391704,0
11962,93.79296689,204.6391704,0
11963,93.79296689,204.6391704,0
11964,93.79296689,204.6391704,0
11965,93.79296689,204.6391704,0
11966,93.79296689,204.6391704,0
11967,93.79296689,204.6391704,0
11968,93.79296689,204.6391704,0
11969,93.79296689,204.6391704,0
11970,93.79296689,204.6391704,0
11971,93.79296689,204.6391704,0
11972,93.79296689,204.6391704,0
11973,93.79296689,204.6391704,0
11974,93.79296689,204.6391704,0
11975,93.79296689,204.6391704,0
11976,93.79296689,204.6391704,0
11977,93.79296689,204.6391704,0
11978,93.79296689,204.6391704,0
11979,93.79296689,204.6391704,0
11980,93.79296689,204.6391704,0
11981,93.79296689,204.6391704,0
11982,93.79296689,204.6391704,0
11983,93.79296689,204.6391704,0
11984,93.79296689,204.6391704,0
11985,93.79296689,204.6391704,0
11986,93.79296689,204.6391704,0
11987,93.79296689,204.6391704,0
11988,93.79296689,204.6391704,0
11989,93.79296689,204.6391704,0
11990,93.79296689,204.6391704,0
11991,93.79296689,204.6391704,0
11992,93.79296689,204.6391704,0
11993,93.79296689,204.6391704,0
11994,93.79296689,204.6391704,0
11995,93.79296689,204.6391704,0
11996,93.79296689,204.6391704,0
11997,93.79296682,204.6391704,0
11998,93.79296682,204.6391704,0
11999,93.79296682,204.6391704,0
12000,93.79296682,204.6391704,0
12001,93.79296682,204.6391704,0
12002,93.79296682,204.6391704,0
12003,93.79296682,204.6391704,0
12004,93.79296682,204.6391704,0
12005,93.79296682,204.6391704,0
12006,93.79296682,204.6391704,0
12007,93.79296682,204.6391704,0
12008,96.63517808,204.6391704,0
12009,96.63517808,204.6391704,0
12010,96.63517808,204.6391704,0
12011,96.63517808,204.6391704,0
12012,96.63517808,204.6391704,0
12013,96.63517808,204.6391704,0
12014,96.63517808,204.6391704,0
12015,96.63517808,204.6391704,0
12016,96.63517808,204.6391704,0
12017,96.63517808,204.6391704,0
12018,96.63517808,204.6391704,0
12019,96.63517808,204.6391704,0
12020,96.63517808,204.6391704,0
12021,96.63517808,204.6391704,0
12022,96.63517808,204.6391704,0
12023,96.63517808,204.6391704,0
12024,96.63517808,204.6391704,0
12025,96.63517808,204.6391704,0
12026,96.63517808,204.6391704,0
12027,96.63517808,204.6391704,0
12028,96.63517808,204.6391704,0
12029,96.63517808,204.6391704,0
12030,96.63517808,204.6391704,0
12031,96.63517808,204.6391704,0
12032,96.63517808,204.6391704,0
12033,96.63517808,204.6391704,0
12034,96.63517808,204.6391704,0
12035,96.63517808,204.6391704,0
12036,96.63517808,204.6391704,0
12037,96.63517808,204.6391704,0
12038,96.63517808,204.6391704,0
12039,96.63517808,204.6391704,0
12040,96.63517808,204.6391704,0
12041,96.63517808,204.6391704,0
12042,96.63517808,204.6391704,0
12043,96.63517808,204.6391704,0
12044,96.63517808,204.6391704,0
12045,96.63517808,204.6391704,0
12046,96.63517808,204.6391704,0
12047,96.63517808,204.6391704,0
12048,96.63517808,204.6391704,0
12049,96.63517808,204.6391704,0
12050,96.63517808,204.6391704,0
12051,96.63517808,204.6391704,0
12052,96.63517808,204.6391704,0
12053,96.63517808,204.6391704,0
12054,96.63517808,204.6391704,0
12055,96.63517808,204.6391704,0
12056,96.63517808,204.6391704,0
12057,96.63517808,204.6391704,0
12058,96.63517808,204.6391704,0
12059,96.63517801,204.6391704,0
12060,96.63517801,204.6391704,0
12061,96.63517794,204.6391704,0
12062,96.63517794,204.6391704,0
12063,96.63517794,204.6391704,0
12064,96.63517794,204.6391704,0
12065,96.63517794,204.6391704,0
12066,96.63517794,204.6391704,0
12067,96.63517794,204.6391704,0
12068,96.63517794,204.6391704,0
12069,96.63517794,204.6391704,0
12070,96.63517794,204.6391704,0
12071,96.63517794,204.6391704,0
12072,96.63517794,204.6391704,0
12073,96.63517794,204.6391704,0
12074,96.63517794,204.6391704,0
12075,96.63517794,204.6391704,0
12076,96.63517794,204.6391704,0
12077,96.63517794,204.6391704,0
12078,96.63517794,204.6391704,0
12079,96.63517794,204.6391704,0
12080,96.63517794,204.6391704,0
12081,96.63517794,204.6391704,0
12082,96.63517794,204.6391704,0
12083,96.63517794,204.6391704,0
12084,96.63517794,204.6391704,0
12085,96.63517794,204.6391704,0
12086,96.63517794,204.6391704,0
12087,96.63517794,204.6391704,0
12088,96.63517794,204.6391704,0
12089,96.63517794,204.6391704,0
12090,96.63517794,204.6391704,0
12091,96.63517794,204.6391704,0
12092,96.63517794,204.6391704,0
12093,96.63517808,204.6391704,0
12094,96.63517808,204.6391704,0
12095,96.63517808,204.6391704,0
12096,96.63517808,204.6391704,0
12097,96.63517808,204.6391704,0
12098,96.63517808,204.6391704,0
12099,96.63517808,204.6391704,0
12100,96.63517808,204.6391704,0
12101,96.63517808,204.6391704,0
12102,96.63517808,204.6391704,0
12103,96.63517808,204.6391704,0
12104,96.63517808,204.6391704,0
12105,96.63517808,204.6391704,0
12106,96.63517808,204.6391704,0
12107,96.63517808,204.6391704,0
12108,96.63517808,204.6391704,0
12109,96.63517808,204.6391704,0
12110,96.63517808,204.6391704,0
12111,96.63517808,204.6391704,0
12112,96.63517808,204.6391704,0
12113,96.63517808,204.6391704,0
12114,96.63517808,204.6391704,0
12115,96.63517808,204.6391704,0
12116,96.63517808,204.6391704,0
12117,96.63517808,204.6391704,0
12118,96.63517808,204.6391704,0
12119,96.63517808,204.6391704,0
12120,96.63517808,204.6391704,0
12121,96.63517808,204.6391704,0
12122,96.63517808,204.6391704,0
12123,96.63517808,204.6391704,0
12124,96.63517808,204.6391704,0
12125,96.63517808,204.6391704,0
12126,96.63517808,204.6391704,0
12127,96.63517808,204.6391704,0
12128,96.63517808,204.6391704,0
12129,96.63517808,204.6391704,0
12130,96.63517808,204.6391704,0
12131,96.63517808,204.6391704,0
12132,96.63517808,204.6391704,0
12133,96.63517808,204.6391704,0
12134,96.63517808,204.6391704,0
12135,96.63517808,204.6391704,0
12136,96.63517808,204.6391704,0
12137,96.63517808,204.6391704,0
12138,96.63517808,204.6391704,0
12139,96.63517808,204.6391704,0
12140,96.63517808,204.6391704,0
12141,96.63517808,204.6391704,0
12142,96.63517808,204.6391704,0
12143,93.79296682,201.7969597,0
12144,93.79296682,201.7969597,0
12145,93.79296682,201.7969597,0
12146,93.79296682,204.6391704,0
12147,93.79296682,207.4813811,0
12148,93.79296682,207.4813811,0
12149,93.79296682,207.4813811,0
12150,93.79296682,207.4813811,0
12151,90.95075576,207.4813811,0
12152,90.95075576,207.4813811,0
12153,90.95075576,207.4813811,0
12154,90.95075576,207.4813811,0
12155,90.95075576,207.4813811,0
12156,90.95075576,207.4813811,0
12157,90.95075576,207.4813811,0
12158,90.95075576,207.4813811,0
12159,90.95075576,207.4813811,0
12160,90.95075576,207.4813811,0
12161,90.95075576,207.4813811,0
12162,90.95075562,207.4813811,0
12163,90.95075562,207.4813811,0
12164,90.95075562,207.4813811,0
12165,90.95075562,207.4813811,0
12166,90.95075562,207.4813811,0
12167,90.95075562,207.4813811,0
12168,90.95075562,207.4813811,0
12169,90.95075562,207.4813811,0
12170,90.95075562,207.4813811,0
12171,90.95075562,207.4813811,0
12172,90.95075562,207.4813811,0
12173,90.95075562,207.4813811,0
12174,90.95075562,207.4813811,0
12175,90.95075562,207.4813811,0
12176,90.95075562,207.4813811,0
12177,90.95075562,207.4813811,0
12178,90.95075562,207.4813811,0
12179,90.95075562,207.4813811,0
12180,90.95075562,207.4813811,0
12181,90.95075562,207.4813811,0
12182,90.95075562,207.4813811,0
12183,90.95075562,207.4813811,0
12184,90.95075562,207.4813811,0
12185,90.95075562,207.4813811,0
12186,90.95075562,207.4813811,0
12187,90.95075562,207.4813811,0
12188,90.95075562,207.4813811,0
12189,90.95075562,207.4813811,0
12190,93.79296682,207.4813811,0
12191,93.79296682,207.4813811,0
12192,93.79296682,207.4813811,0
12193,93.79296682,207.4813811,0
12194,93.79296682,207.4813811,0
12195,93.79296682,207.4813811,0
12196,93.79296682,207.4813811,0
12197,93.79296682,204.6391704,0
12198,93.79296682,204.6391704,0
12199,93.79296682,204.6391704,0
12200,93.79296682,204.6391704,0
12201,93.79296682,204.6391704,0
12202,93.79296682,204.6391704,0
12203,96.63517787,204.6391704,0
12204,96.63517787,204.6391704,0
12205,96.63517787,204.6391704,0
12206,96.63517787,204.6391704,0
12207,96.63517787,204.6391704,0
12208,96.63517787,204.6391704,0
12209,96.63517787,204.6391704,0
12210,96.63517787,204.6391704,0
12211,96.63517787,204.6391704,0
12212,96.63517787,204.6391704,0
12213,99.47738913,204.6391704,0
12214,99.47738913,204.6391704,0
12215,99.47738913,204.6391704,0
12216,99.47738913,204.6391704,0
12217,99.47738913,204.6391704,0
12218,99.47738913,207.4813811,0
12219,99.47738913,207.4813811,0
12220,99.47738913,207.4813811,0
12221,99.47738913,207.4813811,0
12222,99.47738913,207.4813811,0
12223,99.47738913,207.4813811,0
12224,99.47738913,207.4813811,0
12225,99.47738913,207.4813811,0
12226,99.47738913,207.4813811,0
12227,99.47738913,207.4813811,0
12228,99.47738913,207.4813811,0
12229,99.47738913,207.4813811,0
12230,99.47738913,207.4813811,0
12231,99.47738913,207.4813811,0
12232,99.47738913,207.4813811,0
12233,99.47738913,207.4813811,0
12234,99.47738913,207.4813811,0
12235,99.47738913,207.4813811,0
12236,99.47738913,207.4813811,0
12237,99.47738913,207.4813811,0
12238,99.47738913,207.4813811,0
12239,99.47738913,207.4813811,0
12240,99.47738913,207.4813811,0
12241,99.47738913,207.4813811,0
12242,99.47738913,207.4813811,0
12243,99.47738913,207.4813811,0
12244,99.47738913,207.4813811,0
12245,99.47738913,207.4813811,0
12246,99.47738913,207.4813811,0
12247,99.47738913,207.4813811,0
12248,99.47738913,207.4813811,0
12249,99.47738913,207.4813811,0
12250,99.47738913,207.4813811,0
12251,99.47738913,207.4813811,0
12252,99.47738913,207.4813811,0
12253,99.47738913,207.4813811,0
12254,99.47738913,207.4813811,0
12255,99.47738913,207.4813811,0
12256,99.47738913,207.4813811,0
12257,99.47738913,207.4813811,0
12258,99.47738913,207.4813811,0
12259,99.47738913,207.4813811,0
12260,99.47738913,207.4813811,0
12261,99.47738913,207.4813811,0
12262,99.47738913,207.4813811,0
12263,99.47738913,207.4813811,0
12264,99.47738913,207.4813811,0
12265,99.47738913,207.4813811,0
12266,99.47738913,207.4813811,0
12267,99.47738913,207.4813811,0
12268,99.47738913,204.6391704,0
12269,99.47738913,204.6391704,0
12270,99.47738913,204.6391704,0
12271,96.63517808,204.6391704,0
12272,96.63517808,204.6391704,0
12273,96.63517808,204.6391704,0
12274,96.63517808,204.6391704,0
12275,96.63517808,204.6391704,0
12276,96.63517808,204.6391704,0
12277,96.63517808,204.6391704,0
12278,96.63517808,204.6391704,0
12279,96.63517808,204.6391704,0
12280,96.63517808,204.6391704,0
12281,96.63517808,204.6391704,0
12282,96.63517808,204.6391704,0
12283,96.63517808,204.6391704,0
12284,96.63517808,204.6391704,0
12285,96.63517808,204.6391704,0
12286,96.63517808,204.6391704,0
12287,96.63517808,204.6391704,0
12288,96.63517808,204.6391704,0
12289,96.63517808,204.6391704,0
12290,96.63517808,204.6391704,0
12291,96.63517808,204.6391704,0
12292,96.63517787,204.6391704,0
12293,96.63517787,204.6391704,0
12294,96.63517787,204.6391704,0
12295,96.63517787,204.6391704,0
12296,96.63517787,204.6391704,0
12297,96.63517787,204.6391704,0
12298,96.63517787,204.6391704,0
12299,96.63517787,204.6391704,0
12300,96.63517787,204.6391704,0
12301,96.63517787,204.6391704,0
12302,96.63517787,204.6391704,0
12303,96.63517787,204.6391704,0
12304,96.63517787,204.6391704,0
12305,96.63517787,204.6391704,0
12306,96.63517787,204.6391704,0
12307,96.63517787,204.6391704,0
12308,96.63517787,204.6391704,0
12309,96.63517787,204.6391704,0
12310,96.63517787,204.6391704,0
12311,96.63517787,204.6391704,0
12312,96.63517787,204.6391704,0
12313,96.63517787,204.6391704,0
12314,96.63517787,204.6391704,0
12315,96.63517801,204.6391704,0
12316,96.63517801,204.6391704,0
12317,96.63517801,204.6391704,0
12318,96.63517801,204.6391704,0
12319,96.63517801,204.6391704,0
12320,96.63517801,204.6391704,0
12321,96.63517801,204.6391704,0
12322,96.63517801,204.6391704,0
12323,96.63517801,204.6391704,0
12324,96.63517801,204.6391704,0
12325,96.63517801,204.6391704,0
12326,96.63517801,204.6391704,0
12327,99.47738906,204.6391704,0
12328,99.47738906,204.6391704,0
12329,99.47738906,204.6391704,0
12330,99.47738906,204.6391704,0
12331,99.47738906,204.6391704,0
12332,99.47738906,204.6391704,0
12333,99.47738921,204.6391704,0
12334,99.47738921,204.6391704,0
12335,99.47738921,204.6391704,0
12336,99.47738921,204.6391704,0
12337,99.47738921,204.6391704,0
12338,99.47738921,204.6391704,0
12339,99.47738921,204.6391704,0
12340,99.47738921,204.6391704,0
12341,99.47738921,204.6391704,0
12342,99.47738921,204.6391704,0
12343,99.47738921,204.6391704,0
12344,99.47738921,204.6391704,0
12345,99.47738921,204.6391704,0
12346,99.47738921,204.6391704,0
12347,99.47738921,204.6391704,0
12348,99.47738921,204.6391704,0
12349,99.47738921,204.6391704,0
12350,99.47738921,204.6391704,0
12351,99.47738921,204.6391704,0
12352,99.47738921,204.6391704,0
12353,99.47738921,204.6391704,0
12354,99.47738921,204.6391704,0
12355,99.47738921,204.6391704,0
12356,99.47738921,204.6391704,0
12357,99.47738921,204.6391704,0
12358,99.47738921,204.6391704,0
12359,99.47738921,204.6391704,0
12360,99.47738921,204.6391704,0
12361,99.47738921,204.6391704,0
12362,99.47738921,204.6391704,0
12363,99.47738921,204.6391704,0
12364,99.47738921,204.6391704,0
12365,99.47738921,204.6391704,0
12366,99.47738921,204.6391704,0
12367,99.47738921,204.6391704,0
12368,99.47738921,204.6391704,0
12369,99.47738921,204.6391704,0
12370,99.47738921,204.6391704,0
12371,99.47738921,204.6391704,0
12372,99.47738921,204.6391704,0
12373,99.47738921,204.6391704,0
12374,99.47738921,204.6391704,0
12375,99.47738921,204.6391704,0
12376,99.47738921,204.6391704,0
12377,99.47738921,204.6391704,0
12378,99.47738921,204.6391704,0
12379,99.47738921,204.6391704,0
12380,99.47738921,204.6391704,0
12381,99.47738921,204.6391704,0
12382,99.47738921,204.6391704,0
12383,99.47738921,204.6391704,0
12384,99.47738921,204.6391704,0
12385,99.47738921,204.6391704,0
12386,99.47738921,204.6391704,0
12387,99.47738921,204.6391704,0
12388,99.47738921,204.6391704,0
12389,99.47738921,204.6391704,0
12390,99.47738921,204.6391704,0
12391,99.47738906,204.6391704,0
12392,99.47738906,204.6391704,0
12393,99.47738906,204.6391704,0
12394,99.47738906,204.6391704,0
12395,99.47738906,204.6391704,0
12396,99.47738906,204.6391704,0
12397,99.47738906,204.6391704,0
12398,99.47738906,204.6391704,0
12399,99.47738906,204.6391704,0
12400,99.47738906,201.7969597,0
12401,102.3196003,201.7969597,0
12402,102.3196003,201.7969597,0
12403,102.3196003,201.7969597,0
12404,102.3196003,201.7969597,0
12405,102.3196003,201.7969597,0
12406,102.3196003,201.7969597,0
12407,102.3196003,201.7969597,0
12408,102.3196003,201.7969597,0
12409,102.3196003,201.7969597,0
12410,102.3196003,201.7969597,0
12411,102.3196003,201.7969597,0
12412,102.3196003,201.7969597,0
12413,102.3196003,201.7969597,0
12414,102.3196003,201.7969597,0
12415,102.3196003,201.7969597,0
12416,102.3196003,201.7969597,0
12417,102.3196003,201.7969597,0
12418,102.3196003,201.7969597,0
12419,102.3196003,201.7969597,0
12420,102.3196003,201.7969597,0
12421,102.3196003,201.7969597,0
12422,102.3196003,201.7969597,0
12423,102.3196003,201.7969597,0
12424,102.3196003,201.7969597,0
12425,102.3196003,201.7969597,0
12426,102.3196003,201.7969597,0
12427,102.3196003,201.7969597,0
12428,102.3196003,201.7969597,0
12429,102.3196003,201.7969597,0
12430,102.3196003,201.7969597,0
12431,102.3196003,201.7969597,0
12432,102.3196003,201.7969597,0
12433,102.3196003,201.7969597,0
12434,102.3196003,201.7969597,0
12435,102.3196003,201.7969597,0
12436,102.3196003,201.7969597,0
12437,102.3196003,201.7969597,0
12438,102.3196003,201.7969597,0
12439,102.3196003,201.7969597,0
12440,102.3196003,201.7969597,0
12441,102.3196003,201.7969597,0
12442,102.3196003,204.6391704,0
12443,102.3196003,204.6391704,0
12444,102.3196003,204.6391704,0
12445,102.3196003,204.6391704,0
12446,102.3196003,204.6391704,0
12447,102.3196003,204.6391704,0
12448,102.3196003,204.6391704,0
12449,102.3196003,204.6391704,0
12450,102.3196003,204.6391704,0
12451,102.3196003,204.6391704,0
12452,102.3196003,204.6391704,0
12453,102.3196003,204.6391704,0
12454,102.3196003,204.6391704,0
12455,102.3196003,204.6391704,0
12456,102.3196003,204.6391704,0
12457,102.3196003,204.6391704,0
12458,102.3196003,204.6391704,0
12459,102.3196003,204.6391704,0
12460,102.3196003,204.6391704,0
12461,102.3196003,204.6391704,0
12462,102.3196003,204.6391704,0
12463,102.3196003,204.6391704,0
12464,102.3196003,204.6391704,0
12465,102.3196003,204.6391704,0
12466,102.3196003,204.6391704,0
12467,102.3196003,204.6391704,0
12468,102.3196003,204.6391704,0
12469,102.3196003,204.6391704,0
12470,102.3196003,204.6391704,0
12471,102.3196003,204.6391704,0
12472,102.3196003,204.6391704,0
12473,102.3196003,204.6391704,0
12474,102.3196003,204.6391704,0
12475,102.3196003,204.6391704,0
12476,102.3196003,204.6391704,0
12477,102.3196003,204.6391704,0
12478,102.3196003,204.6391704,0
12479,102.3196003,204.6391704,0
12480,102.3196003,204.6391704,0
12481,102.3196003,204.6391704,0
12482,102.3196003,204.6391704,0
12483,102.3196003,204.6391704,0
12484,102.3196003,204.6391704,0
12485,102.3196003,204.6391704,0
12486,102.3196003,204.6391704,0
12487,102.3196003,204.6391704,0
12488,102.3196003,204.6391704,0
12489,102.3196003,204.6391704,0
12490,102.3196003,204.6391704,0
12491,102.3196003,204.6391704,0
12492,102.3196003,204.6391704,0
12493,102.3196003,204.6391704,0
12494,102.3196003,204.6391704,0
12495,102.3196003,204.6391704,0
12496,102.3196003,204.6391704,0
12497,99.47738913,204.6391704,0
12498,99.47738913,204.6391704,0
12499,99.47738913,204.6391704,0
12500,99.47738913,204.6391704,0
12501,99.47738913,204.6391704,0
12502,99.47738913,204.6391704,0
12503,99.47738913,204.6391704,0
12504,99.47738913,204.6391704,0
12505,99.47738913,204.6391704,0
12506,99.47738913,204.6391704,0
12507,99.47738913,204.6391704,0
12508,99.47738913,204.6391704,0
12509,99.47738913,204.6391704,0
12510,99.47738913,204.6391704,0
12511,99.47738913,204.6391704,0
12512,99.47738913,204.6391704,0
12513,99.47738913,204.6391704,0
12514,99.47738913,204.6391704,0
12515,102.3196003,204.6391704,0
12516,102.3196003,204.6391704,0
12517,102.3196003,204.6391704,0
12518,102.3196003,204.6391704,0
12519,102.3196003,204.6391704,0
12520,102.3196003,204.6391704,0
12521,102.3196003,204.6391704,0
12522,102.3196003,204.6391704,0
12523,102.3196003,204.6391704,0
12524,102.3196003,204.6391704,0
12525,102.3196003,204.6391704,0
12526,102.3196003,204.6391704,0
12527,102.3196003,204.6391704,0
12528,102.3196003,204.6391704,0
12529,102.3196003,204.6391704,0
12530,102.3196003,204.6391704,0
12531,102.3196003,204.6391704,0
12532,102.3196003,204.6391704,0
12533,102.3196003,204.6391704,0
12534,102.3196003,204.6391704,0
12535,102.3196003,204.6391704,0
12536,102.3196003,204.6391704,0
12537,102.3196003,204.6391704,0
12538,102.3196003,204.6391704,0
12539,102.3196003,204.6391704,0
12540,102.3196003,204.6391704,0
12541,102.3196003,204.6391704,0
12542,102.3196003,204.6391704,0
12543,102.3196003,204.6391704,0
12544,102.3196003,204.6391704,0
12545,102.3196003,204.6391704,0
12546,102.3196003,204.6391704,0
12547,102.3196003,204.6391704,0
12548,102.3196003,204.6391704,0
12549,102.3196003,204.6391704,0
12550,102.3196003,204.6391704,0
12551,102.3196003,204.6391704,0
12552,102.3196003,204.6391704,0
12553,102.3196003,204.6391704,0
12554,102.3196003,204.6391704,0
12555,102.3196003,204.6391704,0
12556,102.3196003,204.6391704,0
12557,102.3196003,204.6391704,0
12558,102.3196003,204.6391704,0
12559,102.3196003,204.6391704,0
12560,102.3196003,204.6391704,0
12561,102.3196003,204.6391704,0
12562,102.3196003,204.6391704,0
12563,102.3196003,204.6391704,0
12564,102.3196003,204.6391704,0
12565,102.3196003,204.6391704,0
12566,102.3196003,204.6391704,0
12567,102.3196003,204.6391704,0
12568,102.3196003,204.6391704,0
12569,102.3196003,204.6391704,0
12570,102.3196003,204.6391704,0
12571,102.3196003,204.6391704,0
12572,102.3196003,204.6391704,0
12573,102.3196003,204.6391704,0
12574,102.3196003,204.6391704,0
12575,102.3196003,204.6391704,0
12576,102.3196003,204.6391704,0
12577,102.3196003,204.6391704,0
12578,102.3196003,204.6391704,0
12579,102.3196003,204.6391704,0
12580,102.3196003,204.6391704,0
12581,102.3196003,204.6391704,0
12582,102.3196003,204.6391704,0
12583,102.3196003,204.6391704,0
12584,102.3196003,204.6391704,0
12585,102.3196003,204.6391704,0
12586,102.3196003,204.6391704,0
12587,102.3196003,204.6391704,0
12588,102.3196003,204.6391704,0
12589,102.3196003,204.6391704,0
12590,102.3196003,204.6391704,0
12591,102.3196003,204.6391704,0
12592,102.3196001,204.6391704,0
12593,102.3196001,204.6391704,0
12594,102.3196001,204.6391704,0
12595,102.3196001,204.6391704,0
12596,102.3196001,204.6391704,0
12597,102.3196001,204.6391704,0
12598,102.3196001,204.6391704,0
12599,102.3196001,204.6391704,0
12600,102.3196001,204.6391704,0
12601,102.3196001,204.6391704,0
12602,102.3196001,204.6391704,0
12603,102.3196001,204.6391704,0
12604,102.3196001,204.6391704,0
12605,102.3196001,204.6391704,0
12606,102.3196001,204.6391704,0
12607,102.3196001,204.6391704,0
12608,102.3196001,204.6391704,0
12609,102.3196001,204.6391704,0
12610,102.3196001,204.6391704,0
12611,102.3196001,204.6391704,0
12612,102.3196003,204.6391704,0
12613,102.3196003,204.6391704,0
12614,102.3196003,204.6391704,0
12615,102.3196003,204.6391704,0
12616,102.3196003,204.6391704,0
12617,102.3196003,204.6391704,0
12618,102.3196003,204.6391704,0
12619,102.3196003,204.6391704,0
12620,102.3196003,204.6391704,0
12621,102.3196003,204.6391704,0
12622,102.3196003,204.6391704,0
12623,102.3196003,204.6391704,0
12624,102.3196003,204.6391704,0
12625,102.3196003,204.6391704,0
12626,102.3196003,204.6391704,0
12627,102.3196003,204.6391704,0
12628,102.3196003,204.6391704,0
12629,102.3196003,204.6391704,0
12630,102.3196003,204.6391704,0
12631,102.3196003,204.6391704,0
12632,102.3196003,204.6391704,0
12633,102.3196003,204.6391704,0
12634,102.3196003,204.6391704,0
12635,102.3196003,204.6391704,0
12636,102.3196003,204.6391704,0
12637,102.3196003,204.6391704,0
12638,102.3196003,204.6391704,0
12639,102.3196003,204.6391704,0
12640,102.3196003,204.6391704,0
12641,102.3196003,204.6391704,0
12642,102.3196003,204.6391704,0
12643,102.3196003,204.6391704,0
12644,102.3196003,204.6391704,0
12645,102.3196003,201.7969597,0
12646,102.3196003,201.7969597,0
12647,102.3196003,201.7969597,0
12648,102.3196003,201.7969597,0
12649,102.3196003,204.6391704,0
12650,102.3196003,204.6391704,0
12651,102.3196003,204.6391704,0
12652,102.3196003,204.6391704,0
12653,102.3196003,204.6391704,0
12654,102.3196003,204.6391704,0
12655,102.3196003,204.6391704,0
12656,102.3196003,204.6391704,0
12657,102.3196003,204.6391704,0
12658,102.3196003,204.6391704,0
12659,102.3196003,204.6391704,0
12660,102.3196003,204.6391704,0
12661,102.3196003,204.6391704,0
12662,102.3196003,204.6391704,0
12663,102.3196003,204.6391704,0
12664,102.3196003,204.6391704,0
12665,102.3196003,204.6391704,0
12666,102.3196003,204.6391704,0
12667,102.3196003,204.6391704,0
12668,102.3196003,204.6391704,0
12669,102.3196003,204.6391704,0
12670,102.3196003,204.6391704,0
12671,102.3196003,204.6391704,0
12672,102.3196003,204.6391704,0
12673,102.3196003,204.6391704,0
12674,102.3196003,204.6391704,0
12675,102.3196003,204.6391704,0
12676,102.3196003,204.6391704,0
12677,102.3196003,204.6391704,0
12678,102.3196003,204.6391704,0
12679,102.3196003,204.6391704,0
12680,102.3196003,204.6391704,0
12681,102.3196003,204.6391704,0
12682,102.3196003,204.6391704,0
12683,102.3196003,204.6391704,0
12684,102.3196003,204.6391704,0
12685,102.3196003,204.6391704,0
12686,102.3196003,204.6391704,0
12687,102.3196003,204.6391704,0
12688,102.3196003,204.6391704,0
12689,102.3196003,204.6391704,0
12690,102.3196003,204.6391704,0
12691,102.3196003,204.6391704,0
12692,102.3196003,204.6391704,0
12693,102.3196003,204.6391704,0
12694,102.3196003,204.6391704,0
12695,102.3196003,204.6391704,0
12696,102.3196003,204.6391704,0
12697,102.3196003,204.6391704,0
12698,102.3196003,204.6391704,0
12699,99.47738913,204.6391704,0
12700,99.47738913,204.6391704,0
12701,99.47738913,204.6391704,0
12702,99.47738913,204.6391704,0
12703,99.47738913,204.6391704,0
12704,99.47738913,204.6391704,0
12705,99.47738913,204.6391704,0
12706,99.47738913,204.6391704,0
12707,99.47738913,204.6391704,0
12708,99.47738913,204.6391704,0
12709,99.47738913,204.6391704,0
12710,99.47738913,204.6391704,0
12711,99.47738913,204.6391704,0
12712,99.47738913,204.6391704,0
12713,99.47738913,204.6391704,0
12714,99.47738913,204.6391704,0
12715,99.47738913,204.6391704,0
12716,99.47738913,204.6391704,0
12717,99.47738913,204.6391704,0
12718,99.47738913,204.6391704,0
12719,99.47738913,204.6391704,0
12720,99.47738913,204.6391704,0
12721,99.47738913,204.6391704,0
12722,99.47738913,204.6391704,0
12723,99.47738913,204.6391704,0
12724,99.47738913,204.6391704,0
12725,105.1618113,204.6391704,0
12726,105.1618113,204.6391704,0
12727,105.1618113,204.6391704,0
12728,105.1618113,204.6391704,0
12729,105.1618113,204.6391704,0
12730,105.1618113,204.6391704,0
12731,105.1618113,204.6391704,0
12732,105.1618113,204.6391704,0
12733,105.1618113,204.6391704,0
12734,105.1618113,204.6391704,0
12735,105.1618113,207.4813811,0
12736,105.1618113,207.4813811,0
12737,105.1618113,207.4813811,0
12738,105.1618113,207.4813811,0
12739,105.1618113,207.4813811,0
12740,105.1618113,207.4813811,0
12741,105.1618113,207.4813811,0
12742,105.1618113,207.4813811,0
12743,105.1618113,207.4813811,0
12744,105.1618113,207.4813811,0
12745,105.1618113,207.4813811,0
12746,105.1618113,207.4813811,0
12747,105.1618113,207.4813811,0
12748,105.1618113,207.4813811,0
12749,105.1618113,207.4813811,0
12750,105.1618113,207.4813811,0
12751,105.1618113,207.4813811,0
12752,105.1618113,207.4813811,0
12753,105.1618113,207.4813811,0
12754,105.1618113,207.4813811,0
12755,105.1618113,207.4813811,0
12756,105.1618113,207.4813811,0
12757,105.1618113,207.4813811,0
12758,105.1618113,207.4813811,0
12759,105.1618113,207.4813811,0
12760,105.1618113,207.4813811,0
12761,105.1618113,207.4813811,0
12762,105.1618113,207.4813811,0
12763,105.1618113,207.4813811,0
12764,105.1618113,207.4813811,0
12765,105.1618113,207.4813811,0
12766,105.1618113,207.4813811,0
12767,105.1618113,207.4813811,0
12768,105.1618113,207.4813811,0
12769,105.1618113,207.4813811,0
12770,105.1618113,207.4813811,0
12771,105.1618113,207.4813811,0
12772,105.1618113,207.4813811,0
12773,105.1618113,207.4813811,0
12774,105.1618113,207.4813811,0
12775,105.1618112,207.4813811,0
12776,105.1618112,207.4813811,0
12777,105.1618112,207.4813811,0
12778,105.1618112,207.4813811,0
12779,105.1618112,207.4813811,0
12780,105.1618112,207.4813811,0
12781,105.1618112,207.4813811,0
12782,105.1618112,207.4813811,0
12783,105.1618112,207.4813811,0
12784,105.1618112,207.4813811,0
12785,105.1618112,204.6391704,0
12786,105.1618112,204.6391704,0
12787,105.1618112,204.6391704,0
12788,105.1618112,204.6391704,0
12789,105.1618112,204.6391704,0
12790,105.1618112,204.6391704,0
12791,105.1618112,204.6391704,0
12792,105.1618112,204.6391704,0
12793,105.1618112,204.6391704,0
12794,105.1618112,204.6391704,0
12795,105.1618112,204.6391704,0
12796,105.1618112,204.6391704,0
12797,105.1618112,204.6391704,0
12798,105.1618112,204.6391704,0
12799,105.1618112,204.6391704,0
12800,105.1618112,204.6391704,0
12801,105.1618112,204.6391704,0
12802,105.1618112,204.6391704,0
12803,105.1618112,204.6391704,0
12804,105.1618112,204.6391704,0
12805,105.1618112,204.6391704,0
12806,105.1618112,204.6391704,0
12807,102.3196003,204.6391704,0
12808,102.3196003,204.6391704,0
12809,102.3196003,204.6391704,0
12810,102.3196003,204.6391704,0
12811,102.3196003,204.6391704,0
12812,102.3196003,204.6391704,0
12813,102.3196003,204.6391704,0
12814,102.3196003,204.6391704,0
12815,102.3196003,204.6391704,0
12816,102.3196003,204.6391704,0
12817,102.3196003,204.6391704,0
12818,102.3196003,204.6391704,0
12819,102.3196003,204.6391704,0
12820,102.3196003,204.6391704,0
12821,102.3196003,204.6391704,0
12822,102.3196003,204.6391704,0
12823,102.3196003,204.6391704,0
12824,102.3196003,204.6391704,0
12825,102.3196003,204.6391704,0
12826,102.3196003,204.6391704,0
12827,102.3196003,204.6391704,0
12828,102.3196003,204.6391704,0
12829,102.3196003,204.6391704,0
12830,102.3196003,204.6391704,0
12831,102.3196003,204.6391704,0
12832,102.3196003,204.6391704,0
12833,102.3196003,204.6391704,0
12834,102.3196003,204.6391704,0
12835,102.3196003,204.6391704,0
12836,102.3196003,204.6391704,0
12837,102.3196003,204.6391704,0
12838,102.3196003,204.6391704,0
12839,102.3196003,204.6391704,0
12840,102.3196003,204.6391704,0
12841,102.3196002,204.6391704,0
12842,102.3196002,204.6391704,0
12843,102.3196002,204.6391704,0
12844,102.3196002,204.6391704,0
12845,102.3196002,204.6391704,0
12846,102.3196002,204.6391704,0
12847,102.3196002,204.6391704,0
12848,102.3196002,204.6391704,0
12849,102.3196002,204.6391704,0
12850,102.3196002,204.6391704,0
12851,102.3196002,204.6391704,0
12852,102.3196002,204.6391704,0
12853,102.3196002,204.6391704,0
12854,102.3196002,204.6391704,0
12855,102.3196002,204.6391704,0
12856,102.3196002,204.6391704,0
12857,102.3196002,204.6391704,0
12858,102.3196002,204.6391704,0
12859,102.3196002,204.6391704,0
12860,102.3196002,204.6391704,0
12861,102.3196002,204.6391704,0
12862,102.3196002,204.6391704,0
12863,102.3196002,204.6391704,0
12864,102.3196002,204.6391704,0
12865,102.3196002,204.6391704,0
12866,102.3196002,204.6391704,0
12867,102.3196002,204.6391704,0
12868,102.3196002,204.6391704,0
12869,102.3196002,204.6391704,0
12870,102.3196002,204.6391704,0
12871,102.3196002,204.6391704,0
12872,102.3196002,204.6391704,0
12873,102.3196002,204.6391704,0
12874,102.3196002,204.6391704,0
12875,102.3196002,204.6391704,0
12876,102.3196002,204.6391704,0
12877,102.3196002,204.6391704,0
12878,102.3196002,204.6391704,0
12879,102.3196002,204.6391704,0
12880,102.3196002,204.6391704,0
12881,102.3196002,204.6391704,0
12882,102.3196002,204.6391704,0
12883,102.3196002,204.6391704,0
12884,102.3196002,204.6391704,0
12885,102.3196002,204.6391704,0
12886,102.3196002,204.6391704,0
12887,102.3196002,204.6391704,0
12888,102.3196002,204.6391704,0
12889,102.3196002,204.6391704,0
12890,102.3196002,204.6391704,0
12891,102.3196003,204.6391704,0
12892,102.3196003,204.6391704,0
12893,102.3196003,204.6391704,0
12894,102.3196003,204.6391704,0
12895,102.3196003,204.6391704,0
12896,102.3196003,204.6391704,0
12897,102.3196003,204.6391704,0
12898,102.3196003,204.6391704,0
12899,102.3196003,204.6391704,0
12900,102.3196003,204.6391704,0
12901,102.3196003,204.6391704,0
12902,102.3196003,204.6391704,0
12903,102.3196003,204.6391704,0
12904,102.3196003,204.6391704,0
12905,102.3196003,204.6391704,0
12906,102.3196003,204.6391704,0
12907,102.3196003,204.6391704,0
12908,102.3196003,204.6391704,0
12909,102.3196003,204.6391704,0
12910,102.3196003,204.6391704,0
12911,102.3196003,204.6391704,0
12912,102.3196003,204.6391704,0
12913,102.3196003,204.6391704,0
12914,102.3196003,204.6391704,0
12915,102.3196003,201.7969597,0
12916,102.3196003,201.7969597,0
12917,102.3196003,201.7969597,0
12918,102.3196003,201.7969597,0
12919,102.3196003,201.7969597,0
12920,102.3196003,201.7969597,0
12921,102.3196003,201.7969597,0
12922,102.3196003,201.7969597,0
12923,102.3196003,201.7969597,0
12924,102.3196003,201.7969597,0
12925,102.3196003,201.7969597,0
12926,102.3196003,201.7969597,0
12927,102.3196003,201.7969597,0
12928,102.3196003,201.7969597,0
12929,102.3196003,201.7969597,0
12930,102.3196003,201.7969597,0
12931,102.3196003,201.7969597,0
12932,102.3196003,201.7969597,0
12933,102.3196003,201.7969597,0
12934,102.3196003,201.7969597,0
12935,102.3196003,201.7969597,0
12936,102.3196003,201.7969597,0
12937,102.3196003,201.7969597,0
12938,102.3196003,201.7969597,0
12939,102.3196003,201.7969597,0
12940,102.3196003,201.7969597,0
12941,102.3196003,201.7969597,0
12942,102.3196003,201.7969597,0
12943,102.3196003,201.7969597,0
12944,102.3196003,201.7969597,0
12945,102.3196003,201.7969597,0
12946,102.3196003,204.6391704,0
12947,102.3196003,204.6391704,0
12948,102.3196003,204.6391704,0
12949,102.3196003,204.6391704,0
12950,102.3196002,204.6391704,0
12951,102.3196002,204.6391704,0
12952,99.47738921,204.6391704,0
12953,99.47738921,204.6391704,0
12954,99.47738921,204.6391704,0
12955,99.47738921,204.6391704,0
12956,99.47738921,204.6391704,0
12957,99.47738921,204.6391704,0
12958,99.47738921,204.6391704,0
12959,99.47738921,204.6391704,0
12960,99.47738921,204.6391704,0
12961,99.47738921,204.6391704,0
12962,99.47738921,204.6391704,0
12963,99.47738921,204.6391704,0
12964,99.47738921,204.6391704,0
12965,99.47738921,204.6391704,0
12966,99.47738921,204.6391704,0
12967,99.47738921,204.6391704,0
12968,99.47738921,204.6391704,0
12969,102.3196003,204.6391704,0
12970,102.3196003,204.6391704,0
12971,102.3196003,204.6391704,0
12972,102.3196003,204.6391704,0
12973,102.3196003,204.6391704,0
12974,102.3196003,204.6391704,0
12975,102.3196003,204.6391704,0
12976,102.3196003,204.6391704,0
12977,102.3196003,204.6391704,0
12978,102.3196003,204.6391704,0
12979,102.3196003,204.6391704,0
12980,102.3196003,204.6391704,0
12981,102.3196003,204.6391704,0
12982,102.3196003,204.6391704,0
12983,102.3196003,204.6391704,0
12984,102.3196003,204.6391704,0
12985,102.3196003,204.6391704,0
12986,102.3196003,204.6391704,0
12987,102.3196003,204.6391704,0
12988,102.3196003,204.6391704,0
12989,102.3196003,204.6391704,0
12990,102.3196003,204.6391704,0
12991,102.3196003,204.6391704,0
12992,102.3196003,204.6391704,0
12993,102.3196003,204.6391704,0
12994,102.3196003,204.6391704,0
12995,102.3196003,204.6391704,0
12996,102.3196003,204.6391704,0
12997,102.3196003,204.6391704,0
12998,102.3196003,204.6391704,0
12999,102.3196003,204.6391704,0
13000,102.3196003,204.6391704,0
13001,102.3196003,204.6391704,0
13002,102.3196003,204.6391704,0
13003,102.3196003,204.6391704,0
13004,102.3196003,204.6391704,0
13005,102.3196003,204.6391704,0
13006,102.3196003,204.6391704,1
13007,102.3196003,204.6391704,1
13008,102.3196003,204.6391704,1
13009,102.3196003,204.6391704,1
13010,102.3196003,204.6391704,1
13011,102.3196003,204.6391704,1
13012,102.3196003,204.6391704,1
13013,102.3196003,204.6391704,1
13014,102.3196003,204.6391704,1
13015,102.3196003,204.6391704,1
13016,102.3196003,204.6391704,1
13017,102.3196003,204.6391704,1
13018,102.3196003,204.6391704,1
13019,102.3196003,204.6391704,1
13020,102.3196003,204.6391704,1
13021,102.3196003,204.6391704,1
13022,102.3196003,204.6391704,1
13023,102.3196003,204.6391704,1
13024,102.3196003,204.6391704,1
13025,102.3196003,204.6391704,1
13026,102.3196003,204.6391704,1
13027,102.3196003,204.6391704,1
13028,102.3196003,204.6391704,1
13029,102.3196003,204.6391704,1
13030,102.3196003,204.6391704,1
13031,102.3196003,204.6391704,1
13032,102.3196003,204.6391704,1
13033,102.3196003,204.6391704,1
13034,102.3196003,204.6391704,1
13035,102.3196003,204.6391704,1
13036,102.3196003,204.6391704,1
13037,102.3196003,204.6391704,1
13038,102.3196003,204.6391704,1
13039,102.3196003,204.6391704,1
13040,102.3196003,204.6391704,1
13041,102.3196003,204.6391704,1
13042,102.3196003,204.6391704,1
13043,102.3196003,204.6391704,1
13044,102.3196003,204.6391704,1
13045,102.3196003,204.6391704,1
13046,102.3196003,204.6391704,1
13047,102.3196003,204.6391704,1
13048,102.3196003,204.6391704,1
13049,102.3196003,204.6391704,1
13050,102.3196003,204.6391704,1
13051,102.3196003,204.6391704,1
13052,102.3196003,204.6391704,1
13053,102.3196003,204.6391704,1
13054,102.3196003,204.6391704,1
13055,102.3196003,204.6391704,1
13056,102.3196003,204.6391704,1
13057,102.3196003,204.6391704,1
13058,102.3196003,204.6391704,1
13059,102.3196003,204.6391704,1
13060,102.3196003,204.6391704,1
13061,102.3196003,204.6391704,1
13062,102.3196003,204.6391704,1
13063,102.3196001,204.6391704,1
13064,102.3196001,204.6391704,1
13065,102.3196001,204.6391704,1
13066,102.3196001,204.6391704,1
13067,102.3196001,204.6391704,1
13068,102.3196001,204.6391704,1
13069,102.3196001,204.6391704,1
13070,102.3196001,204.6391704,1
13071,102.3196001,204.6391704,1
13072,102.3196001,204.6391704,1
13073,102.3196001,204.6391704,1
13074,102.3196001,204.6391704,1
13075,102.3196001,204.6391704,1
13076,102.3196001,204.6391704,1
13077,102.3196001,204.6391704,1
13078,102.3196001,204.6391704,1
13079,102.3196001,204.6391704,1
13080,102.3196001,204.6391704,1
13081,102.3196001,204.6391704,1
13082,102.3196001,204.6391704,1
13083,99.47738906,204.6391704,1
13084,99.47738906,204.6391704,1
13085,99.47738906,204.6391704,1
13086,99.47738906,204.6391704,1
13087,99.47738906,204.6391704,1
13088,99.47738906,204.6391704,1
13089,99.47738906,204.6391704,1
13090,99.47738906,204.6391704,1
13091,99.47738906,204.6391704,1
13092,99.47738906,204.6391704,1
13093,99.47738906,204.6391704,1
13094,99.47738906,204.6391704,1
13095,99.47738921,204.6391704,1
13096,99.47738921,204.6391704,1
13097,99.47738921,204.6391704,1
13098,99.47738921,204.6391704,1
13099,99.47738921,204.6391704,1
13100,99.47738921,204.6391704,1
13101,99.47738921,204.6391704,1
13102,99.47738921,204.6391704,1
13103,99.47738921,204.6391704,1
13104,99.47738921,204.6391704,1
13105,99.47738921,204.6391704,1
13106,99.47738921,204.6391704,1
13107,99.47738921,204.6391704,1
13108,99.47738921,204.6391704,1
13109,99.47738921,204.6391704,1
13110,99.47738921,204.6391704,1
13111,99.47738921,204.6391704,1
13112,99.47738921,204.6391704,1
13113,99.47738921,204.6391704,1
13114,99.47738921,204.6391704,1
13115,99.47738921,204.6391704,1
13116,99.47738921,204.6391704,1
13117,99.47738921,204.6391704,1
13118,99.47738921,204.6391704,1
13119,99.47738921,204.6391704,1
13120,99.47738921,204.6391704,1
13121,99.47738921,204.6391704,1
13122,99.47738921,204.6391704,1
13123,99.47738921,204.6391704,1
13124,99.47738921,204.6391704,1
13125,99.47738921,204.6391704,1
13126,99.47738921,204.6391704,1
13127,99.47738921,204.6391704,1
13128,99.47738921,204.6391704,1
13129,99.47738921,204.6391704,1
13130,99.47738921,204.6391704,1
13131,99.47738921,204.6391704,1
13132,99.47738921,204.6391704,1
13133,99.47738921,204.6391704,1
13134,99.47738921,204.6391704,1
13135,99.47738921,204.6391704,1
13136,99.47738921,204.6391704,1
13137,99.47738921,204.6391704,1
13138,99.47738921,204.6391704,1
13139,99.47738921,204.6391704,1
13140,99.47738921,204.6391704,1
13141,99.47738921,204.6391704,1
13142,99.47738921,204.6391704,1
13143,99.47738921,204.6391704,1
13144,99.47738921,204.6391704,1
13145,99.47738921,204.6391704,1
13146,99.47738921,204.6391704,1
13147,99.47738921,204.6391704,1
13148,99.47738921,204.6391704,1
13149,99.47738921,204.6391704,1
13150,99.47738921,204.6391704,1
13151,99.47738921,204.6391704,1
13152,99.47738921,204.6391704,1
13153,99.47738921,204.6391704,1
13154,99.47738921,204.6391704,1
13155,99.47738921,204.6391704,1
13156,99.47738921,204.6391704,1
13157,99.47738921,204.6391704,1
13158,99.47738921,204.6391704,1
13159,99.47738921,204.6391704,1
13160,99.47738921,204.6391704,1
13161,99.47738921,204.6391704,1
13162,99.47738913,204.6391704,1
13163,99.47738913,204.6391704,1
13164,99.47738913,204.6391704,1
13165,102.3196003,204.6391704,1
13166,102.3196003,204.6391704,1
13167,102.3196003,204.6391704,1
13168,102.3196003,204.6391704,1
13169,102.3196003,204.6391704,1
13170,102.3196003,204.6391704,1
13171,102.3196003,204.6391704,1
13172,102.3196003,204.6391704,1
13173,102.3196003,204.6391704,1
13174,102.3196003,204.6391704,1
13175,102.3196003,204.6391704,1
13176,102.3196003,207.4813811,1
13177,102.3196003,207.4813811,1
13178,102.3196003,207.4813811,1
13179,102.3196003,207.4813811,1
13180,102.3196003,207.4813811,1
13181,102.3196003,207.4813811,1
13182,102.3196003,207.4813811,1
13183,102.3196003,207.4813811,1
13184,102.3196003,207.4813811,1
13185,102.3196003,207.4813811,1
13186,102.3196003,207.4813811,1
13187,102.3196003,207.4813811,1
13188,102.3196003,207.4813811,1
13189,102.3196003,207.4813811,1
13190,102.3196003,207.4813811,1
13191,102.3196003,207.4813811,1
13192,102.3196003,207.4813811,1
13193,102.3196003,207.4813811,1
13194,102.3196003,207.4813811,1
13195,102.3196003,207.4813811,1
13196,102.3196003,207.4813811,1
13197,102.3196003,207.4813811,1
13198,102.3196003,207.4813811,1
13199,102.3196003,207.4813811,1
13200,102.3196003,207.4813811,1
13201,102.3196003,207.4813811,1
13202,102.3196003,207.4813811,1
13203,102.3196003,207.4813811,1
13204,102.3196003,207.4813811,1
13205,102.3196003,207.4813811,1
13206,102.3196003,207.4813811,1
13207,102.3196003,207.4813811,1
13208,102.3196003,207.4813811,1
13209,102.3196003,207.4813811,1
13210,102.3196003,207.4813811,1
13211,102.3196003,207.4813811,1
13212,102.3196003,207.4813811,1
13213,102.3196003,207.4813811,1
13214,102.3196003,207.4813811,1
13215,102.3196003,207.4813811,1
13216,102.3196003,207.4813811,1
13217,102.3196003,207.4813811,1
13218,102.3196003,207.4813811,1
13219,102.3196003,207.4813811,1
13220,102.3196003,207.4813811,1
13221,102.3196003,207.4813811,1
13222,102.3196003,207.4813811,1
13223,102.3196003,207.4813811,1
13224,102.3196003,207.4813811,1
13225,102.3196003,207.4813811,1
13226,102.3196003,207.4813811,1
13227,102.3196003,207.4813811,1
13228,102.3196003,207.4813811,1
13229,102.3196003,207.4813811,1
13230,102.3196003,207.4813811,1
13231,102.3196003,207.4813811,1
13232,102.3196003,207.4813811,1
13233,102.3196003,207.4813811,1
13234,102.3196003,207.4813811,1
13235,102.3196003,207.4813811,1
13236,102.3196003,207.4813811,1
13237,102.3196003,207.4813811,1
13238,102.3196003,207.4813811,1
13239,102.3196003,207.4813811,1
13240,102.3196003,207.4813811,1
13241,102.3196003,207.4813811,1
13242,102.3196003,207.4813811,1
13243,102.3196003,207.4813811,1
13244,102.3196003,207.4813811,1
13245,102.3196003,207.4813811,1
13246,102.3196003,207.4813811,1
13247,102.3196003,207.4813811,1
13248,102.3196003,207.4813811,1
13249,102.3196003,207.4813811,1
13250,102.3196003,207.4813811,1
13251,102.3196003,204.6391704,1
13252,102.3196003,204.6391704,1
13253,102.3196003,204.6391704,1
13254,102.3196003,204.6391704,1
13255,102.3196003,204.6391704,1
13256,102.3196003,204.6391704,1
13257,102.3196003,204.6391704,1
13258,102.3196003,204.6391704,1
13259,93.79296696,204.6391704,1
13260,93.79296696,204.6391704,1
13261,93.79296689,204.6391704,1
13262,93.79296689,204.6391704,1
13263,93.79296689,204.6391704,1
13264,96.63517794,204.6391704,1
13265,96.63517794,204.6391704,1
13266,96.63517794,204.6391704,1
13267,96.63517794,204.6391704,1
13268,96.63517794,204.6391704,1
13269,96.63517794,204.6391704,1
13270,99.47738913,204.6391704,1
13271,99.47738913,204.6391704,1
13272,99.47738913,204.6391704,1
13273,99.47738913,204.6391704,1
13274,99.47738913,204.6391704,1
13275,99.47738913,204.6391704,1
13276,99.47738913,204.6391704,1
13277,99.47738913,204.6391704,1
13278,99.47738913,204.6391704,1
13279,99.47738913,204.6391704,1
13280,99.47738913,204.6391704,1
13281,99.47738913,204.6391704,1
13282,99.47738913,204.6391704,1
13283,99.47738913,204.6391704,1
13284,99.47738913,204.6391704,1
13285,99.47738913,204.6391704,1
13286,99.47738921,204.6391704,1
13287,99.47738921,204.6391704,1
13288,99.47738921,204.6391704,1
13289,99.47738921,204.6391704,1
13290,99.47738921,204.6391704,1
13291,99.47738921,204.6391704,1
13292,99.47738921,204.6391704,1
13293,99.47738921,204.6391704,1
13294,99.47738921,204.6391704,1
13295,99.47738921,204.6391704,1
13296,99.47738921,204.6391704,1
13297,99.47738921,204.6391704,1
13298,99.47738921,204.6391704,1
13299,99.47738921,204.6391704,1
13300,99.47738921,204.6391704,1
13301,99.47738921,204.6391704,1
13302,99.47738921,204.6391704,1
13303,99.47738921,204.6391704,1
13304,99.47738921,204.6391704,1
13305,99.47738921,204.6391704,1
13306,99.47738921,204.6391704,1
13307,99.47738921,204.6391704,1
13308,99.47738921,204.6391704,1
13309,99.47738921,204.6391704,1
13310,99.47738921,204.6391704,1
13311,99.47738921,204.6391704,1
13312,99.47738921,204.6391704,1
13313,99.47738921,204.6391704,1
13314,99.47738921,204.6391704,1
13315,99.47738921,204.6391704,1
13316,99.47738921,204.6391704,1
13317,102.3196003,204.6391704,1
13318,102.3196003,204.6391704,1
13319,102.3196003,204.6391704,1
13320,102.3196003,204.6391704,1
13321,102.3196003,204.6391704,1
13322,102.3196003,204.6391704,1
13323,102.3196003,204.6391704,1
13324,102.3196003,204.6391704,1
13325,102.3196003,204.6391704,1
13326,102.3196003,204.6391704,1
13327,102.3196003,204.6391704,1
13328,102.3196003,204.6391704,1
13329,102.3196003,204.6391704,1
13330,102.3196003,204.6391704,1
13331,102.3196003,204.6391704,1
13332,102.3196003,204.6391704,1
13333,102.3196003,204.6391704,1
13334,102.3196003,204.6391704,1
13335,102.3196003,204.6391704,1
13336,102.3196003,204.6391704,1
13337,102.3196003,204.6391704,1
13338,102.3196003,204.6391704,1
13339,102.3196003,204.6391704,1
13340,102.3196003,204.6391704,1
13341,102.3196003,204.6391704,1
13342,102.3196003,204.6391704,1
13343,102.3196003,204.6391704,1
13344,102.3196003,204.6391704,1
13345,102.3196003,204.6391704,1
13346,102.3196003,204.6391704,1
13347,102.3196003,204.6391704,1
13348,102.3196003,204.6391704,1
13349,102.3196003,204.6391704,1
13350,102.3196003,204.6391704,1
13351,102.3196003,204.6391704,1
13352,102.3196003,204.6391704,1
13353,102.3196003,204.6391704,1
13354,102.3196003,204.6391704,1
13355,102.3196003,204.6391704,1
13356,102.3196003,204.6391704,1
13357,102.3196003,204.6391704,1
13358,102.3196003,204.6391704,1
13359,102.3196003,204.6391704,1
13360,102.3196003,204.6391704,1
13361,102.3196003,204.6391704,1
13362,102.3196003,204.6391704,1
13363,102.3196003,204.6391704,1
13364,102.3196003,204.6391704,1
13365,102.3196003,204.6391704,1
13366,102.3196003,204.6391704,1
13367,99.47738906,204.6391704,1
13368,99.47738906,204.6391704,1
13369,99.47738906,204.6391704,1
13370,99.47738906,204.6391704,1
13371,99.47738906,204.6391704,1
13372,99.47738906,204.6391704,1
13373,99.47738906,204.6391704,1
13374,99.47738906,204.6391704,1
13375,99.47738906,201.7969597,1
13376,99.47738906,201.7969597,1
13377,99.47738906,201.7969597,1
13378,99.47738906,204.6391704,1
13379,99.47738906,204.6391704,1
13380,99.47738906,204.6391704,1
13381,99.47738906,204.6391704,1
13382,99.47738906,204.6391704,1
13383,99.47738906,204.6391704,1
13384,99.47738906,204.6391704,1
13385,99.47738906,204.6391704,1
13386,99.47738906,204.6391704,1
13387,99.47738906,204.6391704,1
13388,99.47738906,204.6391704,1
13389,99.47738906,204.6391704,1
13390,99.47738906,204.6391704,1
13391,99.47738906,204.6391704,1
13392,99.47738906,204.6391704,1
13393,99.47738906,204.6391704,1
13394,99.47738906,204.6391704,1
13395,99.47738906,204.6391704,1
13396,99.47738906,204.6391704,1
13397,99.47738906,204.6391704,1
13398,99.47738906,204.6391704,1
13399,99.47738906,204.6391704,1
13400,99.47738906,204.6391704,1
13401,99.47738906,204.6391704,1
13402,99.47738906,204.6391704,1
13403,93.79296682,204.6391704,1
13404,93.79296682,204.6391704,1
13405,93.79296682,204.6391704,1
13406,93.79296682,204.6391704,1
13407,93.79296682,204.6391704,1
13408,93.79296682,204.6391704,1
13409,93.79296682,204.6391704,1
13410,99.47738913,204.6391704,1
13411,99.47738913,204.6391704,1
13412,99.47738913,204.6391704,1
13413,99.47738913,204.6391704,1
13414,99.47738913,204.6391704,1
13415,99.47738913,204.6391704,1
13416,99.47738913,204.6391704,1
13417,99.47738913,204.6391704,1
13418,99.47738913,204.6391704,1
13419,99.47738913,204.6391704,1
13420,99.47738913,204.6391704,1
13421,99.47738913,204.6391704,1
13422,99.47738913,204.6391704,1
13423,99.47738913,204.6391704,1
13424,99.47738913,204.6391704,1
13425,99.47738913,204.6391704,1
13426,99.47738913,204.6391704,1
13427,99.47738913,204.6391704,1
13428,99.47738913,204.6391704,1
13429,99.47738913,204.6391704,1
13430,99.47738913,204.6391704,1
13431,99.47738913,204.6391704,1
13432,99.47738913,204.6391704,1
13433,99.47738913,204.6391704,1
13434,99.47738913,204.6391704,1
13435,99.47738913,204.6391704,1
13436,99.47738913,204.6391704,1
13437,99.47738913,204.6391704,1
13438,99.47738913,204.6391704,1
13439,99.47738913,204.6391704,1
13440,99.47738913,204.6391704,1
13441,99.47738913,204.6391704,1
13442,99.47738913,204.6391704,1
13443,99.47738913,204.6391704,1
13444,99.47738913,204.6391704,1
13445,99.47738913,204.6391704,1
13446,99.47738913,204.6391704,1
13447,99.47738913,204.6391704,1
13448,99.47738913,204.6391704,1
13449,99.47738913,204.6391704,1
13450,99.47738913,204.6391704,1
13451,99.47738913,204.6391704,1
13452,99.47738913,204.6391704,1
13453,99.47738913,204.6391704,1
13454,99.47738913,204.6391704,1
13455,99.47738913,204.6391704,1
13456,99.47738913,204.6391704,1
13457,99.47738913,204.6391704,1
13458,99.47738913,204.6391704,1
13459,99.47738913,204.6391704,1
13460,96.63517787,204.6391704,1
13461,96.63517787,204.6391704,1
13462,96.63517787,204.6391704,1
13463,96.63517787,204.6391704,1
13464,96.63517787,204.6391704,1
13465,96.63517787,204.6391704,1
13466,96.63517787,204.6391704,1
13467,96.6351778,204.6391704,1
13468,96.63517801,204.6391704,1
13469,96.63517801,204.6391704,1
13470,96.63517801,204.6391704,1
13471,96.63517801,204.6391704,1
13472,96.63517801,204.6391704,1
13473,96.63517801,204.6391704,1
13474,96.63517801,204.6391704,1
13475,96.63517801,204.6391704,1
13476,96.63517801,204.6391704,1
13477,96.63517801,204.6391704,1
13478,96.63517801,204.6391704,1
13479,96.63517801,204.6391704,1
13480,96.63517801,207.4813811,1
13481,99.47738899,207.4813811,1
13482,99.47738899,207.4813811,1
13483,99.47738899,207.4813811,1
13484,99.47738899,207.4813811,1
13485,99.47738899,207.4813811,1
13486,99.47738899,207.4813811,1
13487,99.47738899,207.4813811,1
13488,99.47738899,207.4813811,1
13489,99.47738899,207.4813811,1
13490,99.47738899,207.4813811,1
13491,99.47738899,207.4813811,1
13492,99.47738899,207.4813811,1
13493,99.47738899,207.4813811,1
13494,99.47738899,207.4813811,1
13495,99.47738899,207.4813811,1
13496,99.47738899,207.4813811,1
13497,99.47738899,207.4813811,1
13498,99.47738899,207.4813811,1
13499,99.47738899,207.4813811,1
13500,99.47738899,207.4813811,1
13501,99.47738899,207.4813811,1
13502,99.47738899,207.4813811,1
13503,99.47738899,207.4813811,1
13504,99.47738899,207.4813811,1
13505,99.47738899,207.4813811,1
13506,99.47738906,207.4813811,1
13507,99.47738906,207.4813811,1
13508,99.47738906,207.4813811,1
13509,99.47738906,207.4813811,1
13510,99.47738906,207.4813811,1
13511,99.47738906,207.4813811,1
13512,99.47738906,207.4813811,1
13513,99.47738906,207.4813811,1
13514,99.47738906,207.4813811,1
13515,99.47738906,207.4813811,1
13516,99.47738906,207.4813811,1
13517,99.47738906,207.4813811,1
13518,99.47738906,207.4813811,1
13519,99.47738906,207.4813811,1
13520,99.47738906,207.4813811,1
13521,99.47738906,207.4813811,1
13522,99.47738906,207.4813811,1
13523,99.47738906,207.4813811,1
13524,99.47738906,207.4813811,1
13525,99.47738906,207.4813811,1
13526,99.47738906,207.4813811,1
13527,99.47738906,207.4813811,1
13528,99.47738906,207.4813811,1
13529,99.47738906,207.4813811,1
13530,99.47738906,204.6391704,1
13531,99.47738906,204.6391704,1
13532,99.47738906,204.6391704,1
13533,99.47738906,204.6391704,1
13534,99.47738906,204.6391704,1
13535,99.47738906,204.6391704,1
13536,99.47738906,204.6391704,1
13537,99.47738906,204.6391704,1
13538,99.47738906,204.6391704,1
13539,99.47738906,204.6391704,1
13540,99.47738906,204.6391704,1
13541,99.47738906,204.6391704,1
13542,99.47738906,204.6391704,1
13543,99.47738906,204.6391704,1
13544,99.47738906,204.6391704,1
13545,99.47738906,204.6391704,1
13546,99.47738906,204.6391704,1
13547,99.47738906,204.6391704,1
13548,99.47738906,204.6391704,1
13549,99.47738906,204.6391704,1
13550,99.47738906,204.6391704,1
13551,99.47738906,204.6391704,1
13552,99.47738906,204.6391704,1
13553,99.47738906,204.6391704,1
13554,99.47738906,204.6391704,1
13555,99.47738906,204.6391704,1
13556,99.47738899,204.6391704,1
13557,99.47738899,204.6391704,1
13558,99.47738899,204.6391704,1
13559,99.47738899,204.6391704,1
13560,99.47738899,204.6391704,1
13561,99.47738899,201.7969597,1
13562,99.47738899,201.7969597,1
13563,99.47738899,201.7969597,1
13564,99.47738899,201.7969597,1
13565,99.47738899,201.7969597,1
13566,99.47738899,201.7969597,1
13567,99.47738899,201.7969597,1
13568,99.47738899,201.7969597,1
13569,99.47738899,201.7969597,1
13570,99.47738899,201.7969597,1
13571,99.47738899,201.7969597,1
13572,99.47738899,201.7969597,1
13573,99.47738899,201.7969597,1
13574,99.47738899,201.7969597,1
13575,96.6351778,201.7969597,1
13576,96.6351778,201.7969597,1
13577,96.6351778,201.7969597,1
13578,96.6351778,201.7969597,1
13579,96.6351778,201.7969597,1
13580,96.6351778,201.7969597,1
13581,96.6351778,201.7969597,1
13582,96.6351778,201.7969597,1
13583,96.6351778,201.7969597,1
13584,96.6351778,201.7969597,1
13585,96.6351778,201.7969597,1
13586,96.6351778,201.7969597,1
13587,96.6351778,201.7969597,1
13588,96.6351778,201.7969597,1
13589,96.6351778,201.7969597,1
13590,96.6351778,201.7969597,1
13591,96.6351778,201.7969597,1
13592,96.6351778,201.7969597,1
13593,96.63517794,201.7969597,1
13594,96.63517794,201.7969597,1
13595,96.63517794,201.7969597,1
13596,96.63517794,201.7969597,1
13597,96.63517794,201.7969597,1
13598,96.63517794,201.7969597,1
13599,96.63517794,201.7969597,1
13600,96.63517794,201.7969597,1
13601,96.63517794,201.7969597,1
13602,96.63517794,201.7969597,1
13603,96.63517794,201.7969597,1
13604,96.63517794,201.7969597,1
13605,96.63517794,201.7969597,1
13606,96.63517794,201.7969597,1
13607,96.63517794,201.7969597,1
13608,96.63517794,201.7969597,1
13609,96.63517794,204.6391704,1
13610,96.63517794,204.6391704,1
13611,96.63517794,204.6391704,1
13612,96.63517794,204.6391704,1
13613,96.63517794,204.6391704,1
13614,96.63517794,204.6391704,1
13615,96.63517794,204.6391704,1
13616,96.63517794,204.6391704,1
13617,96.63517794,204.6391704,1
13618,96.63517794,204.6391704,1
13619,96.63517794,204.6391704,1
13620,96.63517794,204.6391704,1
13621,96.63517794,204.6391704,1
13622,96.63517794,204.6391704,1
13623,96.63517794,204.6391704,1
13624,96.63517794,204.6391704,1
13625,96.63517794,204.6391704,1
13626,96.63517794,204.6391704,1
13627,96.63517794,204.6391704,1
13628,96.63517794,204.6391704,1
13629,96.63517794,204.6391704,1
13630,96.63517794,204.6391704,1
13631,96.63517794,204.6391704,1
13632,96.63517794,204.6391704,1
13633,96.63517794,204.6391704,1
13634,96.63517801,204.6391704,1
13635,96.63517801,204.6391704,1
13636,96.63517801,204.6391704,1
13637,96.63517801,204.6391704,1
13638,96.63517801,204.6391704,1
13639,96.63517801,204.6391704,1
13640,96.63517801,204.6391704,1
13641,96.63517801,204.6391704,1
13642,96.63517801,204.6391704,1
13643,96.63517801,204.6391704,1
13644,96.63517801,204.6391704,1
13645,96.63517801,204.6391704,1
13646,96.63517801,204.6391704,1
13647,96.63517801,204.6391704,1
13648,96.63517801,204.6391704,1
13649,96.63517801,204.6391704,1
13650,96.63517801,204.6391704,1
13651,96.63517801,204.6391704,1
13652,96.63517801,204.6391704,1
13653,96.63517801,204.6391704,1
13654,96.63517801,204.6391704,1
13655,96.63517801,204.6391704,1
13656,96.63517801,204.6391704,1
13657,96.63517801,204.6391704,1
13658,96.63517801,204.6391704,1
13659,96.63517801,204.6391704,1
13660,96.63517801,204.6391704,1
13661,96.63517801,204.6391704,1
13662,96.63517801,204.6391704,1
13663,96.63517801,204.6391704,1
13664,96.63517801,204.6391704,1
13665,96.63517801,204.6391704,1
13666,96.63517801,204.6391704,1
13667,96.63517801,204.6391704,1
13668,96.63517801,204.6391704,1
13669,96.63517801,204.6391704,1
13670,96.63517801,204.6391704,1
13671,96.63517801,204.6391704,1
13672,96.63517801,204.6391704,1
13673,96.63517801,204.6391704,1
13674,96.63517801,204.6391704,1
13675,96.63517801,204.6391704,1
13676,96.63517801,204.6391704,1
13677,96.63517801,204.6391704,1
13678,96.63517801,204.6391704,1
13679,96.63517801,204.6391704,1
13680,96.63517801,204.6391704,1
13681,96.63517801,204.6391704,1
13682,96.63517801,204.6391704,1
13683,96.63517801,204.6391704,1
13684,93.79296689,204.6391704,1
13685,93.79296689,204.6391704,1
13686,93.79296689,204.6391704,1
13687,93.79296689,204.6391704,1
13688,93.79296689,204.6391704,1
13689,93.79296689,201.7969597,1
13690,93.79296689,201.7969597,1
13691,93.79296689,201.7969597,1
13692,93.79296689,201.7969597,1
13693,93.79296689,201.7969597,1
13694,93.79296689,201.7969597,1
13695,93.79296689,201.7969597,1
13696,93.79296689,201.7969597,1
13697,93.79296689,201.7969597,1
13698,93.79296689,201.7969597,1
13699,93.79296689,201.7969597,1
13700,96.63517808,201.7969597,1
13701,96.63517808,201.7969597,1
13702,96.63517808,201.7969597,1
13703,96.63517808,201.7969597,1
13704,96.63517808,201.7969597,1
13705,96.63517808,201.7969597,1
13706,96.63517808,201.7969597,1
13707,96.63517808,201.7969597,1
13708,96.63517808,201.7969597,1
13709,96.63517808,201.7969597,1
13710,96.63517808,201.7969597,1
13711,96.63517808,201.7969597,1
13712,96.63517808,201.7969597,1
13713,96.63517808,201.7969597,1
13714,96.63517808,201.7969597,1
13715,96.63517808,201.7969597,1
13716,96.63517808,201.7969597,1
13717,96.63517808,201.7969597,1
13718,96.63517808,201.7969597,1
13719,96.63517808,201.7969597,1
13720,96.63517808,201.7969597,1
13721,96.63517808,201.7969597,1
13722,96.63517808,201.7969597,1
13723,96.63517808,201.7969597,1
13724,96.63517808,201.7969597,1
13725,96.63517808,201.7969597,1
13726,96.63517808,201.7969597,1
13727,96.63517808,204.6391704,1
13728,96.63517808,204.6391704,1
13729,96.63517808,204.6391704,1
13730,96.63517808,204.6391704,1
13731,96.63517808,204.6391704,1
13732,96.63517808,204.6391704,1
13733,96.63517808,204.6391704,1
13734,96.63517808,204.6391704,1
13735,96.63517808,204.6391704,1
13736,96.63517808,207.4813811,1
13737,96.63517808,207.4813811,1
13738,96.63517808,207.4813811,1
13739,96.63517808,207.4813811,1
13740,96.63517808,207.4813811,1
13741,96.63517808,207.4813811,1
13742,96.63517808,207.4813811,1
13743,96.63517808,207.4813811,1
13744,96.63517808,207.4813811,1
13745,96.63517808,207.4813811,1
13746,96.63517808,207.4813811,1
13747,96.63517808,207.4813811,1
13748,96.63517808,207.4813811,1
13749,96.63517808,207.4813811,1
13750,96.63517794,207.4813811,1
13751,96.63517794,207.4813811,1
13752,96.63517794,207.4813811,1
13753,96.63517794,207.4813811,1
13754,96.63517794,207.4813811,1
13755,96.63517794,207.4813811,1
13756,96.63517794,207.4813811,1
13757,96.63517794,207.4813811,1
13758,96.63517794,207.4813811,1
13759,96.63517794,207.4813811,1
13760,96.63517794,207.4813811,1
13761,96.63517794,207.4813811,1
13762,96.63517794,207.4813811,1
13763,96.63517794,207.4813811,1
13764,96.63517794,207.4813811,1
13765,96.63517794,207.4813811,1
13766,96.63517794,207.4813811,1
13767,96.63517794,207.4813811,1
13768,96.63517794,207.4813811,1
13769,96.63517794,207.4813811,1
13770,96.63517794,207.4813811,1
13771,96.63517794,207.4813811,1
13772,96.63517794,207.4813811,1
13773,96.63517794,207.4813811,1
13774,96.63517794,207.4813811,1
13775,96.63517794,207.4813811,1
13776,96.63517794,207.4813811,1
13777,96.63517794,207.4813811,1
13778,96.63517794,207.4813811,1
13779,93.79296696,207.4813811,1
13780,93.79296696,207.4813811,1
13781,93.79296696,207.4813811,1
13782,93.79296696,207.4813811,1
13783,93.79296696,207.4813811,1
13784,93.79296696,207.4813811,1
13785,93.79296696,207.4813811,1
13786,93.79296696,204.6391704,1
13787,93.79296696,204.6391704,1
13788,93.79296696,204.6391704,1
13789,93.79296696,204.6391704,1
13790,93.79296696,204.6391704,1
13791,93.79296696,204.6391704,1
13792,93.79296696,204.6391704,1
13793,93.79296696,204.6391704,1
13794,93.79296696,204.6391704,1
13795,93.79296696,204.6391704,1
13796,93.79296696,204.6391704,1
13797,93.79296696,204.6391704,1
13798,93.79296696,204.6391704,1
13799,93.79296696,204.6391704,1
13800,93.79296696,204.6391704,1
13801,93.79296696,204.6391704,1
13802,93.79296696,204.6391704,1
13803,93.79296696,204.6391704,1
13804,93.79296696,204.6391704,1
13805,93.79296696,204.6391704,1
13806,93.79296696,204.6391704,1
13807,93.79296696,204.6391704,1
13808,93.79296696,204.6391704,1
13809,93.79296696,204.6391704,1
13810,93.79296696,204.6391704,1
13811,93.79296696,204.6391704,1
13812,93.79296696,204.6391704,1
13813,93.79296696,204.6391704,1
13814,93.79296696,204.6391704,1
13815,93.79296696,204.6391704,1
13816,93.79296696,204.6391704,1
13817,93.79296696,204.6391704,1
13818,93.79296696,204.6391704,1
13819,93.79296696,204.6391704,1
13820,93.79296696,204.6391704,1
13821,93.79296696,204.6391704,1
13822,93.79296696,204.6391704,1
13823,93.79296696,204.6391704,1
13824,93.79296696,204.6391704,1
13825,93.79296696,204.6391704,1
13826,93.79296696,204.6391704,1
13827,93.79296696,204.6391704,1
13828,93.79296696,204.6391704,1
13829,93.79296689,204.6391704,1
13830,93.79296689,204.6391704,1
13831,93.79296689,204.6391704,1
13832,93.79296689,204.6391704,1
13833,93.79296689,204.6391704,1
13834,93.79296682,204.6391704,1
13835,93.79296682,204.6391704,1
13836,93.79296682,204.6391704,1
13837,93.79296682,204.6391704,1
13838,93.79296682,204.6391704,1
13839,93.79296682,204.6391704,1
13840,93.79296682,204.6391704,1
13841,93.79296682,204.6391704,1
13842,93.79296682,204.6391704,1
13843,93.79296682,204.6391704,1
13844,93.79296682,204.6391704,1
13845,93.79296682,204.6391704,1
13846,93.79296682,204.6391704,1
13847,93.79296682,204.6391704,1
13848,93.79296682,204.6391704,1
13849,93.79296682,204.6391704,1
13850,93.79296682,204.6391704,1
13851,93.79296682,204.6391704,1
13852,93.79296682,204.6391704,1
13853,93.79296682,204.6391704,1
13854,93.79296682,204.6391704,1
13855,93.79296682,204.6391704,1
13856,93.79296682,204.6391704,1
13857,93.79296682,204.6391704,1
13858,93.79296682,204.6391704,1
13859,93.79296682,204.6391704,1
13860,93.79296682,204.6391704,1
13861,93.79296682,204.6391704,1
13862,93.79296682,204.6391704,1
13863,93.79296682,204.6391704,1
13864,93.79296682,204.6391704,1
13865,93.79296682,204.6391704,1
13866,93.79296689,204.6391704,1
13867,93.79296689,204.6391704,1
13868,93.79296689,204.6391704,1
13869,93.79296689,204.6391704,1
13870,93.79296689,204.6391704,1
13871,93.79296689,204.6391704,1
13872,93.79296689,204.6391704,1
13873,93.79296689,204.6391704,1
13874,93.79296689,204.6391704,1
13875,93.79296689,204.6391704,1
13876,93.79296689,204.6391704,1
13877,93.79296696,204.6391704,1
13878,93.79296696,204.6391704,1
13879,93.79296696,204.6391704,1
13880,93.79296696,204.6391704,1
13881,93.79296696,204.6391704,1
13882,93.79296696,204.6391704,1
13883,93.79296696,204.6391704,1
13884,93.79296696,204.6391704,1
13885,93.79296696,204.6391704,1
13886,93.79296696,204.6391704,1
13887,93.79296696,204.6391704,1
13888,93.79296696,204.6391704,1
13889,93.79296696,204.6391704,1
13890,93.79296696,204.6391704,1
13891,93.79296696,204.6391704,1
13892,93.79296696,204.6391704,1
13893,93.79296696,204.6391704,1
13894,96.63517787,204.6391704,1
13895,96.63517787,204.6391704,1
13896,96.63517787,204.6391704,1
13897,96.63517787,204.6391704,1
13898,96.63517787,204.6391704,1
13899,96.63517787,204.6391704,1
13900,96.63517787,204.6391704,1
13901,96.63517787,204.6391704,1
13902,96.63517787,204.6391704,1
13903,96.63517787,204.6391704,1
13904,96.63517787,204.6391704,1
13905,96.63517787,204.6391704,1
13906,96.63517787,204.6391704,1
13907,96.63517787,204.6391704,1
13908,96.63517787,204.6391704,1
13909,96.63517787,204.6391704,1
13910,96.63517787,204.6391704,1
13911,96.63517787,204.6391704,1
13912,96.63517787,204.6391704,1
13913,96.63517787,204.6391704,1
13914,96.63517787,204.6391704,1
13915,96.63517787,204.6391704,1
13916,96.63517787,204.6391704,1
13917,96.63517787,204.6391704,1
13918,96.63517787,204.6391704,1
13919,96.63517787,204.6391704,1
13920,96.63517787,204.6391704,1
13921,96.63517787,204.6391704,1
13922,96.63517787,204.6391704,1
13923,96.63517787,204.6391704,1
13924,96.63517787,204.6391704,1
13925,96.63517787,204.6391704,1
13926,96.63517787,204.6391704,1
13927,96.63517787,204.6391704,1
13928,96.63517787,204.6391704,1
13929,96.63517787,204.6391704,1
13930,96.63517787,204.6391704,1
13931,96.63517787,204.6391704,1
13932,96.63517787,204.6391704,1
13933,96.63517787,204.6391704,1
13934,96.63517787,204.6391704,1
13935,96.63517787,204.6391704,1
13936,96.63517787,204.6391704,1
13937,96.63517787,204.6391704,1
13938,96.63517787,204.6391704,1
13939,96.63517787,204.6391704,1
13940,96.63517787,204.6391704,1
13941,96.63517787,204.6391704,1
13942,96.63517787,204.6391704,1
13943,96.63517787,204.6391704,1
13944,93.79296689,204.6391704,1
13945,93.79296689,204.6391704,1
13946,93.79296689,201.7969597,1
13947,93.79296689,204.6391704,1
13948,93.79296689,204.6391704,1
13949,93.79296689,204.6391704,1
13950,93.79296689,204.6391704,1
13951,93.79296689,204.6391704,1
13952,93.79296689,204.6391704,1
13953,93.79296689,204.6391704,1
13954,93.79296689,204.6391704,1
13955,93.79296689,204.6391704,1
13956,93.79296689,204.6391704,1
13957,93.79296689,204.6391704,1
13958,93.79296689,204.6391704,1
13959,93.79296689,204.6391704,1
13960,96.63517808,204.6391704,1
13961,96.63517808,204.6391704,1
13962,96.63517808,204.6391704,1
13963,96.63517808,204.6391704,1
13964,96.63517808,204.6391704,1
13965,96.63517808,204.6391704,1
13966,96.63517808,204.6391704,1
13967,96.63517808,204.6391704,1
13968,96.63517808,204.6391704,1
13969,96.63517808,204.6391704,1
13970,96.63517808,204.6391704,1
13971,96.63517808,204.6391704,1
13972,96.63517808,204.6391704,1
13973,96.63517808,204.6391704,1
13974,96.63517808,204.6391704,1
13975,96.63517808,204.6391704,1
13976,96.63517808,204.6391704,1
13977,96.63517808,204.6391704,1
13978,96.63517808,204.6391704,1
13979,96.63517808,204.6391704,1
13980,96.63517808,204.6391704,1
13981,96.63517808,204.6391704,1
13982,96.63517808,204.6391704,1
13983,96.63517808,204.6391704,1
13984,96.63517808,204.6391704,1
13985,96.63517808,204.6391704,1
13986,96.63517808,204.6391704,1
13987,96.63517808,204.6391704,1
13988,96.63517808,204.6391704,1
13989,96.63517808,204.6391704,1
13990,96.63517808,204.6391704,1
13991,96.63517808,204.6391704,1
13992,96.63517808,204.6391704,1
13993,96.63517808,204.6391704,1
13994,96.63517808,204.6391704,1
13995,96.63517808,204.6391704,1
13996,96.63517808,204.6391704,1
13997,96.63517808,204.6391704,1
13998,96.63517808,204.6391704,1
13999,96.63517808,204.6391704,1
14000,96.63517808,204.6391704,1
14001,96.63517808,204.6391704,1
14002,96.63517808,204.6391704,1
14003,96.63517808,204.6391704,1
14004,96.63517808,204.6391704,1
14005,96.63517808,204.6391704,1
14006,96.63517808,204.6391704,1
14007,96.63517808,204.6391704,1
14008,96.63517808,204.6391704,1
14009,96.63517808,204.6391704,1
14010,96.63517794,204.6391704,1
14011,96.63517794,204.6391704,1
14012,96.63517794,204.6391704,1
14013,96.63517794,204.6391704,1
14014,96.63517794,204.6391704,1
14015,96.63517794,204.6391704,1
14016,96.63517794,204.6391704,1
14017,96.63517794,204.6391704,1
14018,96.63517794,204.6391704,1
14019,96.63517794,204.6391704,1
14020,96.63517794,204.6391704,1
14021,96.63517794,204.6391704,1
14022,96.63517794,204.6391704,1
14023,96.63517794,204.6391704,1
14024,96.63517794,204.6391704,1
14025,96.63517794,204.6391704,1
14026,96.63517794,204.6391704,1
14027,96.63517794,204.6391704,1
14028,96.63517794,204.6391704,1
14029,96.63517794,204.6391704,1
14030,96.63517794,204.6391704,1
14031,96.63517794,204.6391704,1
14032,96.63517794,204.6391704,1
14033,96.63517794,204.6391704,1
14034,96.63517794,204.6391704,1
14035,96.63517794,204.6391704,1
14036,96.63517794,204.6391704,1
14037,96.63517794,201.7969597,1
14038,96.63517794,201.7969597,1
14039,96.63517794,201.7969597,1
14040,96.63517794,201.7969597,1
14041,96.63517794,201.7969597,1
14042,96.63517794,201.7969597,1
14043,96.63517794,201.7969597,1
14044,96.63517794,201.7969597,1
14045,96.63517794,201.7969597,1
14046,96.63517794,201.7969597,1
14047,96.63517794,201.7969597,1
14048,96.63517794,201.7969597,1
14049,96.63517794,201.7969597,1
14050,96.63517794,201.7969597,1
14051,96.63517794,201.7969597,1
14052,96.63517794,201.7969597,1
14053,96.63517794,201.7969597,1
14054,96.63517794,201.7969597,1
14055,96.63517794,201.7969597,1
14056,96.63517794,204.6391704,1
14057,96.63517794,204.6391704,1
14058,96.63517794,204.6391704,1
14059,96.63517794,204.6391704,1
14060,88.1085445,204.6391704,1
14061,88.1085445,204.6391704,1
14062,88.1085445,204.6391704,1
14063,90.95075576,204.6391704,1
14064,90.95075576,204.6391704,1
14065,90.95075576,204.6391704,1
14066,90.95075576,204.6391704,1
14067,90.95075576,204.6391704,1
14068,90.95075576,204.6391704,1
14069,90.95075576,204.6391704,1
14070,90.95075576,204.6391704,1
14071,90.95075576,204.6391704,1
14072,90.95075576,204.6391704,1
14073,90.95075576,204.6391704,1
14074,90.95075576,204.6391704,1
14075,90.95075576,204.6391704,1
14076,90.95075576,204.6391704,1
14077,90.95075576,204.6391704,1
14078,90.95075576,204.6391704,1
14079,90.95075576,204.6391704,1
14080,90.95075576,204.6391704,1
14081,90.95075576,204.6391704,1
14082,90.95075576,204.6391704,1
14083,90.95075576,204.6391704,1
14084,90.95075576,204.6391704,1
14085,90.95075576,204.6391704,1
14086,90.95075576,204.6391704,1
14087,90.95075576,204.6391704,1
14088,90.95075576,204.6391704,1
14089,90.95075583,204.6391704,1
14090,93.79296696,204.6391704,1
14091,93.79296696,204.6391704,1
14092,93.79296696,204.6391704,1
14093,93.79296696,204.6391704,1
14094,93.79296696,204.6391704,1
14095,93.79296696,204.6391704,1
14096,93.79296696,204.6391704,1
14097,93.79296696,204.6391704,1
14098,93.79296696,204.6391704,1
14099,93.79296696,204.6391704,1
14100,93.79296696,204.6391704,1
14101,93.79296696,204.6391704,1
14102,93.79296696,204.6391704,1
14103,93.79296696,204.6391704,1
14104,93.79296696,204.6391704,1
14105,93.79296696,204.6391704,1
14106,93.79296696,204.6391704,1
14107,93.79296696,204.6391704,1
14108,93.79296696,204.6391704,1
14109,93.79296696,204.6391704,1
14110,93.79296696,204.6391704,1
14111,93.79296696,204.6391704,1
14112,93.79296696,204.6391704,1
14113,93.79296696,204.6391704,1
14114,93.79296696,204.6391704,1
14115,93.79296696,204.6391704,1
14116,93.79296696,204.6391704,1
14117,93.79296696,204.6391704,1
14118,93.79296696,204.6391704,1
14119,93.79296696,204.6391704,1
14120,93.79296696,204.6391704,1
14121,93.79296696,204.6391704,1
14122,93.79296696,204.6391704,1
14123,93.79296696,204.6391704,1
14124,93.79296696,204.6391704,1
14125,93.79296696,204.6391704,1
14126,93.79296696,204.6391704,1
14127,93.79296696,204.6391704,1
14128,93.79296696,204.6391704,1
14129,93.79296696,204.6391704,1
14130,93.79296696,204.6391704,1
14131,93.79296696,204.6391704,1
14132,93.79296696,204.6391704,1
14133,93.79296696,204.6391704,1
14134,93.79296696,204.6391704,1
14135,93.79296696,204.6391704,1
14136,93.79296696,204.6391704,1
14137,93.79296696,204.6391704,1
14138,93.79296696,204.6391704,1
14139,93.79296696,204.6391704,1
14140,90.95075569,204.6391704,1
14141,90.95075569,204.6391704,1
14142,90.95075569,204.6391704,1
14143,90.95075569,204.6391704,1
14144,90.95075569,201.7969597,1
14145,90.95075569,201.7969597,1
14146,90.95075569,201.7969597,1
14147,90.95075569,201.7969597,1
14148,93.79296667,201.7969597,1
14149,93.79296667,201.7969597,1
14150,93.79296667,201.7969597,1
14151,93.79296667,201.7969597,1
14152,93.79296667,201.7969597,1
14153,93.79296667,201.7969597,1
14154,93.79296667,201.7969597,1
14155,93.79296667,201.7969597,1
14156,93.79296667,201.7969597,1
14157,93.79296667,201.7969597,1
14158,93.79296667,201.7969597,1
14159,93.79296667,201.7969597,1
14160,93.79296667,201.7969597,1
14161,93.79296667,201.7969597,1
14162,93.79296667,201.7969597,1
14163,93.79296667,201.7969597,1
14164,93.79296667,204.6391704,1
14165,93.79296667,204.6391704,1
14166,93.79296667,204.6391704,1
14167,93.79296667,204.6391704,1
14168,93.79296667,204.6391704,1
14169,93.79296667,204.6391704,1
14170,93.79296667,204.6391704,1
14171,93.79296667,204.6391704,1
14172,93.79296667,204.6391704,1
14173,93.79296667,204.6391704,1
14174,93.79296667,204.6391704,1
14175,93.79296667,204.6391704,1
14176,93.79296667,204.6391704,1
14177,93.79296667,204.6391704,1
14178,93.79296667,204.6391704,1
14179,93.79296667,204.6391704,1
14180,93.79296667,204.6391704,1
14181,93.79296667,204.6391704,1
14182,93.79296667,204.6391704,1
14183,93.79296667,204.6391704,1
14184,93.79296667,204.6391704,1
14185,93.79296667,204.6391704,1
14186,93.79296667,204.6391704,1
14187,93.79296667,204.6391704,1
14188,93.79296667,204.6391704,1
14189,93.79296667,204.6391704,1
14190,93.79296667,204.6391704,1
14191,93.79296667,204.6391704,1
14192,93.79296667,204.6391704,1
14193,93.79296667,204.6391704,1
14194,93.79296667,204.6391704,1
14195,93.79296667,204.6391704,1
14196,93.79296667,204.6391704,1
14197,93.79296667,204.6391704,1
14198,90.95075569,204.6391704,1
14199,90.95075569,204.6391704,1
14200,90.95075569,204.6391704,1
14201,90.95075569,204.6391704,1
14202,90.95075569,204.6391704,1
14203,93.79296696,204.6391704,1
14204,93.79296696,204.6391704,1
14205,93.79296696,204.6391704,1
14206,93.79296696,204.6391704,1
14207,93.79296696,204.6391704,1
14208,93.79296696,204.6391704,1
14209,93.79296696,204.6391704,1
14210,93.79296696,204.6391704,1
14211,93.79296696,204.6391704,1
14212,93.79296696,204.6391704,1
14213,93.79296696,204.6391704,1
14214,93.79296696,204.6391704,1
14215,93.79296696,204.6391704,1
14216,93.79296696,204.6391704,1
14217,93.79296696,204.6391704,1
14218,93.79296696,204.6391704,1
14219,93.79296696,204.6391704,1
14220,93.79296696,204.6391704,1
14221,93.79296696,204.6391704,1
14222,93.79296696,204.6391704,1
14223,93.79296696,204.6391704,1
14224,93.79296696,204.6391704,1
14225,93.79296696,204.6391704,1
14226,93.79296696,204.6391704,1
14227,93.79296696,204.6391704,1
14228,93.79296696,204.6391704,1
14229,93.79296696,204.6391704,1
14230,93.79296696,204.6391704,1
14231,93.79296696,204.6391704,1
14232,93.79296696,204.6391704,1
14233,93.79296696,204.6391704,1
14234,93.79296696,204.6391704,1
14235,93.79296696,204.6391704,1
14236,93.79296696,204.6391704,1
14237,93.79296696,204.6391704,1
14238,93.79296696,204.6391704,1
14239,93.79296696,204.6391704,1
14240,93.79296696,204.6391704,1
14241,93.79296696,204.6391704,1
14242,93.79296696,204.6391704,1
14243,93.79296696,204.6391704,1
14244,93.79296696,204.6391704,1
14245,93.79296696,204.6391704,1
14246,93.79296696,204.6391704,1
14247,93.79296696,204.6391704,1
14248,93.79296696,204.6391704,1
14249,93.79296696,204.6391704,1
14250,93.79296696,204.6391704,1
14251,93.79296696,204.6391704,1
14252,93.79296696,204.6391704,1
14253,93.79296675,204.6391704,1
14254,93.79296675,204.6391704,1
14255,93.79296675,204.6391704,1
14256,93.79296675,204.6391704,1
14257,93.79296675,204.6391704,1
14258,93.79296675,204.6391704,1
14259,93.79296675,204.6391704,1
14260,93.79296675,204.6391704,1
14261,93.79296675,204.6391704,1
14262,93.79296675,204.6391704,1
14263,93.79296675,204.6391704,1
14264,93.79296675,204.6391704,1
14265,93.79296675,204.6391704,1
14266,93.79296675,204.6391704,1
14267,93.79296675,204.6391704,1
14268,93.79296675,204.6391704,1
14269,93.79296675,204.6391704,1
14270,93.79296675,204.6391704,1
14271,93.79296675,204.6391704,1
14272,93.79296675,204.6391704,1
14273,93.79296675,204.6391704,1
14274,93.79296675,204.6391704,1
14275,93.79296675,204.6391704,1
14276,93.79296675,204.6391704,1
14277,93.79296675,204.6391704,1
14278,93.79296675,204.6391704,1
14279,93.79296675,204.6391704,1
14280,93.79296675,204.6391704,1
14281,93.79296675,204.6391704,1
14282,93.79296675,204.6391704,1
14283,93.79296675,204.6391704,1
14284,93.79296675,204.6391704,1
14285,93.79296675,204.6391704,1
14286,93.79296675,204.6391704,1
14287,93.79296675,201.7969597,1
14288,93.79296675,201.7969597,1
14289,93.79296675,201.7969597,1
14290,93.79296675,201.7969597,1
14291,93.79296675,201.7969597,1
14292,93.79296675,201.7969597,1
14293,93.79296675,201.7969597,1
14294,93.79296675,201.7969597,1
14295,93.79296675,201.7969597,1
14296,93.79296675,201.7969597,1
14297,90.95075576,201.7969597,1
14298,90.95075576,201.7969597,1
14299,90.95075576,201.7969597,1
14300,90.95075576,201.7969597,1
14301,90.95075576,201.7969597,1
14302,90.95075576,201.7969597,1
14303,90.95075576,201.7969597,1
14304,90.95075576,201.7969597,1
14305,90.95075576,201.7969597,1
14306,90.95075576,201.7969597,1
14307,90.95075576,201.7969597,1
14308,90.95075576,201.7969597,1
14309,90.95075576,201.7969597,1
14310,90.95075576,201.7969597,1
14311,90.95075576,201.7969597,1
14312,90.95075576,201.7969597,1
14313,90.95075576,201.7969597,1
14314,90.95075576,201.7969597,1
14315,90.95075576,201.7969597,1
14316,90.95075576,201.7969597,1
14317,90.95075576,201.7969597,1
14318,90.95075576,201.7969597,1
14319,90.95075576,201.7969597,1
14320,90.95075576,201.7969597,1
14321,90.95075576,201.7969597,1
14322,90.95075576,201.7969597,1
14323,90.95075576,201.7969597,1
14324,90.95075576,201.7969597,1
14325,90.95075576,201.7969597,1
14326,90.95075576,201.7969597,1
14327,90.95075576,201.7969597,1
14328,90.95075576,201.7969597,1
14329,90.95075576,201.7969597,1
14330,90.95075576,201.7969597,1
14331,90.95075576,201.7969597,1
14332,90.95075576,201.7969597,1
14333,90.95075576,201.7969597,1
14334,90.95075576,201.7969597,1
14335,90.95075576,201.7969597,1
14336,90.95075576,201.7969597,1
14337,90.95075576,201.7969597,1
14338,90.95075576,201.7969597,1
14339,90.95075576,201.7969597,1
14340,90.95075576,201.7969597,1
14341,90.95075576,201.7969597,1
14342,90.95075576,201.7969597,1
14343,90.95075576,201.7969597,1
14344,90.95075576,201.7969597,1
14345,90.95075576,201.7969597,1
14346,90.95075576,201.7969597,1
14347,90.95075576,201.7969597,1
14348,90.95075576,201.7969597,1
14349,90.95075576,201.7969597,1
14350,90.95075576,201.7969597,1
14351,90.95075576,201.7969597,1
14352,90.95075576,201.7969597,1
14353,90.95075576,201.7969597,1
14354,90.95075576,201.7969597,1
14355,90.95075576,201.7969597,1
14356,90.95075576,201.7969597,1
14357,90.95075569,201.7969597,1
14358,90.95075569,201.7969597,1
14359,90.95075569,201.7969597,1
14360,90.95075569,201.7969597,1
14361,90.95075569,201.7969597,1
14362,90.95075576,201.7969597,1
14363,90.95075576,201.7969597,1
14364,90.95075576,201.7969597,1
14365,90.95075576,201.7969597,1
14366,90.95075576,201.7969597,1
14367,90.95075576,201.7969597,1
14368,90.95075576,201.7969597,1
14369,90.95075576,201.7969597,1
14370,90.95075576,201.7969597,1
14371,90.95075576,201.7969597,1
14372,90.95075576,201.7969597,1
14373,90.95075576,201.7969597,1
14374,90.95075576,201.7969597,1
14375,90.95075576,201.7969597,1
14376,93.79296675,201.7969597,1
14377,93.79296675,201.7969597,1
14378,93.79296675,201.7969597,1
14379,93.79296675,201.7969597,1
14380,93.79296675,201.7969597,1
14381,93.79296675,201.7969597,1
14382,93.79296675,201.7969597,1
14383,93.79296675,201.7969597,1
14384,93.79296675,201.7969597,1
14385,93.79296675,201.7969597,1
14386,93.79296675,201.7969597,1
14387,93.79296675,201.7969597,1
14388,93.79296675,201.7969597,1
14389,93.79296675,201.7969597,1
14390,93.79296675,201.7969597,1
14391,93.79296675,201.7969597,1
14392,93.79296675,201.7969597,1
14393,93.79296675,201.7969597,1
14394,93.79296675,201.7969597,1
14395,93.79296675,201.7969597,1
14396,93.79296675,201.7969597,1
14397,93.79296675,201.7969597,1
14398,93.79296675,201.7969597,1
14399,93.79296675,201.7969597,1
14400,93.79296675,201.7969597,1
14401,93.79296675,201.7969597,1
14402,93.79296675,201.7969597,1
14403,93.79296675,201.7969597,1
14404,93.79296675,201.7969597,1
14405,93.79296675,201.7969597,1
14406,93.79296675,201.7969597,1
14407,93.79296675,201.7969597,1
14408,93.79296675,201.7969597,1
14409,93.79296675,201.7969597,1
14410,93.79296675,201.7969597,1
14411,93.79296675,201.7969597,1
14412,93.79296675,201.7969597,1
14413,93.79296675,201.7969597,1
14414,93.79296675,201.7969597,1
14415,93.79296675,201.7969597,1
14416,93.79296675,201.7969597,1
14417,93.79296675,201.7969597,1
14418,93.79296675,201.7969597,1
14419,93.79296675,201.7969597,1
14420,93.79296675,201.7969597,1
14421,93.79296675,201.7969597,1
14422,93.79296675,201.7969597,1
14423,93.79296675,201.7969597,1
14424,93.79296675,201.7969597,1
14425,93.79296675,201.7969597,1
14426,90.95075583,201.7969597,1
14427,90.95075583,201.7969597,1
14428,90.95075583,201.7969597,1
14429,90.95075562,201.7969597,1
14430,90.95075562,201.7969597,1
14431,90.95075562,201.7969597,1
14432,90.95075562,201.7969597,1
14433,90.95075562,201.7969597,1
14434,90.95075562,201.7969597,1
14435,90.95075562,201.7969597,1
14436,90.95075562,201.7969597,1
14437,90.95075562,201.7969597,1
14438,90.95075562,201.7969597,1
14439,90.95075562,204.6391704,1
14440,90.95075562,204.6391704,1
14441,90.95075562,204.6391704,1
14442,90.95075562,204.6391704,1
14443,90.95075562,204.6391704,1
14444,90.95075562,204.6391704,1
14445,90.95075562,204.6391704,1
14446,90.95075562,204.6391704,1
14447,90.95075562,204.6391704,1
14448,90.95075562,204.6391704,1
14449,90.95075562,204.6391704,1
14450,90.95075562,204.6391704,1
14451,90.95075562,204.6391704,1
14452,90.95075562,204.6391704,1
14453,90.95075562,204.6391704,1
14454,90.95075562,204.6391704,1
14455,90.95075562,204.6391704,1
14456,90.95075562,204.6391704,1
14457,90.95075562,204.6391704,1
14458,90.95075562,204.6391704,1
14459,90.95075562,204.6391704,1
14460,90.95075562,204.6391704,1
14461,90.95075562,204.6391704,1
14462,90.95075562,204.6391704,1
14463,90.95075562,204.6391704,1
14464,90.95075562,204.6391704,1
14465,90.95075562,204.6391704,1
14466,90.95075562,204.6391704,1
14467,90.95075562,204.6391704,1
14468,90.95075562,204.6391704,1
14469,90.95075562,204.6391704,1
14470,90.95075562,204.6391704,1
14471,93.79296667,204.6391704,1
14472,93.79296667,204.6391704,1
14473,93.79296667,204.6391704,1
14474,93.79296667,204.6391704,1
14475,93.79296667,204.6391704,1
14476,93.79296667,204.6391704,1
14477,93.79296667,204.6391704,1
14478,93.79296667,204.6391704,1
14479,93.79296667,204.6391704,1
14480,93.79296667,204.6391704,1
14481,93.79296667,204.6391704,1
14482,93.79296667,204.6391704,1
14483,93.79296667,204.6391704,1
14484,93.79296667,204.6391704,1
14485,93.79296667,204.6391704,1
14486,93.79296667,204.6391704,1
14487,93.79296667,204.6391704,1
14488,93.79296667,204.6391704,1
14489,93.79296667,201.7969597,1
14490,93.79296667,201.7969597,1
14491,93.79296667,201.7969597,1
14492,93.79296667,201.7969597,1
14493,93.79296667,201.7969597,1
14494,93.79296667,201.7969597,1
14495,93.79296667,201.7969597,1
14496,93.79296667,201.7969597,1
14497,93.79296667,201.7969597,1
14498,93.79296667,201.7969597,1
14499,93.79296667,201.7969597,1
14500,93.79296667,201.7969597,1
14501,93.79296667,201.7969597,1
14502,93.79296667,201.7969597,1
14503,93.79296667,201.7969597,1
14504,93.79296667,201.7969597,1
14505,93.79296667,201.7969597,1
14506,93.79296667,201.7969597,1
14507,93.79296667,201.7969597,1
14508,93.79296667,201.7969597,1
14509,93.79296667,201.7969597,1
14510,93.79296667,201.7969597,1
14511,93.79296667,201.7969597,1
14512,93.79296667,201.7969597,1
14513,93.79296667,201.7969597,1
14514,93.79296667,201.7969597,1
14515,93.79296667,201.7969597,1
14516,93.79296667,201.7969597,1
14517,93.79296667,201.7969597,1
14518,93.79296667,201.7969597,1
14519,93.79296667,201.7969597,1
14520,93.79296667,201.7969597,1
14521,90.95075583,201.7969597,1
14522,90.95075583,201.7969597,1
14523,90.95075583,201.7969597,1
14524,90.95075583,201.7969597,1
14525,90.95075583,201.7969597,1
14526,90.95075583,201.7969597,1
14527,90.95075583,201.7969597,1
14528,90.95075583,201.7969597,1
14529,90.95075583,201.7969597,1
14530,90.95075583,201.7969597,1
14531,90.95075583,201.7969597,1
14532,90.95075583,201.7969597,1
14533,90.95075583,201.7969597,1
14534,90.95075583,201.7969597,1
14535,90.95075583,201.7969597,1
14536,90.95075583,201.7969597,1
14537,90.95075583,201.7969597,1
14538,90.95075583,201.7969597,1
14539,90.95075583,201.7969597,1
14540,90.95075583,201.7969597,1
14541,90.95075576,201.7969597,1
14542,90.95075576,201.7969597,1
14543,90.95075576,201.7969597,1
14544,90.95075576,201.7969597,1
14545,90.95075576,201.7969597,1
14546,90.95075576,201.7969597,1
14547,90.95075576,201.7969597,1
14548,90.95075576,201.7969597,1
14549,90.95075576,201.7969597,1
14550,90.95075576,201.7969597,1
14551,90.95075576,201.7969597,1
14552,90.95075576,201.7969597,1
14553,90.95075583,201.7969597,1
14554,90.95075583,201.7969597,1
14555,90.95075583,201.7969597,1
14556,90.95075583,201.7969597,1
14557,90.95075583,201.7969597,1
14558,90.95075583,201.7969597,1
14559,90.95075583,201.7969597,1
14560,90.95075583,201.7969597,1
14561,90.95075583,201.7969597,1
14562,90.95075583,201.7969597,1
14563,90.95075583,201.7969597,1
14564,90.95075583,201.7969597,1
14565,90.95075583,201.7969597,1
14566,90.95075583,201.7969597,1
14567,90.95075583,201.7969597,1
14568,90.95075583,201.7969597,1
14569,90.95075583,201.7969597,1
14570,90.95075583,201.7969597,1
14571,90.95075583,201.7969597,1
14572,90.95075583,201.7969597,1
14573,90.95075583,201.7969597,1
14574,90.95075583,201.7969597,1
14575,90.95075583,201.7969597,1
14576,90.95075583,201.7969597,1
14577,90.95075583,201.7969597,1
14578,90.95075583,201.7969597,1
14579,90.95075583,201.7969597,1
14580,90.95075583,201.7969597,1
14581,90.95075583,201.7969597,1
14582,90.95075583,201.7969597,1
14583,90.95075583,204.6391704,1
14584,90.95075583,204.6391704,1
14585,90.95075583,204.6391704,1
14586,90.95075583,204.6391704,1
14587,90.95075583,204.6391704,1
14588,90.95075583,204.6391704,1
14589,90.95075583,204.6391704,1
14590,90.95075583,204.6391704,1
14591,90.95075583,204.6391704,1
14592,90.95075583,204.6391704,1
14593,90.95075583,204.6391704,1
14594,90.95075583,204.6391704,1
14595,90.95075583,204.6391704,1
14596,90.95075583,204.6391704,1
14597,90.95075583,204.6391704,1
14598,90.95075583,204.6391704,1
14599,90.95075583,204.6391704,1
14600,90.95075583,204.6391704,1
14601,90.95075583,204.6391704,1
14602,90.95075583,204.6391704,1
14603,90.95075562,204.6391704,1
14604,90.95075562,204.6391704,1
14605,90.95075562,204.6391704,1
14606,90.95075562,204.6391704,1
14607,90.95075562,204.6391704,1
14608,90.95075562,204.6391704,1
14609,90.95075562,204.6391704,1
14610,90.95075562,204.6391704,1
14611,90.95075562,204.6391704,1
14612,90.95075562,204.6391704,1
14613,90.95075562,204.6391704,1
14614,90.95075562,204.6391704,1
14615,90.95075562,204.6391704,1
14616,90.95075562,204.6391704,1
14617,90.95075562,204.6391704,1
14618,90.95075562,204.6391704,1
14619,90.95075562,204.6391704,1
14620,90.95075562,204.6391704,1
14621,90.95075562,204.6391704,1
14622,90.95075562,204.6391704,1
14623,90.95075562,204.6391704,1
14624,90.95075562,204.6391704,1
14625,90.95075562,204.6391704,1
14626,90.95075562,204.6391704,1
14627,90.95075562,204.6391704,1
14628,90.95075562,204.6391704,1
14629,90.95075562,204.6391704,1
14630,90.95075562,204.6391704,1
14631,90.95075562,204.6391704,1
14632,90.95075562,204.6391704,1
14633,90.95075562,204.6391704,1
14634,90.95075562,204.6391704,1
14635,90.95075562,204.6391704,1
14636,90.95075562,204.6391704,1
14637,90.95075562,204.6391704,1
14638,90.95075562,204.6391704,1
14639,90.95075562,204.6391704,1
14640,90.95075562,204.6391704,1
14641,90.95075562,204.6391704,1
14642,90.95075562,204.6391704,1
14643,90.95075562,201.7969597,1
14644,90.95075562,201.7969597,1
14645,88.10854471,201.7969597,1
14646,88.10854471,201.7969597,1
14647,88.10854471,201.7969597,1
14648,88.10854471,201.7969597,1
14649,88.10854471,201.7969597,1
14650,88.10854471,201.7969597,1
14651,88.10854471,201.7969597,1
14652,88.10854471,201.7969597,1
14653,88.10854471,201.7969597,1
14654,88.10854471,201.7969597,1
14655,88.10854471,201.7969597,1
14656,88.10854471,201.7969597,1
14657,88.10854471,201.7969597,1
14658,88.10854471,201.7969597,1
14659,88.10854471,201.7969597,1
14660,88.10854471,201.7969597,1
14661,88.10854471,201.7969597,1
14662,88.10854471,201.7969597,1
14663,88.10854471,201.7969597,1
14664,88.10854471,201.7969597,1
14665,88.10854471,201.7969597,1
14666,88.10854471,201.7969597,1
14667,88.10854471,201.7969597,1
14668,88.10854471,201.7969597,1
14669,88.10854471,201.7969597,1
14670,88.10854471,201.7969597,1
14671,85.26633337,201.7969597,1
14672,85.26633337,201.7969597,1
