,Voltage,Current,Action
0,17.05326675,5.6844214,0
1,17.05326675,14.2110535,0
2,31.2643223,17.0532642,0
3,31.2643223,17.0532642,0
4,34.10653342,17.0532642,0
5,51.15980016,17.0532642,0
6,51.15980016,17.0532642,0
7,51.15980016,22.7376856,0
8,51.15980016,25.5798963,0
9,54.00201129,25.5798963,0
10,68.21306684,25.5798963,0
11,68.21306684,36.9487391,0
12,68.21306684,36.9487391,0
13,71.05527796,36.9487391,0
14,71.05527796,45.4753712,0
15,71.05527796,45.4753712,0
16,71.05527796,45.4753712,0
17,71.05527796,45.4753712,0
18,71.05527796,45.4753712,0
19,71.05527796,45.4753712,0
20,71.05527796,45.4753712,0
21,76.73970021,45.4753712,0
22,76.73970021,45.4753712,0
23,76.73970021,45.4753712,0
24,76.73970021,45.4753712,0
25,76.73970021,45.4753712,0
26,76.73970021,45.4753712,0
27,76.73970021,45.4753712,0
28,76.73970021,45.4753712,0
29,76.73970021,45.4753712,0
30,76.73970021,45.4753712,0
31,76.73970021,45.4753712,0
32,76.73970021,45.4753712,0
33,76.73970021,45.4753712,0
34,76.73970021,45.4753712,0
35,76.73970021,45.4753712,0
36,76.73970021,45.4753712,0
37,76.73970021,45.4753712,0
38,76.73970021,45.4753712,0
39,76.73970021,45.4753712,0
40,76.73970021,45.4753712,0
41,76.73970021,45.4753712,0
42,76.73970021,45.4753712,0
43,76.73970021,48.3175819,0
44,76.73970021,48.3175819,0
45,76.73970021,48.3175819,0
46,76.73970021,48.3175819,0
47,76.73970021,48.3175819,0
48,76.73970021,48.3175819,0
49,76.73970021,48.3175819,0
50,76.73970021,48.3175819,0
51,76.73970021,48.3175819,0
52,76.73970021,48.3175819,0
53,76.73970021,48.3175819,0
54,76.73970021,48.3175819,0
55,76.73970021,48.3175819,0
56,76.73970021,48.3175819,0
57,76.73970021,48.3175819,0
58,82.42412246,48.3175819,0
59,82.42412246,48.3175819,0
60,82.42412246,48.3175819,0
61,82.42412246,48.3175819,0
62,82.42412246,48.3175819,0
63,82.42412246,48.3175819,0
64,82.42412246,48.3175819,0
65,82.42412246,48.3175819,0
66,82.42412246,48.3175819,0
67,82.42412246,48.3175819,0
68,82.42412246,48.3175819,0
69,82.42412246,48.3175819,0
70,82.42412246,48.3175819,0
71,82.42412246,48.3175819,0
72,82.42412246,48.3175819,0
73,82.42412246,48.3175819,0
74,82.42412246,48.3175819,0
75,82.42412246,48.3175819,0
76,82.42412246,48.3175819,0
77,82.42412246,48.3175819,0
78,82.42412246,48.3175819,0
79,82.42412246,48.3175819,0
80,82.42412246,56.844214,0
81,82.42412246,56.844214,0
82,102.3196003,56.844214,0
83,102.3196003,56.844214,0
84,102.3196003,59.6864247,0
85,102.3196003,59.6864247,0
86,102.3196003,59.6864247,0
87,105.1618114,59.6864247,0
88,110.8462336,59.6864247,0
89,110.8462336,59.6864247,0
90,110.8462336,59.6864247,0
91,110.8462336,59.6864247,0
92,113.6884448,59.6864247,0
93,113.6884448,59.6864247,0
94,113.6884448,59.6864247,0
95,113.6884448,73.8974782,0
96,113.6884448,73.8974782,0
97,130.7417115,73.8974782,0
98,130.7417115,73.8974782,0
99,130.7417115,85.266321,0
100,130.7417115,85.266321,0
101,130.7417115,85.266321,0
102,130.7417115,85.266321,0
103,130.7417115,90.9507424,0
104,130.7417115,90.9507424,0
105,136.4261337,90.9507424,0
106,136.4261337,90.9507424,0
107,136.4261337,96.6351638,0
108,136.4261337,96.6351638,0
109,136.4261337,96.6351638,0
110,136.4261337,96.6351638,0
111,136.4261337,96.6351638,0
112,136.4261337,96.6351638,0
113,142.110556,96.6351638,0
114,142.110556,96.6351638,0
115,142.110556,96.6351638,0
116,142.110556,96.6351638,0
117,142.110556,96.6351638,0
118,144.9527671,96.6351638,0
119,144.9527671,96.6351638,0
120,144.9527671,96.6351638,0
121,144.9527671,96.6351638,0
122,144.9527671,96.6351638,0
123,144.9527671,96.6351638,0
124,144.9527671,96.6351638,0
125,144.9527671,96.6351638,0
126,144.9527671,96.6351638,0
127,144.9527671,96.6351638,0
128,144.9527671,96.6351638,0
129,144.9527671,102.3195852,0
130,144.9527671,102.3195852,0
131,144.9527671,105.1617959,0
132,144.9527671,105.1617959,0
133,144.9527671,105.1617959,0
134,144.9527671,105.1617959,0
135,144.9527671,105.1617959,0
136,144.9527671,105.1617959,0
137,144.9527671,105.1617959,0
138,144.9527671,105.1617959,0
139,144.9527671,105.1617959,0
140,144.9527671,105.1617959,0
141,144.9527671,105.1617959,0
142,144.9527671,105.1617959,0
143,144.9527671,105.1617959,0
144,144.9527671,105.1617959,0
145,144.9527671,105.1617959,0
146,144.9527671,105.1617959,0
147,144.9527671,105.1617959,0
148,144.9527671,105.1617959,0
149,144.9527671,105.1617959,0
150,144.9527671,105.1617959,0
151,144.9527671,105.1617959,0
152,144.9527671,105.1617959,0
153,144.9527671,105.1617959,0
154,144.9527671,105.1617959,0
155,144.9527671,105.1617959,0
156,144.9527671,105.1617959,0
157,144.9527671,105.1617959,0
158,144.9527671,116.5306387,0
159,144.9527671,116.5306387,0
160,144.9527671,116.5306387,0
161,147.7949782,116.5306387,0
162,147.7949782,116.5306387,0
163,147.7949782,116.5306387,0
164,147.7949782,116.5306387,0
165,147.7949782,116.5306387,0
166,147.7949782,116.5306387,0
167,147.7949782,116.5306387,0
168,147.7949782,116.5306387,0
169,147.7949782,125.0572708,0
170,147.7949782,125.0572708,0
171,147.7949782,125.0572708,0
172,147.7949782,125.0572708,0
173,156.3216115,125.0572708,0
174,156.3216115,127.8994815,0
175,156.3216115,127.8994815,0
176,156.3216115,127.8994815,0
177,156.3216115,127.8994815,0
178,156.3216115,127.8994815,0
179,156.3216115,127.8994815,0
180,156.3216115,127.8994815,0
181,156.3216115,127.8994815,0
182,167.690456,127.8994815,0
183,167.690456,142.110535,0
184,167.690456,142.110535,0
185,181.9015117,142.110535,0
186,181.9015117,142.110535,0
187,181.9015117,142.110535,0
188,181.9015117,142.110535,0
189,181.9015117,142.110535,0
190,181.9015117,142.110535,0
191,181.9015117,142.110535,0
192,181.9015117,142.110535,0
193,181.9015117,142.110535,0
194,181.9015117,142.110535,0
195,181.9015117,142.110535,0
196,181.9015117,142.110535,0
197,181.9015117,142.110535,0
198,181.9015117,142.110535,0
199,181.9015117,156.3215885,0
200,181.9015117,156.3215885,0
201,181.9015117,156.3215885,0
202,181.9015117,156.3215885,0
203,193.2703561,156.3215885,0
204,193.2703561,167.6904313,0
205,193.2703561,167.6904313,0
206,198.9547783,167.6904313,0
207,213.165834,176.2170634,0
208,213.165834,176.2170634,0
209,213.165834,176.2170634,0
210,213.165834,176.2170634,0
211,213.165834,176.2170634,0
212,213.165834,176.2170634,0
213,213.165834,176.2170634,0
214,213.165834,176.2170634,0
215,213.165834,181.9014848,0
216,216.0080451,181.9014848,0
217,216.0080451,181.9014848,0
218,216.0080451,181.9014848,0
219,216.0080451,190.4281169,0
220,216.0080451,190.4281169,0
221,216.0080451,190.4281169,0
222,221.6924673,190.4281169,0
223,221.6924673,190.4281169,0
224,221.6924673,190.4281169,0
225,221.6924673,190.4281169,0
226,235.9035229,190.4281169,0
227,235.9035229,190.4281169,0
228,235.9035229,198.954749,0
229,235.9035229,198.954749,0
230,235.9035229,198.954749,0
231,235.9035229,210.3235918,0
232,235.9035229,210.3235918,0
233,235.9035229,210.3235918,0
234,235.9035229,210.3235918,0
235,235.9035229,210.3235918,0
236,235.9035229,210.3235918,0
237,255.7990008,210.3235918,0
238,255.7990008,210.3235918,0
239,255.7990008,210.3235918,0
240,255.7990008,210.3235918,0
241,255.7990008,210.3235918,0
242,261.4834229,210.3235918,0
243,261.4834229,210.3235918,0
244,261.4834229,210.3235918,0
245,261.4834229,210.3235918,0
246,261.4834229,210.3235918,0
247,261.4834229,210.3235918,0
248,261.4834229,210.3235918,0
249,261.4834229,210.3235918,0
250,261.4834229,210.3235918,0
251,261.4834229,210.3235918,0
252,261.4834229,210.3235918,0
253,261.4834229,210.3235918,0
254,261.4834229,210.3235918,0
255,261.4834229,210.3235918,0
256,261.4834229,210.3235918,0
257,261.4834229,210.3235918,0
258,261.4834229,210.3235918,0
259,261.4834229,210.3235918,0
260,261.4834229,210.3235918,0
261,261.4834229,210.3235918,0
262,261.4834229,221.6924346,0
263,261.4834229,221.6924346,0
264,261.4834229,221.6924346,0
265,261.4834229,221.6924346,0
266,261.4834229,221.6924346,0
267,261.4834229,221.6924346,0
268,261.4834229,221.6924346,0
269,261.4834229,221.6924346,0
270,261.4834229,221.6924346,0
271,261.4834229,221.6924346,0
272,261.4834229,221.6924346,0
273,261.4834229,221.6924346,0
274,261.4834229,221.6924346,0
275,261.4834229,221.6924346,0
276,261.4834229,221.6924346,0
277,261.4834229,221.6924346,0
278,261.4834229,221.6924346,0
279,261.4834229,221.6924346,0
280,261.4834229,221.6924346,0
281,261.4834229,221.6924346,0
282,261.4834229,221.6924346,0
283,261.4834229,221.6924346,0
284,261.4834229,221.6924346,0
285,261.4834229,221.6924346,0
286,261.4834229,221.6924346,0
287,261.4834229,221.6924346,0
288,261.4834229,221.6924346,0
289,261.4834229,221.6924346,0
290,261.483423,221.6924346,0
291,261.483423,221.6924346,0
292,261.483423,221.6924346,0
293,261.483423,221.6924346,0
294,261.483423,221.6924346,0
295,261.483423,221.6924346,0
296,261.483423,221.6924346,0
297,261.483423,221.6924346,0
298,261.483423,221.6924346,0
299,261.483423,221.6924346,0
300,261.483423,221.6924346,0
301,261.483423,221.6924346,0
302,261.483423,221.6924346,0
303,261.483423,221.6924346,0
304,261.483423,221.6924346,0
305,261.483423,221.6924346,0
306,261.483423,221.6924346,0
307,261.483423,221.6924346,0
308,261.483423,221.6924346,0
309,261.483423,221.6924346,0
310,261.483423,221.6924346,0
311,261.483423,221.6924346,0
312,261.483423,218.8502239,0
313,261.483423,218.8502239,0
314,261.483423,218.8502239,0
315,261.483423,218.8502239,0
316,261.483423,218.8502239,0
317,261.483423,218.8502239,0
318,261.483423,218.8502239,0
319,261.483423,218.8502239,0
320,261.483423,218.8502239,0
321,261.483423,218.8502239,0
322,261.483423,218.8502239,0
323,261.483423,218.8502239,0
324,261.483423,218.8502239,0
325,261.483423,218.8502239,0
326,261.483423,218.8502239,0
327,261.483423,218.8502239,0
328,261.483423,218.8502239,0
329,261.483423,218.8502239,0
330,261.483423,218.8502239,0
331,261.483423,218.8502239,0
332,261.483423,218.8502239,0
333,261.483423,218.8502239,0
334,261.483423,216.0080132,0
335,261.483423,216.0080132,0
336,261.483423,216.0080132,0
337,261.483423,216.0080132,0
338,261.483423,216.0080132,0
339,261.483423,216.0080132,0
340,261.483423,216.0080132,0
341,261.483423,216.0080132,0
342,261.483423,216.0080132,0
343,261.483423,216.0080132,0
344,261.483423,216.0080132,0
345,261.483423,216.0080132,0
346,261.483423,216.0080132,0
347,261.483423,216.0080132,0
348,261.483423,216.0080132,0
349,261.483423,216.0080132,0
350,261.483423,216.0080132,0
351,261.483423,216.0080132,0
352,261.483423,216.0080132,0
353,261.483423,216.0080132,0
354,261.483423,216.0080132,0
355,261.483423,216.0080132,0
356,261.483423,216.0080132,0
357,261.483423,216.0080132,0
358,261.483423,216.0080132,0
359,261.483423,216.0080132,0
360,264.3256341,216.0080132,0
361,264.3256341,216.0080132,0
362,264.3256341,216.0080132,0
363,264.3256341,216.0080132,0
364,264.3256341,216.0080132,0
365,264.3256341,216.0080132,0
366,264.3256341,216.0080132,0
367,264.3256341,216.0080132,0
368,264.3256341,216.0080132,0
369,264.3256341,216.0080132,0
370,264.3256341,216.0080132,0
371,264.3256341,216.0080132,0
372,264.3256341,216.0080132,0
373,264.3256341,216.0080132,0
374,264.3256341,216.0080132,0
375,264.3256341,216.0080132,0
376,264.3256341,216.0080132,0
377,264.3256341,216.0080132,0
378,264.3256341,216.0080132,0
379,264.3256341,218.8502239,0
380,264.3256341,218.8502239,0
381,264.3256341,218.8502239,0
382,264.3256341,218.8502239,0
383,264.3256341,218.8502239,0
384,264.3256341,218.8502239,0
385,264.3256341,218.8502239,0
386,264.3256341,218.8502239,0
387,264.3256341,218.8502239,0
388,264.3256341,218.8502239,0
389,264.3256341,218.8502239,0
390,264.3256341,218.8502239,0
391,264.3256341,218.8502239,0
392,264.3256341,218.8502239,0
393,264.3256341,218.8502239,0
394,264.3256341,218.8502239,0
395,264.3256341,218.8502239,0
396,264.3256341,218.8502239,0
397,264.3256341,218.8502239,0
398,264.3256341,218.8502239,0
399,264.3256341,218.8502239,0
400,264.3256341,218.8502239,0
401,264.3256341,218.8502239,0
402,264.3256341,218.8502239,0
403,264.3256341,218.8502239,0
404,264.3256341,218.8502239,0
405,264.3256341,218.8502239,0
406,264.3256341,218.8502239,0
407,264.3256341,218.8502239,0
408,264.3256341,218.8502239,0
409,264.3256341,218.8502239,0
410,252.9567896,218.8502239,0
411,252.9567896,218.8502239,0
412,252.9567896,218.8502239,0
413,252.9567896,218.8502239,0
414,252.9567896,218.8502239,0
415,252.9567896,218.8502239,0
416,252.9567896,218.8502239,0
417,252.9567896,218.8502239,0
418,252.9567896,218.8502239,0
419,252.9567896,218.8502239,0
420,252.9567896,218.8502239,0
421,252.9567896,218.8502239,0
422,252.9567896,218.8502239,0
423,252.9567896,218.8502239,0
424,252.9567896,218.8502239,0
425,252.9567896,218.8502239,0
426,252.9567896,218.8502239,0
427,252.9567896,218.8502239,0
428,252.9567896,218.8502239,0
429,252.9567896,216.0080132,0
430,252.9567896,216.0080132,0
431,252.9567896,210.3235918,0
432,252.9567896,210.3235918,0
433,241.5879451,210.3235918,0
434,241.5879451,210.3235918,0
435,241.5879451,210.3235918,0
436,241.5879451,210.3235918,0
437,241.5879451,210.3235918,0
438,241.5879451,210.3235918,0
439,241.5879451,201.7969597,0
440,241.5879451,201.7969597,0
441,218.8502562,201.7969597,0
442,218.8502562,201.7969597,0
443,218.8502562,201.7969597,0
444,218.8502562,201.7969597,0
445,218.8502562,201.7969597,0
446,218.8502562,196.1125383,0
447,218.8502562,196.1125383,0
448,218.8502562,196.1125383,0
449,218.8502562,196.1125383,0
450,218.8502562,196.1125383,0
451,204.6392006,196.1125383,0
452,204.6392006,190.4281169,0
453,204.6392006,190.4281169,0
454,204.6392006,190.4281169,0
455,204.6392006,187.5859062,0
456,204.6392006,187.5859062,0
457,198.9547783,187.5859062,0
458,198.9547783,181.9014848,0
459,198.9547783,181.9014848,0
460,198.9547783,181.9014848,0
461,181.9015117,181.9014848,0
462,181.9015117,181.9014848,0
463,181.9015117,181.9014848,0
464,181.9015116,181.9014848,0
465,181.9015116,179.0592741,0
466,181.9015116,179.0592741,0
467,179.0593005,179.0592741,0
468,179.0593005,179.0592741,0
469,179.0593005,179.0592741,0
470,179.0593005,179.0592741,0
471,179.0593005,179.0592741,0
472,179.0593005,179.0592741,0
473,179.0593005,179.0592741,0
474,179.0593005,179.0592741,0
475,179.0593005,179.0592741,0
476,179.0593005,179.0592741,0
477,179.0593005,179.0592741,0
478,179.0593005,179.0592741,0
479,179.0593005,179.0592741,0
480,179.0593005,179.0592741,0
481,176.2170894,179.0592741,0
482,176.2170894,179.0592741,0
483,176.2170894,179.0592741,0
484,176.2170894,181.9014848,0
485,176.2170894,181.9014848,0
486,176.2170894,181.9014848,0
487,176.2170894,181.9014848,0
488,176.2170894,181.9014848,0
489,176.2170894,181.9014848,0
490,176.2170894,181.9014848,0
491,176.2170894,181.9014848,0
492,176.2170894,181.9014848,0
493,176.2170894,181.9014848,0
494,176.2170894,181.9014848,0
495,176.2170894,181.9014848,0
496,176.2170894,181.9014848,0
497,176.2170894,184.7436955,0
498,176.2170894,184.7436955,0
499,176.2170894,184.7436955,0
500,176.2170894,184.7436955,0
501,176.2170894,184.7436955,0
502,176.2170894,184.7436955,0
503,176.2170894,184.7436955,0
504,176.2170894,184.7436955,0
505,176.2170894,184.7436955,0
506,176.2170894,184.7436955,0
507,176.2170894,184.7436955,0
508,176.2170894,184.7436955,0
509,176.2170894,184.7436955,0
510,176.2170894,184.7436955,0
511,173.3748783,184.7436955,0
512,173.3748783,184.7436955,0
513,176.2170894,184.7436955,0
514,176.2170894,184.7436955,0
515,176.2170894,184.7436955,0
516,176.2170894,184.7436955,0
517,176.2170894,184.7436955,0
518,176.2170894,184.7436955,0
519,176.2170894,184.7436955,0
520,176.2170894,184.7436955,0
521,176.2170894,184.7436955,0
522,176.2170894,184.7436955,0
523,176.2170894,184.7436955,0
524,176.2170894,184.7436955,0
525,176.2170894,184.7436955,0
526,176.2170894,184.7436955,0
527,176.2170894,184.7436955,0
528,176.2170894,184.7436955,0
529,176.2170894,187.5859062,0
530,176.2170894,187.5859062,0
531,176.2170894,187.5859062,0
532,176.2170894,187.5859062,0
533,176.2170894,187.5859062,0
534,176.2170894,187.5859062,0
535,176.2170894,187.5859062,0
536,176.2170894,187.5859062,0
537,176.2170894,187.5859062,0
538,176.2170894,187.5859062,0
539,176.2170894,187.5859062,0
540,176.2170894,187.5859062,0
541,176.2170894,187.5859062,0
542,176.2170894,187.5859062,0
543,176.2170894,187.5859062,0
544,176.2170894,187.5859062,0
545,176.2170894,190.4281169,0
546,176.2170894,190.4281169,0
547,176.2170894,190.4281169,0
548,176.2170894,190.4281169,0
549,176.2170894,190.4281169,0
550,176.2170894,190.4281169,0
551,176.2170894,190.4281169,0
552,176.2170894,190.4281169,0
553,176.2170894,190.4281169,0
554,176.2170894,190.4281169,0
555,176.2170894,190.4281169,0
556,176.2170894,190.4281169,0
557,176.2170894,193.2703276,0
558,176.2170894,193.2703276,0
559,176.2170894,193.2703276,0
560,176.2170894,193.2703276,0
561,176.2170894,193.2703276,0
562,176.2170894,193.2703276,0
563,173.3748783,193.2703276,0
564,173.3748783,193.2703276,0
565,173.3748783,196.1125383,0
566,173.3748783,196.1125383,0
567,173.3748783,196.1125383,0
568,173.3748783,196.1125383,0
569,173.3748783,196.1125383,0
570,173.3748783,196.1125383,0
571,173.3748783,196.1125383,0
572,173.3748783,196.1125383,0
573,173.3748783,196.1125383,0
574,173.3748783,196.1125383,0
575,173.3748783,196.1125383,0
576,173.3748783,196.1125383,0
577,173.3748783,196.1125383,0
578,173.3748783,196.1125383,0
579,173.3748783,196.1125383,0
580,173.3748783,196.1125383,0
581,173.3748783,196.1125383,0
582,173.3748783,196.1125383,0
583,173.3748783,196.1125383,0
584,173.3748783,196.1125383,0
585,173.3748783,196.1125383,0
586,173.3748783,196.1125383,0
587,173.3748783,196.1125383,0
588,173.3748783,196.1125383,0
589,173.3748783,196.1125383,0
590,173.3748783,196.1125383,0
591,173.3748783,196.1125383,0
592,173.3748783,196.1125383,0
593,173.3748783,196.1125383,0
594,173.3748783,196.1125383,0
595,173.3748783,196.1125383,0
596,173.3748783,196.1125383,0
597,173.3748783,196.1125383,0
598,173.3748783,196.1125383,0
599,173.3748783,196.1125383,0
600,173.3748783,196.1125383,0
601,173.3748783,196.1125383,0
602,173.3748783,196.1125383,0
603,173.3748783,196.1125383,0
604,173.3748783,196.1125383,0
605,173.3748783,196.1125383,0
606,173.3748783,196.1125383,0
607,173.3748783,196.1125383,0
608,173.3748783,196.1125383,0
609,173.3748783,196.1125383,0
610,173.3748783,196.1125383,0
611,173.3748783,196.1125383,0
612,173.3748783,196.1125383,0
613,173.3748783,207.4813811,0
614,173.3748783,207.4813811,0
615,173.3748783,207.4813811,0
616,173.3748783,207.4813811,0
617,173.3748783,207.4813811,0
618,173.3748783,207.4813811,0
619,173.3748783,207.4813811,0
620,173.3748783,207.4813811,0
621,173.3748783,207.4813811,0
622,173.3748783,207.4813811,0
623,173.3748783,207.4813811,0
624,173.3748783,207.4813811,0
625,173.3748783,207.4813811,0
626,173.3748783,207.4813811,0
627,173.3748783,207.4813811,0
628,173.3748783,207.4813811,0
629,173.3748783,207.4813811,0
630,173.3748783,207.4813811,0
631,173.3748783,207.4813811,0
632,173.3748783,207.4813811,0
633,173.3748783,207.4813811,0
634,173.3748783,207.4813811,0
635,173.3748783,207.4813811,0
636,173.3748783,207.4813811,0
637,173.3748783,207.4813811,0
638,170.5326672,207.4813811,0
639,170.5326672,207.4813811,0
640,170.5326672,207.4813811,0
641,170.5326672,207.4813811,0
642,170.5326672,207.4813811,0
643,170.5326672,207.4813811,0
644,170.5326672,207.4813811,0
645,170.5326672,207.4813811,0
646,170.5326672,207.4813811,0
647,170.5326672,207.4813811,0
648,170.5326672,207.4813811,0
649,170.5326672,207.4813811,0
650,170.5326672,207.4813811,0
651,170.5326672,207.4813811,0
652,173.3748783,207.4813811,0
653,173.3748783,207.4813811,0
654,173.3748783,207.4813811,0
655,173.3748783,207.4813811,0
656,173.3748783,207.4813811,0
657,173.3748783,207.4813811,0
658,173.3748783,207.4813811,0
659,173.3748783,207.4813811,0
660,173.3748783,207.4813811,0
661,173.3748783,207.4813811,0
662,173.3748783,207.4813811,0
663,173.3748783,207.4813811,0
664,173.3748783,207.4813811,0
665,173.3748783,207.4813811,0
666,173.3748783,207.4813811,0
667,173.3748783,207.4813811,0
668,173.3748783,207.4813811,0
669,173.3748783,207.4813811,0
670,173.3748783,207.4813811,0
671,173.3748783,207.4813811,0
672,173.3748783,207.4813811,0
673,173.3748783,207.4813811,0
674,173.3748783,207.4813811,0
675,173.3748783,207.4813811,0
676,173.3748783,207.4813811,0
677,173.3748783,207.4813811,0
678,173.3748783,207.4813811,0
679,173.3748783,207.4813811,0
680,173.3748783,207.4813811,0
681,190.428145,207.4813811,0
682,190.428145,207.4813811,0
683,190.428145,207.4813811,0
684,190.428145,207.4813811,0
685,190.428145,207.4813811,0
686,190.428145,213.1658025,0
687,190.428145,213.1658025,0
688,190.428145,213.1658025,0
689,190.428145,213.1658025,0
690,190.428145,213.1658025,0
691,190.428145,213.1658025,0
692,190.428145,213.1658025,0
693,190.428145,213.1658025,0
694,190.428145,213.1658025,0
695,190.428145,213.1658025,0
696,190.428145,213.1658025,0
697,190.428145,227.376856,0
698,190.428145,227.376856,0
699,190.428145,227.376856,0
700,190.428145,227.376856,0
701,190.428145,227.376856,0
702,190.428145,227.376856,0
703,190.428145,227.376856,0
704,190.428145,227.376856,0
705,190.428145,227.376856,0
706,190.428145,227.376856,0
707,190.428145,227.376856,0
708,190.428145,227.376856,0
709,190.428145,227.376856,0
710,190.428145,227.376856,0
711,190.428145,227.376856,0
712,190.428145,227.376856,0
713,190.428145,227.376856,0
714,190.428145,227.376856,0
715,190.428145,227.376856,0
716,190.428145,227.376856,0
717,190.428145,227.376856,0
718,190.428145,227.376856,0
719,190.428145,227.376856,0
720,190.428145,227.376856,0
721,190.428145,227.376856,0
722,190.428145,227.376856,0
723,190.428145,227.376856,0
724,190.428145,227.376856,0
725,190.428145,227.376856,0
726,190.428145,227.376856,0
727,190.428145,227.376856,0
728,190.428145,227.376856,0
729,190.428145,227.376856,0
730,190.428145,227.376856,0
731,190.428145,227.376856,0
732,190.428145,227.376856,0
733,190.428145,227.376856,0
734,190.428145,227.376856,0
735,190.428145,227.376856,0
736,190.428145,227.376856,0
737,190.428145,227.376856,0
738,187.5859339,227.376856,0
739,187.5859339,227.376856,0
740,187.5859339,227.376856,0
741,184.7437228,227.376856,0
742,184.7437228,227.376856,0
743,184.7437228,227.376856,0
744,184.7437228,227.376856,0
745,184.7437228,227.376856,0
746,184.7437228,227.376856,0
747,184.7437227,221.6924346,0
748,184.7437227,221.6924346,0
749,184.7437227,221.6924346,0
750,184.7437227,221.6924346,0
751,184.7437227,221.6924346,0
752,184.7437227,221.6924346,0
753,184.7437227,221.6924346,0
754,184.7437227,218.8502239,0
755,184.7437227,218.8502239,0
756,184.7437227,218.8502239,0
757,184.7437227,218.8502239,0
758,184.7437227,218.8502239,0
759,179.0593005,218.8502239,0
760,179.0593005,218.8502239,0
761,179.0593005,218.8502239,0
762,179.0593005,218.8502239,0
763,179.0593005,218.8502239,0
764,179.0593005,218.8502239,0
765,176.2170894,218.8502239,0
766,176.2170894,218.8502239,0
767,176.2170894,218.8502239,0
768,176.2170894,218.8502239,0
769,176.2170894,218.8502239,0
770,176.2170894,218.8502239,0
771,176.2170894,218.8502239,0
772,176.2170894,218.8502239,0
773,176.2170894,218.8502239,0
774,176.2170894,218.8502239,0
775,176.2170894,218.8502239,0
776,176.2170894,218.8502239,0
777,176.2170894,218.8502239,0
778,176.2170894,218.8502239,0
779,176.2170894,218.8502239,0
780,176.2170894,218.8502239,0
781,176.2170894,218.8502239,0
782,176.2170894,218.8502239,0
783,176.2170894,218.8502239,0
784,176.2170894,218.8502239,0
785,176.2170894,218.8502239,0
786,176.2170894,218.8502239,0
787,176.2170894,218.8502239,0
788,176.2170894,218.8502239,0
789,176.2170894,218.8502239,0
790,176.2170894,218.8502239,0
791,176.2170894,216.0080132,0
792,176.2170894,216.0080132,0
793,176.2170894,216.0080132,0
794,176.2170894,216.0080132,0
795,176.2170894,216.0080132,0
796,176.2170894,216.0080132,0
797,176.2170894,216.0080132,0
798,176.2170894,216.0080132,0
799,176.2170894,216.0080132,0
800,173.3748783,216.0080132,0
801,173.3748783,216.0080132,0
802,173.3748783,216.0080132,0
803,173.3748783,216.0080132,0
804,173.3748783,216.0080132,0
805,173.3748783,216.0080132,0
806,173.3748783,216.0080132,0
807,173.3748783,216.0080132,0
808,173.3748783,216.0080132,0
809,173.3748783,216.0080132,0
810,173.3748783,216.0080132,0
811,173.3748783,216.0080132,0
812,173.3748783,216.0080132,0
813,173.3748783,216.0080132,0
814,173.3748783,216.0080132,0
815,173.3748783,216.0080132,0
816,173.3748783,216.0080132,0
817,173.3748783,216.0080132,0
818,173.3748783,216.0080132,0
819,173.3748783,216.0080132,0
820,173.3748783,216.0080132,0
821,173.3748783,216.0080132,0
822,173.3748783,216.0080132,0
823,173.3748783,216.0080132,0
824,173.3748783,216.0080132,0
825,173.3748783,216.0080132,0
826,173.3748783,216.0080132,0
827,173.3748783,216.0080132,0
828,173.3748783,216.0080132,0
829,173.3748783,216.0080132,0
830,173.3748783,216.0080132,0
831,173.3748783,216.0080132,0
832,173.3748783,216.0080132,0
833,173.3748783,216.0080132,0
834,173.3748783,216.0080132,0
835,173.3748783,216.0080132,0
836,173.3748783,216.0080132,0
837,173.3748783,216.0080132,0
838,173.3748783,216.0080132,0
839,173.3748783,216.0080132,0
840,173.3748783,216.0080132,0
841,173.3748783,216.0080132,0
842,173.3748783,216.0080132,0
843,167.690456,216.0080132,0
844,167.690456,216.0080132,0
845,167.690456,216.0080132,0
846,167.690456,216.0080132,0
847,167.690456,216.0080132,0
848,167.690456,216.0080132,0
849,167.690456,216.0080132,0
850,167.690456,216.0080132,0
851,167.690456,216.0080132,0
852,167.690456,216.0080132,0
853,167.690456,216.0080132,0
854,167.690456,216.0080132,0
855,167.690456,216.0080132,0
856,167.690456,216.0080132,0
857,167.690456,216.0080132,0
858,167.690456,216.0080132,0
859,167.690456,216.0080132,0
860,167.690456,216.0080132,0
861,167.690456,216.0080132,0
862,167.690456,216.0080132,0
863,167.690456,216.0080132,0
864,167.690456,216.0080132,0
865,167.690456,216.0080132,0
866,167.690456,216.0080132,0
867,167.690456,216.0080132,0
868,167.690456,216.0080132,0
869,167.690456,216.0080132,0
870,167.690456,216.0080132,0
871,167.690456,216.0080132,0
872,167.690456,216.0080132,0
873,167.690456,216.0080132,0
874,167.690456,216.0080132,0
875,167.690456,216.0080132,0
876,167.690456,216.0080132,0
877,167.690456,216.0080132,0
878,167.690456,216.0080132,0
879,167.690456,216.0080132,0
880,167.690456,213.1658025,0
881,167.690456,213.1658025,0
882,167.690456,213.1658025,0
883,167.690456,213.1658025,0
884,167.690456,213.1658025,0
885,167.690456,213.1658025,0
886,167.690456,213.1658025,0
887,167.690456,213.1658025,0
888,167.690456,213.1658025,0
889,167.690456,213.1658025,0
890,167.690456,213.1658025,0
891,167.690456,213.1658025,0
892,167.690456,213.1658025,0
893,167.690456,213.1658025,0
894,167.690456,213.1658025,0
895,167.690456,213.1658025,0
896,167.690456,213.1658025,0
897,167.690456,213.1658025,0
898,167.690456,216.0080132,0
899,167.690456,216.0080132,0
900,167.690456,216.0080132,0
901,167.690456,216.0080132,0
902,167.690456,216.0080132,0
903,167.690456,216.0080132,0
904,167.690456,216.0080132,0
905,167.690456,216.0080132,0
906,167.690456,216.0080132,0
907,167.690456,216.0080132,0
908,167.690456,216.0080132,0
909,167.690456,216.0080132,0
910,167.690456,216.0080132,0
911,167.690456,216.0080132,0
912,167.690456,216.0080132,0
913,167.690456,216.0080132,0
914,167.690456,216.0080132,0
915,167.690456,216.0080132,0
916,167.690456,216.0080132,0
917,167.690456,216.0080132,0
918,167.690456,216.0080132,0
919,167.690456,216.0080132,0
920,167.690456,216.0080132,0
921,167.690456,216.0080132,0
922,167.690456,216.0080132,0
923,167.690456,216.0080132,0
924,167.690456,216.0080132,0
925,167.690456,216.0080132,0
926,167.690456,216.0080132,0
927,167.690456,216.0080132,0
928,167.690456,216.0080132,0
929,167.690456,216.0080132,0
930,167.690456,216.0080132,0
931,167.690456,216.0080132,0
932,167.690456,216.0080132,0
933,167.690456,216.0080132,0
934,167.690456,216.0080132,0
935,167.690456,216.0080132,0
936,167.690456,216.0080132,0
937,167.690456,216.0080132,0
938,167.690456,216.0080132,0
939,167.690456,216.0080132,0
940,167.690456,216.0080132,0
941,167.690456,216.0080132,0
942,167.690456,216.0080132,0
943,167.690456,216.0080132,0
944,167.690456,216.0080132,0
945,167.690456,216.0080132,0
946,167.690456,216.0080132,0
947,167.690456,216.0080132,0
948,167.690456,216.0080132,0
949,167.690456,216.0080132,0
950,167.690456,216.0080132,0
951,167.690456,216.0080132,0
952,167.690456,216.0080132,0
953,167.690456,216.0080132,0
954,167.690456,216.0080132,0
955,167.690456,216.0080132,0
956,167.690456,216.0080132,0
957,167.690456,216.0080132,0
958,167.690456,216.0080132,0
959,167.690456,216.0080132,0
960,162.0060338,216.0080132,0
961,162.0060338,216.0080132,0
962,162.0060338,216.0080132,0
963,162.0060338,216.0080132,0
964,162.0060338,216.0080132,0
965,162.0060338,216.0080132,0
966,162.0060338,216.0080132,0
967,162.0060338,216.0080132,0
968,164.8482449,216.0080132,0
969,164.8482449,216.0080132,0
970,164.8482449,216.0080132,0
971,164.8482449,216.0080132,0
972,164.8482449,216.0080132,0
973,164.8482449,216.0080132,0
974,164.8482449,216.0080132,0
975,164.8482449,216.0080132,0
976,164.8482449,216.0080132,0
977,164.8482449,216.0080132,0
978,164.8482449,216.0080132,0
979,164.8482449,216.0080132,0
980,164.8482449,216.0080132,0
981,164.8482449,216.0080132,0
982,164.8482449,216.0080132,0
983,164.8482449,216.0080132,0
984,164.8482449,216.0080132,0
985,164.8482449,216.0080132,0
986,164.8482449,216.0080132,0
987,164.8482449,216.0080132,0
988,164.8482449,216.0080132,0
989,164.8482449,216.0080132,0
990,164.8482449,216.0080132,0
991,164.8482449,216.0080132,0
992,164.8482449,216.0080132,0
993,164.8482449,216.0080132,0
994,164.8482449,216.0080132,0
995,164.8482449,216.0080132,0
996,164.8482449,216.0080132,0
997,164.8482449,216.0080132,0
998,164.8482449,216.0080132,0
999,164.8482449,216.0080132,0
1000,164.8482449,216.0080132,0
1001,164.8482449,216.0080132,0
1002,164.8482449,216.0080132,0
1003,164.8482449,216.0080132,0
1004,164.8482449,216.0080132,0
1005,164.8482449,216.0080132,0
1006,164.8482449,216.0080132,0
1007,164.8482449,216.0080132,0
1008,164.8482449,216.0080132,0
1009,164.8482449,216.0080132,0
1010,164.8482449,216.0080132,0
1011,164.8482449,216.0080132,0
1012,164.8482449,216.0080132,0
1013,164.8482449,216.0080132,0
1014,164.8482449,216.0080132,0
1015,164.8482449,216.0080132,0
1016,164.8482449,216.0080132,0
1017,164.8482449,216.0080132,0
1018,162.0060338,216.0080132,0
1019,162.0060338,216.0080132,0
1020,162.0060338,213.1658025,0
1021,162.0060338,213.1658025,0
1022,162.0060338,216.0080132,0
1023,162.0060338,216.0080132,0
1024,162.0060338,216.0080132,0
1025,162.0060338,216.0080132,0
1026,162.0060338,216.0080132,0
1027,162.0060338,216.0080132,0
1028,162.0060338,216.0080132,0
1029,162.0060338,216.0080132,0
1030,162.0060338,216.0080132,0
1031,162.0060338,216.0080132,0
1032,162.0060338,216.0080132,0
1033,162.0060338,216.0080132,0
1034,162.0060338,216.0080132,0
1035,162.0060338,216.0080132,0
1036,162.0060338,216.0080132,0
1037,162.0060338,216.0080132,0
1038,162.0060338,216.0080132,0
1039,162.0060338,216.0080132,0
1040,162.0060338,216.0080132,0
1041,162.0060338,216.0080132,0
1042,162.0060338,216.0080132,0
1043,162.0060338,216.0080132,0
1044,162.0060338,216.0080132,0
1045,162.0060338,216.0080132,0
1046,162.0060338,216.0080132,0
1047,162.0060338,216.0080132,0
1048,159.1638227,216.0080132,0
1049,159.1638227,216.0080132,0
1050,159.1638227,216.0080132,0
1051,159.1638227,216.0080132,0
1052,159.1638227,216.0080132,0
1053,159.1638227,216.0080132,0
1054,159.1638227,216.0080132,0
1055,159.1638227,216.0080132,0
1056,159.1638227,216.0080132,0
1057,159.1638227,216.0080132,0
1058,159.1638227,216.0080132,0
1059,159.1638227,216.0080132,0
1060,159.1638227,216.0080132,0
1061,159.1638227,216.0080132,0
1062,159.1638227,216.0080132,0
1063,159.1638227,216.0080132,0
1064,159.1638227,216.0080132,0
1065,159.1638227,216.0080132,0
1066,159.1638227,216.0080132,0
1067,159.1638227,216.0080132,0
1068,159.1638227,216.0080132,0
1069,159.1638227,216.0080132,0
1070,159.1638227,216.0080132,0
1071,159.1638227,216.0080132,0
1072,159.1638227,216.0080132,0
1073,159.1638227,216.0080132,0
1074,159.1638227,216.0080132,0
1075,159.1638227,216.0080132,0
1076,159.1638227,216.0080132,0
1077,159.1638227,216.0080132,0
1078,159.1638227,216.0080132,0
1079,159.1638227,216.0080132,0
1080,159.1638227,216.0080132,0
1081,159.1638227,216.0080132,0
1082,159.1638227,216.0080132,0
1083,159.1638227,216.0080132,0
1084,159.1638227,216.0080132,0
1085,159.1638227,216.0080132,0
1086,159.1638227,216.0080132,0
1087,159.1638227,216.0080132,0
1088,159.1638227,216.0080132,0
1089,159.1638227,216.0080132,0
1090,159.1638227,216.0080132,0
1091,159.1638227,216.0080132,0
1092,159.1638227,216.0080132,0
1093,159.1638227,216.0080132,0
1094,159.1638227,216.0080132,0
1095,159.1638227,216.0080132,0
1096,159.1638227,216.0080132,0
1097,159.1638227,216.0080132,0
1098,159.1638227,216.0080132,0
1099,159.1638227,216.0080132,0
1100,159.1638227,213.1658025,0
1101,159.1638227,213.1658025,0
1102,159.1638227,213.1658025,0
1103,159.1638227,213.1658025,0
1104,159.1638227,213.1658025,0
1105,159.1638227,213.1658025,0
1106,159.1638227,213.1658025,0
1107,153.4794004,213.1658025,0
1108,153.4794005,213.1658025,0
1109,153.4794005,213.1658025,0
1110,153.4794005,213.1658025,0
1111,153.4794005,213.1658025,0
1112,153.4794005,213.1658025,0
1113,153.4794005,213.1658025,0
1114,153.4794005,213.1658025,0
1115,153.4794005,213.1658025,0
1116,153.4794005,213.1658025,0
1117,153.4794005,213.1658025,0
1118,153.4794005,213.1658025,0
1119,153.4794005,213.1658025,0
1120,153.4794005,213.1658025,0
1121,153.4794005,213.1658025,0
1122,153.4794005,213.1658025,0
1123,153.4794005,213.1658025,0
1124,153.4794005,213.1658025,0
1125,153.4794005,213.1658025,0
1126,153.4794005,213.1658025,0
1127,156.3216115,213.1658025,0
1128,156.3216115,213.1658025,0
1129,156.3216115,213.1658025,0
1130,156.3216115,213.1658025,0
1131,156.3216115,213.1658025,0
1132,156.3216115,213.1658025,0
1133,156.3216115,213.1658025,0
1134,156.3216115,213.1658025,0
1135,156.3216115,213.1658025,0
1136,156.3216115,213.1658025,0
1137,156.3216115,213.1658025,0
1138,156.3216115,213.1658025,0
1139,156.3216115,213.1658025,0
1140,156.3216115,213.1658025,0
1141,156.3216115,213.1658025,0
1142,156.3216115,213.1658025,0
1143,156.3216115,213.1658025,0
1144,156.3216115,213.1658025,0
1145,156.3216115,213.1658025,0
1146,156.3216115,213.1658025,0
1147,156.3216115,213.1658025,0
1148,156.3216115,213.1658025,0
1149,156.3216115,213.1658025,0
1150,156.3216115,213.1658025,0
1151,156.3216115,213.1658025,0
1152,156.3216115,213.1658025,0
1153,156.3216115,213.1658025,0
1154,156.3216115,213.1658025,0
1155,156.3216115,213.1658025,0
1156,156.3216115,213.1658025,0
1157,156.3216115,213.1658025,0
1158,156.3216115,213.1658025,0
1159,156.3216115,213.1658025,0
1160,156.3216115,213.1658025,0
1161,156.3216115,213.1658025,0
1162,156.3216115,213.1658025,0
1163,156.3216115,213.1658025,0
1164,156.3216115,213.1658025,0
1165,156.3216115,213.1658025,0
1166,156.3216115,213.1658025,0
1167,156.3216115,213.1658025,0
1168,156.3216115,213.1658025,0
1169,156.3216115,213.1658025,0
1170,156.3216115,213.1658025,0
1171,156.3216115,213.1658025,0
1172,156.3216115,213.1658025,0
1173,156.3216115,213.1658025,0
1174,156.3216115,213.1658025,0
1175,156.3216115,213.1658025,0
1176,156.3216115,213.1658025,0
1177,153.4794004,213.1658025,0
1178,153.4794004,213.1658025,0
1179,153.4794004,213.1658025,0
1180,153.4794004,213.1658025,0
1181,153.4794004,213.1658025,0
1182,153.4794004,213.1658025,0
1183,153.4794004,213.1658025,0
1184,153.4794004,213.1658025,0
1185,153.4794004,213.1658025,0
1186,153.4794004,213.1658025,0
1187,153.4794004,213.1658025,0
1188,153.4794004,213.1658025,0
1189,153.4794004,213.1658025,0
1190,153.4794004,213.1658025,0
1191,153.4794004,213.1658025,0
1192,153.4794004,213.1658025,0
1193,153.4794004,213.1658025,0
1194,153.4794004,213.1658025,0
1195,153.4794004,213.1658025,0
1196,153.4794004,213.1658025,0
1197,153.4794004,213.1658025,0
1198,153.4794004,213.1658025,0
1199,153.4794004,213.1658025,0
1200,153.4794004,213.1658025,0
1201,153.4794004,213.1658025,0
1202,153.4794004,213.1658025,0
1203,153.4794004,213.1658025,0
1204,153.4794004,213.1658025,0
1205,153.4794004,213.1658025,0
1206,153.4794004,213.1658025,0
1207,153.4794004,213.1658025,0
1208,153.4794004,213.1658025,0
1209,153.4794004,213.1658025,0
1210,153.4794004,213.1658025,0
1211,153.4794004,213.1658025,0
1212,153.4794004,213.1658025,0
1213,153.4794004,213.1658025,0
1214,153.4794004,213.1658025,0
1215,153.4794004,213.1658025,0
1216,153.4794004,213.1658025,0
1217,153.4794004,213.1658025,0
1218,153.4794004,213.1658025,0
1219,153.4794004,213.1658025,0
1220,153.4794004,213.1658025,0
1221,153.4794004,213.1658025,0
1222,153.4794004,213.1658025,0
1223,153.4794004,213.1658025,0
1224,153.4794004,213.1658025,0
1225,153.4794004,213.1658025,0
1226,153.4794004,213.1658025,0
1227,153.4794004,213.1658025,0
1228,153.4794004,213.1658025,0
1229,150.6371893,213.1658025,0
1230,150.6371893,213.1658025,0
1231,150.6371893,213.1658025,0
1232,150.6371893,213.1658025,0
1233,150.6371893,213.1658025,0
1234,150.6371893,213.1658025,0
1235,150.6371893,213.1658025,0
1236,150.6371893,213.1658025,0
1237,150.6371893,213.1658025,0
1238,150.6371893,213.1658025,0
1239,150.6371893,213.1658025,0
1240,150.6371893,213.1658025,0
1241,150.6371893,213.1658025,0
1242,150.6371893,213.1658025,0
1243,150.6371893,213.1658025,0
1244,150.6371893,213.1658025,0
1245,150.6371893,213.1658025,0
1246,150.6371893,213.1658025,0
1247,150.6371893,213.1658025,0
1248,150.6371893,213.1658025,0
1249,150.6371893,213.1658025,0
1250,150.6371893,213.1658025,0
1251,150.6371893,213.1658025,0
1252,150.6371893,213.1658025,0
1253,150.6371893,213.1658025,0
1254,150.6371893,213.1658025,0
1255,150.6371893,213.1658025,0
1256,150.6371893,213.1658025,0
1257,150.6371893,213.1658025,0
1258,150.6371893,213.1658025,0
1259,150.6371893,213.1658025,0
1260,150.6371893,213.1658025,0
1261,150.6371893,213.1658025,0
1262,150.6371893,213.1658025,0
1263,150.6371893,213.1658025,0
1264,150.6371893,213.1658025,0
1265,150.6371893,213.1658025,0
1266,150.6371893,213.1658025,0
1267,150.6371893,213.1658025,0
1268,150.6371893,213.1658025,0
1269,150.6371893,213.1658025,0
1270,150.6371893,213.1658025,0
1271,150.6371893,213.1658025,0
1272,150.6371893,213.1658025,0
1273,150.6371893,213.1658025,0
1274,150.6371893,213.1658025,0
1275,150.6371893,213.1658025,0
1276,150.6371893,213.1658025,0
1277,150.6371893,213.1658025,0
1278,150.6371893,213.1658025,0
1279,150.6371893,213.1658025,0
1280,150.6371893,213.1658025,0
1281,150.6371893,213.1658025,0
1282,150.6371893,213.1658025,0
1283,150.6371893,213.1658025,0
1284,150.6371893,213.1658025,0
1285,150.6371893,213.1658025,0
1286,150.6371893,213.1658025,0
1287,150.6371893,213.1658025,0
1288,150.6371893,213.1658025,0
1289,150.6371893,213.1658025,0
1290,150.6371893,213.1658025,0
1291,150.6371893,213.1658025,0
1292,150.6371893,213.1658025,0
1293,150.6371893,213.1658025,0
1294,150.6371893,213.1658025,0
1295,150.6371893,213.1658025,0
1296,150.6371893,213.1658025,0
1297,150.6371893,213.1658025,0
1298,150.6371893,213.1658025,0
1299,150.6371893,213.1658025,0
1300,150.6371893,213.1658025,0
1301,150.6371893,213.1658025,0
1302,150.6371893,213.1658025,0
1303,150.6371893,213.1658025,0
1304,150.6371893,213.1658025,0
1305,150.6371893,210.3235918,0
1306,150.6371893,210.3235918,0
1307,150.6371893,210.3235918,0
1308,150.6371893,210.3235918,0
1309,150.6371893,210.3235918,0
1310,150.6371893,210.3235918,0
1311,150.6371893,210.3235918,0
1312,150.6371893,213.1658025,0
1313,147.7949782,213.1658025,0
1314,147.7949782,213.1658025,0
1315,147.7949782,213.1658025,0
1316,147.7949782,213.1658025,0
1317,147.7949782,213.1658025,0
1318,147.7949782,213.1658025,0
1319,147.7949782,213.1658025,0
1320,147.7949782,213.1658025,0
1321,147.7949782,213.1658025,0
1322,147.7949782,213.1658025,0
1323,147.7949782,213.1658025,0
1324,147.7949782,213.1658025,0
1325,147.7949782,213.1658025,0
1326,147.7949782,213.1658025,0
1327,147.7949782,213.1658025,0
1328,147.7949782,213.1658025,0
1329,147.7949782,213.1658025,0
1330,147.7949782,213.1658025,0
1331,147.7949782,213.1658025,0
1332,147.7949782,213.1658025,0
1333,147.7949782,213.1658025,0
1334,147.7949782,213.1658025,0
1335,147.7949782,213.1658025,0
1336,147.7949782,213.1658025,0
1337,147.7949782,213.1658025,0
1338,147.7949782,213.1658025,0
1339,147.7949782,213.1658025,0
1340,147.7949782,213.1658025,0
1341,147.7949782,213.1658025,0
1342,147.7949782,213.1658025,0
1343,147.7949782,213.1658025,0
1344,147.7949782,213.1658025,0
1345,147.7949782,213.1658025,0
1346,147.7949782,213.1658025,0
1347,147.7949782,213.1658025,0
1348,147.7949782,213.1658025,0
1349,147.7949782,213.1658025,0
1350,147.7949782,213.1658025,0
1351,147.7949782,213.1658025,0
1352,147.7949782,213.1658025,0
1353,147.7949782,213.1658025,0
1354,147.7949782,213.1658025,0
1355,147.7949782,213.1658025,0
1356,147.7949782,213.1658025,0
1357,147.7949782,213.1658025,0
1358,147.7949782,213.1658025,0
1359,147.7949782,213.1658025,0
1360,147.7949782,213.1658025,0
1361,147.7949782,213.1658025,0
1362,147.7949782,213.1658025,0
1363,147.7949782,213.1658025,0
1364,147.7949782,213.1658025,0
1365,147.7949782,213.1658025,0
1366,147.7949782,213.1658025,0
1367,147.7949782,213.1658025,0
1368,147.7949782,213.1658025,0
1369,147.7949782,213.1658025,0
1370,147.7949782,213.1658025,0
1371,147.7949782,213.1658025,0
1372,147.7949782,213.1658025,0
1373,147.7949782,213.1658025,0
1374,147.7949782,213.1658025,0
1375,147.7949782,213.1658025,0
1376,147.7949782,213.1658025,0
1377,147.7949782,213.1658025,0
1378,147.7949782,213.1658025,0
1379,147.7949782,213.1658025,0
1380,147.7949782,213.1658025,0
1381,147.7949782,213.1658025,0
1382,147.7949782,213.1658025,0
1383,147.7949782,216.0080132,0
1384,147.7949782,216.0080132,0
1385,147.7949782,216.0080132,0
1386,147.7949782,216.0080132,0
1387,147.7949782,216.0080132,0
1388,147.7949782,216.0080132,0
1389,147.7949782,216.0080132,0
1390,147.7949782,216.0080132,0
1391,147.7949782,216.0080132,0
1392,147.7949782,216.0080132,0
1393,147.7949782,216.0080132,0
1394,147.7949782,216.0080132,0
1395,147.7949782,216.0080132,0
1396,147.7949782,216.0080132,0
1397,147.7949782,216.0080132,0
1398,147.7949782,216.0080132,0
1399,147.7949782,216.0080132,0
1400,147.7949782,216.0080132,0
1401,147.7949782,216.0080132,0
1402,147.7949782,216.0080132,0
1403,150.6371894,216.0080132,0
1404,150.6371894,216.0080132,0
1405,150.6371894,216.0080132,0
1406,150.6371894,216.0080132,0
1407,150.6371894,216.0080132,0
1408,150.6371894,216.0080132,0
1409,150.6371894,216.0080132,0
1410,150.6371894,216.0080132,0
1411,150.6371894,216.0080132,0
1412,150.6371894,216.0080132,0
1413,150.6371894,216.0080132,0
1414,150.6371894,216.0080132,0
1415,150.6371894,216.0080132,0
1416,150.6371894,216.0080132,0
1417,150.6371894,216.0080132,0
1418,150.6371894,216.0080132,0
1419,150.6371894,216.0080132,0
1420,150.6371894,216.0080132,0
1421,150.6371894,216.0080132,0
1422,150.6371894,216.0080132,0
1423,150.6371894,216.0080132,0
1424,150.6371894,216.0080132,0
1425,150.6371894,216.0080132,0
1426,150.6371894,216.0080132,0
1427,150.6371894,216.0080132,0
1428,150.6371894,216.0080132,0
1429,150.6371894,216.0080132,0
1430,150.6371894,216.0080132,0
1431,150.6371894,216.0080132,0
1432,150.6371894,216.0080132,0
1433,150.6371894,210.3235918,0
1434,150.6371894,210.3235918,0
1435,150.6371894,210.3235918,0
1436,150.6371894,210.3235918,0
1437,150.6371894,210.3235918,0
1438,150.6371894,210.3235918,0
1439,150.6371894,210.3235918,0
1440,150.6371894,210.3235918,0
1441,150.6371894,210.3235918,0
1442,150.6371894,210.3235918,0
1443,150.6371894,210.3235918,0
1444,150.6371894,210.3235918,0
1445,150.6371894,207.4813811,0
1446,150.6371894,207.4813811,0
1447,150.6371894,207.4813811,0
1448,150.6371894,207.4813811,0
1449,150.6371894,207.4813811,0
1450,150.6371894,210.3235918,0
1451,150.6371894,210.3235918,0
1452,150.6371894,210.3235918,0
1453,147.7949782,210.3235918,0
1454,147.7949782,210.3235918,0
1455,147.7949782,210.3235918,0
1456,147.7949782,210.3235918,0
1457,147.7949782,210.3235918,0
1458,147.7949782,210.3235918,0
1459,147.7949782,210.3235918,0
1460,147.7949782,210.3235918,0
1461,147.7949782,210.3235918,0
1462,147.7949782,210.3235918,0
1463,147.7949782,213.1658025,0
1464,147.7949782,213.1658025,0
1465,147.7949782,213.1658025,0
1466,147.7949782,213.1658025,0
1467,147.7949782,213.1658025,0
1468,147.7949782,213.1658025,0
1469,147.7949782,213.1658025,0
1470,147.7949782,213.1658025,0
1471,147.7949782,213.1658025,0
1472,147.7949782,213.1658025,0
1473,147.7949782,213.1658025,0
1474,147.7949782,213.1658025,0
1475,147.7949782,213.1658025,0
1476,147.7949782,213.1658025,0
1477,147.7949782,213.1658025,0
1478,147.7949782,213.1658025,0
1479,147.7949782,213.1658025,0
1480,147.7949782,213.1658025,0
1481,147.7949782,213.1658025,0
1482,147.7949782,213.1658025,0
1483,147.7949782,213.1658025,0
1484,147.7949782,213.1658025,0
1485,147.7949782,213.1658025,0
1486,147.7949782,213.1658025,0
1487,147.7949782,213.1658025,0
1488,144.9527671,213.1658025,0
1489,144.9527671,213.1658025,0
1490,144.9527671,213.1658025,0
1491,144.9527671,213.1658025,0
1492,144.9527671,213.1658025,0
1493,144.9527671,213.1658025,0
1494,144.9527671,213.1658025,0
1495,144.9527671,213.1658025,0
1496,144.9527671,213.1658025,0
1497,144.9527671,213.1658025,0
1498,144.9527671,213.1658025,0
1499,144.9527671,213.1658025,0
1500,144.9527671,213.1658025,0
1501,144.9527671,213.1658025,0
1502,144.9527671,213.1658025,0
1503,144.9527671,213.1658025,0
1504,144.9527671,213.1658025,0
1505,144.9527671,213.1658025,0
1506,144.9527671,213.1658025,0
1507,144.9527671,213.1658025,0
1508,144.9527671,213.1658025,0
1509,144.9527671,213.1658025,0
1510,144.9527671,213.1658025,0
1511,144.9527671,213.1658025,0
1512,144.9527671,213.1658025,0
1513,144.9527671,213.1658025,0
1514,144.9527671,213.1658025,0
1515,144.9527671,213.1658025,0
1516,144.9527671,213.1658025,0
1517,144.9527671,213.1658025,0
1518,144.9527671,213.1658025,0
1519,144.9527671,213.1658025,0
1520,144.9527671,213.1658025,0
1521,144.9527671,213.1658025,0
1522,144.9527671,213.1658025,0
1523,144.9527671,213.1658025,0
1524,144.9527671,213.1658025,0
1525,144.9527671,213.1658025,0
1526,144.9527671,213.1658025,0
1527,144.9527671,213.1658025,0
1528,144.9527671,213.1658025,0
1529,144.9527671,213.1658025,0
1530,144.9527671,213.1658025,0
1531,144.9527671,213.1658025,0
1532,144.9527671,213.1658025,0
1533,144.9527671,213.1658025,0
1534,144.9527671,213.1658025,0
1535,144.9527671,213.1658025,0
1536,144.9527671,213.1658025,0
1537,144.9527671,213.1658025,0
1538,144.9527671,213.1658025,0
1539,144.9527671,213.1658025,0
1540,144.9527671,213.1658025,0
1541,144.9527671,213.1658025,0
1542,144.9527671,213.1658025,0
1543,144.9527671,213.1658025,0
1544,144.9527671,213.1658025,0
1545,144.9527671,213.1658025,0
1546,144.9527671,213.1658025,0
1547,144.9527671,213.1658025,0
1548,144.9527671,213.1658025,0
1549,144.9527671,213.1658025,0
1550,144.9527671,213.1658025,0
1551,144.9527671,213.1658025,0
1552,144.9527671,213.1658025,0
1553,144.9527671,213.1658025,0
1554,144.9527671,213.1658025,0
1555,144.9527671,213.1658025,0
1556,144.9527671,213.1658025,0
1557,144.9527671,213.1658025,0
1558,144.9527671,213.1658025,0
1559,144.9527671,213.1658025,0
1560,144.9527671,213.1658025,0
1561,144.9527671,210.3235918,0
1562,144.9527671,210.3235918,0
1563,144.9527671,210.3235918,0
1564,144.9527671,210.3235918,0
1565,144.9527671,210.3235918,0
1566,144.9527671,210.3235918,0
1567,144.9527671,210.3235918,0
1568,144.9527671,210.3235918,0
1569,144.9527671,210.3235918,0
1570,144.9527671,210.3235918,0
1571,144.9527671,210.3235918,0
1572,144.9527671,210.3235918,0
1573,144.9527671,210.3235918,0
1574,144.9527671,210.3235918,0
1575,144.9527671,210.3235918,0
1576,144.9527671,210.3235918,0
1577,144.9527671,210.3235918,0
1578,144.9527671,210.3235918,0
1579,144.9527671,210.3235918,0
1580,144.9527671,210.3235918,0
1581,144.9527671,210.3235918,0
1582,144.9527671,210.3235918,0
1583,144.9527671,210.3235918,0
1584,144.9527671,210.3235918,0
1585,144.9527671,210.3235918,0
1586,144.9527671,210.3235918,0
1587,144.9527671,210.3235918,0
1588,144.9527671,210.3235918,0
1589,144.9527671,210.3235918,0
1590,144.9527671,210.3235918,0
1591,144.9527671,210.3235918,0
1592,144.9527671,210.3235918,0
1593,144.9527671,210.3235918,0
1594,144.9527671,210.3235918,0
1595,144.9527671,210.3235918,0
1596,144.9527671,210.3235918,0
1597,144.9527671,210.3235918,0
1598,144.9527671,210.3235918,0
1599,144.9527671,210.3235918,0
1600,144.9527671,210.3235918,0
1601,144.9527671,210.3235918,0
1602,144.9527671,210.3235918,0
1603,144.9527671,210.3235918,0
1604,144.9527671,210.3235918,0
1605,144.9527671,210.3235918,0
1606,144.9527671,210.3235918,0
1607,144.9527671,210.3235918,0
1608,144.9527671,210.3235918,0
1609,144.9527671,210.3235918,0
1610,144.9527671,210.3235918,0
1611,144.9527671,210.3235918,0
1612,144.9527671,210.3235918,0
1613,144.9527671,210.3235918,0
1614,144.9527671,210.3235918,0
1615,144.9527671,210.3235918,0
1616,142.110556,210.3235918,0
1617,142.110556,210.3235918,0
1618,142.110556,210.3235918,0
1619,142.110556,210.3235918,0
1620,142.110556,210.3235918,0
1621,142.110556,213.1658025,0
1622,142.1105559,213.1658025,0
1623,142.1105559,213.1658025,0
1624,142.1105559,213.1658025,0
1625,142.1105559,213.1658025,0
1626,142.1105559,213.1658025,0
1627,142.1105559,213.1658025,0
1628,139.2683449,213.1658025,0
1629,139.2683449,213.1658025,0
1630,139.2683449,213.1658025,0
1631,139.2683449,213.1658025,0
1632,139.2683449,213.1658025,0
1633,139.2683449,213.1658025,0
1634,139.2683449,213.1658025,0
1635,139.2683449,213.1658025,0
1636,139.2683449,213.1658025,0
1637,139.2683449,213.1658025,0
1638,139.2683449,213.1658025,0
1639,139.2683449,213.1658025,0
1640,139.2683449,213.1658025,0
1641,139.2683449,213.1658025,0
1642,142.1105559,213.1658025,0
1643,142.1105559,213.1658025,0
1644,142.1105559,213.1658025,0
1645,144.9527671,213.1658025,0
1646,144.9527671,213.1658025,0
1647,144.9527671,213.1658025,0
1648,144.9527671,213.1658025,0
1649,144.9527671,213.1658025,0
1650,144.9527671,213.1658025,0
1651,144.9527671,213.1658025,0
1652,144.9527671,213.1658025,0
1653,144.9527671,213.1658025,0
1654,144.9527671,213.1658025,0
1655,144.9527671,213.1658025,0
1656,144.9527671,213.1658025,0
1657,144.9527671,213.1658025,0
1658,144.9527671,213.1658025,0
1659,144.9527671,213.1658025,0
1660,144.9527671,213.1658025,0
1661,144.9527671,213.1658025,0
1662,144.9527671,213.1658025,0
1663,144.9527671,213.1658025,0
1664,144.9527671,213.1658025,0
1665,144.9527671,213.1658025,0
1666,144.9527671,213.1658025,0
1667,144.9527671,213.1658025,0
1668,144.9527671,213.1658025,0
1669,144.9527671,213.1658025,0
1670,144.9527671,213.1658025,0
1671,144.9527671,210.3235918,0
1672,144.9527671,210.3235918,0
1673,144.9527671,210.3235918,0
1674,144.9527671,210.3235918,0
1675,144.9527671,210.3235918,0
1676,144.9527671,210.3235918,0
1677,144.9527671,210.3235918,0
1678,144.9527671,210.3235918,0
1679,144.9527671,210.3235918,0
1680,144.9527671,210.3235918,0
1681,144.9527671,210.3235918,0
1682,144.9527671,210.3235918,0
1683,144.9527671,210.3235918,0
1684,144.9527671,210.3235918,0
1685,144.9527671,210.3235918,0
1686,144.9527671,210.3235918,0
1687,144.9527671,210.3235918,0
1688,144.9527671,210.3235918,0
1689,144.9527671,210.3235918,0
1690,144.9527671,210.3235918,0
1691,144.9527671,210.3235918,0
1692,144.9527671,210.3235918,0
1693,144.9527671,210.3235918,0
1694,144.9527671,210.3235918,0
1695,144.9527671,210.3235918,0
1696,144.9527671,210.3235918,0
1697,144.9527671,210.3235918,0
1698,144.9527671,210.3235918,0
1699,144.9527671,210.3235918,0
1700,144.9527671,210.3235918,0
1701,144.9527671,210.3235918,0
1702,144.9527671,210.3235918,0
1703,144.9527671,210.3235918,0
1704,144.9527671,210.3235918,0
1705,144.9527671,210.3235918,0
1706,144.9527671,210.3235918,0
1707,144.9527671,210.3235918,0
1708,144.9527671,210.3235918,0
1709,144.9527671,210.3235918,0
1710,144.9527671,210.3235918,0
1711,144.9527671,210.3235918,0
1712,144.9527671,210.3235918,0
1713,144.9527671,210.3235918,0
1714,144.9527671,210.3235918,0
1715,144.9527671,210.3235918,0
1716,144.9527671,210.3235918,0
1717,144.9527671,210.3235918,0
1718,144.9527671,210.3235918,0
1719,144.9527671,210.3235918,0
1720,144.9527671,210.3235918,0
1721,144.9527671,210.3235918,0
1722,144.9527671,210.3235918,0
1723,144.9527671,210.3235918,0
1724,144.9527671,210.3235918,0
1725,144.9527671,210.3235918,0
1726,144.9527671,210.3235918,0
1727,144.9527671,210.3235918,0
1728,144.9527671,210.3235918,0
1729,144.9527671,207.4813811,0
1730,144.9527671,210.3235918,0
1731,144.9527671,210.3235918,0
1732,144.9527671,210.3235918,0
1733,144.9527671,210.3235918,0
1734,144.9527671,210.3235918,0
1735,144.9527671,210.3235918,0
1736,142.110556,210.3235918,0
1737,142.110556,210.3235918,0
1738,142.110556,210.3235918,0
1739,142.110556,210.3235918,0
1740,142.110556,210.3235918,0
1741,142.110556,210.3235918,0
1742,142.110556,210.3235918,0
1743,142.110556,210.3235918,0
1744,142.110556,210.3235918,0
1745,142.110556,210.3235918,0
1746,142.110556,210.3235918,0
1747,142.110556,210.3235918,0
1748,142.110556,210.3235918,0
1749,142.110556,210.3235918,0
1750,142.110556,210.3235918,0
1751,142.110556,210.3235918,0
1752,142.110556,210.3235918,0
1753,142.110556,210.3235918,0
1754,142.110556,210.3235918,0
1755,142.110556,210.3235918,0
1756,142.110556,210.3235918,0
1757,142.110556,210.3235918,0
1758,142.110556,210.3235918,0
1759,142.110556,210.3235918,0
1760,142.110556,210.3235918,0
1761,142.110556,210.3235918,0
1762,142.110556,210.3235918,0
1763,142.110556,210.3235918,0
1764,142.110556,210.3235918,0
1765,142.110556,210.3235918,0
1766,142.110556,210.3235918,0
1767,142.110556,210.3235918,0
1768,142.110556,210.3235918,0
1769,142.110556,210.3235918,0
1770,142.110556,210.3235918,0
1771,142.110556,210.3235918,0
1772,142.110556,210.3235918,0
1773,142.110556,210.3235918,0
1774,142.110556,210.3235918,0
1775,142.110556,210.3235918,0
1776,142.110556,210.3235918,0
1777,142.110556,210.3235918,0
1778,142.110556,210.3235918,0
1779,142.110556,210.3235918,0
1780,142.110556,210.3235918,0
1781,142.110556,210.3235918,0
1782,142.110556,210.3235918,0
1783,142.110556,210.3235918,0
1784,142.110556,210.3235918,0
1785,142.110556,210.3235918,0
1786,142.110556,210.3235918,0
1787,142.110556,210.3235918,0
1788,142.110556,210.3235918,0
1789,142.110556,210.3235918,0
1790,142.110556,210.3235918,0
1791,142.110556,210.3235918,0
1792,142.110556,210.3235918,0
1793,142.110556,210.3235918,0
1794,142.110556,210.3235918,0
1795,142.110556,210.3235918,0
1796,142.110556,210.3235918,0
1797,142.110556,210.3235918,0
1798,142.110556,210.3235918,0
1799,142.110556,210.3235918,0
1800,142.110556,210.3235918,0
1801,142.110556,210.3235918,0
1802,142.110556,210.3235918,0
1803,142.110556,210.3235918,0
1804,142.110556,210.3235918,0
1805,142.110556,210.3235918,0
1806,142.110556,210.3235918,0
1807,142.110556,210.3235918,0
1808,142.110556,210.3235918,0
1809,142.110556,210.3235918,0
1810,142.110556,210.3235918,0
1811,142.110556,210.3235918,0
1812,142.110556,210.3235918,0
1813,142.110556,210.3235918,0
1814,142.110556,210.3235918,0
1815,142.110556,210.3235918,0
1816,142.110556,210.3235918,0
1817,142.110556,210.3235918,0
1818,142.110556,210.3235918,0
1819,142.110556,210.3235918,0
1820,142.110556,210.3235918,0
1821,142.110556,210.3235918,0
1822,142.110556,210.3235918,0
1823,142.110556,210.3235918,0
1824,142.110556,210.3235918,0
1825,142.110556,210.3235918,0
1826,142.110556,210.3235918,0
1827,142.110556,210.3235918,0
1828,142.110556,210.3235918,0
1829,142.110556,210.3235918,0
1830,142.110556,210.3235918,0
1831,142.110556,210.3235918,0
1832,142.110556,210.3235918,0
1833,142.110556,210.3235918,0
1834,142.110556,210.3235918,0
1835,142.110556,210.3235918,0
1836,142.110556,210.3235918,0
1837,142.110556,210.3235918,0
1838,142.110556,210.3235918,0
1839,142.110556,210.3235918,0
1840,142.110556,210.3235918,0
1841,142.110556,210.3235918,0
1842,142.110556,210.3235918,0
1843,142.110556,210.3235918,0
1844,142.110556,210.3235918,0
1845,142.110556,210.3235918,0
1846,142.110556,207.4813811,0
1847,142.110556,207.4813811,0
1848,142.110556,210.3235918,0
1849,142.110556,210.3235918,0
1850,142.110556,210.3235918,0
1851,142.110556,210.3235918,0
1852,142.110556,210.3235918,0
1853,142.110556,210.3235918,0
1854,142.110556,210.3235918,0
1855,142.110556,210.3235918,0
1856,142.110556,210.3235918,0
1857,142.110556,210.3235918,0
1858,142.110556,210.3235918,0
1859,144.9527671,210.3235918,0
1860,144.9527671,210.3235918,0
1861,144.9527671,210.3235918,0
1862,144.9527671,210.3235918,0
1863,144.9527671,210.3235918,0
1864,144.9527671,210.3235918,0
1865,144.9527671,210.3235918,0
1866,144.9527671,210.3235918,0
1867,144.9527671,210.3235918,0
1868,144.9527671,210.3235918,0
1869,144.9527671,210.3235918,0
1870,144.9527671,210.3235918,0
1871,144.9527671,210.3235918,0
1872,144.9527671,210.3235918,0
1873,144.9527671,210.3235918,0
1874,144.9527671,210.3235918,0
1875,144.9527671,210.3235918,0
1876,144.9527671,210.3235918,0
1877,144.9527671,210.3235918,0
1878,144.9527671,210.3235918,0
1879,144.9527671,210.3235918,0
1880,144.9527671,210.3235918,0
1881,144.9527671,210.3235918,0
1882,144.9527671,210.3235918,0
1883,144.9527671,210.3235918,0
1884,144.9527671,210.3235918,0
1885,144.9527671,210.3235918,0
1886,144.9527671,210.3235918,0
1887,144.9527671,210.3235918,0
1888,144.9527671,210.3235918,0
1889,144.9527671,210.3235918,0
1890,144.9527671,210.3235918,0
1891,144.9527671,210.3235918,0
1892,144.9527671,210.3235918,0
1893,144.9527671,210.3235918,0
1894,144.9527671,210.3235918,0
1895,144.9527671,210.3235918,0
1896,144.9527671,210.3235918,0
1897,144.9527671,210.3235918,0
1898,144.9527671,210.3235918,0
1899,144.9527671,210.3235918,0
1900,144.9527671,210.3235918,0
1901,144.9527671,210.3235918,0
1902,144.9527671,210.3235918,0
1903,144.9527671,210.3235918,0
1904,144.9527671,210.3235918,0
1905,144.9527671,210.3235918,0
1906,144.9527671,210.3235918,0
1907,144.9527671,210.3235918,0
1908,144.9527671,210.3235918,0
1909,144.9527671,210.3235918,0
1910,144.9527671,210.3235918,0
1911,144.9527671,210.3235918,0
1912,144.9527671,210.3235918,0
1913,144.9527671,210.3235918,0
1914,144.9527671,210.3235918,0
1915,144.9527671,210.3235918,0
1916,144.9527671,207.4813811,0
1917,144.9527671,210.3235918,0
1918,144.9527671,210.3235918,0
1919,144.9527671,210.3235918,0
1920,144.9527671,210.3235918,0
1921,144.9527671,210.3235918,0
1922,144.9527671,210.3235918,0
1923,144.9527671,210.3235918,0
1924,144.9527671,210.3235918,0
1925,144.9527671,210.3235918,0
1926,144.9527671,213.1658025,0
1927,144.9527671,213.1658025,0
1928,144.9527671,213.1658025,0
1929,144.9527671,213.1658025,0
1930,144.9527671,213.1658025,0
1931,144.9527671,213.1658025,0
1932,144.9527671,213.1658025,0
1933,144.9527671,213.1658025,0
1934,144.9527671,213.1658025,0
1935,144.9527671,213.1658025,0
1936,144.9527671,213.1658025,0
1937,144.9527671,213.1658025,0
1938,144.9527671,213.1658025,0
1939,139.2683448,213.1658025,0
1940,139.2683448,213.1658025,0
1941,139.2683448,213.1658025,0
1942,139.2683448,213.1658025,0
1943,139.2683448,213.1658025,0
1944,139.2683448,213.1658025,0
1945,139.2683448,213.1658025,0
1946,139.2683448,213.1658025,0
1947,139.2683448,213.1658025,0
1948,139.2683448,213.1658025,0
1949,139.2683448,213.1658025,0
1950,139.2683448,213.1658025,0
1951,139.2683448,213.1658025,0
1952,139.2683448,213.1658025,0
1953,139.2683448,213.1658025,0
1954,139.2683448,213.1658025,0
1955,139.2683448,213.1658025,0
1956,139.2683448,213.1658025,0
1957,139.2683448,213.1658025,0
1958,139.2683448,213.1658025,0
1959,139.2683449,213.1658025,0
1960,139.2683449,213.1658025,0
1961,139.2683449,213.1658025,0
1962,139.2683449,213.1658025,0
1963,139.2683449,213.1658025,0
1964,139.2683449,213.1658025,0
1965,139.2683449,213.1658025,0
1966,139.2683449,213.1658025,0
1967,139.2683449,213.1658025,0
1968,139.2683449,213.1658025,0
1969,139.2683449,213.1658025,0
1970,139.2683449,213.1658025,0
1971,139.2683449,213.1658025,0
1972,139.2683449,213.1658025,0
1973,139.2683449,213.1658025,0
1974,139.2683449,213.1658025,0
1975,139.2683449,213.1658025,0
1976,139.2683449,213.1658025,0
1977,139.2683449,213.1658025,0
1978,139.2683449,213.1658025,0
1979,139.2683449,213.1658025,0
1980,139.2683449,213.1658025,0
1981,139.2683449,213.1658025,0
1982,139.2683449,213.1658025,0
1983,139.2683449,213.1658025,0
1984,139.2683449,213.1658025,0
1985,139.2683449,213.1658025,0
1986,139.2683449,213.1658025,0
1987,139.2683449,213.1658025,0
1988,139.2683449,213.1658025,0
1989,142.1105559,213.1658025,0
1990,142.1105559,213.1658025,0
1991,142.1105559,213.1658025,0
1992,142.1105559,213.1658025,0
1993,142.1105559,213.1658025,0
1994,142.1105559,213.1658025,0
1995,142.1105559,213.1658025,0
1996,142.1105559,213.1658025,0
1997,142.1105559,213.1658025,0
1998,142.1105559,213.1658025,0
1999,142.1105559,213.1658025,0
2000,142.1105559,213.1658025,0
2001,142.1105559,213.1658025,0
2002,142.1105559,213.1658025,0
2003,142.1105559,213.1658025,0
2004,142.1105559,213.1658025,0
2005,142.1105559,213.1658025,0
2006,142.1105559,213.1658025,0
2007,142.1105559,213.1658025,0
2008,142.1105559,213.1658025,0
2009,142.1105559,213.1658025,0
2010,142.1105559,213.1658025,0
2011,142.1105559,213.1658025,0
2012,142.1105559,213.1658025,0
2013,142.1105559,213.1658025,0
2014,142.1105559,213.1658025,0
2015,142.1105559,213.1658025,0
2016,142.1105559,213.1658025,0
2017,142.1105559,213.1658025,0
2018,142.1105559,213.1658025,0
2019,142.1105559,213.1658025,0
2020,142.1105559,213.1658025,0
2021,142.1105559,213.1658025,0
2022,142.1105559,213.1658025,0
2023,142.1105559,213.1658025,0
2024,142.1105559,213.1658025,0
2025,142.1105559,213.1658025,0
2026,142.1105559,213.1658025,0
2027,142.1105559,213.1658025,0
2028,142.1105559,213.1658025,0
2029,142.1105559,213.1658025,0
2030,142.1105559,213.1658025,0
2031,142.1105559,213.1658025,0
2032,142.1105559,213.1658025,0
2033,142.1105559,213.1658025,0
2034,142.1105559,213.1658025,0
2035,142.1105559,213.1658025,0
2036,142.1105559,213.1658025,0
2037,142.1105559,213.1658025,0
2038,142.1105559,213.1658025,0
2039,139.2683448,213.1658025,0
2040,139.2683448,213.1658025,0
2041,139.2683448,213.1658025,0
2042,142.110556,213.1658025,0
2043,142.110556,213.1658025,0
2044,142.110556,213.1658025,0
2045,142.110556,213.1658025,0
2046,142.110556,210.3235918,0
2047,142.110556,210.3235918,0
2048,142.110556,210.3235918,0
2049,142.110556,210.3235918,0
2050,142.110556,210.3235918,0
2051,142.110556,210.3235918,0
2052,142.110556,210.3235918,0
2053,142.110556,210.3235918,0
2054,142.110556,210.3235918,0
2055,142.110556,210.3235918,0
2056,142.110556,210.3235918,0
2057,142.110556,210.3235918,0
2058,142.110556,210.3235918,0
2059,142.110556,210.3235918,0
2060,142.110556,210.3235918,0
2061,142.110556,210.3235918,0
2062,142.110556,210.3235918,0
2063,142.110556,210.3235918,0
2064,142.110556,210.3235918,0
2065,142.110556,210.3235918,0
2066,142.110556,210.3235918,0
2067,142.110556,210.3235918,0
2068,142.110556,210.3235918,0
2069,142.110556,210.3235918,0
2070,142.110556,210.3235918,0
2071,142.110556,210.3235918,0
2072,142.110556,210.3235918,0
2073,142.110556,210.3235918,0
2074,142.110556,210.3235918,0
2075,142.110556,210.3235918,0
2076,142.110556,210.3235918,0
2077,142.110556,210.3235918,0
2078,142.110556,210.3235918,0
2079,142.110556,210.3235918,0
2080,142.110556,210.3235918,0
2081,142.110556,210.3235918,0
2082,142.110556,210.3235918,0
2083,142.110556,210.3235918,0
2084,142.110556,210.3235918,0
2085,142.110556,210.3235918,0
2086,142.110556,210.3235918,0
2087,142.110556,210.3235918,0
2088,142.110556,210.3235918,0
2089,142.110556,210.3235918,0
2090,142.110556,210.3235918,0
2091,142.110556,210.3235918,0
2092,142.1105559,210.3235918,0
2093,142.1105559,210.3235918,0
2094,142.1105559,210.3235918,0
2095,142.1105559,210.3235918,0
2096,142.1105559,210.3235918,0
2097,142.1105559,210.3235918,0
2098,142.1105559,210.3235918,0
2099,142.1105559,210.3235918,0
2100,142.1105559,210.3235918,0
2101,142.1105559,210.3235918,0
2102,142.110556,210.3235918,0
2103,142.110556,210.3235918,0
2104,142.110556,210.3235918,0
2105,144.9527671,210.3235918,0
2106,144.9527671,210.3235918,0
2107,144.9527671,210.3235918,0
2108,144.9527671,210.3235918,0
2109,144.9527671,210.3235918,0
2110,144.9527671,210.3235918,0
2111,144.9527671,210.3235918,0
2112,144.9527671,210.3235918,0
2113,144.9527671,210.3235918,0
2114,144.9527671,210.3235918,0
2115,144.9527671,210.3235918,0
2116,144.9527671,210.3235918,0
2117,144.9527671,210.3235918,0
2118,144.9527671,210.3235918,0
2119,144.9527671,210.3235918,0
2120,144.9527671,210.3235918,0
2121,144.9527671,210.3235918,0
2122,144.9527671,210.3235918,0
2123,144.9527671,210.3235918,0
2124,144.9527671,210.3235918,0
2125,144.9527671,210.3235918,0
2126,144.9527671,210.3235918,0
2127,144.9527671,210.3235918,0
2128,144.9527671,210.3235918,0
2129,144.9527671,210.3235918,0
2130,144.9527671,210.3235918,0
2131,144.9527671,210.3235918,0
2132,144.9527671,210.3235918,0
2133,144.9527671,210.3235918,0
2134,144.9527671,210.3235918,0
2135,144.9527671,210.3235918,0
2136,144.9527671,210.3235918,0
2137,144.9527671,210.3235918,0
2138,144.9527671,210.3235918,0
2139,144.9527671,210.3235918,0
2140,144.9527671,210.3235918,0
2141,144.9527671,210.3235918,0
2142,144.9527671,210.3235918,0
2143,144.9527671,210.3235918,0
2144,144.9527671,210.3235918,0
2145,144.9527671,210.3235918,0
2146,144.9527671,210.3235918,0
2147,144.9527671,210.3235918,0
2148,144.9527671,210.3235918,0
2149,144.9527671,210.3235918,0
2150,144.9527671,210.3235918,0
2151,144.9527671,210.3235918,0
2152,144.9527671,210.3235918,0
2153,144.9527671,210.3235918,0
2154,144.9527671,210.3235918,0
2155,144.9527671,210.3235918,0
2156,144.9527671,210.3235918,0
2157,144.9527671,210.3235918,0
2158,144.9527671,210.3235918,0
2159,144.9527671,210.3235918,0
2160,144.9527671,210.3235918,0
2161,144.9527671,210.3235918,0
2162,144.9527671,210.3235918,0
2163,144.9527671,210.3235918,0
2164,144.9527671,210.3235918,0
2165,144.9527671,210.3235918,0
2166,144.9527671,213.1658025,0
2167,144.9527671,213.1658025,0
2168,144.9527671,213.1658025,0
2169,144.9527671,213.1658025,0
2170,144.9527671,213.1658025,0
2171,144.9527671,213.1658025,0
2172,144.9527671,213.1658025,0
2173,144.9527671,213.1658025,0
2174,144.9527671,213.1658025,0
2175,144.9527671,213.1658025,0
2176,144.9527671,213.1658025,0
2177,144.9527671,213.1658025,0
2178,144.9527671,213.1658025,0
2179,144.9527671,213.1658025,0
2180,144.9527671,213.1658025,0
2181,144.9527671,213.1658025,0
2182,144.9527671,213.1658025,0
2183,144.9527671,213.1658025,0
2184,144.9527671,213.1658025,0
2185,144.9527671,213.1658025,0
2186,144.9527671,213.1658025,0
2187,144.9527671,213.1658025,0
2188,144.9527671,213.1658025,0
2189,144.9527671,213.1658025,0
2190,144.9527671,213.1658025,0
2191,144.9527671,213.1658025,0
2192,144.9527671,213.1658025,0
2193,144.9527671,213.1658025,0
2194,144.9527671,213.1658025,0
2195,144.9527671,213.1658025,0
2196,144.9527671,213.1658025,0
2197,144.9527671,213.1658025,0
2198,144.9527671,213.1658025,0
2199,144.9527671,213.1658025,0
2200,144.9527671,213.1658025,0
2201,144.9527671,213.1658025,0
2202,144.9527671,213.1658025,0
2203,144.9527671,213.1658025,0
2204,144.9527671,213.1658025,0
2205,144.9527671,213.1658025,0
2206,144.9527671,213.1658025,0
2207,144.9527671,213.1658025,0
2208,144.9527671,213.1658025,0
2209,144.9527671,213.1658025,0
2210,144.9527671,213.1658025,0
2211,144.9527671,213.1658025,0
2212,144.9527671,213.1658025,0
2213,144.9527671,213.1658025,0
2214,144.9527671,213.1658025,0
2215,147.7949782,213.1658025,0
2216,147.7949782,213.1658025,0
2217,147.7949782,210.3235918,0
2218,147.7949782,213.1658025,0
2219,147.7949782,213.1658025,0
2220,147.7949782,213.1658025,0
2221,147.7949782,213.1658025,0
2222,147.7949782,213.1658025,0
2223,147.7949782,213.1658025,0
2224,147.7949782,213.1658025,0
2225,147.7949782,213.1658025,0
2226,147.7949782,213.1658025,0
2227,147.7949782,213.1658025,0
2228,147.7949782,213.1658025,0
2229,147.7949782,213.1658025,0
2230,147.7949782,213.1658025,0
2231,147.7949782,213.1658025,0
2232,147.7949782,213.1658025,0
2233,147.7949782,213.1658025,0
2234,147.7949782,213.1658025,0
2235,147.7949782,213.1658025,0
2236,147.7949782,213.1658025,0
2237,147.7949782,213.1658025,0
2238,147.7949782,213.1658025,0
2239,147.7949782,213.1658025,0
2240,147.7949782,213.1658025,0
2241,147.7949782,213.1658025,0
2242,147.7949782,213.1658025,0
2243,147.7949782,213.1658025,0
2244,147.7949782,213.1658025,0
2245,147.7949782,213.1658025,0
2246,147.7949782,213.1658025,0
2247,147.7949782,213.1658025,0
2248,147.7949782,213.1658025,0
2249,147.7949782,213.1658025,0
2250,147.7949782,213.1658025,0
2251,147.7949782,213.1658025,0
2252,147.7949782,213.1658025,0
2253,147.7949782,213.1658025,0
2254,147.7949782,213.1658025,0
2255,147.7949782,213.1658025,0
2256,147.7949782,213.1658025,0
2257,147.7949782,213.1658025,0
2258,147.7949782,213.1658025,0
2259,147.7949782,213.1658025,0
2260,147.7949782,213.1658025,0
2261,147.7949782,213.1658025,0
2262,147.7949782,213.1658025,0
2263,147.7949782,213.1658025,0
2264,147.7949782,213.1658025,0
2265,147.7949782,213.1658025,0
2266,147.7949782,213.1658025,0
2267,147.7949782,213.1658025,0
2268,147.7949782,210.3235918,0
2269,147.7949782,210.3235918,0
2270,147.7949782,210.3235918,0
2271,147.7949782,210.3235918,0
2272,147.7949782,210.3235918,0
2273,147.7949782,210.3235918,0
2274,147.7949782,210.3235918,0
2275,147.7949782,210.3235918,0
2276,147.7949782,210.3235918,0
2277,147.7949782,210.3235918,0
2278,147.7949782,210.3235918,0
2279,144.9527671,210.3235918,0
2280,144.9527671,210.3235918,0
2281,144.9527671,210.3235918,0
2282,144.9527671,210.3235918,0
2283,144.9527671,210.3235918,0
2284,144.9527671,210.3235918,0
2285,144.9527671,210.3235918,0
2286,144.9527671,210.3235918,0
2287,144.9527671,210.3235918,0
2288,144.9527671,210.3235918,0
2289,144.9527671,210.3235918,0
2290,144.9527671,210.3235918,0
2291,144.9527671,210.3235918,0
2292,144.9527671,210.3235918,0
2293,144.9527671,210.3235918,0
2294,144.9527671,210.3235918,0
2295,144.9527671,210.3235918,0
2296,144.9527671,210.3235918,0
2297,144.9527671,210.3235918,0
2298,144.9527671,210.3235918,0
2299,144.9527671,210.3235918,0
2300,144.9527671,210.3235918,0
2301,144.9527671,210.3235918,0
2302,144.9527671,210.3235918,0
2303,144.9527671,210.3235918,0
2304,144.9527671,210.3235918,0
2305,142.1105559,210.3235918,0
2306,142.1105559,210.3235918,0
2307,142.1105559,210.3235918,0
2308,144.9527671,210.3235918,0
2309,144.9527671,210.3235918,0
2310,144.9527671,210.3235918,0
2311,144.9527671,210.3235918,0
2312,144.9527671,210.3235918,0
2313,144.9527671,210.3235918,0
2314,144.9527671,210.3235918,0
2315,144.9527671,210.3235918,0
2316,144.9527671,210.3235918,0
2317,144.9527671,210.3235918,0
2318,144.9527671,210.3235918,0
2319,144.9527671,210.3235918,0
2320,144.9527671,210.3235918,0
2321,144.9527671,210.3235918,0
2322,144.9527671,210.3235918,0
2323,144.9527671,210.3235918,0
2324,144.9527671,210.3235918,0
2325,144.9527671,210.3235918,0
2326,144.9527671,210.3235918,0
2327,144.9527671,210.3235918,0
2328,144.9527671,210.3235918,0
2329,144.9527671,210.3235918,0
2330,144.9527671,210.3235918,0
2331,144.9527671,210.3235918,0
2332,144.9527671,210.3235918,0
2333,144.9527671,210.3235918,0
2334,144.9527671,210.3235918,0
2335,147.7949782,210.3235918,0
2336,147.7949782,210.3235918,0
2337,147.7949782,210.3235918,0
2338,147.7949782,210.3235918,0
2339,147.7949782,210.3235918,0
2340,147.7949782,210.3235918,0
2341,147.7949782,210.3235918,0
2342,147.7949782,210.3235918,0
2343,147.7949782,210.3235918,0
2344,147.7949782,210.3235918,0
2345,147.7949782,210.3235918,0
2346,147.7949782,210.3235918,0
2347,147.7949782,210.3235918,0
2348,147.7949782,210.3235918,0
2349,147.7949782,210.3235918,0
2350,147.7949782,210.3235918,0
2351,147.7949782,210.3235918,0
2352,147.7949782,210.3235918,0
2353,147.7949782,210.3235918,0
2354,147.7949782,213.1658025,0
2355,147.7949782,213.1658025,0
2356,147.7949782,213.1658025,0
2357,147.7949782,213.1658025,0
2358,147.7949782,213.1658025,0
2359,147.7949782,213.1658025,0
2360,147.7949782,213.1658025,0
2361,147.7949782,213.1658025,0
2362,147.7949782,213.1658025,0
2363,147.7949782,213.1658025,0
2364,147.7949782,213.1658025,0
2365,147.7949782,213.1658025,0
2366,147.7949782,213.1658025,0
2367,147.7949782,213.1658025,0
2368,147.7949782,213.1658025,0
2369,147.7949782,213.1658025,0
2370,147.7949782,213.1658025,0
2371,150.6371893,213.1658025,0
2372,150.6371893,213.1658025,0
2373,150.6371893,213.1658025,0
2374,150.6371893,213.1658025,0
2375,150.6371893,213.1658025,0
2376,150.6371893,213.1658025,0
2377,150.6371893,213.1658025,0
2378,150.6371893,213.1658025,0
2379,150.6371893,213.1658025,0
2380,150.6371893,213.1658025,0
2381,150.6371893,213.1658025,0
2382,150.6371893,213.1658025,0
2383,150.6371893,213.1658025,0
2384,150.6371893,213.1658025,0
2385,150.6371893,213.1658025,0
2386,150.6371893,213.1658025,0
2387,150.6371893,213.1658025,0
2388,150.6371893,213.1658025,0
2389,150.6371893,213.1658025,0
2390,150.6371893,213.1658025,0
2391,150.6371893,213.1658025,0
2392,150.6371893,213.1658025,0
2393,150.6371893,213.1658025,0
2394,150.6371893,213.1658025,0
2395,150.6371893,213.1658025,0
2396,150.6371893,213.1658025,0
2397,150.6371893,213.1658025,0
2398,150.6371893,213.1658025,0
2399,150.6371893,213.1658025,0
2400,150.6371893,213.1658025,0
2401,150.6371893,213.1658025,0
2402,150.6371893,213.1658025,0
2403,150.6371893,213.1658025,0
2404,150.6371893,213.1658025,0
2405,150.6371893,213.1658025,0
2406,150.6371893,213.1658025,0
2407,150.6371893,213.1658025,0
2408,150.6371893,213.1658025,0
2409,150.6371893,213.1658025,0
2410,150.6371893,213.1658025,0
2411,150.6371893,213.1658025,0
2412,150.6371893,213.1658025,0
2413,150.6371893,213.1658025,0
2414,150.6371893,213.1658025,0
2415,150.6371893,213.1658025,0
2416,150.6371893,213.1658025,0
2417,150.6371893,213.1658025,0
2418,150.6371893,213.1658025,0
2419,150.6371893,213.1658025,0
2420,150.6371893,213.1658025,0
2421,150.6371893,213.1658025,0
2422,150.6371893,213.1658025,0
2423,150.6371893,213.1658025,0
2424,150.6371893,213.1658025,0
2425,150.6371893,213.1658025,0
2426,150.6371893,213.1658025,0
2427,150.6371893,213.1658025,0
2428,150.6371893,213.1658025,0
2429,150.6371893,213.1658025,0
2430,150.6371893,213.1658025,0
2431,150.6371893,213.1658025,0
2432,150.6371893,213.1658025,0
2433,150.6371893,213.1658025,0
2434,150.6371893,213.1658025,0
2435,150.6371893,213.1658025,0
2436,150.6371893,213.1658025,0
2437,150.6371893,210.3235918,0
2438,150.6371893,210.3235918,0
2439,150.6371893,210.3235918,0
2440,147.7949782,210.3235918,0
2441,147.7949782,210.3235918,0
2442,147.7949782,210.3235918,0
2443,147.7949782,210.3235918,0
2444,147.7949782,210.3235918,0
2445,147.7949782,210.3235918,0
2446,147.7949782,210.3235918,0
2447,147.7949782,210.3235918,0
2448,147.7949782,210.3235918,0
2449,147.7949782,210.3235918,0
2450,147.7949782,210.3235918,0
2451,147.7949782,210.3235918,0
2452,147.7949782,210.3235918,0
2453,147.7949782,210.3235918,0
2454,147.7949782,213.1658025,0
2455,147.7949782,213.1658025,0
2456,147.7949782,213.1658025,0
2457,147.7949782,213.1658025,0
2458,147.7949782,213.1658025,0
2459,147.7949782,213.1658025,0
2460,147.7949782,213.1658025,0
2461,147.7949782,213.1658025,0
2462,147.7949782,213.1658025,0
2463,147.7949782,213.1658025,0
2464,147.7949782,213.1658025,0
2465,147.7949782,213.1658025,0
2466,147.7949782,213.1658025,0
2467,147.7949782,213.1658025,0
2468,147.7949782,213.1658025,0
2469,147.7949782,213.1658025,0
2470,147.7949782,213.1658025,0
2471,147.7949782,213.1658025,0
2472,147.7949782,213.1658025,0
2473,147.7949782,213.1658025,0
2474,150.6371894,213.1658025,0
2475,150.6371894,213.1658025,0
2476,150.6371894,213.1658025,0
2477,150.6371894,213.1658025,0
2478,150.6371894,213.1658025,0
2479,150.6371894,213.1658025,0
2480,150.6371894,213.1658025,0
2481,150.6371894,213.1658025,0
2482,150.6371894,213.1658025,0
2483,150.6371894,213.1658025,0
2484,150.6371894,213.1658025,0
2485,150.6371894,213.1658025,0
2486,150.6371894,213.1658025,0
2487,150.6371894,213.1658025,0
2488,150.6371894,213.1658025,0
2489,150.6371894,213.1658025,0
2490,150.6371894,213.1658025,0
2491,150.6371894,213.1658025,0
2492,150.6371894,213.1658025,0
2493,150.6371894,213.1658025,0
2494,150.6371894,213.1658025,0
2495,150.6371894,213.1658025,0
2496,150.6371894,213.1658025,0
2497,150.6371894,213.1658025,0
2498,150.6371894,213.1658025,0
2499,150.6371894,213.1658025,0
2500,150.6371894,213.1658025,0
2501,150.6371894,213.1658025,0
2502,150.6371894,213.1658025,0
2503,150.6371894,213.1658025,0
2504,150.6371894,210.3235918,0
2505,150.6371894,210.3235918,0
2506,150.6371894,210.3235918,0
2507,150.6371894,210.3235918,0
2508,150.6371894,210.3235918,0
2509,150.6371894,210.3235918,0
2510,150.6371894,210.3235918,0
2511,150.6371894,210.3235918,0
2512,150.6371894,210.3235918,0
2513,150.6371894,210.3235918,0
2514,150.6371894,210.3235918,0
2515,150.6371894,210.3235918,0
2516,150.6371894,210.3235918,0
2517,150.6371894,210.3235918,0
2518,150.6371894,210.3235918,0
2519,150.6371894,210.3235918,0
2520,150.6371894,210.3235918,0
2521,150.6371894,210.3235918,0
2522,150.6371894,210.3235918,0
2523,153.4794004,210.3235918,0
2524,153.4794004,210.3235918,0
2525,153.4794004,210.3235918,0
2526,153.4794004,210.3235918,0
2527,153.4794004,210.3235918,0
2528,153.4794004,210.3235918,0
2529,153.4794004,210.3235918,0
2530,153.4794004,210.3235918,0
2531,153.4794004,210.3235918,0
2532,153.4794004,213.1658025,0
2533,153.4794004,213.1658025,0
2534,153.4794004,213.1658025,0
2535,153.4794004,213.1658025,0
2536,153.4794004,213.1658025,0
2537,153.4794004,213.1658025,0
2538,153.4794004,213.1658025,0
2539,153.4794004,213.1658025,0
2540,153.4794004,213.1658025,0
2541,153.4794004,213.1658025,0
2542,153.4794004,213.1658025,0
2543,153.4794004,213.1658025,0
2544,153.4794004,213.1658025,0
2545,153.4794004,213.1658025,0
2546,153.4794004,213.1658025,0
2547,153.4794004,213.1658025,0
2548,153.4794004,213.1658025,0
2549,153.4794004,213.1658025,0
2550,153.4794004,213.1658025,0
2551,153.4794004,213.1658025,0
2552,153.4794004,213.1658025,0
2553,153.4794004,213.1658025,0
2554,153.4794004,213.1658025,0
2555,153.4794004,213.1658025,0
2556,153.4794004,213.1658025,0
2557,153.4794004,213.1658025,0
2558,153.4794004,213.1658025,0
2559,153.4794004,213.1658025,0
2560,153.4794004,213.1658025,0
2561,153.4794004,213.1658025,0
2562,153.4794004,213.1658025,0
2563,153.4794004,213.1658025,0
2564,153.4794004,213.1658025,0
2565,153.4794004,213.1658025,0
2566,153.4794004,213.1658025,0
2567,153.4794004,213.1658025,0
2568,153.4794004,213.1658025,0
2569,153.4794004,213.1658025,0
2570,153.4794004,213.1658025,0
2571,153.4794004,213.1658025,0
2572,153.4794004,213.1658025,0
2573,147.7949782,213.1658025,0
2574,147.7949782,213.1658025,0
2575,147.7949782,213.1658025,0
2576,147.7949782,213.1658025,0
2577,147.7949782,213.1658025,0
2578,147.7949782,213.1658025,0
2579,147.7949782,213.1658025,0
2580,147.7949782,213.1658025,0
2581,147.7949782,213.1658025,0
2582,147.7949782,213.1658025,0
2583,147.7949782,213.1658025,0
2584,147.7949782,213.1658025,0
2585,147.7949782,213.1658025,0
2586,147.7949782,213.1658025,0
2587,147.7949782,213.1658025,0
2588,147.7949782,213.1658025,0
2589,147.7949782,213.1658025,0
2590,147.7949782,213.1658025,0
2591,147.7949782,213.1658025,0
2592,147.7949782,213.1658025,0
2593,147.7949782,213.1658025,0
2594,147.7949782,213.1658025,0
2595,147.7949782,213.1658025,0
2596,147.7949782,213.1658025,0
2597,147.7949782,213.1658025,0
2598,147.7949782,213.1658025,0
2599,147.7949782,213.1658025,0
2600,147.7949782,213.1658025,0
2601,147.7949782,213.1658025,0
2602,147.7949782,213.1658025,0
2603,147.7949782,213.1658025,0
2604,147.7949782,213.1658025,0
2605,147.7949782,213.1658025,0
2606,147.7949782,213.1658025,0
2607,147.7949782,213.1658025,0
2608,147.7949782,213.1658025,0
2609,147.7949782,213.1658025,0
2610,147.7949782,207.4813811,0
2611,147.7949782,207.4813811,0
2612,147.7949782,207.4813811,0
2613,147.7949782,207.4813811,0
2614,147.7949782,207.4813811,0
2615,147.7949782,207.4813811,0
2616,147.7949782,210.3235918,0
2617,147.7949782,210.3235918,0
2618,147.7949782,210.3235918,0
2619,147.7949782,210.3235918,0
2620,147.7949782,210.3235918,0
2621,147.7949782,210.3235918,0
2622,147.7949782,210.3235918,0
2623,147.7949782,210.3235918,0
2624,147.7949782,210.3235918,0
2625,147.7949782,210.3235918,0
2626,147.7949782,210.3235918,0
2627,147.7949782,210.3235918,0
2628,147.7949782,210.3235918,0
2629,147.7949782,210.3235918,0
2630,147.7949782,210.3235918,0
2631,147.7949782,210.3235918,0
2632,147.7949782,210.3235918,0
2633,147.7949782,210.3235918,0
2634,147.7949782,210.3235918,0
2635,147.7949782,210.3235918,0
2636,147.7949782,210.3235918,0
2637,147.7949782,210.3235918,0
2638,147.7949782,210.3235918,0
2639,147.7949782,210.3235918,0
2640,147.7949782,210.3235918,0
2641,147.7949782,210.3235918,0
2642,147.7949782,210.3235918,0
2643,147.7949782,210.3235918,0
2644,147.7949782,213.1658025,0
2645,147.7949782,213.1658025,0
2646,147.7949782,213.1658025,0
2647,147.7949782,213.1658025,0
2648,147.7949782,213.1658025,0
2649,147.7949782,213.1658025,0
2650,147.7949782,213.1658025,0
2651,147.7949782,213.1658025,0
2652,147.7949782,213.1658025,0
2653,147.7949782,213.1658025,0
2654,147.7949782,213.1658025,0
2655,147.7949782,213.1658025,0
2656,147.7949782,213.1658025,0
2657,147.7949782,213.1658025,0
2658,147.7949782,213.1658025,0
2659,147.7949782,213.1658025,0
2660,147.7949782,213.1658025,0
2661,147.7949782,213.1658025,0
2662,147.7949782,213.1658025,0
2663,147.7949782,213.1658025,0
2664,147.7949782,213.1658025,0
2665,147.7949782,213.1658025,0
2666,147.7949782,213.1658025,0
2667,147.7949782,213.1658025,0
2668,147.7949782,213.1658025,0
2669,147.7949782,213.1658025,0
2670,147.7949782,213.1658025,0
2671,147.7949782,213.1658025,0
2672,147.7949782,213.1658025,0
2673,147.7949782,213.1658025,0
2674,147.7949782,213.1658025,0
2675,147.7949782,213.1658025,0
2676,147.7949782,213.1658025,0
2677,147.7949782,213.1658025,0
2678,147.7949782,213.1658025,0
2679,147.7949782,213.1658025,0
2680,147.7949782,213.1658025,0
2681,147.7949782,213.1658025,0
2682,147.7949782,213.1658025,0
2683,147.7949782,213.1658025,0
2684,147.7949782,213.1658025,0
2685,147.7949782,213.1658025,0
2686,147.7949782,213.1658025,0
2687,147.7949782,213.1658025,0
2688,147.7949782,213.1658025,0
2689,147.7949782,213.1658025,0
2690,147.7949782,213.1658025,0
2691,147.7949782,213.1658025,0
2692,147.7949782,213.1658025,0
2693,147.7949782,213.1658025,0
2694,147.7949782,210.3235918,0
2695,147.7949782,210.3235918,0
2696,147.7949782,210.3235918,0
2697,147.7949782,210.3235918,0
2698,144.9527671,210.3235918,0
2699,144.9527671,210.3235918,0
2700,144.9527671,210.3235918,0
2701,144.9527671,210.3235918,0
2702,144.9527671,210.3235918,0
2703,144.9527671,210.3235918,0
2704,144.9527671,210.3235918,0
2705,144.9527671,210.3235918,0
2706,144.9527671,210.3235918,0
2707,144.9527671,210.3235918,0
2708,144.9527671,210.3235918,0
2709,144.9527671,210.3235918,0
2710,144.9527671,210.3235918,0
2711,144.9527671,210.3235918,0
2712,144.9527671,210.3235918,0
2713,144.9527671,210.3235918,0
2714,144.9527671,210.3235918,0
2715,144.9527671,210.3235918,0
2716,144.9527671,210.3235918,0
2717,144.9527671,210.3235918,0
2718,144.9527671,210.3235918,0
2719,144.9527671,210.3235918,0
2720,144.9527671,210.3235918,0
2721,144.9527671,210.3235918,0
2722,144.9527671,210.3235918,0
2723,144.9527671,210.3235918,0
2724,144.9527671,210.3235918,0
2725,144.9527671,210.3235918,0
2726,144.9527671,210.3235918,0
2727,144.9527671,210.3235918,0
2728,144.9527671,210.3235918,0
2729,144.9527671,210.3235918,0
2730,144.9527671,210.3235918,0
2731,144.9527671,210.3235918,0
2732,144.9527671,210.3235918,0
2733,144.9527671,210.3235918,0
2734,144.9527671,210.3235918,0
2735,144.9527671,210.3235918,0
2736,144.9527671,210.3235918,0
2737,144.9527671,210.3235918,0
2738,144.9527671,210.3235918,0
2739,144.9527671,210.3235918,0
2740,144.9527671,210.3235918,0
2741,144.9527671,210.3235918,0
2742,144.9527671,210.3235918,0
2743,144.9527671,210.3235918,0
2744,144.9527671,210.3235918,0
2745,144.9527671,210.3235918,0
2746,144.9527671,210.3235918,0
2747,144.9527671,210.3235918,0
2748,144.9527671,210.3235918,0
2749,144.9527671,210.3235918,0
2750,144.9527671,210.3235918,0
2751,144.9527671,210.3235918,0
2752,144.9527671,210.3235918,0
2753,144.9527671,210.3235918,0
2754,144.9527671,210.3235918,0
2755,144.9527671,210.3235918,0
2756,144.9527671,210.3235918,0
2757,144.9527671,210.3235918,0
2758,144.9527671,210.3235918,0
2759,144.9527671,210.3235918,0
2760,144.9527671,210.3235918,0
2761,144.9527671,210.3235918,0
2762,144.9527671,210.3235918,0
2763,144.9527671,210.3235918,0
2764,144.9527671,210.3235918,0
2765,144.9527671,210.3235918,0
2766,144.9527671,210.3235918,0
2767,144.9527671,210.3235918,0
2768,144.9527671,210.3235918,0
2769,144.9527671,210.3235918,0
2770,144.9527671,210.3235918,0
2771,144.9527671,210.3235918,0
2772,144.9527671,210.3235918,0
2773,144.9527671,210.3235918,0
2774,144.9527671,210.3235918,0
2775,144.9527671,213.1658025,0
2776,144.9527671,213.1658025,0
2777,144.9527671,213.1658025,0
2778,147.7949782,213.1658025,0
2779,147.7949782,213.1658025,0
2780,147.7949782,213.1658025,0
2781,147.7949782,213.1658025,0
2782,147.7949782,213.1658025,0
2783,147.7949782,213.1658025,0
2784,147.7949782,213.1658025,0
2785,147.7949782,213.1658025,0
2786,147.7949782,213.1658025,0
2787,147.7949782,213.1658025,0
2788,147.7949782,213.1658025,0
2789,147.7949782,213.1658025,0
2790,147.7949782,213.1658025,0
2791,147.7949782,213.1658025,0
2792,147.7949782,213.1658025,0
2793,147.7949782,213.1658025,0
2794,147.7949782,213.1658025,0
2795,147.7949782,213.1658025,0
2796,147.7949782,213.1658025,0
2797,147.7949782,213.1658025,0
2798,147.7949782,213.1658025,0
2799,147.7949782,213.1658025,0
2800,147.7949782,213.1658025,0
2801,147.7949782,213.1658025,0
2802,147.7949782,213.1658025,0
2803,147.7949782,213.1658025,0
2804,147.7949782,213.1658025,0
2805,147.7949782,213.1658025,0
2806,147.7949782,213.1658025,0
2807,147.7949782,213.1658025,0
2808,147.7949782,213.1658025,0
2809,147.7949782,213.1658025,0
2810,147.7949782,213.1658025,0
2811,147.7949782,213.1658025,0
2812,147.7949782,213.1658025,0
2813,147.7949782,213.1658025,0
2814,147.7949782,213.1658025,0
2815,147.7949782,213.1658025,0
2816,147.7949782,213.1658025,0
2817,147.7949782,213.1658025,0
2818,147.7949782,213.1658025,0
2819,147.7949782,213.1658025,0
2820,147.7949782,213.1658025,0
2821,147.7949782,213.1658025,0
2822,147.7949782,213.1658025,0
2823,147.7949782,213.1658025,0
2824,147.7949782,213.1658025,0
2825,147.7949782,213.1658025,0
2826,147.7949782,213.1658025,0
2827,147.7949782,213.1658025,0
2828,147.7949782,213.1658025,0
2829,147.7949782,213.1658025,0
2830,147.7949782,213.1658025,0
2831,147.7949782,213.1658025,0
2832,147.7949782,213.1658025,0
2833,147.7949782,213.1658025,0
2834,147.7949782,213.1658025,0
2835,147.7949782,213.1658025,0
2836,147.7949782,213.1658025,0
2837,147.7949782,210.3235918,0
2838,147.7949782,210.3235918,0
2839,147.7949782,210.3235918,0
2840,147.7949782,210.3235918,0
2841,147.7949782,210.3235918,0
2842,147.7949782,210.3235918,0
2843,147.7949782,210.3235918,0
2844,147.7949782,210.3235918,0
2845,147.7949782,210.3235918,0
2846,147.7949782,210.3235918,0
2847,147.7949782,210.3235918,0
2848,147.7949782,210.3235918,0
2849,147.7949782,210.3235918,0
2850,147.7949782,210.3235918,0
2851,147.7949782,210.3235918,0
2852,147.7949782,210.3235918,0
2853,147.7949782,210.3235918,0
2854,144.9527671,210.3235918,0
2855,147.7949782,210.3235918,0
2856,147.7949782,210.3235918,0
2857,147.7949782,210.3235918,0
2858,147.7949782,210.3235918,0
2859,147.7949782,210.3235918,0
2860,147.7949782,210.3235918,0
2861,147.7949782,210.3235918,0
2862,147.7949782,210.3235918,0
2863,147.7949782,210.3235918,0
2864,147.7949782,210.3235918,0
2865,147.7949782,210.3235918,0
2866,147.7949782,210.3235918,0
2867,147.7949782,210.3235918,0
2868,147.7949782,210.3235918,0
2869,147.7949782,210.3235918,0
2870,147.7949782,210.3235918,0
2871,147.7949782,210.3235918,0
2872,147.7949782,210.3235918,0
2873,147.7949782,210.3235918,0
2874,147.7949782,210.3235918,0
2875,147.7949782,210.3235918,0
2876,147.7949782,210.3235918,0
2877,147.7949782,210.3235918,0
2878,147.7949782,210.3235918,0
2879,147.7949782,210.3235918,0
2880,147.7949782,210.3235918,0
2881,147.7949782,210.3235918,0
2882,147.7949782,210.3235918,0
2883,147.7949782,210.3235918,0
2884,147.7949782,210.3235918,0
2885,147.7949782,210.3235918,0
2886,147.7949782,210.3235918,0
2887,147.7949782,210.3235918,0
2888,147.7949782,210.3235918,0
2889,147.7949782,210.3235918,0
2890,147.7949782,210.3235918,0
2891,147.7949782,210.3235918,0
2892,147.7949782,210.3235918,0
2893,147.7949782,213.1658025,0
2894,147.7949782,213.1658025,0
2895,147.7949782,213.1658025,0
2896,147.7949782,213.1658025,0
2897,147.7949782,213.1658025,0
2898,147.7949782,213.1658025,0
2899,147.7949782,213.1658025,0
2900,147.7949782,213.1658025,0
2901,147.7949782,213.1658025,0
2902,147.7949782,213.1658025,0
2903,147.7949782,213.1658025,0
2904,147.7949782,213.1658025,0
2905,144.9527671,213.1658025,0
2906,144.9527671,213.1658025,0
2907,144.9527671,213.1658025,0
2908,144.9527671,213.1658025,0
2909,144.9527671,213.1658025,0
2910,147.7949782,213.1658025,0
2911,147.7949782,213.1658025,0
2912,147.7949782,213.1658025,0
2913,147.7949782,213.1658025,0
2914,147.7949782,213.1658025,0
2915,147.7949782,213.1658025,0
2916,147.7949782,213.1658025,0
2917,147.7949782,213.1658025,0
2918,147.7949782,213.1658025,0
2919,147.7949782,213.1658025,0
2920,147.7949782,213.1658025,0
2921,147.7949782,213.1658025,0
2922,147.7949782,213.1658025,0
2923,147.7949782,213.1658025,0
2924,147.7949782,213.1658025,0
2925,147.7949782,213.1658025,0
2926,147.7949782,213.1658025,0
2927,147.7949782,213.1658025,0
2928,147.7949782,213.1658025,0
2929,147.7949782,213.1658025,0
2930,147.7949782,213.1658025,0
2931,147.7949782,213.1658025,0
2932,147.7949782,213.1658025,0
2933,147.7949782,213.1658025,0
2934,147.7949782,213.1658025,0
2935,147.7949782,213.1658025,0
2936,147.7949782,213.1658025,0
2937,147.7949782,213.1658025,0
2938,147.7949782,213.1658025,0
2939,147.7949782,213.1658025,0
2940,147.7949782,213.1658025,0
2941,147.7949782,213.1658025,0
2942,147.7949782,213.1658025,0
2943,147.7949782,210.3235918,0
2944,147.7949782,213.1658025,0
2945,147.7949782,213.1658025,0
2946,147.7949782,213.1658025,0
2947,147.7949782,213.1658025,0
2948,147.7949782,213.1658025,0
2949,147.7949782,213.1658025,0
2950,147.7949782,213.1658025,0
2951,147.7949782,213.1658025,0
2952,147.7949782,213.1658025,0
2953,147.7949782,213.1658025,0
2954,147.7949782,213.1658025,0
2955,147.7949782,213.1658025,0
2956,147.7949782,213.1658025,0
2957,147.7949782,213.1658025,0
2958,147.7949782,213.1658025,0
2959,147.7949782,213.1658025,0
2960,144.9527671,213.1658025,0
2961,144.9527671,213.1658025,0
2962,144.9527671,213.1658025,0
2963,144.9527671,213.1658025,0
2964,144.9527671,213.1658025,0
2965,144.9527671,213.1658025,0
2966,144.9527671,213.1658025,0
2967,144.9527671,213.1658025,0
2968,144.9527671,213.1658025,0
2969,144.9527671,213.1658025,0
2970,144.9527671,213.1658025,0
2971,144.9527671,213.1658025,0
2972,144.9527671,213.1658025,0
2973,144.9527671,213.1658025,0
2974,144.9527671,213.1658025,0
2975,144.9527671,213.1658025,0
2976,144.9527671,213.1658025,0
2977,144.9527671,213.1658025,0
2978,139.2683449,213.1658025,0
2979,139.2683449,213.1658025,0
2980,139.2683449,213.1658025,0
2981,139.2683449,213.1658025,0
2982,139.2683449,213.1658025,0
2983,139.2683449,213.1658025,0
2984,144.9527671,213.1658025,0
2985,144.9527671,213.1658025,0
2986,144.9527671,213.1658025,0
2987,144.9527671,213.1658025,0
2988,144.9527671,213.1658025,0
2989,144.9527671,213.1658025,0
2990,144.9527671,213.1658025,0
2991,144.9527671,213.1658025,0
2992,144.9527671,213.1658025,0
2993,144.9527671,213.1658025,0
2994,144.9527671,210.3235918,0
2995,144.9527671,210.3235918,0
2996,144.9527671,210.3235918,0
2997,144.9527671,210.3235918,0
2998,144.9527671,210.3235918,0
2999,144.9527671,210.3235918,0
3000,144.9527671,210.3235918,0
3001,144.9527671,210.3235918,0
3002,144.9527671,210.3235918,0
3003,144.9527671,210.3235918,0
3004,144.9527671,210.3235918,0
3005,144.9527671,210.3235918,0
3006,144.9527671,210.3235918,0
3007,144.9527671,210.3235918,0
3008,144.9527671,210.3235918,0
3009,144.9527671,210.3235918,0
3010,144.9527671,210.3235918,0
3011,144.9527671,210.3235918,0
3012,144.9527671,210.3235918,0
3013,144.9527671,210.3235918,0
3014,144.9527671,210.3235918,0
3015,144.9527671,210.3235918,0
3016,144.9527671,210.3235918,0
3017,144.9527671,210.3235918,0
3018,144.9527671,210.3235918,0
3019,144.9527671,210.3235918,0
3020,144.9527671,210.3235918,0
3021,144.9527671,210.3235918,0
3022,144.9527671,210.3235918,0
3023,144.9527671,210.3235918,0
3024,144.9527671,210.3235918,0
3025,144.9527671,210.3235918,0
3026,144.9527671,210.3235918,0
3027,144.9527671,210.3235918,0
3028,144.9527671,210.3235918,0
3029,144.9527671,210.3235918,0
3030,144.9527671,210.3235918,0
3031,144.9527671,210.3235918,0
3032,144.9527671,210.3235918,0
3033,144.9527671,210.3235918,0
3034,144.9527671,210.3235918,0
3035,144.9527671,210.3235918,0
3036,144.9527671,210.3235918,0
3037,144.9527671,210.3235918,0
3038,144.9527671,210.3235918,0
3039,144.9527671,210.3235918,0
3040,144.9527671,210.3235918,0
3041,144.9527671,210.3235918,0
3042,144.9527671,210.3235918,0
3043,144.9527671,210.3235918,0
3044,144.9527671,210.3235918,0
3045,144.9527671,210.3235918,0
3046,144.9527671,210.3235918,0
3047,144.9527671,210.3235918,0
3048,144.9527671,210.3235918,0
3049,144.9527671,210.3235918,0
3050,144.9527671,210.3235918,0
3051,144.9527671,210.3235918,0
3052,144.9527671,210.3235918,0
3053,144.9527671,210.3235918,0
3054,144.9527671,210.3235918,0
3055,144.9527671,207.4813811,0
3056,144.9527671,207.4813811,0
3057,144.9527671,207.4813811,0
3058,144.9527671,207.4813811,0
3059,144.9527671,207.4813811,0
3060,144.9527671,207.4813811,0
3061,144.9527671,207.4813811,0
3062,144.9527671,207.4813811,0
3063,144.9527671,207.4813811,0
3064,144.9527671,207.4813811,0
3065,144.9527671,207.4813811,0
3066,144.9527671,207.4813811,0
3067,144.9527671,207.4813811,0
3068,144.9527671,207.4813811,0
3069,144.9527671,207.4813811,0
3070,144.9527671,207.4813811,0
3071,144.9527671,207.4813811,0
3072,144.9527671,207.4813811,0
3073,144.9527671,207.4813811,0
3074,144.9527671,207.4813811,0
3075,144.9527671,207.4813811,0
3076,144.9527671,207.4813811,0
3077,144.9527671,213.1658025,0
3078,144.9527671,213.1658025,0
3079,144.9527671,213.1658025,0
3080,144.9527671,213.1658025,0
3081,144.9527671,213.1658025,0
3082,144.9527671,213.1658025,0
3083,144.9527671,213.1658025,0
3084,144.9527671,213.1658025,0
3085,144.9527671,213.1658025,0
3086,144.9527671,213.1658025,0
3087,144.9527671,213.1658025,0
3088,144.9527671,213.1658025,0
3089,144.9527671,213.1658025,0
3090,144.9527671,213.1658025,0
3091,144.9527671,213.1658025,0
3092,144.9527671,213.1658025,0
3093,144.9527671,213.1658025,0
3094,144.9527671,213.1658025,0
3095,144.9527671,213.1658025,0
3096,144.9527671,213.1658025,0
3097,144.9527671,213.1658025,0
3098,144.9527671,213.1658025,0
3099,144.9527671,213.1658025,0
3100,144.9527671,213.1658025,0
3101,144.9527671,213.1658025,0
3102,144.9527671,213.1658025,0
3103,144.9527671,213.1658025,0
3104,144.9527671,213.1658025,0
3105,144.9527671,213.1658025,0
3106,144.9527671,213.1658025,0
3107,144.9527671,213.1658025,0
3108,144.9527671,213.1658025,0
3109,144.9527671,213.1658025,0
3110,144.9527671,213.1658025,0
3111,144.9527671,213.1658025,0
3112,144.9527671,213.1658025,0
3113,144.9527671,213.1658025,0
3114,144.9527671,213.1658025,0
3115,144.9527671,213.1658025,0
3116,144.9527671,213.1658025,0
3117,144.9527671,213.1658025,0
3118,144.9527671,213.1658025,0
3119,144.9527671,213.1658025,0
3120,144.9527671,213.1658025,0
3121,144.9527671,213.1658025,0
3122,144.9527671,213.1658025,0
3123,144.9527671,213.1658025,0
3124,144.9527671,213.1658025,0
3125,144.9527671,213.1658025,0
3126,144.9527671,213.1658025,0
3127,144.9527671,210.3235918,0
3128,144.9527671,210.3235918,0
3129,144.9527671,210.3235918,0
3130,144.9527671,210.3235918,0
3131,144.9527671,210.3235918,0
3132,144.9527671,210.3235918,0
3133,144.9527671,210.3235918,0
3134,144.9527671,210.3235918,0
3135,144.9527671,210.3235918,0
3136,144.9527671,210.3235918,0
3137,144.9527671,210.3235918,0
3138,144.9527671,210.3235918,0
3139,144.9527671,210.3235918,0
3140,144.9527671,213.1658025,0
3141,144.9527671,213.1658025,0
3142,144.9527671,213.1658025,0
3143,144.9527671,213.1658025,0
3144,144.9527671,213.1658025,0
3145,144.9527671,213.1658025,0
3146,144.9527671,213.1658025,0
3147,144.9527671,213.1658025,0
3148,144.9527671,213.1658025,0
3149,144.9527671,213.1658025,0
3150,144.9527671,213.1658025,0
3151,144.9527671,213.1658025,0
3152,144.9527671,213.1658025,0
3153,144.9527671,213.1658025,0
3154,144.9527671,213.1658025,0
3155,144.9527671,213.1658025,0
3156,144.9527671,213.1658025,0
3157,144.9527671,213.1658025,0
3158,144.9527671,213.1658025,0
3159,144.9527671,213.1658025,0
3160,144.9527671,213.1658025,0
3161,144.9527671,213.1658025,0
3162,142.1105559,213.1658025,0
3163,142.1105559,213.1658025,0
3164,142.1105559,213.1658025,0
3165,142.1105559,213.1658025,0
3166,142.1105559,213.1658025,0
3167,142.1105559,213.1658025,0
3168,142.1105559,213.1658025,0
3169,142.1105559,213.1658025,0
3170,144.9527671,213.1658025,0
3171,144.9527671,213.1658025,0
3172,144.9527671,213.1658025,0
3173,144.9527671,213.1658025,0
3174,144.9527671,213.1658025,0
3175,144.9527671,213.1658025,0
3176,144.9527671,213.1658025,0
3177,144.9527671,213.1658025,0
3178,144.9527671,213.1658025,0
3179,144.9527671,213.1658025,0
3180,144.9527671,213.1658025,0
3181,144.9527671,213.1658025,0
3182,144.9527671,213.1658025,0
3183,144.9527671,213.1658025,0
3184,144.9527671,213.1658025,0
3185,144.9527671,213.1658025,0
3186,144.9527671,213.1658025,0
3187,144.9527671,213.1658025,0
3188,144.9527671,213.1658025,0
3189,144.9527671,213.1658025,0
3190,144.9527671,210.3235918,0
3191,144.9527671,210.3235918,0
3192,144.9527671,210.3235918,0
3193,144.9527671,210.3235918,0
3194,144.9527671,210.3235918,0
3195,144.9527671,210.3235918,0
3196,144.9527671,210.3235918,0
3197,144.9527671,210.3235918,0
3198,144.9527671,210.3235918,0
3199,144.9527671,210.3235918,0
3200,144.9527671,210.3235918,0
3201,144.9527671,210.3235918,0
3202,144.9527671,210.3235918,0
3203,144.9527671,210.3235918,0
3204,144.9527671,210.3235918,0
3205,144.9527671,210.3235918,0
3206,144.9527671,210.3235918,0
3207,144.9527671,210.3235918,0
3208,144.9527671,210.3235918,0
3209,144.9527671,210.3235918,0
3210,144.9527671,210.3235918,0
3211,144.9527671,210.3235918,0
3212,144.9527671,210.3235918,0
3213,144.9527671,210.3235918,0
3214,144.9527671,210.3235918,0
3215,144.9527671,210.3235918,0
3216,144.9527671,210.3235918,0
3217,144.9527671,210.3235918,0
3218,144.9527671,210.3235918,0
3219,144.9527671,210.3235918,0
3220,142.110556,210.3235918,0
3221,142.110556,210.3235918,0
3222,142.110556,210.3235918,0
3223,142.110556,210.3235918,0
3224,142.110556,210.3235918,0
3225,142.110556,210.3235918,0
3226,142.110556,210.3235918,0
3227,142.110556,210.3235918,0
3228,142.110556,210.3235918,0
3229,142.110556,210.3235918,0
3230,142.110556,210.3235918,0
3231,142.110556,210.3235918,0
3232,142.110556,210.3235918,0
3233,142.110556,210.3235918,0
3234,142.110556,210.3235918,0
3235,142.110556,210.3235918,0
3236,142.110556,210.3235918,0
3237,142.110556,210.3235918,0
3238,142.110556,210.3235918,0
3239,142.110556,210.3235918,0
3240,142.110556,210.3235918,0
3241,142.110556,210.3235918,0
3242,142.110556,210.3235918,0
3243,142.110556,210.3235918,0
3244,142.110556,210.3235918,0
3245,142.110556,210.3235918,0
3246,142.110556,210.3235918,0
3247,142.110556,210.3235918,0
3248,142.110556,210.3235918,0
3249,142.110556,210.3235918,0
3250,142.110556,210.3235918,0
3251,142.110556,210.3235918,0
3252,142.110556,210.3235918,0
3253,142.110556,210.3235918,0
3254,142.110556,210.3235918,0
3255,142.110556,210.3235918,0
3256,142.110556,210.3235918,0
3257,142.110556,210.3235918,0
3258,142.110556,210.3235918,0
3259,142.110556,210.3235918,0
3260,142.110556,210.3235918,0
3261,142.110556,210.3235918,0
3262,142.110556,210.3235918,0
3263,142.1105559,210.3235918,0
3264,142.1105559,210.3235918,0
3265,142.1105559,210.3235918,0
3266,142.1105559,210.3235918,0
3267,142.1105559,210.3235918,0
3268,142.110556,210.3235918,0
3269,142.110556,210.3235918,0
3270,142.110556,210.3235918,0
3271,142.110556,210.3235918,0
3272,142.110556,210.3235918,0
3273,142.110556,210.3235918,0
3274,142.110556,210.3235918,0
3275,142.110556,210.3235918,0
3276,142.110556,210.3235918,0
3277,142.110556,210.3235918,0
3278,142.110556,210.3235918,0
3279,142.110556,210.3235918,0
3280,142.110556,210.3235918,0
3281,142.110556,210.3235918,0
3282,142.110556,210.3235918,0
3283,142.110556,210.3235918,0
3284,142.110556,210.3235918,0
3285,142.110556,210.3235918,0
3286,142.110556,210.3235918,0
3287,142.110556,210.3235918,0
3288,142.110556,210.3235918,0
3289,142.110556,210.3235918,0
3290,142.110556,210.3235918,0
3291,142.110556,210.3235918,0
3292,142.110556,210.3235918,0
3293,142.110556,210.3235918,0
3294,142.110556,210.3235918,0
3295,142.110556,210.3235918,0
3296,142.110556,210.3235918,0
3297,142.110556,210.3235918,0
3298,142.110556,210.3235918,0
3299,142.110556,210.3235918,0
3300,142.110556,210.3235918,0
3301,142.110556,210.3235918,0
3302,142.110556,210.3235918,0
3303,142.110556,210.3235918,0
3304,142.110556,210.3235918,0
3305,142.110556,210.3235918,0
3306,142.110556,210.3235918,0
3307,142.110556,210.3235918,0
3308,142.110556,210.3235918,0
3309,142.110556,210.3235918,0
3310,142.110556,210.3235918,0
3311,142.110556,210.3235918,0
3312,142.110556,210.3235918,0
3313,142.110556,210.3235918,0
3314,142.110556,210.3235918,0
3315,142.110556,210.3235918,0
3316,142.110556,210.3235918,0
3317,142.110556,210.3235918,0
3318,139.2683448,210.3235918,0
3319,139.2683448,210.3235918,0
3320,139.2683448,210.3235918,0
3321,139.2683448,210.3235918,0
3322,139.2683448,210.3235918,0
3323,139.2683448,210.3235918,0
3324,139.2683448,210.3235918,0
3325,139.2683448,210.3235918,0
3326,139.2683448,210.3235918,0
3327,139.2683448,210.3235918,0
3328,139.2683448,210.3235918,0
3329,139.2683448,210.3235918,0
3330,139.2683448,210.3235918,0
3331,139.2683448,210.3235918,0
3332,139.2683448,210.3235918,0
3333,139.2683448,210.3235918,0
3334,139.2683448,210.3235918,0
3335,139.2683448,210.3235918,0
3336,139.2683448,210.3235918,0
3337,139.2683448,210.3235918,0
3338,139.2683448,210.3235918,0
3339,139.2683448,210.3235918,0
3340,139.2683448,210.3235918,0
3341,139.2683448,210.3235918,0
3342,139.2683448,210.3235918,0
3343,139.2683448,210.3235918,0
3344,139.2683448,210.3235918,0
3345,139.2683448,210.3235918,0
3346,139.2683448,210.3235918,0
3347,139.2683448,210.3235918,0
3348,139.2683448,210.3235918,0
3349,139.2683448,210.3235918,0
3350,139.2683448,210.3235918,0
3351,139.2683448,210.3235918,0
3352,139.2683448,210.3235918,0
3353,139.2683448,210.3235918,0
3354,139.2683448,210.3235918,0
3355,139.2683448,210.3235918,0
3356,139.2683448,210.3235918,0
3357,139.2683448,210.3235918,0
3358,139.2683448,210.3235918,0
3359,139.2683448,210.3235918,0
3360,139.2683448,210.3235918,0
3361,139.2683448,210.3235918,0
3362,139.2683448,210.3235918,0
3363,139.2683448,210.3235918,0
3364,139.2683448,210.3235918,0
3365,139.2683448,210.3235918,0
3366,139.2683448,210.3235918,0
3367,139.2683448,210.3235918,0
3368,139.2683448,210.3235918,0
3369,139.2683448,210.3235918,0
3370,139.2683448,210.3235918,0
3371,139.2683448,210.3235918,0
3372,139.2683448,210.3235918,0
3373,139.2683448,207.4813811,0
3374,139.2683448,207.4813811,0
3375,139.2683448,207.4813811,0
3376,139.2683448,207.4813811,0
3377,139.2683448,207.4813811,0
3378,139.2683448,207.4813811,0
3379,139.2683448,207.4813811,0
3380,139.2683448,207.4813811,0
3381,139.2683448,207.4813811,0
3382,139.2683448,207.4813811,0
3383,139.2683448,207.4813811,0
3384,139.2683448,207.4813811,0
3385,139.2683448,207.4813811,0
3386,139.2683448,207.4813811,0
3387,139.2683448,207.4813811,0
3388,139.2683448,213.1658025,0
3389,139.2683448,213.1658025,0
3390,139.2683448,213.1658025,0
3391,139.2683448,213.1658025,0
3392,139.2683448,213.1658025,0
3393,139.2683448,213.1658025,0
3394,139.2683448,213.1658025,0
3395,139.2683448,213.1658025,0
3396,139.2683448,213.1658025,0
3397,139.2683448,213.1658025,0
3398,139.2683448,213.1658025,0
3399,139.2683448,213.1658025,0
3400,139.2683448,213.1658025,0
3401,136.4261337,213.1658025,0
3402,136.4261337,213.1658025,0
3403,136.4261337,213.1658025,0
3404,136.4261337,213.1658025,0
3405,136.4261337,213.1658025,0
3406,136.4261337,213.1658025,0
3407,136.4261337,213.1658025,0
3408,139.2683448,213.1658025,0
3409,139.2683448,213.1658025,0
3410,139.2683448,213.1658025,0
3411,139.2683448,213.1658025,0
3412,139.2683448,213.1658025,0
3413,139.2683448,213.1658025,0
3414,139.2683448,213.1658025,0
3415,139.2683448,213.1658025,0
3416,139.2683448,213.1658025,0
3417,139.2683448,213.1658025,0
3418,139.2683448,213.1658025,0
3419,139.2683448,213.1658025,0
3420,139.2683448,213.1658025,0
3421,139.2683448,213.1658025,0
3422,139.2683448,213.1658025,0
3423,139.2683448,213.1658025,0
3424,139.2683448,213.1658025,0
3425,139.2683448,213.1658025,0
3426,139.2683448,213.1658025,0
3427,139.2683448,213.1658025,0
3428,139.2683448,213.1658025,0
3429,139.2683448,213.1658025,0
3430,139.2683448,213.1658025,0
3431,139.2683448,213.1658025,0
3432,139.2683448,213.1658025,0
3433,139.2683448,213.1658025,0
3434,139.2683448,213.1658025,0
3435,139.2683448,213.1658025,0
3436,139.2683448,213.1658025,0
3437,139.2683448,213.1658025,0
3438,139.2683448,210.3235918,0
3439,139.2683448,207.4813811,0
3440,139.2683448,207.4813811,0
3441,139.2683448,207.4813811,0
3442,139.2683448,207.4813811,0
3443,139.2683448,207.4813811,0
3444,139.2683448,207.4813811,0
3445,139.2683448,207.4813811,0
3446,139.2683448,207.4813811,0
3447,139.2683448,207.4813811,0
3448,139.2683448,207.4813811,0
3449,139.2683448,207.4813811,0
3450,139.2683448,207.4813811,0
3451,139.2683448,207.4813811,0
3452,139.2683448,207.4813811,0
3453,139.2683448,207.4813811,0
3454,139.2683448,207.4813811,0
3455,139.2683448,207.4813811,0
3456,139.2683448,207.4813811,0
3457,139.2683448,207.4813811,0
3458,139.2683448,207.4813811,0
3459,139.2683448,207.4813811,0
3460,139.2683448,207.4813811,0
3461,139.2683448,207.4813811,0
3462,139.2683448,207.4813811,0
3463,139.2683448,207.4813811,0
3464,139.2683448,207.4813811,0
3465,139.2683448,207.4813811,0
3466,139.2683448,207.4813811,0
3467,139.2683448,207.4813811,0
3468,139.2683448,207.4813811,0
3469,139.2683448,207.4813811,0
3470,139.2683448,207.4813811,0
3471,139.2683448,207.4813811,0
3472,139.2683448,207.4813811,0
3473,139.2683448,207.4813811,0
3474,139.2683448,207.4813811,0
3475,139.2683448,207.4813811,0
3476,139.2683448,207.4813811,0
3477,139.2683448,207.4813811,0
3478,139.2683448,207.4813811,0
3479,139.2683448,207.4813811,0
3480,139.2683448,207.4813811,0
3481,139.2683448,207.4813811,0
3482,139.2683448,210.3235918,0
3483,139.2683448,210.3235918,0
3484,139.2683448,210.3235918,0
3485,139.2683448,210.3235918,0
3486,139.2683448,210.3235918,0
3487,139.2683448,210.3235918,0
3488,136.4261337,210.3235918,0
3489,136.4261337,210.3235918,0
3490,136.4261337,210.3235918,0
3491,139.2683449,210.3235918,0
3492,139.2683449,210.3235918,0
3493,139.2683449,210.3235918,0
3494,139.2683449,210.3235918,0
3495,139.2683449,210.3235918,0
3496,139.2683449,210.3235918,0
3497,139.2683449,210.3235918,0
3498,139.2683449,210.3235918,0
3499,139.2683449,210.3235918,0
3500,139.2683449,210.3235918,0
3501,139.2683449,210.3235918,0
3502,139.2683449,210.3235918,0
3503,139.2683449,210.3235918,0
3504,139.2683449,210.3235918,0
3505,139.2683449,210.3235918,0
3506,139.2683449,210.3235918,0
3507,139.2683449,210.3235918,0
3508,139.2683449,210.3235918,0
3509,139.2683449,210.3235918,0
3510,139.2683449,210.3235918,0
3511,139.2683449,210.3235918,0
3512,139.2683449,210.3235918,0
3513,139.2683449,210.3235918,0
3514,139.2683449,210.3235918,0
3515,139.2683449,210.3235918,0
3516,139.2683449,210.3235918,0
3517,139.2683449,210.3235918,0
3518,139.2683449,210.3235918,0
3519,139.2683449,210.3235918,0
3520,139.2683449,210.3235918,0
3521,139.2683449,210.3235918,0
3522,139.2683449,210.3235918,0
3523,139.2683449,210.3235918,0
3524,139.2683449,210.3235918,0
3525,139.2683449,210.3235918,0
3526,139.2683449,210.3235918,0
3527,139.2683449,210.3235918,0
3528,139.2683449,210.3235918,0
3529,139.2683449,210.3235918,0
3530,139.2683449,210.3235918,0
3531,139.2683449,210.3235918,0
3532,139.2683449,210.3235918,0
3533,139.2683449,210.3235918,0
3534,139.2683449,210.3235918,0
3535,139.2683449,210.3235918,0
3536,139.2683449,210.3235918,0
3537,139.2683449,210.3235918,0
3538,139.2683449,210.3235918,0
3539,139.2683449,210.3235918,0
3540,139.2683449,210.3235918,0
3541,136.4261337,210.3235918,0
3542,136.4261337,210.3235918,0
3543,136.4261337,210.3235918,0
3544,136.4261337,210.3235918,0
3545,136.4261337,210.3235918,0
3546,136.4261337,210.3235918,0
3547,136.4261337,210.3235918,0
3548,136.4261337,210.3235918,0
3549,136.4261337,210.3235918,0
3550,136.4261337,210.3235918,0
3551,136.4261337,207.4813811,0
3552,136.4261337,207.4813811,0
3553,136.4261337,207.4813811,0
3554,136.4261337,207.4813811,0
3555,136.4261337,207.4813811,0
3556,136.4261337,207.4813811,0
3557,136.4261337,207.4813811,0
3558,136.4261337,207.4813811,0
3559,136.4261337,207.4813811,0
3560,136.4261337,207.4813811,0
3561,136.4261337,207.4813811,0
3562,136.4261337,207.4813811,0
3563,136.4261337,207.4813811,0
3564,136.4261337,207.4813811,0
3565,136.4261337,207.4813811,0
3566,136.4261337,207.4813811,0
3567,136.4261337,210.3235918,0
3568,136.4261337,210.3235918,0
3569,136.4261337,210.3235918,0
3570,136.4261337,210.3235918,0
3571,136.4261337,210.3235918,0
3572,136.4261337,210.3235918,0
3573,136.4261337,210.3235918,0
3574,136.4261337,210.3235918,0
3575,136.4261337,210.3235918,0
3576,136.4261337,210.3235918,0
3577,136.4261337,210.3235918,0
3578,136.4261337,210.3235918,0
3579,136.4261337,210.3235918,0
3580,136.4261337,210.3235918,0
3581,136.4261337,210.3235918,0
3582,136.4261337,210.3235918,0
3583,136.4261337,210.3235918,0
3584,136.4261337,210.3235918,0
3585,136.4261337,210.3235918,0
3586,136.4261337,210.3235918,0
3587,136.4261337,210.3235918,0
3588,136.4261337,210.3235918,0
3589,136.4261337,210.3235918,0
3590,136.4261337,210.3235918,0
3591,136.4261337,210.3235918,0
3592,136.4261337,210.3235918,0
3593,136.4261337,210.3235918,0
3594,136.4261337,210.3235918,0
3595,136.4261337,210.3235918,0
3596,136.4261337,210.3235918,0
3597,136.4261337,210.3235918,0
3598,136.4261337,210.3235918,0
3599,136.4261337,210.3235918,0
3600,136.4261337,210.3235918,0
3601,136.4261337,210.3235918,0
3602,136.4261337,210.3235918,0
3603,136.4261337,210.3235918,0
3604,136.4261337,210.3235918,0
3605,136.4261337,210.3235918,0
3606,136.4261337,210.3235918,0
3607,136.4261337,210.3235918,0
3608,136.4261337,210.3235918,0
3609,136.4261337,210.3235918,0
3610,136.4261337,210.3235918,0
3611,136.4261337,210.3235918,0
3612,136.4261337,210.3235918,0
3613,136.4261337,210.3235918,0
3614,136.4261337,210.3235918,0
3615,136.4261337,210.3235918,0
3616,136.4261337,213.1658025,0
3617,136.4261337,213.1658025,0
3618,136.4261337,213.1658025,0
3619,136.4261337,213.1658025,0
3620,136.4261337,213.1658025,0
3621,136.4261337,213.1658025,0
3622,136.4261337,213.1658025,0
3623,136.4261337,213.1658025,0
3624,136.4261337,213.1658025,0
3625,136.4261337,213.1658025,0
3626,136.4261337,213.1658025,0
3627,136.4261337,213.1658025,0
3628,136.4261337,213.1658025,0
3629,136.4261337,213.1658025,0
3630,136.4261337,213.1658025,0
3631,136.4261337,213.1658025,0
3632,136.4261337,213.1658025,0
3633,136.4261337,213.1658025,0
3634,136.4261337,213.1658025,0
3635,136.4261337,213.1658025,0
3636,136.4261337,213.1658025,0
3637,136.4261337,213.1658025,0
3638,136.4261337,213.1658025,0
3639,136.4261337,213.1658025,0
3640,136.4261337,213.1658025,0
3641,136.4261337,213.1658025,0
3642,136.4261337,213.1658025,0
3643,139.2683448,213.1658025,0
3644,139.2683448,213.1658025,0
3645,139.2683448,213.1658025,0
3646,139.2683448,213.1658025,0
3647,139.2683448,213.1658025,0
3648,139.2683448,213.1658025,0
3649,139.2683448,213.1658025,0
3650,139.2683448,213.1658025,0
3651,139.2683448,213.1658025,0
3652,139.2683448,213.1658025,0
3653,139.2683448,213.1658025,0
3654,139.2683448,213.1658025,0
3655,139.2683448,213.1658025,0
3656,139.2683448,213.1658025,0
3657,139.2683448,213.1658025,0
3658,139.2683448,213.1658025,0
3659,139.2683448,213.1658025,0
3660,139.2683448,213.1658025,0
3661,139.2683448,213.1658025,0
3662,139.2683448,213.1658025,0
3663,139.2683448,213.1658025,0
3664,139.2683448,213.1658025,0
3665,139.2683448,213.1658025,0
3666,139.2683448,210.3235918,0
3667,139.2683448,210.3235918,0
3668,139.2683448,210.3235918,0
3669,139.2683448,210.3235918,0
3670,139.2683448,210.3235918,0
3671,139.2683448,210.3235918,0
3672,139.2683448,210.3235918,0
3673,139.2683448,210.3235918,0
3674,139.2683448,210.3235918,0
3675,139.2683448,210.3235918,0
3676,139.2683448,210.3235918,0
3677,139.2683448,210.3235918,0
3678,139.2683448,213.1658025,0
3679,139.2683448,213.1658025,0
3680,139.2683448,213.1658025,0
3681,139.2683448,213.1658025,0
3682,139.2683448,213.1658025,0
3683,139.2683448,213.1658025,0
3684,139.2683448,213.1658025,0
3685,139.2683448,213.1658025,0
3686,139.2683448,213.1658025,0
3687,139.2683448,213.1658025,0
3688,139.2683448,213.1658025,0
3689,139.2683448,213.1658025,0
3690,139.2683448,213.1658025,0
3691,139.2683448,213.1658025,0
3692,139.2683448,213.1658025,0
3693,136.4261337,213.1658025,0
3694,136.4261337,213.1658025,0
3695,136.4261337,213.1658025,0
3696,136.4261337,213.1658025,0
3697,136.4261337,213.1658025,0
3698,136.4261337,213.1658025,0
3699,136.4261337,213.1658025,0
3700,136.4261337,213.1658025,0
3701,136.4261337,213.1658025,0
3702,136.4261337,213.1658025,0
3703,136.4261337,213.1658025,0
3704,136.4261337,213.1658025,0
3705,136.4261337,213.1658025,0
3706,136.4261337,213.1658025,0
3707,136.4261337,213.1658025,0
3708,133.5839226,213.1658025,0
3709,133.5839226,213.1658025,0
3710,133.5839226,213.1658025,0
3711,133.5839226,213.1658025,0
3712,139.2683448,213.1658025,0
3713,139.2683448,213.1658025,0
3714,139.2683448,213.1658025,0
3715,139.2683448,213.1658025,0
3716,139.2683448,213.1658025,0
3717,139.2683448,213.1658025,0
3718,139.2683448,213.1658025,0
3719,139.2683448,213.1658025,0
3720,139.2683448,213.1658025,0
3721,139.2683448,213.1658025,0
3722,139.2683448,213.1658025,0
3723,139.2683448,213.1658025,0
3724,139.2683448,213.1658025,0
3725,139.2683448,213.1658025,0
3726,139.2683448,213.1658025,0
3727,139.2683448,213.1658025,0
3728,139.2683448,210.3235918,0
3729,139.2683448,210.3235918,0
3730,139.2683448,210.3235918,0
3731,139.2683448,210.3235918,0
3732,139.2683448,210.3235918,0
3733,139.2683448,210.3235918,0
3734,139.2683448,210.3235918,0
3735,139.2683448,210.3235918,0
3736,139.2683448,210.3235918,0
3737,139.2683448,210.3235918,0
3738,139.2683448,210.3235918,0
3739,139.2683448,210.3235918,0
3740,139.2683448,210.3235918,0
3741,139.2683448,210.3235918,0
3742,139.2683448,210.3235918,0
3743,139.2683448,210.3235918,0
3744,139.2683448,210.3235918,0
3745,139.2683448,210.3235918,0
3746,139.2683448,210.3235918,0
3747,139.2683448,210.3235918,0
3748,139.2683448,210.3235918,0
3749,139.2683448,210.3235918,0
3750,139.2683448,210.3235918,0
3751,139.2683448,210.3235918,0
3752,139.2683448,210.3235918,0
3753,139.2683448,210.3235918,0
3754,139.2683448,210.3235918,0
3755,139.2683448,210.3235918,0
3756,139.2683448,210.3235918,0
3757,139.2683448,210.3235918,0
3758,139.2683448,210.3235918,0
3759,139.2683448,210.3235918,0
3760,139.2683448,210.3235918,0
3761,139.2683448,210.3235918,0
3762,133.5839226,210.3235918,0
3763,133.5839226,210.3235918,0
3764,133.5839226,210.3235918,0
3765,133.5839226,210.3235918,0
3766,133.5839226,210.3235918,0
3767,133.5839226,210.3235918,0
3768,133.5839226,210.3235918,0
3769,133.5839226,210.3235918,0
3770,133.5839226,210.3235918,0
3771,133.5839226,210.3235918,0
3772,133.5839226,210.3235918,0
3773,133.5839226,210.3235918,0
3774,133.5839226,210.3235918,0
3775,133.5839226,210.3235918,0
3776,133.5839226,210.3235918,0
3777,133.5839226,210.3235918,0
3778,133.5839226,210.3235918,0
3779,133.5839226,210.3235918,0
3780,133.5839226,210.3235918,0
3781,133.5839226,210.3235918,0
3782,133.5839226,210.3235918,0
3783,133.5839226,210.3235918,0
3784,133.5839226,210.3235918,0
3785,133.5839226,210.3235918,0
3786,133.5839226,210.3235918,0
3787,133.5839226,210.3235918,0
3788,133.5839226,210.3235918,0
3789,133.5839226,210.3235918,0
3790,133.5839226,210.3235918,0
3791,133.5839226,210.3235918,0
3792,133.5839226,210.3235918,0
3793,133.5839226,210.3235918,0
3794,133.5839226,210.3235918,0
3795,133.5839226,210.3235918,0
3796,133.5839226,210.3235918,0
3797,133.5839226,210.3235918,0
3798,133.5839226,210.3235918,0
3799,133.5839226,210.3235918,0
3800,136.4261337,210.3235918,0
3801,136.4261337,210.3235918,0
3802,136.4261337,210.3235918,0
3803,136.4261337,210.3235918,0
3804,136.4261337,210.3235918,0
3805,136.4261337,210.3235918,0
3806,136.4261337,210.3235918,0
3807,136.4261337,210.3235918,0
3808,136.4261337,210.3235918,0
3809,136.4261337,210.3235918,0
3810,136.4261337,210.3235918,0
3811,136.4261337,210.3235918,0
3812,136.4261337,210.3235918,0
3813,136.4261337,210.3235918,0
3814,136.4261337,210.3235918,0
3815,136.4261337,210.3235918,0
3816,136.4261337,210.3235918,0
3817,136.4261337,210.3235918,0
3818,136.4261337,210.3235918,0
3819,136.4261337,210.3235918,0
3820,136.4261337,210.3235918,0
3821,136.4261337,210.3235918,0
3822,136.4261337,210.3235918,0
3823,136.4261337,210.3235918,0
3824,136.4261337,210.3235918,0
3825,136.4261337,210.3235918,0
3826,136.4261337,210.3235918,0
3827,136.4261337,210.3235918,0
3828,136.4261337,210.3235918,0
3829,136.4261337,210.3235918,0
3830,136.4261337,210.3235918,0
3831,136.4261337,210.3235918,0
3832,139.2683447,210.3235918,0
3833,139.2683447,210.3235918,0
3834,139.2683447,210.3235918,0
3835,139.2683447,210.3235918,0
3836,139.2683447,210.3235918,0
3837,139.2683447,210.3235918,0
3838,139.2683447,210.3235918,0
3839,139.2683447,210.3235918,0
3840,139.2683447,210.3235918,0
3841,139.2683447,210.3235918,0
3842,139.2683447,210.3235918,0
3843,139.2683447,210.3235918,0
3844,139.2683447,210.3235918,0
3845,139.2683447,210.3235918,0
3846,139.2683447,210.3235918,0
3847,139.2683447,210.3235918,0
3848,139.2683447,210.3235918,0
3849,139.2683447,210.3235918,0
3850,139.2683447,210.3235918,0
3851,139.2683447,210.3235918,0
3852,139.2683447,210.3235918,0
3853,139.2683447,210.3235918,0
3854,139.2683447,210.3235918,0
3855,139.2683447,210.3235918,0
3856,139.2683447,210.3235918,0
3857,139.2683447,210.3235918,0
3858,139.2683447,210.3235918,0
3859,139.2683447,210.3235918,0
3860,139.2683447,210.3235918,0
3861,139.2683447,210.3235918,0
3862,139.2683447,210.3235918,0
3863,139.2683447,210.3235918,0
3864,139.2683447,210.3235918,0
3865,139.2683447,210.3235918,0
3866,139.2683447,210.3235918,0
3867,139.2683447,210.3235918,0
3868,139.2683447,210.3235918,0
3869,139.2683447,210.3235918,0
3870,139.2683447,210.3235918,0
3871,139.2683447,210.3235918,0
3872,139.2683447,210.3235918,0
3873,139.2683447,210.3235918,0
3874,139.2683447,210.3235918,0
3875,139.2683447,210.3235918,0
3876,139.2683447,210.3235918,0
3877,139.2683447,210.3235918,0
3878,139.2683447,210.3235918,0
3879,139.2683447,210.3235918,0
3880,139.2683447,210.3235918,0
3881,139.2683447,210.3235918,0
3882,136.4261337,210.3235918,0
3883,136.4261337,210.3235918,0
3884,136.4261337,210.3235918,0
3885,136.4261337,210.3235918,0
3886,136.4261337,210.3235918,0
3887,136.4261337,210.3235918,0
3888,136.4261337,210.3235918,0
3889,136.4261337,210.3235918,0
3890,136.4261337,210.3235918,0
3891,136.4261337,210.3235918,0
3892,136.4261337,210.3235918,0
3893,136.4261337,210.3235918,0
3894,136.4261337,210.3235918,0
3895,136.4261337,210.3235918,0
3896,136.4261337,210.3235918,0
3897,136.4261337,210.3235918,0
3898,136.4261337,210.3235918,0
3899,136.4261337,210.3235918,0
3900,136.4261337,210.3235918,0
3901,136.4261337,210.3235918,0
3902,136.4261337,210.3235918,0
3903,139.2683448,210.3235918,0
3904,139.2683448,210.3235918,0
3905,139.2683448,210.3235918,0
3906,139.2683448,210.3235918,0
3907,139.2683448,210.3235918,0
3908,139.2683448,210.3235918,0
3909,139.2683448,210.3235918,0
3910,139.2683448,210.3235918,0
3911,139.2683448,210.3235918,0
3912,139.2683448,210.3235918,0
3913,139.2683448,210.3235918,0
3914,139.2683448,210.3235918,0
3915,139.2683448,210.3235918,0
3916,139.2683448,210.3235918,0
3917,139.2683448,210.3235918,0
3918,139.2683448,210.3235918,0
3919,139.2683448,210.3235918,0
3920,139.2683448,210.3235918,0
3921,139.2683448,210.3235918,0
3922,139.2683448,210.3235918,0
3923,139.2683448,210.3235918,0
3924,139.2683448,210.3235918,0
3925,139.2683448,210.3235918,0
3926,139.2683448,210.3235918,0
3927,139.2683448,210.3235918,0
3928,139.2683448,210.3235918,0
3929,139.2683448,210.3235918,0
3930,139.2683448,210.3235918,0
3931,139.2683448,210.3235918,0
3932,139.2683448,210.3235918,0
3933,139.2683448,210.3235918,0
3934,139.2683448,210.3235918,0
3935,139.2683448,210.3235918,0
3936,139.2683448,210.3235918,0
3937,139.2683448,210.3235918,0
3938,139.2683448,210.3235918,0
3939,139.2683448,213.1658025,0
3940,139.2683448,213.1658025,0
3941,139.2683448,213.1658025,0
3942,139.2683448,213.1658025,0
3943,139.2683448,213.1658025,0
3944,139.2683448,213.1658025,0
3945,139.2683449,213.1658025,0
3946,139.2683449,213.1658025,0
3947,139.2683449,213.1658025,0
3948,139.2683449,213.1658025,0
3949,139.2683449,213.1658025,0
3950,139.2683449,213.1658025,0
3951,139.2683449,213.1658025,0
3952,139.2683449,213.1658025,0
3953,139.2683449,213.1658025,0
3954,139.2683449,213.1658025,0
3955,139.2683449,213.1658025,0
3956,139.2683449,213.1658025,0
3957,139.2683449,213.1658025,0
3958,139.2683449,213.1658025,0
3959,139.2683449,213.1658025,0
3960,139.2683449,213.1658025,0
3961,139.2683449,213.1658025,0
3962,139.2683449,213.1658025,0
3963,139.2683449,213.1658025,0
3964,139.2683449,213.1658025,0
3965,139.2683449,213.1658025,0
3966,139.2683449,213.1658025,0
3967,139.2683449,213.1658025,0
3968,139.2683449,213.1658025,0
3969,139.2683449,213.1658025,0
3970,139.2683449,213.1658025,0
3971,139.2683449,213.1658025,0
3972,139.2683449,213.1658025,0
3973,139.2683449,213.1658025,0
3974,139.2683449,213.1658025,0
3975,139.2683449,213.1658025,0
3976,139.2683449,213.1658025,0
3977,139.2683449,213.1658025,0
3978,139.2683449,213.1658025,0
3979,139.2683449,213.1658025,0
3980,139.2683449,213.1658025,0
3981,139.2683449,213.1658025,0
3982,139.2683449,213.1658025,0
3983,139.2683449,213.1658025,0
3984,139.2683449,213.1658025,0
3985,139.2683449,213.1658025,0
3986,139.2683449,213.1658025,0
3987,139.2683449,213.1658025,0
3988,139.2683449,213.1658025,0
3989,139.2683449,210.3235918,0
3990,139.2683449,210.3235918,0
3991,139.2683449,210.3235918,0
3992,139.2683449,210.3235918,0
3993,139.2683449,210.3235918,0
3994,139.2683449,210.3235918,0
3995,139.2683448,210.3235918,0
3996,139.2683448,210.3235918,0
3997,139.2683448,210.3235918,0
3998,139.2683448,210.3235918,0
3999,139.2683448,210.3235918,0
4000,139.2683448,210.3235918,0
4001,139.2683448,210.3235918,0
4002,139.2683448,210.3235918,0
4003,139.2683448,210.3235918,0
4004,139.2683448,210.3235918,0
4005,139.2683448,210.3235918,0
4006,139.2683448,210.3235918,0
4007,139.2683448,210.3235918,0
4008,139.2683448,210.3235918,0
4009,139.2683448,210.3235918,0
4010,139.2683448,210.3235918,0
4011,139.2683448,210.3235918,0
4012,139.2683448,210.3235918,0
4013,139.2683448,210.3235918,0
4014,139.2683448,210.3235918,0
4015,139.2683448,210.3235918,0
4016,139.2683448,210.3235918,0
4017,139.2683448,210.3235918,0
4018,139.2683448,210.3235918,0
4019,139.2683448,210.3235918,0
4020,139.2683448,210.3235918,0
4021,139.2683448,210.3235918,0
4022,139.2683448,210.3235918,0
4023,139.2683448,210.3235918,0
4024,139.2683448,210.3235918,0
4025,139.2683448,210.3235918,0
4026,139.2683448,210.3235918,0
4027,139.2683448,210.3235918,0
4028,139.2683448,210.3235918,0
4029,139.2683448,210.3235918,0
4030,139.2683448,210.3235918,0
4031,139.2683448,210.3235918,0
4032,139.2683448,210.3235918,0
4033,139.2683448,210.3235918,0
4034,139.2683448,210.3235918,0
4035,139.2683448,210.3235918,0
4036,139.2683448,210.3235918,0
4037,139.2683448,210.3235918,0
4038,139.2683448,210.3235918,0
4039,139.2683448,210.3235918,0
4040,139.2683448,210.3235918,0
4041,139.2683448,210.3235918,0
4042,139.2683448,210.3235918,0
4043,139.2683448,210.3235918,0
4044,139.2683448,210.3235918,0
4045,139.2683449,210.3235918,0
4046,139.2683449,210.3235918,0
4047,139.2683449,210.3235918,0
4048,139.2683449,210.3235918,0
4049,139.2683449,210.3235918,0
4050,139.2683449,210.3235918,0
4051,139.2683449,210.3235918,0
4052,139.2683449,210.3235918,0
4053,139.2683449,210.3235918,0
4054,139.2683449,210.3235918,0
4055,139.2683449,210.3235918,0
4056,139.2683449,210.3235918,0
4057,139.2683449,210.3235918,0
4058,139.2683449,210.3235918,0
4059,139.2683449,210.3235918,0
4060,139.2683449,210.3235918,0
4061,139.2683449,210.3235918,0
4062,139.2683449,210.3235918,0
4063,139.2683449,210.3235918,0
4064,139.2683449,210.3235918,0
4065,139.2683449,210.3235918,0
4066,139.2683449,210.3235918,0
4067,139.2683449,210.3235918,0
4068,139.2683449,210.3235918,0
4069,139.2683449,210.3235918,0
4070,139.2683449,210.3235918,0
4071,139.2683449,210.3235918,0
4072,139.2683449,210.3235918,0
4073,139.2683449,210.3235918,0
4074,139.2683449,210.3235918,0
4075,139.2683449,210.3235918,0
4076,139.2683449,210.3235918,0
4077,139.2683449,210.3235918,0
4078,139.2683449,210.3235918,0
4079,139.2683449,210.3235918,0
4080,139.2683449,210.3235918,0
4081,139.2683449,210.3235918,0
4082,139.2683449,210.3235918,0
4083,139.2683449,210.3235918,0
4084,139.2683449,210.3235918,0
4085,139.2683449,210.3235918,0
4086,139.2683449,210.3235918,0
4087,139.2683449,210.3235918,0
4088,139.2683449,210.3235918,0
4089,139.2683449,210.3235918,0
4090,139.2683449,210.3235918,0
4091,139.2683449,210.3235918,0
4092,139.2683449,210.3235918,0
4093,139.2683449,210.3235918,0
4094,139.2683449,210.3235918,0
4095,136.4261336,210.3235918,0
4096,136.4261336,210.3235918,0
4097,136.4261336,210.3235918,0
4098,136.4261336,210.3235918,0
4099,136.4261336,210.3235918,0
4100,136.4261337,210.3235918,0
4101,136.4261337,210.3235918,0
4102,136.4261337,210.3235918,0
4103,136.4261337,210.3235918,0
4104,136.4261337,210.3235918,0
4105,136.4261337,210.3235918,0
4106,136.4261337,210.3235918,0
4107,136.4261337,210.3235918,0
4108,136.4261337,210.3235918,0
4109,136.4261337,210.3235918,0
4110,136.4261337,210.3235918,0
4111,136.4261337,210.3235918,0
4112,136.4261337,210.3235918,0
4113,136.4261337,210.3235918,0
4114,136.4261337,210.3235918,0
4115,136.4261337,210.3235918,0
4116,136.4261337,210.3235918,0
4117,136.4261337,210.3235918,0
4118,136.4261337,210.3235918,0
4119,136.4261337,210.3235918,0
4120,139.2683448,210.3235918,0
4121,139.2683448,210.3235918,0
4122,139.2683448,210.3235918,0
4123,139.2683448,210.3235918,0
4124,139.2683448,210.3235918,0
4125,139.2683448,210.3235918,0
4126,139.2683448,210.3235918,0
4127,139.2683448,210.3235918,0
4128,139.2683448,210.3235918,0
4129,139.2683448,210.3235918,0
4130,139.2683448,210.3235918,0
4131,139.2683448,210.3235918,0
4132,139.2683448,210.3235918,0
4133,139.2683448,210.3235918,0
4134,139.2683448,210.3235918,0
4135,139.2683448,210.3235918,0
4136,139.2683448,210.3235918,0
4137,139.2683448,210.3235918,0
4138,139.2683448,210.3235918,0
4139,142.1105559,210.3235918,0
4140,142.1105559,210.3235918,0
4141,142.1105559,210.3235918,0
4142,142.1105559,210.3235918,0
4143,142.1105559,210.3235918,0
4144,142.1105559,210.3235918,0
4145,142.1105559,210.3235918,0
4146,142.1105559,210.3235918,0
4147,142.1105559,210.3235918,0
4148,142.1105559,210.3235918,0
4149,142.1105559,210.3235918,0
4150,142.1105559,210.3235918,0
4151,142.1105559,210.3235918,0
4152,142.1105559,210.3235918,0
4153,142.1105559,210.3235918,0
4154,142.1105559,210.3235918,0
4155,142.1105559,210.3235918,0
4156,142.1105559,210.3235918,0
4157,142.1105559,210.3235918,0
4158,142.1105559,210.3235918,0
4159,142.1105559,210.3235918,0
4160,142.1105559,210.3235918,0
4161,142.1105559,210.3235918,0
4162,142.1105559,210.3235918,0
4163,142.1105559,210.3235918,0
4164,142.1105559,210.3235918,0
4165,142.1105559,210.3235918,0
4166,142.1105559,210.3235918,0
4167,142.1105559,210.3235918,0
4168,142.1105559,210.3235918,0
4169,142.1105559,210.3235918,0
4170,142.1105559,210.3235918,0
4171,142.1105559,210.3235918,0
4172,142.1105559,210.3235918,0
4173,142.1105559,210.3235918,0
4174,142.1105559,210.3235918,0
4175,142.1105559,210.3235918,0
4176,142.1105559,210.3235918,0
4177,142.1105559,210.3235918,0
4178,142.1105559,210.3235918,0
4179,142.1105559,210.3235918,0
4180,142.1105559,210.3235918,0
4181,142.1105559,210.3235918,0
4182,142.1105559,210.3235918,0
4183,142.1105559,210.3235918,0
4184,142.1105559,210.3235918,0
4185,142.1105559,210.3235918,0
4186,142.1105559,210.3235918,0
4187,142.1105559,210.3235918,0
4188,142.1105559,210.3235918,0
4189,139.2683449,210.3235918,0
4190,139.2683449,210.3235918,0
4191,139.2683449,210.3235918,0
4192,139.2683449,210.3235918,0
4193,139.2683449,210.3235918,0
4194,139.2683449,210.3235918,0
4195,139.2683449,210.3235918,0
4196,139.2683449,210.3235918,0
4197,139.2683449,210.3235918,0
4198,139.2683449,210.3235918,0
4199,139.2683449,210.3235918,0
4200,139.2683449,210.3235918,0
4201,139.2683449,210.3235918,0
4202,139.2683449,210.3235918,0
4203,139.2683449,210.3235918,0
4204,139.2683449,210.3235918,0
4205,139.2683449,210.3235918,0
4206,139.2683449,210.3235918,0
4207,139.2683449,210.3235918,0
4208,139.2683449,210.3235918,0
4209,139.2683449,210.3235918,0
4210,139.2683449,210.3235918,0
4211,139.2683449,210.3235918,0
4212,139.2683449,210.3235918,0
4213,139.2683449,210.3235918,0
4214,139.2683449,210.3235918,0
4215,139.2683449,210.3235918,0
4216,139.2683449,210.3235918,0
4217,139.2683449,210.3235918,0
4218,139.2683449,210.3235918,0
4219,139.2683449,210.3235918,0
4220,139.2683449,210.3235918,0
4221,139.2683449,210.3235918,0
4222,139.2683449,210.3235918,0
4223,139.2683449,210.3235918,0
4224,139.2683449,210.3235918,0
4225,139.2683449,210.3235918,0
4226,139.2683449,210.3235918,0
4227,139.2683449,210.3235918,0
4228,139.2683449,210.3235918,0
4229,139.2683449,210.3235918,0
4230,139.2683449,210.3235918,0
4231,139.2683449,210.3235918,0
4232,139.2683449,210.3235918,0
4233,139.2683449,210.3235918,0
4234,139.2683449,210.3235918,0
4235,139.2683449,210.3235918,0
4236,139.2683449,210.3235918,0
4237,139.2683449,210.3235918,0
4238,139.2683449,210.3235918,0
4239,136.4261337,210.3235918,0
4240,136.4261337,210.3235918,0
4241,136.4261337,210.3235918,0
4242,136.4261337,210.3235918,0
4243,136.4261337,210.3235918,0
4244,136.4261337,210.3235918,0
4245,136.4261337,210.3235918,0
4246,136.4261337,210.3235918,0
4247,136.4261337,210.3235918,0
4248,136.4261337,210.3235918,0
4249,136.4261337,210.3235918,0
4250,136.4261337,210.3235918,0
4251,136.4261337,210.3235918,0
4252,133.5839226,210.3235918,0
4253,133.5839226,210.3235918,0
4254,133.5839226,210.3235918,0
4255,136.4261337,210.3235918,0
4256,136.4261337,210.3235918,0
4257,136.4261337,210.3235918,0
4258,136.4261337,210.3235918,0
4259,136.4261337,210.3235918,0
4260,136.4261337,210.3235918,0
4261,136.4261337,210.3235918,0
4262,136.4261337,210.3235918,0
4263,136.4261337,210.3235918,0
4264,136.4261337,210.3235918,0
4265,136.4261337,210.3235918,0
4266,136.4261337,210.3235918,0
4267,136.4261337,210.3235918,0
4268,136.4261337,210.3235918,0
4269,136.4261337,210.3235918,0
4270,136.4261337,210.3235918,0
4271,136.4261337,210.3235918,0
4272,136.4261337,210.3235918,0
4273,136.4261337,210.3235918,0
4274,136.4261337,210.3235918,0
4275,136.4261337,210.3235918,0
4276,136.4261337,210.3235918,0
4277,136.4261337,210.3235918,0
4278,136.4261337,210.3235918,0
4279,136.4261337,210.3235918,0
4280,136.4261337,210.3235918,0
4281,136.4261337,210.3235918,0
4282,136.4261337,210.3235918,0
4283,136.4261337,210.3235918,0
4284,136.4261337,210.3235918,0
4285,136.4261337,210.3235918,0
4286,136.4261337,210.3235918,0
4287,136.4261337,210.3235918,0
4288,136.4261337,210.3235918,0
4289,136.4261337,210.3235918,0
4290,136.4261337,210.3235918,0
4291,136.4261337,210.3235918,0
4292,136.4261337,210.3235918,0
4293,136.4261337,210.3235918,0
4294,136.4261337,210.3235918,0
4295,136.4261337,210.3235918,0
4296,136.4261337,210.3235918,0
4297,136.4261337,210.3235918,0
4298,136.4261337,210.3235918,0
4299,136.4261337,210.3235918,0
4300,136.4261337,210.3235918,0
4301,136.4261337,210.3235918,0
4302,136.4261337,210.3235918,0
4303,136.4261337,207.4813811,0
4304,136.4261337,207.4813811,0
4305,136.4261337,207.4813811,0
4306,136.4261337,207.4813811,0
4307,136.4261337,207.4813811,0
4308,136.4261337,207.4813811,0
4309,136.4261337,210.3235918,0
4310,136.4261337,210.3235918,0
4311,136.4261337,210.3235918,0
4312,136.4261337,210.3235918,0
4313,136.4261337,210.3235918,0
4314,136.4261337,210.3235918,0
4315,136.4261337,210.3235918,0
4316,136.4261337,210.3235918,0
4317,136.4261337,210.3235918,0
4318,136.4261337,210.3235918,0
4319,136.4261337,210.3235918,0
4320,136.4261337,210.3235918,0
4321,136.4261337,210.3235918,0
4322,136.4261337,210.3235918,0
4323,136.4261337,210.3235918,0
4324,136.4261337,210.3235918,0
4325,136.4261337,210.3235918,0
4326,136.4261337,210.3235918,0
4327,136.4261337,210.3235918,0
4328,136.4261337,210.3235918,0
4329,136.4261337,210.3235918,0
4330,136.4261337,210.3235918,0
4331,136.4261337,210.3235918,0
4332,136.4261337,210.3235918,0
4333,136.4261337,210.3235918,0
4334,136.4261337,210.3235918,0
4335,136.4261337,216.0080132,0
4336,136.4261337,216.0080132,0
4337,136.4261337,216.0080132,0
4338,136.4261337,216.0080132,0
4339,136.4261337,216.0080132,0
4340,136.4261337,216.0080132,0
4341,136.4261337,216.0080132,0
4342,136.4261337,216.0080132,0
4343,136.4261337,216.0080132,0
4344,136.4261337,216.0080132,0
4345,136.4261337,216.0080132,0
4346,136.4261337,216.0080132,0
4347,136.4261337,216.0080132,0
4348,136.4261337,216.0080132,0
4349,136.4261337,216.0080132,0
4350,136.4261337,216.0080132,0
4351,136.4261337,216.0080132,0
4352,136.4261337,216.0080132,0
4353,136.4261337,216.0080132,0
4354,136.4261337,216.0080132,0
4355,136.4261337,216.0080132,0
4356,136.4261337,216.0080132,0
4357,136.4261337,216.0080132,0
4358,136.4261337,216.0080132,0
4359,136.4261337,216.0080132,0
4360,136.4261337,216.0080132,0
4361,136.4261337,216.0080132,0
4362,136.4261337,216.0080132,0
4363,136.4261337,216.0080132,0
4364,136.4261337,216.0080132,0
4365,136.4261337,216.0080132,0
4366,136.4261337,216.0080132,0
4367,136.4261337,216.0080132,0
4368,136.4261337,216.0080132,0
4369,136.4261337,216.0080132,0
4370,136.4261337,216.0080132,0
4371,136.4261337,216.0080132,0
4372,136.4261337,216.0080132,0
4373,136.4261337,216.0080132,0
4374,136.4261337,216.0080132,0
4375,136.4261337,216.0080132,0
4376,136.4261337,216.0080132,0
4377,136.4261337,216.0080132,0
4378,136.4261337,216.0080132,0
4379,136.4261337,216.0080132,0
4380,136.4261337,216.0080132,0
4381,136.4261337,216.0080132,0
4382,136.4261337,216.0080132,0
4383,136.4261337,216.0080132,0
4384,136.4261337,216.0080132,0
4385,136.4261337,210.3235918,0
4386,136.4261337,210.3235918,0
4387,136.4261337,210.3235918,0
4388,136.4261337,210.3235918,0
4389,136.4261337,210.3235918,0
4390,136.4261337,210.3235918,0
4391,136.4261337,210.3235918,0
4392,136.4261337,210.3235918,0
4393,136.4261337,210.3235918,0
4394,136.4261337,210.3235918,0
4395,136.4261337,210.3235918,0
4396,136.4261337,210.3235918,0
4397,136.4261337,210.3235918,0
4398,136.4261337,210.3235918,0
4399,136.4261337,210.3235918,0
4400,136.4261337,210.3235918,0
4401,136.4261337,210.3235918,0
4402,136.4261337,210.3235918,0
4403,136.4261337,210.3235918,0
4404,136.4261337,210.3235918,0
4405,136.4261337,210.3235918,0
4406,136.4261337,210.3235918,0
4407,136.4261337,210.3235918,0
4408,136.4261337,210.3235918,0
4409,136.4261336,210.3235918,0
4410,136.4261336,210.3235918,0
4411,136.4261336,210.3235918,0
4412,136.4261336,210.3235918,0
4413,136.4261336,210.3235918,0
4414,136.4261336,210.3235918,0
4415,136.4261336,210.3235918,0
4416,136.4261336,210.3235918,0
4417,136.4261336,210.3235918,0
4418,136.4261336,210.3235918,0
4419,136.4261336,207.4813811,0
4420,136.4261336,207.4813811,0
4421,136.4261336,207.4813811,0
4422,136.4261336,207.4813811,0
4423,136.4261336,207.4813811,0
4424,136.4261336,207.4813811,0
4425,136.4261337,207.4813811,0
4426,136.4261337,207.4813811,0
4427,136.4261337,207.4813811,0
4428,136.4261337,207.4813811,0
4429,136.4261337,207.4813811,0
4430,136.4261337,207.4813811,0
4431,136.4261337,207.4813811,0
4432,136.4261337,207.4813811,0
4433,136.4261337,207.4813811,0
4434,136.4261337,207.4813811,0
4435,136.4261337,207.4813811,0
4436,136.4261337,207.4813811,0
4437,136.4261337,207.4813811,0
4438,136.4261337,207.4813811,0
4439,136.4261337,207.4813811,0
4440,136.4261337,207.4813811,0
4441,136.4261337,207.4813811,0
4442,136.4261337,207.4813811,0
4443,136.4261337,207.4813811,0
4444,136.4261337,207.4813811,0
4445,136.4261337,207.4813811,0
4446,136.4261337,207.4813811,0
4447,136.4261337,207.4813811,0
4448,136.4261337,207.4813811,0
4449,136.4261337,210.3235918,0
4450,136.4261337,210.3235918,0
4451,136.4261337,210.3235918,0
4452,136.4261337,210.3235918,0
4453,136.4261337,210.3235918,0
4454,136.4261337,210.3235918,0
4455,136.4261337,210.3235918,0
4456,136.4261337,210.3235918,0
4457,136.4261337,210.3235918,0
4458,136.4261337,210.3235918,0
4459,136.4261337,210.3235918,0
4460,136.4261337,210.3235918,0
4461,136.4261337,210.3235918,0
4462,136.4261337,210.3235918,0
4463,136.4261337,210.3235918,0
4464,136.4261337,210.3235918,0
4465,136.4261337,210.3235918,0
4466,136.4261337,210.3235918,0
4467,136.4261337,210.3235918,0
4468,136.4261337,210.3235918,0
4469,136.4261337,210.3235918,0
4470,136.4261337,210.3235918,0
4471,136.4261337,210.3235918,0
4472,136.4261337,210.3235918,0
4473,136.4261337,210.3235918,0
4474,136.4261337,210.3235918,0
4475,136.4261337,210.3235918,0
4476,136.4261337,210.3235918,0
4477,136.4261337,210.3235918,0
4478,136.4261337,210.3235918,0
4479,136.4261337,210.3235918,0
4480,136.4261337,210.3235918,0
4481,136.4261337,210.3235918,0
4482,136.4261337,210.3235918,0
4483,136.4261337,210.3235918,0
4484,139.2683447,210.3235918,0
4485,139.2683447,210.3235918,0
4486,139.2683447,210.3235918,0
4487,139.2683447,210.3235918,0
4488,139.2683447,210.3235918,0
4489,139.2683447,210.3235918,0
4490,139.2683447,210.3235918,0
4491,139.2683447,210.3235918,0
4492,139.2683447,210.3235918,0
4493,139.2683447,210.3235918,0
4494,139.2683447,210.3235918,0
4495,139.2683447,210.3235918,0
4496,139.2683447,210.3235918,0
4497,139.2683447,210.3235918,0
4498,139.2683447,210.3235918,0
4499,139.2683447,210.3235918,0
4500,139.2683447,210.3235918,0
4501,139.2683447,210.3235918,0
4502,139.2683447,210.3235918,0
4503,139.2683447,207.4813811,0
4504,139.2683447,207.4813811,0
4505,139.2683447,207.4813811,0
4506,139.2683447,207.4813811,0
4507,139.2683447,207.4813811,0
4508,139.2683447,207.4813811,0
4509,139.2683447,207.4813811,0
4510,139.2683447,207.4813811,0
4511,139.2683447,207.4813811,0
4512,139.2683447,207.4813811,0
4513,139.2683447,207.4813811,0
4514,139.2683447,207.4813811,0
4515,139.2683447,207.4813811,0
4516,139.2683447,210.3235918,0
4517,139.2683447,210.3235918,0
4518,139.2683447,210.3235918,0
4519,139.2683447,210.3235918,0
4520,139.2683447,210.3235918,0
4521,139.2683447,210.3235918,0
4522,139.2683447,210.3235918,0
4523,139.2683447,210.3235918,0
4524,139.2683447,210.3235918,0
4525,139.2683447,210.3235918,0
4526,139.2683447,210.3235918,0
4527,139.2683447,210.3235918,0
4528,139.2683447,210.3235918,0
4529,139.2683447,210.3235918,0
4530,139.2683447,210.3235918,0
4531,139.2683447,210.3235918,0
4532,139.2683447,210.3235918,0
4533,139.2683447,210.3235918,0
4534,136.4261337,210.3235918,0
4535,136.4261337,210.3235918,0
4536,136.4261337,210.3235918,0
4537,136.4261337,210.3235918,0
4538,136.4261337,210.3235918,0
4539,136.4261337,210.3235918,0
4540,136.4261337,210.3235918,0
4541,136.4261337,210.3235918,0
4542,136.4261337,210.3235918,0
4543,136.4261337,210.3235918,0
4544,136.4261337,210.3235918,0
4545,136.4261337,210.3235918,0
4546,136.4261337,210.3235918,0
4547,136.4261337,210.3235918,0
4548,136.4261337,210.3235918,0
4549,136.4261337,210.3235918,0
4550,136.4261337,210.3235918,0
4551,136.4261337,210.3235918,0
4552,136.4261337,210.3235918,0
4553,136.4261337,210.3235918,0
4554,136.4261337,210.3235918,0
4555,136.4261337,210.3235918,0
4556,136.4261337,210.3235918,0
4557,136.4261337,210.3235918,0
4558,136.4261337,210.3235918,0
4559,136.4261337,210.3235918,0
4560,136.4261337,210.3235918,0
4561,136.4261337,210.3235918,0
4562,136.4261337,210.3235918,0
4563,136.4261337,210.3235918,0
4564,136.4261337,210.3235918,0
4565,136.4261337,210.3235918,0
4566,136.4261337,210.3235918,0
4567,136.4261337,210.3235918,0
4568,136.4261337,210.3235918,0
4569,136.4261337,210.3235918,0
4570,136.4261337,210.3235918,0
4571,133.5839226,210.3235918,0
4572,136.4261337,210.3235918,0
4573,136.4261337,210.3235918,0
4574,136.4261337,210.3235918,0
4575,136.4261337,210.3235918,0
4576,136.4261337,210.3235918,0
4577,136.4261337,210.3235918,0
4578,136.4261337,210.3235918,0
4579,136.4261337,210.3235918,0
4580,136.4261337,210.3235918,0
4581,136.4261337,210.3235918,0
4582,136.4261337,210.3235918,0
4583,136.4261337,210.3235918,0
4584,136.4261337,210.3235918,0
4585,136.4261337,210.3235918,0
4586,136.4261337,210.3235918,0
4587,136.4261337,210.3235918,0
4588,136.4261337,210.3235918,0
4589,136.4261337,210.3235918,0
4590,136.4261337,210.3235918,0
4591,136.4261337,210.3235918,0
4592,136.4261337,210.3235918,0
4593,136.4261337,210.3235918,0
4594,136.4261337,210.3235918,0
4595,136.4261337,210.3235918,0
4596,136.4261337,210.3235918,0
4597,136.4261337,210.3235918,0
4598,136.4261337,210.3235918,0
4599,136.4261337,210.3235918,0
4600,136.4261337,210.3235918,0
4601,136.4261337,210.3235918,0
4602,136.4261337,210.3235918,0
4603,136.4261337,210.3235918,0
4604,136.4261337,210.3235918,0
4605,136.4261337,210.3235918,0
4606,136.4261337,210.3235918,0
4607,136.4261337,210.3235918,0
4608,136.4261337,210.3235918,0
4609,136.4261337,210.3235918,0
4610,136.4261337,210.3235918,0
4611,136.4261337,210.3235918,0
4612,136.4261337,210.3235918,0
4613,136.4261337,210.3235918,0
4614,136.4261337,210.3235918,0
4615,136.4261337,210.3235918,0
4616,136.4261337,210.3235918,0
4617,136.4261337,210.3235918,0
4618,136.4261337,210.3235918,0
4619,136.4261337,210.3235918,0
4620,136.4261337,210.3235918,0
4621,136.4261337,210.3235918,0
4622,136.4261337,210.3235918,0
4623,136.4261337,210.3235918,0
4624,136.4261337,210.3235918,0
4625,136.4261337,210.3235918,0
4626,136.4261337,210.3235918,0
4627,136.4261337,210.3235918,0
4628,136.4261337,210.3235918,0
4629,136.4261337,210.3235918,0
4630,136.4261337,210.3235918,0
4631,136.4261337,210.3235918,0
4632,136.4261337,210.3235918,0
4633,136.4261337,210.3235918,0
4634,136.4261337,210.3235918,0
4635,136.4261337,210.3235918,0
4636,136.4261337,210.3235918,0
4637,136.4261337,210.3235918,0
4638,136.4261337,210.3235918,0
4639,136.4261337,210.3235918,0
4640,136.4261337,210.3235918,0
4641,136.4261337,210.3235918,0
4642,136.4261337,210.3235918,0
4643,136.4261337,210.3235918,0
4644,136.4261337,210.3235918,0
4645,136.4261337,210.3235918,0
4646,136.4261337,207.4813811,0
4647,136.4261337,207.4813811,0
4648,136.4261337,207.4813811,0
4649,136.4261337,207.4813811,0
4650,136.4261337,207.4813811,0
4651,136.4261337,207.4813811,0
4652,136.4261337,207.4813811,0
4653,136.4261337,207.4813811,0
4654,136.4261337,207.4813811,0
4655,136.4261337,207.4813811,0
4656,136.4261337,207.4813811,0
4657,136.4261337,207.4813811,0
4658,136.4261337,207.4813811,0
4659,136.4261337,207.4813811,0
4660,136.4261337,207.4813811,0
4661,136.4261337,207.4813811,0
4662,136.4261337,207.4813811,0
4663,136.4261337,207.4813811,0
4664,136.4261337,207.4813811,0
4665,136.4261337,207.4813811,0
4666,136.4261337,207.4813811,0
4667,136.4261337,207.4813811,0
4668,136.4261337,207.4813811,0
4669,136.4261337,207.4813811,0
4670,136.4261337,207.4813811,0
4671,136.4261337,207.4813811,0
4672,136.4261337,207.4813811,0
4673,136.4261337,207.4813811,0
4674,136.4261337,210.3235918,0
4675,136.4261337,210.3235918,0
4676,136.4261336,210.3235918,0
4677,136.4261336,210.3235918,0
4678,136.4261336,210.3235918,0
4679,136.4261337,210.3235918,0
4680,136.4261337,210.3235918,0
4681,136.4261337,210.3235918,0
4682,136.4261337,210.3235918,0
4683,136.4261337,210.3235918,0
4684,136.4261337,210.3235918,0
4685,136.4261337,210.3235918,0
4686,136.4261337,210.3235918,0
4687,136.4261337,210.3235918,0
4688,136.4261337,210.3235918,0
4689,136.4261337,210.3235918,0
4690,136.4261337,210.3235918,0
4691,136.4261337,210.3235918,0
4692,136.4261337,210.3235918,0
4693,136.4261337,210.3235918,0
4694,136.4261337,210.3235918,0
4695,136.4261337,210.3235918,0
4696,136.4261337,210.3235918,0
4697,136.4261337,210.3235918,0
4698,136.4261337,210.3235918,0
4699,136.4261337,210.3235918,0
4700,136.4261337,210.3235918,0
4701,136.4261337,210.3235918,0
4702,136.4261337,210.3235918,0
4703,136.4261337,210.3235918,0
4704,136.4261337,210.3235918,0
4705,136.4261337,210.3235918,0
4706,136.4261337,210.3235918,0
4707,136.4261337,210.3235918,0
4708,136.4261337,210.3235918,0
4709,136.4261337,210.3235918,0
4710,136.4261337,210.3235918,0
4711,136.4261337,210.3235918,0
4712,136.4261337,210.3235918,0
4713,136.4261337,210.3235918,0
4714,136.4261337,210.3235918,0
4715,136.4261337,210.3235918,0
4716,136.4261337,210.3235918,0
4717,136.4261337,210.3235918,0
4718,136.4261337,210.3235918,0
4719,136.4261337,210.3235918,0
4720,136.4261337,210.3235918,0
4721,136.4261337,210.3235918,0
4722,136.4261337,210.3235918,0
4723,136.4261337,210.3235918,0
4724,136.4261337,210.3235918,0
4725,136.4261337,210.3235918,0
4726,136.4261337,210.3235918,0
4727,136.4261337,210.3235918,0
4728,136.4261337,210.3235918,0
4729,136.4261337,210.3235918,0
4730,136.4261337,210.3235918,0
4731,136.4261337,210.3235918,0
4732,136.4261337,210.3235918,0
4733,136.4261337,210.3235918,0
4734,136.4261337,210.3235918,0
4735,136.4261337,210.3235918,0
4736,136.4261337,210.3235918,0
4737,136.4261337,210.3235918,0
4738,136.4261337,210.3235918,0
4739,136.4261337,210.3235918,0
4740,136.4261337,210.3235918,0
4741,136.4261337,210.3235918,0
4742,136.4261337,210.3235918,0
4743,136.4261337,210.3235918,0
4744,136.4261337,210.3235918,0
4745,136.4261337,210.3235918,0
4746,136.4261337,210.3235918,0
4747,136.4261337,210.3235918,0
4748,136.4261337,210.3235918,0
4749,136.4261337,210.3235918,0
4750,136.4261337,210.3235918,0
4751,136.4261337,210.3235918,0
4752,136.4261337,210.3235918,0
4753,136.4261337,210.3235918,0
4754,136.4261337,210.3235918,0
4755,136.4261337,207.4813811,0
4756,136.4261337,207.4813811,0
4757,136.4261337,207.4813811,0
4758,136.4261337,207.4813811,0
4759,136.4261337,207.4813811,0
4760,136.4261337,207.4813811,0
4761,136.4261337,207.4813811,0
4762,136.4261337,207.4813811,0
4763,136.4261337,207.4813811,0
4764,136.4261337,207.4813811,0
4765,136.4261337,207.4813811,0
4766,136.4261337,207.4813811,0
4767,136.4261337,207.4813811,0
4768,136.4261337,207.4813811,0
4769,136.4261337,207.4813811,0
4770,136.4261337,207.4813811,0
4771,136.4261337,207.4813811,0
4772,136.4261336,207.4813811,0
4773,136.4261336,207.4813811,0
4774,136.4261336,207.4813811,0
4775,136.4261336,207.4813811,0
4776,136.4261336,207.4813811,0
4777,136.4261336,207.4813811,0
4778,136.4261336,207.4813811,0
4779,136.4261336,207.4813811,0
4780,136.4261336,207.4813811,0
4781,136.4261336,207.4813811,0
4782,136.4261336,207.4813811,0
4783,136.4261336,207.4813811,0
4784,136.4261336,207.4813811,0
4785,136.4261336,207.4813811,0
4786,136.4261336,207.4813811,0
4787,136.4261336,204.6391704,0
4788,136.4261336,204.6391704,0
4789,136.4261336,204.6391704,0
4790,136.4261336,204.6391704,0
4791,136.4261336,204.6391704,0
4792,136.4261336,204.6391704,0
4793,136.4261336,204.6391704,0
4794,136.4261336,207.4813811,0
4795,136.4261336,207.4813811,0
4796,136.4261336,207.4813811,0
4797,136.4261336,207.4813811,0
4798,136.4261336,207.4813811,0
4799,136.4261336,207.4813811,0
4800,136.4261337,207.4813811,0
4801,136.4261337,207.4813811,0
4802,136.4261337,207.4813811,0
4803,136.4261337,207.4813811,0
4804,136.4261337,207.4813811,0
4805,136.4261337,207.4813811,0
4806,136.4261337,207.4813811,0
4807,136.4261337,207.4813811,0
4808,136.4261337,207.4813811,0
4809,136.4261337,207.4813811,0
4810,136.4261337,207.4813811,0
4811,136.4261337,210.3235918,0
4812,136.4261337,210.3235918,0
4813,136.4261337,210.3235918,0
4814,136.4261337,210.3235918,0
4815,136.4261337,210.3235918,0
4816,136.4261337,210.3235918,0
4817,136.4261337,210.3235918,0
4818,136.4261337,210.3235918,0
4819,136.4261337,210.3235918,0
4820,136.4261337,210.3235918,0
4821,136.4261337,210.3235918,0
4822,139.2683448,210.3235918,0
4823,139.2683448,210.3235918,0
4824,139.2683448,210.3235918,0
4825,139.2683448,210.3235918,0
4826,139.2683448,210.3235918,0
4827,139.2683448,210.3235918,0
4828,139.2683448,210.3235918,0
4829,139.2683448,210.3235918,0
4830,139.2683448,210.3235918,0
4831,139.2683448,210.3235918,0
4832,139.2683448,210.3235918,0
4833,139.2683448,210.3235918,0
4834,139.2683448,210.3235918,0
4835,139.2683448,210.3235918,0
4836,139.2683448,210.3235918,0
4837,139.2683448,210.3235918,0
4838,139.2683448,210.3235918,0
4839,139.2683448,210.3235918,0
4840,139.2683448,210.3235918,0
4841,139.2683448,210.3235918,0
4842,139.2683448,210.3235918,0
4843,139.2683448,210.3235918,0
4844,139.2683448,210.3235918,0
4845,139.2683448,210.3235918,0
4846,139.2683448,210.3235918,0
4847,139.2683448,210.3235918,0
4848,139.2683448,210.3235918,0
4849,139.2683448,213.1658025,0
4850,139.2683448,213.1658025,0
4851,139.2683448,213.1658025,0
4852,139.2683448,213.1658025,0
4853,139.2683448,213.1658025,0
4854,139.2683448,213.1658025,0
4855,139.2683448,213.1658025,0
4856,139.2683448,213.1658025,0
4857,139.2683448,213.1658025,0
4858,139.2683448,213.1658025,0
4859,139.2683448,213.1658025,0
4860,139.2683448,213.1658025,0
4861,139.2683448,213.1658025,0
4862,139.2683448,213.1658025,0
4863,139.2683448,213.1658025,0
4864,139.2683448,213.1658025,0
4865,139.2683448,213.1658025,0
4866,139.2683448,213.1658025,0
4867,139.2683448,213.1658025,0
4868,139.2683448,213.1658025,0
4869,139.2683448,213.1658025,0
4870,139.2683448,213.1658025,0
4871,139.2683448,213.1658025,0
4872,136.4261337,213.1658025,0
4873,136.4261337,213.1658025,0
4874,136.4261337,213.1658025,0
4875,136.4261337,213.1658025,0
4876,136.4261337,213.1658025,0
4877,136.4261337,213.1658025,0
4878,136.4261337,213.1658025,0
4879,136.4261337,213.1658025,0
4880,136.4261337,213.1658025,0
4881,136.4261337,213.1658025,0
4882,133.5839226,213.1658025,0
4883,133.5839226,213.1658025,0
4884,133.5839226,213.1658025,0
4885,133.5839226,213.1658025,0
4886,133.5839226,213.1658025,0
4887,133.5839226,213.1658025,0
4888,133.5839226,213.1658025,0
4889,133.5839226,213.1658025,0
4890,133.5839226,213.1658025,0
4891,133.5839226,213.1658025,0
4892,133.5839226,213.1658025,0
4893,133.5839226,213.1658025,0
4894,133.5839226,213.1658025,0
4895,133.5839226,213.1658025,0
4896,133.5839226,213.1658025,0
4897,133.5839226,213.1658025,0
4898,133.5839226,213.1658025,0
4899,133.5839226,210.3235918,0
4900,133.5839226,210.3235918,0
4901,133.5839226,210.3235918,0
4902,136.4261337,210.3235918,0
4903,139.2683449,210.3235918,0
4904,139.2683449,210.3235918,0
4905,139.2683449,210.3235918,0
4906,139.2683449,210.3235918,0
4907,139.2683449,210.3235918,0
4908,139.2683449,210.3235918,0
4909,139.2683449,210.3235918,0
4910,139.2683449,210.3235918,0
4911,139.2683449,210.3235918,0
4912,139.2683449,210.3235918,0
4913,139.2683449,210.3235918,0
4914,139.2683449,210.3235918,0
4915,139.2683449,210.3235918,0
4916,139.2683449,210.3235918,0
4917,139.2683449,210.3235918,0
4918,139.2683449,210.3235918,0
4919,139.2683449,210.3235918,0
4920,139.2683449,210.3235918,0
4921,139.2683449,210.3235918,0
4922,139.2683449,210.3235918,0
4923,139.2683449,210.3235918,0
4924,139.2683449,210.3235918,0
4925,139.2683449,210.3235918,0
4926,139.2683449,210.3235918,0
4927,139.2683449,210.3235918,0
4928,139.2683449,210.3235918,0
4929,139.2683449,210.3235918,0
4930,139.2683449,210.3235918,0
4931,139.2683449,210.3235918,0
4932,139.2683449,210.3235918,0
4933,139.2683449,210.3235918,0
4934,139.2683449,210.3235918,0
4935,139.2683449,210.3235918,0
4936,139.2683449,210.3235918,0
4937,139.2683449,210.3235918,0
4938,139.2683449,210.3235918,0
4939,139.2683449,210.3235918,0
4940,139.2683449,210.3235918,0
4941,139.2683449,210.3235918,0
4942,139.2683449,210.3235918,0
4943,139.2683449,210.3235918,0
4944,139.2683449,210.3235918,0
4945,139.2683449,210.3235918,0
4946,139.2683449,210.3235918,0
4947,139.2683449,210.3235918,0
4948,139.2683449,210.3235918,0
4949,139.2683449,210.3235918,0
4950,142.1105559,210.3235918,0
4951,142.1105559,210.3235918,0
4952,142.1105559,210.3235918,0
4953,142.1105559,210.3235918,0
4954,142.1105559,210.3235918,0
4955,142.1105559,210.3235918,0
4956,142.1105559,210.3235918,0
4957,142.1105559,210.3235918,0
4958,142.1105559,210.3235918,0
4959,142.1105559,210.3235918,0
4960,142.1105559,210.3235918,0
4961,142.1105559,210.3235918,0
4962,142.1105559,210.3235918,0
4963,142.1105559,210.3235918,0
4964,142.1105559,210.3235918,0
4965,142.1105559,210.3235918,0
4966,142.1105559,210.3235918,0
4967,142.1105559,210.3235918,0
4968,142.1105559,210.3235918,0
4969,142.1105559,210.3235918,0
4970,142.1105559,210.3235918,0
4971,142.1105559,210.3235918,0
4972,142.1105559,210.3235918,0
4973,142.1105559,210.3235918,0
4974,142.1105559,210.3235918,0
4975,142.1105559,210.3235918,0
4976,142.1105559,210.3235918,0
4977,142.1105559,210.3235918,0
4978,142.1105559,210.3235918,0
4979,142.1105559,210.3235918,0
4980,142.1105559,210.3235918,0
4981,142.1105559,210.3235918,0
4982,142.1105559,210.3235918,0
4983,142.1105559,210.3235918,0
4984,142.1105559,210.3235918,0
4985,142.1105559,210.3235918,0
4986,142.1105559,210.3235918,0
4987,142.1105559,210.3235918,0
4988,142.1105559,210.3235918,0
4989,142.1105559,210.3235918,0
4990,142.1105559,210.3235918,0
4991,142.1105559,210.3235918,0
4992,142.1105559,210.3235918,0
4993,142.1105559,207.4813811,0
4994,142.1105559,207.4813811,0
4995,142.1105559,207.4813811,0
4996,142.1105559,207.4813811,0
4997,142.1105559,207.4813811,0
4998,142.1105559,207.4813811,0
4999,142.1105559,207.4813811,0
5000,139.2683449,207.4813811,0
5001,139.2683449,207.4813811,0
5002,139.2683449,207.4813811,0
5003,139.2683449,210.3235918,0
5004,139.2683449,210.3235918,0
5005,139.2683449,210.3235918,0
5006,139.2683449,210.3235918,0
5007,139.2683449,210.3235918,0
5008,139.2683449,210.3235918,0
5009,139.2683449,210.3235918,0
5010,139.2683449,210.3235918,0
5011,139.2683449,210.3235918,0
5012,139.2683449,210.3235918,0
5013,139.2683449,210.3235918,0
5014,139.2683449,210.3235918,0
5015,139.2683449,210.3235918,0
5016,139.2683449,210.3235918,0
5017,139.2683449,210.3235918,0
5018,139.2683449,210.3235918,0
5019,136.4261336,210.3235918,0
5020,136.4261336,210.3235918,0
5021,136.4261336,210.3235918,0
5022,139.2683447,210.3235918,0
5023,139.2683447,210.3235918,0
5024,139.2683447,210.3235918,0
5025,139.2683447,210.3235918,0
5026,139.2683447,210.3235918,0
5027,139.2683447,210.3235918,0
5028,139.2683447,210.3235918,0
5029,139.2683447,210.3235918,0
5030,139.2683447,210.3235918,0
5031,139.2683447,210.3235918,0
5032,139.2683447,213.1658025,0
5033,139.2683447,213.1658025,0
5034,139.2683447,213.1658025,0
5035,139.2683447,213.1658025,0
5036,139.2683447,213.1658025,0
5037,139.2683447,213.1658025,0
5038,139.2683447,213.1658025,0
5039,139.2683447,213.1658025,0
5040,139.2683447,213.1658025,0
5041,139.2683447,213.1658025,0
5042,139.2683447,213.1658025,0
5043,139.2683447,213.1658025,0
5044,139.2683447,213.1658025,0
5045,139.2683447,213.1658025,0
5046,139.2683447,213.1658025,0
5047,139.2683447,213.1658025,0
5048,139.2683447,213.1658025,0
5049,139.2683447,213.1658025,0
5050,139.2683447,213.1658025,0
5051,139.2683447,213.1658025,0
5052,139.2683447,213.1658025,0
5053,139.2683447,213.1658025,0
5054,139.2683447,213.1658025,0
5055,139.2683447,213.1658025,0
5056,139.2683447,213.1658025,0
5057,139.2683447,213.1658025,0
5058,139.2683447,213.1658025,0
5059,139.2683447,213.1658025,0
5060,139.2683447,213.1658025,0
5061,139.2683447,213.1658025,0
5062,139.2683447,213.1658025,0
5063,139.2683447,213.1658025,0
5064,139.2683447,213.1658025,0
5065,139.2683447,213.1658025,0
5066,139.2683447,213.1658025,0
5067,139.2683447,213.1658025,0
5068,139.2683447,213.1658025,0
5069,139.2683447,213.1658025,0
5070,139.2683447,213.1658025,0
5071,139.2683447,213.1658025,0
5072,136.4261336,213.1658025,0
5073,136.4261336,213.1658025,0
5074,136.4261336,213.1658025,0
5075,136.4261336,213.1658025,0
5076,136.4261336,213.1658025,0
5077,136.4261336,213.1658025,0
5078,136.4261336,213.1658025,0
5079,139.2683447,213.1658025,0
5080,139.2683447,213.1658025,0
5081,139.2683447,213.1658025,0
5082,139.2683447,210.3235918,0
5083,139.2683447,210.3235918,0
5084,139.2683447,210.3235918,0
5085,139.2683447,210.3235918,0
5086,139.2683447,210.3235918,0
5087,139.2683447,210.3235918,0
5088,139.2683447,210.3235918,0
5089,139.2683447,210.3235918,0
5090,139.2683447,210.3235918,0
5091,139.2683447,210.3235918,0
5092,139.2683447,210.3235918,0
5093,139.2683447,210.3235918,0
5094,139.2683447,210.3235918,0
5095,139.2683447,210.3235918,0
5096,139.2683447,210.3235918,0
5097,139.2683447,210.3235918,0
5098,139.2683447,210.3235918,0
5099,139.2683449,210.3235918,0
5100,139.2683449,210.3235918,0
5101,139.2683449,210.3235918,0
5102,139.2683449,210.3235918,0
5103,139.2683449,210.3235918,0
5104,139.2683449,210.3235918,0
5105,139.2683449,210.3235918,0
5106,139.2683449,210.3235918,0
5107,139.2683449,210.3235918,0
5108,139.2683449,210.3235918,0
5109,139.2683449,207.4813811,0
5110,139.2683449,207.4813811,0
5111,139.2683449,207.4813811,0
5112,139.2683449,207.4813811,0
5113,139.2683449,207.4813811,0
5114,139.2683449,207.4813811,0
5115,139.2683449,207.4813811,0
5116,139.2683449,207.4813811,0
5117,139.2683449,207.4813811,0
5118,139.2683449,207.4813811,0
5119,139.2683449,207.4813811,0
5120,139.2683449,207.4813811,0
5121,139.2683449,207.4813811,0
5122,139.2683449,207.4813811,0
5123,139.2683449,207.4813811,0
5124,139.2683449,207.4813811,0
5125,142.1105559,207.4813811,0
5126,142.1105559,207.4813811,0
5127,142.1105559,210.3235918,0
5128,142.1105559,210.3235918,0
5129,142.1105559,210.3235918,0
5130,142.1105559,210.3235918,0
5131,142.1105559,210.3235918,0
5132,142.1105559,210.3235918,0
5133,142.1105559,210.3235918,0
5134,142.1105559,210.3235918,0
5135,142.1105559,210.3235918,0
5136,142.1105559,210.3235918,0
5137,142.1105559,210.3235918,0
5138,142.1105559,210.3235918,0
5139,142.1105559,210.3235918,0
5140,142.1105559,210.3235918,0
5141,142.1105559,210.3235918,0
5142,142.1105559,210.3235918,0
5143,142.1105559,210.3235918,0
5144,142.1105559,210.3235918,0
5145,142.1105559,210.3235918,0
5146,142.1105559,210.3235918,0
5147,142.1105559,210.3235918,0
5148,142.1105559,210.3235918,0
5149,142.1105559,210.3235918,0
5150,142.1105559,210.3235918,0
5151,142.1105559,210.3235918,0
5152,142.1105559,210.3235918,0
5153,142.1105559,210.3235918,0
5154,142.1105559,210.3235918,0
5155,142.1105559,210.3235918,0
5156,142.1105559,210.3235918,0
5157,142.1105559,210.3235918,0
5158,142.1105559,210.3235918,0
5159,142.1105559,210.3235918,0
5160,142.1105559,210.3235918,0
5161,142.1105559,210.3235918,0
5162,142.1105559,210.3235918,0
5163,142.1105559,210.3235918,0
5164,142.1105559,210.3235918,0
5165,142.1105559,210.3235918,0
5166,142.1105559,210.3235918,0
5167,142.1105559,210.3235918,0
5168,142.1105559,210.3235918,0
5169,142.1105559,210.3235918,0
5170,142.1105559,210.3235918,0
5171,142.1105559,210.3235918,0
5172,142.1105559,210.3235918,0
5173,142.1105559,210.3235918,0
5174,142.1105559,210.3235918,0
5175,139.2683449,210.3235918,0
5176,139.2683449,210.3235918,0
5177,139.2683449,210.3235918,0
5178,139.2683449,210.3235918,0
5179,139.2683449,210.3235918,0
5180,139.2683449,210.3235918,0
5181,139.2683449,210.3235918,0
5182,139.2683449,210.3235918,0
5183,139.2683449,210.3235918,0
5184,139.2683449,210.3235918,0
5185,139.2683447,210.3235918,0
5186,139.2683447,210.3235918,0
5187,139.2683448,210.3235918,0
5188,139.2683448,210.3235918,0
5189,139.2683448,210.3235918,0
5190,139.2683448,210.3235918,0
5191,139.2683448,210.3235918,0
5192,139.2683448,210.3235918,0
5193,139.2683448,210.3235918,0
5194,139.2683448,210.3235918,0
5195,139.2683448,210.3235918,0
5196,139.2683448,210.3235918,0
5197,139.2683448,210.3235918,0
5198,139.2683448,210.3235918,0
5199,139.2683448,210.3235918,0
5200,139.2683448,210.3235918,0
5201,139.2683448,210.3235918,0
5202,139.2683448,210.3235918,0
5203,139.2683448,210.3235918,0
5204,139.2683448,210.3235918,0
5205,139.2683448,210.3235918,0
5206,139.2683448,210.3235918,0
5207,139.2683448,210.3235918,0
5208,139.2683448,210.3235918,0
5209,139.2683448,210.3235918,0
5210,139.2683448,210.3235918,0
5211,142.1105559,210.3235918,0
5212,142.1105559,210.3235918,0
5213,142.1105559,210.3235918,0
5214,142.1105559,210.3235918,0
5215,142.1105559,210.3235918,0
5216,142.1105559,210.3235918,0
5217,142.1105559,210.3235918,0
5218,142.1105559,210.3235918,0
5219,142.1105559,210.3235918,0
5220,142.1105559,210.3235918,0
5221,142.1105559,210.3235918,0
5222,142.1105559,210.3235918,0
5223,142.1105559,210.3235918,0
5224,142.1105559,210.3235918,0
5225,142.1105559,210.3235918,0
5226,142.1105559,210.3235918,0
5227,142.1105559,210.3235918,0
5228,142.1105559,210.3235918,0
5229,142.1105559,210.3235918,0
5230,142.1105559,210.3235918,0
5231,142.1105559,210.3235918,0
5232,142.1105559,210.3235918,0
5233,142.1105559,210.3235918,0
5234,142.1105559,210.3235918,0
5235,142.1105559,210.3235918,0
5236,142.1105559,210.3235918,0
5237,142.1105559,210.3235918,0
5238,142.1105559,210.3235918,0
5239,142.1105559,210.3235918,0
5240,142.1105559,210.3235918,0
5241,142.1105559,210.3235918,0
5242,142.1105559,210.3235918,0
5243,142.1105559,210.3235918,0
5244,142.1105559,210.3235918,0
5245,142.1105559,210.3235918,0
5246,142.1105559,210.3235918,0
5247,142.1105559,210.3235918,0
5248,142.1105559,210.3235918,0
5249,142.1105559,210.3235918,0
5250,142.1105559,210.3235918,0
5251,142.1105559,210.3235918,0
5252,142.1105559,210.3235918,0
5253,142.1105559,210.3235918,0
5254,142.1105559,210.3235918,0
5255,142.1105559,210.3235918,0
5256,142.1105559,210.3235918,0
5257,142.1105559,210.3235918,0
5258,142.1105559,210.3235918,0
5259,142.1105559,210.3235918,0
5260,142.1105559,210.3235918,0
5261,139.2683447,210.3235918,0
5262,139.2683447,210.3235918,0
5263,139.2683447,210.3235918,0
5264,139.2683447,210.3235918,0
5265,139.2683447,210.3235918,0
5266,139.2683447,210.3235918,0
5267,139.2683447,210.3235918,0
5268,139.2683447,210.3235918,0
5269,139.2683447,210.3235918,0
5270,139.2683447,210.3235918,0
5271,139.2683447,210.3235918,0
5272,139.2683447,210.3235918,0
5273,139.2683447,210.3235918,0
5274,139.2683447,210.3235918,0
5275,139.2683447,210.3235918,0
5276,139.2683447,210.3235918,0
5277,142.1105559,210.3235918,0
5278,142.1105559,210.3235918,0
5279,142.1105559,210.3235918,0
5280,142.1105559,210.3235918,0
5281,142.1105559,210.3235918,0
5282,142.1105559,210.3235918,0
5283,142.1105559,210.3235918,0
5284,142.1105559,210.3235918,0
5285,142.1105559,210.3235918,0
5286,142.1105559,210.3235918,0
5287,142.1105559,210.3235918,0
5288,142.1105559,210.3235918,0
5289,142.1105559,210.3235918,0
5290,142.1105559,210.3235918,0
5291,142.1105559,210.3235918,0
5292,142.1105559,210.3235918,0
5293,142.1105559,210.3235918,0
5294,142.1105559,210.3235918,0
5295,142.1105559,210.3235918,0
5296,142.1105559,210.3235918,0
5297,142.1105559,210.3235918,0
5298,142.1105559,210.3235918,0
5299,142.1105559,210.3235918,0
5300,142.1105559,210.3235918,0
5301,142.1105559,210.3235918,0
5302,142.1105559,210.3235918,0
5303,142.1105559,210.3235918,0
5304,142.1105559,210.3235918,0
5305,142.1105559,210.3235918,0
5306,142.1105559,210.3235918,0
5307,142.1105559,210.3235918,0
5308,142.1105559,210.3235918,0
5309,142.1105559,210.3235918,0
5310,142.1105559,210.3235918,0
5311,142.1105559,210.3235918,0
5312,142.1105559,210.3235918,0
5313,142.1105559,210.3235918,0
5314,142.1105559,210.3235918,0
5315,142.1105559,210.3235918,0
5316,142.1105559,210.3235918,0
5317,142.1105559,210.3235918,0
5318,142.1105559,210.3235918,0
5319,142.1105559,210.3235918,0
5320,142.1105559,210.3235918,0
5321,142.1105559,210.3235918,0
5322,142.1105559,210.3235918,0
5323,142.1105559,210.3235918,0
5324,142.1105559,210.3235918,0
5325,142.1105559,210.3235918,0
5326,142.1105559,210.3235918,0
5327,139.2683447,210.3235918,0
5328,139.2683447,210.3235918,0
5329,139.2683447,210.3235918,0
5330,139.2683447,210.3235918,0
5331,139.2683447,210.3235918,0
5332,142.1105559,210.3235918,0
5333,142.1105559,210.3235918,0
5334,142.1105559,210.3235918,0
5335,142.1105559,210.3235918,0
5336,142.1105559,210.3235918,0
5337,142.1105559,210.3235918,0
5338,142.1105559,210.3235918,0
5339,142.1105559,210.3235918,0
5340,142.1105559,210.3235918,0
5341,142.1105559,210.3235918,0
5342,142.1105559,210.3235918,0
5343,142.1105559,210.3235918,0
5344,142.1105559,210.3235918,0
5345,142.1105559,210.3235918,0
5346,142.1105559,210.3235918,0
5347,142.1105559,210.3235918,0
5348,142.1105559,210.3235918,0
5349,142.1105559,210.3235918,0
5350,142.1105559,210.3235918,0
5351,142.1105559,210.3235918,0
5352,142.1105559,210.3235918,0
5353,142.1105559,213.1658025,0
5354,142.1105559,213.1658025,0
5355,142.1105559,213.1658025,0
5356,142.1105559,213.1658025,0
5357,142.1105559,213.1658025,0
5358,142.1105559,213.1658025,0
5359,142.1105559,213.1658025,0
5360,142.1105559,213.1658025,0
5361,142.1105559,213.1658025,0
5362,142.1105559,213.1658025,0
5363,142.1105559,213.1658025,0
5364,142.1105559,213.1658025,0
5365,142.1105559,213.1658025,0
5366,142.1105559,213.1658025,0
5367,142.1105559,213.1658025,0
5368,142.1105559,213.1658025,0
5369,142.1105559,213.1658025,0
5370,142.1105559,213.1658025,0
5371,142.1105559,213.1658025,0
5372,142.1105559,213.1658025,0
5373,142.1105559,213.1658025,0
5374,142.1105559,213.1658025,0
5375,142.1105559,213.1658025,0
5376,142.1105559,213.1658025,0
5377,142.1105559,213.1658025,0
5378,142.1105559,213.1658025,0
5379,142.1105559,213.1658025,0
5380,142.1105559,213.1658025,0
5381,142.1105559,213.1658025,0
5382,136.4261337,213.1658025,0
5383,136.4261337,213.1658025,0
5384,136.4261337,213.1658025,0
5385,136.4261337,213.1658025,0
5386,136.4261337,213.1658025,0
5387,136.4261337,213.1658025,0
5388,136.4261337,213.1658025,0
5389,136.4261337,213.1658025,0
5390,136.4261337,213.1658025,0
5391,136.4261337,213.1658025,0
5392,136.4261337,213.1658025,0
5393,136.4261337,213.1658025,0
5394,136.4261337,213.1658025,0
5395,136.4261337,213.1658025,0
5396,139.2683449,213.1658025,0
5397,139.2683449,213.1658025,0
5398,139.2683449,213.1658025,0
5399,142.1105559,213.1658025,0
5400,142.1105559,213.1658025,0
5401,142.1105559,213.1658025,0
5402,142.1105559,213.1658025,0
5403,142.1105559,207.4813811,0
5404,142.1105559,207.4813811,0
5405,142.1105559,207.4813811,0
5406,142.1105559,207.4813811,0
5407,142.1105559,207.4813811,0
5408,142.1105559,207.4813811,0
5409,142.1105559,207.4813811,0
5410,142.1105559,210.3235918,0
5411,142.1105559,210.3235918,0
5412,142.1105559,210.3235918,0
5413,142.1105559,210.3235918,0
5414,142.1105559,210.3235918,0
5415,142.1105559,210.3235918,0
5416,142.1105559,210.3235918,0
5417,142.1105559,210.3235918,0
5418,142.1105559,210.3235918,0
5419,142.1105559,210.3235918,0
5420,142.1105559,210.3235918,0
5421,142.1105559,210.3235918,0
5422,142.1105559,210.3235918,0
5423,142.1105559,210.3235918,0
5424,142.1105559,210.3235918,0
5425,142.1105559,210.3235918,0
5426,142.1105559,210.3235918,0
5427,142.1105559,210.3235918,0
5428,142.1105559,210.3235918,0
5429,142.1105559,210.3235918,0
5430,142.1105559,210.3235918,0
5431,142.1105559,210.3235918,0
5432,142.1105559,210.3235918,0
5433,142.1105559,210.3235918,0
5434,142.1105559,210.3235918,0
5435,142.1105559,210.3235918,0
5436,142.1105559,210.3235918,0
5437,142.1105559,210.3235918,0
5438,142.1105559,210.3235918,0
5439,142.1105559,210.3235918,0
5440,142.1105559,210.3235918,0
5441,142.1105559,210.3235918,0
5442,142.1105559,210.3235918,0
5443,142.1105559,210.3235918,0
5444,142.1105559,210.3235918,0
5445,142.1105559,210.3235918,0
5446,142.1105559,210.3235918,0
5447,142.1105559,210.3235918,0
5448,142.1105559,210.3235918,0
5449,142.1105559,210.3235918,0
5450,142.1105559,210.3235918,0
5451,142.1105559,210.3235918,0
5452,142.1105559,210.3235918,0
5453,142.1105559,210.3235918,0
5454,142.1105559,210.3235918,0
5455,142.1105559,210.3235918,0
5456,142.1105559,210.3235918,0
5457,142.1105559,210.3235918,0
5458,142.1105559,210.3235918,0
5459,142.1105559,210.3235918,0
5460,142.1105559,210.3235918,0
5461,142.1105559,210.3235918,0
5462,142.1105559,210.3235918,0
5463,142.1105559,210.3235918,0
5464,142.1105559,210.3235918,0
5465,142.1105559,210.3235918,0
5466,142.1105559,210.3235918,0
5467,142.1105559,210.3235918,0
5468,142.1105559,210.3235918,0
5469,142.1105559,210.3235918,0
5470,142.1105559,210.3235918,0
5471,142.1105559,210.3235918,0
5472,142.1105559,210.3235918,0
5473,142.1105559,210.3235918,0
5474,142.1105559,210.3235918,0
5475,139.2683448,210.3235918,0
5476,142.1105559,210.3235918,0
5477,142.1105559,210.3235918,0
5478,142.1105559,213.1658025,0
5479,142.1105559,213.1658025,0
5480,142.1105559,213.1658025,0
5481,142.1105559,213.1658025,0
5482,142.1105559,213.1658025,0
5483,142.1105559,213.1658025,0
5484,142.1105559,213.1658025,0
5485,142.1105559,213.1658025,0
5486,142.1105559,213.1658025,0
5487,142.1105559,213.1658025,0
5488,142.1105559,213.1658025,0
5489,142.1105559,213.1658025,0
5490,142.1105559,213.1658025,0
5491,142.1105559,213.1658025,0
5492,142.1105559,213.1658025,0
5493,142.1105559,213.1658025,0
5494,142.1105559,213.1658025,0
5495,142.1105559,213.1658025,0
5496,142.1105559,213.1658025,0
5497,142.1105559,213.1658025,0
5498,142.1105559,213.1658025,0
5499,142.1105559,213.1658025,0
5500,142.1105559,213.1658025,0
5501,142.1105559,213.1658025,0
5502,142.1105559,213.1658025,0
5503,142.1105559,213.1658025,0
5504,142.1105559,213.1658025,0
5505,142.1105559,213.1658025,0
5506,142.1105559,213.1658025,0
5507,142.1105559,213.1658025,0
5508,142.1105559,213.1658025,0
5509,142.1105559,213.1658025,0
5510,142.1105559,213.1658025,0
5511,142.1105559,213.1658025,0
5512,142.1105559,213.1658025,0
5513,142.1105559,213.1658025,0
5514,142.1105559,213.1658025,0
5515,142.1105559,213.1658025,0
5516,142.1105559,213.1658025,0
5517,142.1105559,213.1658025,0
5518,142.1105559,213.1658025,0
5519,142.1105559,213.1658025,0
5520,142.1105559,213.1658025,0
5521,142.1105559,213.1658025,0
5522,142.1105559,213.1658025,0
5523,142.1105559,213.1658025,0
5524,142.1105559,213.1658025,0
5525,142.1105559,213.1658025,0
5526,142.1105559,213.1658025,0
5527,142.1105559,213.1658025,0
5528,142.1105559,213.1658025,0
5529,142.1105559,213.1658025,0
5530,142.1105559,213.1658025,0
5531,142.1105559,213.1658025,0
5532,142.1105559,213.1658025,0
5533,142.1105559,213.1658025,0
5534,142.1105559,213.1658025,0
5535,142.1105559,213.1658025,0
5536,142.1105559,213.1658025,0
5537,142.1105559,213.1658025,0
5538,142.1105559,213.1658025,0
5539,142.1105559,213.1658025,0
5540,142.1105559,213.1658025,0
5541,142.1105559,213.1658025,0
5542,142.1105559,213.1658025,0
5543,142.1105559,213.1658025,0
5544,142.1105559,213.1658025,0
5545,142.1105559,213.1658025,0
5546,142.1105559,213.1658025,0
5547,142.1105559,213.1658025,0
5548,142.1105559,213.1658025,0
5549,142.1105559,213.1658025,0
5550,142.1105559,213.1658025,0
5551,142.1105559,213.1658025,0
5552,142.1105559,213.1658025,0
5553,142.1105559,213.1658025,0
5554,142.1105559,213.1658025,0
5555,142.1105559,213.1658025,0
5556,142.1105559,213.1658025,0
5557,142.1105559,213.1658025,0
5558,142.1105559,213.1658025,0
5559,142.1105559,213.1658025,0
5560,142.1105559,213.1658025,0
5561,142.1105559,213.1658025,0
5562,142.1105559,213.1658025,0
5563,142.1105559,213.1658025,0
5564,142.1105559,213.1658025,0
5565,136.4261337,213.1658025,0
5566,136.4261337,213.1658025,0
5567,136.4261337,213.1658025,0
5568,136.4261337,210.3235918,0
5569,136.4261337,210.3235918,0
5570,136.4261337,210.3235918,0
5571,136.4261337,210.3235918,0
5572,136.4261337,210.3235918,0
5573,136.4261337,210.3235918,0
5574,136.4261337,210.3235918,0
5575,136.4261337,210.3235918,0
5576,136.4261337,210.3235918,0
5577,136.4261337,210.3235918,0
5578,136.4261337,210.3235918,0
5579,136.4261337,210.3235918,0
5580,136.4261337,210.3235918,0
5581,136.4261337,210.3235918,0
5582,136.4261337,210.3235918,0
5583,136.4261337,210.3235918,0
5584,136.4261337,210.3235918,0
5585,136.4261337,210.3235918,0
5586,136.4261337,210.3235918,0
5587,136.4261337,210.3235918,0
5588,136.4261337,210.3235918,0
5589,136.4261337,210.3235918,0
5590,136.4261337,210.3235918,0
5591,136.4261337,210.3235918,0
5592,136.4261337,210.3235918,0
5593,136.4261337,210.3235918,0
5594,136.4261337,210.3235918,0
5595,136.4261337,210.3235918,0
5596,142.1105559,210.3235918,0
5597,142.1105559,210.3235918,0
5598,142.1105559,210.3235918,0
5599,142.1105559,210.3235918,0
5600,142.1105559,210.3235918,0
5601,142.1105559,210.3235918,0
5602,142.1105559,210.3235918,0
5603,142.1105559,210.3235918,0
5604,142.1105559,213.1658025,0
5605,142.1105559,213.1658025,0
5606,142.1105559,213.1658025,0
5607,142.1105559,213.1658025,0
5608,142.1105559,213.1658025,0
5609,142.1105559,213.1658025,0
5610,142.1105559,213.1658025,0
5611,142.1105559,213.1658025,0
5612,142.1105559,213.1658025,0
5613,142.1105559,213.1658025,0
5614,142.1105559,213.1658025,0
5615,142.1105559,213.1658025,0
5616,142.1105559,213.1658025,0
5617,142.1105559,213.1658025,0
5618,142.1105559,213.1658025,0
5619,142.1105559,213.1658025,0
5620,142.1105559,213.1658025,0
5621,142.1105559,213.1658025,0
5622,142.1105559,213.1658025,0
5623,142.1105559,213.1658025,0
5624,142.1105559,213.1658025,0
5625,142.1105559,213.1658025,0
5626,142.1105559,213.1658025,0
5627,142.1105559,213.1658025,0
5628,142.1105559,213.1658025,0
5629,142.1105559,213.1658025,0
5630,142.1105559,213.1658025,0
5631,142.1105559,213.1658025,0
5632,142.1105559,213.1658025,0
5633,142.1105559,213.1658025,0
5634,142.1105559,213.1658025,0
5635,142.1105559,213.1658025,0
5636,142.1105559,213.1658025,0
5637,142.1105559,213.1658025,0
5638,142.1105559,213.1658025,0
5639,142.1105559,213.1658025,0
5640,142.1105559,213.1658025,0
5641,142.1105559,213.1658025,0
5642,142.1105559,213.1658025,0
5643,142.1105559,213.1658025,0
5644,142.1105559,213.1658025,0
5645,142.1105559,213.1658025,0
5646,142.1105559,213.1658025,0
5647,142.1105559,213.1658025,0
5648,142.1105559,213.1658025,0
5649,142.1105559,213.1658025,0
5650,142.1105559,213.1658025,0
5651,142.1105559,213.1658025,0
5652,142.1105559,213.1658025,0
5653,142.1105559,213.1658025,0
5654,142.1105559,210.3235918,0
5655,142.1105559,210.3235918,0
5656,142.1105559,210.3235918,0
5657,142.1105559,210.3235918,0
5658,142.1105559,210.3235918,0
5659,142.1105559,210.3235918,0
5660,142.1105559,210.3235918,0
5661,142.1105559,210.3235918,0
5662,142.1105559,210.3235918,0
5663,142.1105559,210.3235918,0
5664,142.1105559,210.3235918,0
5665,142.1105559,210.3235918,0
5666,142.1105559,210.3235918,0
5667,142.1105559,210.3235918,0
5668,142.1105559,210.3235918,0
5669,142.1105559,210.3235918,0
5670,142.1105559,210.3235918,0
5671,142.1105559,210.3235918,0
5672,142.1105559,210.3235918,0
5673,142.1105559,210.3235918,0
5674,142.1105559,210.3235918,0
5675,142.1105559,210.3235918,0
5676,142.1105559,210.3235918,0
5677,142.1105559,210.3235918,0
5678,142.1105559,210.3235918,0
5679,142.1105559,210.3235918,0
5680,142.1105559,210.3235918,0
5681,142.1105559,210.3235918,0
5682,142.1105559,210.3235918,0
5683,142.1105559,210.3235918,0
5684,142.1105559,210.3235918,0
5685,142.1105559,210.3235918,0
5686,142.1105559,210.3235918,0
5687,142.1105559,210.3235918,0
5688,142.1105559,210.3235918,0
5689,142.1105559,210.3235918,0
5690,142.1105559,210.3235918,0
5691,142.1105559,210.3235918,0
5692,142.1105559,210.3235918,0
5693,142.1105559,210.3235918,0
5694,142.1105559,210.3235918,0
5695,142.1105559,210.3235918,0
5696,142.1105559,210.3235918,0
5697,142.1105559,210.3235918,0
5698,142.1105559,210.3235918,0
5699,142.1105559,210.3235918,0
5700,142.1105559,210.3235918,0
5701,142.1105559,210.3235918,0
5702,142.1105559,210.3235918,0
5703,142.1105559,210.3235918,0
5704,142.1105559,210.3235918,0
5705,142.1105559,210.3235918,0
5706,142.1105559,210.3235918,0
5707,142.1105559,210.3235918,0
5708,142.1105559,210.3235918,0
5709,142.1105559,210.3235918,0
5710,142.1105559,210.3235918,0
5711,142.1105559,210.3235918,0
5712,142.1105559,210.3235918,0
5713,142.1105559,210.3235918,0
5714,142.1105559,213.1658025,0
5715,142.1105559,213.1658025,0
5716,142.1105559,213.1658025,0
5717,142.1105559,213.1658025,0
5718,142.1105559,213.1658025,0
5719,142.1105559,213.1658025,0
5720,139.2683448,213.1658025,0
5721,139.2683448,213.1658025,0
5722,139.2683448,213.1658025,0
5723,139.2683448,213.1658025,0
5724,139.2683448,213.1658025,0
5725,139.2683448,213.1658025,0
5726,142.110556,213.1658025,0
5727,142.110556,213.1658025,0
5728,142.110556,213.1658025,0
5729,142.110556,213.1658025,0
5730,142.110556,213.1658025,0
5731,142.110556,213.1658025,0
5732,142.110556,213.1658025,0
5733,142.110556,213.1658025,0
5734,142.110556,213.1658025,0
5735,142.110556,213.1658025,0
5736,142.110556,213.1658025,0
5737,142.110556,213.1658025,0
5738,142.110556,213.1658025,0
5739,142.110556,213.1658025,0
5740,142.110556,213.1658025,0
5741,142.110556,213.1658025,0
5742,142.110556,213.1658025,0
5743,142.110556,213.1658025,0
5744,142.110556,213.1658025,0
5745,142.110556,213.1658025,0
5746,142.110556,213.1658025,0
5747,142.110556,213.1658025,0
5748,142.110556,213.1658025,0
5749,142.110556,213.1658025,0
5750,142.110556,213.1658025,0
5751,142.110556,213.1658025,0
5752,142.110556,213.1658025,0
5753,142.110556,213.1658025,0
5754,142.110556,213.1658025,0
5755,142.110556,213.1658025,0
5756,142.110556,213.1658025,0
5757,142.110556,213.1658025,0
5758,142.110556,213.1658025,0
5759,142.110556,213.1658025,0
5760,142.110556,213.1658025,0
5761,142.110556,213.1658025,0
5762,142.110556,213.1658025,0
5763,142.110556,213.1658025,0
5764,142.110556,210.3235918,0
5765,142.110556,210.3235918,0
5766,142.110556,210.3235918,0
5767,142.110556,210.3235918,0
5768,142.110556,210.3235918,0
5769,142.110556,210.3235918,0
5770,142.110556,210.3235918,0
5771,142.110556,210.3235918,0
5772,142.110556,210.3235918,0
5773,142.110556,210.3235918,0
5774,142.110556,210.3235918,0
5775,142.110556,210.3235918,0
5776,142.1105559,210.3235918,0
5777,142.1105559,210.3235918,0
5778,142.1105559,210.3235918,0
5779,142.1105559,210.3235918,0
5780,142.1105559,210.3235918,0
5781,142.1105559,210.3235918,0
5782,142.1105559,210.3235918,0
5783,142.1105559,210.3235918,0
5784,142.1105559,210.3235918,0
5785,142.1105559,210.3235918,0
5786,142.1105559,210.3235918,0
5787,142.1105559,210.3235918,0
5788,142.1105559,210.3235918,0
5789,142.1105559,210.3235918,0
5790,142.110556,210.3235918,0
5791,142.110556,210.3235918,0
5792,142.110556,210.3235918,0
5793,142.110556,210.3235918,0
5794,142.110556,210.3235918,0
5795,142.110556,210.3235918,0
5796,142.110556,210.3235918,0
5797,142.110556,210.3235918,0
5798,142.110556,210.3235918,0
5799,142.110556,210.3235918,0
5800,142.110556,210.3235918,0
5801,142.110556,210.3235918,0
5802,142.110556,210.3235918,0
5803,142.110556,210.3235918,0
5804,142.110556,210.3235918,0
5805,142.110556,210.3235918,0
5806,142.110556,210.3235918,0
5807,142.110556,210.3235918,0
5808,142.110556,210.3235918,0
5809,142.110556,210.3235918,0
5810,142.110556,210.3235918,0
5811,142.110556,210.3235918,0
5812,142.110556,210.3235918,0
5813,142.110556,210.3235918,0
5814,142.110556,210.3235918,0
5815,142.110556,210.3235918,0
5816,142.110556,210.3235918,0
5817,142.110556,210.3235918,0
5818,142.110556,210.3235918,0
5819,142.110556,210.3235918,0
5820,142.110556,210.3235918,0
5821,142.110556,210.3235918,0
5822,142.110556,210.3235918,0
5823,142.110556,210.3235918,0
5824,142.110556,210.3235918,0
5825,142.110556,210.3235918,0
5826,142.110556,210.3235918,0
5827,142.110556,210.3235918,0
5828,142.110556,210.3235918,0
5829,142.110556,210.3235918,0
5830,142.110556,210.3235918,0
5831,142.110556,210.3235918,0
5832,142.110556,210.3235918,0
5833,142.110556,210.3235918,0
5834,142.110556,210.3235918,0
5835,142.110556,210.3235918,0
5836,142.110556,210.3235918,0
5837,142.110556,210.3235918,0
5838,142.110556,210.3235918,0
5839,142.110556,210.3235918,0
5840,139.2683447,210.3235918,0
5841,139.2683447,210.3235918,0
5842,139.2683447,210.3235918,0
5843,139.2683447,210.3235918,0
5844,139.2683447,210.3235918,0
5845,139.2683447,210.3235918,0
5846,139.2683447,210.3235918,0
5847,139.2683447,210.3235918,0
5848,139.2683447,210.3235918,0
5849,139.2683447,210.3235918,0
5850,139.2683447,210.3235918,0
5851,142.1105559,210.3235918,0
5852,142.1105559,210.3235918,0
5853,142.1105559,210.3235918,0
5854,142.1105559,210.3235918,0
5855,142.1105559,210.3235918,0
5856,142.1105559,210.3235918,0
5857,142.1105559,210.3235918,0
5858,142.1105559,210.3235918,0
5859,142.1105559,210.3235918,0
5860,142.1105559,210.3235918,0
5861,142.1105559,210.3235918,0
5862,142.1105559,210.3235918,0
5863,142.1105559,210.3235918,0
5864,142.1105559,210.3235918,0
5865,142.1105559,210.3235918,0
5866,142.1105559,210.3235918,0
5867,142.1105559,210.3235918,0
5868,142.1105559,210.3235918,0
5869,142.1105559,210.3235918,0
5870,142.1105559,210.3235918,0
5871,142.1105559,210.3235918,0
5872,142.1105559,210.3235918,0
5873,142.1105559,210.3235918,0
5874,142.1105559,210.3235918,0
5875,142.1105559,210.3235918,0
5876,142.1105559,210.3235918,0
5877,142.1105559,210.3235918,0
5878,142.1105559,210.3235918,0
5879,142.1105559,210.3235918,0
5880,142.1105559,210.3235918,0
5881,142.1105559,210.3235918,0
5882,142.1105559,210.3235918,0
5883,142.1105559,210.3235918,0
5884,142.1105559,210.3235918,0
5885,142.1105559,210.3235918,0
5886,142.1105559,210.3235918,0
5887,142.1105559,210.3235918,0
5888,142.1105559,210.3235918,0
5889,142.1105559,210.3235918,0
5890,142.1105559,210.3235918,0
5891,142.1105559,210.3235918,0
5892,142.1105559,210.3235918,0
5893,142.1105559,210.3235918,0
5894,142.1105559,210.3235918,0
5895,142.1105559,210.3235918,0
5896,142.1105559,210.3235918,0
5897,142.1105559,210.3235918,0
5898,142.1105559,210.3235918,0
5899,142.1105559,210.3235918,0
5900,142.1105559,210.3235918,0
5901,136.4261337,210.3235918,0
5902,136.4261337,210.3235918,0
5903,136.4261337,210.3235918,0
5904,136.4261337,210.3235918,0
5905,136.4261337,210.3235918,0
5906,136.4261337,210.3235918,0
5907,136.4261337,207.4813811,0
5908,136.4261337,207.4813811,0
5909,139.2683447,207.4813811,0
5910,139.2683447,207.4813811,0
5911,139.2683447,207.4813811,0
5912,139.2683447,207.4813811,0
5913,139.2683447,207.4813811,0
5914,139.2683447,207.4813811,0
5915,139.2683447,207.4813811,0
5916,139.2683447,207.4813811,0
5917,139.2683447,207.4813811,0
5918,139.2683447,207.4813811,0
5919,139.2683447,207.4813811,0
5920,139.2683447,207.4813811,0
5921,139.2683447,207.4813811,0
5922,139.2683447,207.4813811,0
5923,139.2683447,207.4813811,0
5924,139.2683447,207.4813811,0
5925,139.2683447,207.4813811,0
5926,139.2683447,207.4813811,0
5927,139.2683447,207.4813811,0
5928,139.2683447,207.4813811,0
5929,139.2683447,207.4813811,0
5930,139.2683447,207.4813811,0
5931,139.2683447,207.4813811,0
5932,139.2683447,207.4813811,0
5933,139.2683447,207.4813811,0
5934,139.2683449,207.4813811,0
5935,139.2683449,207.4813811,0
5936,139.2683449,210.3235918,0
5937,139.2683449,210.3235918,0
5938,139.2683449,210.3235918,0
5939,139.2683449,210.3235918,0
5940,139.2683449,210.3235918,0
5941,139.2683449,210.3235918,0
5942,139.2683449,210.3235918,0
5943,139.2683449,210.3235918,0
5944,139.2683449,210.3235918,0
5945,139.2683449,210.3235918,0
5946,139.2683449,210.3235918,0
5947,139.2683449,210.3235918,0
5948,139.2683449,210.3235918,0
5949,139.2683449,210.3235918,0
5950,139.2683449,210.3235918,0
5951,139.2683449,210.3235918,0
5952,139.2683449,210.3235918,0
5953,139.2683449,210.3235918,0
5954,139.2683449,210.3235918,0
5955,139.2683449,210.3235918,0
5956,139.2683449,210.3235918,0
5957,139.2683449,210.3235918,0
5958,139.2683449,210.3235918,0
5959,139.2683449,210.3235918,0
5960,139.2683449,210.3235918,0
5961,139.2683449,210.3235918,0
5962,139.2683449,210.3235918,0
5963,139.2683449,210.3235918,0
5964,139.2683449,210.3235918,0
5965,139.2683449,210.3235918,0
5966,139.2683449,210.3235918,0
5967,142.110556,210.3235918,0
5968,142.110556,210.3235918,0
5969,142.110556,210.3235918,0
5970,142.110556,210.3235918,0
5971,142.110556,210.3235918,0
5972,142.110556,210.3235918,0
5973,142.110556,210.3235918,0
5974,142.110556,210.3235918,0
5975,142.110556,210.3235918,0
5976,142.110556,210.3235918,0
5977,142.110556,210.3235918,0
5978,142.110556,210.3235918,0
5979,142.110556,210.3235918,0
5980,142.110556,210.3235918,0
5981,142.110556,210.3235918,0
5982,142.110556,210.3235918,0
5983,142.110556,210.3235918,0
5984,142.110556,210.3235918,0
5985,142.110556,210.3235918,0
5986,142.110556,210.3235918,0
5987,142.110556,210.3235918,0
5988,142.110556,210.3235918,0
5989,142.110556,210.3235918,0
5990,142.110556,210.3235918,0
5991,142.110556,210.3235918,0
5992,142.110556,210.3235918,0
5993,142.110556,210.3235918,0
5994,142.110556,210.3235918,0
5995,142.110556,210.3235918,0
5996,142.110556,210.3235918,0
5997,142.110556,210.3235918,0
5998,142.110556,210.3235918,0
5999,142.110556,210.3235918,0
6000,142.110556,210.3235918,0
6001,142.110556,210.3235918,0
6002,142.110556,210.3235918,0
6003,142.110556,210.3235918,0
6004,142.110556,210.3235918,0
6005,142.110556,210.3235918,0
6006,142.110556,210.3235918,0
6007,142.110556,210.3235918,0
6008,142.110556,210.3235918,0
6009,142.110556,210.3235918,0
6010,142.110556,210.3235918,0
6011,142.110556,210.3235918,0
6012,142.110556,210.3235918,0
6013,142.110556,210.3235918,0
6014,142.110556,210.3235918,0
6015,142.110556,210.3235918,0
6016,142.110556,210.3235918,0
6017,139.2683448,210.3235918,0
6018,139.2683448,216.0080132,0
6019,139.2683448,216.0080132,0
6020,139.2683448,216.0080132,0
6021,142.110556,216.0080132,0
6022,142.110556,216.0080132,0
6023,142.110556,216.0080132,0
6024,142.110556,216.0080132,0
6025,142.110556,216.0080132,0
6026,142.110556,216.0080132,0
6027,142.110556,216.0080132,0
6028,142.110556,216.0080132,0
6029,142.110556,216.0080132,0
6030,142.110556,216.0080132,0
6031,142.110556,216.0080132,0
6032,142.110556,216.0080132,0
6033,142.110556,216.0080132,0
6034,142.110556,216.0080132,0
6035,142.110556,216.0080132,0
6036,142.110556,216.0080132,0
6037,142.110556,216.0080132,0
6038,142.110556,216.0080132,0
6039,142.110556,216.0080132,0
6040,142.110556,216.0080132,0
6041,142.110556,216.0080132,0
6042,142.110556,216.0080132,0
6043,142.110556,216.0080132,0
6044,142.110556,216.0080132,0
6045,142.110556,216.0080132,0
6046,142.110556,216.0080132,0
6047,142.110556,216.0080132,0
6048,142.110556,216.0080132,0
6049,142.110556,216.0080132,0
6050,142.110556,216.0080132,0
6051,142.110556,216.0080132,0
6052,142.110556,216.0080132,0
6053,142.110556,216.0080132,0
6054,142.110556,216.0080132,0
6055,142.110556,216.0080132,0
6056,142.110556,216.0080132,0
6057,142.110556,216.0080132,0
6058,142.110556,216.0080132,0
6059,142.110556,216.0080132,0
6060,142.110556,216.0080132,0
6061,142.110556,216.0080132,0
6062,142.110556,216.0080132,0
6063,142.110556,216.0080132,0
6064,142.110556,216.0080132,0
6065,142.110556,216.0080132,0
6066,142.110556,216.0080132,0
6067,142.110556,216.0080132,0
6068,142.110556,207.4813811,0
6069,142.110556,207.4813811,0
6070,142.110556,207.4813811,0
6071,142.110556,207.4813811,0
6072,142.110556,207.4813811,0
6073,142.110556,207.4813811,0
6074,142.110556,207.4813811,0
6075,142.110556,207.4813811,0
6076,142.110556,207.4813811,0
6077,142.110556,207.4813811,0
6078,142.1105559,207.4813811,0
6079,142.1105559,207.4813811,0
6080,142.1105559,207.4813811,0
6081,142.1105559,207.4813811,0
6082,142.1105559,207.4813811,0
6083,142.1105559,207.4813811,0
6084,142.1105559,207.4813811,0
6085,142.1105559,207.4813811,0
6086,142.1105559,207.4813811,0
6087,142.1105559,207.4813811,0
6088,142.1105559,207.4813811,0
6089,142.1105559,207.4813811,0
6090,142.1105559,210.3235918,0
6091,142.1105559,210.3235918,0
6092,142.1105559,210.3235918,0
6093,142.1105559,210.3235918,0
6094,142.1105559,210.3235918,0
6095,142.1105559,210.3235918,0
6096,142.1105559,210.3235918,0
6097,142.1105559,210.3235918,0
6098,142.1105559,210.3235918,0
6099,142.1105559,210.3235918,0
6100,142.1105559,210.3235918,0
6101,142.1105559,210.3235918,0
6102,142.1105559,210.3235918,0
6103,142.1105559,210.3235918,0
6104,142.1105559,210.3235918,0
6105,142.1105559,210.3235918,0
6106,142.1105559,210.3235918,0
6107,142.1105559,210.3235918,0
6108,142.1105559,210.3235918,0
6109,142.1105559,210.3235918,0
6110,142.1105559,210.3235918,0
6111,142.1105559,210.3235918,0
6112,142.1105559,210.3235918,0
6113,142.1105559,210.3235918,0
6114,142.1105559,210.3235918,0
6115,142.1105559,210.3235918,0
6116,142.1105559,210.3235918,0
6117,142.1105559,210.3235918,0
6118,142.1105559,210.3235918,0
6119,142.1105559,210.3235918,0
6120,142.1105559,210.3235918,0
6121,142.1105559,210.3235918,0
6122,142.1105559,210.3235918,0
6123,142.1105559,210.3235918,0
6124,142.1105559,210.3235918,0
6125,142.1105559,210.3235918,0
6126,142.1105559,210.3235918,0
6127,142.1105559,210.3235918,0
6128,142.1105559,210.3235918,0
6129,142.1105559,210.3235918,0
6130,142.1105559,210.3235918,0
6131,142.1105559,210.3235918,0
6132,142.1105559,210.3235918,0
6133,142.1105559,210.3235918,0
6134,142.1105559,210.3235918,0
6135,142.1105559,210.3235918,0
6136,142.1105559,210.3235918,0
6137,142.1105559,210.3235918,0
6138,142.1105559,210.3235918,0
6139,142.1105559,210.3235918,0
6140,142.1105559,210.3235918,0
6141,142.1105559,210.3235918,0
6142,142.1105559,210.3235918,0
6143,139.2683449,210.3235918,0
6144,139.2683449,210.3235918,0
6145,139.2683449,210.3235918,0
6146,139.2683449,210.3235918,0
6147,139.2683449,210.3235918,0
6148,139.2683449,210.3235918,0
6149,139.2683449,210.3235918,0
6150,139.2683449,210.3235918,0
6151,139.2683449,210.3235918,0
6152,139.2683449,210.3235918,0
6153,139.2683449,210.3235918,0
6154,139.2683449,210.3235918,0
6155,139.2683449,210.3235918,0
6156,139.2683449,210.3235918,0
6157,139.2683449,210.3235918,0
6158,139.2683449,210.3235918,0
6159,139.2683449,210.3235918,0
6160,139.2683449,210.3235918,0
6161,139.2683449,210.3235918,0
6162,139.2683449,210.3235918,0
6163,139.2683449,210.3235918,0
6164,139.2683449,210.3235918,0
6165,139.2683449,210.3235918,0
6166,139.2683449,210.3235918,0
6167,139.2683449,210.3235918,0
6168,139.2683449,210.3235918,0
6169,139.2683449,210.3235918,0
6170,139.2683449,210.3235918,0
6171,139.2683447,210.3235918,0
6172,139.2683447,210.3235918,0
6173,139.2683447,210.3235918,0
6174,139.2683447,210.3235918,0
6175,139.2683447,210.3235918,0
6176,139.2683447,210.3235918,0
6177,139.2683447,210.3235918,0
6178,139.2683447,210.3235918,0
6179,139.2683447,210.3235918,0
6180,139.2683447,210.3235918,0
6181,139.2683447,210.3235918,0
6182,139.2683448,210.3235918,0
6183,139.2683448,210.3235918,0
6184,139.2683448,210.3235918,0
6185,139.2683448,210.3235918,0
6186,139.2683448,210.3235918,0
6187,139.2683448,210.3235918,0
6188,139.2683448,210.3235918,0
6189,139.2683448,210.3235918,0
6190,139.2683448,210.3235918,0
6191,139.2683448,210.3235918,0
6192,139.2683448,207.4813811,0
6193,139.2683448,207.4813811,0
6194,139.2683448,207.4813811,0
6195,139.2683448,207.4813811,0
6196,139.2683448,207.4813811,0
6197,139.2683448,207.4813811,0
6198,139.2683448,207.4813811,0
6199,139.2683448,207.4813811,0
6200,139.2683448,207.4813811,0
6201,139.2683448,207.4813811,0
6202,139.2683448,207.4813811,0
6203,139.2683448,207.4813811,0
6204,139.2683448,207.4813811,0
6205,139.2683448,207.4813811,0
6206,139.2683448,207.4813811,0
6207,139.2683448,207.4813811,0
6208,139.2683448,207.4813811,0
6209,139.2683448,207.4813811,0
6210,139.2683448,210.3235918,0
6211,139.2683448,210.3235918,0
6212,139.2683448,210.3235918,0
6213,139.2683448,210.3235918,0
6214,142.1105559,210.3235918,0
6215,142.1105559,210.3235918,0
6216,142.1105559,210.3235918,0
6217,142.1105559,210.3235918,0
6218,142.1105559,210.3235918,0
6219,142.1105559,210.3235918,0
6220,142.1105559,210.3235918,0
6221,142.1105559,210.3235918,0
6222,142.1105559,210.3235918,0
6223,142.1105559,210.3235918,0
6224,142.1105559,210.3235918,0
6225,142.1105559,210.3235918,0
6226,142.1105559,210.3235918,0
6227,142.1105559,210.3235918,0
6228,142.1105559,210.3235918,0
6229,142.1105559,210.3235918,0
6230,142.1105559,210.3235918,0
6231,142.1105559,210.3235918,0
6232,142.1105559,210.3235918,0
6233,142.1105559,210.3235918,0
6234,142.1105559,210.3235918,0
6235,142.1105559,210.3235918,0
6236,142.1105559,210.3235918,0
6237,142.1105559,210.3235918,0
6238,142.1105559,210.3235918,0
6239,142.1105559,210.3235918,0
6240,142.1105559,210.3235918,0
6241,142.1105559,210.3235918,0
6242,142.1105559,210.3235918,0
6243,142.1105559,210.3235918,0
6244,142.1105559,210.3235918,0
6245,142.1105559,210.3235918,0
6246,142.1105559,213.1658025,0
6247,142.1105559,213.1658025,0
6248,142.1105559,213.1658025,0
6249,142.1105559,213.1658025,0
6250,142.1105559,213.1658025,0
6251,142.1105559,213.1658025,0
6252,142.1105559,213.1658025,0
6253,142.1105559,213.1658025,0
6254,142.1105559,213.1658025,0
6255,142.1105559,213.1658025,0
6256,142.1105559,213.1658025,0
6257,142.1105559,213.1658025,0
6258,142.1105559,213.1658025,0
6259,142.1105559,213.1658025,0
6260,142.1105559,213.1658025,0
6261,142.1105559,213.1658025,0
6262,142.1105559,213.1658025,0
6263,142.1105559,213.1658025,0
6264,142.1105559,213.1658025,0
6265,142.1105559,213.1658025,0
6266,142.1105559,213.1658025,0
6267,142.1105559,213.1658025,0
6268,142.1105559,213.1658025,0
6269,142.1105559,213.1658025,0
6270,142.1105559,213.1658025,0
6271,142.1105559,213.1658025,0
6272,142.1105559,213.1658025,0
6273,142.1105559,213.1658025,0
6274,142.1105559,213.1658025,0
6275,142.1105559,213.1658025,0
6276,142.1105559,213.1658025,0
6277,142.1105559,213.1658025,0
6278,142.1105559,213.1658025,0
6279,142.1105559,213.1658025,0
6280,142.1105559,213.1658025,0
6281,142.1105559,213.1658025,0
6282,142.1105559,213.1658025,0
6283,142.1105559,213.1658025,0
6284,142.1105559,213.1658025,0
6285,142.1105559,213.1658025,0
6286,142.1105559,213.1658025,0
6287,142.1105559,213.1658025,0
6288,142.1105559,213.1658025,0
6289,142.1105559,213.1658025,0
6290,142.1105559,213.1658025,0
6291,142.1105559,213.1658025,0
6292,142.1105559,213.1658025,0
6293,142.1105559,213.1658025,0
6294,142.1105559,213.1658025,0
6295,142.1105559,213.1658025,0
6296,142.1105559,210.3235918,0
6297,142.1105559,210.3235918,0
6298,142.1105559,210.3235918,0
6299,142.110556,210.3235918,0
6300,142.110556,210.3235918,0
6301,142.110556,210.3235918,0
6302,142.110556,210.3235918,0
6303,142.110556,210.3235918,0
6304,142.110556,210.3235918,0
6305,142.110556,210.3235918,0
6306,142.110556,210.3235918,0
6307,142.110556,210.3235918,0
6308,142.110556,210.3235918,0
6309,142.110556,210.3235918,0
6310,142.110556,210.3235918,0
6311,142.110556,210.3235918,0
6312,142.110556,210.3235918,0
6313,142.110556,210.3235918,0
6314,142.110556,210.3235918,0
6315,142.110556,210.3235918,0
6316,142.110556,210.3235918,0
6317,142.110556,210.3235918,0
6318,142.110556,210.3235918,0
6319,142.110556,210.3235918,0
6320,142.110556,210.3235918,0
6321,142.110556,210.3235918,0
6322,142.110556,210.3235918,0
6323,142.110556,210.3235918,0
6324,142.110556,210.3235918,0
6325,142.110556,210.3235918,0
6326,142.110556,210.3235918,0
6327,142.110556,210.3235918,0
6328,142.110556,210.3235918,0
6329,142.110556,210.3235918,0
6330,142.110556,210.3235918,0
6331,142.110556,210.3235918,0
6332,142.110556,210.3235918,0
6333,142.110556,210.3235918,0
6334,142.110556,210.3235918,0
6335,142.110556,210.3235918,0
6336,142.110556,210.3235918,0
6337,142.110556,210.3235918,0
6338,142.110556,210.3235918,0
6339,142.110556,213.1658025,0
6340,142.110556,213.1658025,0
6341,142.110556,213.1658025,0
6342,142.110556,213.1658025,0
6343,142.110556,213.1658025,0
6344,142.110556,213.1658025,0
6345,142.110556,213.1658025,0
6346,142.110556,213.1658025,0
6347,142.110556,213.1658025,0
6348,142.110556,213.1658025,0
6349,139.2683448,213.1658025,0
6350,139.2683448,213.1658025,0
6351,139.2683448,213.1658025,0
6352,139.2683448,213.1658025,0
6353,139.2683448,213.1658025,0
6354,139.2683448,213.1658025,0
6355,139.2683448,213.1658025,0
6356,139.2683448,213.1658025,0
6357,139.2683448,213.1658025,0
6358,139.2683448,213.1658025,0
6359,139.2683448,213.1658025,0
6360,139.2683448,213.1658025,0
6361,139.2683448,213.1658025,0
6362,139.2683448,213.1658025,0
6363,139.2683448,213.1658025,0
6364,139.2683448,213.1658025,0
6365,139.2683448,213.1658025,0
6366,139.2683448,213.1658025,0
6367,139.2683448,213.1658025,0
6368,139.2683448,213.1658025,0
6369,139.2683448,213.1658025,0
6370,139.2683448,213.1658025,0
6371,139.2683448,213.1658025,0
6372,139.2683448,213.1658025,0
6373,139.2683448,213.1658025,0
6374,139.2683448,213.1658025,0
6375,139.2683448,213.1658025,0
6376,139.2683448,213.1658025,0
6377,139.2683448,213.1658025,0
6378,139.2683448,213.1658025,0
6379,139.2683448,213.1658025,0
6380,139.2683448,213.1658025,0
6381,139.2683448,213.1658025,0
6382,139.2683448,213.1658025,0
6383,139.2683448,213.1658025,0
6384,139.2683448,213.1658025,0
6385,139.2683448,213.1658025,0
6386,139.2683448,213.1658025,0
6387,139.2683448,213.1658025,0
6388,139.2683448,213.1658025,0
6389,139.2683448,210.3235918,0
6390,139.2683448,210.3235918,0
6391,139.2683448,210.3235918,0
6392,139.2683448,210.3235918,0
6393,139.2683448,210.3235918,0
6394,139.2683448,210.3235918,0
6395,139.2683448,210.3235918,0
6396,139.2683448,210.3235918,0
6397,139.2683448,210.3235918,0
6398,139.2683448,210.3235918,0
6399,139.2683448,210.3235918,0
6400,139.2683448,210.3235918,0
6401,139.2683448,210.3235918,0
6402,139.2683448,210.3235918,0
6403,139.2683448,210.3235918,0
6404,139.2683448,210.3235918,0
6405,139.2683448,210.3235918,0
6406,139.2683448,210.3235918,0
6407,139.2683448,210.3235918,0
6408,139.2683448,210.3235918,0
6409,139.2683448,210.3235918,0
6410,139.2683448,210.3235918,0
6411,139.2683448,210.3235918,0
6412,139.2683448,210.3235918,0
6413,139.2683448,210.3235918,0
6414,139.2683448,210.3235918,0
6415,139.2683448,210.3235918,0
6416,139.2683448,210.3235918,0
6417,139.2683448,210.3235918,0
6418,139.2683448,210.3235918,0
6419,139.2683448,210.3235918,0
6420,139.2683448,210.3235918,0
6421,139.2683448,210.3235918,0
6422,139.2683448,210.3235918,0
6423,139.2683448,210.3235918,0
6424,139.2683448,210.3235918,0
6425,139.2683448,210.3235918,0
6426,139.2683448,210.3235918,0
6427,139.2683448,210.3235918,0
6428,139.2683448,210.3235918,0
6429,139.2683448,210.3235918,0
6430,139.2683448,210.3235918,0
6431,139.2683448,210.3235918,0
6432,139.2683448,210.3235918,0
6433,139.2683448,210.3235918,0
6434,139.2683448,210.3235918,0
6435,139.2683448,210.3235918,0
6436,139.2683448,210.3235918,0
6437,139.2683448,210.3235918,0
6438,139.2683448,210.3235918,0
6439,139.2683448,210.3235918,0
6440,139.2683448,210.3235918,0
6441,139.2683448,210.3235918,0
6442,139.2683448,210.3235918,0
6443,139.2683448,210.3235918,0
6444,139.2683448,210.3235918,0
6445,142.1105559,210.3235918,0
6446,142.1105559,210.3235918,0
6447,142.1105559,210.3235918,0
6448,142.1105559,210.3235918,0
6449,142.1105559,210.3235918,0
6450,142.1105559,210.3235918,0
6451,142.1105559,210.3235918,0
6452,142.1105559,210.3235918,0
6453,142.1105559,210.3235918,0
6454,142.1105559,210.3235918,0
6455,142.1105559,210.3235918,0
6456,142.1105559,207.4813811,0
6457,153.4794003,207.4813811,0
6458,153.4794003,207.4813811,0
6459,153.4794003,207.4813811,0
6460,153.4794003,207.4813811,0
6461,153.4794003,207.4813811,0
6462,153.4794003,207.4813811,0
6463,153.4794003,207.4813811,0
6464,153.4794003,207.4813811,0
6465,153.4794003,207.4813811,0
6466,153.4794003,207.4813811,0
6467,153.4794003,207.4813811,0
6468,153.4794003,207.4813811,0
6469,153.4794003,207.4813811,0
6470,153.4794003,207.4813811,0
6471,153.4794003,207.4813811,0
6472,153.4794003,210.3235918,0
6473,153.4794003,210.3235918,0
6474,153.4794003,210.3235918,0
6475,153.4794003,210.3235918,0
6476,153.4794003,210.3235918,0
6477,153.4794003,210.3235918,0
6478,153.4794003,210.3235918,0
6479,153.4794003,210.3235918,0
6480,153.4794003,210.3235918,0
6481,153.4794003,210.3235918,0
6482,153.4794003,210.3235918,0
6483,153.4794003,210.3235918,0
6484,153.4794003,210.3235918,0
6485,153.4794003,210.3235918,0
6486,153.4794003,210.3235918,0
6487,153.4794003,210.3235918,0
6488,153.4794003,210.3235918,0
6489,153.4794003,210.3235918,0
6490,153.4794003,210.3235918,0
6491,153.4794003,210.3235918,0
6492,153.4794003,210.3235918,0
6493,153.4794003,210.3235918,0
6494,153.4794003,210.3235918,0
6495,153.4794003,210.3235918,0
6496,153.4794003,210.3235918,0
6497,153.4794003,210.3235918,0
6498,153.4794003,210.3235918,0
6499,153.4794003,210.3235918,0
6500,153.4794003,210.3235918,0
6501,153.4794003,210.3235918,0
6502,153.4794003,210.3235918,0
6503,153.4794003,210.3235918,0
6504,153.4794003,210.3235918,0
6505,153.4794003,210.3235918,0
6506,153.4794003,210.3235918,0
6507,150.6371894,210.3235918,0
6508,150.6371894,210.3235918,0
6509,150.6371894,210.3235918,0
6510,150.6371894,210.3235918,0
6511,150.6371894,210.3235918,0
6512,150.6371894,210.3235918,0
6513,147.7949782,210.3235918,0
6514,147.7949782,210.3235918,0
6515,147.7949782,210.3235918,0
6516,147.7949782,210.3235918,0
6517,147.7949782,210.3235918,0
6518,147.7949782,210.3235918,0
6519,147.7949782,210.3235918,0
6520,147.7949782,210.3235918,0
6521,147.7949782,210.3235918,0
6522,147.7949782,210.3235918,0
6523,147.7949782,210.3235918,0
6524,147.7949782,210.3235918,0
6525,147.7949782,210.3235918,0
6526,147.7949781,210.3235918,0
6527,147.7949781,210.3235918,0
6528,147.7949781,210.3235918,0
6529,147.7949781,210.3235918,0
6530,147.7949781,210.3235918,0
6531,147.7949781,210.3235918,0
6532,147.7949781,210.3235918,0
6533,144.9527671,210.3235918,0
6534,144.9527671,210.3235918,0
6535,144.9527671,210.3235918,0
6536,144.9527671,210.3235918,0
6537,144.9527671,210.3235918,0
6538,144.9527671,210.3235918,0
6539,144.9527671,210.3235918,0
6540,144.9527671,210.3235918,0
6541,144.9527671,210.3235918,0
6542,144.9527671,210.3235918,0
6543,144.9527671,210.3235918,0
6544,144.9527671,210.3235918,0
6545,144.9527671,210.3235918,0
6546,144.9527671,210.3235918,0
6547,144.9527671,210.3235918,0
6548,144.9527671,210.3235918,0
6549,144.9527671,210.3235918,0
6550,144.9527671,210.3235918,0
6551,144.9527671,210.3235918,0
6552,139.2683449,210.3235918,0
6553,139.2683449,210.3235918,0
6554,139.2683449,210.3235918,0
6555,139.2683449,210.3235918,0
6556,139.2683449,210.3235918,0
6557,139.2683449,210.3235918,0
6558,139.2683449,210.3235918,0
6559,139.2683449,210.3235918,0
6560,139.2683449,210.3235918,0
6561,139.2683449,210.3235918,0
6562,139.2683449,210.3235918,0
6563,139.2683449,210.3235918,0
6564,139.2683449,210.3235918,0
6565,139.2683449,210.3235918,0
6566,139.2683449,210.3235918,0
6567,139.2683449,210.3235918,0
6568,139.2683449,210.3235918,0
6569,139.2683449,210.3235918,0
6570,139.2683449,207.4813811,0
6571,139.2683449,207.4813811,0
6572,139.2683449,207.4813811,0
6573,139.2683449,207.4813811,0
6574,139.2683449,207.4813811,0
6575,139.2683449,207.4813811,0
6576,139.2683449,207.4813811,0
6577,139.2683449,207.4813811,0
6578,139.2683449,207.4813811,0
6579,139.2683449,207.4813811,0
6580,139.2683449,207.4813811,0
6581,139.2683449,207.4813811,0
6582,139.2683449,207.4813811,0
6583,139.2683449,207.4813811,0
6584,139.2683449,207.4813811,0
6585,139.2683449,207.4813811,0
6586,139.2683449,207.4813811,0
6587,139.2683449,207.4813811,0
6588,139.2683449,207.4813811,0
6589,139.2683449,207.4813811,0
6590,139.2683449,207.4813811,0
6591,139.2683449,207.4813811,0
6592,139.2683449,207.4813811,0
6593,139.2683449,207.4813811,0
6594,139.2683449,207.4813811,0
6595,139.2683449,207.4813811,0
6596,139.2683449,207.4813811,0
6597,139.2683449,207.4813811,0
6598,139.2683449,207.4813811,0
6599,139.2683449,207.4813811,0
6600,139.2683449,207.4813811,0
6601,139.2683449,207.4813811,0
6602,139.2683449,207.4813811,0
6603,139.2683449,207.4813811,0
6604,139.2683449,207.4813811,0
6605,139.2683449,207.4813811,0
6606,139.2683449,207.4813811,0
6607,139.2683449,207.4813811,0
6608,139.2683449,207.4813811,0
6609,139.2683449,207.4813811,0
6610,139.2683449,207.4813811,0
6611,139.2683449,207.4813811,0
6612,139.2683449,207.4813811,0
6613,139.2683449,207.4813811,0
6614,139.2683449,207.4813811,0
6615,139.2683449,207.4813811,0
6616,139.2683449,207.4813811,0
6617,139.2683449,207.4813811,0
6618,139.2683449,207.4813811,0
6619,139.2683449,207.4813811,0
6620,139.2683449,207.4813811,0
6621,139.2683449,207.4813811,0
6622,139.2683449,207.4813811,0
6623,139.2683449,213.1658025,0
6624,139.2683449,213.1658025,0
6625,139.2683449,213.1658025,0
6626,139.2683449,213.1658025,0
6627,139.2683449,213.1658025,0
6628,139.2683449,213.1658025,0
6629,139.2683449,213.1658025,0
6630,139.2683449,213.1658025,0
6631,139.2683449,213.1658025,0
6632,139.2683449,213.1658025,0
6633,139.2683449,213.1658025,0
6634,139.2683449,213.1658025,0
6635,139.2683449,213.1658025,0
6636,139.2683449,213.1658025,0
6637,139.2683449,213.1658025,0
6638,139.2683449,216.0080132,0
6639,139.2683449,216.0080132,0
6640,136.4261337,216.0080132,0
6641,136.4261337,216.0080132,0
6642,136.4261337,216.0080132,0
6643,136.4261337,216.0080132,0
6644,136.4261337,216.0080132,0
6645,136.4261337,216.0080132,0
6646,136.4261337,216.0080132,0
6647,136.4261337,216.0080132,0
6648,136.4261337,216.0080132,0
6649,136.4261337,216.0080132,0
6650,136.4261337,216.0080132,0
6651,136.4261337,216.0080132,0
6652,136.4261337,216.0080132,0
6653,136.4261337,216.0080132,0
6654,136.4261337,216.0080132,0
6655,136.4261337,216.0080132,0
6656,136.4261337,216.0080132,0
6657,136.4261337,216.0080132,0
6658,136.4261337,216.0080132,0
6659,136.4261337,216.0080132,0
6660,136.4261337,216.0080132,0
6661,136.4261337,216.0080132,0
6662,136.4261337,216.0080132,0
6663,136.4261337,216.0080132,0
6664,136.4261337,216.0080132,0
6665,136.4261336,216.0080132,0
6666,136.4261336,216.0080132,0
6667,136.4261337,216.0080132,0
6668,136.4261337,216.0080132,0
6669,136.4261337,216.0080132,0
6670,136.4261337,216.0080132,0
6671,136.4261337,216.0080132,0
6672,136.4261337,216.0080132,0
6673,136.4261337,216.0080132,0
6674,136.4261337,216.0080132,0
6675,136.4261337,216.0080132,0
6676,136.4261337,216.0080132,0
6677,136.4261337,216.0080132,0
6678,136.4261337,216.0080132,0
6679,136.4261337,216.0080132,0
6680,136.4261337,216.0080132,0
6681,136.4261337,216.0080132,0
6682,136.4261337,216.0080132,0
6683,136.4261337,216.0080132,0
6684,136.4261337,216.0080132,0
6685,136.4261337,216.0080132,0
6686,136.4261337,216.0080132,0
6687,136.4261337,216.0080132,0
6688,136.4261337,210.3235918,0
6689,136.4261337,210.3235918,0
6690,136.4261337,210.3235918,0
6691,136.4261337,210.3235918,0
6692,136.4261337,210.3235918,0
6693,136.4261337,210.3235918,0
6694,136.4261337,210.3235918,0
6695,136.4261337,210.3235918,0
6696,136.4261337,210.3235918,0
6697,136.4261337,210.3235918,0
6698,136.4261337,210.3235918,0
6699,136.4261337,210.3235918,0
6700,136.4261337,210.3235918,0
6701,136.4261337,210.3235918,0
6702,136.4261337,210.3235918,0
6703,136.4261337,210.3235918,0
6704,136.4261337,210.3235918,0
6705,136.4261337,210.3235918,0
6706,136.4261337,210.3235918,0
6707,136.4261337,210.3235918,0
6708,136.4261337,207.4813811,0
6709,136.4261337,207.4813811,0
6710,136.4261337,207.4813811,0
6711,136.4261337,207.4813811,0
6712,136.4261337,207.4813811,0
6713,136.4261337,207.4813811,0
6714,136.4261337,207.4813811,0
6715,136.4261337,207.4813811,0
6716,136.4261337,207.4813811,0
6717,136.4261337,207.4813811,0
6718,136.4261337,207.4813811,0
6719,136.4261337,207.4813811,0
6720,136.4261337,207.4813811,0
6721,136.4261337,207.4813811,0
6722,136.4261337,207.4813811,0
6723,136.4261337,207.4813811,0
6724,136.4261337,207.4813811,0
6725,136.4261337,207.4813811,0
6726,136.4261337,207.4813811,0
6727,136.4261337,207.4813811,0
6728,136.4261337,207.4813811,0
6729,136.4261337,207.4813811,0
6730,136.4261337,207.4813811,0
6731,136.4261337,207.4813811,0
6732,136.4261337,207.4813811,0
6733,136.4261337,207.4813811,0
6734,136.4261337,210.3235918,0
6735,136.4261337,210.3235918,0
6736,136.4261337,210.3235918,0
6737,136.4261337,210.3235918,0
6738,136.4261337,210.3235918,0
6739,136.4261337,210.3235918,0
6740,136.4261337,210.3235918,0
6741,136.4261337,210.3235918,0
6742,136.4261337,210.3235918,0
6743,136.4261337,210.3235918,0
6744,136.4261337,210.3235918,0
6745,136.4261337,210.3235918,0
6746,136.4261337,210.3235918,0
6747,136.4261337,210.3235918,0
6748,136.4261337,210.3235918,0
6749,136.4261337,210.3235918,0
6750,136.4261337,210.3235918,0
6751,136.4261337,210.3235918,0
6752,136.4261337,210.3235918,0
6753,136.4261337,210.3235918,0
6754,136.4261337,210.3235918,0
6755,136.4261337,210.3235918,0
6756,136.4261337,210.3235918,0
6757,136.4261337,210.3235918,0
6758,136.4261336,210.3235918,0
6759,136.4261336,210.3235918,0
6760,136.4261336,210.3235918,0
6761,136.4261336,210.3235918,0
6762,136.4261336,210.3235918,0
6763,136.4261336,210.3235918,0
6764,136.4261336,210.3235918,0
6765,136.4261336,210.3235918,0
6766,136.4261336,210.3235918,0
6767,136.4261336,210.3235918,0
6768,136.4261336,210.3235918,0
6769,136.4261336,210.3235918,0
6770,136.4261336,210.3235918,0
6771,136.4261336,210.3235918,0
6772,136.4261336,210.3235918,0
6773,136.4261336,210.3235918,0
6774,136.4261336,210.3235918,0
6775,136.4261336,210.3235918,0
6776,136.4261337,210.3235918,0
6777,136.4261337,210.3235918,0
6778,136.4261337,210.3235918,0
6779,136.4261337,210.3235918,0
6780,136.4261337,210.3235918,0
6781,136.4261337,210.3235918,0
6782,136.4261337,210.3235918,0
6783,136.4261337,210.3235918,0
6784,136.4261337,210.3235918,0
6785,136.4261337,210.3235918,0
6786,136.4261337,210.3235918,0
6787,136.4261337,210.3235918,0
6788,136.4261337,210.3235918,0
6789,136.4261337,210.3235918,0
6790,136.4261337,210.3235918,0
6791,136.4261337,210.3235918,0
6792,136.4261337,210.3235918,0
6793,136.4261337,210.3235918,0
6794,136.4261337,210.3235918,0
6795,136.4261337,210.3235918,0
6796,136.4261337,210.3235918,0
6797,136.4261337,210.3235918,0
6798,136.4261337,210.3235918,0
6799,136.4261337,210.3235918,0
6800,136.4261337,210.3235918,0
6801,136.4261337,210.3235918,0
6802,136.4261337,210.3235918,0
6803,136.4261337,210.3235918,0
6804,136.4261337,210.3235918,0
6805,136.4261337,210.3235918,0
6806,136.4261337,210.3235918,0
6807,136.4261337,210.3235918,0
6808,136.4261337,210.3235918,0
6809,136.4261337,210.3235918,0
6810,136.4261337,210.3235918,0
6811,136.4261337,210.3235918,0
6812,136.4261337,210.3235918,0
6813,136.4261337,210.3235918,0
6814,136.4261337,210.3235918,0
6815,136.4261337,210.3235918,0
6816,136.4261337,210.3235918,0
6817,136.4261337,210.3235918,0
6818,136.4261337,210.3235918,0
6819,136.4261337,210.3235918,0
6820,136.4261337,210.3235918,0
6821,136.4261337,210.3235918,0
6822,136.4261337,210.3235918,0
6823,136.4261337,210.3235918,0
6824,136.4261337,210.3235918,0
6825,136.4261337,210.3235918,0
6826,136.4261337,210.3235918,0
6827,136.4261337,210.3235918,0
6828,136.4261337,210.3235918,0
6829,136.4261337,210.3235918,0
6830,136.4261337,210.3235918,0
6831,136.4261337,210.3235918,0
6832,136.4261337,210.3235918,0
6833,136.4261337,210.3235918,0
6834,136.4261337,210.3235918,0
6835,136.4261337,210.3235918,0
6836,136.4261337,210.3235918,0
6837,136.4261337,210.3235918,0
6838,136.4261337,210.3235918,0
6839,136.4261337,210.3235918,0
6840,136.4261337,210.3235918,0
6841,133.5839226,210.3235918,0
6842,133.5839226,210.3235918,0
6843,133.5839226,210.3235918,0
6844,133.5839226,210.3235918,0
6845,133.5839226,210.3235918,0
6846,133.5839226,210.3235918,0
6847,133.5839226,210.3235918,0
6848,133.5839226,210.3235918,0
6849,133.5839226,210.3235918,0
6850,133.5839226,210.3235918,0
6851,133.5839226,210.3235918,0
6852,133.5839225,210.3235918,0
6853,133.5839225,210.3235918,0
6854,133.5839225,210.3235918,0
6855,133.5839225,210.3235918,0
6856,133.5839225,210.3235918,0
6857,133.5839225,210.3235918,0
6858,133.5839225,210.3235918,0
6859,133.5839225,210.3235918,0
6860,133.5839225,210.3235918,0
6861,133.5839225,210.3235918,0
6862,133.5839225,210.3235918,0
6863,133.5839225,210.3235918,0
6864,133.5839225,210.3235918,0
6865,133.5839225,210.3235918,0
6866,133.5839225,210.3235918,0
6867,133.5839225,210.3235918,0
6868,133.5839225,210.3235918,0
6869,133.5839225,210.3235918,0
6870,133.5839225,210.3235918,0
6871,133.5839225,210.3235918,0
6872,130.7417114,210.3235918,0
6873,130.7417114,210.3235918,0
6874,130.7417114,210.3235918,0
6875,130.7417114,210.3235918,0
6876,130.7417114,210.3235918,0
6877,130.7417114,210.3235918,0
6878,133.5839226,210.3235918,0
6879,133.5839226,210.3235918,0
6880,133.5839226,210.3235918,0
6881,133.5839226,210.3235918,0
6882,133.5839226,210.3235918,0
6883,133.5839226,210.3235918,0
6884,133.5839226,210.3235918,0
6885,133.5839226,210.3235918,0
6886,133.5839226,210.3235918,0
6887,133.5839226,210.3235918,0
6888,133.5839226,210.3235918,0
6889,133.5839226,210.3235918,0
6890,133.5839226,210.3235918,0
6891,133.5839226,210.3235918,0
6892,133.5839226,210.3235918,0
6893,133.5839226,210.3235918,0
6894,133.5839226,210.3235918,0
6895,133.5839226,210.3235918,0
6896,133.5839226,210.3235918,0
6897,133.5839226,210.3235918,0
6898,133.5839226,210.3235918,0
6899,133.5839226,210.3235918,0
6900,133.5839226,207.4813811,0
6901,133.5839226,207.4813811,0
6902,133.5839226,207.4813811,0
6903,133.5839226,207.4813811,0
6904,133.5839226,207.4813811,0
6905,133.5839226,207.4813811,0
6906,133.5839226,207.4813811,0
6907,133.5839226,207.4813811,0
6908,133.5839226,207.4813811,0
6909,133.5839226,210.3235918,0
6910,133.5839226,210.3235918,0
6911,133.5839226,210.3235918,0
6912,133.5839226,210.3235918,0
6913,133.5839226,210.3235918,0
6914,133.5839226,210.3235918,0
6915,133.5839226,210.3235918,0
6916,133.5839226,210.3235918,0
6917,133.5839226,210.3235918,0
6918,133.5839226,210.3235918,0
6919,133.5839226,210.3235918,0
6920,133.5839226,210.3235918,0
6921,133.5839226,210.3235918,0
6922,133.5839226,210.3235918,0
6923,133.5839226,210.3235918,0
6924,133.5839226,210.3235918,0
6925,133.5839226,210.3235918,0
6926,133.5839226,210.3235918,0
6927,133.5839226,210.3235918,0
6928,133.5839226,210.3235918,0
6929,133.5839226,210.3235918,0
6930,133.5839226,210.3235918,0
6931,133.5839226,210.3235918,0
6932,133.5839226,210.3235918,0
6933,133.5839226,210.3235918,0
6934,133.5839226,210.3235918,0
6935,133.5839226,210.3235918,0
6936,133.5839226,210.3235918,0
6937,133.5839226,210.3235918,0
6938,133.5839226,210.3235918,0
6939,133.5839226,210.3235918,0
6940,133.5839226,210.3235918,0
6941,133.5839226,210.3235918,0
6942,133.5839226,210.3235918,0
6943,133.5839226,210.3235918,0
6944,133.5839226,210.3235918,0
6945,133.5839226,210.3235918,0
6946,133.5839226,210.3235918,0
6947,133.5839226,210.3235918,0
6948,136.4261337,210.3235918,0
6949,136.4261337,210.3235918,0
6950,136.4261337,210.3235918,0
6951,136.4261337,210.3235918,0
6952,136.4261337,210.3235918,0
6953,136.4261337,210.3235918,0
6954,136.4261337,210.3235918,0
6955,136.4261337,210.3235918,0
6956,136.4261337,210.3235918,0
6957,136.4261337,210.3235918,0
6958,136.4261337,210.3235918,0
6959,136.4261337,210.3235918,0
6960,136.4261337,210.3235918,0
6961,136.4261337,210.3235918,0
6962,136.4261337,207.4813811,0
6963,136.4261337,207.4813811,0
6964,136.4261337,207.4813811,0
6965,136.4261337,207.4813811,0
6966,136.4261337,207.4813811,0
6967,136.4261337,207.4813811,0
6968,136.4261337,207.4813811,0
6969,136.4261337,207.4813811,0
6970,136.4261337,207.4813811,0
6971,136.4261337,207.4813811,0
6972,136.4261337,207.4813811,0
6973,136.4261337,207.4813811,0
6974,136.4261337,207.4813811,0
6975,136.4261337,207.4813811,0
6976,136.4261337,207.4813811,0
6977,136.4261337,207.4813811,0
6978,136.4261337,207.4813811,0
6979,136.4261337,207.4813811,0
6980,136.4261337,207.4813811,0
6981,136.4261337,207.4813811,0
6982,136.4261337,207.4813811,0
6983,136.4261337,207.4813811,0
6984,136.4261337,207.4813811,0
6985,136.4261337,207.4813811,0
6986,136.4261337,207.4813811,0
6987,136.4261337,207.4813811,0
6988,136.4261337,207.4813811,0
6989,136.4261337,207.4813811,0
6990,136.4261337,207.4813811,0
6991,136.4261337,207.4813811,0
6992,136.4261337,207.4813811,0
6993,136.4261337,207.4813811,0
6994,136.4261337,207.4813811,0
6995,136.4261337,207.4813811,0
6996,136.4261337,207.4813811,0
6997,136.4261337,207.4813811,0
6998,133.5839225,207.4813811,0
6999,133.5839225,207.4813811,0
7000,130.7417114,207.4813811,0
7001,130.7417114,207.4813811,0
7002,130.7417114,207.4813811,0
7003,130.7417114,207.4813811,0
7004,130.7417114,207.4813811,0
7005,130.7417114,207.4813811,0
7006,130.7417114,207.4813811,0
7007,130.7417114,207.4813811,0
7008,130.7417114,207.4813811,0
7009,130.7417114,207.4813811,0
7010,130.7417114,207.4813811,0
7011,130.7417114,207.4813811,0
7012,130.7417114,207.4813811,0
7013,130.7417114,207.4813811,0
7014,130.7417114,207.4813811,0
7015,130.7417114,207.4813811,0
7016,130.7417114,207.4813811,0
7017,130.7417114,207.4813811,0
7018,130.7417114,207.4813811,0
7019,130.7417114,207.4813811,0
7020,130.7417114,207.4813811,0
7021,130.7417114,207.4813811,0
7022,130.7417114,207.4813811,0
7023,130.7417114,207.4813811,0
7024,130.7417114,207.4813811,0
7025,130.7417114,207.4813811,0
7026,130.7417114,207.4813811,0
7027,130.7417114,207.4813811,0
7028,130.7417115,207.4813811,0
7029,130.7417115,207.4813811,0
7030,130.7417115,207.4813811,0
7031,130.7417115,207.4813811,0
7032,130.7417115,207.4813811,0
7033,130.7417115,207.4813811,0
7034,130.7417115,207.4813811,0
7035,130.7417115,207.4813811,0
7036,133.5839226,207.4813811,0
7037,133.5839226,207.4813811,0
7038,133.5839226,207.4813811,0
7039,133.5839226,207.4813811,0
7040,133.5839226,207.4813811,0
7041,133.5839226,207.4813811,0
7042,133.5839226,207.4813811,0
7043,133.5839226,207.4813811,0
7044,133.5839226,207.4813811,0
7045,133.5839226,207.4813811,0
7046,133.5839226,207.4813811,0
7047,133.5839226,207.4813811,0
7048,133.5839226,207.4813811,0
7049,133.5839226,207.4813811,0
7050,133.5839226,207.4813811,0
7051,133.5839226,207.4813811,0
7052,133.5839226,207.4813811,0
7053,133.5839226,207.4813811,0
7054,133.5839226,207.4813811,0
7055,133.5839226,207.4813811,0
7056,133.5839226,207.4813811,0
7057,133.5839226,207.4813811,0
7058,133.5839226,207.4813811,0
7059,133.5839226,207.4813811,0
7060,133.5839226,207.4813811,0
7061,133.5839226,207.4813811,0
7062,133.5839226,207.4813811,0
7063,133.5839226,207.4813811,0
7064,133.5839226,207.4813811,0
7065,133.5839226,207.4813811,0
7066,133.5839226,207.4813811,0
7067,133.5839226,207.4813811,0
7068,133.5839226,207.4813811,0
7069,133.5839226,207.4813811,0
7070,133.5839226,207.4813811,0
7071,133.5839226,207.4813811,0
7072,133.5839226,207.4813811,0
7073,133.5839226,207.4813811,0
7074,133.5839226,207.4813811,0
7075,133.5839226,207.4813811,0
7076,133.5839226,207.4813811,0
7077,133.5839226,207.4813811,0
7078,133.5839226,207.4813811,0
7079,133.5839226,207.4813811,0
7080,133.5839226,207.4813811,0
7081,133.5839226,207.4813811,0
7082,133.5839226,207.4813811,0
7083,133.5839226,207.4813811,0
7084,133.5839226,207.4813811,0
7085,133.5839226,207.4813811,0
7086,133.5839225,207.4813811,0
7087,133.5839225,207.4813811,0
7088,133.5839225,207.4813811,0
7089,133.5839225,207.4813811,0
7090,133.5839225,207.4813811,0
7091,133.5839225,207.4813811,0
7092,133.5839225,207.4813811,0
7093,133.5839225,207.4813811,0
7094,133.5839225,207.4813811,0
7095,133.5839225,207.4813811,0
7096,142.1105559,207.4813811,0
7097,142.1105559,207.4813811,0
7098,142.1105559,207.4813811,0
7099,142.1105559,210.3235918,0
7100,142.1105559,210.3235918,0
7101,142.1105559,210.3235918,0
7102,156.3216114,210.3235918,0
7103,156.3216114,210.3235918,0
7104,156.3216114,210.3235918,0
7105,156.3216114,210.3235918,0
7106,156.3216114,210.3235918,0
7107,156.3216114,210.3235918,0
7108,156.3216114,210.3235918,0
7109,156.3216114,210.3235918,0
7110,156.3216114,210.3235918,0
7111,156.3216114,210.3235918,0
7112,156.3216114,210.3235918,0
7113,156.3216114,210.3235918,0
7114,156.3216114,210.3235918,0
7115,156.3216114,210.3235918,0
7116,156.3216114,210.3235918,0
7117,156.3216114,210.3235918,0
7118,156.3216114,210.3235918,0
7119,156.3216114,210.3235918,0
7120,156.3216114,210.3235918,0
7121,156.3216114,210.3235918,0
7122,156.3216114,218.8502239,0
7123,156.3216114,218.8502239,0
7124,156.3216114,218.8502239,0
7125,156.3216114,218.8502239,0
7126,156.3216114,218.8502239,0
7127,156.3216114,218.8502239,0
7128,156.3216114,218.8502239,0
7129,156.3216114,218.8502239,0
7130,156.3216114,218.8502239,0
7131,156.3216114,218.8502239,0
7132,156.3216114,218.8502239,0
7133,156.3216114,218.8502239,0
7134,156.3216114,218.8502239,0
7135,156.3216114,218.8502239,0
7136,156.3216114,218.8502239,0
7137,156.3216114,218.8502239,0
7138,156.3216114,218.8502239,0
7139,156.3216114,218.8502239,0
7140,156.3216114,218.8502239,0
7141,156.3216114,218.8502239,0
7142,156.3216114,218.8502239,0
7143,156.3216114,218.8502239,0
7144,156.3216114,218.8502239,0
7145,156.3216114,218.8502239,0
7146,156.3216114,218.8502239,0
7147,156.3216114,218.8502239,0
7148,156.3216114,218.8502239,0
7149,156.3216114,218.8502239,0
7150,156.3216114,218.8502239,0
7151,156.3216114,218.8502239,0
7152,153.4794003,218.8502239,0
7153,153.4794003,218.8502239,0
7154,130.7417115,218.8502239,0
7155,130.7417115,218.8502239,0
7156,130.7417115,218.8502239,0
7157,130.7417115,218.8502239,0
7158,130.7417115,218.8502239,0
7159,130.7417115,218.8502239,0
7160,130.7417115,218.8502239,0
7161,130.7417115,218.8502239,0
7162,130.7417115,218.8502239,0
7163,130.7417115,218.8502239,0
7164,130.7417115,218.8502239,0
7165,130.7417115,218.8502239,0
7166,130.7417115,218.8502239,0
7167,130.7417115,218.8502239,0
7168,130.7417115,218.8502239,0
7169,130.7417115,218.8502239,0
7170,130.7417115,218.8502239,0
7171,130.7417115,218.8502239,0
7172,122.2150781,213.1658025,0
7173,122.2150781,213.1658025,0
7174,122.2150781,213.1658025,0
7175,122.2150781,213.1658025,0
7176,122.2150781,213.1658025,0
7177,122.2150781,213.1658025,0
7178,122.2150781,213.1658025,0
7179,122.2150781,207.4813811,0
7180,122.2150781,207.4813811,0
7181,122.2150781,207.4813811,0
7182,122.2150781,207.4813811,0
7183,122.2150781,207.4813811,0
7184,122.2150781,207.4813811,0
7185,122.2150781,207.4813811,0
7186,122.2150781,207.4813811,0
7187,122.2150781,207.4813811,0
7188,122.2150781,207.4813811,0
7189,122.2150781,207.4813811,0
7190,122.2150781,207.4813811,0
7191,122.2150781,207.4813811,0
7192,122.2150781,207.4813811,0
7193,122.2150781,207.4813811,0
7194,122.2150781,207.4813811,0
7195,122.2150781,207.4813811,0
7196,122.2150781,207.4813811,0
7197,122.2150781,207.4813811,0
7198,122.2150781,207.4813811,0
7199,122.2150781,207.4813811,0
7200,122.2150781,207.4813811,0
7201,122.2150781,207.4813811,0
7202,122.2150781,207.4813811,0
7203,122.2150781,207.4813811,0
7204,122.2150781,207.4813811,0
7205,122.2150781,207.4813811,0
7206,122.2150781,207.4813811,0
7207,122.2150781,207.4813811,0
7208,122.2150781,207.4813811,0
7209,122.2150781,207.4813811,0
7210,122.2150781,207.4813811,0
7211,122.2150781,207.4813811,0
7212,122.2150781,207.4813811,0
7213,122.2150781,207.4813811,0
7214,122.2150781,207.4813811,0
7215,122.2150781,207.4813811,0
7216,122.2150781,207.4813811,0
7217,122.2150781,207.4813811,0
7218,122.2150781,207.4813811,0
7219,122.2150781,207.4813811,0
7220,119.372867,207.4813811,0
7221,119.372867,207.4813811,0
7222,119.372867,207.4813811,0
7223,119.372867,207.4813811,0
7224,119.372867,207.4813811,0
7225,119.372867,207.4813811,0
7226,119.372867,207.4813811,0
7227,119.372867,207.4813811,0
7228,119.372867,207.4813811,0
7229,119.372867,207.4813811,0
7230,119.372867,207.4813811,0
7231,119.372867,207.4813811,0
7232,119.372867,207.4813811,0
7233,119.372867,207.4813811,0
7234,119.372867,207.4813811,0
7235,119.372867,207.4813811,0
7236,119.372867,207.4813811,0
7237,119.372867,207.4813811,0
7238,119.372867,207.4813811,0
7239,119.372867,207.4813811,0
7240,122.215078,207.4813811,0
7241,122.215078,207.4813811,0
7242,122.215078,207.4813811,0
7243,122.215078,207.4813811,0
7244,122.215078,207.4813811,0
7245,122.215078,207.4813811,0
7246,122.215078,207.4813811,0
7247,122.215078,207.4813811,0
7248,122.215078,207.4813811,0
7249,122.215078,207.4813811,0
7250,122.215078,207.4813811,0
7251,122.215078,207.4813811,0
7252,122.215078,207.4813811,0
7253,122.215078,207.4813811,0
7254,122.215078,207.4813811,0
7255,122.215078,207.4813811,0
7256,122.215078,207.4813811,0
7257,122.215078,207.4813811,0
7258,122.215078,207.4813811,0
7259,122.215078,207.4813811,0
7260,122.215078,207.4813811,0
7261,122.215078,207.4813811,0
7262,122.215078,207.4813811,0
7263,122.215078,207.4813811,0
7264,122.215078,207.4813811,0
7265,122.215078,207.4813811,0
7266,122.215078,207.4813811,0
7267,122.215078,207.4813811,0
7268,122.215078,207.4813811,0
7269,122.215078,207.4813811,0
7270,122.215078,207.4813811,0
7271,122.215078,207.4813811,0
7272,122.215078,207.4813811,0
7273,122.215078,207.4813811,0
7274,122.215078,207.4813811,0
7275,122.215078,207.4813811,0
7276,122.215078,207.4813811,0
7277,122.215078,207.4813811,0
7278,122.215078,207.4813811,0
7279,122.215078,207.4813811,0
7280,122.215078,207.4813811,0
7281,122.215078,207.4813811,0
7282,122.215078,207.4813811,0
7283,122.215078,207.4813811,0
7284,122.215078,207.4813811,0
7285,122.215078,207.4813811,0
7286,122.215078,207.4813811,0
7287,122.215078,207.4813811,0
7288,122.215078,207.4813811,0
7289,122.215078,207.4813811,0
7290,122.215078,207.4813811,0
7291,122.215078,207.4813811,0
7292,122.215078,207.4813811,0
7293,122.215078,207.4813811,0
7294,122.215078,207.4813811,0
7295,122.215078,207.4813811,0
7296,122.215078,207.4813811,0
7297,122.215078,207.4813811,0
7298,122.215078,207.4813811,0
7299,122.215078,207.4813811,0
7300,122.215078,207.4813811,0
7301,122.215078,207.4813811,0
7302,122.215078,207.4813811,0
7303,122.215078,207.4813811,0
7304,122.215078,207.4813811,0
7305,122.215078,207.4813811,0
7306,122.215078,207.4813811,0
7307,122.215078,207.4813811,0
7308,122.215078,207.4813811,0
7309,122.215078,207.4813811,0
7310,122.215078,207.4813811,0
7311,122.215078,207.4813811,0
7312,122.215078,207.4813811,0
7313,116.5306559,207.4813811,0
7314,116.5306559,207.4813811,0
7315,116.5306559,207.4813811,0
7316,116.5306559,207.4813811,0
7317,116.5306559,207.4813811,0
7318,116.5306559,207.4813811,0
7319,116.5306559,207.4813811,0
7320,116.5306559,207.4813811,0
7321,116.5306559,207.4813811,0
7322,116.5306559,207.4813811,0
7323,116.5306559,207.4813811,0
7324,116.5306559,207.4813811,0
7325,116.5306559,207.4813811,0
7326,116.5306559,207.4813811,0
7327,116.5306559,207.4813811,0
7328,116.5306559,207.4813811,0
7329,116.5306559,204.6391704,0
7330,116.5306559,204.6391704,0
7331,116.5306559,204.6391704,0
7332,116.5306559,204.6391704,0
7333,116.5306559,204.6391704,0
7334,116.5306559,204.6391704,0
7335,116.5306559,204.6391704,0
7336,116.5306559,204.6391704,0
7337,116.5306559,204.6391704,0
7338,116.5306559,204.6391704,0
7339,116.5306559,204.6391704,0
7340,116.5306559,204.6391704,0
7341,116.5306559,204.6391704,0
7342,116.5306559,204.6391704,0
7343,116.5306559,204.6391704,0
7344,116.5306559,204.6391704,0
7345,116.5306559,204.6391704,0
7346,116.5306559,204.6391704,0
7347,116.5306559,204.6391704,0
7348,116.5306559,204.6391704,0
7349,116.5306559,204.6391704,0
7350,116.5306559,204.6391704,0
7351,116.5306559,204.6391704,0
7352,116.5306559,204.6391704,0
7353,116.5306559,204.6391704,0
7354,116.5306559,204.6391704,0
7355,116.5306559,204.6391704,0
7356,116.5306559,204.6391704,0
7357,116.5306559,204.6391704,0
7358,116.5306559,204.6391704,0
7359,113.6884447,204.6391704,0
7360,113.6884447,204.6391704,0
7361,113.6884447,204.6391704,0
7362,113.6884447,204.6391704,0
7363,113.6884447,204.6391704,0
7364,113.6884447,204.6391704,0
7365,113.6884447,204.6391704,0
7366,113.6884447,204.6391704,0
7367,113.6884447,204.6391704,0
7368,113.6884447,204.6391704,0
7369,113.6884447,204.6391704,0
7370,113.6884447,204.6391704,0
7371,113.6884447,204.6391704,0
7372,113.6884447,204.6391704,0
7373,113.6884447,204.6391704,0
7374,113.6884447,204.6391704,0
7375,113.6884447,204.6391704,0
7376,113.6884447,204.6391704,0
7377,113.6884447,204.6391704,0
7378,113.6884447,204.6391704,0
7379,113.6884447,204.6391704,0
7380,113.6884447,204.6391704,0
7381,113.6884447,204.6391704,0
7382,113.6884447,204.6391704,0
7383,113.6884447,204.6391704,0
7384,113.6884447,204.6391704,0
7385,113.6884447,204.6391704,0
7386,113.6884447,204.6391704,0
7387,113.6884447,204.6391704,0
7388,113.6884447,207.4813811,0
7389,113.6884447,207.4813811,0
7390,113.6884447,207.4813811,0
7391,113.6884447,207.4813811,0
7392,113.6884447,207.4813811,0
7393,113.6884447,207.4813811,0
7394,113.6884447,207.4813811,0
7395,113.6884447,207.4813811,0
7396,113.6884447,207.4813811,0
7397,113.6884447,207.4813811,0
7398,113.6884447,207.4813811,0
7399,110.8462336,207.4813811,0
7400,110.8462336,207.4813811,0
7401,110.8462336,207.4813811,0
7402,110.8462336,207.4813811,0
7403,110.8462336,207.4813811,0
7404,110.8462336,207.4813811,0
7405,110.8462336,207.4813811,0
7406,110.8462336,207.4813811,0
7407,110.8462336,207.4813811,0
7408,110.8462336,207.4813811,0
7409,110.8462336,207.4813811,0
7410,110.8462336,207.4813811,0
7411,110.8462336,207.4813811,0
7412,110.8462336,207.4813811,0
7413,110.8462336,207.4813811,0
7414,110.8462336,207.4813811,0
7415,110.8462336,207.4813811,0
7416,110.8462336,207.4813811,0
7417,110.8462336,207.4813811,0
7418,110.8462336,207.4813811,0
7419,110.8462336,207.4813811,0
7420,110.8462336,207.4813811,0
7421,110.8462336,207.4813811,0
7422,110.8462336,207.4813811,0
7423,110.8462336,207.4813811,0
7424,110.8462336,207.4813811,0
7425,110.8462336,207.4813811,0
7426,110.8462336,207.4813811,0
7427,110.8462336,207.4813811,0
7428,110.8462336,207.4813811,0
7429,110.8462336,207.4813811,0
7430,110.8462336,207.4813811,0
7431,110.8462336,207.4813811,0
7432,110.8462336,207.4813811,0
7433,110.8462336,207.4813811,0
7434,110.8462336,207.4813811,0
7435,110.8462336,207.4813811,0
7436,110.8462336,207.4813811,0
7437,110.8462336,207.4813811,0
7438,110.8462336,204.6391704,0
7439,110.8462336,204.6391704,0
7440,110.8462336,204.6391704,0
7441,110.8462336,204.6391704,0
7442,110.8462336,204.6391704,0
7443,110.8462336,204.6391704,0
7444,110.8462336,204.6391704,0
7445,110.8462336,204.6391704,0
7446,110.8462336,204.6391704,0
7447,110.8462336,204.6391704,0
7448,110.8462336,204.6391704,0
7449,110.8462336,204.6391704,0
7450,108.0040225,204.6391704,0
7451,108.0040225,204.6391704,0
7452,108.0040225,204.6391704,0
7453,108.0040225,204.6391704,0
7454,108.0040225,204.6391704,0
7455,108.0040225,204.6391704,0
7456,108.0040225,204.6391704,0
7457,108.0040225,204.6391704,0
7458,108.0040225,204.6391704,0
7459,108.0040225,204.6391704,0
7460,108.0040225,204.6391704,0
7461,108.0040225,204.6391704,0
7462,108.0040225,204.6391704,0
7463,108.0040225,204.6391704,0
7464,108.0040225,204.6391704,0
7465,105.1618114,204.6391704,0
7466,105.1618114,204.6391704,0
7467,105.1618114,204.6391704,0
7468,105.1618114,204.6391704,0
7469,105.1618114,204.6391704,0
7470,105.1618114,204.6391704,0
7471,105.1618114,207.4813811,0
7472,105.1618114,207.4813811,0
7473,105.1618114,207.4813811,0
7474,105.1618114,207.4813811,0
7475,105.1618114,207.4813811,0
7476,105.1618114,207.4813811,0
7477,105.1618114,207.4813811,0
7478,105.1618114,207.4813811,0
7479,105.1618114,207.4813811,0
7480,105.1618114,207.4813811,0
7481,105.1618114,207.4813811,0
7482,105.1618114,207.4813811,0
7483,105.1618114,207.4813811,0
7484,105.1618114,207.4813811,0
7485,105.1618114,207.4813811,0
7486,105.1618114,207.4813811,0
7487,105.1618114,207.4813811,0
7488,105.1618114,207.4813811,0
7489,105.1618114,207.4813811,0
7490,105.1618114,207.4813811,0
7491,105.1618114,207.4813811,0
7492,105.1618114,207.4813811,0
7493,105.1618114,207.4813811,0
7494,105.1618114,207.4813811,0
7495,105.1618114,207.4813811,0
7496,105.1618114,207.4813811,0
7497,105.1618113,207.4813811,0
7498,105.1618113,207.4813811,0
7499,105.1618113,207.4813811,0
7500,105.1618113,207.4813811,0
7501,105.1618113,207.4813811,0
7502,105.1618113,207.4813811,0
7503,105.1618113,207.4813811,0
7504,105.1618113,207.4813811,0
7505,105.1618113,207.4813811,0
7506,105.1618113,207.4813811,0
7507,105.1618113,207.4813811,0
7508,105.1618113,207.4813811,0
7509,105.1618113,207.4813811,0
7510,105.1618113,207.4813811,0
7511,105.1618113,207.4813811,0
7512,105.1618113,207.4813811,0
7513,105.1618113,207.4813811,0
7514,102.3196002,207.4813811,0
7515,102.3196002,207.4813811,0
7516,102.3196002,207.4813811,0
7517,102.3196002,207.4813811,0
7518,102.3196002,207.4813811,0
7519,102.3196002,207.4813811,0
7520,102.3196002,207.4813811,0
7521,102.3196002,204.6391704,0
7522,102.3196002,204.6391704,0
7523,102.3196002,204.6391704,0
7524,102.3196002,204.6391704,0
7525,102.3196002,204.6391704,0
7526,99.47738921,204.6391704,0
7527,99.47738921,204.6391704,0
7528,99.47738921,204.6391704,0
7529,99.47738921,204.6391704,0
7530,99.47738921,204.6391704,0
7531,99.47738921,204.6391704,0
7532,99.47738921,204.6391704,0
7533,99.47738921,204.6391704,0
7534,99.47738921,204.6391704,0
7535,99.47738921,204.6391704,0
7536,99.47738921,204.6391704,0
7537,99.47738921,204.6391704,0
7538,105.1618112,204.6391704,0
7539,105.1618112,204.6391704,0
7540,105.1618112,204.6391704,0
7541,105.1618112,204.6391704,0
7542,105.1618112,204.6391704,0
7543,105.1618112,204.6391704,0
7544,105.1618112,204.6391704,0
7545,105.1618112,204.6391704,0
7546,105.1618112,204.6391704,0
7547,105.1618112,204.6391704,0
7548,105.1618112,204.6391704,0
7549,105.1618112,204.6391704,0
7550,105.1618112,204.6391704,0
7551,105.1618112,204.6391704,0
7552,105.1618112,204.6391704,0
7553,105.1618112,204.6391704,0
7554,105.1618112,201.7969597,0
7555,105.1618112,201.7969597,0
7556,105.1618112,204.6391704,0
7557,105.1618112,204.6391704,0
7558,105.1618112,204.6391704,0
7559,105.1618112,204.6391704,0
7560,105.1618112,204.6391704,0
7561,105.1618112,204.6391704,0
7562,105.1618112,204.6391704,0
7563,105.1618112,204.6391704,0
7564,105.1618112,204.6391704,0
7565,105.1618112,204.6391704,0
7566,105.1618112,204.6391704,0
7567,105.1618112,204.6391704,0
7568,105.1618112,204.6391704,0
7569,105.1618112,207.4813811,0
7570,105.1618112,207.4813811,0
7571,105.1618112,207.4813811,0
7572,105.1618112,207.4813811,0
7573,105.1618112,207.4813811,0
7574,105.1618112,207.4813811,0
7575,105.1618112,207.4813811,0
7576,105.1618112,207.4813811,0
7577,105.1618112,207.4813811,0
7578,105.1618112,207.4813811,0
7579,105.1618112,207.4813811,0
7580,105.1618112,207.4813811,0
7581,105.1618112,207.4813811,0
7582,105.1618112,207.4813811,0
7583,105.1618112,207.4813811,0
7584,105.1618112,207.4813811,0
7585,105.1618112,207.4813811,0
7586,105.1618112,207.4813811,0
7587,105.1618112,207.4813811,0
7588,105.1618112,207.4813811,0
7589,105.1618112,207.4813811,0
7590,105.1618112,207.4813811,0
7591,105.1618112,207.4813811,0
7592,105.1618112,207.4813811,0
7593,105.1618112,207.4813811,0
7594,105.1618112,207.4813811,0
7595,105.1618112,207.4813811,0
7596,105.1618112,207.4813811,0
7597,105.1618112,207.4813811,0
7598,105.1618112,207.4813811,0
7599,105.1618112,207.4813811,0
7600,105.1618112,207.4813811,0
7601,102.3196003,207.4813811,0
7602,102.3196003,207.4813811,0
7603,102.3196003,207.4813811,0
7604,102.3196003,207.4813811,0
7605,102.3196003,207.4813811,0
7606,102.3196003,207.4813811,0
7607,102.3196003,207.4813811,0
7608,102.3196003,207.4813811,0
7609,102.3196003,207.4813811,0
7610,102.3196003,207.4813811,0
7611,102.3196003,207.4813811,0
7612,102.3196003,207.4813811,0
7613,102.3196003,207.4813811,0
7614,102.3196003,207.4813811,0
7615,102.3196003,207.4813811,0
7616,102.3196003,207.4813811,0
7617,102.3196003,207.4813811,0
7618,102.3196003,207.4813811,0
7619,102.3196003,207.4813811,0
7620,102.3196002,207.4813811,0
7621,102.3196002,207.4813811,0
7622,102.3196002,207.4813811,0
7623,102.3196002,207.4813811,0
7624,102.3196002,207.4813811,0
7625,102.3196002,207.4813811,0
7626,102.3196002,207.4813811,0
7627,102.3196002,204.6391704,0
7628,102.3196003,204.6391704,0
7629,102.3196003,204.6391704,0
7630,102.3196003,204.6391704,0
7631,102.3196003,204.6391704,0
7632,102.3196003,204.6391704,0
7633,102.3196003,204.6391704,0
7634,102.3196003,204.6391704,0
7635,102.3196003,204.6391704,0
7636,102.3196003,204.6391704,0
7637,102.3196003,204.6391704,0
7638,102.3196003,204.6391704,0
7639,102.3196003,204.6391704,0
7640,102.3196003,204.6391704,0
7641,102.3196003,204.6391704,0
7642,102.3196003,204.6391704,0
7643,102.3196003,204.6391704,0
7644,102.3196003,204.6391704,0
7645,102.3196003,204.6391704,0
7646,102.3196003,204.6391704,0
7647,102.3196003,204.6391704,0
7648,102.3196003,204.6391704,0
7649,102.3196003,204.6391704,0
7650,102.3196003,204.6391704,0
7651,102.3196003,204.6391704,0
7652,102.3196003,204.6391704,0
7653,102.3196003,204.6391704,0
7654,102.3196003,204.6391704,0
7655,102.3196003,204.6391704,0
7656,102.3196003,204.6391704,0
7657,102.3196003,204.6391704,0
7658,102.3196003,204.6391704,0
7659,102.3196003,204.6391704,0
7660,102.3196003,204.6391704,0
7661,102.3196003,204.6391704,0
7662,102.3196003,204.6391704,0
7663,102.3196003,204.6391704,0
7664,102.3196003,204.6391704,0
7665,102.3196003,204.6391704,0
7666,102.3196003,204.6391704,0
7667,102.3196003,204.6391704,0
7668,102.3196003,204.6391704,0
7669,102.3196003,204.6391704,0
7670,102.3196003,204.6391704,0
7671,102.3196003,204.6391704,0
7672,102.3196003,204.6391704,0
7673,102.3196003,204.6391704,0
7674,102.3196003,204.6391704,0
7675,102.3196003,204.6391704,0
7676,102.3196003,204.6391704,0
7677,102.3196003,204.6391704,0
7678,102.3196002,204.6391704,0
7679,102.3196002,204.6391704,0
7680,102.3196002,204.6391704,0
7681,102.3196002,204.6391704,0
7682,102.3196002,204.6391704,0
7683,102.3196002,204.6391704,0
7684,102.3196002,204.6391704,0
7685,102.3196002,204.6391704,0
7686,102.3196002,204.6391704,0
7687,102.3196002,204.6391704,0
7688,99.47738921,204.6391704,0
7689,99.47738921,204.6391704,0
7690,99.47738921,204.6391704,0
7691,99.47738921,204.6391704,0
7692,99.47738921,204.6391704,0
7693,99.47738921,204.6391704,0
7694,99.47738921,204.6391704,0
7695,99.47738921,204.6391704,0
7696,99.47738921,204.6391704,0
7697,99.47738921,204.6391704,0
7698,99.47738921,204.6391704,0
7699,99.47738921,204.6391704,0
7700,99.47738921,204.6391704,0
7701,99.47738921,204.6391704,0
7702,99.47738921,204.6391704,0
7703,99.47738921,204.6391704,0
7704,99.47738921,204.6391704,0
7705,99.47738921,204.6391704,0
7706,99.47738921,204.6391704,0
7707,99.47738921,204.6391704,0
7708,99.47738921,204.6391704,0
7709,99.47738921,204.6391704,0
7710,99.47738921,204.6391704,0
7711,99.47738921,204.6391704,0
7712,99.47738921,204.6391704,0
7713,99.47738921,204.6391704,0
7714,99.47738921,204.6391704,0
7715,99.47738921,204.6391704,0
7716,99.47738921,204.6391704,0
7717,99.47738921,204.6391704,0
7718,99.47738921,204.6391704,0
7719,99.47738921,204.6391704,0
7720,99.47738921,204.6391704,0
7721,99.47738921,204.6391704,0
7722,99.47738921,204.6391704,0
7723,99.47738921,204.6391704,0
7724,99.47738921,204.6391704,0
7725,99.47738921,204.6391704,0
7726,99.47738921,204.6391704,0
7727,99.47738906,204.6391704,0
7728,99.47738906,204.6391704,0
7729,99.47738906,204.6391704,0
7730,99.47738906,204.6391704,0
7731,99.47738906,204.6391704,0
7732,99.47738906,204.6391704,0
7733,99.47738906,204.6391704,0
7734,99.47738906,204.6391704,0
7735,99.47738906,204.6391704,0
7736,99.47738906,204.6391704,0
7737,99.47738906,204.6391704,0
7738,99.47738906,204.6391704,0
7739,99.47738906,204.6391704,0
7740,99.47738906,204.6391704,0
7741,99.47738906,204.6391704,0
7742,99.47738906,204.6391704,0
7743,99.47738906,204.6391704,0
7744,99.47738906,204.6391704,0
7745,99.47738906,204.6391704,0
7746,99.47738906,204.6391704,0
7747,99.47738906,204.6391704,0
7748,99.47738906,204.6391704,0
7749,99.47738906,204.6391704,0
7750,99.47738906,204.6391704,0
7751,99.47738906,204.6391704,0
7752,99.47738906,204.6391704,0
7753,99.47738906,204.6391704,0
7754,99.47738906,204.6391704,0
7755,99.47738906,204.6391704,0
7756,99.47738906,204.6391704,0
7757,99.47738906,204.6391704,0
7758,99.47738906,204.6391704,0
7759,99.47738906,204.6391704,0
7760,99.47738906,204.6391704,0
7761,99.47738906,204.6391704,0
7762,99.47738906,204.6391704,0
7763,99.47738906,204.6391704,0
7764,99.47738906,204.6391704,0
7765,99.47738906,201.7969597,0
7766,99.47738906,201.7969597,0
7767,99.47738906,201.7969597,0
7768,99.47738906,201.7969597,0
7769,99.47738906,201.7969597,0
7770,99.47738906,201.7969597,0
7771,99.47738906,207.4813811,0
7772,99.47738906,207.4813811,0
7773,99.47738906,207.4813811,0
7774,96.63517801,207.4813811,0
7775,96.63517801,207.4813811,0
7776,96.63517801,207.4813811,0
7777,96.63517801,207.4813811,0
7778,96.63517801,207.4813811,0
7779,96.63517801,207.4813811,0
7780,96.63517801,207.4813811,0
7781,96.63517801,207.4813811,0
7782,96.63517801,207.4813811,0
7783,96.63517801,207.4813811,0
7784,96.63517801,207.4813811,0
7785,96.63517801,207.4813811,0
7786,96.63517801,207.4813811,0
7787,96.63517801,207.4813811,0
7788,96.63517801,207.4813811,0
7789,96.63517801,207.4813811,0
7790,96.63517801,207.4813811,0
7791,96.63517801,207.4813811,0
7792,96.63517801,207.4813811,0
7793,96.63517801,207.4813811,0
7794,96.63517801,207.4813811,0
7795,96.63517801,207.4813811,0
7796,96.63517801,207.4813811,0
7797,96.63517801,207.4813811,0
7798,96.63517801,207.4813811,0
7799,96.63517801,207.4813811,0
7800,96.63517801,207.4813811,0
7801,96.63517801,207.4813811,0
7802,96.63517801,207.4813811,0
7803,96.63517801,207.4813811,0
7804,96.63517801,207.4813811,0
7805,96.63517801,207.4813811,0
7806,96.63517801,207.4813811,0
7807,96.63517801,207.4813811,0
7808,99.47738913,207.4813811,0
7809,99.47738913,207.4813811,0
7810,99.47738913,207.4813811,0
7811,99.47738913,207.4813811,0
7812,99.47738913,207.4813811,0
7813,99.47738913,207.4813811,0
7814,99.47738913,207.4813811,0
7815,99.47738913,207.4813811,0
7816,99.47738913,207.4813811,0
7817,99.47738913,207.4813811,0
7818,99.47738913,207.4813811,0
7819,99.47738913,207.4813811,0
7820,99.47738913,207.4813811,0
7821,99.47738913,204.6391704,0
7822,99.47738913,204.6391704,0
7823,99.47738913,204.6391704,0
7824,99.47738913,204.6391704,0
7825,99.47738913,204.6391704,0
7826,99.47738913,204.6391704,0
7827,99.47738913,204.6391704,0
7828,99.47738913,204.6391704,0
7829,99.47738913,204.6391704,0
7830,99.47738913,204.6391704,0
7831,99.47738913,204.6391704,0
7832,99.47738913,204.6391704,0
7833,99.47738913,204.6391704,0
7834,99.47738913,204.6391704,0
7835,99.47738913,204.6391704,0
7836,99.47738913,204.6391704,0
7837,99.47738913,204.6391704,0
7838,99.47738913,204.6391704,0
7839,99.47738913,204.6391704,0
7840,99.47738913,204.6391704,0
7841,99.47738913,204.6391704,0
7842,99.47738913,204.6391704,0
7843,99.47738913,204.6391704,0
7844,99.47738913,204.6391704,0
7845,99.47738913,204.6391704,0
7846,99.47738913,204.6391704,0
7847,99.47738913,204.6391704,0
7848,99.47738913,204.6391704,0
7849,99.47738913,204.6391704,0
7850,99.47738913,204.6391704,0
7851,99.47738913,204.6391704,0
7852,99.47738913,204.6391704,0
7853,99.47738913,204.6391704,0
7854,99.47738913,204.6391704,0
7855,99.47738913,204.6391704,0
7856,99.47738913,204.6391704,0
7857,99.47738913,204.6391704,0
7858,96.63517808,204.6391704,0
7859,96.63517801,204.6391704,0
7860,96.63517801,204.6391704,0
7861,96.63517801,204.6391704,0
7862,96.63517801,204.6391704,0
7863,96.63517794,204.6391704,0
7864,96.63517794,204.6391704,0
7865,96.63517794,204.6391704,0
7866,96.63517801,204.6391704,0
7867,96.63517801,204.6391704,0
7868,96.63517801,204.6391704,0
7869,96.63517801,204.6391704,0
7870,96.63517801,204.6391704,0
7871,96.63517801,204.6391704,0
7872,96.63517801,204.6391704,0
7873,96.63517801,204.6391704,0
7874,96.63517801,204.6391704,0
7875,96.63517801,204.6391704,0
7876,96.63517801,204.6391704,0
7877,96.63517801,204.6391704,0
7878,96.63517801,204.6391704,0
7879,96.63517801,204.6391704,0
7880,96.63517801,204.6391704,0
7881,96.63517801,204.6391704,0
7882,96.63517801,204.6391704,0
7883,96.63517801,204.6391704,0
7884,96.63517801,204.6391704,0
7885,96.63517801,204.6391704,0
7886,96.63517801,204.6391704,0
7887,96.63517801,204.6391704,0
7888,96.63517801,204.6391704,0
7889,96.63517801,204.6391704,0
7890,96.63517801,204.6391704,0
7891,96.63517801,204.6391704,0
7892,96.63517801,204.6391704,0
7893,96.63517801,204.6391704,0
7894,96.63517801,204.6391704,0
7895,96.63517801,204.6391704,0
7896,96.63517801,204.6391704,0
7897,96.63517801,204.6391704,0
7898,96.63517801,204.6391704,0
7899,96.63517801,204.6391704,0
7900,96.63517801,204.6391704,0
7901,96.63517801,204.6391704,0
7902,96.63517801,204.6391704,0
7903,96.63517801,204.6391704,0
7904,96.63517801,204.6391704,0
7905,96.63517801,204.6391704,0
7906,96.63517801,204.6391704,0
7907,96.63517801,204.6391704,0
7908,96.63517801,204.6391704,0
7909,96.63517801,204.6391704,0
7910,96.63517801,204.6391704,0
7911,96.63517801,204.6391704,0
7912,96.63517801,204.6391704,0
7913,96.63517801,204.6391704,0
7914,96.63517801,204.6391704,0
7915,96.63517801,204.6391704,0
7916,96.63517801,204.6391704,0
7917,96.63517801,204.6391704,0
7918,99.47738921,204.6391704,0
7919,99.47738921,204.6391704,0
7920,99.47738921,204.6391704,0
7921,99.47738921,204.6391704,0
7922,99.47738921,204.6391704,0
7923,99.47738921,204.6391704,0
7924,99.47738921,204.6391704,0
7925,99.47738921,204.6391704,0
7926,99.47738921,204.6391704,0
7927,99.47738921,204.6391704,0
7928,99.47738921,204.6391704,0
7929,99.47738921,204.6391704,0
7930,99.47738921,204.6391704,0
7931,99.47738921,204.6391704,0
7932,99.47738921,204.6391704,0
7933,99.47738921,204.6391704,0
7934,99.47738921,204.6391704,0
7935,99.47738921,204.6391704,0
7936,99.47738921,204.6391704,0
7937,99.47738921,204.6391704,0
7938,99.47738921,204.6391704,0
7939,99.47738921,204.6391704,0
7940,99.47738921,204.6391704,0
7941,99.47738921,204.6391704,0
7942,99.47738921,204.6391704,0
7943,99.47738921,204.6391704,0
7944,99.47738921,204.6391704,0
7945,99.47738921,204.6391704,0
7946,99.47738921,204.6391704,0
7947,99.47738921,204.6391704,0
7948,99.47738921,204.6391704,0
7949,99.47738921,204.6391704,0
7950,99.47738921,204.6391704,0
7951,99.47738921,204.6391704,0
7952,99.47738921,204.6391704,0
7953,99.47738921,204.6391704,0
7954,99.47738921,204.6391704,0
7955,99.47738921,204.6391704,0
7956,99.47738921,204.6391704,0
7957,99.47738921,204.6391704,0
7958,99.47738921,204.6391704,0
7959,99.47738921,204.6391704,0
7960,99.47738921,204.6391704,0
7961,99.47738921,204.6391704,0
7962,99.47738921,204.6391704,0
7963,99.47738921,204.6391704,0
7964,99.47738921,204.6391704,0
7965,99.47738921,204.6391704,0
7966,99.47738921,204.6391704,0
7967,99.47738921,204.6391704,0
7968,96.63517808,204.6391704,0
7969,96.63517808,204.6391704,0
7970,96.63517808,204.6391704,0
7971,96.63517808,204.6391704,0
7972,96.63517808,204.6391704,0
7973,96.63517808,204.6391704,0
7974,96.63517808,204.6391704,0
7975,96.63517808,204.6391704,0
7976,96.63517808,204.6391704,0
7977,96.63517808,204.6391704,0
7978,96.63517808,204.6391704,0
7979,96.63517808,204.6391704,0
7980,96.63517808,204.6391704,0
7981,96.63517808,204.6391704,0
7982,96.63517808,204.6391704,0
7983,96.63517808,204.6391704,0
7984,96.63517808,204.6391704,0
7985,96.63517808,204.6391704,0
7986,96.63517808,204.6391704,0
7987,96.63517808,204.6391704,0
7988,96.63517808,204.6391704,0
7989,99.47738906,204.6391704,0
7990,99.47738906,204.6391704,0
7991,99.47738906,204.6391704,0
7992,99.47738906,204.6391704,0
7993,99.47738906,204.6391704,0
7994,99.47738906,204.6391704,0
7995,99.47738906,204.6391704,0
7996,99.47738906,204.6391704,0
7997,99.47738906,204.6391704,0
7998,99.47738906,204.6391704,0
7999,99.47738906,204.6391704,0
8000,99.47738906,204.6391704,0
8001,99.47738906,204.6391704,0
8002,99.47738906,204.6391704,0
8003,99.47738906,204.6391704,0
8004,99.47738906,204.6391704,0
8005,99.47738906,204.6391704,0
8006,99.47738906,204.6391704,0
8007,99.47738906,204.6391704,0
8008,99.47738906,204.6391704,0
8009,99.47738906,204.6391704,0
8010,99.47738906,204.6391704,0
8011,99.47738906,204.6391704,0
8012,99.47738906,204.6391704,0
8013,99.47738906,204.6391704,0
8014,99.47738906,204.6391704,0
8015,99.47738906,204.6391704,0
8016,99.47738906,204.6391704,0
8017,99.47738906,204.6391704,0
8018,99.47738906,204.6391704,0
8019,99.47738906,204.6391704,0
8020,99.47738906,204.6391704,0
8021,99.47738906,204.6391704,0
8022,99.47738906,204.6391704,0
8023,99.47738906,204.6391704,0
8024,99.47738906,204.6391704,0
8025,99.47738906,204.6391704,0
8026,99.47738906,204.6391704,0
8027,99.47738906,204.6391704,0
8028,99.47738906,204.6391704,0
8029,99.47738906,204.6391704,0
8030,99.47738906,204.6391704,0
8031,99.47738906,204.6391704,0
8032,99.47738906,204.6391704,0
8033,99.47738906,204.6391704,0
8034,99.47738906,204.6391704,0
8035,99.47738906,204.6391704,0
8036,99.47738906,204.6391704,0
8037,99.47738906,204.6391704,0
8038,99.47738906,204.6391704,0
8039,96.63517808,204.6391704,0
8040,96.63517808,204.6391704,0
8041,96.63517808,204.6391704,0
8042,96.63517808,204.6391704,0
8043,96.63517808,204.6391704,0
8044,96.63517808,204.6391704,0
8045,96.63517808,204.6391704,0
8046,96.63517808,204.6391704,0
8047,96.63517808,204.6391704,0
8048,96.63517808,204.6391704,0
8049,96.63517808,204.6391704,0
8050,96.63517808,204.6391704,0
8051,96.63517808,204.6391704,0
8052,96.63517808,204.6391704,0
8053,96.63517808,204.6391704,0
8054,96.63517808,204.6391704,0
8055,96.63517808,204.6391704,0
8056,96.63517808,204.6391704,0
8057,96.63517808,204.6391704,0
8058,96.63517808,204.6391704,0
8059,96.63517808,204.6391704,0
8060,96.63517808,204.6391704,0
8061,96.63517808,204.6391704,0
8062,96.63517808,204.6391704,0
8063,96.63517808,204.6391704,0
8064,96.63517808,204.6391704,0
8065,96.63517808,204.6391704,0
8066,96.63517808,204.6391704,0
8067,96.63517808,204.6391704,0
8068,96.63517808,204.6391704,0
8069,96.63517808,204.6391704,0
8070,96.63517808,204.6391704,0
8071,96.63517808,204.6391704,0
8072,96.63517808,204.6391704,0
8073,96.63517808,204.6391704,0
8074,96.63517808,204.6391704,0
8075,96.63517794,204.6391704,0
8076,96.63517794,204.6391704,0
8077,96.63517794,204.6391704,0
8078,96.63517794,204.6391704,0
8079,96.63517794,204.6391704,0
8080,96.63517794,204.6391704,0
8081,96.63517794,204.6391704,0
8082,96.63517794,204.6391704,0
8083,93.79296696,204.6391704,0
8084,93.79296696,204.6391704,0
8085,93.79296696,204.6391704,0
8086,93.79296696,204.6391704,0
8087,93.79296696,204.6391704,0
8088,93.79296696,204.6391704,0
8089,93.79296696,204.6391704,0
8090,93.79296696,204.6391704,0
8091,93.79296696,204.6391704,0
8092,96.63517801,204.6391704,0
8093,96.63517801,204.6391704,0
8094,96.63517801,204.6391704,0
8095,96.63517801,204.6391704,0
8096,96.63517801,204.6391704,0
8097,96.63517801,204.6391704,0
8098,96.63517801,204.6391704,0
8099,96.63517801,204.6391704,0
8100,96.63517801,204.6391704,0
8101,96.63517801,204.6391704,0
8102,96.63517801,204.6391704,0
8103,96.63517801,204.6391704,0
8104,96.63517801,204.6391704,0
8105,96.63517801,204.6391704,0
8106,96.63517801,204.6391704,0
8107,96.63517801,204.6391704,0
8108,96.63517801,204.6391704,0
8109,96.63517801,204.6391704,0
8110,96.63517801,204.6391704,0
8111,96.63517801,204.6391704,0
8112,96.63517801,204.6391704,0
8113,96.63517801,204.6391704,0
8114,96.63517801,204.6391704,0
8115,96.63517801,204.6391704,0
8116,96.63517801,204.6391704,0
8117,96.63517801,204.6391704,0
8118,96.63517801,204.6391704,0
8119,96.63517801,204.6391704,0
8120,96.63517801,204.6391704,0
8121,96.63517801,204.6391704,0
8122,96.63517801,204.6391704,0
8123,96.63517801,204.6391704,0
8124,96.63517801,204.6391704,0
8125,96.63517801,204.6391704,0
8126,96.63517801,204.6391704,0
8127,96.63517801,204.6391704,0
8128,96.63517801,204.6391704,0
8129,96.63517801,204.6391704,0
8130,96.63517801,204.6391704,0
8131,96.63517801,204.6391704,0
8132,96.63517801,204.6391704,0
8133,96.63517801,204.6391704,0
8134,96.63517801,204.6391704,0
8135,96.63517801,204.6391704,0
8136,96.63517801,204.6391704,0
8137,96.63517801,204.6391704,0
8138,96.63517801,204.6391704,0
8139,96.63517801,204.6391704,0
8140,96.63517801,204.6391704,0
8141,96.63517801,204.6391704,0
8142,93.79296689,204.6391704,0
8143,93.79296689,204.6391704,0
8144,93.79296689,204.6391704,0
8145,93.79296689,204.6391704,0
8146,93.79296689,204.6391704,0
8147,93.79296689,204.6391704,0
8148,93.79296689,204.6391704,0
8149,93.79296689,204.6391704,0
8150,93.79296696,204.6391704,0
8151,93.79296696,204.6391704,0
8152,93.79296696,204.6391704,0
8153,93.79296696,204.6391704,0
8154,93.79296696,204.6391704,0
8155,93.79296696,204.6391704,0
8156,93.79296696,204.6391704,0
8157,93.79296696,204.6391704,0
8158,96.63517801,204.6391704,0
8159,96.63517801,204.6391704,0
8160,96.63517801,204.6391704,0
8161,96.63517801,201.7969597,0
8162,96.63517801,201.7969597,0
8163,96.63517801,201.7969597,0
8164,96.63517801,201.7969597,0
8165,96.63517801,201.7969597,0
8166,96.63517801,201.7969597,0
8167,96.63517801,201.7969597,0
8168,96.63517801,201.7969597,0
8169,96.63517801,201.7969597,0
8170,96.63517801,201.7969597,0
8171,96.63517801,201.7969597,0
8172,96.63517801,201.7969597,0
8173,96.63517801,201.7969597,0
8174,96.63517801,201.7969597,0
8175,96.63517801,201.7969597,0
8176,96.63517801,201.7969597,0
8177,96.63517801,201.7969597,0
8178,96.63517801,201.7969597,0
8179,96.63517801,201.7969597,0
8180,96.63517801,201.7969597,0
8181,96.63517801,201.7969597,0
8182,96.63517801,201.7969597,0
8183,96.63517801,201.7969597,0
8184,96.63517801,201.7969597,0
8185,96.63517801,201.7969597,0
8186,96.63517801,201.7969597,0
8187,96.63517801,201.7969597,0
8188,96.63517801,201.7969597,0
8189,96.63517801,201.7969597,0
8190,96.63517801,201.7969597,0
8191,96.63517801,201.7969597,0
8192,96.63517801,201.7969597,0
8193,96.63517801,201.7969597,0
8194,96.63517801,201.7969597,0
8195,96.63517801,201.7969597,0
8196,96.63517801,201.7969597,0
8197,96.63517801,201.7969597,0
8198,96.63517801,201.7969597,0
8199,96.63517801,201.7969597,0
8200,96.63517801,201.7969597,0
8201,96.63517801,201.7969597,0
8202,96.63517801,201.7969597,0
8203,96.63517801,201.7969597,0
8204,96.63517801,201.7969597,0
8205,96.63517801,201.7969597,0
8206,96.63517801,201.7969597,0
8207,96.63517801,201.7969597,0
8208,93.79296696,201.7969597,0
8209,93.79296696,201.7969597,0
8210,93.79296696,201.7969597,0
8211,93.79296696,201.7969597,0
8212,93.79296696,201.7969597,0
8213,93.79296696,201.7969597,0
8214,93.79296696,201.7969597,0
8215,93.79296696,201.7969597,0
8216,93.79296696,201.7969597,0
8217,93.79296696,201.7969597,0
8218,90.95075583,201.7969597,0
8219,90.95075583,201.7969597,0
8220,90.95075583,201.7969597,0
8221,90.95075583,201.7969597,0
8222,90.95075583,201.7969597,0
8223,90.95075583,201.7969597,0
8224,90.95075583,201.7969597,0
8225,90.95075583,201.7969597,0
8226,90.95075583,201.7969597,0
8227,90.95075583,201.7969597,0
8228,90.95075583,201.7969597,0
8229,90.95075583,201.7969597,0
8230,90.95075583,201.7969597,0
8231,90.95075583,201.7969597,0
8232,90.95075583,201.7969597,0
8233,90.95075583,201.7969597,0
8234,90.95075583,201.7969597,0
8235,90.95075583,201.7969597,0
8236,90.95075583,201.7969597,0
8237,90.95075583,201.7969597,0
8238,90.95075583,201.7969597,0
8239,90.95075583,201.7969597,0
8240,90.95075583,201.7969597,0
8241,90.95075583,201.7969597,0
8242,90.95075583,201.7969597,0
8243,90.95075583,201.7969597,0
8244,90.95075583,201.7969597,0
8245,90.95075583,201.7969597,0
8246,90.95075583,201.7969597,0
8247,90.95075583,201.7969597,0
8248,90.95075583,201.7969597,0
8249,90.95075583,201.7969597,0
8250,90.95075583,201.7969597,0
8251,90.95075583,201.7969597,0
8252,90.95075583,201.7969597,0
8253,90.95075583,201.7969597,0
8254,90.95075583,201.7969597,0
8255,90.95075583,201.7969597,0
8256,90.95075583,201.7969597,0
8257,90.95075583,201.7969597,0
8258,90.95075583,201.7969597,0
8259,90.95075583,201.7969597,0
8260,90.95075583,201.7969597,0
8261,90.95075583,201.7969597,0
8262,90.95075583,201.7969597,0
8263,90.95075583,201.7969597,0
8264,90.95075583,201.7969597,0
8265,90.95075583,201.7969597,0
8266,90.95075583,201.7969597,0
8267,90.95075583,204.6391704,0
8268,90.95075583,204.6391704,0
8269,90.95075583,204.6391704,0
8270,90.95075583,204.6391704,0
8271,90.95075583,204.6391704,0
8272,90.95075583,204.6391704,0
8273,90.95075583,204.6391704,0
8274,90.95075583,204.6391704,0
8275,90.95075583,204.6391704,0
8276,90.95075583,204.6391704,0
8277,90.95075583,204.6391704,0
8278,90.95075583,204.6391704,0
8279,90.95075583,204.6391704,0
8280,90.95075583,204.6391704,0
8281,90.95075583,204.6391704,0
8282,90.95075583,204.6391704,0
8283,90.95075583,204.6391704,0
8284,90.95075583,204.6391704,0
8285,90.95075583,204.6391704,0
8286,90.95075583,204.6391704,0
8287,90.95075583,204.6391704,0
8288,90.95075583,204.6391704,0
8289,90.95075576,204.6391704,0
8290,90.95075576,204.6391704,0
8291,90.95075576,204.6391704,0
8292,90.95075576,204.6391704,0
8293,90.95075576,204.6391704,0
8294,90.95075576,204.6391704,0
8295,90.95075576,204.6391704,0
8296,90.95075576,204.6391704,0
8297,90.95075576,204.6391704,0
8298,90.95075576,204.6391704,0
8299,90.95075576,204.6391704,0
8300,90.95075576,204.6391704,0
8301,90.95075576,204.6391704,0
8302,90.95075576,204.6391704,0
8303,90.95075576,204.6391704,0
8304,90.95075576,204.6391704,0
8305,90.95075576,204.6391704,0
8306,90.95075576,204.6391704,0
8307,90.95075576,204.6391704,0
8308,90.95075569,204.6391704,0
8309,90.95075569,204.6391704,0
8310,90.95075569,204.6391704,0
8311,93.79296682,204.6391704,0
8312,93.79296682,204.6391704,0
8313,93.79296682,204.6391704,0
8314,93.79296682,204.6391704,0
8315,93.79296682,204.6391704,0
8316,93.79296682,204.6391704,0
8317,93.79296682,204.6391704,0
8318,93.79296682,204.6391704,0
8319,93.79296682,204.6391704,0
8320,93.79296682,204.6391704,0
8321,93.79296682,204.6391704,0
8322,93.79296682,204.6391704,0
8323,93.79296682,204.6391704,0
8324,93.79296682,204.6391704,0
8325,93.79296682,204.6391704,0
8326,93.79296682,204.6391704,0
8327,93.79296682,204.6391704,0
8328,93.79296682,204.6391704,0
8329,93.79296682,204.6391704,0
8330,93.79296682,198.954749,0
8331,93.79296682,198.954749,0
8332,93.79296682,198.954749,0
8333,93.79296682,204.6391704,0
8334,93.79296682,204.6391704,0
8335,93.79296682,204.6391704,0
8336,93.79296682,204.6391704,0
8337,93.79296682,204.6391704,0
8338,93.79296682,204.6391704,0
8339,93.79296682,204.6391704,0
8340,93.79296682,204.6391704,0
8341,93.79296682,204.6391704,0
8342,93.79296682,204.6391704,0
8343,93.79296682,204.6391704,0
8344,93.79296682,204.6391704,0
8345,93.79296682,204.6391704,0
8346,93.79296682,204.6391704,0
8347,93.79296682,204.6391704,0
8348,93.79296682,204.6391704,0
8349,93.79296682,204.6391704,0
8350,93.79296682,204.6391704,0
8351,93.79296682,204.6391704,0
8352,93.79296682,204.6391704,0
8353,93.79296682,204.6391704,0
8354,93.79296682,204.6391704,0
8355,93.79296682,204.6391704,0
8356,93.79296682,204.6391704,0
8357,93.79296682,204.6391704,0
8358,93.79296682,204.6391704,0
8359,93.79296682,204.6391704,0
8360,93.79296682,204.6391704,0
8361,90.95075576,204.6391704,0
8362,90.95075576,204.6391704,0
8363,90.95075576,204.6391704,0
8364,90.95075576,204.6391704,0
8365,90.95075576,204.6391704,0
8366,90.95075576,204.6391704,0
8367,90.95075576,204.6391704,0
8368,90.95075576,204.6391704,0
8369,90.95075576,204.6391704,0
8370,90.95075576,204.6391704,0
8371,90.95075576,204.6391704,0
8372,90.95075576,204.6391704,0
8373,90.95075576,204.6391704,0
8374,90.95075576,204.6391704,0
8375,90.95075576,204.6391704,0
8376,90.95075576,204.6391704,0
8377,90.95075576,204.6391704,0
8378,90.95075576,204.6391704,0
8379,90.95075576,204.6391704,0
8380,90.95075576,204.6391704,0
8381,90.95075576,204.6391704,0
8382,90.95075576,204.6391704,0
8383,90.95075576,204.6391704,0
8384,90.95075576,204.6391704,0
8385,90.95075576,204.6391704,0
8386,90.95075576,204.6391704,0
8387,90.95075576,204.6391704,0
8388,90.95075576,201.7969597,0
8389,90.95075576,201.7969597,0
8390,90.95075576,201.7969597,0
8391,90.95075576,201.7969597,0
8392,90.95075576,201.7969597,0
8393,90.95075576,201.7969597,0
8394,90.95075576,201.7969597,0
8395,90.95075576,201.7969597,0
8396,90.95075576,201.7969597,0
8397,90.95075576,201.7969597,0
8398,90.95075576,201.7969597,0
8399,90.95075576,201.7969597,0
8400,90.95075576,201.7969597,0
8401,90.95075576,201.7969597,0
8402,90.95075576,201.7969597,0
8403,90.95075576,201.7969597,0
8404,90.95075576,201.7969597,0
8405,90.95075576,201.7969597,0
8406,90.95075576,201.7969597,0
8407,90.95075576,201.7969597,0
8408,90.95075576,201.7969597,0
8409,90.95075576,201.7969597,0
8410,90.95075576,201.7969597,0
8411,90.95075576,201.7969597,0
8412,90.95075576,201.7969597,0
8413,90.95075576,201.7969597,0
8414,90.95075576,201.7969597,0
8415,90.95075576,201.7969597,0
8416,90.95075576,201.7969597,0
8417,93.79296689,201.7969597,0
8418,93.79296689,201.7969597,0
8419,93.79296689,201.7969597,0
8420,93.79296689,201.7969597,0
8421,93.79296689,201.7969597,0
8422,93.79296689,201.7969597,0
8423,93.79296689,201.7969597,0
8424,93.79296689,201.7969597,0
8425,93.79296689,201.7969597,0
8426,93.79296689,201.7969597,0
8427,93.79296689,201.7969597,0
8428,93.79296689,201.7969597,0
8429,93.79296689,201.7969597,0
8430,93.79296689,201.7969597,0
8431,93.79296689,201.7969597,0
8432,93.79296689,201.7969597,0
8433,93.79296689,201.7969597,0
8434,93.79296689,201.7969597,0
8435,93.79296689,201.7969597,0
8436,93.79296689,201.7969597,0
8437,93.79296689,201.7969597,0
8438,93.79296689,201.7969597,0
8439,93.79296689,201.7969597,0
8440,93.79296689,201.7969597,0
8441,93.79296689,201.7969597,0
8442,93.79296689,201.7969597,0
8443,93.79296689,201.7969597,0
8444,93.79296689,201.7969597,0
8445,93.79296689,201.7969597,0
8446,93.79296689,201.7969597,0
8447,93.79296689,201.7969597,0
8448,93.79296689,201.7969597,0
8449,93.79296689,201.7969597,0
8450,93.79296689,201.7969597,0
8451,93.79296689,201.7969597,0
8452,93.79296689,201.7969597,0
8453,93.79296689,201.7969597,0
8454,93.79296689,201.7969597,0
8455,93.79296689,201.7969597,0
8456,93.79296689,201.7969597,0
8457,93.79296689,201.7969597,0
8458,93.79296689,201.7969597,0
8459,93.79296689,201.7969597,0
8460,93.79296689,204.6391704,0
8461,93.79296689,204.6391704,0
8462,93.79296689,204.6391704,0
8463,93.79296689,204.6391704,0
8464,93.79296689,204.6391704,0
8465,93.79296689,204.6391704,0
8466,93.79296689,204.6391704,0
8467,90.95075569,204.6391704,0
8468,90.95075569,204.6391704,0
8469,90.95075569,204.6391704,0
8470,90.95075569,204.6391704,0
8471,90.95075569,204.6391704,0
8472,90.95075569,204.6391704,0
8473,93.79296682,207.4813811,0
8474,93.79296682,207.4813811,0
8475,93.79296682,207.4813811,0
8476,93.79296682,207.4813811,0
8477,93.79296682,207.4813811,0
8478,93.79296682,207.4813811,0
8479,93.79296682,207.4813811,0
8480,93.79296682,207.4813811,0
8481,93.79296682,207.4813811,0
8482,93.79296682,207.4813811,0
8483,93.79296682,207.4813811,0
8484,93.79296682,207.4813811,0
8485,93.79296682,207.4813811,0
8486,93.79296682,207.4813811,0
8487,93.79296682,207.4813811,0
8488,93.79296682,207.4813811,0
8489,93.79296682,207.4813811,0
8490,93.79296682,207.4813811,0
8491,93.79296682,207.4813811,0
8492,93.79296682,207.4813811,0
8493,93.79296682,207.4813811,0
8494,93.79296682,207.4813811,0
8495,93.79296682,207.4813811,0
8496,93.79296682,207.4813811,0
8497,93.79296682,207.4813811,0
8498,93.79296682,207.4813811,0
8499,93.79296682,207.4813811,0
8500,93.79296682,207.4813811,0
8501,93.79296682,207.4813811,0
8502,93.79296682,207.4813811,0
8503,93.79296682,207.4813811,0
8504,93.79296682,207.4813811,0
8505,93.79296682,207.4813811,0
8506,93.79296682,207.4813811,0
8507,93.79296682,207.4813811,0
8508,93.79296682,207.4813811,0
8509,93.79296682,207.4813811,0
8510,93.79296682,207.4813811,0
8511,93.79296682,207.4813811,0
8512,93.79296682,207.4813811,0
8513,93.79296682,207.4813811,0
8514,93.79296682,207.4813811,0
8515,93.79296682,207.4813811,0
8516,93.79296682,207.4813811,0
8517,93.79296682,207.4813811,0
8518,93.79296682,207.4813811,0
8519,93.79296682,207.4813811,0
8520,93.79296682,207.4813811,0
8521,93.79296682,207.4813811,0
8522,93.79296682,207.4813811,0
8523,90.95075569,204.6391704,0
8524,93.79296689,204.6391704,0
8525,93.79296689,204.6391704,0
8526,93.79296689,204.6391704,0
8527,93.79296689,204.6391704,0
8528,93.79296689,204.6391704,0
8529,93.79296696,204.6391704,0
8530,93.79296696,204.6391704,0
8531,93.79296696,204.6391704,0
8532,93.79296696,204.6391704,0
8533,93.79296696,204.6391704,0
8534,93.79296696,204.6391704,0
8535,93.79296696,204.6391704,0
8536,93.79296696,204.6391704,0
8537,93.79296696,204.6391704,0
8538,93.79296696,204.6391704,0
8539,93.79296696,204.6391704,0
8540,93.79296696,204.6391704,0
8541,93.79296696,204.6391704,0
8542,93.79296696,204.6391704,0
8543,93.79296696,204.6391704,0
8544,93.79296696,204.6391704,0
8545,93.79296696,204.6391704,0
8546,93.79296696,204.6391704,0
8547,93.79296696,204.6391704,0
8548,93.79296696,204.6391704,0
8549,93.79296696,204.6391704,0
8550,93.79296696,204.6391704,0
8551,93.79296696,204.6391704,0
8552,93.79296696,204.6391704,0
8553,93.79296696,204.6391704,0
8554,93.79296696,204.6391704,0
8555,93.79296696,204.6391704,0
8556,93.79296696,204.6391704,0
8557,93.79296696,204.6391704,0
8558,93.79296696,204.6391704,0
8559,93.79296696,204.6391704,0
8560,93.79296696,204.6391704,0
8561,93.79296696,204.6391704,0
8562,93.79296696,204.6391704,0
8563,93.79296696,204.6391704,0
8564,93.79296696,204.6391704,0
8565,93.79296696,204.6391704,0
8566,93.79296696,204.6391704,0
8567,93.79296696,204.6391704,0
8568,93.79296696,204.6391704,0
8569,93.79296696,204.6391704,0
8570,93.79296696,204.6391704,0
8571,93.79296696,204.6391704,0
8572,93.79296696,204.6391704,0
8573,93.79296696,204.6391704,0
8574,93.79296696,204.6391704,0
8575,93.79296696,204.6391704,0
8576,93.79296696,204.6391704,0
8577,93.79296696,204.6391704,0
8578,93.79296696,204.6391704,0
8579,93.79296689,204.6391704,0
8580,93.79296689,204.6391704,0
8581,93.79296689,204.6391704,0
8582,93.79296689,204.6391704,0
8583,93.79296689,204.6391704,0
8584,93.79296689,204.6391704,0
8585,93.79296689,204.6391704,0
8586,93.79296689,204.6391704,0
8587,93.79296689,204.6391704,0
8588,93.79296689,204.6391704,0
8589,93.79296689,204.6391704,0
8590,93.79296689,204.6391704,0
8591,93.79296689,204.6391704,0
8592,93.79296689,204.6391704,0
8593,93.79296696,204.6391704,0
8594,93.79296696,204.6391704,0
8595,93.79296696,204.6391704,0
8596,93.79296696,204.6391704,0
8597,93.79296696,204.6391704,0
8598,93.79296696,204.6391704,0
8599,93.79296696,204.6391704,0
8600,93.79296696,204.6391704,0
8601,93.79296696,204.6391704,0
8602,93.79296696,204.6391704,0
8603,93.79296696,204.6391704,0
8604,93.79296696,204.6391704,0
8605,93.79296696,204.6391704,0
8606,93.79296696,204.6391704,0
8607,93.79296696,204.6391704,0
8608,93.79296696,204.6391704,0
8609,93.79296696,204.6391704,0
8610,93.79296696,204.6391704,0
8611,93.79296696,204.6391704,0
8612,93.79296696,204.6391704,0
8613,93.79296696,204.6391704,0
8614,93.79296696,204.6391704,0
8615,93.79296696,204.6391704,0
8616,93.79296696,204.6391704,0
8617,93.79296696,204.6391704,0
8618,93.79296696,204.6391704,0
8619,93.79296696,204.6391704,0
8620,93.79296696,204.6391704,0
8621,93.79296696,204.6391704,0
8622,93.79296696,204.6391704,0
8623,93.79296696,201.7969597,0
8624,93.79296696,201.7969597,0
8625,93.79296696,201.7969597,0
8626,93.79296696,201.7969597,0
8627,93.79296696,201.7969597,0
8628,93.79296696,201.7969597,0
8629,93.79296696,201.7969597,0
8630,93.79296696,201.7969597,0
8631,93.79296696,201.7969597,0
8632,93.79296696,201.7969597,0
8633,93.79296696,201.7969597,0
8634,93.79296696,201.7969597,0
8635,93.79296696,201.7969597,0
8636,93.79296696,201.7969597,0
8637,93.79296696,201.7969597,0
8638,93.79296696,201.7969597,1
8639,93.79296696,201.7969597,1
8640,93.79296696,201.7969597,1
8641,93.79296696,201.7969597,1
8642,93.79296696,201.7969597,1
8643,90.95075583,201.7969597,1
8644,90.95075583,201.7969597,1
8645,90.95075583,201.7969597,1
8646,90.95075583,201.7969597,1
8647,90.95075583,201.7969597,1
8648,90.95075583,201.7969597,1
8649,90.95075583,201.7969597,1
8650,90.95075583,201.7969597,1
8651,90.95075583,201.7969597,1
8652,90.95075583,201.7969597,1
8653,90.95075583,201.7969597,1
8654,90.95075583,201.7969597,1
8655,90.95075583,201.7969597,1
8656,90.95075583,201.7969597,1
8657,90.95075583,201.7969597,1
8658,90.95075583,201.7969597,1
8659,90.95075583,201.7969597,1
8660,93.79296682,201.7969597,1
8661,93.79296682,201.7969597,1
8662,93.79296682,201.7969597,1
8663,93.79296682,201.7969597,1
8664,93.79296682,201.7969597,1
8665,93.79296682,201.7969597,1
8666,93.79296682,201.7969597,1
8667,93.79296682,201.7969597,1
8668,93.79296682,201.7969597,1
8669,93.79296682,201.7969597,1
8670,93.79296682,201.7969597,1
8671,93.79296682,201.7969597,1
8672,93.79296682,201.7969597,1
8673,93.79296682,201.7969597,1
8674,93.79296682,201.7969597,1
8675,93.79296682,201.7969597,1
8676,93.79296682,201.7969597,1
8677,93.79296682,201.7969597,1
8678,93.79296682,201.7969597,1
8679,93.79296682,201.7969597,1
8680,93.79296682,201.7969597,1
8681,93.79296682,201.7969597,1
8682,93.79296682,201.7969597,1
8683,93.79296682,201.7969597,1
8684,93.79296682,201.7969597,1
8685,93.79296682,201.7969597,1
8686,93.79296682,201.7969597,1
8687,93.79296682,201.7969597,1
8688,93.79296682,201.7969597,1
8689,93.79296682,201.7969597,1
8690,93.79296682,201.7969597,1
8691,93.79296682,201.7969597,1
8692,93.79296682,201.7969597,1
8693,93.79296682,201.7969597,1
8694,93.79296682,201.7969597,1
8695,93.79296682,201.7969597,1
8696,93.79296682,201.7969597,1
8697,93.79296682,201.7969597,1
8698,93.79296682,201.7969597,1
8699,93.79296682,201.7969597,1
8700,93.79296682,201.7969597,1
8701,93.79296682,201.7969597,1
8702,93.79296682,201.7969597,1
8703,93.79296682,201.7969597,1
8704,93.79296682,201.7969597,1
8705,93.79296682,201.7969597,1
8706,93.79296682,201.7969597,1
8707,93.79296682,201.7969597,1
8708,93.79296682,201.7969597,1
8709,93.79296682,201.7969597,1
8710,93.79296682,201.7969597,1
8711,93.79296682,201.7969597,1
8712,93.79296682,201.7969597,1
8713,93.79296682,201.7969597,1
8714,93.79296682,201.7969597,1
8715,93.79296682,201.7969597,1
8716,93.79296682,201.7969597,1
8717,93.79296682,201.7969597,1
8718,93.79296682,201.7969597,1
8719,93.79296682,201.7969597,1
8720,93.79296682,201.7969597,1
8721,93.79296682,201.7969597,1
8722,93.79296682,201.7969597,1
8723,93.79296682,201.7969597,1
8724,93.79296682,201.7969597,1
8725,93.79296682,201.7969597,1
8726,93.79296682,204.6391704,1
8727,93.79296682,204.6391704,1
8728,93.79296682,204.6391704,1
8729,93.79296682,204.6391704,1
8730,93.79296682,204.6391704,1
8731,93.79296682,204.6391704,1
8732,93.79296682,204.6391704,1
8733,93.79296682,204.6391704,1
8734,93.79296682,204.6391704,1
8735,93.79296682,204.6391704,1
8736,93.79296682,204.6391704,1
8737,93.79296682,204.6391704,1
8738,93.79296682,204.6391704,1
8739,93.79296682,204.6391704,1
8740,93.79296682,204.6391704,1
8741,93.79296682,204.6391704,1
8742,93.79296682,204.6391704,1
8743,93.79296682,204.6391704,1
8744,93.79296682,204.6391704,1
8745,93.79296682,204.6391704,1
8746,93.79296682,204.6391704,1
8747,90.95075583,204.6391704,1
8748,90.95075583,204.6391704,1
8749,90.95075583,204.6391704,1
8750,90.95075583,204.6391704,1
8751,90.95075583,204.6391704,1
8752,90.95075583,204.6391704,1
8753,90.95075583,204.6391704,1
8754,90.95075583,207.4813811,1
8755,90.95075583,207.4813811,1
8756,90.95075583,207.4813811,1
8757,90.95075583,207.4813811,1
8758,90.95075583,207.4813811,1
8759,90.95075583,207.4813811,1
8760,90.95075583,207.4813811,1
8761,90.95075583,207.4813811,1
8762,90.95075583,207.4813811,1
8763,90.95075583,207.4813811,1
8764,90.95075583,207.4813811,1
8765,90.95075583,207.4813811,1
8766,90.95075583,207.4813811,1
8767,90.95075583,207.4813811,1
8768,90.95075583,207.4813811,1
8769,90.95075583,207.4813811,1
8770,90.95075583,207.4813811,1
8771,90.95075583,207.4813811,1
8772,90.95075583,207.4813811,1
8773,90.95075583,207.4813811,1
8774,90.95075583,207.4813811,1
8775,90.95075583,207.4813811,1
8776,90.95075583,207.4813811,1
8777,90.95075583,207.4813811,1
8778,90.95075583,207.4813811,1
8779,90.95075583,207.4813811,1
8780,90.95075583,207.4813811,1
8781,90.95075583,207.4813811,1
8782,90.95075583,207.4813811,1
8783,90.95075583,207.4813811,1
8784,90.95075583,207.4813811,1
8785,90.95075583,207.4813811,1
8786,90.95075583,207.4813811,1
8787,90.95075583,207.4813811,1
8788,90.95075583,207.4813811,1
8789,90.95075583,207.4813811,1
8790,90.95075583,207.4813811,1
8791,90.95075583,207.4813811,1
8792,90.95075583,207.4813811,1
8793,90.95075583,207.4813811,1
8794,90.95075583,207.4813811,1
8795,90.95075583,207.4813811,1
8796,90.95075583,207.4813811,1
8797,90.95075583,207.4813811,1
8798,90.95075583,207.4813811,1
8799,90.95075583,207.4813811,1
8800,90.95075583,207.4813811,1
8801,90.95075583,207.4813811,1
8802,90.95075583,207.4813811,1
8803,90.95075583,207.4813811,1
8804,90.95075583,201.7969597,1
8805,90.95075583,201.7969597,1
8806,90.95075583,201.7969597,1
8807,90.95075583,201.7969597,1
8808,90.95075583,201.7969597,1
8809,90.95075583,201.7969597,1
8810,90.95075583,201.7969597,1
8811,90.95075583,201.7969597,1
8812,93.79296696,201.7969597,1
8813,93.79296696,201.7969597,1
8814,93.79296696,201.7969597,1
8815,93.79296696,201.7969597,1
8816,93.79296696,201.7969597,1
8817,93.79296696,201.7969597,1
8818,93.79296696,201.7969597,1
8819,93.79296696,201.7969597,1
8820,93.79296696,201.7969597,1
8821,93.79296696,201.7969597,1
8822,93.79296696,201.7969597,1
8823,93.79296696,204.6391704,1
8824,93.79296696,204.6391704,1
8825,93.79296696,204.6391704,1
8826,93.79296696,204.6391704,1
8827,93.79296696,204.6391704,1
8828,93.79296696,204.6391704,1
8829,93.79296696,204.6391704,1
8830,93.79296696,204.6391704,1
8831,93.79296696,204.6391704,1
8832,93.79296696,204.6391704,1
8833,93.79296696,204.6391704,1
8834,93.79296696,204.6391704,1
8835,93.79296696,204.6391704,1
8836,93.79296696,204.6391704,1
8837,93.79296696,204.6391704,1
8838,93.79296696,204.6391704,1
8839,93.79296696,204.6391704,1
8840,93.79296696,204.6391704,1
8841,93.79296696,204.6391704,1
8842,93.79296696,204.6391704,1
8843,93.79296696,204.6391704,1
8844,93.79296696,204.6391704,1
8845,93.79296696,204.6391704,1
8846,93.79296696,204.6391704,1
8847,93.79296696,204.6391704,1
8848,93.79296696,204.6391704,1
8849,93.79296696,204.6391704,1
8850,93.79296696,204.6391704,1
8851,93.79296696,204.6391704,1
8852,93.79296696,204.6391704,1
8853,93.79296696,204.6391704,1
8854,93.79296696,204.6391704,1
8855,93.79296696,204.6391704,1
8856,93.79296696,204.6391704,1
8857,93.79296696,204.6391704,1
8858,93.79296696,204.6391704,1
8859,93.79296696,204.6391704,1
8860,93.79296696,204.6391704,1
8861,93.79296696,204.6391704,1
8862,93.79296689,204.6391704,1
8863,93.79296689,204.6391704,1
8864,93.79296689,204.6391704,1
8865,93.79296689,204.6391704,1
8866,93.79296689,204.6391704,1
8867,90.95075583,204.6391704,1
8868,90.95075583,204.6391704,1
8869,90.95075583,204.6391704,1
8870,90.95075583,204.6391704,1
8871,90.95075583,204.6391704,1
8872,90.95075583,204.6391704,1
8873,90.95075583,204.6391704,1
8874,90.95075583,201.7969597,1
8875,90.95075583,201.7969597,1
8876,90.95075583,201.7969597,1
8877,90.95075583,201.7969597,1
8878,90.95075583,201.7969597,1
8879,90.95075583,201.7969597,1
8880,90.95075583,201.7969597,1
8881,90.95075583,201.7969597,1
8882,90.95075583,201.7969597,1
8883,90.95075583,201.7969597,1
8884,90.95075583,201.7969597,1
8885,90.95075583,201.7969597,1
8886,90.95075583,204.6391704,1
8887,90.95075583,204.6391704,1
8888,90.95075583,204.6391704,1
8889,90.95075583,204.6391704,1
8890,90.95075583,204.6391704,1
8891,90.95075583,204.6391704,1
8892,90.95075583,204.6391704,1
8893,90.95075583,204.6391704,1
8894,90.95075583,204.6391704,1
8895,90.95075583,204.6391704,1
8896,90.95075583,204.6391704,1
8897,90.95075583,204.6391704,1
8898,90.95075583,204.6391704,1
8899,90.95075583,204.6391704,1
8900,90.95075583,204.6391704,1
8901,90.95075583,204.6391704,1
8902,90.95075583,204.6391704,1
8903,90.95075583,204.6391704,1
8904,90.95075583,204.6391704,1
8905,90.95075583,204.6391704,1
8906,90.95075583,204.6391704,1
8907,90.95075576,204.6391704,1
8908,90.95075576,204.6391704,1
8909,90.95075576,204.6391704,1
8910,90.95075576,204.6391704,1
8911,90.95075576,204.6391704,1
8912,90.95075576,204.6391704,1
8913,90.95075576,204.6391704,1
8914,90.95075576,204.6391704,1
8915,90.95075576,204.6391704,1
8916,90.95075576,204.6391704,1
8917,90.95075576,204.6391704,1
8918,90.95075576,204.6391704,1
8919,90.95075576,204.6391704,1
8920,90.95075576,204.6391704,1
8921,90.95075576,204.6391704,1
8922,90.95075576,204.6391704,1
8923,90.95075576,204.6391704,1
8924,90.95075576,204.6391704,1
8925,90.95075576,204.6391704,1
8926,90.95075576,204.6391704,1
8927,90.95075576,204.6391704,1
8928,90.95075576,204.6391704,1
8929,90.95075576,204.6391704,1
8930,90.95075576,204.6391704,1
8931,90.95075576,204.6391704,1
8932,90.95075576,204.6391704,1
8933,90.95075576,204.6391704,1
8934,90.95075576,204.6391704,1
8935,90.95075576,204.6391704,1
8936,90.95075576,204.6391704,1
8937,90.95075576,204.6391704,1
8938,90.95075576,204.6391704,1
8939,90.95075576,204.6391704,1
8940,90.95075576,204.6391704,1
8941,90.95075576,204.6391704,1
8942,90.95075576,204.6391704,1
8943,90.95075576,204.6391704,1
8944,90.95075576,204.6391704,1
8945,90.95075576,204.6391704,1
8946,90.95075576,204.6391704,1
8947,90.95075576,204.6391704,1
8948,90.95075576,204.6391704,1
8949,90.95075576,204.6391704,1
8950,90.95075576,204.6391704,1
8951,90.95075576,204.6391704,1
8952,90.95075576,204.6391704,1
8953,90.95075576,204.6391704,1
8954,90.95075576,204.6391704,1
8955,88.10854471,204.6391704,1
8956,88.10854471,204.6391704,1
8957,88.10854471,204.6391704,1
8958,88.10854471,204.6391704,1
8959,88.10854471,204.6391704,1
8960,88.10854471,204.6391704,1
8961,88.10854471,204.6391704,1
8962,88.10854471,204.6391704,1
8963,88.10854471,204.6391704,1
8964,88.10854471,204.6391704,1
8965,88.10854471,204.6391704,1
8966,88.10854471,204.6391704,1
8967,88.10854471,204.6391704,1
8968,88.10854471,204.6391704,1
8969,88.10854471,204.6391704,1
8970,88.10854471,204.6391704,1
8971,88.10854471,204.6391704,1
8972,88.10854471,204.6391704,1
8973,88.10854471,204.6391704,1
8974,88.10854471,204.6391704,1
8975,88.10854471,204.6391704,1
8976,88.10854471,204.6391704,1
8977,88.10854471,204.6391704,1
8978,88.10854471,204.6391704,1
8979,88.10854471,204.6391704,1
8980,88.10854471,204.6391704,1
8981,88.10854471,204.6391704,1
8982,88.10854471,204.6391704,1
8983,88.10854471,204.6391704,1
8984,88.10854471,204.6391704,1
8985,88.10854471,204.6391704,1
8986,88.10854471,204.6391704,1
8987,88.10854471,204.6391704,1
8988,88.10854471,204.6391704,1
8989,88.10854471,204.6391704,1
8990,88.10854471,204.6391704,1
8991,88.10854471,204.6391704,1
8992,88.10854471,204.6391704,1
8993,88.10854471,204.6391704,1
8994,88.10854471,204.6391704,1
8995,88.10854471,204.6391704,1
8996,88.10854471,204.6391704,1
8997,88.10854471,204.6391704,1
8998,88.10854471,204.6391704,1
8999,88.10854471,204.6391704,1
9000,88.10854471,201.7969597,1
9001,88.10854471,201.7969597,1
9002,88.10854471,201.7969597,1
9003,88.10854471,201.7969597,1
9004,88.10854471,201.7969597,1
9005,88.10854471,201.7969597,1
9006,88.10854471,201.7969597,1
9007,88.10854471,201.7969597,1
9008,88.10854471,201.7969597,1
9009,88.10854471,201.7969597,1
9010,88.10854471,201.7969597,1
9011,88.10854471,201.7969597,1
9012,88.10854471,201.7969597,1
9013,88.10854471,201.7969597,1
9014,88.10854471,201.7969597,1
9015,88.10854471,201.7969597,1
9016,88.10854471,201.7969597,1
9017,88.10854471,201.7969597,1
9018,88.10854471,204.6391704,1
9019,88.10854471,204.6391704,1
9020,88.10854471,204.6391704,1
9021,88.10854471,204.6391704,1
9022,88.10854471,204.6391704,1
9023,88.10854471,204.6391704,1
9024,88.10854471,204.6391704,1
9025,88.10854471,204.6391704,1
9026,88.10854471,204.6391704,1
9027,88.10854471,204.6391704,1
9028,88.10854471,204.6391704,1
9029,88.10854471,204.6391704,1
9030,88.10854471,204.6391704,1
9031,88.10854471,204.6391704,1
9032,88.10854471,204.6391704,1
9033,88.10854471,204.6391704,1
9034,88.10854471,204.6391704,1
9035,88.10854471,204.6391704,1
9036,88.10854471,204.6391704,1
9037,88.10854471,204.6391704,1
9038,88.10854471,204.6391704,1
9039,88.10854471,204.6391704,1
9040,88.10854471,204.6391704,1
9041,88.10854471,204.6391704,1
9042,88.10854471,204.6391704,1
9043,88.10854471,204.6391704,1
9044,88.10854471,204.6391704,1
9045,88.10854471,204.6391704,1
9046,88.10854471,204.6391704,1
9047,88.10854471,204.6391704,1
9048,88.10854471,204.6391704,1
9049,88.10854471,204.6391704,1
9050,88.10854471,204.6391704,1
9051,88.10854471,204.6391704,1
9052,88.10854471,204.6391704,1
9053,88.10854471,204.6391704,1
9054,88.10854471,204.6391704,1
9055,88.10854471,204.6391704,1
9056,88.10854471,204.6391704,1
9057,88.10854471,204.6391704,1
9058,88.10854471,204.6391704,1
9059,88.10854471,204.6391704,1
9060,88.10854471,204.6391704,1
9061,88.10854471,204.6391704,1
9062,88.10854471,204.6391704,1
9063,88.10854471,204.6391704,1
9064,88.10854471,204.6391704,1
9065,88.10854471,204.6391704,1
9066,88.10854471,204.6391704,1
9067,88.10854471,204.6391704,1
9068,88.10854471,204.6391704,1
9069,88.10854471,204.6391704,1
9070,88.10854471,204.6391704,1
9071,88.10854471,204.6391704,1
9072,88.10854471,204.6391704,1
9073,88.10854471,204.6391704,1
9074,88.10854471,204.6391704,1
9075,88.10854471,204.6391704,1
9076,88.10854471,204.6391704,1
9077,88.10854471,204.6391704,1
9078,88.10854471,204.6391704,1
9079,88.10854471,204.6391704,1
9080,88.10854471,204.6391704,1
9081,88.10854471,204.6391704,1
9082,88.10854471,204.6391704,1
9083,88.10854471,204.6391704,1
9084,88.10854471,204.6391704,1
9085,88.10854471,204.6391704,1
9086,88.10854471,204.6391704,1
9087,88.10854471,204.6391704,1
9088,88.10854471,204.6391704,1
9089,88.10854457,204.6391704,1
9090,88.10854457,204.6391704,1
9091,88.10854457,204.6391704,1
9092,88.10854457,204.6391704,1
9093,88.10854457,204.6391704,1
9094,88.10854457,204.6391704,1
9095,88.10854457,204.6391704,1
9096,88.10854457,204.6391704,1
9097,88.10854457,204.6391704,1
9098,88.10854457,204.6391704,1
9099,88.10854457,204.6391704,1
9100,88.10854457,204.6391704,1
9101,88.10854457,204.6391704,1
9102,88.10854457,204.6391704,1
9103,88.10854457,204.6391704,1
9104,88.10854457,204.6391704,1
9105,88.10854457,204.6391704,1
9106,88.10854457,204.6391704,1
9107,88.10854457,204.6391704,1
9108,88.10854457,204.6391704,1
9109,88.10854457,204.6391704,1
9110,88.10854457,204.6391704,1
9111,88.10854457,204.6391704,1
9112,88.10854471,204.6391704,1
9113,88.10854471,204.6391704,1
9114,88.10854471,204.6391704,1
9115,88.10854471,204.6391704,1
9116,88.10854471,204.6391704,1
9117,88.10854471,204.6391704,1
9118,88.10854471,204.6391704,1
9119,88.10854471,204.6391704,1
9120,88.10854471,204.6391704,1
9121,88.10854471,204.6391704,1
9122,88.10854471,204.6391704,1
9123,88.10854471,204.6391704,1
9124,88.10854471,204.6391704,1
9125,88.10854471,204.6391704,1
9126,88.10854471,204.6391704,1
9127,88.10854471,204.6391704,1
9128,88.10854471,204.6391704,1
9129,88.10854471,204.6391704,1
9130,88.10854471,204.6391704,1
9131,88.10854471,204.6391704,1
9132,88.10854471,204.6391704,1
9133,88.10854471,204.6391704,1
9134,88.10854471,204.6391704,1
9135,88.10854471,204.6391704,1
9136,88.10854471,204.6391704,1
9137,88.10854471,204.6391704,1
9138,88.10854471,204.6391704,1
9139,88.10854471,204.6391704,1
9140,88.10854471,204.6391704,1
9141,88.10854471,204.6391704,1
9142,88.10854471,204.6391704,1
9143,88.10854471,204.6391704,1
9144,88.10854471,204.6391704,1
9145,88.10854471,204.6391704,1
9146,88.10854471,204.6391704,1
9147,88.10854471,204.6391704,1
9148,88.10854471,204.6391704,1
9149,88.10854471,204.6391704,1
9150,88.10854471,204.6391704,1
9151,88.10854471,204.6391704,1
9152,88.10854471,204.6391704,1
9153,88.10854471,204.6391704,1
9154,88.10854471,204.6391704,1
9155,88.10854471,204.6391704,1
9156,88.10854471,204.6391704,1
9157,88.10854471,204.6391704,1
9158,88.10854471,204.6391704,1
9159,88.10854471,204.6391704,1
9160,88.10854471,204.6391704,1
9161,88.10854471,204.6391704,1
9162,88.10854464,204.6391704,1
9163,88.10854464,204.6391704,1
9164,88.10854464,204.6391704,1
9165,88.10854464,204.6391704,1
9166,88.10854464,204.6391704,1
9167,82.42412232,204.6391704,1
9168,82.42412232,204.6391704,1
9169,82.42412232,204.6391704,1
9170,82.42412232,204.6391704,1
9171,82.42412232,204.6391704,1
9172,82.42412232,204.6391704,1
9173,82.42412232,204.6391704,1
9174,82.42412232,204.6391704,1
9175,82.42412232,204.6391704,1
9176,82.42412232,204.6391704,1
9177,82.42412232,204.6391704,1
9178,82.42412232,204.6391704,1
9179,82.42412232,204.6391704,1
9180,82.42412232,204.6391704,1
9181,82.42412232,204.6391704,1
9182,85.26633344,204.6391704,1
9183,85.26633344,204.6391704,1
9184,85.26633344,204.6391704,1
9185,85.26633344,204.6391704,1
9186,85.26633344,204.6391704,1
9187,85.26633344,204.6391704,1
9188,85.26633344,204.6391704,1
9189,85.26633344,204.6391704,1
9190,85.26633344,204.6391704,1
9191,85.26633344,204.6391704,1
9192,85.26633344,204.6391704,1
9193,85.26633344,204.6391704,1
9194,85.26633344,204.6391704,1
9195,85.26633344,204.6391704,1
9196,85.26633344,204.6391704,1
9197,85.26633344,204.6391704,1
9198,85.26633344,204.6391704,1
9199,85.26633344,204.6391704,1
9200,85.26633344,204.6391704,1
9201,85.26633344,204.6391704,1
9202,85.26633344,204.6391704,1
9203,85.26633344,204.6391704,1
9204,85.26633344,204.6391704,1
9205,85.26633344,204.6391704,1
9206,85.26633344,204.6391704,1
9207,85.26633344,204.6391704,1
9208,85.26633344,204.6391704,1
9209,85.26633344,204.6391704,1
9210,85.26633344,204.6391704,1
9211,85.26633344,204.6391704,1
9212,85.26633344,204.6391704,1
9213,85.26633344,204.6391704,1
9214,85.26633344,204.6391704,1
9215,85.26633344,204.6391704,1
9216,85.26633344,204.6391704,1
9217,85.26633344,204.6391704,1
9218,85.26633344,204.6391704,1
9219,85.26633344,204.6391704,1
9220,85.26633344,204.6391704,1
9221,85.26633344,204.6391704,1
9222,85.26633344,204.6391704,1
9223,85.26633344,204.6391704,1
9224,85.26633344,204.6391704,1
9225,85.26633344,204.6391704,1
9226,85.26633344,204.6391704,1
9227,85.26633344,204.6391704,1
9228,85.26633344,204.6391704,1
9229,85.26633344,204.6391704,1
9230,85.26633344,204.6391704,1
9231,85.26633344,204.6391704,1
9232,82.42412239,204.6391704,1
9233,82.42412239,204.6391704,1
9234,82.42412239,204.6391704,1
9235,82.42412239,204.6391704,1
9236,82.42412239,204.6391704,1
9237,82.42412239,204.6391704,1
9238,82.42412239,204.6391704,1
9239,82.42412239,204.6391704,1
9240,82.42412239,204.6391704,1
9241,82.42412239,204.6391704,1
9242,82.42412239,204.6391704,1
9243,88.10854464,204.6391704,1
9244,88.10854464,204.6391704,1
9245,88.10854464,204.6391704,1
9246,88.10854464,204.6391704,1
9247,88.10854464,204.6391704,1
9248,88.10854471,204.6391704,1
9249,88.10854471,204.6391704,1
9250,88.10854471,204.6391704,1
9251,88.10854471,201.7969597,1
9252,88.10854471,201.7969597,1
9253,88.10854471,201.7969597,1
9254,88.10854471,201.7969597,1
9255,88.10854471,201.7969597,1
9256,88.10854471,201.7969597,1
9257,88.10854471,201.7969597,1
9258,88.10854471,201.7969597,1
9259,88.10854471,201.7969597,1
9260,88.10854471,201.7969597,1
9261,88.10854471,201.7969597,1
9262,88.10854471,201.7969597,1
9263,88.10854471,201.7969597,1
9264,88.10854471,201.7969597,1
9265,88.10854471,201.7969597,1
9266,88.10854471,201.7969597,1
9267,88.10854471,201.7969597,1
9268,88.10854471,201.7969597,1
9269,88.10854471,201.7969597,1
9270,88.10854471,201.7969597,1
9271,88.10854471,201.7969597,1
9272,88.10854471,201.7969597,1
9273,88.10854471,201.7969597,1
9274,88.10854471,201.7969597,1
9275,88.10854471,201.7969597,1
9276,88.10854471,201.7969597,1
9277,88.10854471,201.7969597,1
9278,88.10854471,201.7969597,1
9279,88.10854471,201.7969597,1
9280,88.10854471,201.7969597,1
9281,88.10854471,201.7969597,1
9282,88.10854471,201.7969597,1
9283,88.10854471,201.7969597,1
9284,88.10854471,201.7969597,1
9285,88.10854471,201.7969597,1
9286,88.10854471,201.7969597,1
9287,88.10854471,201.7969597,1
9288,88.10854471,201.7969597,1
9289,88.10854471,201.7969597,1
9290,88.10854471,201.7969597,1
9291,88.10854471,204.6391704,1
9292,88.10854471,204.6391704,1
9293,88.10854471,204.6391704,1
9294,88.10854471,204.6391704,1
9295,88.10854471,204.6391704,1
9296,88.10854471,204.6391704,1
9297,88.10854471,204.6391704,1
9298,85.26633358,204.6391704,1
9299,85.26633358,204.6391704,1
9300,85.26633358,204.6391704,1
9301,85.26633358,204.6391704,1
9302,85.26633358,204.6391704,1
9303,85.26633358,204.6391704,1
9304,85.26633358,204.6391704,1
9305,85.26633358,204.6391704,1
9306,88.10854457,204.6391704,1
9307,88.10854457,204.6391704,1
9308,88.10854457,204.6391704,1
9309,88.10854457,204.6391704,1
9310,88.10854457,204.6391704,1
9311,88.10854457,204.6391704,1
9312,88.10854457,204.6391704,1
9313,88.10854457,204.6391704,1
9314,88.10854457,204.6391704,1
9315,88.10854457,204.6391704,1
9316,88.10854457,204.6391704,1
9317,88.10854457,204.6391704,1
9318,88.10854457,204.6391704,1
9319,88.10854457,204.6391704,1
9320,88.10854471,204.6391704,1
9321,88.10854471,204.6391704,1
9322,88.10854471,204.6391704,1
9323,88.10854471,204.6391704,1
9324,88.10854471,204.6391704,1
9325,88.10854471,204.6391704,1
9326,88.10854471,204.6391704,1
9327,88.10854471,204.6391704,1
9328,88.10854471,204.6391704,1
9329,88.10854471,204.6391704,1
9330,88.10854471,204.6391704,1
9331,88.10854471,204.6391704,1
9332,88.10854471,204.6391704,1
9333,88.10854471,204.6391704,1
9334,88.10854471,204.6391704,1
9335,88.10854471,204.6391704,1
9336,88.10854471,204.6391704,1
9337,88.10854471,204.6391704,1
9338,88.10854471,204.6391704,1
9339,88.10854471,204.6391704,1
9340,88.10854471,204.6391704,1
9341,88.10854471,204.6391704,1
9342,88.10854471,204.6391704,1
9343,88.10854471,204.6391704,1
9344,88.10854471,204.6391704,1
9345,88.10854471,204.6391704,1
9346,88.10854471,204.6391704,1
9347,88.10854471,204.6391704,1
9348,88.10854471,204.6391704,1
9349,88.10854471,204.6391704,1
9350,88.10854471,204.6391704,1
9351,88.10854471,204.6391704,1
9352,88.10854471,204.6391704,1
9353,88.10854471,204.6391704,1
9354,88.10854471,204.6391704,1
9355,88.10854471,204.6391704,1
9356,88.10854471,204.6391704,1
9357,88.10854471,204.6391704,1
9358,88.10854471,204.6391704,1
9359,88.10854471,204.6391704,1
9360,88.10854471,204.6391704,1
9361,88.10854471,204.6391704,1
9362,88.10854471,204.6391704,1
9363,88.10854471,204.6391704,1
9364,88.10854471,204.6391704,1
9365,88.10854471,204.6391704,1
9366,88.10854471,204.6391704,1
9367,88.10854471,204.6391704,1
9368,88.10854471,204.6391704,1
9369,88.10854471,204.6391704,1
9370,85.26633351,204.6391704,1
9371,85.26633351,204.6391704,1
9372,85.26633351,204.6391704,1
9373,85.26633351,204.6391704,1
9374,85.26633351,204.6391704,1
9375,85.26633351,204.6391704,1
9376,85.26633351,204.6391704,1
9377,85.26633351,204.6391704,1
9378,85.26633351,204.6391704,1
9379,85.26633351,204.6391704,1
9380,85.26633351,204.6391704,1
9381,85.26633351,204.6391704,1
9382,85.26633351,204.6391704,1
9383,88.10854464,204.6391704,1
9384,88.10854464,204.6391704,1
9385,88.10854464,204.6391704,1
9386,88.10854464,204.6391704,1
9387,88.10854464,204.6391704,1
9388,88.10854464,204.6391704,1
9389,88.10854464,204.6391704,1
9390,88.10854464,204.6391704,1
9391,88.10854464,204.6391704,1
9392,88.10854464,204.6391704,1
9393,88.10854464,204.6391704,1
9394,88.10854464,204.6391704,1
9395,88.10854464,204.6391704,1
9396,88.10854464,204.6391704,1
9397,88.10854464,204.6391704,1
9398,88.10854464,204.6391704,1
9399,88.10854464,204.6391704,1
9400,88.10854464,204.6391704,1
9401,88.10854464,204.6391704,1
9402,88.10854464,204.6391704,1
9403,88.10854464,204.6391704,1
9404,88.10854464,204.6391704,1
9405,88.10854464,204.6391704,1
9406,88.10854464,201.7969597,1
9407,88.10854464,201.7969597,1
9408,88.10854464,201.7969597,1
9409,88.10854464,201.7969597,1
9410,88.10854464,201.7969597,1
9411,88.10854464,201.7969597,1
9412,88.10854464,201.7969597,1
9413,88.10854464,201.7969597,1
9414,88.10854464,201.7969597,1
9415,88.10854464,201.7969597,1
9416,88.10854464,201.7969597,1
9417,88.10854464,201.7969597,1
9418,88.10854464,201.7969597,1
9419,88.10854464,201.7969597,1
9420,88.10854464,201.7969597,1
9421,88.10854464,201.7969597,1
9422,88.10854464,201.7969597,1
9423,88.10854464,201.7969597,1
9424,88.10854464,201.7969597,1
9425,88.10854464,201.7969597,1
9426,88.10854464,201.7969597,1
9427,88.10854464,201.7969597,1
9428,88.10854464,201.7969597,1
9429,88.10854464,201.7969597,1
9430,88.10854464,201.7969597,1
9431,88.10854464,201.7969597,1
9432,88.10854464,201.7969597,1
9433,85.26633351,201.7969597,1
9434,85.26633351,201.7969597,1
9435,85.26633351,201.7969597,1
9436,85.26633351,201.7969597,1
9437,85.26633351,201.7969597,1
9438,85.26633351,201.7969597,1
9439,85.26633351,201.7969597,1
9440,85.26633351,201.7969597,1
9441,85.26633351,201.7969597,1
9442,85.26633351,201.7969597,1
9443,85.26633351,201.7969597,1
9444,85.26633351,201.7969597,1
9445,85.26633351,201.7969597,1
9446,85.26633351,201.7969597,1
9447,85.26633351,201.7969597,1
9448,85.26633351,201.7969597,1
9449,85.26633344,201.7969597,1
9450,85.26633344,201.7969597,1
9451,85.26633344,201.7969597,1
9452,85.26633344,201.7969597,1
9453,85.26633344,201.7969597,1
9454,85.26633344,201.7969597,1
9455,85.26633344,201.7969597,1
9456,85.26633344,201.7969597,1
9457,85.26633344,201.7969597,1
9458,85.26633344,201.7969597,1
9459,85.26633344,201.7969597,1
9460,85.26633344,201.7969597,1
9461,85.26633344,201.7969597,1
9462,85.26633344,201.7969597,1
9463,85.26633344,201.7969597,1
9464,85.26633344,201.7969597,1
9465,85.26633344,201.7969597,1
9466,85.26633344,201.7969597,1
9467,85.26633344,201.7969597,1
9468,85.26633351,201.7969597,1
9469,85.26633351,201.7969597,1
9470,85.26633351,201.7969597,1
9471,85.26633351,201.7969597,1
9472,85.26633351,201.7969597,1
9473,85.26633351,201.7969597,1
9474,85.26633351,201.7969597,1
9475,85.26633351,201.7969597,1
9476,85.26633351,201.7969597,1
9477,85.26633351,201.7969597,1
9478,85.26633351,201.7969597,1
9479,85.26633351,201.7969597,1
9480,85.26633351,201.7969597,1
9481,85.26633351,201.7969597,1
9482,85.26633358,201.7969597,1
9483,85.26633358,201.7969597,1
9484,85.26633358,201.7969597,1
9485,85.26633358,201.7969597,1
9486,85.26633358,201.7969597,1
9487,85.26633358,201.7969597,1
9488,85.26633358,201.7969597,1
9489,85.26633358,201.7969597,1
9490,85.26633358,201.7969597,1
9491,85.26633358,201.7969597,1
9492,85.26633358,201.7969597,1
9493,85.26633358,201.7969597,1
9494,85.26633358,201.7969597,1
9495,85.26633358,201.7969597,1
9496,85.26633358,201.7969597,1
9497,85.26633358,198.954749,1
9498,85.26633358,198.954749,1
9499,85.26633358,198.954749,1
9500,85.26633358,198.954749,1
9501,85.26633358,198.954749,1
9502,85.26633358,198.954749,1
9503,85.26633358,198.954749,1
9504,85.26633358,198.954749,1
9505,85.26633358,198.954749,1
9506,85.26633358,198.954749,1
9507,85.26633358,198.954749,1
9508,85.26633358,198.954749,1
9509,85.26633358,198.954749,1
9510,85.26633358,204.6391704,1
9511,85.26633358,204.6391704,1
9512,85.26633358,204.6391704,1
9513,85.26633358,204.6391704,1
9514,85.26633358,204.6391704,1
9515,85.26633358,204.6391704,1
9516,85.26633358,204.6391704,1
9517,85.26633358,204.6391704,1
9518,85.26633358,204.6391704,1
9519,85.26633358,204.6391704,1
9520,85.26633358,204.6391704,1
9521,85.26633358,204.6391704,1
9522,85.26633358,204.6391704,1
9523,85.26633358,204.6391704,1
9524,85.26633358,204.6391704,1
9525,85.26633358,204.6391704,1
9526,85.26633358,204.6391704,1
9527,85.26633358,204.6391704,1
9528,85.26633358,204.6391704,1
9529,85.26633358,204.6391704,1
9530,85.26633358,204.6391704,1
9531,85.26633358,204.6391704,1
9532,85.26633358,204.6391704,1
9533,85.26633358,204.6391704,1
9534,85.26633358,204.6391704,1
9535,85.26633358,204.6391704,1
9536,85.26633358,204.6391704,1
9537,85.26633358,204.6391704,1
9538,85.26633358,204.6391704,1
9539,85.26633358,204.6391704,1
9540,85.26633358,204.6391704,1
9541,85.26633358,204.6391704,1
9542,88.10854464,204.6391704,1
9543,88.10854464,204.6391704,1
9544,88.10854464,204.6391704,1
9545,88.10854464,204.6391704,1
9546,88.10854464,204.6391704,1
9547,88.10854464,204.6391704,1
9548,88.10854464,204.6391704,1
9549,88.10854464,204.6391704,1
9550,88.10854464,204.6391704,1
9551,88.10854464,204.6391704,1
9552,88.10854464,204.6391704,1
9553,88.10854464,204.6391704,1
9554,88.10854464,204.6391704,1
9555,88.10854464,204.6391704,1
9556,88.10854464,204.6391704,1
9557,88.10854464,204.6391704,1
9558,88.10854464,204.6391704,1
9559,88.10854464,204.6391704,1
9560,88.10854464,204.6391704,1
9561,88.10854464,204.6391704,1
9562,88.10854464,204.6391704,1
9563,88.10854464,204.6391704,1
9564,88.10854464,204.6391704,1
9565,88.10854464,204.6391704,1
9566,88.10854464,204.6391704,1
9567,88.10854464,204.6391704,1
9568,88.10854464,201.7969597,1
9569,88.10854464,201.7969597,1
9570,88.10854464,201.7969597,1
9571,88.10854464,201.7969597,1
9572,88.10854464,201.7969597,1
9573,88.10854464,201.7969597,1
9574,88.10854464,201.7969597,1
9575,88.10854464,201.7969597,1
9576,88.10854464,201.7969597,1
9577,88.10854464,201.7969597,1
9578,88.10854464,201.7969597,1
9579,88.10854464,201.7969597,1
9580,88.10854464,201.7969597,1
9581,88.10854464,201.7969597,1
9582,88.10854464,201.7969597,1
9583,88.10854464,201.7969597,1
9584,88.10854464,201.7969597,1
9585,88.10854464,201.7969597,1
9586,88.10854464,201.7969597,1
9587,88.10854464,201.7969597,1
9588,88.10854464,201.7969597,1
9589,88.10854464,201.7969597,1
9590,88.10854464,201.7969597,1
9591,88.10854464,201.7969597,1
9592,85.26633351,201.7969597,1
9593,85.26633351,201.7969597,1
9594,85.26633351,201.7969597,1
9595,85.26633351,201.7969597,1
9596,85.26633351,201.7969597,1
9597,85.26633351,201.7969597,1
9598,85.26633351,201.7969597,1
9599,85.26633351,201.7969597,1
9600,85.26633351,201.7969597,1
9601,85.26633351,201.7969597,1
9602,85.26633351,201.7969597,1
9603,85.26633351,201.7969597,1
9604,85.26633351,201.7969597,1
9605,85.26633351,201.7969597,1
9606,85.26633351,201.7969597,1
9607,85.26633351,201.7969597,1
9608,85.26633351,201.7969597,1
9609,85.26633351,201.7969597,1
9610,85.26633351,201.7969597,1
9611,85.26633351,201.7969597,1
9612,85.26633351,201.7969597,1
9613,85.26633351,201.7969597,1
9614,85.26633351,201.7969597,1
9615,85.26633351,201.7969597,1
9616,85.26633351,201.7969597,1
9617,85.26633351,201.7969597,1
9618,85.26633351,201.7969597,1
9619,85.26633351,201.7969597,1
9620,85.26633351,201.7969597,1
9621,85.26633351,201.7969597,1
9622,85.26633351,201.7969597,1
9623,85.26633351,201.7969597,1
9624,85.26633351,201.7969597,1
9625,82.42412239,201.7969597,1
9626,82.42412239,201.7969597,1
9627,82.42412239,201.7969597,1
9628,82.42412239,201.7969597,1
9629,85.26633351,201.7969597,1
9630,85.26633351,201.7969597,1
9631,85.26633351,201.7969597,1
9632,85.26633351,201.7969597,1
9633,85.26633351,201.7969597,1
9634,85.26633351,201.7969597,1
9635,85.26633351,201.7969597,1
9636,85.26633351,201.7969597,1
9637,85.26633351,201.7969597,1
9638,85.26633351,201.7969597,1
9639,85.26633351,201.7969597,1
9640,85.26633351,201.7969597,1
9641,85.26633358,201.7969597,1
9642,85.26633358,201.7969597,1
9643,85.26633358,201.7969597,1
9644,85.26633358,201.7969597,1
9645,85.26633358,201.7969597,1
9646,85.26633358,201.7969597,1
9647,85.26633358,201.7969597,1
9648,85.26633358,201.7969597,1
9649,85.26633358,204.6391704,1
9650,85.26633358,204.6391704,1
9651,85.26633358,204.6391704,1
9652,85.26633358,204.6391704,1
9653,85.26633358,204.6391704,1
9654,85.26633358,204.6391704,1
9655,85.26633358,204.6391704,1
9656,85.26633358,204.6391704,1
9657,85.26633358,204.6391704,1
9658,85.26633358,204.6391704,1
9659,85.26633358,204.6391704,1
9660,85.26633358,204.6391704,1
9661,85.26633358,204.6391704,1
9662,85.26633358,204.6391704,1
9663,85.26633358,204.6391704,1
9664,85.26633358,204.6391704,1
9665,85.26633358,204.6391704,1
9666,85.26633358,204.6391704,1
9667,85.26633358,204.6391704,1
9668,85.26633358,204.6391704,1
9669,85.26633358,204.6391704,1
9670,85.26633358,204.6391704,1
9671,85.26633358,204.6391704,1
9672,85.26633358,204.6391704,1
9673,85.26633358,204.6391704,1
9674,85.26633358,204.6391704,1
9675,85.26633358,204.6391704,1
9676,85.26633358,204.6391704,1
9677,85.26633358,204.6391704,1
9678,85.26633358,204.6391704,1
9679,85.26633358,204.6391704,1
9680,85.26633358,204.6391704,1
9681,85.26633358,204.6391704,1
9682,85.26633358,204.6391704,1
9683,85.26633358,204.6391704,1
9684,85.26633358,204.6391704,1
9685,85.26633358,204.6391704,1
9686,85.26633358,204.6391704,1
9687,85.26633358,204.6391704,1
9688,85.26633358,204.6391704,1
9689,85.26633358,204.6391704,1
9690,85.26633358,204.6391704,1
9691,85.26633358,204.6391704,1
9692,85.26633358,204.6391704,1
9693,85.26633358,204.6391704,1
9694,85.26633358,204.6391704,1
9695,85.26633358,204.6391704,1
9696,88.10854471,204.6391704,1
9697,88.10854471,204.6391704,1
9698,88.10854471,204.6391704,1
9699,88.10854471,201.7969597,1
9700,88.10854471,201.7969597,1
9701,88.10854471,201.7969597,1
9702,88.10854471,201.7969597,1
9703,88.10854471,201.7969597,1
9704,88.10854471,201.7969597,1
9705,88.10854471,201.7969597,1
9706,88.10854471,201.7969597,1
9707,88.10854471,201.7969597,1
9708,88.10854471,201.7969597,1
9709,88.10854471,201.7969597,1
9710,88.10854471,201.7969597,1
9711,88.10854471,201.7969597,1
9712,88.10854471,201.7969597,1
9713,88.10854471,201.7969597,1
9714,88.10854471,201.7969597,1
9715,88.10854471,201.7969597,1
9716,88.10854471,201.7969597,1
9717,88.10854471,201.7969597,1
9718,88.10854471,201.7969597,1
9719,88.10854471,201.7969597,1
9720,88.10854471,201.7969597,1
9721,88.10854471,201.7969597,1
9722,88.10854471,201.7969597,1
9723,88.10854471,201.7969597,1
9724,88.10854471,201.7969597,1
9725,88.10854471,201.7969597,1
9726,88.10854471,201.7969597,1
9727,88.10854471,201.7969597,1
9728,88.10854471,201.7969597,1
9729,88.10854471,201.7969597,1
9730,88.10854471,201.7969597,1
9731,88.10854471,201.7969597,1
9732,88.10854471,201.7969597,1
9733,88.10854471,201.7969597,1
9734,88.10854471,201.7969597,1
9735,88.10854471,201.7969597,1
9736,88.10854471,201.7969597,1
9737,88.10854471,201.7969597,1
9738,88.10854471,201.7969597,1
9739,88.10854471,201.7969597,1
9740,88.10854471,201.7969597,1
9741,88.10854471,201.7969597,1
9742,88.10854471,201.7969597,1
9743,88.10854471,201.7969597,1
9744,88.10854471,201.7969597,1
9745,88.10854471,201.7969597,1
9746,85.26633358,201.7969597,1
9747,85.26633358,201.7969597,1
9748,85.26633358,201.7969597,1
9749,85.26633344,201.7969597,1
9750,85.26633344,201.7969597,1
9751,85.26633344,201.7969597,1
9752,85.26633344,201.7969597,1
9753,85.26633344,201.7969597,1
9754,85.26633344,201.7969597,1
9755,85.26633344,201.7969597,1
9756,85.26633344,201.7969597,1
9757,85.26633344,201.7969597,1
9758,85.26633344,201.7969597,1
9759,85.26633344,201.7969597,1
9760,85.26633344,201.7969597,1
9761,85.26633344,201.7969597,1
9762,85.26633344,201.7969597,1
9763,85.26633344,201.7969597,1
9764,85.26633344,204.6391704,1
9765,85.26633344,204.6391704,1
9766,85.26633344,204.6391704,1
9767,85.26633344,204.6391704,1
9768,85.26633344,204.6391704,1
9769,85.26633344,204.6391704,1
9770,85.26633344,204.6391704,1
9771,85.26633344,204.6391704,1
9772,85.26633344,204.6391704,1
9773,85.26633344,204.6391704,1
9774,85.26633344,204.6391704,1
9775,85.26633344,204.6391704,1
9776,85.26633344,204.6391704,1
9777,85.26633344,204.6391704,1
9778,85.26633344,204.6391704,1
9779,85.26633344,204.6391704,1
9780,85.26633344,204.6391704,1
9781,85.26633344,204.6391704,1
9782,85.26633344,204.6391704,1
9783,85.26633344,204.6391704,1
9784,85.26633344,204.6391704,1
9785,85.26633344,204.6391704,1
9786,85.26633344,204.6391704,1
9787,85.26633358,204.6391704,1
9788,85.26633358,204.6391704,1
9789,85.26633358,204.6391704,1
9790,85.26633358,204.6391704,1
9791,85.26633358,204.6391704,1
9792,85.26633358,204.6391704,1
9793,85.26633358,204.6391704,1
9794,85.26633358,204.6391704,1
9795,85.26633358,204.6391704,1
9796,85.26633358,204.6391704,1
9797,85.26633358,204.6391704,1
9798,85.26633358,204.6391704,1
9799,85.26633358,204.6391704,1
9800,85.26633358,204.6391704,1
9801,85.26633358,204.6391704,1
9802,85.26633358,204.6391704,1
9803,85.26633358,204.6391704,1
9804,85.26633358,204.6391704,1
9805,85.26633358,204.6391704,1
9806,85.26633358,204.6391704,1
9807,85.26633358,204.6391704,1
9808,85.26633358,204.6391704,1
9809,85.26633358,204.6391704,1
9810,85.26633358,204.6391704,1
9811,85.26633358,204.6391704,1
9812,85.26633358,204.6391704,1
9813,85.26633358,204.6391704,1
9814,85.26633358,204.6391704,1
9815,85.26633358,204.6391704,1
9816,85.26633358,204.6391704,1
9817,85.26633358,204.6391704,1
9818,85.26633358,204.6391704,1
9819,85.26633358,204.6391704,1
9820,85.26633358,204.6391704,1
9821,85.26633358,204.6391704,1
9822,85.26633358,204.6391704,1
9823,85.26633358,204.6391704,1
9824,85.26633358,204.6391704,1
9825,85.26633358,204.6391704,1
9826,85.26633358,204.6391704,1
9827,85.26633358,204.6391704,1
9828,85.26633358,204.6391704,1
9829,85.26633358,204.6391704,1
9830,85.26633358,204.6391704,1
9831,85.26633358,204.6391704,1
9832,85.26633358,204.6391704,1
9833,85.26633358,204.6391704,1
9834,85.26633358,204.6391704,1
9835,85.26633358,204.6391704,1
9836,85.26633358,204.6391704,1
9837,85.26633358,204.6391704,1
9838,85.26633358,204.6391704,1
9839,85.26633358,204.6391704,1
9840,85.26633358,204.6391704,1
9841,85.26633358,204.6391704,1
9842,85.26633358,204.6391704,1
9843,85.26633358,204.6391704,1
9844,85.26633358,204.6391704,1
9845,82.42412246,204.6391704,1
9846,82.42412246,204.6391704,1
9847,82.42412246,204.6391704,1
9848,82.42412246,204.6391704,1
9849,82.42412246,204.6391704,1
9850,82.42412246,204.6391704,1
9851,82.42412246,204.6391704,1
9852,82.42412246,204.6391704,1
9853,82.42412246,204.6391704,1
9854,82.42412246,204.6391704,1
9855,82.42412246,204.6391704,1
9856,82.42412246,204.6391704,1
9857,82.42412246,204.6391704,1
9858,82.42412246,204.6391704,1
9859,82.42412246,204.6391704,1
9860,82.42412246,204.6391704,1
9861,82.42412246,204.6391704,1
9862,82.42412246,204.6391704,1
9863,82.42412246,204.6391704,1
9864,82.42412246,204.6391704,1
9865,82.42412246,204.6391704,1
9866,82.42412246,204.6391704,1
9867,82.42412246,204.6391704,1
9868,82.42412246,204.6391704,1
9869,82.42412246,204.6391704,1
9870,82.42412246,204.6391704,1
9871,82.42412246,204.6391704,1
9872,82.42412246,204.6391704,1
9873,82.42412246,204.6391704,1
9874,82.42412246,201.7969597,1
9875,82.42412246,201.7969597,1
9876,82.42412246,201.7969597,1
9877,82.42412246,201.7969597,1
9878,85.26633344,201.7969597,1
9879,85.26633344,201.7969597,1
9880,85.26633344,201.7969597,1
9881,85.26633344,201.7969597,1
9882,85.26633344,201.7969597,1
9883,85.26633344,201.7969597,1
9884,85.26633344,201.7969597,1
9885,85.26633344,201.7969597,1
9886,85.26633344,201.7969597,1
9887,85.26633344,201.7969597,1
9888,85.26633344,201.7969597,1
9889,85.26633344,201.7969597,1
9890,85.26633344,201.7969597,1
9891,85.26633344,201.7969597,1
9892,85.26633344,201.7969597,1
9893,85.26633344,204.6391704,1
9894,85.26633344,204.6391704,1
9895,85.26633344,204.6391704,1
9896,85.26633344,204.6391704,1
9897,85.26633344,204.6391704,1
9898,85.26633344,204.6391704,1
9899,85.26633344,204.6391704,1
9900,85.26633344,204.6391704,1
9901,85.26633344,204.6391704,1
9902,85.26633344,204.6391704,1
9903,85.26633344,204.6391704,1
9904,85.26633344,204.6391704,1
9905,85.26633344,204.6391704,1
9906,85.26633344,204.6391704,1
9907,85.26633344,204.6391704,1
9908,85.26633344,204.6391704,1
9909,85.26633344,204.6391704,1
9910,85.26633344,204.6391704,1
9911,85.26633344,204.6391704,1
9912,85.26633344,204.6391704,1
9913,85.26633344,204.6391704,1
9914,85.26633344,204.6391704,1
9915,85.26633344,204.6391704,1
9916,85.26633344,204.6391704,1
9917,85.26633344,204.6391704,1
9918,85.26633344,204.6391704,1
9919,85.26633344,204.6391704,1
9920,85.26633344,204.6391704,1
9921,85.26633358,204.6391704,1
9922,85.26633358,204.6391704,1
9923,85.26633358,204.6391704,1
9924,85.26633358,204.6391704,1
9925,85.26633358,204.6391704,1
9926,85.26633358,204.6391704,1
9927,85.26633358,204.6391704,1
9928,85.26633358,204.6391704,1
9929,85.26633358,204.6391704,1
9930,85.26633358,204.6391704,1
9931,85.26633358,204.6391704,1
9932,85.26633358,204.6391704,1
9933,85.26633358,204.6391704,1
9934,85.26633358,204.6391704,1
9935,85.26633358,204.6391704,1
9936,85.26633358,204.6391704,1
9937,85.26633358,204.6391704,1
9938,85.26633358,204.6391704,1
9939,85.26633358,204.6391704,1
9940,85.26633358,204.6391704,1
9941,85.26633358,204.6391704,1
9942,85.26633358,204.6391704,1
9943,85.26633358,204.6391704,1
9944,85.26633358,204.6391704,1
9945,85.26633358,204.6391704,1
9946,85.26633358,204.6391704,1
9947,85.26633358,204.6391704,1
9948,85.26633358,204.6391704,1
9949,85.26633358,204.6391704,1
9950,85.26633358,204.6391704,1
9951,85.26633358,204.6391704,1
9952,85.26633358,204.6391704,1
9953,85.26633358,204.6391704,1
9954,85.26633358,204.6391704,1
9955,85.26633358,204.6391704,1
9956,85.26633358,204.6391704,1
9957,85.26633358,204.6391704,1
9958,85.26633358,204.6391704,1
9959,85.26633358,204.6391704,1
9960,85.26633358,204.6391704,1
9961,85.26633358,204.6391704,1
9962,85.26633358,204.6391704,1
9963,85.26633358,204.6391704,1
9964,85.26633358,204.6391704,1
9965,85.26633358,204.6391704,1
9966,85.26633358,204.6391704,1
9967,85.26633358,204.6391704,1
9968,85.26633358,204.6391704,1
9969,85.26633358,204.6391704,1
9970,85.26633358,204.6391704,1
9971,85.26633344,204.6391704,1
9972,85.26633344,204.6391704,1
9973,85.26633344,204.6391704,1
9974,85.26633344,204.6391704,1
9975,85.26633344,204.6391704,1
9976,85.26633344,204.6391704,1
9977,85.26633344,204.6391704,1
9978,85.26633344,204.6391704,1
9979,85.26633344,204.6391704,1
9980,85.26633344,204.6391704,1
9981,85.26633344,204.6391704,1
9982,85.26633344,201.7969597,1
9983,85.26633344,201.7969597,1
9984,85.26633344,201.7969597,1
9985,85.26633344,201.7969597,1
9986,85.26633344,201.7969597,1
9987,85.26633344,201.7969597,1
9988,85.26633358,201.7969597,1
9989,85.26633358,201.7969597,1
9990,85.26633358,201.7969597,1
9991,85.26633358,201.7969597,1
9992,85.26633358,201.7969597,1
9993,85.26633358,201.7969597,1
9994,85.26633358,201.7969597,1
9995,85.26633358,201.7969597,1
9996,85.26633358,201.7969597,1
9997,85.26633358,201.7969597,1
9998,85.26633358,201.7969597,1
9999,85.26633358,201.7969597,1
10000,85.26633358,201.7969597,1
10001,85.26633358,201.7969597,1
10002,85.26633358,201.7969597,1
10003,85.26633358,201.7969597,1
10004,85.26633358,201.7969597,1
10005,85.26633358,201.7969597,1
10006,85.26633358,201.7969597,1
10007,85.26633358,201.7969597,1
10008,85.26633358,201.7969597,1
10009,85.26633358,201.7969597,1
10010,85.26633358,201.7969597,1
10011,85.26633358,201.7969597,1
10012,85.26633358,201.7969597,1
10013,85.26633358,201.7969597,1
10014,85.26633358,201.7969597,1
10015,85.26633358,201.7969597,1
10016,85.26633358,201.7969597,1
10017,85.26633358,201.7969597,1
10018,85.26633358,201.7969597,1
10019,85.26633358,201.7969597,1
10020,85.26633358,201.7969597,1
10021,85.26633358,201.7969597,1
10022,85.26633358,201.7969597,1
10023,85.26633358,201.7969597,1
10024,85.26633358,201.7969597,1
10025,85.26633358,201.7969597,1
10026,85.26633358,204.6391704,1
10027,85.26633358,204.6391704,1
10028,85.26633358,204.6391704,1
10029,85.26633358,204.6391704,1
10030,85.26633358,204.6391704,1
10031,85.26633358,204.6391704,1
10032,85.26633358,204.6391704,1
10033,85.26633358,204.6391704,1
10034,85.26633358,204.6391704,1
10035,85.26633358,204.6391704,1
10036,85.26633358,204.6391704,1
10037,85.26633358,204.6391704,1
10038,85.26633344,204.6391704,1
10039,85.26633344,204.6391704,1
10040,85.26633344,204.6391704,1
10041,85.26633344,204.6391704,1
10042,85.26633344,204.6391704,1
10043,85.26633344,204.6391704,1
10044,85.26633344,204.6391704,1
10045,85.26633344,204.6391704,1
10046,85.26633344,204.6391704,1
10047,85.26633344,204.6391704,1
10048,82.42412246,204.6391704,1
10049,82.42412246,204.6391704,1
10050,82.42412246,204.6391704,1
10051,82.42412246,204.6391704,1
10052,82.42412246,204.6391704,1
10053,82.42412246,204.6391704,1
10054,82.42412246,204.6391704,1
10055,82.42412246,204.6391704,1
10056,82.42412246,204.6391704,1
10057,82.42412246,204.6391704,1
10058,82.42412246,204.6391704,1
10059,82.42412246,204.6391704,1
10060,82.42412246,204.6391704,1
10061,82.42412246,204.6391704,1
10062,82.42412246,204.6391704,1
10063,82.42412246,204.6391704,1
10064,82.42412246,204.6391704,1
10065,82.42412246,204.6391704,1
10066,82.42412246,204.6391704,1
10067,82.42412246,204.6391704,1
10068,82.42412246,204.6391704,1
10069,82.42412246,204.6391704,1
10070,82.42412246,204.6391704,1
10071,82.42412246,204.6391704,1
10072,82.42412246,204.6391704,1
10073,82.42412246,204.6391704,1
10074,82.42412246,204.6391704,1
10075,82.42412246,204.6391704,1
10076,82.42412246,201.7969597,1
10077,82.42412246,201.7969597,1
10078,82.42412246,201.7969597,1
10079,82.42412246,201.7969597,1
10080,82.42412239,201.7969597,1
10081,82.42412239,201.7969597,1
10082,82.42412239,201.7969597,1
10083,82.42412239,201.7969597,1
10084,82.42412239,201.7969597,1
10085,82.42412239,201.7969597,1
10086,82.42412239,201.7969597,1
10087,82.42412239,201.7969597,1
10088,82.42412239,201.7969597,1
10089,82.42412239,201.7969597,1
10090,82.42412239,201.7969597,1
10091,82.42412239,201.7969597,1
10092,82.42412239,201.7969597,1
10093,82.42412239,201.7969597,1
10094,82.42412239,201.7969597,1
10095,82.42412239,201.7969597,1
10096,82.42412239,201.7969597,1
10097,82.42412239,201.7969597,1
10098,82.42412239,201.7969597,1
10099,82.42412239,201.7969597,1
10100,82.42412239,201.7969597,1
10101,82.42412239,201.7969597,1
10102,82.42412239,201.7969597,1
10103,82.42412232,201.7969597,1
10104,82.42412232,201.7969597,1
10105,82.42412232,201.7969597,1
10106,82.42412246,201.7969597,1
10107,82.42412246,201.7969597,1
10108,82.42412246,201.7969597,1
10109,85.26633344,201.7969597,1
10110,85.26633344,201.7969597,1
10111,85.26633344,201.7969597,1
10112,85.26633344,201.7969597,1
10113,85.26633344,201.7969597,1
10114,85.26633344,204.6391704,1
10115,85.26633344,204.6391704,1
10116,85.26633344,204.6391704,1
10117,85.26633344,204.6391704,1
10118,85.26633344,204.6391704,1
10119,85.26633344,204.6391704,1
10120,85.26633344,204.6391704,1
10121,85.26633344,204.6391704,1
10122,85.26633344,204.6391704,1
10123,85.26633344,204.6391704,1
10124,85.26633344,204.6391704,1
10125,85.26633344,204.6391704,1
10126,85.26633344,204.6391704,1
10127,85.26633344,204.6391704,1
10128,85.26633344,204.6391704,1
10129,85.26633344,204.6391704,1
10130,85.26633344,204.6391704,1
10131,85.26633344,204.6391704,1
10132,85.26633344,204.6391704,1
10133,85.26633344,204.6391704,1
10134,85.26633344,204.6391704,1
10135,85.26633344,204.6391704,1
10136,85.26633344,204.6391704,1
10137,85.26633344,204.6391704,1
10138,85.26633344,204.6391704,1
10139,85.26633344,204.6391704,1
10140,85.26633344,204.6391704,1
10141,85.26633344,204.6391704,1
10142,85.26633344,204.6391704,1
10143,85.26633344,204.6391704,1
10144,85.26633344,204.6391704,1
10145,85.26633344,204.6391704,1
10146,85.26633344,204.6391704,1
10147,85.26633344,204.6391704,1
10148,85.26633344,204.6391704,1
10149,85.26633344,204.6391704,1
10150,85.26633344,204.6391704,1
10151,85.26633344,204.6391704,1
10152,85.26633344,204.6391704,1
10153,85.26633344,204.6391704,1
10154,85.26633344,204.6391704,1
10155,85.26633344,204.6391704,1
10156,85.26633344,204.6391704,1
10157,85.26633344,204.6391704,1
10158,85.26633344,204.6391704,1
10159,85.26633344,204.6391704,1
10160,85.26633344,204.6391704,1
10161,85.26633344,204.6391704,1
10162,85.26633344,204.6391704,1
10163,85.26633344,204.6391704,1
10164,85.26633344,204.6391704,1
10165,85.26633344,204.6391704,1
10166,85.26633344,204.6391704,1
10167,85.26633344,204.6391704,1
10168,85.26633344,204.6391704,1
10169,85.26633344,204.6391704,1
10170,85.26633344,204.6391704,1
10171,82.42412246,204.6391704,1
10172,82.42412246,204.6391704,1
10173,82.42412246,204.6391704,1
10174,82.42412246,204.6391704,1
10175,82.42412246,204.6391704,1
10176,82.42412246,204.6391704,1
10177,82.42412246,201.7969597,1
10178,82.42412246,201.7969597,1
10179,82.42412246,201.7969597,1
10180,82.42412246,201.7969597,1
10181,82.42412246,201.7969597,1
10182,82.42412246,201.7969597,1
10183,82.42412246,204.6391704,1
10184,82.42412246,204.6391704,1
10185,82.42412246,204.6391704,1
10186,82.42412246,204.6391704,1
10187,82.42412246,204.6391704,1
10188,82.42412246,204.6391704,1
10189,82.42412246,204.6391704,1
10190,82.42412246,204.6391704,1
10191,82.42412246,204.6391704,1
10192,82.42412246,204.6391704,1
10193,82.42412246,204.6391704,1
10194,82.42412246,204.6391704,1
10195,82.42412246,204.6391704,1
10196,82.42412232,204.6391704,1
10197,82.42412232,204.6391704,1
10198,82.42412232,204.6391704,1
10199,82.42412232,204.6391704,1
10200,82.42412232,204.6391704,1
10201,82.42412232,204.6391704,1
10202,82.42412232,204.6391704,1
10203,82.42412232,204.6391704,1
10204,82.42412232,204.6391704,1
10205,82.42412232,204.6391704,1
10206,82.42412232,204.6391704,1
10207,82.42412232,204.6391704,1
10208,82.42412232,204.6391704,1
10209,82.42412232,204.6391704,1
10210,82.42412232,204.6391704,1
10211,82.42412232,204.6391704,1
10212,82.42412232,204.6391704,1
10213,82.42412232,204.6391704,1
10214,82.42412232,204.6391704,1
10215,82.42412232,204.6391704,1
10216,82.42412232,204.6391704,1
10217,82.42412232,204.6391704,1
10218,82.42412239,204.6391704,1
10219,82.42412239,204.6391704,1
10220,82.42412239,204.6391704,1
10221,82.42412239,204.6391704,1
10222,82.42412239,204.6391704,1
10223,82.42412239,204.6391704,1
10224,82.42412239,204.6391704,1
10225,82.42412239,204.6391704,1
10226,82.42412239,204.6391704,1
10227,82.42412239,204.6391704,1
10228,82.42412239,204.6391704,1
10229,82.42412239,204.6391704,1
10230,85.26633358,204.6391704,1
10231,85.26633358,204.6391704,1
10232,85.26633358,204.6391704,1
10233,85.26633358,204.6391704,1
10234,85.26633358,204.6391704,1
10235,85.26633358,204.6391704,1
10236,85.26633358,204.6391704,1
10237,85.26633358,204.6391704,1
10238,85.26633358,204.6391704,1
10239,85.26633358,204.6391704,1
10240,85.26633358,204.6391704,1
10241,85.26633358,204.6391704,1
10242,85.26633358,204.6391704,1
10243,85.26633358,204.6391704,1
10244,85.26633358,204.6391704,1
10245,85.26633358,204.6391704,1
10246,85.26633358,204.6391704,1
10247,85.26633358,204.6391704,1
10248,85.26633358,204.6391704,1
10249,85.26633358,204.6391704,1
10250,85.26633358,204.6391704,1
10251,85.26633358,204.6391704,1
10252,85.26633358,204.6391704,1
10253,85.26633358,204.6391704,1
10254,85.26633358,204.6391704,1
10255,85.26633358,201.7969597,1
10256,85.26633358,201.7969597,1
10257,85.26633358,201.7969597,1
10258,85.26633358,201.7969597,1
10259,85.26633358,201.7969597,1
10260,85.26633358,201.7969597,1
10261,85.26633358,201.7969597,1
10262,85.26633358,201.7969597,1
10263,85.26633358,201.7969597,1
10264,85.26633358,201.7969597,1
10265,85.26633358,201.7969597,1
10266,85.26633358,201.7969597,1
10267,85.26633358,201.7969597,1
10268,85.26633358,201.7969597,1
10269,85.26633358,201.7969597,1
10270,85.26633358,201.7969597,1
10271,85.26633358,201.7969597,1
10272,85.26633358,201.7969597,1
10273,85.26633358,201.7969597,1
10274,85.26633358,201.7969597,1
10275,85.26633358,201.7969597,1
10276,85.26633358,201.7969597,1
10277,85.26633358,201.7969597,1
10278,85.26633358,201.7969597,1
10279,85.26633358,201.7969597,1
10280,82.42412232,201.7969597,1
10281,82.42412232,201.7969597,1
10282,82.42412232,201.7969597,1
10283,82.42412232,201.7969597,1
10284,82.42412232,201.7969597,1
10285,82.42412232,201.7969597,1
10286,82.42412232,201.7969597,1
10287,82.42412232,201.7969597,1
10288,82.42412232,201.7969597,1
10289,82.42412232,201.7969597,1
10290,82.42412232,201.7969597,1
10291,82.42412232,201.7969597,1
10292,82.42412232,201.7969597,1
10293,82.42412232,201.7969597,1
10294,82.42412232,201.7969597,1
10295,82.42412232,201.7969597,1
10296,76.73970021,201.7969597,1
