,Voltage,Current,Action
0,22.73768892,2.8422107,0
1,25.57990005,5.6844214,0
2,31.2643223,19.8954749,0
3,31.2643223,19.8954749,0
4,31.2643223,25.5798963,0
5,31.2643223,31.2643177,0
6,39.79095567,31.2643177,0
7,54.00201129,31.2643177,0
8,54.00201129,31.2643177,0
9,54.00201129,42.6331605,0
10,68.21306684,42.6331605,0
11,68.21306684,42.6331605,0
12,68.21306684,42.6331605,0
13,68.21306684,42.6331605,0
14,68.21306684,42.6331605,0
15,68.21306684,42.6331605,0
16,68.21306684,42.6331605,0
17,71.05527796,42.6331605,0
18,71.05527796,42.6331605,0
19,71.05527796,42.6331605,0
20,71.05527796,42.6331605,0
21,71.05527796,42.6331605,0
22,79.58191134,42.6331605,0
23,79.58191134,42.6331605,0
24,79.58191134,45.4753712,0
25,79.58191134,45.4753712,0
26,79.58191134,45.4753712,0
27,79.58191134,45.4753712,0
28,79.58191134,45.4753712,0
29,82.42412246,45.4753712,0
30,82.42412246,45.4753712,0
31,82.42412246,45.4753712,0
32,82.42412246,45.4753712,0
33,82.42412246,45.4753712,0
34,82.42412246,45.4753712,0
35,82.42412246,45.4753712,0
36,82.42412246,45.4753712,0
37,82.42412246,45.4753712,0
38,82.42412246,45.4753712,0
39,82.42412246,45.4753712,0
40,82.42412246,48.3175819,0
41,82.42412246,48.3175819,0
42,82.42412246,48.3175819,0
43,82.42412246,48.3175819,0
44,82.42412246,48.3175819,0
45,82.42412246,48.3175819,0
46,82.42412246,48.3175819,0
47,82.42412246,48.3175819,0
48,82.42412246,48.3175819,0
49,82.42412246,48.3175819,0
50,82.42412246,48.3175819,0
51,82.42412246,48.3175819,0
52,82.42412246,48.3175819,0
53,82.42412246,48.3175819,0
54,82.42412246,48.3175819,0
55,82.42412246,48.3175819,0
56,82.42412246,48.3175819,0
57,82.42412246,48.3175819,0
58,82.42412246,48.3175819,0
59,82.42412246,48.3175819,0
60,82.42412246,48.3175819,0
61,82.42412246,48.3175819,0
62,82.42412246,48.3175819,0
63,82.42412246,48.3175819,0
64,82.42412246,48.3175819,0
65,82.42412246,48.3175819,0
66,82.42412246,48.3175819,0
67,82.42412246,48.3175819,0
68,82.42412246,48.3175819,0
69,82.42412246,48.3175819,0
70,82.42412246,48.3175819,0
71,82.42412246,48.3175819,0
72,82.42412246,48.3175819,0
73,82.42412246,48.3175819,0
74,82.42412246,48.3175819,0
75,82.42412246,48.3175819,0
76,82.42412246,48.3175819,0
77,82.42412246,51.1597926,0
78,82.42412246,51.1597926,0
79,82.42412246,51.1597926,0
80,96.63517808,51.1597926,0
81,96.63517808,51.1597926,0
82,96.63517808,51.1597926,0
83,96.63517808,51.1597926,0
84,96.63517808,59.6864247,0
85,99.47738921,59.6864247,0
86,99.47738921,59.6864247,0
87,99.47738921,59.6864247,0
88,99.47738921,59.6864247,0
89,99.47738921,59.6864247,0
90,99.47738921,71.0552675,0
91,99.47738921,71.0552675,0
92,110.8462336,71.0552675,0
93,113.6884448,73.8974782,0
94,113.6884448,73.8974782,0
95,113.6884448,79.5818996,0
96,113.6884448,79.5818996,0
97,113.6884448,82.4241103,0
98,113.6884448,82.4241103,0
99,113.6884448,82.4241103,0
100,113.6884448,88.1085317,0
101,116.5306559,88.1085317,0
102,139.2683449,88.1085317,0
103,139.2683449,88.1085317,0
104,139.2683449,88.1085317,0
105,139.2683449,88.1085317,0
106,139.2683449,88.1085317,0
107,139.2683449,93.7929531,0
108,142.110556,93.7929531,0
109,142.110556,93.7929531,0
110,142.110556,93.7929531,0
111,142.110556,93.7929531,0
112,142.110556,93.7929531,0
113,142.110556,93.7929531,0
114,142.110556,93.7929531,0
115,142.110556,93.7929531,0
116,142.110556,93.7929531,0
117,142.110556,93.7929531,0
118,142.110556,93.7929531,0
119,142.110556,96.6351638,0
120,142.110556,96.6351638,0
121,142.110556,96.6351638,0
122,142.110556,96.6351638,0
123,142.110556,96.6351638,0
124,142.110556,96.6351638,0
125,142.110556,102.3195852,0
126,142.110556,102.3195852,0
127,142.110556,102.3195852,0
128,142.110556,102.3195852,0
129,142.110556,102.3195852,0
130,142.110556,102.3195852,0
131,142.110556,102.3195852,0
132,142.110556,102.3195852,0
133,142.110556,102.3195852,0
134,142.110556,102.3195852,0
135,142.110556,102.3195852,0
136,142.110556,102.3195852,0
137,142.110556,102.3195852,0
138,142.110556,102.3195852,0
139,142.110556,102.3195852,0
140,142.110556,102.3195852,0
141,142.110556,102.3195852,0
142,142.110556,102.3195852,0
143,142.110556,102.3195852,0
144,142.110556,102.3195852,0
145,142.110556,102.3195852,0
146,142.110556,102.3195852,0
147,142.110556,102.3195852,0
148,142.110556,102.3195852,0
149,142.110556,102.3195852,0
150,142.110556,102.3195852,0
151,142.110556,102.3195852,0
152,142.110556,102.3195852,0
153,142.110556,102.3195852,0
154,142.110556,102.3195852,0
155,142.110556,102.3195852,0
156,142.110556,102.3195852,0
157,142.110556,102.3195852,0
158,130.7417115,102.3195852,0
159,130.7417115,102.3195852,0
160,130.7417115,102.3195852,0
161,130.7417115,102.3195852,0
162,130.7417115,102.3195852,0
163,130.7417115,102.3195852,0
164,130.7417115,102.3195852,0
165,130.7417115,102.3195852,0
166,130.7417115,102.3195852,0
167,130.7417115,102.3195852,0
168,130.7417115,102.3195852,0
169,127.8995004,102.3195852,0
170,127.8995004,102.3195852,0
171,127.8995004,102.3195852,0
172,127.8995004,102.3195852,0
173,127.8995004,102.3195852,0
174,127.8995004,102.3195852,0
175,127.8995004,102.3195852,0
176,127.8995004,102.3195852,0
177,127.8995004,102.3195852,0
178,125.0572893,102.3195852,0
179,125.0572893,102.3195852,0
180,116.5306559,102.3195852,0
181,116.5306559,102.3195852,0
182,116.5306559,102.3195852,0
183,113.6884448,102.3195852,0
184,113.6884448,102.3195852,0
185,113.6884448,102.3195852,0
186,113.6884448,102.3195852,0
187,108.0040225,102.3195852,0
188,108.0040226,102.3195852,0
189,108.0040226,102.3195852,0
190,108.0040226,96.6351638,0
191,108.0040226,96.6351638,0
192,108.0040226,96.6351638,0
193,108.0040226,96.6351638,0
194,108.0040226,108.0040066,0
195,108.0040226,116.5306387,0
196,108.0040226,116.5306387,0
197,108.0040226,116.5306387,0
198,108.0040226,116.5306387,0
199,113.6884448,116.5306387,0
200,116.5306559,116.5306387,0
201,116.5306559,116.5306387,0
202,116.5306559,116.5306387,0
203,127.8995004,116.5306387,0
204,127.8995004,116.5306387,0
205,127.8995004,122.2150601,0
206,127.8995004,122.2150601,0
207,127.8995004,122.2150601,0
208,127.8995004,122.2150601,0
209,127.8995004,122.2150601,0
210,127.8995004,122.2150601,0
211,127.8995004,122.2150601,0
212,127.8995004,122.2150601,0
213,127.8995004,122.2150601,0
214,127.8995004,122.2150601,0
215,127.8995004,130.7416922,0
216,127.8995004,130.7416922,0
217,127.8995004,130.7416922,0
218,127.8995004,133.5839029,0
219,142.110556,133.5839029,0
220,142.110556,133.5839029,0
221,142.110556,136.4261136,0
222,142.110556,136.4261136,0
223,142.110556,136.4261136,0
224,142.110556,136.4261136,0
225,147.7949782,136.4261136,0
226,147.7949782,136.4261136,0
227,147.7949782,136.4261136,0
228,147.7949782,136.4261136,0
229,147.7949782,136.4261136,0
230,147.7949782,136.4261136,0
231,147.7949782,136.4261136,0
232,147.7949782,136.4261136,0
233,147.7949782,136.4261136,0
234,147.7949782,153.4793778,0
235,147.7949782,153.4793778,0
236,147.7949782,153.4793778,0
237,147.7949782,153.4793778,0
238,147.7949782,153.4793778,0
239,150.6371893,153.4793778,0
240,150.6371893,153.4793778,0
241,150.6371893,153.4793778,0
242,150.6371893,153.4793778,0
243,150.6371893,162.0060099,0
244,150.6371893,162.0060099,0
245,150.6371893,164.8482206,0
246,167.690456,164.8482206,0
247,167.690456,164.8482206,0
248,167.690456,164.8482206,0
249,167.690456,164.8482206,0
250,167.690456,164.8482206,0
251,167.690456,164.8482206,0
252,167.690456,170.532642,0
253,167.690456,170.532642,0
254,167.690456,170.532642,0
255,167.690456,170.532642,0
256,167.690456,170.532642,0
257,167.690456,170.532642,0
258,167.690456,170.532642,0
259,167.690456,170.532642,0
260,167.690456,170.532642,0
261,167.690456,170.532642,0
262,167.690456,173.3748527,0
263,167.690456,173.3748527,0
264,167.690456,173.3748527,0
265,173.3748783,173.3748527,0
266,173.3748783,173.3748527,0
267,173.3748783,181.9014848,0
268,173.3748783,181.9014848,0
269,173.3748783,181.9014848,0
270,173.3748783,181.9014848,0
271,179.0593005,181.9014848,0
272,179.0593005,181.9014848,0
273,179.0593005,181.9014848,0
274,181.9015116,181.9014848,0
275,181.9015116,181.9014848,0
276,181.9015116,181.9014848,0
277,181.9015116,181.9014848,0
278,181.9015116,187.5859062,0
279,181.9015116,190.4281169,0
280,184.7437228,190.4281169,0
281,184.7437228,190.4281169,0
282,184.7437228,190.4281169,0
283,193.2703562,190.4281169,0
284,193.2703562,190.4281169,0
285,193.2703562,190.4281169,0
286,193.2703562,190.4281169,0
287,193.2703562,190.4281169,0
288,193.2703562,190.4281169,0
289,193.2703562,190.4281169,0
290,193.2703562,190.4281169,0
291,193.2703562,190.4281169,0
292,193.2703562,190.4281169,0
293,193.2703562,190.4281169,0
294,193.2703562,190.4281169,0
295,193.2703562,190.4281169,0
296,193.2703562,204.6391704,0
297,193.2703562,204.6391704,0
298,193.2703562,204.6391704,0
299,193.2703562,207.4813811,0
300,193.2703562,207.4813811,0
301,204.6392006,207.4813811,0
302,204.6392006,207.4813811,0
303,204.6392006,207.4813811,0
304,204.6392006,207.4813811,0
305,207.4814117,207.4813811,0
306,207.4814117,207.4813811,0
307,207.4814117,207.4813811,0
308,207.4814117,207.4813811,0
309,207.4814117,207.4813811,0
310,207.4814117,207.4813811,0
311,207.4814117,207.4813811,0
312,207.4814117,207.4813811,0
313,207.4814117,207.4813811,0
314,207.4814117,210.3235918,0
315,207.4814117,210.3235918,0
316,207.4814117,210.3235918,0
317,207.4814117,213.1658025,0
318,207.4814117,213.1658025,0
319,207.4814117,213.1658025,0
320,207.4814117,213.1658025,0
321,207.4814117,213.1658025,0
322,207.4814117,213.1658025,0
323,210.3236228,213.1658025,0
324,210.3236228,213.1658025,0
325,210.3236228,213.1658025,0
326,210.3236228,213.1658025,0
327,210.3236228,213.1658025,0
328,210.3236228,213.1658025,0
329,210.3236228,213.1658025,0
330,210.3236228,213.1658025,0
331,210.3236228,213.1658025,0
332,210.3236228,213.1658025,0
333,210.3236228,213.1658025,0
334,210.3236228,213.1658025,0
335,210.3236228,213.1658025,0
336,210.3236228,213.1658025,0
337,210.3236228,213.1658025,0
338,210.3236228,213.1658025,0
339,210.3236228,213.1658025,0
340,210.3236228,213.1658025,0
341,210.3236228,213.1658025,0
342,210.3236228,213.1658025,0
343,210.3236228,213.1658025,0
344,210.3236228,213.1658025,0
345,210.3236228,213.1658025,0
346,210.3236228,213.1658025,0
347,210.3236228,213.1658025,0
348,210.3236228,213.1658025,0
349,210.3236228,213.1658025,0
350,210.3236228,213.1658025,0
351,210.3236228,213.1658025,0
352,210.3236228,213.1658025,0
353,210.3236228,213.1658025,0
354,210.3236228,213.1658025,0
355,210.3236228,213.1658025,0
356,210.3236228,213.1658025,0
357,213.165834,213.1658025,0
358,213.165834,213.1658025,0
359,213.165834,213.1658025,0
360,213.165834,213.1658025,0
361,213.165834,213.1658025,0
362,213.165834,213.1658025,0
363,213.165834,213.1658025,0
364,213.165834,213.1658025,0
365,213.165834,213.1658025,0
366,213.165834,213.1658025,0
367,213.165834,213.1658025,0
368,213.165834,213.1658025,0
369,213.165834,213.1658025,0
370,213.165834,213.1658025,0
371,213.165834,213.1658025,0
372,213.165834,213.1658025,0
373,213.165834,213.1658025,0
374,213.165834,213.1658025,0
375,213.165834,213.1658025,0
376,213.165834,213.1658025,0
377,213.165834,213.1658025,0
378,213.165834,213.1658025,0
379,213.165834,213.1658025,0
380,213.165834,213.1658025,0
381,213.165834,213.1658025,0
382,213.165834,213.1658025,0
383,213.165834,213.1658025,0
384,213.165834,213.1658025,0
385,213.165834,213.1658025,0
386,213.165834,213.1658025,0
387,213.165834,213.1658025,0
388,213.165834,213.1658025,0
389,213.165834,213.1658025,0
390,213.165834,213.1658025,0
391,213.165834,213.1658025,0
392,213.165834,213.1658025,0
393,213.165834,213.1658025,0
394,213.165834,213.1658025,0
395,213.165834,213.1658025,0
396,213.165834,213.1658025,0
397,213.165834,213.1658025,0
398,213.165834,213.1658025,0
399,213.165834,213.1658025,0
400,213.165834,213.1658025,0
401,213.165834,213.1658025,0
402,213.165834,213.1658025,0
403,213.165834,213.1658025,0
404,213.165834,213.1658025,0
405,213.165834,213.1658025,0
406,213.165834,213.1658025,0
407,213.165834,213.1658025,0
408,213.165834,213.1658025,0
409,213.165834,213.1658025,0
410,213.165834,213.1658025,0
411,213.165834,213.1658025,0
412,213.165834,213.1658025,0
413,213.165834,213.1658025,0
414,213.165834,213.1658025,0
415,213.165834,213.1658025,0
416,213.165834,213.1658025,0
417,213.165834,213.1658025,0
418,213.165834,213.1658025,0
419,213.165834,213.1658025,0
420,213.165834,213.1658025,0
421,213.165834,213.1658025,0
422,213.165834,213.1658025,0
423,210.3236228,213.1658025,0
424,210.3236228,213.1658025,0
425,210.3236228,213.1658025,0
426,210.3236228,213.1658025,0
427,210.3236228,213.1658025,0
428,210.3236228,213.1658025,0
429,210.3236228,213.1658025,0
430,210.3236228,213.1658025,0
431,210.3236228,213.1658025,0
432,210.3236228,213.1658025,0
433,210.3236228,213.1658025,0
434,210.3236228,213.1658025,0
435,210.3236228,213.1658025,0
436,210.3236228,213.1658025,0
437,204.6392006,213.1658025,0
438,204.6392006,213.1658025,0
439,204.6392006,213.1658025,0
440,204.6392006,213.1658025,0
441,204.6392006,213.1658025,0
442,204.6392006,213.1658025,0
443,204.6392006,213.1658025,0
444,201.7969895,213.1658025,0
445,201.7969895,213.1658025,0
446,201.7969895,213.1658025,0
447,201.7969895,210.3235918,0
448,201.7969895,210.3235918,0
449,201.7969895,210.3235918,0
450,201.7969895,210.3235918,0
451,198.9547783,210.3235918,0
452,198.9547783,207.4813811,0
453,196.1125672,207.4813811,0
454,196.1125672,207.4813811,0
455,196.1125672,207.4813811,0
456,196.1125672,207.4813811,0
457,193.2703561,207.4813811,0
458,193.2703561,201.7969597,0
459,173.3748783,201.7969597,0
460,173.3748783,201.7969597,0
461,173.3748783,201.7969597,0
462,173.3748783,201.7969597,0
463,173.3748783,201.7969597,0
464,173.3748783,201.7969597,0
465,173.3748783,201.7969597,0
466,173.3748783,201.7969597,0
467,173.3748783,201.7969597,0
468,173.3748783,198.954749,0
469,173.3748783,193.2703276,0
470,173.3748783,193.2703276,0
471,173.3748783,193.2703276,0
472,167.690456,193.2703276,0
473,167.690456,193.2703276,0
474,167.690456,193.2703276,0
475,159.1638227,193.2703276,0
476,153.4794004,193.2703276,0
477,153.4794004,193.2703276,0
478,153.4794004,193.2703276,0
479,153.4794004,193.2703276,0
480,153.4794004,193.2703276,0
481,153.4794004,196.1125383,0
482,153.4794004,196.1125383,0
483,153.4794004,196.1125383,0
484,153.4794004,196.1125383,0
485,153.4794004,196.1125383,0
486,150.6371894,196.1125383,0
487,150.6371893,196.1125383,0
488,150.6371893,196.1125383,0
489,150.6371893,196.1125383,0
490,150.6371893,196.1125383,0
491,150.6371893,196.1125383,0
492,150.6371893,196.1125383,0
493,150.6371893,196.1125383,0
494,150.6371893,196.1125383,0
495,150.6371893,196.1125383,0
496,150.6371893,196.1125383,0
497,150.6371893,196.1125383,0
498,150.6371893,196.1125383,0
499,150.6371893,196.1125383,0
500,150.6371893,196.1125383,0
501,150.6371893,196.1125383,0
502,150.6371893,196.1125383,0
503,150.6371893,196.1125383,0
504,150.6371893,196.1125383,0
505,150.6371893,196.1125383,0
506,150.6371893,196.1125383,0
507,150.6371893,196.1125383,0
508,150.6371893,196.1125383,0
509,150.6371893,201.7969597,0
510,150.6371893,201.7969597,0
511,150.6371893,201.7969597,0
512,150.6371893,201.7969597,0
513,150.6371893,204.6391704,0
514,150.6371893,204.6391704,0
515,150.6371893,204.6391704,0
516,150.6371893,204.6391704,0
517,147.7949782,204.6391704,0
518,147.7949782,204.6391704,0
519,147.7949782,204.6391704,0
520,147.7949782,204.6391704,0
521,147.7949782,204.6391704,0
522,147.7949782,204.6391704,0
523,147.7949782,204.6391704,0
524,147.7949782,204.6391704,0
525,147.7949782,204.6391704,0
526,147.7949782,204.6391704,0
527,147.7949782,204.6391704,0
528,147.7949782,204.6391704,0
529,147.7949782,204.6391704,0
530,147.7949782,204.6391704,0
531,147.7949782,207.4813811,0
532,147.7949782,207.4813811,0
533,147.7949782,207.4813811,0
534,147.7949782,207.4813811,0
535,147.7949782,207.4813811,0
536,147.7949782,207.4813811,0
537,147.7949782,207.4813811,0
538,147.7949782,207.4813811,0
539,147.7949782,207.4813811,0
540,147.7949782,207.4813811,0
541,147.7949782,207.4813811,0
542,147.7949782,207.4813811,0
543,147.7949782,207.4813811,0
544,147.7949782,207.4813811,0
545,147.7949782,207.4813811,0
546,147.7949782,207.4813811,0
547,147.7949782,207.4813811,0
548,147.7949782,207.4813811,0
549,147.7949782,207.4813811,0
550,147.7949782,207.4813811,0
551,147.7949782,207.4813811,0
552,147.7949782,207.4813811,0
553,147.7949782,207.4813811,0
554,147.7949782,207.4813811,0
555,147.7949782,207.4813811,0
556,147.7949782,207.4813811,0
557,147.7949782,207.4813811,0
558,147.7949782,207.4813811,0
559,147.7949782,207.4813811,0
560,147.7949782,207.4813811,0
561,147.7949782,207.4813811,0
562,147.7949782,207.4813811,0
563,147.7949782,207.4813811,0
564,147.7949782,207.4813811,0
565,147.7949782,207.4813811,0
566,147.7949782,207.4813811,0
567,147.7949782,207.4813811,0
568,147.7949782,207.4813811,0
569,147.7949782,207.4813811,0
570,147.7949782,207.4813811,0
571,147.7949782,207.4813811,0
572,147.7949782,207.4813811,0
573,147.7949782,207.4813811,0
574,147.7949782,207.4813811,0
575,147.7949782,207.4813811,0
576,147.7949782,207.4813811,0
577,147.7949782,207.4813811,0
578,147.7949782,207.4813811,0
579,147.7949782,207.4813811,0
580,147.7949782,207.4813811,0
581,147.7949782,204.6391704,0
582,142.110556,204.6391704,0
583,142.110556,204.6391704,0
584,142.110556,204.6391704,0
585,142.110556,204.6391704,0
586,142.110556,204.6391704,0
587,142.110556,204.6391704,0
588,142.110556,204.6391704,0
589,142.110556,204.6391704,0
590,142.110556,204.6391704,0
591,142.110556,204.6391704,0
592,142.110556,207.4813811,0
593,142.110556,207.4813811,0
594,142.110556,207.4813811,0
595,142.110556,207.4813811,0
596,142.110556,207.4813811,0
597,142.110556,207.4813811,0
598,142.110556,207.4813811,0
599,142.110556,207.4813811,0
600,142.110556,207.4813811,0
601,142.110556,207.4813811,0
602,142.110556,207.4813811,0
603,142.110556,207.4813811,0
604,142.110556,207.4813811,0
605,142.110556,207.4813811,0
606,142.110556,207.4813811,0
607,142.110556,207.4813811,0
608,142.110556,207.4813811,0
609,142.110556,207.4813811,0
610,142.110556,207.4813811,0
611,142.110556,207.4813811,0
612,142.110556,207.4813811,0
613,142.110556,207.4813811,0
614,142.110556,207.4813811,0
615,142.110556,207.4813811,0
616,142.110556,207.4813811,0
617,142.110556,207.4813811,0
618,142.110556,207.4813811,0
619,142.110556,207.4813811,0
620,142.110556,207.4813811,0
621,142.110556,207.4813811,0
622,142.110556,207.4813811,0
623,142.110556,207.4813811,0
624,142.110556,207.4813811,0
625,142.110556,207.4813811,0
626,142.110556,207.4813811,0
627,142.110556,207.4813811,0
628,142.110556,207.4813811,0
629,142.110556,207.4813811,0
630,142.110556,207.4813811,0
631,142.110556,207.4813811,0
632,142.110556,207.4813811,0
633,142.110556,207.4813811,0
634,142.110556,207.4813811,0
635,142.110556,207.4813811,0
636,142.110556,207.4813811,0
637,142.110556,207.4813811,0
638,142.110556,207.4813811,0
639,142.110556,207.4813811,0
640,142.110556,207.4813811,0
641,142.110556,207.4813811,0
642,142.110556,207.4813811,0
643,142.110556,207.4813811,0
644,142.110556,207.4813811,0
645,142.110556,207.4813811,0
646,142.110556,207.4813811,0
647,142.110556,207.4813811,0
648,142.110556,207.4813811,0
649,142.110556,207.4813811,0
650,142.110556,207.4813811,0
651,142.110556,207.4813811,0
652,142.110556,207.4813811,0
653,142.110556,207.4813811,0
654,142.110556,207.4813811,0
655,142.110556,207.4813811,0
656,142.110556,207.4813811,0
657,142.110556,207.4813811,0
658,142.110556,207.4813811,0
659,142.110556,207.4813811,0
660,142.110556,207.4813811,0
661,142.110556,207.4813811,0
662,142.110556,207.4813811,0
663,142.110556,207.4813811,0
664,142.110556,207.4813811,0
665,142.110556,207.4813811,0
666,142.110556,207.4813811,0
667,142.110556,207.4813811,0
668,139.2683449,207.4813811,0
669,139.2683449,207.4813811,0
670,139.2683449,207.4813811,0
671,139.2683449,207.4813811,0
672,139.2683449,207.4813811,0
673,139.2683449,207.4813811,0
674,139.2683449,207.4813811,0
675,139.2683449,207.4813811,0
676,139.2683449,207.4813811,0
677,139.2683449,207.4813811,0
678,139.2683449,207.4813811,0
679,139.2683449,207.4813811,0
680,139.2683449,207.4813811,0
681,139.2683449,207.4813811,0
682,139.2683449,207.4813811,0
683,139.2683449,207.4813811,0
684,139.2683449,207.4813811,0
685,139.2683449,207.4813811,0
686,139.2683449,207.4813811,0
687,139.2683449,207.4813811,0
688,139.2683449,207.4813811,0
689,139.2683449,207.4813811,0
690,139.2683449,207.4813811,0
691,139.2683449,207.4813811,0
692,139.2683449,207.4813811,0
693,139.2683449,207.4813811,0
694,139.2683449,207.4813811,0
695,139.2683449,207.4813811,0
696,139.2683449,207.4813811,0
697,139.2683449,207.4813811,0
698,139.2683449,207.4813811,0
699,139.2683449,207.4813811,0
700,139.2683449,207.4813811,0
701,139.2683449,207.4813811,0
702,139.2683449,207.4813811,0
703,139.2683449,207.4813811,0
704,139.2683449,207.4813811,0
705,139.2683449,207.4813811,0
706,139.2683449,207.4813811,0
707,139.2683449,207.4813811,0
708,139.2683449,207.4813811,0
709,139.2683449,207.4813811,0
710,139.2683449,207.4813811,0
711,139.2683449,207.4813811,0
712,139.2683449,207.4813811,0
713,139.2683449,207.4813811,0
714,139.2683449,207.4813811,0
715,139.2683449,204.6391704,0
716,139.2683449,204.6391704,0
717,144.9527671,204.6391704,0
718,144.9527671,204.6391704,0
719,144.9527671,204.6391704,0
720,144.9527671,204.6391704,0
721,147.7949782,204.6391704,0
722,147.7949782,204.6391704,0
723,147.7949782,204.6391704,0
724,147.7949782,204.6391704,0
725,147.7949782,207.4813811,0
726,147.7949782,207.4813811,0
727,153.4794004,207.4813811,0
728,153.4794004,207.4813811,0
729,153.4794004,207.4813811,0
730,153.4794004,207.4813811,0
731,153.4794004,207.4813811,0
732,153.4794004,207.4813811,0
733,153.4794004,207.4813811,0
734,153.4794004,207.4813811,0
735,153.4794004,207.4813811,0
736,153.4794004,213.1658025,0
737,153.4794004,213.1658025,0
738,153.4794004,213.1658025,0
739,153.4794004,213.1658025,0
740,153.4794004,213.1658025,0
741,153.4794004,213.1658025,0
742,153.4794004,213.1658025,0
743,153.4794004,213.1658025,0
744,153.4794004,213.1658025,0
745,153.4794004,213.1658025,0
746,153.4794004,213.1658025,0
747,153.4794004,213.1658025,0
748,153.4794004,213.1658025,0
749,153.4794004,213.1658025,0
750,153.4794004,213.1658025,0
751,153.4794004,213.1658025,0
752,153.4794004,213.1658025,0
753,153.4794004,213.1658025,0
754,153.4794004,213.1658025,0
755,153.4794004,213.1658025,0
756,153.4794004,213.1658025,0
757,153.4794004,213.1658025,0
758,153.4794004,213.1658025,0
759,153.4794004,213.1658025,0
760,153.4794004,213.1658025,0
761,153.4794004,213.1658025,0
762,153.4794004,213.1658025,0
763,153.4794004,213.1658025,0
764,153.4794004,213.1658025,0
765,153.4794004,213.1658025,0
766,153.4794004,213.1658025,0
767,153.4794004,213.1658025,0
768,153.4794004,213.1658025,0
769,153.4794004,213.1658025,0
770,153.4794004,213.1658025,0
771,153.4794004,213.1658025,0
772,153.4794004,213.1658025,0
773,153.4794004,213.1658025,0
774,153.4794004,213.1658025,0
775,153.4794004,213.1658025,0
776,153.4794004,213.1658025,0
777,153.4794004,213.1658025,0
778,153.4794004,213.1658025,0
779,153.4794004,213.1658025,0
780,153.4794004,213.1658025,0
781,153.4794004,213.1658025,0
782,153.4794004,213.1658025,0
783,144.9527671,213.1658025,0
784,144.9527671,213.1658025,0
785,144.9527671,213.1658025,0
786,144.9527671,210.3235918,0
787,144.9527671,210.3235918,0
788,144.9527671,210.3235918,0
789,144.9527671,210.3235918,0
790,144.9527671,210.3235918,0
791,144.9527671,210.3235918,0
792,144.9527671,210.3235918,0
793,144.9527671,210.3235918,0
794,144.9527671,210.3235918,0
795,144.9527671,210.3235918,0
796,144.9527671,210.3235918,0
797,144.9527671,210.3235918,0
798,144.9527671,210.3235918,0
799,144.9527671,210.3235918,0
800,144.9527671,210.3235918,0
801,144.9527671,210.3235918,0
802,144.9527671,210.3235918,0
803,144.9527671,210.3235918,0
804,144.9527671,210.3235918,0
805,144.9527671,210.3235918,0
806,144.9527671,210.3235918,0
807,144.9527671,210.3235918,0
808,144.9527671,210.3235918,0
809,144.9527671,210.3235918,0
810,144.9527671,210.3235918,0
811,144.9527671,210.3235918,0
812,144.9527671,210.3235918,0
813,144.9527671,210.3235918,0
814,144.9527671,210.3235918,0
815,144.9527671,210.3235918,0
816,144.9527671,210.3235918,0
817,144.9527671,210.3235918,0
818,144.9527671,210.3235918,0
819,144.9527671,210.3235918,0
820,144.9527671,210.3235918,0
821,144.9527671,210.3235918,0
822,144.9527671,210.3235918,0
823,144.9527671,210.3235918,0
824,144.9527671,210.3235918,0
825,144.9527671,210.3235918,0
826,144.9527671,210.3235918,0
827,144.9527671,210.3235918,0
828,144.9527671,210.3235918,0
829,144.9527671,210.3235918,0
830,144.9527671,210.3235918,0
831,144.9527671,210.3235918,0
832,144.9527671,210.3235918,0
833,144.9527671,210.3235918,0
834,144.9527671,210.3235918,0
835,144.9527671,210.3235918,0
836,144.9527671,210.3235918,0
837,144.9527671,210.3235918,0
838,144.9527671,210.3235918,0
839,144.9527671,210.3235918,0
840,144.9527671,210.3235918,0
841,144.9527671,210.3235918,0
842,144.9527671,210.3235918,0
843,144.9527671,210.3235918,0
844,144.9527671,210.3235918,0
845,144.9527671,210.3235918,0
846,144.9527671,210.3235918,0
847,144.9527671,210.3235918,0
848,144.9527671,210.3235918,0
849,144.9527671,210.3235918,0
850,144.9527671,210.3235918,0
851,144.9527671,210.3235918,0
852,144.9527671,210.3235918,0
853,144.9527671,210.3235918,0
854,144.9527671,210.3235918,0
855,144.9527671,210.3235918,0
856,144.9527671,210.3235918,0
857,144.9527671,210.3235918,0
858,144.9527671,210.3235918,0
859,144.9527671,210.3235918,0
860,144.9527671,210.3235918,0
861,144.9527671,210.3235918,0
862,144.9527671,210.3235918,0
863,144.9527671,210.3235918,0
864,144.9527671,210.3235918,0
865,144.9527671,210.3235918,0
866,144.9527671,210.3235918,0
867,144.9527671,210.3235918,0
868,144.9527671,210.3235918,0
869,139.2683449,210.3235918,0
870,139.2683449,210.3235918,0
871,139.2683449,210.3235918,0
872,139.2683449,210.3235918,0
873,139.2683449,210.3235918,0
874,139.2683449,210.3235918,0
875,139.2683449,210.3235918,0
876,139.2683449,210.3235918,0
877,139.2683449,210.3235918,0
878,139.2683449,210.3235918,0
879,139.2683449,210.3235918,0
880,139.2683449,210.3235918,0
881,139.2683449,210.3235918,0
882,139.2683449,210.3235918,0
883,139.2683449,210.3235918,0
884,139.2683449,210.3235918,0
885,139.2683449,210.3235918,0
886,139.2683449,210.3235918,0
887,139.2683449,210.3235918,0
888,139.2683449,210.3235918,0
889,139.2683449,210.3235918,0
890,139.2683449,210.3235918,0
891,139.2683449,210.3235918,0
892,139.2683449,210.3235918,0
893,139.2683449,213.1658025,0
894,139.2683449,213.1658025,0
895,139.2683449,213.1658025,0
896,139.2683449,213.1658025,0
897,139.2683449,213.1658025,0
898,139.2683449,213.1658025,0
899,139.2683449,213.1658025,0
900,139.2683449,213.1658025,0
901,139.2683449,213.1658025,0
902,139.2683449,213.1658025,0
903,139.2683449,213.1658025,0
904,139.2683449,213.1658025,0
905,139.2683449,213.1658025,0
906,139.2683449,213.1658025,0
907,139.2683449,213.1658025,0
908,139.2683449,213.1658025,0
909,139.2683449,213.1658025,0
910,139.2683449,213.1658025,0
911,139.2683449,213.1658025,0
912,139.2683449,213.1658025,0
913,139.2683449,213.1658025,0
914,139.2683449,213.1658025,0
915,139.2683449,213.1658025,0
916,139.2683449,213.1658025,0
917,139.2683449,213.1658025,0
918,139.2683449,213.1658025,0
919,139.2683449,213.1658025,0
920,139.2683449,213.1658025,0
921,139.2683449,213.1658025,0
922,139.2683449,213.1658025,0
923,139.2683449,213.1658025,0
924,139.2683449,213.1658025,0
925,139.2683449,213.1658025,0
926,139.2683449,213.1658025,0
927,139.2683449,213.1658025,0
928,139.2683449,213.1658025,0
929,139.2683449,213.1658025,0
930,139.2683449,213.1658025,0
931,139.2683449,213.1658025,0
932,139.2683449,213.1658025,0
933,139.2683449,213.1658025,0
934,139.2683449,213.1658025,0
935,139.2683449,213.1658025,0
936,139.2683449,213.1658025,0
937,139.2683449,213.1658025,0
938,139.2683449,213.1658025,0
939,139.2683449,213.1658025,0
940,136.4261337,213.1658025,0
941,136.4261337,213.1658025,0
942,136.4261337,213.1658025,0
943,136.4261337,210.3235918,0
944,136.4261337,210.3235918,0
945,136.4261337,210.3235918,0
946,136.4261337,210.3235918,0
947,136.4261337,210.3235918,0
948,136.4261337,210.3235918,0
949,136.4261337,210.3235918,0
950,136.4261337,210.3235918,0
951,136.4261337,210.3235918,0
952,136.4261337,210.3235918,0
953,136.4261337,210.3235918,0
954,136.4261337,210.3235918,0
955,136.4261337,210.3235918,0
956,136.4261337,210.3235918,0
957,136.4261337,210.3235918,0
958,136.4261337,210.3235918,0
959,136.4261337,210.3235918,0
960,136.4261337,210.3235918,0
961,136.4261337,210.3235918,0
962,136.4261337,210.3235918,0
963,136.4261337,210.3235918,0
964,136.4261337,210.3235918,0
965,136.4261337,210.3235918,0
966,136.4261337,210.3235918,0
967,136.4261337,210.3235918,0
968,136.4261337,210.3235918,0
969,136.4261337,210.3235918,0
970,136.4261337,210.3235918,0
971,136.4261337,210.3235918,0
972,136.4261337,210.3235918,0
973,136.4261337,210.3235918,0
974,136.4261337,210.3235918,0
975,136.4261337,210.3235918,0
976,136.4261337,210.3235918,0
977,136.4261337,210.3235918,0
978,136.4261337,210.3235918,0
979,136.4261337,210.3235918,0
980,136.4261337,210.3235918,0
981,136.4261337,210.3235918,0
982,136.4261337,210.3235918,0
983,136.4261337,210.3235918,0
984,136.4261337,210.3235918,0
985,136.4261337,210.3235918,0
986,136.4261337,210.3235918,0
987,136.4261337,210.3235918,0
988,136.4261337,210.3235918,0
989,136.4261337,210.3235918,0
990,136.4261337,210.3235918,0
991,136.4261337,210.3235918,0
992,136.4261337,210.3235918,0
993,136.4261337,210.3235918,0
994,136.4261337,210.3235918,0
995,136.4261337,210.3235918,0
996,136.4261337,210.3235918,0
997,136.4261337,210.3235918,0
998,136.4261337,210.3235918,0
999,136.4261337,210.3235918,0
1000,136.4261337,210.3235918,0
1001,136.4261337,210.3235918,0
1002,136.4261337,210.3235918,0
1003,136.4261337,210.3235918,0
1004,136.4261337,210.3235918,0
1005,136.4261337,210.3235918,0
1006,136.4261337,210.3235918,0
1007,136.4261337,210.3235918,0
1008,136.4261337,210.3235918,0
1009,136.4261337,210.3235918,0
1010,136.4261337,210.3235918,0
1011,136.4261337,210.3235918,0
1012,136.4261337,210.3235918,0
1013,136.4261337,210.3235918,0
1014,136.4261337,210.3235918,0
1015,136.4261337,210.3235918,0
1016,136.4261337,210.3235918,0
1017,136.4261337,210.3235918,0
1018,136.4261337,210.3235918,0
1019,136.4261337,210.3235918,0
1020,136.4261337,210.3235918,0
1021,136.4261337,210.3235918,0
1022,136.4261337,210.3235918,0
1023,136.4261337,210.3235918,0
1024,136.4261337,210.3235918,0
1025,136.4261337,210.3235918,0
1026,136.4261337,210.3235918,0
1027,136.4261337,210.3235918,0
1028,136.4261337,210.3235918,0
1029,136.4261337,210.3235918,0
1030,136.4261337,210.3235918,0
1031,136.4261337,210.3235918,0
1032,136.4261337,210.3235918,0
1033,136.4261337,210.3235918,0
1034,136.4261337,210.3235918,0
1035,136.4261337,210.3235918,0
1036,136.4261337,210.3235918,0
1037,136.4261337,210.3235918,0
1038,136.4261337,210.3235918,0
1039,136.4261337,210.3235918,0
1040,136.4261337,210.3235918,0
1041,136.4261337,210.3235918,0
1042,136.4261337,210.3235918,0
1043,136.4261337,210.3235918,0
1044,136.4261337,210.3235918,0
1045,136.4261337,210.3235918,0
1046,136.4261337,210.3235918,0
1047,136.4261337,210.3235918,0
1048,133.5839226,210.3235918,0
1049,133.5839226,210.3235918,0
1050,133.5839226,210.3235918,0
1051,133.5839226,210.3235918,0
1052,133.5839226,210.3235918,0
1053,133.5839226,210.3235918,0
1054,133.5839226,210.3235918,0
1055,133.5839226,210.3235918,0
1056,133.5839226,210.3235918,0
1057,133.5839226,210.3235918,0
1058,133.5839226,210.3235918,0
1059,133.5839226,210.3235918,0
1060,133.5839226,210.3235918,0
1061,133.5839226,210.3235918,0
1062,133.5839226,210.3235918,0
1063,133.5839226,210.3235918,0
1064,130.7417115,210.3235918,0
1065,130.7417115,210.3235918,0
1066,130.7417115,210.3235918,0
1067,130.7417115,210.3235918,0
1068,130.7417115,210.3235918,0
1069,130.7417115,210.3235918,0
1070,130.7417115,210.3235918,0
1071,130.7417115,210.3235918,0
1072,130.7417115,210.3235918,0
1073,130.7417115,210.3235918,0
1074,130.7417115,210.3235918,0
1075,130.7417115,210.3235918,0
1076,130.7417115,210.3235918,0
1077,130.7417115,210.3235918,0
1078,130.7417115,210.3235918,0
1079,130.7417115,210.3235918,0
1080,130.7417115,210.3235918,0
1081,130.7417115,210.3235918,0
1082,130.7417115,210.3235918,0
1083,130.7417115,210.3235918,0
1084,130.7417115,210.3235918,0
1085,130.7417115,210.3235918,0
1086,130.7417115,210.3235918,0
1087,130.7417115,210.3235918,0
1088,130.7417115,210.3235918,0
1089,130.7417115,210.3235918,0
1090,130.7417115,210.3235918,0
1091,130.7417115,210.3235918,0
1092,130.7417115,210.3235918,0
1093,130.7417115,210.3235918,0
1094,130.7417115,210.3235918,0
1095,130.7417115,210.3235918,0
1096,130.7417115,210.3235918,0
1097,130.7417115,210.3235918,0
1098,130.7417115,210.3235918,0
1099,130.7417115,210.3235918,0
1100,130.7417115,210.3235918,0
1101,130.7417115,210.3235918,0
1102,130.7417115,210.3235918,0
1103,130.7417115,210.3235918,0
1104,130.7417115,210.3235918,0
1105,130.7417115,210.3235918,0
1106,130.7417115,210.3235918,0
1107,130.7417115,210.3235918,0
1108,130.7417115,210.3235918,0
1109,130.7417115,210.3235918,0
1110,130.7417115,210.3235918,0
1111,130.7417115,210.3235918,0
1112,130.7417115,210.3235918,0
1113,130.7417115,210.3235918,0
1114,130.7417115,210.3235918,0
1115,130.7417115,210.3235918,0
1116,130.7417115,210.3235918,0
1117,130.7417115,210.3235918,0
1118,130.7417115,210.3235918,0
1119,130.7417115,210.3235918,0
1120,133.5839226,210.3235918,0
1121,133.5839226,210.3235918,0
1122,133.5839226,210.3235918,0
1123,133.5839226,210.3235918,0
1124,133.5839226,210.3235918,0
1125,133.5839226,210.3235918,0
1126,133.5839226,210.3235918,0
1127,133.5839226,210.3235918,0
1128,133.5839226,210.3235918,0
1129,133.5839226,210.3235918,0
1130,133.5839226,210.3235918,0
1131,133.5839226,210.3235918,0
1132,133.5839226,210.3235918,0
1133,133.5839226,210.3235918,0
1134,133.5839226,210.3235918,0
1135,133.5839226,210.3235918,0
1136,133.5839226,210.3235918,0
1137,133.5839226,210.3235918,0
1138,133.5839226,210.3235918,0
1139,133.5839226,210.3235918,0
1140,133.5839226,210.3235918,0
1141,133.5839226,210.3235918,0
1142,133.5839226,210.3235918,0
1143,133.5839226,210.3235918,0
1144,133.5839226,210.3235918,0
1145,133.5839226,210.3235918,0
1146,133.5839226,210.3235918,0
1147,133.5839226,210.3235918,0
1148,133.5839226,210.3235918,0
1149,133.5839226,210.3235918,0
1150,133.5839226,210.3235918,0
1151,133.5839226,210.3235918,0
1152,133.5839226,210.3235918,0
1153,133.5839226,210.3235918,0
1154,133.5839226,210.3235918,0
1155,133.5839226,210.3235918,0
1156,133.5839226,210.3235918,0
1157,133.5839226,210.3235918,0
1158,133.5839226,210.3235918,0
1159,133.5839226,210.3235918,0
1160,133.5839226,210.3235918,0
1161,133.5839226,210.3235918,0
1162,133.5839226,210.3235918,0
1163,133.5839226,210.3235918,0
1164,133.5839226,210.3235918,0
1165,133.5839226,210.3235918,0
1166,133.5839226,210.3235918,0
1167,133.5839226,210.3235918,0
1168,133.5839226,210.3235918,0
1169,133.5839226,210.3235918,0
1170,133.5839226,210.3235918,0
1171,133.5839226,210.3235918,0
1172,133.5839226,210.3235918,0
1173,133.5839226,210.3235918,0
1174,133.5839226,210.3235918,0
1175,133.5839226,210.3235918,0
1176,133.5839226,210.3235918,0
1177,133.5839226,210.3235918,0
1178,133.5839226,210.3235918,0
1179,133.5839226,210.3235918,0
1180,133.5839226,210.3235918,0
1181,133.5839226,210.3235918,0
1182,133.5839226,210.3235918,0
1183,133.5839226,210.3235918,0
1184,133.5839226,210.3235918,0
1185,133.5839226,210.3235918,0
1186,133.5839226,210.3235918,0
1187,133.5839226,210.3235918,0
1188,130.7417115,210.3235918,0
1189,130.7417115,210.3235918,0
1190,130.7417115,210.3235918,0
1191,130.7417115,210.3235918,0
1192,130.7417115,210.3235918,0
1193,130.7417115,210.3235918,0
1194,130.7417115,210.3235918,0
1195,130.7417115,210.3235918,0
1196,130.7417115,210.3235918,0
1197,130.7417115,210.3235918,0
1198,130.7417115,210.3235918,0
1199,130.7417115,210.3235918,0
1200,130.7417115,210.3235918,0
1201,130.7417115,210.3235918,0
1202,130.7417115,210.3235918,0
1203,130.7417115,210.3235918,0
1204,130.7417115,210.3235918,0
1205,130.7417115,207.4813811,0
1206,130.7417115,207.4813811,0
1207,130.7417115,207.4813811,0
1208,130.7417115,207.4813811,0
1209,130.7417115,207.4813811,0
1210,130.7417115,207.4813811,0
1211,130.7417115,207.4813811,0
1212,130.7417115,207.4813811,0
1213,130.7417115,207.4813811,0
1214,130.7417115,207.4813811,0
1215,130.7417115,207.4813811,0
1216,130.7417115,207.4813811,0
1217,130.7417115,207.4813811,0
1218,130.7417115,207.4813811,0
1219,130.7417115,207.4813811,0
1220,130.7417115,207.4813811,0
1221,130.7417115,207.4813811,0
1222,130.7417115,207.4813811,0
1223,130.7417115,207.4813811,0
1224,130.7417115,207.4813811,0
1225,130.7417115,207.4813811,0
1226,130.7417115,207.4813811,0
1227,130.7417115,207.4813811,0
1228,130.7417115,207.4813811,0
1229,130.7417115,210.3235918,0
1230,130.7417115,210.3235918,0
1231,130.7417115,210.3235918,0
1232,130.7417115,210.3235918,0
1233,130.7417115,210.3235918,0
1234,130.7417115,210.3235918,0
1235,130.7417115,210.3235918,0
1236,130.7417115,210.3235918,0
1237,130.7417115,210.3235918,0
1238,130.7417115,210.3235918,0
1239,130.7417115,210.3235918,0
1240,130.7417115,210.3235918,0
1241,130.7417115,210.3235918,0
1242,130.7417115,210.3235918,0
1243,130.7417115,210.3235918,0
1244,130.7417115,210.3235918,0
1245,130.7417115,210.3235918,0
1246,130.7417115,210.3235918,0
1247,130.7417115,210.3235918,0
1248,130.7417115,210.3235918,0
1249,130.7417115,210.3235918,0
1250,130.7417115,210.3235918,0
1251,130.7417115,210.3235918,0
1252,130.7417115,210.3235918,0
1253,130.7417115,210.3235918,0
1254,130.7417115,210.3235918,0
1255,130.7417115,210.3235918,0
1256,130.7417115,210.3235918,0
1257,130.7417115,210.3235918,0
1258,130.7417115,210.3235918,0
1259,130.7417115,210.3235918,0
1260,130.7417115,210.3235918,0
1261,130.7417115,210.3235918,0
1262,130.7417115,210.3235918,0
1263,130.7417115,210.3235918,0
1264,130.7417115,210.3235918,0
1265,130.7417115,210.3235918,0
1266,130.7417115,210.3235918,0
1267,130.7417115,210.3235918,0
1268,130.7417115,210.3235918,0
1269,130.7417115,210.3235918,0
1270,130.7417115,210.3235918,0
1271,130.7417115,210.3235918,0
1272,130.7417115,210.3235918,0
1273,130.7417115,210.3235918,0
1274,130.7417115,210.3235918,0
1275,130.7417115,210.3235918,0
1276,130.7417115,210.3235918,0
1277,130.7417115,210.3235918,0
1278,130.7417115,210.3235918,0
1279,130.7417115,207.4813811,0
1280,130.7417115,207.4813811,0
1281,130.7417115,207.4813811,0
1282,130.7417115,207.4813811,0
1283,130.7417115,210.3235918,0
1284,130.7417115,210.3235918,0
1285,130.7417115,210.3235918,0
1286,130.7417115,210.3235918,0
1287,130.7417115,210.3235918,0
1288,130.7417115,210.3235918,0
1289,130.7417115,210.3235918,0
1290,130.7417115,210.3235918,0
1291,130.7417115,210.3235918,0
1292,130.7417115,210.3235918,0
1293,130.7417115,210.3235918,0
1294,130.7417115,210.3235918,0
1295,130.7417115,210.3235918,0
1296,130.7417115,210.3235918,0
1297,130.7417115,210.3235918,0
1298,130.7417115,210.3235918,0
1299,130.7417115,210.3235918,0
1300,130.7417115,210.3235918,0
1301,130.7417115,210.3235918,0
1302,130.7417115,210.3235918,0
1303,130.7417115,210.3235918,0
1304,130.7417115,210.3235918,0
1305,130.7417115,210.3235918,0
1306,130.7417115,210.3235918,0
1307,130.7417115,210.3235918,0
1308,130.7417115,210.3235918,0
1309,130.7417115,210.3235918,0
1310,130.7417115,210.3235918,0
1311,130.7417115,210.3235918,0
1312,130.7417115,210.3235918,0
1313,130.7417115,210.3235918,0
1314,130.7417115,210.3235918,0
1315,130.7417115,210.3235918,0
1316,130.7417115,210.3235918,0
1317,130.7417115,210.3235918,0
1318,130.7417115,210.3235918,0
1319,130.7417115,210.3235918,0
1320,130.7417115,210.3235918,0
1321,130.7417115,210.3235918,0
1322,130.7417115,210.3235918,0
1323,127.8995004,210.3235918,0
1324,127.8995004,210.3235918,0
1325,127.8995004,210.3235918,0
1326,127.8995004,210.3235918,0
1327,127.8995004,210.3235918,0
1328,127.8995004,210.3235918,0
1329,127.8995004,210.3235918,0
1330,127.8995004,210.3235918,0
1331,127.8995004,210.3235918,0
1332,127.8995004,210.3235918,0
1333,127.8995004,207.4813811,0
1334,127.8995004,207.4813811,0
1335,127.8995004,207.4813811,0
1336,127.8995004,207.4813811,0
1337,127.8995004,207.4813811,0
1338,127.8995004,207.4813811,0
1339,127.8995004,207.4813811,0
1340,127.8995004,207.4813811,0
1341,127.8995004,207.4813811,0
1342,127.8995004,207.4813811,0
1343,127.8995004,207.4813811,0
1344,127.8995004,207.4813811,0
1345,127.8995004,207.4813811,0
1346,127.8995004,207.4813811,0
1347,127.8995004,207.4813811,0
1348,127.8995004,207.4813811,0
1349,127.8995004,207.4813811,0
1350,127.8995004,207.4813811,0
1351,127.8995004,207.4813811,0
1352,127.8995004,207.4813811,0
1353,127.8995004,207.4813811,0
1354,127.8995004,207.4813811,0
1355,127.8995004,207.4813811,0
1356,127.8995004,207.4813811,0
1357,127.8995004,207.4813811,0
1358,127.8995004,207.4813811,0
1359,127.8995004,207.4813811,0
1360,127.8995004,207.4813811,0
1361,127.8995004,207.4813811,0
1362,127.8995004,207.4813811,0
1363,127.8995004,207.4813811,0
1364,127.8995004,207.4813811,0
1365,127.8995004,207.4813811,0
1366,127.8995004,207.4813811,0
1367,127.8995004,207.4813811,0
1368,127.8995004,207.4813811,0
1369,127.8995004,207.4813811,0
1370,127.8995004,207.4813811,0
1371,127.8995004,207.4813811,0
1372,127.8995004,207.4813811,0
1373,127.8995004,207.4813811,0
1374,127.8995004,207.4813811,0
1375,127.8995004,207.4813811,0
1376,127.8995004,207.4813811,0
1377,127.8995004,207.4813811,0
1378,127.8995004,207.4813811,0
1379,127.8995004,207.4813811,0
1380,127.8995004,207.4813811,0
1381,127.8995004,207.4813811,0
1382,127.8995004,207.4813811,0
1383,127.8995004,207.4813811,0
1384,127.8995004,207.4813811,0
1385,127.8995004,207.4813811,0
1386,127.8995004,207.4813811,0
1387,127.8995004,207.4813811,0
1388,127.8995004,207.4813811,0
1389,127.8995004,207.4813811,0
1390,127.8995004,207.4813811,0
1391,127.8995004,207.4813811,0
1392,127.8995004,207.4813811,0
1393,127.8995004,207.4813811,0
1394,127.8995004,207.4813811,0
1395,127.8995004,207.4813811,0
1396,127.8995004,207.4813811,0
1397,127.8995004,207.4813811,0
1398,127.8995004,207.4813811,0
1399,127.8995004,207.4813811,0
1400,127.8995004,207.4813811,0
1401,127.8995004,207.4813811,0
1402,127.8995004,207.4813811,0
1403,127.8995004,207.4813811,0
1404,127.8995004,207.4813811,0
1405,127.8995004,207.4813811,0
1406,127.8995004,207.4813811,0
1407,125.0572893,207.4813811,0
1408,125.0572893,207.4813811,0
1409,125.0572893,207.4813811,0
1410,125.0572893,207.4813811,0
1411,125.0572893,207.4813811,0
1412,125.0572893,207.4813811,0
1413,125.0572893,207.4813811,0
1414,125.0572893,207.4813811,0
1415,125.0572893,207.4813811,0
1416,125.0572893,207.4813811,0
1417,125.0572893,207.4813811,0
1418,125.0572893,207.4813811,0
1419,125.0572893,207.4813811,0
1420,125.0572893,207.4813811,0
1421,127.8995004,207.4813811,0
1422,127.8995004,207.4813811,0
1423,127.8995004,207.4813811,0
1424,127.8995004,207.4813811,0
1425,127.8995004,207.4813811,0
1426,127.8995004,207.4813811,0
1427,127.8995004,207.4813811,0
1428,127.8995004,207.4813811,0
1429,127.8995004,207.4813811,0
1430,127.8995004,207.4813811,0
1431,127.8995004,207.4813811,0
1432,127.8995004,207.4813811,0
1433,127.8995004,207.4813811,0
1434,127.8995004,207.4813811,0
1435,127.8995004,207.4813811,0
1436,127.8995004,207.4813811,0
1437,127.8995004,207.4813811,0
1438,127.8995004,207.4813811,0
1439,127.8995004,207.4813811,0
1440,127.8995004,207.4813811,0
1441,127.8995004,207.4813811,0
1442,127.8995004,207.4813811,0
1443,127.8995004,207.4813811,0
1444,127.8995004,207.4813811,0
1445,127.8995004,207.4813811,0
1446,127.8995004,207.4813811,0
1447,127.8995004,207.4813811,0
1448,127.8995004,207.4813811,0
1449,127.8995004,207.4813811,0
1450,127.8995004,207.4813811,0
1451,127.8995004,207.4813811,0
1452,127.8995004,207.4813811,0
1453,127.8995004,207.4813811,0
1454,127.8995004,207.4813811,0
1455,127.8995004,207.4813811,0
1456,127.8995004,207.4813811,0
1457,127.8995004,210.3235918,0
1458,127.8995004,210.3235918,0
1459,127.8995004,210.3235918,0
1460,127.8995004,210.3235918,0
1461,127.8995004,210.3235918,0
1462,127.8995004,210.3235918,0
1463,127.8995004,210.3235918,0
1464,127.8995004,210.3235918,0
1465,127.8995004,210.3235918,0
1466,127.8995004,210.3235918,0
1467,127.8995004,210.3235918,0
1468,127.8995004,210.3235918,0
1469,127.8995004,210.3235918,0
1470,127.8995004,210.3235918,0
1471,127.8995004,210.3235918,0
1472,127.8995004,210.3235918,0
1473,127.8995004,210.3235918,0
1474,127.8995004,210.3235918,0
1475,127.8995004,210.3235918,0
1476,127.8995004,210.3235918,0
1477,127.8995004,210.3235918,0
1478,127.8995004,210.3235918,0
1479,127.8995004,210.3235918,0
1480,127.8995004,210.3235918,0
1481,127.8995004,210.3235918,0
1482,127.8995004,210.3235918,0
1483,127.8995004,210.3235918,0
1484,127.8995004,210.3235918,0
1485,127.8995004,210.3235918,0
1486,127.8995004,210.3235918,0
1487,127.8995004,210.3235918,0
1488,127.8995004,210.3235918,0
1489,127.8995004,210.3235918,0
1490,127.8995004,210.3235918,0
1491,125.0572893,210.3235918,0
1492,125.0572893,210.3235918,0
1493,125.0572893,210.3235918,0
1494,125.0572893,210.3235918,0
1495,125.0572893,210.3235918,0
1496,125.0572893,210.3235918,0
1497,125.0572893,210.3235918,0
1498,125.0572893,210.3235918,0
1499,125.0572893,210.3235918,0
1500,125.0572893,210.3235918,0
1501,125.0572893,210.3235918,0
1502,125.0572893,210.3235918,0
1503,125.0572893,210.3235918,0
1504,125.0572893,210.3235918,0
1505,125.0572893,210.3235918,0
1506,125.0572893,210.3235918,0
1507,125.0572893,207.4813811,0
1508,125.0572893,207.4813811,0
1509,125.0572893,207.4813811,0
1510,125.0572893,207.4813811,0
1511,125.0572893,207.4813811,0
1512,125.0572893,207.4813811,0
1513,125.0572893,207.4813811,0
1514,127.8995004,207.4813811,0
1515,127.8995004,207.4813811,0
1516,127.8995004,207.4813811,0
1517,127.8995004,207.4813811,0
1518,127.8995004,207.4813811,0
1519,127.8995004,207.4813811,0
1520,127.8995004,207.4813811,0
1521,127.8995004,207.4813811,0
1522,127.8995004,207.4813811,0
1523,127.8995004,207.4813811,0
1524,127.8995004,207.4813811,0
1525,127.8995004,207.4813811,0
1526,127.8995004,207.4813811,0
1527,127.8995004,207.4813811,0
1528,127.8995004,207.4813811,0
1529,127.8995004,207.4813811,0
1530,127.8995004,207.4813811,0
1531,127.8995004,207.4813811,0
1532,127.8995004,207.4813811,0
1533,127.8995004,207.4813811,0
1534,127.8995004,207.4813811,0
1535,127.8995004,207.4813811,0
1536,127.8995004,207.4813811,0
1537,127.8995004,207.4813811,0
1538,127.8995004,207.4813811,0
1539,127.8995004,207.4813811,0
1540,127.8995004,207.4813811,0
1541,127.8995004,207.4813811,0
1542,127.8995004,207.4813811,0
1543,127.8995004,207.4813811,0
1544,127.8995004,207.4813811,0
1545,127.8995004,207.4813811,0
1546,127.8995004,207.4813811,0
1547,127.8995004,210.3235918,0
1548,127.8995004,210.3235918,0
1549,127.8995004,210.3235918,0
1550,127.8995004,210.3235918,0
1551,127.8995004,210.3235918,0
1552,127.8995004,210.3235918,0
1553,127.8995004,210.3235918,0
1554,127.8995004,210.3235918,0
1555,127.8995004,210.3235918,0
1556,127.8995004,210.3235918,0
1557,127.8995004,210.3235918,0
1558,127.8995004,210.3235918,0
1559,127.8995004,210.3235918,0
1560,127.8995004,210.3235918,0
1561,127.8995004,210.3235918,0
1562,127.8995004,210.3235918,0
1563,127.8995004,210.3235918,0
1564,127.8995004,210.3235918,0
1565,127.8995004,210.3235918,0
1566,127.8995004,210.3235918,0
1567,127.8995004,210.3235918,0
1568,127.8995004,210.3235918,0
1569,127.8995004,210.3235918,0
1570,127.8995004,210.3235918,0
1571,127.8995004,210.3235918,0
1572,127.8995004,210.3235918,0
1573,127.8995004,210.3235918,0
1574,127.8995004,210.3235918,0
1575,127.8995004,210.3235918,0
1576,127.8995004,210.3235918,0
1577,127.8995004,210.3235918,0
1578,125.0572893,210.3235918,0
1579,125.0572893,210.3235918,0
1580,125.0572893,210.3235918,0
1581,125.0572893,210.3235918,0
1582,125.0572893,210.3235918,0
1583,125.0572893,210.3235918,0
1584,125.0572893,210.3235918,0
1585,125.0572893,210.3235918,0
1586,125.0572893,210.3235918,0
1587,125.0572893,210.3235918,0
1588,125.0572893,210.3235918,0
1589,125.0572893,210.3235918,0
1590,125.0572893,210.3235918,0
1591,125.0572893,210.3235918,0
1592,125.0572893,210.3235918,0
1593,125.0572893,210.3235918,0
1594,125.0572893,210.3235918,0
1595,125.0572893,210.3235918,0
1596,125.0572893,210.3235918,0
1597,125.0572893,204.6391704,0
1598,125.0572893,204.6391704,0
1599,125.0572893,204.6391704,0
1600,125.0572893,204.6391704,0
1601,125.0572893,204.6391704,0
1602,125.0572893,204.6391704,0
1603,125.0572893,204.6391704,0
1604,125.0572893,204.6391704,0
1605,125.0572893,204.6391704,0
1606,125.0572893,204.6391704,0
1607,125.0572893,204.6391704,0
1608,125.0572893,210.3235918,0
1609,125.0572893,210.3235918,0
1610,125.0572893,210.3235918,0
1611,125.0572893,210.3235918,0
1612,125.0572893,210.3235918,0
1613,125.0572893,210.3235918,0
1614,125.0572893,210.3235918,0
1615,125.0572893,210.3235918,0
1616,125.0572893,210.3235918,0
1617,125.0572893,210.3235918,0
1618,125.0572893,210.3235918,0
1619,125.0572893,210.3235918,0
1620,125.0572893,210.3235918,0
1621,125.0572893,210.3235918,0
1622,125.0572893,210.3235918,0
1623,125.0572893,210.3235918,0
1624,125.0572893,210.3235918,0
1625,125.0572893,210.3235918,0
1626,125.0572893,210.3235918,0
1627,125.0572893,210.3235918,0
1628,125.0572893,210.3235918,0
1629,125.0572893,210.3235918,0
1630,125.0572893,210.3235918,0
1631,125.0572893,210.3235918,0
1632,125.0572893,210.3235918,0
1633,125.0572893,210.3235918,0
1634,125.0572893,210.3235918,0
1635,125.0572893,210.3235918,0
1636,125.0572893,210.3235918,0
1637,125.0572893,210.3235918,0
1638,125.0572893,210.3235918,0
1639,125.0572893,210.3235918,0
1640,125.0572893,210.3235918,0
1641,125.0572893,210.3235918,0
1642,125.0572893,210.3235918,0
1643,125.0572893,210.3235918,0
1644,125.0572893,210.3235918,0
1645,125.0572893,210.3235918,0
1646,125.0572893,210.3235918,0
1647,125.0572893,210.3235918,0
1648,125.0572893,210.3235918,0
1649,125.0572893,210.3235918,0
1650,125.0572893,210.3235918,0
1651,125.0572893,210.3235918,0
1652,125.0572893,210.3235918,0
1653,125.0572893,210.3235918,0
1654,125.0572893,210.3235918,0
1655,125.0572893,210.3235918,0
1656,125.0572893,210.3235918,0
1657,125.0572893,210.3235918,0
1658,125.0572893,207.4813811,0
1659,125.0572893,207.4813811,0
1660,125.0572893,207.4813811,0
1661,125.0572893,207.4813811,0
1662,125.0572893,207.4813811,0
1663,125.0572893,207.4813811,0
1664,125.0572893,207.4813811,0
1665,125.0572893,207.4813811,0
1666,125.0572893,207.4813811,0
1667,125.0572893,207.4813811,0
1668,125.0572893,207.4813811,0
1669,125.0572893,207.4813811,0
1670,125.0572893,207.4813811,0
1671,125.0572893,207.4813811,0
1672,125.0572893,207.4813811,0
1673,125.0572893,204.6391704,0
1674,125.0572893,204.6391704,0
1675,125.0572893,204.6391704,0
1676,125.0572893,204.6391704,0
1677,125.0572893,207.4813811,0
1678,125.0572893,207.4813811,0
1679,125.0572893,207.4813811,0
1680,125.0572893,207.4813811,0
1681,125.0572893,207.4813811,0
1682,125.0572893,207.4813811,0
1683,125.0572893,207.4813811,0
1684,125.0572893,207.4813811,0
1685,125.0572893,207.4813811,0
1686,125.0572893,207.4813811,0
1687,125.0572893,207.4813811,0
1688,125.0572893,207.4813811,0
1689,125.0572893,207.4813811,0
1690,125.0572893,207.4813811,0
1691,125.0572893,207.4813811,0
1692,125.0572893,207.4813811,0
1693,125.0572893,207.4813811,0
1694,125.0572893,207.4813811,0
1695,125.0572893,207.4813811,0
1696,125.0572893,207.4813811,0
1697,125.0572893,207.4813811,0
1698,125.0572893,207.4813811,0
1699,125.0572893,207.4813811,0
1700,125.0572893,207.4813811,0
1701,125.0572893,207.4813811,0
1702,125.0572893,207.4813811,0
1703,125.0572893,207.4813811,0
1704,125.0572893,207.4813811,0
1705,127.8995004,207.4813811,0
1706,127.8995004,207.4813811,0
1707,127.8995004,207.4813811,0
1708,127.8995004,207.4813811,0
1709,127.8995004,207.4813811,0
1710,127.8995004,207.4813811,0
1711,127.8995004,207.4813811,0
1712,127.8995004,207.4813811,0
1713,127.8995004,207.4813811,0
1714,127.8995004,207.4813811,0
1715,127.8995004,207.4813811,0
1716,127.8995004,207.4813811,0
1717,127.8995004,207.4813811,0
1718,127.8995004,207.4813811,0
1719,127.8995004,207.4813811,0
1720,127.8995004,207.4813811,0
1721,127.8995004,207.4813811,0
1722,127.8995004,207.4813811,0
1723,127.8995004,207.4813811,0
1724,127.8995004,210.3235918,0
1725,127.8995004,210.3235918,0
1726,127.8995004,210.3235918,0
1727,127.8995004,210.3235918,0
1728,127.8995004,210.3235918,0
1729,127.8995004,210.3235918,0
1730,127.8995004,210.3235918,0
1731,127.8995004,210.3235918,0
1732,127.8995004,210.3235918,0
1733,127.8995004,210.3235918,0
1734,127.8995004,210.3235918,0
1735,127.8995004,210.3235918,0
1736,127.8995004,210.3235918,0
1737,127.8995004,210.3235918,0
1738,127.8995004,210.3235918,0
1739,127.8995004,210.3235918,0
1740,127.8995004,210.3235918,0
1741,127.8995004,210.3235918,0
1742,127.8995004,210.3235918,0
1743,127.8995004,210.3235918,0
1744,127.8995004,210.3235918,0
1745,127.8995004,210.3235918,0
1746,127.8995004,210.3235918,0
1747,127.8995004,210.3235918,0
1748,127.8995004,210.3235918,0
1749,127.8995004,210.3235918,0
1750,127.8995004,210.3235918,0
1751,127.8995004,210.3235918,0
1752,127.8995004,210.3235918,0
1753,127.8995004,210.3235918,0
1754,127.8995004,210.3235918,0
1755,127.8995004,210.3235918,0
1756,127.8995004,210.3235918,0
1757,127.8995004,210.3235918,0
1758,127.8995004,210.3235918,0
1759,127.8995004,210.3235918,0
1760,127.8995004,210.3235918,0
1761,127.8995004,210.3235918,0
1762,127.8995004,210.3235918,0
1763,127.8995004,210.3235918,0
1764,127.8995004,210.3235918,0
1765,127.8995004,210.3235918,0
1766,127.8995004,210.3235918,0
1767,127.8995004,210.3235918,0
1768,127.8995004,210.3235918,0
1769,127.8995004,210.3235918,0
1770,127.8995004,210.3235918,0
1771,127.8995004,210.3235918,0
1772,127.8995004,210.3235918,0
1773,127.8995004,210.3235918,0
1774,127.8995004,210.3235918,0
1775,127.8995004,210.3235918,0
1776,127.8995004,210.3235918,0
1777,127.8995004,210.3235918,0
1778,127.8995004,210.3235918,0
1779,127.8995004,210.3235918,0
1780,127.8995004,210.3235918,0
1781,127.8995004,210.3235918,0
1782,127.8995004,210.3235918,0
1783,127.8995004,210.3235918,0
1784,127.8995004,210.3235918,0
1785,127.8995004,210.3235918,0
1786,127.8995004,213.1658025,0
1787,127.8995004,213.1658025,0
1788,127.8995004,213.1658025,0
1789,127.8995004,213.1658025,0
1790,127.8995004,213.1658025,0
1791,127.8995004,213.1658025,0
1792,127.8995004,213.1658025,0
1793,127.8995004,213.1658025,0
1794,127.8995004,213.1658025,0
1795,127.8995004,213.1658025,0
1796,127.8995004,213.1658025,0
1797,127.8995004,213.1658025,0
1798,127.8995004,213.1658025,0
1799,127.8995004,213.1658025,0
1800,127.8995004,213.1658025,0
1801,127.8995004,213.1658025,0
1802,127.8995004,213.1658025,0
1803,127.8995004,213.1658025,0
1804,127.8995004,213.1658025,0
1805,127.8995004,213.1658025,0
1806,127.8995004,213.1658025,0
1807,125.0572893,213.1658025,0
1808,125.0572893,213.1658025,0
1809,125.0572893,213.1658025,0
1810,125.0572893,213.1658025,0
1811,125.0572893,213.1658025,0
1812,125.0572893,213.1658025,0
1813,125.0572893,213.1658025,0
1814,125.0572893,213.1658025,0
1815,125.0572893,213.1658025,0
1816,125.0572893,213.1658025,0
1817,125.0572893,213.1658025,0
1818,125.0572893,213.1658025,0
1819,125.0572893,213.1658025,0
1820,125.0572893,213.1658025,0
1821,125.0572893,213.1658025,0
1822,125.0572893,213.1658025,0
1823,125.0572893,213.1658025,0
1824,125.0572893,213.1658025,0
1825,125.0572893,213.1658025,0
1826,125.0572893,213.1658025,0
1827,125.0572893,213.1658025,0
1828,125.0572893,213.1658025,0
1829,125.0572893,213.1658025,0
1830,125.0572893,213.1658025,0
1831,125.0572893,213.1658025,0
1832,122.2150781,213.1658025,0
1833,122.2150781,213.1658025,0
1834,122.2150781,213.1658025,0
1835,122.2150781,213.1658025,0
1836,122.2150781,210.3235918,0
1837,122.2150781,210.3235918,0
1838,122.2150781,210.3235918,0
1839,122.2150781,210.3235918,0
1840,122.2150781,210.3235918,0
1841,122.2150781,210.3235918,0
1842,122.2150781,210.3235918,0
1843,122.2150781,210.3235918,0
1844,122.2150781,210.3235918,0
1845,122.2150781,210.3235918,0
1846,122.2150781,210.3235918,0
1847,122.2150781,210.3235918,0
1848,122.2150781,210.3235918,0
1849,122.2150781,210.3235918,0
1850,122.2150781,210.3235918,0
1851,122.2150781,210.3235918,0
1852,122.2150781,207.4813811,0
1853,122.2150781,207.4813811,0
1854,122.2150781,207.4813811,0
1855,122.2150781,207.4813811,0
1856,122.2150781,207.4813811,0
1857,122.2150781,207.4813811,0
1858,122.2150781,207.4813811,0
1859,122.2150781,207.4813811,0
1860,122.2150781,207.4813811,0
1861,122.2150781,207.4813811,0
1862,122.2150781,207.4813811,0
1863,122.2150781,207.4813811,0
1864,122.2150781,207.4813811,0
1865,122.2150781,207.4813811,0
1866,122.2150781,207.4813811,0
1867,122.2150781,207.4813811,0
1868,122.2150781,207.4813811,0
1869,122.2150781,207.4813811,0
1870,125.0572893,207.4813811,0
1871,125.0572893,207.4813811,0
1872,125.0572893,207.4813811,0
1873,125.0572893,207.4813811,0
1874,125.0572893,207.4813811,0
1875,125.0572893,207.4813811,0
1876,125.0572893,207.4813811,0
1877,125.0572893,207.4813811,0
1878,125.0572893,207.4813811,0
1879,125.0572893,207.4813811,0
1880,125.0572893,207.4813811,0
1881,125.0572893,207.4813811,0
1882,125.0572893,207.4813811,0
1883,125.0572893,207.4813811,0
1884,125.0572893,207.4813811,0
1885,125.0572893,207.4813811,0
1886,125.0572893,207.4813811,0
1887,125.0572893,207.4813811,0
1888,125.0572893,207.4813811,0
1889,125.0572893,210.3235918,0
1890,125.0572893,210.3235918,0
1891,125.0572893,210.3235918,0
1892,125.0572893,210.3235918,0
1893,125.0572893,210.3235918,0
1894,125.0572893,210.3235918,0
1895,125.0572893,210.3235918,0
1896,125.0572893,210.3235918,0
1897,125.0572893,210.3235918,0
1898,125.0572893,210.3235918,0
1899,125.0572893,210.3235918,0
1900,125.0572893,210.3235918,0
1901,125.0572893,210.3235918,0
1902,125.0572893,210.3235918,0
1903,125.0572893,210.3235918,0
1904,125.0572893,210.3235918,0
1905,125.0572893,210.3235918,0
1906,125.0572893,210.3235918,0
1907,125.0572893,210.3235918,0
1908,125.0572893,210.3235918,0
1909,125.0572893,210.3235918,0
1910,125.0572893,210.3235918,0
1911,125.0572893,210.3235918,0
1912,125.0572893,210.3235918,0
1913,125.0572893,210.3235918,0
1914,125.0572893,210.3235918,0
1915,125.0572893,210.3235918,0
1916,125.0572893,210.3235918,0
1917,125.0572893,210.3235918,0
1918,125.0572893,210.3235918,0
1919,125.0572893,210.3235918,0
1920,125.0572893,210.3235918,0
1921,125.0572893,210.3235918,0
1922,125.0572893,210.3235918,0
1923,125.0572893,210.3235918,0
1924,125.0572893,210.3235918,0
1925,125.0572893,210.3235918,0
1926,125.0572893,210.3235918,0
1927,125.0572893,210.3235918,0
1928,125.0572893,210.3235918,0
1929,125.0572893,210.3235918,0
1930,125.0572893,210.3235918,0
1931,125.0572893,210.3235918,0
1932,125.0572893,210.3235918,0
1933,125.0572893,210.3235918,0
1934,125.0572893,210.3235918,0
1935,125.0572893,210.3235918,0
1936,125.0572893,210.3235918,0
1937,125.0572893,210.3235918,0
1938,125.0572893,210.3235918,0
1939,125.0572893,210.3235918,0
1940,125.0572893,210.3235918,0
1941,125.0572893,210.3235918,0
1942,125.0572893,210.3235918,0
1943,125.0572893,210.3235918,0
1944,125.0572893,210.3235918,0
1945,125.0572893,210.3235918,0
1946,125.0572893,210.3235918,0
1947,125.0572893,210.3235918,0
1948,125.0572893,210.3235918,0
1949,125.0572893,210.3235918,0
1950,125.0572893,210.3235918,0
1951,125.0572893,210.3235918,0
1952,125.0572893,210.3235918,0
1953,125.0572893,210.3235918,0
1954,125.0572893,210.3235918,0
1955,125.0572893,210.3235918,0
1956,125.0572893,210.3235918,0
1957,125.0572893,210.3235918,0
1958,125.0572893,210.3235918,0
1959,125.0572893,210.3235918,0
1960,125.0572893,210.3235918,0
1961,125.0572893,210.3235918,0
1962,125.0572893,210.3235918,0
1963,125.0572893,210.3235918,0
1964,125.0572893,210.3235918,0
1965,125.0572893,210.3235918,0
1966,125.0572893,210.3235918,0
1967,125.0572893,210.3235918,0
1968,125.0572893,210.3235918,0
1969,125.0572893,210.3235918,0
1970,125.0572893,210.3235918,0
1971,125.0572893,210.3235918,0
1972,125.0572893,210.3235918,0
1973,125.0572893,210.3235918,0
1974,125.0572893,210.3235918,0
1975,125.0572893,210.3235918,0
1976,125.0572893,210.3235918,0
1977,125.0572893,210.3235918,0
1978,125.0572893,210.3235918,0
1979,125.0572893,210.3235918,0
1980,125.0572893,210.3235918,0
1981,125.0572893,210.3235918,0
1982,125.0572893,210.3235918,0
1983,125.0572893,210.3235918,0
1984,125.0572893,210.3235918,0
1985,125.0572893,210.3235918,0
1986,125.0572893,210.3235918,0
1987,125.0572893,210.3235918,0
1988,125.0572893,210.3235918,0
1989,125.0572893,210.3235918,0
1990,125.0572893,210.3235918,0
1991,125.0572893,210.3235918,0
1992,125.0572893,210.3235918,0
1993,125.0572893,210.3235918,0
1994,125.0572893,210.3235918,0
1995,125.0572893,210.3235918,0
1996,125.0572893,210.3235918,0
1997,125.0572893,210.3235918,0
1998,125.0572893,210.3235918,0
1999,125.0572893,210.3235918,0
2000,125.0572893,210.3235918,0
2001,125.0572893,210.3235918,0
2002,125.0572893,210.3235918,0
2003,125.0572893,210.3235918,0
2004,125.0572893,210.3235918,0
2005,125.0572893,207.4813811,0
2006,125.0572893,207.4813811,0
2007,125.0572893,207.4813811,0
2008,125.0572893,207.4813811,0
2009,125.0572893,207.4813811,0
2010,125.0572893,207.4813811,0
2011,125.0572893,201.7969597,0
2012,125.0572893,201.7969597,0
2013,125.0572893,201.7969597,0
2014,125.0572893,201.7969597,0
2015,125.0572893,201.7969597,0
2016,125.0572893,201.7969597,0
2017,125.0572893,207.4813811,0
2018,125.0572893,207.4813811,0
2019,125.0572893,207.4813811,0
2020,125.0572893,207.4813811,0
2021,125.0572893,207.4813811,0
2022,125.0572893,207.4813811,0
2023,125.0572893,207.4813811,0
2024,125.0572893,207.4813811,0
2025,125.0572893,207.4813811,0
2026,125.0572893,207.4813811,0
2027,125.0572893,207.4813811,0
2028,125.0572893,207.4813811,0
2029,125.0572893,207.4813811,0
2030,125.0572893,207.4813811,0
2031,125.0572893,207.4813811,0
2032,125.0572893,207.4813811,0
2033,125.0572893,207.4813811,0
2034,125.0572893,207.4813811,0
2035,125.0572893,207.4813811,0
2036,125.0572893,207.4813811,0
2037,125.0572893,207.4813811,0
2038,125.0572893,207.4813811,0
2039,125.0572893,207.4813811,0
2040,125.0572893,207.4813811,0
2041,119.372867,207.4813811,0
2042,119.372867,207.4813811,0
2043,119.372867,207.4813811,0
2044,119.372867,207.4813811,0
2045,119.372867,207.4813811,0
2046,119.372867,207.4813811,0
2047,119.372867,207.4813811,0
2048,119.372867,207.4813811,0
2049,119.372867,207.4813811,0
2050,119.372867,207.4813811,0
2051,119.372867,207.4813811,0
2052,119.372867,207.4813811,0
2053,119.372867,207.4813811,0
2054,119.372867,207.4813811,0
2055,119.372867,207.4813811,0
2056,119.372867,207.4813811,0
2057,119.372867,207.4813811,0
2058,119.372867,207.4813811,0
2059,119.372867,207.4813811,0
2060,119.372867,207.4813811,0
2061,119.372867,207.4813811,0
2062,119.372867,207.4813811,0
2063,119.372867,207.4813811,0
2064,119.372867,207.4813811,0
2065,119.372867,207.4813811,0
2066,119.372867,207.4813811,0
2067,119.372867,207.4813811,0
2068,119.372867,207.4813811,0
2069,119.372867,207.4813811,0
2070,119.372867,207.4813811,0
2071,119.372867,207.4813811,0
2072,119.372867,207.4813811,0
2073,119.372867,207.4813811,0
2074,119.372867,207.4813811,0
2075,119.372867,207.4813811,0
2076,119.372867,207.4813811,0
2077,119.372867,207.4813811,0
2078,119.372867,207.4813811,0
2079,119.372867,207.4813811,0
2080,119.372867,207.4813811,0
2081,119.372867,207.4813811,0
2082,119.372867,207.4813811,0
2083,119.372867,207.4813811,0
2084,119.372867,207.4813811,0
2085,119.372867,207.4813811,0
2086,119.372867,207.4813811,0
2087,119.372867,207.4813811,0
2088,119.372867,207.4813811,0
2089,119.372867,207.4813811,0
2090,119.372867,207.4813811,0
2091,119.372867,207.4813811,0
2092,119.372867,207.4813811,0
2093,119.372867,207.4813811,0
2094,119.372867,207.4813811,0
2095,119.372867,207.4813811,0
2096,119.372867,207.4813811,0
2097,119.372867,207.4813811,0
2098,119.372867,207.4813811,0
2099,119.372867,207.4813811,0
2100,119.372867,207.4813811,0
2101,119.372867,207.4813811,0
2102,119.372867,207.4813811,0
2103,119.372867,207.4813811,0
2104,119.372867,207.4813811,0
2105,119.372867,207.4813811,0
2106,119.372867,207.4813811,0
2107,119.372867,207.4813811,0
2108,119.372867,207.4813811,0
2109,119.372867,207.4813811,0
2110,119.372867,207.4813811,0
2111,119.372867,207.4813811,0
2112,119.372867,207.4813811,0
2113,119.372867,207.4813811,0
2114,119.372867,207.4813811,0
2115,119.372867,207.4813811,0
2116,119.372867,207.4813811,0
2117,119.372867,207.4813811,0
2118,119.372867,207.4813811,0
2119,119.372867,207.4813811,0
2120,119.372867,207.4813811,0
2121,119.372867,207.4813811,0
2122,119.372867,207.4813811,0
2123,119.372867,207.4813811,0
2124,119.372867,207.4813811,0
2125,119.372867,207.4813811,0
2126,119.372867,207.4813811,0
2127,119.372867,207.4813811,0
2128,119.372867,207.4813811,0
2129,119.372867,207.4813811,0
2130,119.372867,207.4813811,0
2131,119.372867,207.4813811,0
2132,119.372867,207.4813811,0
2133,119.372867,207.4813811,0
2134,119.372867,207.4813811,0
2135,119.372867,207.4813811,0
2136,119.372867,207.4813811,0
2137,119.372867,207.4813811,0
2138,119.372867,207.4813811,0
2139,119.372867,207.4813811,0
2140,119.372867,207.4813811,0
2141,119.372867,207.4813811,0
2142,119.372867,207.4813811,0
2143,119.372867,207.4813811,0
2144,119.372867,207.4813811,0
2145,119.372867,207.4813811,0
2146,119.372867,207.4813811,0
2147,119.372867,207.4813811,0
2148,119.372867,207.4813811,0
2149,119.372867,207.4813811,0
2150,119.372867,207.4813811,0
2151,119.372867,207.4813811,0
2152,119.372867,207.4813811,0
2153,119.372867,207.4813811,0
2154,119.372867,207.4813811,0
2155,119.372867,207.4813811,0
2156,119.372867,207.4813811,0
2157,119.372867,207.4813811,0
2158,119.372867,207.4813811,0
2159,119.372867,207.4813811,0
2160,119.372867,207.4813811,0
2161,119.372867,207.4813811,0
2162,119.372867,207.4813811,0
2163,119.372867,207.4813811,0
2164,119.372867,207.4813811,0
2165,119.372867,207.4813811,0
2166,119.372867,207.4813811,0
2167,119.372867,207.4813811,0
2168,119.372867,207.4813811,0
2169,119.372867,207.4813811,0
2170,119.372867,207.4813811,0
2171,119.372867,207.4813811,0
2172,119.372867,207.4813811,0
2173,119.372867,207.4813811,0
2174,119.372867,207.4813811,0
2175,119.372867,207.4813811,0
2176,119.372867,207.4813811,0
2177,119.372867,207.4813811,0
2178,119.372867,207.4813811,0
2179,119.372867,207.4813811,0
2180,119.372867,207.4813811,0
2181,119.372867,207.4813811,0
2182,119.372867,207.4813811,0
2183,119.372867,207.4813811,0
2184,119.372867,207.4813811,0
2185,119.372867,207.4813811,0
2186,119.372867,207.4813811,0
2187,119.372867,207.4813811,0
2188,119.372867,207.4813811,0
2189,119.372867,207.4813811,0
2190,119.372867,207.4813811,0
2191,119.372867,207.4813811,0
2192,119.372867,207.4813811,0
2193,119.372867,207.4813811,0
2194,119.372867,207.4813811,0
2195,119.372867,207.4813811,0
2196,119.372867,207.4813811,0
2197,119.372867,207.4813811,0
2198,119.372867,207.4813811,0
2199,119.372867,207.4813811,0
2200,119.372867,207.4813811,0
2201,119.372867,207.4813811,0
2202,119.372867,207.4813811,0
2203,119.372867,207.4813811,0
2204,119.372867,207.4813811,0
2205,119.372867,207.4813811,0
2206,119.372867,207.4813811,0
2207,119.372867,207.4813811,0
2208,119.372867,207.4813811,0
2209,119.372867,207.4813811,0
2210,119.372867,207.4813811,0
2211,119.372867,207.4813811,0
2212,119.372867,207.4813811,0
2213,119.372867,207.4813811,0
2214,119.372867,207.4813811,0
2215,119.372867,207.4813811,0
2216,119.372867,207.4813811,0
2217,119.372867,207.4813811,0
2218,119.372867,207.4813811,0
2219,119.372867,207.4813811,0
2220,119.372867,207.4813811,0
2221,119.372867,207.4813811,0
2222,119.372867,207.4813811,0
2223,119.372867,207.4813811,0
2224,119.372867,207.4813811,0
2225,119.372867,207.4813811,0
2226,119.372867,207.4813811,0
2227,119.372867,207.4813811,0
2228,119.372867,207.4813811,0
2229,119.372867,207.4813811,0
2230,119.372867,207.4813811,0
2231,119.372867,207.4813811,0
2232,119.372867,207.4813811,0
2233,119.372867,207.4813811,0
2234,119.372867,207.4813811,0
2235,119.372867,207.4813811,0
2236,119.372867,207.4813811,0
2237,119.372867,207.4813811,0
2238,119.372867,207.4813811,0
2239,119.372867,207.4813811,0
2240,119.372867,207.4813811,0
2241,119.372867,207.4813811,0
2242,119.372867,207.4813811,0
2243,119.372867,207.4813811,0
2244,119.372867,207.4813811,0
2245,119.372867,207.4813811,0
2246,119.372867,207.4813811,0
2247,119.372867,207.4813811,0
2248,119.372867,207.4813811,0
2249,119.372867,207.4813811,0
2250,119.372867,207.4813811,0
2251,119.372867,207.4813811,0
2252,119.372867,207.4813811,0
2253,119.372867,207.4813811,0
2254,119.372867,207.4813811,0
2255,119.372867,207.4813811,0
2256,119.372867,207.4813811,0
2257,119.372867,207.4813811,0
2258,119.372867,204.6391704,0
2259,119.372867,204.6391704,0
2260,119.372867,204.6391704,0
2261,119.372867,204.6391704,0
2262,119.372867,204.6391704,0
2263,119.372867,204.6391704,0
2264,119.372867,204.6391704,0
2265,119.372867,204.6391704,0
2266,119.372867,204.6391704,0
2267,119.372867,204.6391704,0
2268,119.372867,204.6391704,0
2269,119.372867,204.6391704,0
2270,119.372867,204.6391704,0
2271,119.372867,204.6391704,0
2272,119.372867,204.6391704,0
2273,119.372867,204.6391704,0
2274,119.372867,204.6391704,0
2275,119.372867,204.6391704,0
2276,119.372867,204.6391704,0
2277,119.372867,204.6391704,0
2278,119.372867,204.6391704,0
2279,119.372867,204.6391704,0
2280,119.372867,204.6391704,0
2281,119.372867,204.6391704,0
2282,119.372867,204.6391704,0
2283,119.372867,204.6391704,0
2284,116.5306559,204.6391704,0
2285,116.5306559,204.6391704,0
2286,116.5306559,204.6391704,0
2287,116.5306559,204.6391704,0
2288,116.5306559,204.6391704,0
2289,116.5306559,204.6391704,0
2290,116.5306559,204.6391704,0
2291,116.5306559,204.6391704,0
2292,116.5306559,204.6391704,0
2293,116.5306559,204.6391704,0
2294,116.5306559,204.6391704,0
2295,116.5306559,204.6391704,0
2296,116.5306559,204.6391704,0
2297,116.5306559,204.6391704,0
2298,116.5306559,204.6391704,0
2299,116.5306559,204.6391704,0
2300,116.5306559,204.6391704,0
2301,119.372867,204.6391704,0
2302,119.372867,207.4813811,0
2303,119.372867,207.4813811,0
2304,119.372867,207.4813811,0
2305,119.372867,207.4813811,0
2306,119.372867,207.4813811,0
2307,119.372867,207.4813811,0
2308,119.372867,207.4813811,0
2309,119.372867,207.4813811,0
2310,119.372867,207.4813811,0
2311,119.372867,207.4813811,0
2312,119.372867,207.4813811,0
2313,119.372867,207.4813811,0
2314,119.372867,207.4813811,0
2315,119.372867,207.4813811,0
2316,119.372867,207.4813811,0
2317,119.372867,207.4813811,0
2318,119.372867,207.4813811,0
2319,119.372867,207.4813811,0
2320,119.372867,207.4813811,0
2321,119.372867,207.4813811,0
2322,119.372867,207.4813811,0
2323,119.372867,207.4813811,0
2324,119.372867,207.4813811,0
2325,119.372867,207.4813811,0
2326,119.372867,207.4813811,0
2327,119.372867,207.4813811,0
2328,119.372867,207.4813811,0
2329,119.372867,207.4813811,0
2330,119.372867,207.4813811,0
2331,119.372867,207.4813811,0
2332,119.372867,207.4813811,0
2333,119.372867,207.4813811,0
2334,119.372867,207.4813811,0
2335,119.372867,207.4813811,0
2336,119.372867,207.4813811,0
2337,119.372867,207.4813811,0
2338,119.372867,207.4813811,0
2339,119.372867,207.4813811,0
2340,119.372867,207.4813811,0
2341,119.372867,207.4813811,0
2342,119.372867,207.4813811,0
2343,119.372867,207.4813811,0
2344,119.372867,207.4813811,0
2345,119.372867,207.4813811,0
2346,119.372867,207.4813811,0
2347,119.372867,207.4813811,0
2348,119.372867,207.4813811,0
2349,119.372867,207.4813811,0
2350,119.372867,207.4813811,0
2351,119.372867,207.4813811,0
2352,119.372867,207.4813811,0
2353,119.372867,207.4813811,0
2354,119.372867,207.4813811,0
2355,119.372867,207.4813811,0
2356,119.372867,207.4813811,0
2357,119.372867,207.4813811,0
2358,119.372867,207.4813811,0
2359,119.372867,207.4813811,0
2360,119.372867,207.4813811,0
2361,119.372867,207.4813811,0
2362,119.372867,207.4813811,0
2363,119.372867,207.4813811,0
2364,119.372867,207.4813811,0
2365,119.372867,207.4813811,0
2366,119.372867,207.4813811,0
2367,119.372867,207.4813811,0
2368,119.372867,207.4813811,0
2369,119.372867,207.4813811,0
2370,119.372867,207.4813811,0
2371,119.372867,207.4813811,0
2372,119.372867,207.4813811,0
2373,119.372867,207.4813811,0
2374,119.372867,207.4813811,0
2375,119.372867,207.4813811,0
2376,119.372867,207.4813811,0
2377,119.372867,207.4813811,0
2378,119.372867,207.4813811,0
2379,119.372867,207.4813811,0
2380,119.372867,207.4813811,0
2381,119.372867,207.4813811,0
2382,119.372867,207.4813811,0
2383,119.372867,207.4813811,0
2384,119.372867,207.4813811,0
2385,119.372867,207.4813811,0
2386,119.372867,207.4813811,0
2387,119.372867,207.4813811,0
2388,119.372867,207.4813811,0
2389,119.372867,207.4813811,0
2390,119.372867,207.4813811,0
2391,119.372867,207.4813811,0
2392,119.372867,207.4813811,0
2393,119.372867,207.4813811,0
2394,119.372867,207.4813811,0
2395,119.372867,207.4813811,0
2396,119.372867,207.4813811,0
2397,119.372867,204.6391704,0
2398,119.372867,204.6391704,0
2399,119.372867,204.6391704,0
2400,119.372867,204.6391704,0
2401,119.372867,204.6391704,0
2402,119.372867,204.6391704,0
2403,119.372867,204.6391704,0
2404,119.372867,204.6391704,0
2405,119.372867,204.6391704,0
2406,119.372867,204.6391704,0
2407,119.372867,204.6391704,0
2408,119.372867,204.6391704,0
2409,119.372867,204.6391704,0
2410,119.372867,204.6391704,0
2411,119.372867,204.6391704,0
2412,119.372867,204.6391704,0
2413,119.372867,204.6391704,0
2414,119.372867,204.6391704,0
2415,119.372867,204.6391704,0
2416,119.372867,204.6391704,0
2417,119.372867,204.6391704,0
2418,119.372867,204.6391704,0
2419,119.372867,204.6391704,0
2420,119.372867,204.6391704,0
2421,119.372867,204.6391704,0
2422,119.372867,204.6391704,0
2423,119.372867,204.6391704,0
2424,119.372867,204.6391704,0
2425,119.372867,204.6391704,0
2426,119.372867,204.6391704,0
2427,119.372867,207.4813811,0
2428,119.372867,207.4813811,0
2429,119.372867,207.4813811,0
2430,119.372867,210.3235918,0
2431,119.372867,210.3235918,0
2432,119.372867,210.3235918,0
2433,119.372867,210.3235918,0
2434,119.372867,210.3235918,0
2435,119.372867,210.3235918,0
2436,119.372867,210.3235918,0
2437,119.372867,210.3235918,0
2438,119.372867,210.3235918,0
2439,119.372867,210.3235918,0
2440,119.372867,210.3235918,0
2441,119.372867,210.3235918,0
2442,119.372867,210.3235918,0
2443,119.372867,210.3235918,0
2444,119.372867,210.3235918,0
2445,119.372867,210.3235918,0
2446,119.372867,210.3235918,0
2447,119.372867,210.3235918,0
2448,119.372867,210.3235918,0
2449,116.5306559,210.3235918,0
2450,116.5306559,210.3235918,0
2451,116.5306559,210.3235918,0
2452,116.5306559,210.3235918,0
2453,116.5306559,210.3235918,0
2454,119.372867,210.3235918,0
2455,119.372867,210.3235918,0
2456,119.372867,210.3235918,0
2457,119.372867,210.3235918,0
2458,119.372867,210.3235918,0
2459,119.372867,210.3235918,0
2460,119.372867,210.3235918,0
2461,119.372867,210.3235918,0
2462,119.372867,210.3235918,0
2463,119.372867,210.3235918,0
2464,119.372867,210.3235918,0
2465,119.372867,210.3235918,0
2466,119.372867,210.3235918,0
2467,119.372867,210.3235918,0
2468,119.372867,210.3235918,0
2469,119.372867,210.3235918,0
2470,119.372867,210.3235918,0
2471,119.372867,210.3235918,0
2472,119.372867,210.3235918,0
2473,119.372867,210.3235918,0
2474,119.372867,210.3235918,0
2475,119.372867,210.3235918,0
2476,119.372867,210.3235918,0
2477,119.372867,210.3235918,0
2478,119.372867,210.3235918,0
2479,119.372867,210.3235918,0
2480,119.372867,204.6391704,0
2481,119.372867,207.4813811,0
2482,119.372867,207.4813811,0
2483,119.372867,207.4813811,0
2484,119.372867,207.4813811,0
2485,119.372867,207.4813811,0
2486,119.372867,207.4813811,0
2487,119.372867,207.4813811,0
2488,119.372867,207.4813811,0
2489,119.372867,207.4813811,0
2490,119.372867,207.4813811,0
2491,119.372867,207.4813811,0
2492,119.372867,207.4813811,0
2493,119.372867,207.4813811,0
2494,119.372867,207.4813811,0
2495,119.372867,207.4813811,0
2496,119.372867,207.4813811,0
2497,119.372867,207.4813811,0
2498,119.372867,207.4813811,0
2499,119.372867,207.4813811,0
2500,119.372867,207.4813811,0
2501,119.372867,207.4813811,0
2502,119.372867,207.4813811,0
2503,119.372867,207.4813811,0
2504,119.372867,207.4813811,0
2505,119.372867,207.4813811,0
2506,119.372867,207.4813811,0
2507,119.372867,207.4813811,0
2508,119.372867,207.4813811,0
2509,119.372867,207.4813811,0
2510,119.372867,207.4813811,0
2511,119.372867,207.4813811,0
2512,119.372867,207.4813811,0
2513,119.372867,207.4813811,0
2514,119.372867,207.4813811,0
2515,119.372867,207.4813811,0
2516,119.372867,207.4813811,0
2517,119.372867,207.4813811,0
2518,119.372867,207.4813811,0
2519,119.372867,207.4813811,0
2520,119.372867,207.4813811,0
2521,119.372867,207.4813811,0
2522,119.372867,207.4813811,0
2523,119.372867,207.4813811,0
2524,119.372867,207.4813811,0
2525,119.372867,207.4813811,0
2526,119.372867,207.4813811,0
2527,119.372867,207.4813811,0
2528,119.372867,207.4813811,0
2529,119.372867,207.4813811,0
2530,119.372867,207.4813811,0
2531,119.372867,204.6391704,0
2532,119.372867,204.6391704,0
2533,119.372867,204.6391704,0
2534,119.372867,204.6391704,0
2535,119.372867,204.6391704,0
2536,119.372867,204.6391704,0
2537,119.372867,204.6391704,0
2538,119.372867,204.6391704,0
2539,119.372867,204.6391704,0
2540,119.372867,204.6391704,0
2541,119.372867,207.4813811,0
2542,119.372867,207.4813811,0
2543,119.372867,207.4813811,0
2544,119.372867,207.4813811,0
2545,119.372867,207.4813811,0
2546,119.372867,207.4813811,0
2547,119.372867,207.4813811,0
2548,119.372867,207.4813811,0
2549,119.372867,207.4813811,0
2550,119.372867,207.4813811,0
2551,119.372867,207.4813811,0
2552,119.372867,207.4813811,0
2553,119.372867,210.3235918,0
2554,119.372867,210.3235918,0
2555,119.372867,210.3235918,0
2556,119.372867,210.3235918,0
2557,119.372867,210.3235918,0
2558,119.372867,210.3235918,0
2559,119.372867,210.3235918,0
2560,119.372867,210.3235918,0
2561,119.372867,210.3235918,0
2562,119.372867,210.3235918,0
2563,119.372867,210.3235918,0
2564,119.372867,210.3235918,0
2565,119.372867,210.3235918,0
2566,119.372867,210.3235918,0
2567,119.372867,210.3235918,0
2568,119.372867,210.3235918,0
2569,119.372867,210.3235918,0
2570,119.372867,210.3235918,0
2571,119.372867,210.3235918,0
2572,119.372867,210.3235918,0
2573,119.372867,210.3235918,0
2574,119.372867,210.3235918,0
2575,119.372867,210.3235918,0
2576,119.372867,210.3235918,0
2577,119.372867,210.3235918,0
2578,119.372867,210.3235918,0
2579,119.372867,210.3235918,0
2580,119.372867,210.3235918,0
2581,119.372867,210.3235918,0
2582,119.372867,210.3235918,0
2583,119.372867,210.3235918,0
2584,119.372867,210.3235918,0
2585,119.372867,210.3235918,0
2586,119.372867,210.3235918,0
2587,119.372867,210.3235918,0
2588,119.372867,210.3235918,0
2589,119.372867,210.3235918,0
2590,119.372867,210.3235918,0
2591,119.372867,210.3235918,0
2592,119.372867,210.3235918,0
2593,119.372867,210.3235918,0
2594,119.372867,210.3235918,0
2595,119.372867,210.3235918,0
2596,119.372867,210.3235918,0
2597,119.372867,210.3235918,0
2598,119.372867,210.3235918,0
2599,119.372867,210.3235918,0
2600,119.372867,210.3235918,0
2601,119.372867,210.3235918,0
2602,119.372867,210.3235918,0
2603,119.372867,210.3235918,0
2604,119.372867,210.3235918,0
2605,119.372867,210.3235918,0
2606,119.372867,210.3235918,0
2607,119.372867,210.3235918,0
2608,119.372867,210.3235918,0
2609,119.372867,210.3235918,0
2610,119.372867,210.3235918,0
2611,119.372867,210.3235918,0
2612,119.372867,210.3235918,0
2613,119.372867,210.3235918,0
2614,119.372867,210.3235918,0
2615,119.372867,210.3235918,0
2616,119.372867,210.3235918,0
2617,119.372867,210.3235918,0
2618,119.372867,210.3235918,0
2619,119.372867,210.3235918,0
2620,119.372867,207.4813811,0
2621,119.372867,207.4813811,0
2622,119.372867,207.4813811,0
2623,119.372867,207.4813811,0
2624,119.372867,207.4813811,0
2625,119.372867,207.4813811,0
2626,119.372867,207.4813811,0
2627,119.372867,207.4813811,0
2628,119.372867,207.4813811,0
2629,119.372867,207.4813811,0
2630,119.372867,207.4813811,0
2631,119.372867,207.4813811,0
2632,119.372867,207.4813811,0
2633,119.372867,207.4813811,0
2634,119.372867,207.4813811,0
2635,119.372867,207.4813811,0
2636,119.372867,207.4813811,0
2637,119.372867,207.4813811,0
2638,119.372867,207.4813811,0
2639,119.372867,207.4813811,0
2640,119.372867,207.4813811,0
2641,119.372867,207.4813811,0
2642,119.372867,207.4813811,0
2643,119.372867,207.4813811,0
2644,119.372867,207.4813811,0
2645,119.372867,207.4813811,0
2646,119.372867,207.4813811,0
2647,119.372867,207.4813811,0
2648,119.372867,207.4813811,0
2649,119.372867,207.4813811,0
2650,116.5306559,207.4813811,0
2651,116.5306559,207.4813811,0
2652,116.5306559,207.4813811,0
2653,116.5306559,207.4813811,0
2654,116.5306559,207.4813811,0
2655,119.372867,207.4813811,0
2656,119.372867,207.4813811,0
2657,119.372867,207.4813811,0
2658,119.372867,207.4813811,0
2659,119.372867,207.4813811,0
2660,119.372867,207.4813811,0
2661,119.372867,207.4813811,0
2662,119.372867,207.4813811,0
2663,119.372867,207.4813811,0
2664,119.372867,207.4813811,0
2665,119.372867,207.4813811,0
2666,119.372867,207.4813811,0
2667,119.372867,207.4813811,0
2668,119.372867,207.4813811,0
2669,119.372867,207.4813811,0
2670,119.372867,207.4813811,0
2671,119.372867,207.4813811,0
2672,119.372867,207.4813811,0
2673,119.372867,207.4813811,0
2674,119.372867,207.4813811,0
2675,119.372867,207.4813811,0
2676,119.372867,207.4813811,0
2677,119.372867,207.4813811,0
2678,119.372867,207.4813811,0
2679,119.372867,207.4813811,0
2680,119.372867,207.4813811,0
2681,119.372867,207.4813811,0
2682,119.372867,207.4813811,0
2683,119.372867,207.4813811,0
2684,119.372867,207.4813811,0
2685,119.372867,207.4813811,0
2686,119.372867,207.4813811,0
2687,119.372867,207.4813811,0
2688,119.372867,207.4813811,0
2689,119.372867,207.4813811,0
2690,119.372867,207.4813811,0
2691,119.372867,207.4813811,0
2692,119.372867,207.4813811,0
2693,119.372867,207.4813811,0
2694,119.372867,207.4813811,0
2695,119.372867,207.4813811,0
2696,119.372867,207.4813811,0
2697,119.372867,207.4813811,0
2698,119.372867,207.4813811,0
2699,119.372867,207.4813811,0
2700,119.372867,207.4813811,0
2701,119.372867,207.4813811,0
2702,119.372867,207.4813811,0
2703,119.372867,207.4813811,0
2704,119.372867,207.4813811,0
2705,119.372867,207.4813811,0
2706,119.372867,207.4813811,0
2707,119.372867,207.4813811,0
2708,119.372867,207.4813811,0
2709,119.372867,207.4813811,0
2710,119.372867,207.4813811,0
2711,119.372867,207.4813811,0
2712,119.372867,207.4813811,0
2713,119.372867,207.4813811,0
2714,119.372867,207.4813811,0
2715,119.372867,207.4813811,0
2716,119.372867,207.4813811,0
2717,119.372867,207.4813811,0
2718,119.372867,207.4813811,0
2719,119.372867,207.4813811,0
2720,119.372867,207.4813811,0
2721,119.372867,207.4813811,0
2722,119.372867,207.4813811,0
2723,119.372867,207.4813811,0
2724,119.372867,207.4813811,0
2725,119.372867,207.4813811,0
2726,119.372867,207.4813811,0
2727,119.372867,207.4813811,0
2728,119.372867,207.4813811,0
2729,119.372867,207.4813811,0
2730,119.372867,207.4813811,0
2731,119.372867,207.4813811,0
2732,119.372867,207.4813811,0
2733,119.372867,207.4813811,0
2734,119.372867,207.4813811,0
2735,119.372867,207.4813811,0
2736,119.372867,207.4813811,0
2737,119.372867,207.4813811,0
2738,119.372867,204.6391704,0
2739,119.372867,204.6391704,0
2740,119.372867,204.6391704,0
2741,119.372867,198.954749,0
2742,119.372867,198.954749,0
2743,119.372867,198.954749,0
2744,119.372867,198.954749,0
2745,119.372867,204.6391704,0
2746,119.372867,204.6391704,0
2747,119.372867,204.6391704,0
2748,119.372867,204.6391704,0
2749,119.372867,204.6391704,0
2750,119.372867,204.6391704,0
2751,119.372867,204.6391704,0
2752,119.372867,204.6391704,0
2753,119.372867,204.6391704,0
2754,119.372867,204.6391704,0
2755,119.372867,204.6391704,0
2756,119.372867,204.6391704,0
2757,119.372867,204.6391704,0
2758,119.372867,204.6391704,0
2759,119.372867,204.6391704,0
2760,119.372867,204.6391704,0
2761,119.372867,204.6391704,0
2762,119.372867,204.6391704,0
2763,119.372867,204.6391704,0
2764,119.372867,204.6391704,0
2765,119.372867,204.6391704,0
2766,119.372867,204.6391704,0
2767,119.372867,204.6391704,0
2768,119.372867,204.6391704,0
2769,119.372867,204.6391704,0
2770,119.372867,204.6391704,0
2771,119.372867,204.6391704,0
2772,119.372867,204.6391704,0
2773,119.372867,204.6391704,0
2774,119.372867,204.6391704,0
2775,119.372867,204.6391704,0
2776,119.372867,204.6391704,0
2777,119.372867,204.6391704,0
2778,119.372867,204.6391704,0
2779,119.372867,204.6391704,0
2780,119.372867,204.6391704,0
2781,119.372867,204.6391704,0
2782,119.372867,204.6391704,0
2783,119.372867,204.6391704,0
2784,119.372867,204.6391704,0
2785,119.372867,204.6391704,0
2786,119.372867,204.6391704,0
2787,119.372867,204.6391704,0
2788,119.372867,204.6391704,0
2789,119.372867,204.6391704,0
2790,119.372867,204.6391704,0
2791,119.372867,204.6391704,0
2792,119.372867,204.6391704,0
2793,119.372867,204.6391704,0
2794,119.372867,204.6391704,0
2795,119.372867,204.6391704,0
2796,119.372867,204.6391704,0
2797,119.372867,204.6391704,0
2798,119.372867,204.6391704,0
2799,119.372867,204.6391704,0
2800,119.372867,204.6391704,0
2801,119.372867,204.6391704,0
2802,119.372867,204.6391704,0
2803,119.372867,204.6391704,0
2804,119.372867,204.6391704,0
2805,119.372867,204.6391704,0
2806,119.372867,204.6391704,0
2807,116.5306559,204.6391704,0
2808,116.5306559,204.6391704,0
2809,116.5306559,207.4813811,0
2810,116.5306559,207.4813811,0
2811,116.5306559,207.4813811,0
2812,116.5306559,207.4813811,0
2813,116.5306559,207.4813811,0
2814,116.5306559,207.4813811,0
2815,116.5306559,207.4813811,0
2816,116.5306559,207.4813811,0
2817,119.372867,207.4813811,0
2818,119.372867,207.4813811,0
2819,119.372867,207.4813811,0
2820,119.372867,207.4813811,0
2821,119.372867,207.4813811,0
2822,119.372867,207.4813811,0
2823,119.372867,207.4813811,0
2824,119.372867,207.4813811,0
2825,119.372867,207.4813811,0
2826,119.372867,207.4813811,0
2827,119.372867,207.4813811,0
2828,119.372867,207.4813811,0
2829,119.372867,207.4813811,0
2830,119.372867,207.4813811,0
2831,119.372867,207.4813811,0
2832,119.372867,207.4813811,0
2833,119.372867,207.4813811,0
2834,119.372867,207.4813811,0
2835,119.372867,207.4813811,0
2836,119.372867,207.4813811,0
2837,119.372867,207.4813811,0
2838,119.372867,207.4813811,0
2839,119.372867,207.4813811,0
2840,119.372867,207.4813811,0
2841,119.372867,207.4813811,0
2842,119.372867,207.4813811,0
2843,119.372867,207.4813811,0
2844,119.372867,207.4813811,0
2845,119.372867,207.4813811,0
2846,119.372867,207.4813811,0
2847,119.372867,207.4813811,0
2848,119.372867,207.4813811,0
2849,119.372867,207.4813811,0
2850,119.372867,207.4813811,0
2851,119.372867,207.4813811,0
2852,119.372867,207.4813811,0
2853,119.372867,207.4813811,0
2854,119.372867,207.4813811,0
2855,119.372867,207.4813811,0
2856,119.372867,207.4813811,0
2857,119.372867,207.4813811,0
2858,119.372867,207.4813811,0
2859,119.372867,207.4813811,0
2860,119.372867,207.4813811,0
2861,119.372867,207.4813811,0
2862,119.372867,207.4813811,0
2863,119.372867,207.4813811,0
2864,119.372867,207.4813811,0
2865,119.372867,207.4813811,0
2866,119.372867,207.4813811,0
2867,119.372867,207.4813811,0
2868,119.372867,207.4813811,0
2869,119.372867,207.4813811,0
2870,119.372867,207.4813811,0
2871,119.372867,207.4813811,0
2872,119.372867,207.4813811,0
2873,119.372867,207.4813811,0
2874,119.372867,207.4813811,0
2875,119.372867,207.4813811,0
2876,119.372867,207.4813811,0
2877,119.372867,207.4813811,0
2878,119.372867,207.4813811,0
2879,119.372867,207.4813811,0
2880,119.372867,207.4813811,0
2881,119.372867,207.4813811,0
2882,119.372867,207.4813811,0
2883,119.372867,207.4813811,0
2884,119.372867,207.4813811,0
2885,119.372867,207.4813811,0
2886,119.372867,207.4813811,0
2887,119.372867,207.4813811,0
2888,119.372867,207.4813811,0
2889,119.372867,207.4813811,0
2890,119.372867,207.4813811,0
2891,119.372867,207.4813811,0
2892,119.372867,207.4813811,0
2893,119.372867,207.4813811,0
2894,119.372867,207.4813811,0
2895,119.372867,207.4813811,0
2896,119.372867,207.4813811,0
2897,119.372867,207.4813811,0
2898,119.372867,207.4813811,0
2899,119.372867,207.4813811,0
2900,119.372867,207.4813811,0
2901,119.372867,207.4813811,0
2902,119.372867,207.4813811,0
2903,119.372867,207.4813811,0
2904,119.372867,207.4813811,0
2905,119.372867,207.4813811,0
2906,119.372867,207.4813811,0
2907,119.372867,207.4813811,0
2908,119.372867,207.4813811,0
2909,119.372867,207.4813811,0
2910,119.372867,207.4813811,0
2911,119.372867,207.4813811,0
2912,119.372867,207.4813811,0
2913,119.372867,207.4813811,0
2914,119.372867,207.4813811,0
2915,119.372867,207.4813811,0
2916,119.372867,207.4813811,0
2917,119.372867,207.4813811,0
2918,119.372867,207.4813811,0
2919,119.372867,207.4813811,0
2920,119.372867,207.4813811,0
2921,119.372867,207.4813811,0
2922,119.372867,207.4813811,0
2923,119.372867,207.4813811,0
2924,119.372867,207.4813811,0
2925,119.372867,207.4813811,0
2926,119.372867,207.4813811,0
2927,119.372867,207.4813811,0
2928,119.372867,207.4813811,0
2929,119.372867,207.4813811,0
2930,119.372867,207.4813811,0
2931,119.372867,207.4813811,0
2932,119.372867,207.4813811,0
2933,119.372867,207.4813811,0
2934,119.372867,207.4813811,0
2935,119.372867,207.4813811,0
2936,119.372867,207.4813811,0
2937,119.372867,207.4813811,0
2938,119.372867,207.4813811,0
2939,119.372867,207.4813811,0
2940,119.372867,207.4813811,0
2941,119.372867,207.4813811,0
2942,119.372867,207.4813811,0
2943,119.372867,207.4813811,0
2944,119.372867,207.4813811,0
2945,119.372867,207.4813811,0
2946,119.372867,207.4813811,0
2947,119.372867,207.4813811,0
2948,119.372867,207.4813811,0
2949,119.372867,207.4813811,0
2950,119.372867,207.4813811,0
2951,119.372867,207.4813811,0
2952,119.372867,207.4813811,0
2953,119.372867,207.4813811,0
2954,119.372867,207.4813811,0
2955,119.372867,207.4813811,0
2956,119.372867,207.4813811,0
2957,119.372867,207.4813811,0
2958,119.372867,207.4813811,0
2959,119.372867,207.4813811,0
2960,119.372867,207.4813811,0
2961,119.372867,207.4813811,0
2962,119.372867,207.4813811,0
2963,119.372867,207.4813811,0
2964,119.372867,207.4813811,0
2965,119.372867,207.4813811,0
2966,119.372867,207.4813811,0
2967,119.372867,207.4813811,0
2968,119.372867,207.4813811,0
2969,119.372867,207.4813811,0
2970,119.372867,207.4813811,0
2971,119.372867,207.4813811,0
2972,119.372867,207.4813811,0
2973,119.372867,207.4813811,0
2974,119.372867,207.4813811,0
2975,119.372867,207.4813811,0
2976,119.372867,207.4813811,0
2977,119.372867,207.4813811,0
2978,119.372867,207.4813811,0
2979,119.372867,207.4813811,0
2980,119.372867,207.4813811,0
2981,119.372867,207.4813811,0
2982,119.372867,207.4813811,0
2983,119.372867,207.4813811,0
2984,119.372867,207.4813811,0
2985,119.372867,207.4813811,0
2986,119.372867,207.4813811,0
2987,119.372867,207.4813811,0
2988,119.372867,207.4813811,0
2989,119.372867,207.4813811,0
2990,119.372867,207.4813811,0
2991,119.372867,207.4813811,0
2992,119.372867,207.4813811,0
2993,119.372867,207.4813811,0
2994,119.372867,207.4813811,0
2995,119.372867,207.4813811,0
2996,119.372867,207.4813811,0
2997,119.372867,207.4813811,0
2998,119.372867,207.4813811,0
2999,119.372867,207.4813811,0
3000,119.372867,207.4813811,0
3001,119.372867,207.4813811,0
3002,119.372867,207.4813811,0
3003,119.372867,207.4813811,0
3004,119.372867,207.4813811,0
3005,119.372867,207.4813811,0
3006,119.372867,207.4813811,0
3007,119.372867,207.4813811,0
3008,119.372867,207.4813811,0
3009,119.372867,207.4813811,0
3010,119.372867,207.4813811,0
3011,119.372867,207.4813811,0
3012,119.372867,207.4813811,0
3013,119.372867,207.4813811,0
3014,119.372867,207.4813811,0
3015,119.372867,207.4813811,0
3016,119.372867,207.4813811,0
3017,119.372867,207.4813811,0
3018,119.372867,207.4813811,0
3019,119.372867,207.4813811,0
3020,119.372867,207.4813811,0
3021,119.372867,207.4813811,0
3022,119.372867,207.4813811,0
3023,119.372867,207.4813811,0
3024,119.372867,207.4813811,0
3025,119.372867,207.4813811,0
3026,119.372867,207.4813811,0
3027,119.372867,207.4813811,0
3028,119.372867,207.4813811,0
3029,119.372867,207.4813811,0
3030,119.372867,207.4813811,0
3031,119.372867,207.4813811,0
3032,119.372867,207.4813811,0
3033,119.372867,207.4813811,0
3034,119.372867,207.4813811,0
3035,119.372867,207.4813811,0
3036,119.372867,207.4813811,0
3037,119.372867,207.4813811,0
3038,119.372867,207.4813811,0
3039,119.372867,207.4813811,0
3040,119.372867,207.4813811,0
3041,119.372867,207.4813811,0
3042,119.372867,207.4813811,0
3043,119.372867,207.4813811,0
3044,119.372867,207.4813811,0
3045,119.372867,207.4813811,0
3046,119.372867,207.4813811,0
3047,119.372867,207.4813811,0
3048,119.372867,207.4813811,0
3049,119.372867,207.4813811,0
3050,119.372867,207.4813811,0
3051,119.372867,207.4813811,0
3052,119.372867,207.4813811,0
3053,119.372867,207.4813811,0
3054,119.372867,207.4813811,0
3055,119.372867,207.4813811,0
3056,119.372867,207.4813811,0
3057,119.372867,207.4813811,0
3058,119.372867,207.4813811,0
3059,119.372867,207.4813811,0
3060,119.372867,207.4813811,0
3061,119.372867,207.4813811,0
3062,119.372867,207.4813811,0
3063,119.372867,207.4813811,0
3064,119.372867,207.4813811,0
3065,119.372867,207.4813811,0
3066,119.372867,207.4813811,0
3067,119.372867,207.4813811,0
3068,119.372867,207.4813811,0
3069,119.372867,207.4813811,0
3070,119.372867,210.3235918,0
3071,119.372867,210.3235918,0
3072,119.372867,210.3235918,0
3073,119.372867,210.3235918,0
3074,119.372867,210.3235918,0
3075,119.372867,210.3235918,0
3076,119.372867,210.3235918,0
3077,119.372867,210.3235918,0
3078,119.372867,210.3235918,0
3079,119.372867,210.3235918,0
3080,119.372867,210.3235918,0
3081,119.372867,210.3235918,0
3082,119.372867,210.3235918,0
3083,113.6884448,210.3235918,0
3084,113.6884448,210.3235918,0
3085,113.6884448,210.3235918,0
3086,113.6884448,210.3235918,0
3087,113.6884448,210.3235918,0
3088,113.6884448,210.3235918,0
3089,113.6884448,210.3235918,0
3090,113.6884448,210.3235918,0
3091,113.6884448,210.3235918,0
3092,113.6884448,210.3235918,0
3093,113.6884448,210.3235918,0
3094,113.6884448,210.3235918,0
3095,113.6884448,210.3235918,0
3096,113.6884448,210.3235918,0
3097,113.6884448,210.3235918,0
3098,113.6884448,210.3235918,0
3099,113.6884448,210.3235918,0
3100,113.6884448,210.3235918,0
3101,113.6884448,210.3235918,0
3102,113.6884448,210.3235918,0
3103,113.6884448,210.3235918,0
3104,113.6884448,210.3235918,0
3105,113.6884448,210.3235918,0
3106,113.6884448,210.3235918,0
3107,113.6884448,210.3235918,0
3108,113.6884448,210.3235918,0
3109,113.6884448,210.3235918,0
3110,113.6884448,210.3235918,0
3111,113.6884448,210.3235918,0
3112,113.6884448,210.3235918,0
3113,113.6884448,210.3235918,0
3114,113.6884448,210.3235918,0
3115,113.6884448,210.3235918,0
3116,113.6884448,210.3235918,0
3117,113.6884448,210.3235918,0
3118,113.6884448,210.3235918,0
3119,113.6884448,210.3235918,0
3120,113.6884448,204.6391704,0
3121,113.6884448,204.6391704,0
3122,113.6884448,204.6391704,0
3123,113.6884448,204.6391704,0
3124,113.6884448,204.6391704,0
3125,113.6884448,204.6391704,0
3126,113.6884448,204.6391704,0
3127,113.6884448,204.6391704,0
3128,113.6884448,204.6391704,0
3129,113.6884448,204.6391704,0
3130,113.6884448,204.6391704,0
3131,113.6884448,204.6391704,0
3132,113.6884448,204.6391704,0
3133,113.6884448,204.6391704,0
3134,113.6884448,204.6391704,0
3135,113.6884448,204.6391704,0
3136,113.6884448,204.6391704,0
3137,113.6884448,204.6391704,0
3138,113.6884448,204.6391704,0
3139,113.6884448,204.6391704,0
3140,119.3728669,204.6391704,0
3141,119.3728669,204.6391704,0
3142,119.3728669,204.6391704,0
3143,119.3728669,204.6391704,0
3144,119.3728669,204.6391704,0
3145,119.3728669,204.6391704,0
3146,119.3728669,204.6391704,0
3147,119.3728669,204.6391704,0
3148,119.3728669,204.6391704,0
3149,119.3728669,204.6391704,0
3150,119.3728669,204.6391704,0
3151,119.3728669,204.6391704,0
3152,119.3728669,204.6391704,0
3153,119.3728669,204.6391704,0
3154,119.3728669,204.6391704,0
3155,119.3728669,204.6391704,0
3156,119.3728669,204.6391704,0
3157,119.3728669,204.6391704,0
3158,119.3728669,204.6391704,0
3159,119.3728669,204.6391704,0
3160,119.3728669,204.6391704,0
3161,119.3728669,204.6391704,0
3162,119.3728669,204.6391704,0
3163,119.3728669,204.6391704,0
3164,119.3728669,204.6391704,0
3165,119.3728669,204.6391704,0
3166,119.3728669,204.6391704,0
3167,119.3728669,204.6391704,0
3168,119.3728669,204.6391704,0
3169,119.3728669,204.6391704,0
3170,119.3728669,204.6391704,0
3171,119.3728669,204.6391704,0
3172,119.3728669,204.6391704,0
3173,119.3728669,204.6391704,0
3174,119.3728669,204.6391704,0
3175,119.3728669,204.6391704,0
3176,119.3728669,204.6391704,0
3177,119.3728669,204.6391704,0
3178,119.3728669,204.6391704,0
3179,119.3728669,204.6391704,0
3180,119.3728669,204.6391704,0
3181,119.3728669,204.6391704,0
3182,119.3728669,204.6391704,0
3183,119.3728669,204.6391704,0
3184,119.3728669,204.6391704,0
3185,119.3728669,204.6391704,0
3186,119.3728669,204.6391704,0
3187,119.3728669,204.6391704,0
3188,119.3728669,204.6391704,0
3189,119.3728669,204.6391704,0
3190,116.5306559,204.6391704,0
3191,116.5306559,204.6391704,0
3192,116.5306559,204.6391704,0
3193,116.5306559,204.6391704,0
3194,116.5306559,204.6391704,0
3195,116.5306559,204.6391704,0
3196,116.5306559,204.6391704,0
3197,116.5306559,204.6391704,0
3198,116.5306559,204.6391704,0
3199,116.5306559,204.6391704,0
3200,116.5306559,204.6391704,0
3201,116.5306559,204.6391704,0
3202,116.5306559,204.6391704,0
3203,116.5306559,204.6391704,0
3204,116.5306559,204.6391704,0
3205,116.5306559,204.6391704,0
3206,116.5306559,204.6391704,0
3207,116.5306559,204.6391704,0
3208,116.5306559,204.6391704,0
3209,116.5306559,204.6391704,0
3210,116.5306559,204.6391704,0
3211,116.5306559,204.6391704,0
3212,116.5306559,204.6391704,0
3213,116.5306559,204.6391704,0
3214,116.5306559,204.6391704,0
3215,116.5306559,204.6391704,0
3216,116.5306559,204.6391704,0
3217,116.5306559,204.6391704,0
3218,116.5306559,204.6391704,0
3219,116.5306559,204.6391704,0
3220,116.5306559,204.6391704,0
3221,116.5306559,204.6391704,0
3222,116.5306559,204.6391704,0
3223,116.5306559,204.6391704,0
3224,116.5306559,204.6391704,0
3225,116.5306559,204.6391704,0
3226,116.5306559,204.6391704,0
3227,113.6884448,204.6391704,0
3228,113.6884448,204.6391704,0
3229,113.6884448,204.6391704,0
3230,113.6884448,204.6391704,0
3231,113.6884448,204.6391704,0
3232,113.6884448,207.4813811,0
3233,113.6884448,207.4813811,0
3234,113.6884448,207.4813811,0
3235,113.6884448,207.4813811,0
3236,113.6884448,207.4813811,0
3237,113.6884448,207.4813811,0
3238,113.6884448,207.4813811,0
3239,113.6884448,207.4813811,0
3240,113.6884448,207.4813811,0
3241,113.6884448,207.4813811,0
3242,113.6884448,207.4813811,0
3243,113.6884448,207.4813811,0
3244,113.6884448,207.4813811,0
3245,113.6884448,207.4813811,0
3246,113.6884448,207.4813811,0
3247,113.6884448,207.4813811,0
3248,113.6884448,207.4813811,0
3249,116.5306559,207.4813811,0
3250,116.5306559,207.4813811,0
3251,116.5306559,207.4813811,0
3252,116.5306559,207.4813811,0
3253,116.5306559,207.4813811,0
3254,116.5306559,207.4813811,0
3255,116.5306559,207.4813811,0
3256,116.5306559,207.4813811,0
3257,116.5306559,207.4813811,0
3258,116.5306559,207.4813811,0
3259,116.5306559,207.4813811,0
3260,116.5306559,207.4813811,0
3261,116.5306559,207.4813811,0
3262,116.5306559,207.4813811,0
3263,116.5306559,207.4813811,0
3264,116.5306559,207.4813811,0
3265,116.5306559,207.4813811,0
3266,116.5306559,207.4813811,0
3267,116.5306559,207.4813811,0
3268,116.5306559,207.4813811,0
3269,116.5306559,207.4813811,0
3270,116.5306559,207.4813811,0
3271,116.5306559,207.4813811,0
3272,116.5306559,207.4813811,0
3273,116.5306559,207.4813811,0
3274,116.5306559,207.4813811,0
3275,116.5306559,207.4813811,0
3276,116.5306559,207.4813811,0
3277,116.5306559,207.4813811,0
3278,116.5306559,207.4813811,0
3279,116.5306559,207.4813811,0
3280,116.5306559,207.4813811,0
3281,116.5306559,207.4813811,0
3282,116.5306559,207.4813811,0
3283,116.5306559,207.4813811,0
3284,116.5306559,207.4813811,0
3285,116.5306559,207.4813811,0
3286,116.5306559,207.4813811,0
3287,116.5306559,207.4813811,0
3288,116.5306559,207.4813811,0
3289,116.5306559,207.4813811,0
3290,116.5306559,207.4813811,0
3291,116.5306559,207.4813811,0
3292,116.5306559,207.4813811,0
3293,116.5306559,207.4813811,0
3294,116.5306559,207.4813811,0
3295,116.5306559,207.4813811,0
3296,116.5306559,207.4813811,0
3297,116.5306559,207.4813811,0
3298,116.5306559,207.4813811,0
3299,113.6884448,207.4813811,0
3300,113.6884448,207.4813811,0
3301,113.6884448,207.4813811,0
3302,113.6884448,207.4813811,0
3303,113.6884448,207.4813811,0
3304,113.6884448,207.4813811,0
3305,113.6884448,207.4813811,0
3306,113.6884448,207.4813811,0
3307,113.6884448,207.4813811,0
3308,113.6884448,207.4813811,0
3309,113.6884448,207.4813811,0
3310,113.6884448,207.4813811,0
3311,113.6884448,207.4813811,0
3312,113.6884448,207.4813811,0
3313,113.6884448,207.4813811,0
3314,113.6884448,207.4813811,0
3315,113.6884448,207.4813811,0
3316,113.6884448,207.4813811,0
3317,113.6884448,207.4813811,0
3318,113.6884448,207.4813811,0
3319,113.6884448,207.4813811,0
3320,113.6884448,207.4813811,0
3321,113.6884448,207.4813811,0
3322,113.6884448,207.4813811,0
3323,113.6884448,207.4813811,0
3324,113.6884448,207.4813811,0
3325,113.6884448,207.4813811,0
3326,113.6884448,207.4813811,0
3327,113.6884448,207.4813811,0
3328,113.6884448,207.4813811,0
3329,113.6884448,207.4813811,0
3330,113.6884448,207.4813811,0
3331,113.6884448,207.4813811,0
3332,113.6884448,207.4813811,0
3333,113.6884448,207.4813811,0
3334,113.6884448,207.4813811,0
3335,113.6884448,207.4813811,0
3336,113.6884448,207.4813811,0
3337,113.6884448,207.4813811,0
3338,113.6884448,207.4813811,0
3339,116.5306558,207.4813811,0
3340,116.5306558,207.4813811,0
3341,116.5306558,207.4813811,0
3342,116.5306558,207.4813811,0
3343,116.5306558,207.4813811,0
3344,116.5306558,207.4813811,0
3345,116.5306558,207.4813811,0
3346,116.5306558,207.4813811,0
3347,116.5306558,207.4813811,0
3348,116.5306558,207.4813811,0
3349,116.5306558,207.4813811,0
3350,116.5306558,207.4813811,0
3351,116.5306558,207.4813811,0
3352,116.5306558,207.4813811,0
3353,116.5306558,207.4813811,0
3354,116.5306558,207.4813811,0
3355,116.5306558,207.4813811,0
3356,116.5306558,207.4813811,0
3357,116.5306558,207.4813811,0
3358,116.5306558,207.4813811,0
3359,116.5306558,207.4813811,0
3360,116.5306558,207.4813811,0
3361,116.5306558,207.4813811,0
3362,116.5306558,207.4813811,0
3363,116.5306558,207.4813811,0
3364,116.5306558,207.4813811,0
3365,116.5306558,207.4813811,0
3366,116.5306558,207.4813811,0
3367,116.5306558,207.4813811,0
3368,116.5306558,207.4813811,0
3369,116.5306558,207.4813811,0
3370,116.5306558,207.4813811,0
3371,116.5306558,207.4813811,0
3372,116.5306558,207.4813811,0
3373,116.5306558,207.4813811,0
3374,116.5306558,207.4813811,0
3375,116.5306558,207.4813811,0
3376,116.5306558,207.4813811,0
3377,116.5306558,207.4813811,0
3378,116.5306558,207.4813811,0
3379,116.5306558,207.4813811,0
3380,116.5306558,207.4813811,0
3381,116.5306558,207.4813811,0
3382,116.5306558,207.4813811,0
3383,116.5306558,207.4813811,0
3384,116.5306558,207.4813811,0
3385,116.5306558,207.4813811,0
3386,116.5306558,207.4813811,0
3387,116.5306558,207.4813811,0
3388,116.5306558,207.4813811,0
3389,113.6884447,207.4813811,0
3390,113.6884448,207.4813811,0
3391,113.6884448,207.4813811,0
3392,113.6884448,207.4813811,0
3393,113.6884448,207.4813811,0
3394,113.6884448,207.4813811,0
3395,113.6884448,207.4813811,0
3396,113.6884448,207.4813811,0
3397,113.6884448,207.4813811,0
3398,113.6884448,207.4813811,0
3399,113.6884448,207.4813811,0
3400,113.6884448,207.4813811,0
3401,113.6884448,207.4813811,0
3402,113.6884448,207.4813811,0
3403,113.6884448,207.4813811,0
3404,113.6884448,207.4813811,0
3405,113.6884448,207.4813811,0
3406,113.6884448,207.4813811,0
3407,113.6884448,207.4813811,0
3408,113.6884448,207.4813811,0
3409,113.6884448,207.4813811,0
3410,113.6884448,207.4813811,0
3411,113.6884448,207.4813811,0
3412,113.6884448,207.4813811,0
3413,113.6884448,207.4813811,0
3414,113.6884448,207.4813811,0
3415,113.6884448,207.4813811,0
3416,113.6884448,207.4813811,0
3417,113.6884448,207.4813811,0
3418,113.6884448,207.4813811,0
3419,113.6884448,207.4813811,0
3420,113.6884448,207.4813811,0
3421,113.6884448,207.4813811,0
3422,113.6884448,207.4813811,0
3423,113.6884448,207.4813811,0
3424,113.6884448,207.4813811,0
3425,113.6884448,207.4813811,0
3426,113.6884448,207.4813811,0
3427,113.6884448,207.4813811,0
3428,116.5306558,207.4813811,0
3429,116.5306558,207.4813811,0
3430,116.5306558,207.4813811,0
3431,116.5306558,207.4813811,0
3432,116.5306558,207.4813811,0
3433,116.5306558,207.4813811,0
3434,116.5306559,207.4813811,0
3435,116.5306559,207.4813811,0
3436,116.5306559,207.4813811,0
3437,116.5306559,207.4813811,0
3438,116.5306559,207.4813811,0
3439,116.5306559,207.4813811,0
3440,116.5306559,207.4813811,0
3441,116.5306559,207.4813811,0
3442,116.5306559,207.4813811,0
3443,116.5306559,207.4813811,0
3444,116.5306559,207.4813811,0
3445,116.5306559,207.4813811,0
3446,116.5306559,207.4813811,0
3447,116.5306559,207.4813811,0
3448,116.5306559,207.4813811,0
3449,116.5306559,207.4813811,0
3450,116.5306559,207.4813811,0
3451,116.5306559,207.4813811,0
3452,116.5306559,207.4813811,0
3453,116.5306559,207.4813811,0
3454,116.5306559,207.4813811,0
3455,116.5306559,207.4813811,0
3456,116.5306559,207.4813811,0
3457,116.5306559,207.4813811,0
3458,116.5306559,207.4813811,0
3459,116.5306559,207.4813811,0
3460,116.5306559,207.4813811,0
3461,116.5306559,207.4813811,0
3462,116.5306559,207.4813811,0
3463,116.5306559,207.4813811,0
3464,116.5306559,207.4813811,0
3465,116.5306559,207.4813811,0
3466,116.5306559,207.4813811,0
3467,116.5306559,207.4813811,0
3468,116.5306559,207.4813811,0
3469,116.5306559,207.4813811,0
3470,116.5306559,207.4813811,0
3471,116.5306559,207.4813811,0
3472,116.5306559,207.4813811,0
3473,116.5306559,207.4813811,0
3474,116.5306559,207.4813811,0
3475,116.5306559,207.4813811,0
3476,116.5306559,207.4813811,0
3477,116.5306559,207.4813811,0
3478,116.5306559,207.4813811,0
3479,116.5306559,207.4813811,0
3480,116.5306559,207.4813811,0
3481,116.5306559,207.4813811,0
3482,116.5306559,207.4813811,0
3483,116.5306559,207.4813811,0
3484,116.5306559,207.4813811,0
3485,116.5306559,207.4813811,0
3486,116.5306559,207.4813811,0
3487,116.5306559,207.4813811,0
3488,116.5306559,207.4813811,0
3489,116.5306559,207.4813811,0
3490,116.5306559,207.4813811,0
3491,116.5306559,207.4813811,0
3492,116.5306559,207.4813811,0
3493,116.5306559,207.4813811,0
3494,116.5306559,207.4813811,0
3495,116.5306559,207.4813811,0
3496,116.5306559,207.4813811,0
3497,116.5306559,207.4813811,0
3498,116.5306559,207.4813811,0
3499,116.5306559,207.4813811,0
3500,116.5306559,207.4813811,0
3501,116.5306559,207.4813811,0
3502,116.5306559,207.4813811,0
3503,116.5306559,207.4813811,0
3504,116.5306559,204.6391704,0
3505,116.5306559,204.6391704,0
3506,116.5306559,207.4813811,0
3507,116.5306559,207.4813811,0
3508,116.5306559,207.4813811,0
3509,116.5306559,207.4813811,0
3510,116.5306559,207.4813811,0
3511,116.5306559,207.4813811,0
3512,116.5306559,207.4813811,0
3513,116.5306559,207.4813811,0
3514,116.5306559,207.4813811,0
3515,116.5306559,207.4813811,0
3516,116.5306559,207.4813811,0
3517,116.5306559,207.4813811,0
3518,116.5306559,207.4813811,0
3519,116.5306559,207.4813811,0
3520,116.5306559,207.4813811,0
3521,116.5306559,207.4813811,0
3522,116.5306559,207.4813811,0
3523,116.5306559,207.4813811,0
3524,116.5306559,207.4813811,0
3525,116.5306559,207.4813811,0
3526,116.5306559,207.4813811,0
3527,116.5306559,207.4813811,0
3528,116.5306559,207.4813811,0
3529,116.5306559,207.4813811,0
3530,116.5306559,207.4813811,0
3531,116.5306559,207.4813811,0
3532,116.5306559,207.4813811,0
3533,116.5306559,207.4813811,0
3534,116.5306559,207.4813811,0
3535,116.5306559,207.4813811,0
3536,116.5306559,207.4813811,0
3537,116.5306559,207.4813811,0
3538,116.5306559,207.4813811,0
3539,119.372867,207.4813811,0
3540,119.372867,207.4813811,0
3541,119.372867,207.4813811,0
3542,119.372867,207.4813811,0
3543,119.372867,207.4813811,0
3544,119.372867,207.4813811,0
3545,119.372867,207.4813811,0
3546,119.372867,207.4813811,0
3547,119.372867,207.4813811,0
3548,119.372867,207.4813811,0
3549,119.372867,207.4813811,0
3550,119.372867,207.4813811,0
3551,119.372867,207.4813811,0
3552,119.372867,207.4813811,0
3553,119.372867,207.4813811,0
3554,119.372867,207.4813811,0
3555,119.372867,207.4813811,0
3556,119.372867,207.4813811,0
3557,119.372867,207.4813811,0
3558,119.372867,207.4813811,0
3559,119.372867,207.4813811,0
3560,119.372867,207.4813811,0
3561,119.372867,204.6391704,0
3562,119.372867,204.6391704,0
3563,119.372867,204.6391704,0
3564,119.372867,204.6391704,0
3565,119.372867,204.6391704,0
3566,119.372867,204.6391704,0
3567,119.372867,204.6391704,0
3568,119.372867,204.6391704,0
3569,119.372867,204.6391704,0
3570,119.372867,204.6391704,0
3571,119.372867,204.6391704,0
3572,119.372867,204.6391704,0
3573,119.372867,204.6391704,0
3574,119.372867,204.6391704,0
3575,119.372867,204.6391704,0
3576,119.372867,204.6391704,0
3577,119.372867,204.6391704,0
3578,119.372867,207.4813811,0
3579,119.372867,207.4813811,0
3580,119.372867,207.4813811,0
3581,119.372867,207.4813811,0
3582,119.372867,207.4813811,0
3583,119.372867,207.4813811,0
3584,119.372867,207.4813811,0
3585,119.372867,207.4813811,0
3586,119.372867,207.4813811,0
3587,119.372867,207.4813811,0
3588,119.372867,207.4813811,0
3589,119.372867,207.4813811,0
3590,119.372867,207.4813811,0
3591,119.372867,207.4813811,0
3592,119.372867,207.4813811,0
3593,119.372867,207.4813811,0
3594,119.372867,207.4813811,0
3595,119.372867,207.4813811,0
3596,119.372867,207.4813811,0
3597,119.372867,207.4813811,0
3598,119.372867,207.4813811,0
3599,119.372867,207.4813811,0
3600,119.372867,207.4813811,0
3601,119.372867,207.4813811,0
3602,119.372867,207.4813811,0
3603,119.372867,207.4813811,0
3604,119.372867,207.4813811,0
3605,119.372867,207.4813811,0
3606,119.372867,207.4813811,0
3607,119.372867,207.4813811,0
3608,119.372867,207.4813811,0
3609,119.372867,207.4813811,0
3610,119.372867,207.4813811,0
3611,119.372867,207.4813811,0
3612,119.372867,207.4813811,0
3613,119.372867,207.4813811,0
3614,119.372867,207.4813811,0
3615,119.372867,207.4813811,0
3616,119.372867,207.4813811,0
3617,119.372867,207.4813811,0
3618,119.372867,207.4813811,0
3619,119.372867,207.4813811,0
3620,119.372867,207.4813811,0
3621,119.372867,207.4813811,0
3622,119.372867,207.4813811,0
3623,119.372867,207.4813811,0
3624,119.372867,207.4813811,0
3625,119.372867,207.4813811,0
3626,119.372867,207.4813811,0
3627,119.372867,207.4813811,0
3628,119.372867,207.4813811,0
3629,119.372867,207.4813811,0
3630,119.372867,207.4813811,0
3631,119.372867,207.4813811,0
3632,119.372867,207.4813811,0
3633,119.372867,207.4813811,0
3634,119.372867,207.4813811,0
3635,119.372867,207.4813811,0
3636,119.372867,207.4813811,0
3637,119.372867,207.4813811,0
3638,119.372867,207.4813811,0
3639,119.372867,207.4813811,0
3640,119.372867,207.4813811,0
3641,119.372867,207.4813811,0
3642,119.372867,207.4813811,0
3643,119.372867,207.4813811,0
3644,119.372867,207.4813811,0
3645,119.372867,207.4813811,0
3646,119.372867,207.4813811,0
3647,119.372867,207.4813811,0
3648,119.372867,207.4813811,0
3649,119.372867,207.4813811,0
3650,116.5306559,207.4813811,0
3651,116.5306559,207.4813811,0
3652,116.5306559,207.4813811,0
3653,116.5306559,207.4813811,0
3654,116.5306559,207.4813811,0
3655,116.5306559,207.4813811,0
3656,116.5306559,207.4813811,0
3657,116.5306559,207.4813811,0
3658,116.5306559,207.4813811,0
3659,116.5306559,207.4813811,0
3660,116.5306559,207.4813811,0
3661,116.5306559,207.4813811,0
3662,116.5306559,207.4813811,0
3663,116.5306559,207.4813811,0
3664,116.5306559,207.4813811,0
3665,116.5306559,207.4813811,0
3666,116.5306559,207.4813811,0
3667,116.5306559,207.4813811,0
3668,116.5306559,207.4813811,0
3669,116.5306559,207.4813811,0
3670,116.5306559,207.4813811,0
3671,116.5306559,207.4813811,0
3672,119.372867,207.4813811,0
3673,119.372867,207.4813811,0
3674,119.372867,207.4813811,0
3675,119.372867,207.4813811,0
3676,119.372867,207.4813811,0
3677,119.372867,207.4813811,0
3678,119.372867,207.4813811,0
3679,119.372867,207.4813811,0
3680,119.372867,207.4813811,0
3681,119.372867,207.4813811,0
3682,119.372867,207.4813811,0
3683,119.372867,207.4813811,0
3684,119.372867,207.4813811,0
3685,119.372867,207.4813811,0
3686,119.372867,207.4813811,0
3687,119.372867,207.4813811,0
3688,119.372867,207.4813811,0
3689,119.372867,207.4813811,0
3690,119.372867,207.4813811,0
3691,119.372867,207.4813811,0
3692,119.372867,207.4813811,0
3693,119.372867,207.4813811,0
3694,119.372867,207.4813811,0
3695,119.372867,207.4813811,0
3696,119.372867,207.4813811,0
3697,119.372867,207.4813811,0
3698,119.372867,207.4813811,0
3699,119.372867,207.4813811,0
3700,119.372867,207.4813811,0
3701,119.372867,207.4813811,0
3702,119.372867,207.4813811,0
3703,119.372867,207.4813811,0
3704,119.372867,207.4813811,0
3705,119.372867,207.4813811,0
3706,119.372867,207.4813811,0
3707,119.372867,207.4813811,0
3708,119.372867,207.4813811,0
3709,119.372867,207.4813811,0
3710,119.372867,207.4813811,0
3711,119.372867,207.4813811,0
3712,119.372867,207.4813811,0
3713,119.372867,207.4813811,0
3714,119.372867,207.4813811,0
3715,119.372867,207.4813811,0
3716,119.372867,207.4813811,0
3717,119.372867,207.4813811,0
3718,119.372867,207.4813811,0
3719,119.372867,207.4813811,0
3720,119.372867,207.4813811,0
3721,119.372867,207.4813811,0
3722,119.372867,207.4813811,0
3723,119.372867,207.4813811,0
3724,119.372867,207.4813811,0
3725,119.372867,207.4813811,0
3726,119.372867,207.4813811,0
3727,119.372867,207.4813811,0
3728,119.372867,207.4813811,0
3729,119.372867,207.4813811,0
3730,119.372867,207.4813811,0
3731,119.372867,207.4813811,0
3732,119.372867,207.4813811,0
3733,119.372867,207.4813811,0
3734,119.372867,207.4813811,0
3735,119.372867,207.4813811,0
3736,119.372867,207.4813811,0
3737,119.372867,207.4813811,0
3738,119.372867,207.4813811,0
3739,119.372867,207.4813811,0
3740,119.372867,207.4813811,0
3741,119.372867,207.4813811,0
3742,119.372867,207.4813811,0
3743,119.372867,204.6391704,0
3744,119.372867,204.6391704,0
3745,119.372867,204.6391704,0
3746,119.372867,204.6391704,0
3747,119.372867,204.6391704,0
3748,119.372867,204.6391704,0
3749,119.372867,204.6391704,0
3750,119.372867,204.6391704,0
3751,119.372867,204.6391704,0
3752,119.372867,204.6391704,0
3753,119.372867,204.6391704,0
3754,119.372867,204.6391704,0
3755,119.372867,204.6391704,0
3756,119.372867,204.6391704,0
3757,119.372867,204.6391704,0
3758,119.372867,204.6391704,0
3759,119.372867,204.6391704,0
3760,119.372867,204.6391704,0
3761,119.372867,204.6391704,0
3762,119.372867,204.6391704,0
3763,119.372867,204.6391704,0
3764,119.372867,204.6391704,0
3765,119.372867,204.6391704,0
3766,119.372867,207.4813811,0
3767,119.372867,207.4813811,0
3768,119.372867,207.4813811,0
3769,119.372867,207.4813811,0
3770,119.372867,207.4813811,0
3771,119.372867,207.4813811,0
3772,119.372867,207.4813811,0
3773,119.372867,207.4813811,0
3774,119.372867,207.4813811,0
3775,119.372867,207.4813811,0
3776,119.372867,207.4813811,0
3777,119.372867,207.4813811,0
3778,119.372867,207.4813811,0
3779,119.372867,207.4813811,0
3780,119.372867,207.4813811,0
3781,119.372867,207.4813811,0
3782,119.372867,207.4813811,0
3783,119.372867,207.4813811,0
3784,119.372867,207.4813811,0
3785,119.372867,207.4813811,0
3786,119.372867,207.4813811,0
3787,119.372867,207.4813811,0
3788,119.372867,207.4813811,0
3789,119.372867,207.4813811,0
3790,119.372867,207.4813811,0
3791,119.372867,207.4813811,0
3792,119.372867,207.4813811,0
3793,119.372867,207.4813811,0
3794,119.372867,207.4813811,0
3795,119.372867,207.4813811,0
3796,119.372867,207.4813811,0
3797,119.372867,207.4813811,0
3798,119.372867,207.4813811,0
3799,119.372867,207.4813811,0
3800,119.372867,207.4813811,0
3801,119.372867,207.4813811,0
3802,119.372867,207.4813811,0
3803,119.372867,207.4813811,0
3804,119.372867,207.4813811,0
3805,119.372867,207.4813811,0
3806,119.372867,207.4813811,0
3807,119.372867,207.4813811,0
3808,119.372867,207.4813811,0
3809,119.372867,207.4813811,0
3810,119.372867,207.4813811,0
3811,119.372867,207.4813811,0
3812,119.372867,207.4813811,0
3813,119.372867,207.4813811,0
3814,119.372867,207.4813811,0
3815,119.372867,207.4813811,0
3816,119.372867,207.4813811,0
3817,119.372867,207.4813811,0
3818,119.372867,207.4813811,0
3819,119.372867,207.4813811,0
3820,119.372867,207.4813811,0
3821,119.372867,207.4813811,0
3822,119.372867,207.4813811,0
3823,119.372867,207.4813811,0
3824,119.372867,207.4813811,0
3825,119.372867,207.4813811,0
3826,119.372867,207.4813811,0
3827,119.372867,207.4813811,0
3828,119.372867,207.4813811,0
3829,119.372867,207.4813811,0
3830,119.372867,207.4813811,0
3831,119.372867,207.4813811,0
3832,119.372867,207.4813811,0
3833,119.372867,207.4813811,0
3834,119.372867,207.4813811,0
3835,119.372867,207.4813811,0
3836,119.372867,207.4813811,0
3837,119.372867,207.4813811,0
3838,119.372867,207.4813811,0
3839,119.372867,207.4813811,0
3840,119.372867,207.4813811,0
3841,119.372867,207.4813811,0
3842,119.372867,207.4813811,0
3843,119.372867,207.4813811,0
3844,119.372867,207.4813811,0
3845,119.372867,207.4813811,0
3846,119.372867,207.4813811,0
3847,119.372867,207.4813811,0
3848,119.372867,207.4813811,0
3849,119.372867,207.4813811,0
3850,119.372867,207.4813811,0
3851,119.372867,207.4813811,0
3852,119.372867,207.4813811,0
3853,119.372867,207.4813811,0
3854,119.372867,207.4813811,0
3855,119.372867,207.4813811,0
3856,119.372867,207.4813811,0
3857,119.372867,207.4813811,0
3858,119.372867,207.4813811,0
3859,119.372867,207.4813811,0
3860,119.372867,207.4813811,0
3861,119.3728669,207.4813811,0
3862,119.3728669,207.4813811,0
3863,119.3728669,207.4813811,0
3864,119.3728669,207.4813811,0
3865,119.3728669,207.4813811,0
3866,119.3728669,207.4813811,0
3867,119.3728669,207.4813811,0
3868,119.3728669,207.4813811,0
3869,119.3728669,207.4813811,0
3870,119.3728669,207.4813811,0
3871,119.372867,207.4813811,0
3872,119.372867,207.4813811,0
3873,119.372867,207.4813811,0
3874,119.372867,207.4813811,0
3875,119.372867,207.4813811,0
3876,119.372867,207.4813811,0
3877,119.372867,207.4813811,0
3878,119.372867,207.4813811,0
3879,119.372867,207.4813811,0
3880,119.372867,207.4813811,0
3881,119.372867,207.4813811,0
3882,119.372867,207.4813811,0
3883,119.372867,207.4813811,0
3884,119.372867,207.4813811,0
3885,119.372867,207.4813811,0
3886,119.372867,207.4813811,0
3887,119.372867,207.4813811,0
3888,119.372867,207.4813811,0
3889,119.372867,207.4813811,0
3890,119.372867,207.4813811,0
3891,119.372867,207.4813811,0
3892,119.372867,207.4813811,0
3893,119.372867,207.4813811,0
3894,119.372867,207.4813811,0
3895,119.372867,207.4813811,0
3896,119.372867,207.4813811,0
3897,119.372867,207.4813811,0
3898,119.372867,207.4813811,0
3899,119.372867,207.4813811,0
3900,119.372867,207.4813811,0
3901,119.372867,207.4813811,0
3902,119.372867,207.4813811,0
3903,119.372867,207.4813811,0
3904,119.372867,207.4813811,0
3905,119.372867,207.4813811,0
3906,119.372867,207.4813811,0
3907,119.372867,207.4813811,0
3908,119.372867,207.4813811,0
3909,119.372867,207.4813811,0
3910,119.372867,207.4813811,0
3911,119.372867,207.4813811,0
3912,119.372867,207.4813811,0
3913,119.372867,207.4813811,0
3914,119.372867,207.4813811,0
3915,119.372867,207.4813811,0
3916,119.372867,207.4813811,0
3917,119.372867,207.4813811,0
3918,119.372867,207.4813811,0
3919,119.372867,207.4813811,0
3920,119.372867,207.4813811,0
3921,119.3728669,207.4813811,0
3922,119.3728669,207.4813811,0
3923,119.3728669,207.4813811,0
3924,119.3728669,207.4813811,0
3925,119.3728669,207.4813811,0
3926,119.3728669,207.4813811,0
3927,119.3728669,207.4813811,0
3928,119.3728669,207.4813811,0
3929,119.3728669,207.4813811,0
3930,119.3728669,207.4813811,0
3931,119.3728669,207.4813811,0
3932,119.3728669,207.4813811,0
3933,119.3728669,207.4813811,0
3934,119.3728669,207.4813811,0
3935,119.3728669,207.4813811,0
3936,119.3728669,207.4813811,0
3937,119.3728669,207.4813811,0
3938,110.8462336,207.4813811,0
3939,110.8462336,207.4813811,0
3940,110.8462336,207.4813811,0
3941,110.8462336,207.4813811,0
3942,110.8462336,207.4813811,0
3943,110.8462336,207.4813811,0
3944,110.8462336,207.4813811,0
3945,110.8462336,207.4813811,0
3946,110.8462336,207.4813811,0
3947,110.8462336,207.4813811,0
3948,110.8462336,207.4813811,0
3949,110.8462336,207.4813811,0
3950,110.8462336,207.4813811,0
3951,110.8462336,207.4813811,0
3952,119.3728669,207.4813811,0
3953,119.3728669,207.4813811,0
3954,119.3728669,207.4813811,0
3955,119.3728669,207.4813811,0
3956,119.3728669,207.4813811,0
3957,119.3728669,207.4813811,0
3958,119.3728669,207.4813811,0
3959,119.3728669,207.4813811,0
3960,119.3728669,207.4813811,0
3961,119.3728669,207.4813811,0
3962,119.3728669,207.4813811,0
3963,119.3728669,207.4813811,0
3964,119.3728669,207.4813811,0
3965,119.3728669,207.4813811,0
3966,119.3728669,207.4813811,0
3967,119.3728669,207.4813811,0
3968,119.3728669,207.4813811,0
3969,119.3728669,207.4813811,0
3970,119.3728669,207.4813811,0
3971,119.3728669,207.4813811,0
3972,119.3728669,207.4813811,0
3973,119.3728669,207.4813811,0
3974,119.3728669,207.4813811,0
3975,122.2150781,207.4813811,0
3976,122.2150781,207.4813811,0
3977,122.2150781,207.4813811,0
3978,122.2150781,207.4813811,0
3979,122.2150781,207.4813811,0
3980,122.2150781,207.4813811,0
3981,122.2150781,207.4813811,0
3982,122.2150781,207.4813811,0
3983,122.2150781,207.4813811,0
3984,122.2150781,207.4813811,0
3985,122.2150781,207.4813811,0
3986,122.2150781,207.4813811,0
3987,122.2150781,207.4813811,0
3988,122.2150781,207.4813811,0
3989,122.2150781,207.4813811,0
3990,122.2150781,207.4813811,0
3991,122.2150781,207.4813811,0
3992,122.2150781,207.4813811,0
3993,122.2150781,207.4813811,0
3994,122.2150781,207.4813811,0
3995,122.2150781,207.4813811,0
3996,122.2150781,207.4813811,0
3997,122.2150781,207.4813811,0
3998,122.2150781,207.4813811,0
3999,122.2150781,207.4813811,0
4000,122.2150781,207.4813811,0
4001,122.2150781,204.6391704,0
4002,122.2150781,207.4813811,0
4003,122.2150781,207.4813811,0
4004,122.2150781,207.4813811,0
4005,122.2150781,207.4813811,0
4006,122.2150781,207.4813811,0
4007,122.2150781,207.4813811,0
4008,122.2150781,207.4813811,0
4009,122.2150781,207.4813811,0
4010,122.2150781,207.4813811,0
4011,122.2150781,207.4813811,0
4012,122.2150781,207.4813811,0
4013,122.2150781,207.4813811,0
4014,122.2150781,207.4813811,0
4015,122.2150781,207.4813811,0
4016,122.2150781,207.4813811,0
4017,122.2150781,207.4813811,0
4018,122.2150781,207.4813811,0
4019,122.2150781,207.4813811,0
4020,122.2150781,207.4813811,0
4021,122.2150781,207.4813811,0
4022,122.2150781,207.4813811,0
4023,122.2150781,207.4813811,0
4024,122.2150781,207.4813811,0
4025,119.372867,207.4813811,0
4026,119.372867,207.4813811,0
4027,119.372867,207.4813811,0
4028,119.372867,207.4813811,0
4029,119.372867,207.4813811,0
4030,119.372867,207.4813811,0
4031,119.372867,207.4813811,0
4032,119.372867,207.4813811,0
4033,119.372867,207.4813811,0
4034,119.372867,207.4813811,0
4035,119.372867,207.4813811,0
4036,119.372867,207.4813811,0
4037,119.372867,207.4813811,0
4038,119.372867,207.4813811,0
4039,119.372867,207.4813811,0
4040,119.372867,207.4813811,0
4041,119.372867,207.4813811,0
4042,119.372867,207.4813811,0
4043,119.372867,207.4813811,0
4044,119.372867,207.4813811,0
4045,119.372867,207.4813811,0
4046,119.372867,207.4813811,0
4047,119.372867,207.4813811,0
4048,116.5306559,207.4813811,0
4049,116.5306559,207.4813811,0
4050,116.5306559,207.4813811,0
4051,116.5306559,207.4813811,0
4052,116.5306559,207.4813811,0
4053,116.5306559,207.4813811,0
4054,116.5306559,207.4813811,0
4055,116.5306559,207.4813811,0
4056,116.5306559,207.4813811,0
4057,116.5306559,207.4813811,0
4058,116.5306559,207.4813811,0
4059,116.5306559,207.4813811,0
4060,116.5306559,207.4813811,0
4061,116.5306559,207.4813811,0
4062,116.5306559,207.4813811,0
4063,116.5306559,207.4813811,0
4064,116.5306559,207.4813811,0
4065,116.5306559,207.4813811,0
4066,116.5306559,207.4813811,0
4067,119.3728669,207.4813811,0
4068,119.3728669,207.4813811,0
4069,119.3728669,207.4813811,0
4070,119.3728669,207.4813811,0
4071,119.3728669,207.4813811,0
4072,119.3728669,207.4813811,0
4073,119.3728669,207.4813811,0
4074,119.3728669,207.4813811,0
4075,119.3728669,207.4813811,0
4076,119.3728669,207.4813811,0
4077,119.3728669,207.4813811,0
4078,119.3728669,207.4813811,0
4079,119.3728669,207.4813811,0
4080,119.3728669,207.4813811,0
4081,119.3728669,207.4813811,0
4082,119.3728669,207.4813811,0
4083,119.3728669,207.4813811,0
4084,119.3728669,207.4813811,0
4085,119.3728669,207.4813811,0
4086,119.3728669,207.4813811,0
4087,119.3728669,207.4813811,0
4088,119.3728669,207.4813811,0
4089,119.3728669,207.4813811,0
4090,119.3728669,207.4813811,0
4091,119.3728669,207.4813811,0
4092,119.3728669,207.4813811,0
4093,119.3728669,207.4813811,0
4094,119.3728669,207.4813811,0
4095,119.3728669,207.4813811,0
4096,119.3728669,207.4813811,0
4097,119.3728669,207.4813811,0
4098,119.3728669,207.4813811,0
4099,119.3728669,207.4813811,0
4100,119.3728669,207.4813811,0
4101,119.3728669,207.4813811,0
4102,119.3728669,207.4813811,0
4103,119.3728669,207.4813811,0
4104,119.3728669,207.4813811,0
4105,119.3728669,204.6391704,0
4106,119.3728669,204.6391704,0
4107,119.3728669,204.6391704,0
4108,119.3728669,204.6391704,0
4109,119.3728669,204.6391704,0
4110,119.3728669,204.6391704,0
4111,119.3728669,204.6391704,0
4112,119.3728669,204.6391704,0
4113,119.3728669,204.6391704,0
4114,119.3728669,204.6391704,0
4115,119.3728669,210.3235918,0
4116,119.3728669,210.3235918,0
4117,119.3728669,210.3235918,0
4118,119.3728669,210.3235918,0
4119,119.3728669,210.3235918,0
4120,119.3728669,210.3235918,0
4121,119.3728669,210.3235918,0
4122,119.3728669,210.3235918,0
4123,119.3728669,210.3235918,0
4124,119.3728669,210.3235918,0
4125,119.3728669,210.3235918,0
4126,119.3728669,210.3235918,0
4127,119.3728669,210.3235918,0
4128,119.3728669,210.3235918,0
4129,113.6884447,210.3235918,0
4130,113.6884447,210.3235918,0
4131,113.6884447,210.3235918,0
4132,113.6884447,210.3235918,0
4133,113.6884447,210.3235918,0
4134,113.6884447,210.3235918,0
4135,113.6884447,210.3235918,0
4136,113.6884447,210.3235918,0
4137,113.6884447,210.3235918,0
4138,113.6884447,210.3235918,0
4139,113.6884447,210.3235918,0
4140,113.6884447,210.3235918,0
4141,113.6884447,210.3235918,0
4142,113.6884447,210.3235918,0
4143,113.6884447,210.3235918,0
4144,113.6884447,210.3235918,0
4145,113.6884447,210.3235918,0
4146,113.6884447,210.3235918,0
4147,113.6884447,210.3235918,0
4148,113.6884447,210.3235918,0
4149,113.6884447,210.3235918,0
4150,113.6884448,210.3235918,0
4151,113.6884448,210.3235918,0
4152,116.5306559,210.3235918,0
4153,116.5306559,210.3235918,0
4154,116.5306559,210.3235918,0
4155,116.5306559,210.3235918,0
4156,116.5306559,210.3235918,0
4157,116.5306559,210.3235918,0
4158,116.5306559,210.3235918,0
4159,116.5306559,210.3235918,0
4160,116.5306559,210.3235918,0
4161,116.5306559,210.3235918,0
4162,116.5306559,210.3235918,0
4163,116.5306559,210.3235918,0
4164,116.5306559,210.3235918,0
4165,116.5306559,210.3235918,0
4166,116.5306559,210.3235918,0
4167,116.5306559,210.3235918,0
4168,116.5306559,210.3235918,0
4169,116.5306559,210.3235918,0
4170,116.5306559,210.3235918,0
4171,116.5306559,210.3235918,0
4172,116.5306559,210.3235918,0
4173,116.5306559,210.3235918,0
4174,116.5306559,210.3235918,0
4175,116.5306559,210.3235918,0
4176,116.5306559,210.3235918,0
4177,116.5306559,210.3235918,0
4178,116.5306559,210.3235918,0
4179,116.5306559,210.3235918,0
4180,116.5306559,210.3235918,0
4181,116.5306559,210.3235918,0
4182,116.5306559,210.3235918,0
4183,116.5306559,210.3235918,0
4184,116.5306559,210.3235918,0
4185,116.5306559,210.3235918,0
4186,116.5306559,210.3235918,0
4187,116.5306559,210.3235918,0
4188,116.5306559,210.3235918,0
4189,116.5306559,210.3235918,0
4190,116.5306559,210.3235918,0
4191,116.5306559,210.3235918,0
4192,116.5306559,210.3235918,0
4193,116.5306559,210.3235918,0
4194,116.5306559,210.3235918,0
4195,116.5306559,210.3235918,0
4196,116.5306559,210.3235918,0
4197,116.5306559,210.3235918,0
4198,116.5306559,210.3235918,0
4199,116.5306559,210.3235918,0
4200,116.5306559,210.3235918,0
4201,116.5306559,210.3235918,0
4202,116.5306559,207.4813811,0
4203,116.5306559,207.4813811,0
4204,116.5306559,207.4813811,0
4205,116.5306559,207.4813811,0
4206,116.5306559,207.4813811,0
4207,116.5306559,207.4813811,0
4208,116.5306559,207.4813811,0
4209,116.5306559,207.4813811,0
4210,116.5306559,207.4813811,0
4211,116.5306559,207.4813811,0
4212,116.5306559,207.4813811,0
4213,116.5306559,207.4813811,0
4214,116.5306559,207.4813811,0
4215,116.5306559,207.4813811,0
4216,116.5306559,207.4813811,0
4217,116.5306559,207.4813811,0
4218,116.5306559,207.4813811,0
4219,116.5306559,207.4813811,0
4220,116.5306559,207.4813811,0
4221,116.5306559,207.4813811,0
4222,116.5306559,207.4813811,0
4223,116.5306559,207.4813811,0
4224,116.5306559,207.4813811,0
4225,116.5306559,207.4813811,0
4226,116.5306559,207.4813811,0
4227,116.5306559,207.4813811,0
4228,116.5306559,207.4813811,0
4229,116.5306559,207.4813811,0
4230,116.5306559,207.4813811,0
4231,116.5306559,207.4813811,0
4232,116.5306559,207.4813811,0
4233,116.5306559,207.4813811,0
4234,116.5306559,207.4813811,0
4235,116.5306559,207.4813811,0
4236,116.5306559,207.4813811,0
4237,116.5306559,207.4813811,0
4238,116.5306559,207.4813811,0
4239,116.5306559,207.4813811,0
4240,116.5306559,207.4813811,0
4241,116.5306559,207.4813811,0
4242,116.5306559,207.4813811,0
4243,116.5306559,207.4813811,0
4244,116.5306559,207.4813811,0
4245,116.5306559,207.4813811,0
4246,116.5306559,207.4813811,0
4247,116.5306559,207.4813811,0
4248,116.5306559,207.4813811,0
4249,116.5306559,207.4813811,0
4250,116.5306559,207.4813811,0
4251,116.5306559,207.4813811,0
4252,116.5306559,207.4813811,0
4253,116.5306559,207.4813811,0
4254,116.5306559,207.4813811,0
4255,116.5306559,207.4813811,0
4256,116.5306559,207.4813811,0
4257,116.5306559,207.4813811,0
4258,116.5306559,207.4813811,0
4259,116.5306559,207.4813811,0
4260,116.5306559,207.4813811,0
4261,116.5306559,207.4813811,0
4262,116.5306559,207.4813811,0
4263,116.5306559,207.4813811,0
4264,116.5306559,207.4813811,0
4265,116.5306559,207.4813811,0
4266,116.5306559,207.4813811,0
4267,116.5306559,207.4813811,0
4268,116.5306559,207.4813811,0
4269,116.5306559,207.4813811,0
4270,116.5306559,207.4813811,0
4271,113.6884448,207.4813811,0
4272,113.6884448,207.4813811,0
4273,113.6884448,207.4813811,0
4274,113.6884448,207.4813811,0
4275,113.6884448,204.6391704,0
4276,113.6884447,204.6391704,0
4277,113.6884447,204.6391704,0
4278,113.6884447,204.6391704,0
4279,113.6884447,204.6391704,0
4280,113.6884447,204.6391704,0
4281,113.6884447,204.6391704,0
4282,113.6884447,204.6391704,0
4283,113.6884447,204.6391704,0
4284,113.6884447,204.6391704,0
4285,113.6884447,204.6391704,0
4286,113.6884447,207.4813811,0
4287,113.6884447,207.4813811,0
4288,113.6884447,207.4813811,0
4289,113.6884447,207.4813811,0
4290,116.5306559,207.4813811,0
4291,116.5306559,207.4813811,0
4292,116.5306559,207.4813811,0
4293,116.5306559,207.4813811,0
4294,116.5306559,207.4813811,0
4295,116.5306559,207.4813811,0
4296,116.5306559,207.4813811,0
4297,116.5306559,207.4813811,0
4298,116.5306559,207.4813811,0
4299,116.5306559,207.4813811,0
4300,116.5306559,207.4813811,0
4301,116.5306559,207.4813811,0
4302,116.5306559,207.4813811,0
4303,116.5306559,207.4813811,0
4304,116.5306559,207.4813811,0
4305,116.5306559,207.4813811,0
4306,116.5306559,207.4813811,0
4307,116.5306559,207.4813811,0
4308,116.5306559,207.4813811,0
4309,116.5306559,207.4813811,0
4310,116.5306559,207.4813811,0
4311,116.5306559,207.4813811,0
4312,116.5306559,207.4813811,0
4313,116.5306559,207.4813811,0
4314,116.5306559,207.4813811,0
4315,116.5306559,207.4813811,0
4316,116.5306559,207.4813811,0
4317,116.5306559,207.4813811,0
4318,116.5306559,207.4813811,0
4319,116.5306559,207.4813811,0
4320,116.5306559,207.4813811,0
4321,116.5306559,207.4813811,0
4322,116.5306559,207.4813811,0
4323,116.5306559,207.4813811,0
4324,116.5306559,207.4813811,0
4325,116.5306559,207.4813811,0
4326,116.5306559,207.4813811,0
4327,116.5306559,207.4813811,0
4328,116.5306559,207.4813811,0
4329,116.5306559,207.4813811,0
4330,116.5306559,207.4813811,0
4331,116.5306559,207.4813811,0
4332,116.5306559,207.4813811,0
4333,116.5306559,207.4813811,0
4334,116.5306559,207.4813811,0
4335,116.5306559,207.4813811,0
4336,116.5306559,204.6391704,0
4337,116.5306559,204.6391704,0
4338,116.5306559,204.6391704,0
4339,116.5306559,204.6391704,0
4340,113.6884448,204.6391704,0
4341,113.6884448,204.6391704,0
4342,113.6884448,204.6391704,0
4343,113.6884448,204.6391704,0
4344,113.6884448,204.6391704,0
4345,113.6884448,204.6391704,0
4346,113.6884448,204.6391704,0
4347,116.5306558,204.6391704,0
4348,116.5306558,204.6391704,0
4349,116.5306558,204.6391704,0
4350,116.5306558,204.6391704,0
4351,116.5306558,204.6391704,0
4352,116.5306558,204.6391704,0
4353,116.5306558,204.6391704,0
4354,116.5306558,204.6391704,0
4355,116.5306558,204.6391704,0
4356,116.5306558,204.6391704,0
4357,116.5306558,204.6391704,0
4358,116.5306558,204.6391704,0
4359,116.5306558,204.6391704,0
4360,116.5306558,204.6391704,0
4361,116.5306558,204.6391704,0
4362,116.5306558,204.6391704,0
4363,116.5306558,204.6391704,0
4364,116.5306558,204.6391704,0
4365,116.5306558,204.6391704,0
4366,116.5306558,204.6391704,0
4367,116.5306558,204.6391704,0
4368,116.5306558,204.6391704,0
4369,116.5306558,204.6391704,0
4370,116.5306558,204.6391704,0
4371,116.5306558,204.6391704,0
4372,116.5306558,204.6391704,0
4373,116.5306558,204.6391704,0
4374,116.5306558,204.6391704,0
4375,116.5306558,204.6391704,0
4376,116.5306558,204.6391704,0
4377,116.5306558,204.6391704,0
4378,116.5306558,204.6391704,0
4379,116.5306558,204.6391704,0
4380,116.5306558,204.6391704,0
4381,116.5306558,204.6391704,0
4382,116.5306558,204.6391704,0
4383,116.5306558,204.6391704,0
4384,116.5306558,204.6391704,0
4385,116.5306558,204.6391704,0
4386,116.5306558,204.6391704,0
4387,116.5306558,204.6391704,0
4388,116.5306558,204.6391704,0
4389,116.5306558,204.6391704,0
4390,116.5306558,204.6391704,0
4391,116.5306558,204.6391704,0
4392,116.5306558,204.6391704,0
4393,116.5306558,204.6391704,0
4394,116.5306558,204.6391704,0
4395,116.5306558,204.6391704,0
4396,116.5306558,204.6391704,0
4397,113.6884448,204.6391704,0
4398,113.6884448,204.6391704,0
4399,113.6884448,204.6391704,0
4400,113.6884448,204.6391704,0
4401,113.6884448,204.6391704,0
4402,113.6884448,204.6391704,0
4403,113.6884448,204.6391704,0
4404,113.6884448,204.6391704,0
4405,113.6884448,204.6391704,0
4406,113.6884448,204.6391704,0
4407,113.6884448,204.6391704,0
4408,113.6884448,204.6391704,0
4409,113.6884448,204.6391704,0
4410,113.6884448,204.6391704,0
4411,113.6884448,201.7969597,0
4412,113.6884448,201.7969597,0
4413,113.6884448,201.7969597,0
4414,113.6884448,201.7969597,0
4415,113.6884448,201.7969597,0
4416,113.6884448,201.7969597,0
4417,113.6884448,201.7969597,0
4418,116.5306559,204.6391704,0
4419,116.5306559,204.6391704,0
4420,116.5306559,204.6391704,0
4421,116.5306559,204.6391704,0
4422,116.5306559,204.6391704,0
4423,116.5306559,204.6391704,0
4424,116.5306559,204.6391704,0
4425,116.5306559,204.6391704,0
4426,116.5306559,204.6391704,0
4427,116.5306559,204.6391704,0
4428,116.5306559,204.6391704,0
4429,116.5306559,204.6391704,0
4430,116.5306559,204.6391704,0
4431,116.5306559,207.4813811,0
4432,116.5306559,207.4813811,0
4433,116.5306559,207.4813811,0
4434,116.5306559,207.4813811,0
4435,116.5306559,207.4813811,0
4436,116.5306559,207.4813811,0
4437,116.5306559,207.4813811,0
4438,116.5306559,207.4813811,0
4439,116.5306559,207.4813811,0
4440,116.5306559,207.4813811,0
4441,116.5306559,207.4813811,0
4442,116.5306559,207.4813811,0
4443,116.5306559,207.4813811,0
4444,116.5306559,207.4813811,0
4445,116.5306559,207.4813811,0
4446,116.5306559,207.4813811,0
4447,116.5306559,207.4813811,0
4448,116.5306559,207.4813811,0
4449,116.5306559,207.4813811,0
4450,116.5306559,207.4813811,0
4451,116.5306559,207.4813811,0
4452,116.5306559,207.4813811,0
4453,116.5306559,207.4813811,0
4454,116.5306559,207.4813811,0
4455,116.5306559,207.4813811,0
4456,116.5306559,207.4813811,0
4457,116.5306559,207.4813811,0
4458,116.5306559,207.4813811,0
4459,116.5306559,207.4813811,0
4460,116.5306559,207.4813811,0
4461,116.5306559,207.4813811,0
4462,116.5306559,207.4813811,0
4463,116.5306559,207.4813811,0
4464,116.5306559,207.4813811,0
4465,116.5306559,207.4813811,0
4466,116.5306559,207.4813811,0
4467,116.5306559,207.4813811,0
4468,116.5306558,207.4813811,0
4469,116.5306558,207.4813811,0
4470,116.5306558,207.4813811,0
4471,116.5306558,207.4813811,0
4472,116.5306558,207.4813811,0
4473,116.5306558,207.4813811,0
4474,116.5306558,207.4813811,0
4475,116.5306558,207.4813811,0
4476,116.5306558,207.4813811,0
4477,116.5306558,207.4813811,0
4478,116.5306558,207.4813811,0
4479,116.5306558,207.4813811,0
4480,116.5306558,207.4813811,0
4481,116.5306559,207.4813811,0
4482,116.5306559,207.4813811,0
4483,116.5306559,207.4813811,0
4484,116.5306559,207.4813811,0
4485,116.5306559,207.4813811,0
4486,116.5306559,207.4813811,0
4487,116.5306559,207.4813811,0
4488,116.5306559,207.4813811,0
4489,116.5306559,207.4813811,0
4490,116.5306559,207.4813811,0
4491,116.5306559,207.4813811,0
4492,116.5306559,207.4813811,0
4493,116.5306559,207.4813811,0
4494,116.5306559,207.4813811,0
4495,116.5306559,207.4813811,0
4496,116.5306559,207.4813811,0
4497,116.5306559,207.4813811,0
4498,116.5306559,207.4813811,0
4499,116.5306559,207.4813811,0
4500,116.5306559,207.4813811,0
4501,116.5306559,207.4813811,0
4502,116.5306559,207.4813811,0
4503,116.5306559,207.4813811,0
4504,116.5306559,207.4813811,0
4505,116.5306559,207.4813811,0
4506,116.5306559,207.4813811,0
4507,116.5306559,207.4813811,0
4508,116.5306559,207.4813811,0
4509,116.5306559,207.4813811,0
4510,116.5306559,207.4813811,0
4511,116.5306559,207.4813811,0
4512,116.5306559,207.4813811,0
4513,116.5306559,207.4813811,0
4514,116.5306559,207.4813811,0
4515,116.5306559,207.4813811,0
4516,116.5306559,207.4813811,0
4517,116.5306559,207.4813811,0
4518,116.5306559,207.4813811,0
4519,116.5306559,207.4813811,0
4520,116.5306559,207.4813811,0
4521,116.5306559,207.4813811,0
4522,116.5306559,207.4813811,0
4523,116.5306559,207.4813811,0
4524,116.5306559,207.4813811,0
4525,116.5306559,207.4813811,0
4526,116.5306559,207.4813811,0
4527,116.5306559,207.4813811,0
4528,116.5306559,207.4813811,0
4529,116.5306559,207.4813811,0
4530,116.5306559,207.4813811,0
4531,116.5306559,207.4813811,0
4532,116.5306559,207.4813811,0
4533,116.5306559,207.4813811,0
4534,116.5306559,207.4813811,0
4535,116.5306559,207.4813811,0
4536,116.5306559,207.4813811,0
4537,116.5306559,207.4813811,0
4538,116.5306559,207.4813811,0
4539,116.5306559,207.4813811,0
4540,116.5306559,207.4813811,0
4541,116.5306558,207.4813811,0
4542,116.5306558,207.4813811,0
4543,116.5306558,207.4813811,0
4544,116.5306558,207.4813811,0
4545,116.5306558,207.4813811,0
4546,116.5306558,207.4813811,0
4547,119.3728669,207.4813811,0
4548,119.3728669,207.4813811,0
4549,119.3728669,207.4813811,0
4550,119.3728669,207.4813811,0
4551,119.3728669,207.4813811,0
4552,119.3728669,207.4813811,0
4553,119.3728669,207.4813811,0
4554,119.3728669,207.4813811,0
4555,119.3728669,207.4813811,0
4556,119.3728669,207.4813811,0
4557,119.3728669,207.4813811,0
4558,119.3728669,207.4813811,0
4559,119.3728669,207.4813811,0
4560,119.3728669,207.4813811,0
4561,119.3728669,207.4813811,0
4562,119.3728669,207.4813811,0
4563,119.3728669,207.4813811,0
4564,119.3728669,207.4813811,0
4565,119.3728669,207.4813811,0
4566,119.3728669,207.4813811,0
4567,119.3728669,207.4813811,0
4568,119.3728669,207.4813811,0
4569,119.3728669,207.4813811,0
4570,119.3728669,207.4813811,0
4571,119.3728669,207.4813811,0
4572,119.3728669,207.4813811,0
4573,119.3728669,207.4813811,0
4574,119.3728669,207.4813811,0
4575,119.3728669,207.4813811,0
4576,119.3728669,207.4813811,0
4577,119.3728669,207.4813811,0
4578,119.3728669,207.4813811,0
4579,119.3728669,207.4813811,0
4580,119.3728669,207.4813811,0
4581,119.3728669,207.4813811,0
4582,119.3728669,207.4813811,0
4583,119.3728669,207.4813811,0
4584,119.3728669,207.4813811,0
4585,119.3728669,207.4813811,0
4586,119.3728669,207.4813811,0
4587,119.3728669,207.4813811,0
4588,119.3728669,207.4813811,0
4589,119.3728669,207.4813811,0
4590,119.3728669,207.4813811,0
4591,119.3728669,207.4813811,0
4592,119.3728669,207.4813811,0
4593,119.3728669,207.4813811,0
4594,119.3728669,207.4813811,0
4595,119.3728669,207.4813811,0
4596,119.3728669,207.4813811,0
4597,116.5306559,207.4813811,0
4598,116.5306559,207.4813811,0
4599,116.5306559,207.4813811,0
4600,116.5306559,207.4813811,0
4601,116.5306559,207.4813811,0
4602,116.5306559,207.4813811,0
4603,116.5306559,207.4813811,0
4604,116.5306559,207.4813811,0
4605,116.5306559,207.4813811,0
4606,116.5306559,207.4813811,0
4607,116.5306559,207.4813811,0
4608,116.5306559,207.4813811,0
4609,116.5306559,207.4813811,0
4610,116.5306559,207.4813811,0
4611,116.5306559,207.4813811,0
4612,116.5306559,207.4813811,0
4613,116.5306559,207.4813811,0
4614,116.5306559,207.4813811,0
4615,116.5306559,207.4813811,0
4616,116.5306559,207.4813811,0
4617,116.5306559,207.4813811,0
4618,116.5306559,207.4813811,0
4619,116.5306559,207.4813811,0
4620,116.5306559,207.4813811,0
4621,116.5306559,207.4813811,0
4622,116.5306559,207.4813811,0
4623,116.5306559,207.4813811,0
4624,116.5306559,207.4813811,0
4625,116.5306559,207.4813811,0
4626,116.5306559,207.4813811,0
4627,113.6884448,207.4813811,0
4628,113.6884448,207.4813811,0
4629,113.6884448,207.4813811,0
4630,113.6884448,207.4813811,0
4631,113.6884448,207.4813811,0
4632,113.6884448,207.4813811,0
4633,113.6884448,207.4813811,0
4634,113.6884448,207.4813811,0
4635,113.6884448,207.4813811,0
4636,113.6884448,207.4813811,0
4637,113.6884448,207.4813811,0
4638,113.6884448,207.4813811,0
4639,113.6884448,207.4813811,0
4640,113.6884448,207.4813811,0
4641,116.5306559,207.4813811,0
4642,116.5306559,207.4813811,0
4643,116.5306559,207.4813811,0
4644,116.5306559,207.4813811,0
4645,116.5306559,207.4813811,0
4646,116.5306559,207.4813811,0
4647,116.5306559,207.4813811,0
4648,116.5306559,207.4813811,0
4649,116.5306559,207.4813811,0
4650,116.5306559,207.4813811,0
4651,116.5306559,207.4813811,0
4652,116.5306559,207.4813811,0
4653,116.5306559,207.4813811,0
4654,116.5306559,207.4813811,0
4655,116.5306559,207.4813811,0
4656,116.5306559,207.4813811,0
4657,116.5306559,207.4813811,0
4658,116.5306559,207.4813811,0
4659,116.5306559,207.4813811,0
4660,116.5306559,207.4813811,0
4661,116.5306559,207.4813811,0
4662,116.5306559,207.4813811,0
4663,116.5306559,207.4813811,0
4664,116.5306559,207.4813811,0
4665,116.5306559,207.4813811,0
4666,116.5306559,207.4813811,0
4667,116.5306559,207.4813811,0
4668,116.5306559,207.4813811,0
4669,116.5306559,207.4813811,0
4670,116.5306559,207.4813811,0
4671,116.5306559,207.4813811,0
4672,116.5306559,207.4813811,0
4673,116.5306559,204.6391704,0
4674,116.5306559,204.6391704,0
4675,116.5306559,204.6391704,0
4676,116.5306559,204.6391704,0
4677,116.5306559,204.6391704,0
4678,116.5306559,204.6391704,0
4679,116.5306559,204.6391704,0
4680,116.5306559,204.6391704,0
4681,116.5306559,204.6391704,0
4682,116.5306559,204.6391704,0
4683,116.5306559,204.6391704,0
4684,116.5306559,204.6391704,0
4685,116.5306559,210.3235918,0
4686,116.5306559,210.3235918,0
4687,116.5306559,210.3235918,0
4688,116.5306559,210.3235918,0
4689,116.5306559,210.3235918,0
4690,116.5306559,210.3235918,0
4691,116.5306559,210.3235918,0
4692,116.5306559,210.3235918,0
4693,116.5306559,210.3235918,0
4694,116.5306559,210.3235918,0
4695,116.5306559,210.3235918,0
4696,116.5306559,210.3235918,0
4697,116.5306559,210.3235918,0
4698,116.5306559,210.3235918,0
4699,116.5306559,210.3235918,0
4700,116.5306559,210.3235918,0
4701,116.5306559,210.3235918,0
4702,116.5306559,210.3235918,0
4703,116.5306559,210.3235918,0
4704,119.3728669,210.3235918,0
4705,119.3728669,210.3235918,0
4706,119.3728669,210.3235918,0
4707,119.3728669,210.3235918,0
4708,119.3728669,210.3235918,0
4709,119.3728669,210.3235918,0
4710,119.3728669,210.3235918,0
4711,119.3728669,210.3235918,0
4712,119.3728669,210.3235918,0
4713,119.3728669,210.3235918,0
4714,119.3728669,210.3235918,0
4715,119.3728669,210.3235918,0
4716,119.3728669,210.3235918,0
4717,119.3728669,210.3235918,0
4718,119.3728669,210.3235918,0
4719,119.3728669,210.3235918,0
4720,119.3728669,210.3235918,0
4721,119.3728669,210.3235918,0
4722,119.3728669,210.3235918,0
4723,119.3728669,210.3235918,0
4724,119.3728669,210.3235918,0
4725,119.3728669,210.3235918,0
4726,119.3728669,210.3235918,0
4727,119.3728669,210.3235918,0
4728,119.3728669,210.3235918,0
4729,119.3728669,210.3235918,0
4730,119.3728669,210.3235918,0
4731,119.3728669,210.3235918,0
4732,119.3728669,210.3235918,0
4733,119.3728669,210.3235918,0
4734,119.3728669,210.3235918,0
4735,119.3728669,210.3235918,0
4736,119.3728669,207.4813811,0
4737,119.3728669,207.4813811,0
4738,119.3728669,207.4813811,0
4739,119.3728669,207.4813811,0
4740,119.3728669,207.4813811,0
4741,119.3728669,207.4813811,0
4742,119.3728669,207.4813811,0
4743,119.3728669,207.4813811,0
4744,119.3728669,207.4813811,0
4745,119.3728669,207.4813811,0
4746,119.3728669,207.4813811,0
4747,119.3728669,207.4813811,0
4748,119.3728669,207.4813811,0
4749,119.3728669,207.4813811,0
4750,119.3728669,207.4813811,0
4751,119.3728669,207.4813811,0
4752,119.3728669,207.4813811,0
4753,119.3728669,204.6391704,0
4754,119.3728669,204.6391704,0
4755,119.3728669,204.6391704,0
4756,119.3728669,204.6391704,0
4757,119.3728669,204.6391704,0
4758,119.3728669,204.6391704,0
4759,119.3728669,204.6391704,0
4760,119.3728669,204.6391704,0
4761,119.3728669,204.6391704,0
4762,119.3728669,204.6391704,0
4763,119.3728669,204.6391704,0
4764,119.3728669,204.6391704,0
4765,119.3728669,207.4813811,0
4766,119.3728669,207.4813811,0
4767,119.3728669,207.4813811,0
4768,119.3728669,207.4813811,0
4769,119.3728669,207.4813811,0
4770,119.3728669,207.4813811,0
4771,119.3728669,207.4813811,0
4772,119.3728669,207.4813811,0
4773,119.3728669,207.4813811,0
4774,119.3728669,207.4813811,0
4775,119.3728669,207.4813811,0
4776,119.3728669,207.4813811,0
4777,119.3728669,207.4813811,0
4778,119.3728669,207.4813811,0
4779,119.3728669,207.4813811,0
4780,119.3728669,207.4813811,0
4781,119.3728669,207.4813811,0
4782,119.3728669,207.4813811,0
4783,119.3728669,207.4813811,0
4784,119.3728669,207.4813811,0
4785,119.3728669,207.4813811,0
4786,119.3728669,207.4813811,0
4787,119.3728669,207.4813811,0
4788,119.3728669,207.4813811,0
4789,119.3728669,207.4813811,0
4790,119.3728669,207.4813811,0
4791,119.3728669,207.4813811,0
4792,119.3728669,207.4813811,0
4793,119.3728669,207.4813811,0
4794,119.3728669,207.4813811,0
4795,119.3728669,207.4813811,0
4796,119.3728669,207.4813811,0
4797,119.3728669,207.4813811,0
4798,119.3728669,207.4813811,0
4799,119.3728669,207.4813811,0
4800,119.3728669,207.4813811,0
4801,119.3728669,207.4813811,0
4802,119.372867,207.4813811,0
4803,119.372867,207.4813811,0
4804,119.372867,207.4813811,0
4805,119.372867,207.4813811,0
4806,119.372867,207.4813811,0
4807,119.372867,207.4813811,0
4808,119.372867,207.4813811,0
4809,119.372867,207.4813811,0
4810,119.372867,207.4813811,0
4811,119.372867,207.4813811,0
4812,119.372867,207.4813811,0
4813,119.372867,207.4813811,0
4814,119.372867,207.4813811,0
4815,119.372867,204.6391704,0
4816,119.372867,204.6391704,0
4817,119.372867,207.4813811,0
4818,119.372867,207.4813811,0
4819,119.372867,207.4813811,0
4820,119.372867,207.4813811,0
4821,119.372867,207.4813811,0
4822,119.372867,207.4813811,0
4823,119.372867,207.4813811,0
4824,119.372867,207.4813811,0
4825,119.372867,207.4813811,0
4826,119.372867,207.4813811,0
4827,119.372867,207.4813811,0
4828,119.372867,207.4813811,0
4829,119.372867,207.4813811,0
4830,119.372867,207.4813811,0
4831,119.372867,207.4813811,0
4832,119.372867,207.4813811,0
4833,119.372867,207.4813811,0
4834,119.372867,207.4813811,0
4835,119.372867,207.4813811,0
4836,119.372867,207.4813811,0
4837,119.372867,207.4813811,0
4838,119.372867,207.4813811,0
4839,119.372867,207.4813811,0
4840,119.372867,207.4813811,0
4841,119.372867,207.4813811,0
4842,119.372867,207.4813811,0
4843,119.372867,207.4813811,0
4844,119.372867,207.4813811,0
4845,119.372867,207.4813811,0
4846,119.372867,207.4813811,0
4847,119.372867,207.4813811,0
4848,119.372867,207.4813811,0
4849,119.372867,207.4813811,0
4850,119.372867,207.4813811,0
4851,119.372867,207.4813811,0
4852,119.372867,207.4813811,0
4853,119.372867,207.4813811,0
4854,119.372867,207.4813811,0
4855,119.372867,207.4813811,0
4856,119.372867,207.4813811,0
4857,119.372867,207.4813811,0
4858,119.372867,207.4813811,0
4859,119.372867,207.4813811,0
4860,119.372867,207.4813811,0
4861,119.372867,207.4813811,0
4862,119.372867,207.4813811,0
4863,119.372867,207.4813811,0
4864,119.372867,207.4813811,0
4865,119.372867,207.4813811,0
4866,119.372867,207.4813811,0
4867,119.372867,207.4813811,0
4868,119.372867,207.4813811,0
4869,119.372867,207.4813811,0
4870,119.372867,207.4813811,0
4871,119.372867,207.4813811,0
4872,119.372867,207.4813811,0
4873,119.372867,207.4813811,0
4874,119.372867,207.4813811,0
4875,119.372867,207.4813811,0
4876,119.372867,207.4813811,0
4877,119.372867,207.4813811,0
4878,119.372867,207.4813811,0
4879,119.372867,207.4813811,0
4880,119.372867,207.4813811,0
4881,119.372867,207.4813811,0
4882,119.372867,207.4813811,0
4883,119.372867,207.4813811,0
4884,119.372867,207.4813811,0
4885,119.372867,207.4813811,0
4886,119.372867,207.4813811,0
4887,119.372867,207.4813811,0
4888,119.372867,207.4813811,0
4889,119.372867,207.4813811,0
4890,119.372867,207.4813811,0
4891,119.372867,207.4813811,0
4892,119.372867,204.6391704,0
4893,119.372867,204.6391704,0
4894,119.372867,204.6391704,0
4895,119.372867,207.4813811,0
4896,119.372867,207.4813811,0
4897,119.372867,207.4813811,0
4898,119.372867,207.4813811,0
4899,119.372867,207.4813811,0
4900,119.372867,207.4813811,0
4901,119.372867,207.4813811,0
4902,119.372867,207.4813811,0
4903,119.372867,207.4813811,0
4904,119.372867,207.4813811,0
4905,119.372867,207.4813811,0
4906,119.372867,207.4813811,0
4907,119.372867,207.4813811,0
4908,119.372867,207.4813811,0
4909,119.372867,207.4813811,0
4910,119.372867,207.4813811,0
4911,119.372867,207.4813811,0
4912,119.372867,207.4813811,0
4913,119.372867,207.4813811,0
4914,119.372867,207.4813811,0
4915,119.3728669,207.4813811,0
4916,119.3728669,207.4813811,0
4917,119.3728669,207.4813811,0
4918,119.3728669,207.4813811,0
4919,119.3728669,207.4813811,0
4920,119.3728669,207.4813811,0
4921,119.3728669,207.4813811,0
4922,119.3728669,207.4813811,0
4923,119.3728669,207.4813811,0
4924,119.3728669,207.4813811,0
4925,119.3728669,207.4813811,0
4926,116.5306559,207.4813811,0
4927,116.5306559,207.4813811,0
4928,116.5306559,207.4813811,0
4929,116.5306559,207.4813811,0
4930,116.5306559,207.4813811,0
4931,116.5306559,207.4813811,0
4932,116.5306559,207.4813811,0
4933,116.5306559,207.4813811,0
4934,116.5306559,207.4813811,0
4935,116.5306559,207.4813811,0
4936,116.5306559,207.4813811,0
4937,116.5306559,207.4813811,0
4938,116.5306559,207.4813811,0
4939,116.5306559,207.4813811,0
4940,116.5306559,207.4813811,0
4941,116.5306559,207.4813811,0
4942,116.5306559,207.4813811,0
4943,116.5306559,207.4813811,0
4944,116.5306559,207.4813811,0
4945,116.5306559,207.4813811,0
4946,116.5306559,207.4813811,0
4947,116.5306559,207.4813811,0
4948,116.5306559,207.4813811,0
4949,116.5306559,207.4813811,0
4950,116.5306559,207.4813811,0
4951,116.5306559,207.4813811,0
4952,116.5306559,207.4813811,0
4953,116.5306559,207.4813811,0
4954,119.3728669,207.4813811,0
4955,119.3728669,207.4813811,0
4956,119.3728669,207.4813811,0
4957,119.3728669,207.4813811,0
4958,119.3728669,207.4813811,0
4959,119.3728669,207.4813811,0
4960,119.3728669,207.4813811,0
4961,119.3728669,207.4813811,0
4962,119.3728669,207.4813811,0
4963,119.3728669,207.4813811,0
4964,119.3728669,207.4813811,0
4965,119.3728669,207.4813811,0
4966,119.3728669,207.4813811,0
4967,119.3728669,207.4813811,0
4968,119.3728669,207.4813811,0
4969,119.3728669,207.4813811,0
4970,119.3728669,207.4813811,0
4971,119.3728669,207.4813811,0
4972,119.3728669,207.4813811,0
4973,119.3728669,207.4813811,0
4974,119.3728669,207.4813811,0
4975,119.3728669,207.4813811,0
4976,119.3728669,207.4813811,0
4977,119.3728669,207.4813811,0
4978,119.3728669,207.4813811,0
4979,119.3728669,207.4813811,0
4980,119.3728669,207.4813811,0
4981,119.3728669,207.4813811,0
4982,119.3728669,207.4813811,0
4983,119.3728669,207.4813811,0
4984,119.3728669,204.6391704,0
4985,119.3728669,204.6391704,0
4986,119.3728669,204.6391704,0
4987,119.3728669,204.6391704,0
4988,119.3728669,204.6391704,0
4989,119.3728669,204.6391704,0
4990,119.3728669,204.6391704,0
4991,119.3728669,204.6391704,0
4992,119.3728669,204.6391704,0
4993,119.3728669,204.6391704,0
4994,119.3728669,204.6391704,0
4995,119.3728669,204.6391704,0
4996,119.3728669,204.6391704,0
4997,119.3728669,204.6391704,0
4998,119.3728669,204.6391704,0
4999,119.3728669,204.6391704,0
5000,119.3728669,204.6391704,0
5001,119.3728669,204.6391704,0
5002,119.3728669,204.6391704,0
5003,119.3728669,204.6391704,0
5004,116.5306559,204.6391704,0
5005,116.5306559,204.6391704,0
5006,116.5306559,204.6391704,0
5007,116.5306559,204.6391704,0
5008,116.5306559,204.6391704,0
5009,116.5306559,204.6391704,0
5010,116.5306559,204.6391704,0
5011,116.5306559,204.6391704,0
5012,116.5306559,204.6391704,0
5013,116.5306559,204.6391704,0
5014,116.5306559,204.6391704,0
5015,116.5306559,204.6391704,0
5016,116.5306559,204.6391704,0
5017,116.5306559,204.6391704,0
5018,116.5306559,204.6391704,0
5019,116.5306559,204.6391704,0
5020,116.5306559,204.6391704,0
5021,116.5306559,204.6391704,0
5022,116.5306559,204.6391704,0
5023,116.5306559,204.6391704,0
5024,116.5306559,204.6391704,0
5025,116.5306559,204.6391704,0
5026,116.5306559,204.6391704,0
5027,116.5306559,204.6391704,0
5028,116.5306559,204.6391704,0
5029,116.5306559,204.6391704,0
5030,116.5306559,204.6391704,0
5031,116.5306559,204.6391704,0
5032,116.5306559,204.6391704,0
5033,116.5306559,204.6391704,0
5034,116.5306559,204.6391704,0
5035,116.5306559,204.6391704,0
5036,116.5306559,204.6391704,0
5037,116.5306559,207.4813811,0
5038,116.5306559,207.4813811,0
5039,116.5306559,207.4813811,0
5040,116.5306559,207.4813811,0
5041,116.5306559,207.4813811,0
5042,116.5306559,207.4813811,0
5043,116.5306559,207.4813811,0
5044,116.5306559,207.4813811,0
5045,116.5306559,207.4813811,0
5046,116.5306559,207.4813811,0
5047,116.5306559,207.4813811,0
5048,116.5306559,207.4813811,0
5049,116.5306559,207.4813811,0
5050,116.5306559,207.4813811,0
5051,116.5306559,207.4813811,0
5052,116.5306559,207.4813811,0
5053,116.5306559,207.4813811,0
5054,116.5306559,207.4813811,0
5055,116.5306559,207.4813811,0
5056,116.5306559,207.4813811,0
5057,116.5306559,207.4813811,0
5058,116.5306559,207.4813811,0
5059,116.5306559,207.4813811,0
5060,116.5306559,207.4813811,0
5061,116.5306559,207.4813811,0
5062,116.5306559,207.4813811,0
5063,116.5306559,207.4813811,0
5064,116.5306559,207.4813811,0
5065,116.5306559,207.4813811,0
5066,116.5306559,207.4813811,0
5067,116.5306559,207.4813811,0
5068,116.5306559,207.4813811,0
5069,116.5306559,207.4813811,0
5070,116.5306559,207.4813811,0
5071,116.5306559,207.4813811,0
5072,116.5306559,207.4813811,0
5073,116.5306559,207.4813811,0
5074,116.5306559,207.4813811,0
5075,116.5306559,207.4813811,0
5076,116.5306559,207.4813811,0
5077,116.5306559,207.4813811,0
5078,116.5306559,207.4813811,0
5079,116.5306559,207.4813811,0
5080,116.5306559,207.4813811,0
5081,116.5306559,207.4813811,0
5082,116.5306559,207.4813811,0
5083,116.5306559,207.4813811,0
5084,116.5306559,207.4813811,0
5085,116.5306559,207.4813811,0
5086,116.5306559,207.4813811,0
5087,116.5306559,204.6391704,0
5088,116.5306559,204.6391704,0
5089,116.5306559,204.6391704,0
5090,116.5306559,204.6391704,0
5091,116.5306559,204.6391704,0
5092,116.5306559,204.6391704,0
5093,116.5306559,204.6391704,0
5094,116.5306559,204.6391704,0
5095,116.5306559,204.6391704,0
5096,116.5306559,204.6391704,0
5097,116.5306559,204.6391704,0
5098,116.5306558,204.6391704,0
5099,116.5306558,204.6391704,0
5100,116.5306558,204.6391704,0
5101,116.5306558,204.6391704,0
5102,116.5306558,204.6391704,0
5103,116.5306558,204.6391704,0
5104,116.5306558,204.6391704,0
5105,116.5306558,204.6391704,0
5106,116.5306558,204.6391704,0
5107,116.5306558,204.6391704,0
5108,116.5306558,204.6391704,0
5109,116.5306558,204.6391704,0
5110,116.5306558,204.6391704,0
5111,116.5306558,204.6391704,0
5112,116.5306558,204.6391704,0
5113,116.5306558,204.6391704,0
5114,116.5306558,204.6391704,0
5115,116.5306559,204.6391704,0
5116,116.5306559,204.6391704,0
5117,116.5306559,204.6391704,0
5118,116.5306559,204.6391704,0
5119,116.5306559,204.6391704,0
5120,116.5306559,204.6391704,0
5121,116.5306559,204.6391704,0
5122,116.5306559,204.6391704,0
5123,116.5306559,204.6391704,0
5124,116.5306559,204.6391704,0
5125,116.5306559,204.6391704,0
5126,116.5306559,204.6391704,0
5127,116.5306559,204.6391704,0
5128,116.5306559,204.6391704,0
5129,116.5306559,204.6391704,0
5130,116.5306559,204.6391704,0
5131,116.5306559,204.6391704,0
5132,116.5306559,204.6391704,0
5133,116.5306559,204.6391704,0
5134,116.5306559,204.6391704,0
5135,116.5306559,204.6391704,0
5136,116.5306559,204.6391704,0
5137,116.5306559,204.6391704,0
5138,116.5306559,204.6391704,0
5139,116.5306559,204.6391704,0
5140,116.5306559,204.6391704,0
5141,116.5306559,204.6391704,0
5142,116.5306559,204.6391704,0
5143,116.5306559,204.6391704,0
5144,116.5306559,204.6391704,0
5145,116.5306559,204.6391704,0
5146,116.5306559,204.6391704,0
5147,116.5306559,204.6391704,0
5148,116.5306559,207.4813811,0
5149,116.5306559,207.4813811,0
5150,116.5306559,207.4813811,0
5151,116.5306559,207.4813811,0
5152,116.5306559,207.4813811,0
5153,116.5306559,207.4813811,0
5154,116.5306559,207.4813811,0
5155,116.5306559,207.4813811,0
5156,116.5306559,207.4813811,0
5157,116.5306559,207.4813811,0
5158,116.5306559,207.4813811,0
5159,116.5306559,207.4813811,0
5160,116.5306559,207.4813811,0
5161,116.5306559,207.4813811,0
5162,116.5306559,207.4813811,0
5163,116.5306559,207.4813811,0
5164,116.5306559,207.4813811,0
5165,116.5306558,207.4813811,0
5166,116.5306558,207.4813811,0
5167,116.5306558,207.4813811,0
5168,116.5306558,207.4813811,0
5169,116.5306558,207.4813811,0
5170,116.5306558,207.4813811,0
5171,116.5306558,207.4813811,0
5172,116.5306558,207.4813811,0
5173,116.5306558,207.4813811,0
5174,116.5306558,207.4813811,0
5175,116.5306558,207.4813811,0
5176,116.5306558,207.4813811,0
5177,116.5306558,207.4813811,0
5178,116.5306558,207.4813811,0
5179,116.5306558,207.4813811,0
5180,116.5306558,207.4813811,0
5181,116.5306558,207.4813811,0
5182,116.5306558,207.4813811,0
5183,116.5306558,207.4813811,0
5184,116.5306558,207.4813811,0
5185,116.5306558,207.4813811,0
5186,116.5306558,207.4813811,0
5187,116.5306558,207.4813811,0
5188,116.5306558,207.4813811,0
5189,116.5306558,207.4813811,0
5190,116.5306558,207.4813811,0
5191,116.5306558,207.4813811,0
5192,116.5306558,207.4813811,0
5193,116.5306558,207.4813811,0
5194,116.5306558,207.4813811,0
5195,116.5306558,207.4813811,0
5196,116.5306558,207.4813811,0
5197,116.5306558,207.4813811,0
5198,116.5306558,207.4813811,0
5199,116.5306558,207.4813811,0
5200,116.5306559,207.4813811,0
5201,116.5306559,207.4813811,0
5202,116.5306559,207.4813811,0
5203,116.5306559,207.4813811,0
5204,119.372867,207.4813811,0
5205,119.372867,207.4813811,0
5206,119.372867,207.4813811,0
5207,119.372867,207.4813811,0
5208,119.372867,207.4813811,0
5209,119.372867,207.4813811,0
5210,119.372867,207.4813811,0
5211,119.372867,207.4813811,0
5212,119.372867,207.4813811,0
5213,119.372867,207.4813811,0
5214,119.372867,207.4813811,0
5215,119.372867,207.4813811,0
5216,119.372867,207.4813811,0
5217,119.372867,207.4813811,0
5218,119.372867,207.4813811,0
5219,119.372867,207.4813811,0
5220,119.372867,207.4813811,0
5221,119.372867,204.6391704,0
5222,119.372867,204.6391704,0
5223,119.372867,204.6391704,0
5224,119.372867,204.6391704,0
5225,119.372867,196.1125383,0
5226,119.372867,196.1125383,0
5227,119.372867,196.1125383,0
5228,119.372867,196.1125383,0
5229,119.372867,196.1125383,0
5230,119.372867,196.1125383,0
5231,119.372867,201.7969597,0
5232,119.372867,201.7969597,0
5233,119.372867,201.7969597,0
5234,119.372867,201.7969597,0
5235,119.372867,201.7969597,0
5236,119.372867,201.7969597,0
5237,119.372867,201.7969597,0
5238,119.372867,201.7969597,0
5239,119.372867,201.7969597,0
5240,119.372867,201.7969597,0
5241,119.372867,201.7969597,0
5242,119.372867,201.7969597,0
5243,119.372867,201.7969597,0
5244,119.372867,201.7969597,0
5245,119.372867,201.7969597,0
5246,119.372867,201.7969597,0
5247,119.372867,201.7969597,0
5248,119.372867,201.7969597,0
5249,119.372867,201.7969597,0
5250,119.372867,201.7969597,0
5251,119.372867,201.7969597,0
5252,119.372867,201.7969597,0
5253,119.372867,201.7969597,0
5254,119.372867,201.7969597,0
5255,119.372867,201.7969597,0
5256,119.372867,201.7969597,0
5257,119.372867,201.7969597,0
5258,119.372867,201.7969597,0
5259,119.372867,204.6391704,0
5260,119.372867,204.6391704,0
5261,119.372867,204.6391704,0
5262,119.372867,204.6391704,0
5263,119.372867,204.6391704,0
5264,119.3728669,204.6391704,0
5265,119.3728669,204.6391704,0
5266,119.3728669,207.4813811,0
5267,119.3728669,207.4813811,0
5268,119.3728669,207.4813811,0
5269,119.3728669,207.4813811,0
5270,119.3728669,207.4813811,0
5271,119.3728669,207.4813811,0
5272,119.3728669,207.4813811,0
5273,119.3728669,207.4813811,0
5274,119.3728669,207.4813811,0
5275,119.3728669,207.4813811,0
5276,119.3728669,207.4813811,0
5277,119.3728669,207.4813811,0
5278,119.3728669,207.4813811,0
5279,119.3728669,207.4813811,0
5280,119.3728669,207.4813811,0
5281,119.3728669,207.4813811,0
5282,119.3728669,207.4813811,0
5283,119.3728669,207.4813811,0
5284,119.3728669,207.4813811,0
5285,119.3728669,207.4813811,0
5286,119.3728669,207.4813811,0
5287,119.3728669,207.4813811,0
5288,119.3728669,210.3235918,0
5289,119.3728669,210.3235918,0
5290,119.3728669,210.3235918,0
5291,119.3728669,210.3235918,0
5292,119.3728669,210.3235918,0
5293,119.3728669,210.3235918,0
5294,119.3728669,210.3235918,0
5295,119.3728669,210.3235918,0
5296,119.3728669,210.3235918,0
5297,119.3728669,210.3235918,0
5298,119.3728669,210.3235918,0
5299,119.3728669,210.3235918,0
5300,119.3728669,210.3235918,0
5301,119.3728669,210.3235918,0
5302,119.3728669,210.3235918,0
5303,119.3728669,210.3235918,0
5304,119.3728669,210.3235918,0
5305,119.3728669,210.3235918,0
5306,116.5306559,210.3235918,0
5307,116.5306559,210.3235918,0
5308,116.5306559,210.3235918,0
5309,116.5306559,210.3235918,0
5310,116.5306559,210.3235918,0
5311,116.5306559,210.3235918,0
5312,116.5306559,210.3235918,0
5313,116.5306559,210.3235918,0
5314,116.5306559,210.3235918,0
5315,116.5306559,210.3235918,0
5316,116.5306559,210.3235918,0
5317,116.5306559,210.3235918,0
5318,116.5306559,210.3235918,0
5319,116.5306559,210.3235918,0
5320,116.5306559,210.3235918,0
5321,116.5306559,210.3235918,0
5322,116.5306559,210.3235918,0
5323,116.5306559,210.3235918,0
5324,116.5306559,210.3235918,0
5325,116.5306559,210.3235918,0
5326,116.5306559,210.3235918,0
5327,116.5306559,210.3235918,0
5328,116.5306559,210.3235918,0
5329,116.5306559,210.3235918,0
5330,116.5306559,210.3235918,0
5331,116.5306559,210.3235918,0
5332,116.5306559,210.3235918,0
5333,116.5306559,210.3235918,0
5334,116.5306559,210.3235918,0
5335,116.5306559,210.3235918,0
5336,116.5306559,210.3235918,0
5337,116.5306559,210.3235918,0
5338,116.5306559,207.4813811,0
5339,116.5306559,207.4813811,0
5340,116.5306559,207.4813811,0
5341,116.5306559,207.4813811,0
5342,116.5306559,207.4813811,0
5343,116.5306559,207.4813811,0
5344,116.5306559,207.4813811,0
5345,116.5306559,207.4813811,0
5346,116.5306559,207.4813811,0
5347,116.5306559,207.4813811,0
5348,116.5306559,207.4813811,0
5349,116.5306559,207.4813811,0
5350,116.5306559,207.4813811,0
5351,116.5306559,207.4813811,0
5352,116.5306559,207.4813811,0
5353,116.5306559,207.4813811,0
5354,116.5306559,207.4813811,0
5355,116.5306559,207.4813811,0
5356,116.5306559,207.4813811,0
5357,116.5306559,207.4813811,0
5358,116.5306559,207.4813811,0
5359,116.5306559,207.4813811,0
5360,116.5306559,207.4813811,0
5361,116.5306559,207.4813811,0
5362,116.5306559,207.4813811,0
5363,116.5306559,207.4813811,0
5364,116.5306559,207.4813811,0
5365,116.5306559,207.4813811,0
5366,116.5306559,207.4813811,0
5367,116.5306559,207.4813811,0
5368,116.5306559,207.4813811,0
5369,116.5306559,207.4813811,0
5370,116.5306559,207.4813811,0
5371,116.5306559,207.4813811,0
5372,116.5306559,207.4813811,0
5373,116.5306559,207.4813811,0
5374,116.5306559,207.4813811,0
5375,116.5306559,204.6391704,0
5376,116.5306559,204.6391704,0
5377,116.5306559,204.6391704,0
5378,116.5306559,204.6391704,0
5379,116.5306559,204.6391704,0
5380,116.5306559,204.6391704,0
5381,116.5306559,204.6391704,0
5382,116.5306559,204.6391704,0
5383,116.5306559,204.6391704,0
5384,116.5306559,204.6391704,0
5385,116.5306559,204.6391704,0
5386,116.5306559,204.6391704,0
5387,116.5306559,204.6391704,0
5388,116.5306559,207.4813811,0
5389,116.5306559,207.4813811,0
5390,116.5306559,207.4813811,0
5391,116.5306559,207.4813811,0
5392,116.5306559,207.4813811,0
5393,116.5306559,207.4813811,0
5394,116.5306559,207.4813811,0
5395,116.5306559,207.4813811,0
5396,116.5306559,207.4813811,0
5397,116.5306559,207.4813811,0
5398,116.5306559,207.4813811,0
5399,116.5306558,207.4813811,0
5400,116.5306558,207.4813811,0
5401,116.5306558,207.4813811,0
5402,116.5306558,207.4813811,0
5403,116.5306558,207.4813811,0
5404,116.5306558,207.4813811,0
5405,116.5306558,207.4813811,0
5406,116.5306558,207.4813811,0
5407,116.5306558,207.4813811,0
5408,116.5306558,207.4813811,0
5409,116.5306558,207.4813811,0
5410,116.5306558,207.4813811,0
5411,116.5306558,207.4813811,0
5412,116.5306558,207.4813811,0
5413,116.5306558,207.4813811,0
5414,116.5306558,207.4813811,0
5415,116.5306558,207.4813811,0
5416,116.5306558,207.4813811,0
5417,116.5306558,207.4813811,0
5418,116.5306558,207.4813811,0
5419,116.5306558,207.4813811,0
5420,116.5306558,207.4813811,0
5421,116.5306558,207.4813811,0
5422,116.5306558,207.4813811,0
5423,116.5306558,207.4813811,0
5424,116.5306558,207.4813811,0
5425,116.5306558,207.4813811,0
5426,116.5306558,207.4813811,0
5427,116.5306558,207.4813811,0
5428,116.5306558,207.4813811,0
5429,116.5306558,207.4813811,0
5430,116.5306558,207.4813811,0
5431,116.5306558,207.4813811,0
5432,116.5306558,207.4813811,0
5433,116.5306558,207.4813811,0
5434,116.5306558,207.4813811,0
5435,116.5306558,207.4813811,0
5436,116.5306558,207.4813811,0
5437,116.5306558,207.4813811,0
5438,116.5306558,207.4813811,0
5439,116.5306558,207.4813811,0
5440,116.5306558,207.4813811,0
5441,116.5306558,207.4813811,0
5442,116.5306558,207.4813811,0
5443,116.5306558,207.4813811,0
5444,116.5306558,207.4813811,0
5445,116.5306558,207.4813811,0
5446,116.5306558,207.4813811,0
5447,116.5306558,207.4813811,0
5448,116.5306558,207.4813811,0
5449,116.5306558,207.4813811,0
5450,116.5306558,207.4813811,0
5451,116.5306558,207.4813811,0
5452,116.5306558,207.4813811,0
5453,116.5306558,207.4813811,0
5454,116.5306558,207.4813811,0
5455,116.5306558,207.4813811,0
5456,116.5306558,207.4813811,0
5457,116.5306558,207.4813811,0
5458,116.5306558,207.4813811,0
5459,116.5306558,207.4813811,0
5460,116.5306558,207.4813811,0
5461,116.5306558,207.4813811,0
5462,116.5306558,207.4813811,0
5463,116.5306558,207.4813811,0
5464,116.5306558,207.4813811,0
5465,119.372867,207.4813811,0
5466,119.372867,207.4813811,0
5467,119.372867,207.4813811,0
5468,119.372867,207.4813811,0
5469,119.372867,207.4813811,0
5470,119.372867,207.4813811,0
5471,119.372867,207.4813811,0
5472,119.372867,207.4813811,0
5473,119.372867,207.4813811,0
5474,119.372867,207.4813811,0
5475,119.372867,207.4813811,0
5476,119.372867,207.4813811,0
5477,119.372867,207.4813811,0
5478,119.372867,207.4813811,0
5479,119.372867,207.4813811,0
5480,119.372867,207.4813811,0
5481,119.372867,207.4813811,0
5482,119.372867,207.4813811,0
5483,119.372867,207.4813811,0
5484,119.372867,207.4813811,0
5485,119.372867,207.4813811,0
5486,119.372867,207.4813811,0
5487,119.372867,207.4813811,0
5488,119.372867,207.4813811,0
5489,119.372867,207.4813811,0
5490,119.372867,207.4813811,0
5491,119.372867,207.4813811,0
5492,119.372867,207.4813811,0
5493,119.372867,207.4813811,0
5494,119.372867,207.4813811,0
5495,119.372867,207.4813811,0
5496,119.372867,207.4813811,0
5497,119.372867,207.4813811,0
5498,119.372867,207.4813811,0
5499,119.372867,207.4813811,0
5500,119.372867,207.4813811,0
5501,119.372867,207.4813811,0
5502,119.372867,207.4813811,0
5503,119.372867,207.4813811,0
5504,119.372867,207.4813811,0
5505,119.372867,207.4813811,0
5506,119.372867,207.4813811,0
5507,119.372867,207.4813811,0
5508,119.372867,207.4813811,0
5509,119.372867,207.4813811,0
5510,119.372867,207.4813811,0
5511,119.372867,207.4813811,0
5512,119.372867,207.4813811,0
5513,119.372867,207.4813811,0
5514,119.372867,207.4813811,0
5515,119.3728669,207.4813811,0
5516,119.3728669,207.4813811,0
5517,119.3728669,207.4813811,0
5518,119.3728669,207.4813811,0
5519,119.3728669,207.4813811,0
5520,119.3728669,207.4813811,0
5521,119.3728669,207.4813811,0
5522,119.3728669,207.4813811,0
5523,119.3728669,207.4813811,0
5524,119.3728669,204.6391704,0
5525,119.3728669,204.6391704,0
5526,119.3728669,204.6391704,0
5527,119.3728669,204.6391704,0
5528,116.5306558,204.6391704,0
5529,116.5306558,204.6391704,0
5530,116.5306558,204.6391704,0
5531,116.5306558,204.6391704,0
5532,116.5306558,204.6391704,0
5533,116.5306559,204.6391704,0
5534,116.5306559,204.6391704,0
5535,116.5306559,204.6391704,0
5536,116.5306559,204.6391704,0
5537,116.5306559,204.6391704,0
5538,116.5306559,204.6391704,0
5539,116.5306559,204.6391704,0
5540,116.5306559,204.6391704,0
5541,116.5306559,204.6391704,0
5542,116.5306559,204.6391704,0
5543,116.5306559,204.6391704,0
5544,116.5306559,204.6391704,0
5545,116.5306559,204.6391704,0
5546,116.5306559,204.6391704,0
5547,116.5306559,204.6391704,0
5548,116.5306559,204.6391704,0
5549,116.5306559,204.6391704,0
5550,116.5306559,204.6391704,0
5551,116.5306559,204.6391704,0
5552,116.5306559,204.6391704,0
5553,116.5306559,204.6391704,0
5554,116.5306559,204.6391704,0
5555,116.5306559,204.6391704,0
5556,116.5306559,204.6391704,0
5557,116.5306559,204.6391704,0
5558,116.5306559,204.6391704,0
5559,116.5306559,204.6391704,0
5560,116.5306559,204.6391704,0
5561,116.5306559,204.6391704,0
5562,116.5306559,204.6391704,0
5563,116.5306559,204.6391704,0
5564,116.5306559,204.6391704,0
5565,116.5306559,204.6391704,0
5566,116.5306559,204.6391704,0
5567,116.5306559,204.6391704,0
5568,116.5306559,204.6391704,0
5569,116.5306559,204.6391704,0
5570,116.5306559,204.6391704,0
5571,116.5306559,204.6391704,0
5572,119.372867,204.6391704,0
5573,119.372867,204.6391704,0
5574,119.372867,204.6391704,0
5575,119.372867,204.6391704,0
5576,119.372867,204.6391704,0
5577,119.372867,204.6391704,0
5578,119.372867,204.6391704,0
5579,119.372867,204.6391704,0
5580,119.372867,204.6391704,0
5581,119.372867,204.6391704,0
5582,119.372867,204.6391704,0
5583,119.372867,204.6391704,0
5584,119.372867,204.6391704,0
5585,119.372867,204.6391704,0
5586,119.372867,204.6391704,0
5587,119.372867,207.4813811,0
5588,119.372867,207.4813811,0
5589,119.372867,207.4813811,0
5590,119.372867,207.4813811,0
5591,119.372867,207.4813811,0
5592,119.372867,207.4813811,0
5593,119.372867,207.4813811,0
5594,119.372867,207.4813811,0
5595,119.372867,207.4813811,0
5596,119.372867,207.4813811,0
5597,119.372867,207.4813811,0
5598,119.372867,207.4813811,0
5599,119.372867,207.4813811,0
5600,119.372867,207.4813811,0
5601,119.372867,207.4813811,0
5602,119.372867,207.4813811,0
5603,119.372867,207.4813811,0
5604,119.372867,207.4813811,0
5605,119.372867,207.4813811,0
5606,119.372867,207.4813811,0
5607,119.372867,207.4813811,0
5608,119.372867,207.4813811,0
5609,119.372867,207.4813811,0
5610,119.372867,207.4813811,0
5611,119.372867,207.4813811,0
5612,119.372867,207.4813811,0
5613,119.372867,207.4813811,0
5614,119.372867,207.4813811,0
5615,119.372867,207.4813811,0
5616,119.372867,207.4813811,0
5617,119.372867,207.4813811,0
5618,119.372867,207.4813811,0
5619,119.372867,207.4813811,0
5620,119.372867,207.4813811,0
5621,119.372867,207.4813811,0
5622,116.5306559,207.4813811,0
5623,116.5306559,207.4813811,0
5624,116.5306559,207.4813811,0
5625,116.5306559,207.4813811,0
5626,116.5306559,207.4813811,0
5627,116.5306559,207.4813811,0
5628,116.5306559,207.4813811,0
5629,116.5306559,207.4813811,0
5630,116.5306559,207.4813811,0
5631,116.5306559,207.4813811,0
5632,116.5306559,207.4813811,0
5633,119.3728669,207.4813811,0
5634,119.3728669,207.4813811,0
5635,119.3728669,207.4813811,0
5636,119.3728669,207.4813811,0
5637,119.3728669,204.6391704,0
5638,119.3728669,204.6391704,0
5639,119.3728669,204.6391704,0
5640,119.3728669,204.6391704,0
5641,119.3728669,204.6391704,0
5642,119.3728669,204.6391704,0
5643,119.3728669,207.4813811,0
5644,119.3728669,207.4813811,0
5645,119.3728669,207.4813811,0
5646,119.3728669,207.4813811,0
5647,119.3728669,207.4813811,0
5648,119.3728669,207.4813811,0
5649,119.3728669,207.4813811,0
5650,119.3728669,207.4813811,0
5651,119.3728669,207.4813811,0
5652,119.3728669,207.4813811,0
5653,119.3728669,207.4813811,0
5654,119.3728669,207.4813811,0
5655,119.3728669,207.4813811,0
5656,119.3728669,207.4813811,0
5657,119.3728669,207.4813811,0
5658,119.3728669,207.4813811,0
5659,119.3728669,207.4813811,0
5660,119.3728669,207.4813811,0
5661,119.3728669,207.4813811,0
5662,119.3728669,207.4813811,0
5663,119.3728669,207.4813811,0
5664,119.3728669,207.4813811,0
5665,119.3728669,207.4813811,0
5666,119.3728669,210.3235918,0
5667,119.3728669,210.3235918,0
5668,119.3728669,210.3235918,0
5669,119.3728669,210.3235918,0
5670,119.3728669,210.3235918,0
5671,119.3728669,210.3235918,0
5672,119.3728669,210.3235918,0
5673,119.3728669,210.3235918,0
5674,119.3728669,210.3235918,0
5675,119.3728669,210.3235918,0
5676,119.3728669,210.3235918,0
5677,119.3728669,210.3235918,0
5678,119.3728669,210.3235918,0
5679,119.3728669,210.3235918,0
5680,119.3728669,210.3235918,0
5681,119.3728669,210.3235918,0
5682,119.3728669,210.3235918,0
5683,116.5306559,210.3235918,0
5684,116.5306559,210.3235918,0
5685,116.5306559,210.3235918,0
5686,116.5306559,210.3235918,0
5687,116.5306559,210.3235918,0
5688,116.5306559,210.3235918,0
5689,116.5306559,210.3235918,0
5690,116.5306559,210.3235918,0
5691,116.5306559,210.3235918,0
5692,116.5306559,210.3235918,0
5693,116.5306559,210.3235918,0
5694,116.5306559,210.3235918,0
5695,116.5306559,210.3235918,0
5696,116.5306559,210.3235918,0
5697,116.5306559,210.3235918,0
5698,116.5306558,210.3235918,0
5699,116.5306558,210.3235918,0
5700,116.5306558,210.3235918,0
5701,116.5306558,210.3235918,0
5702,116.5306558,210.3235918,0
5703,116.5306558,210.3235918,0
5704,116.5306558,210.3235918,0
5705,116.5306558,210.3235918,0
5706,116.5306558,210.3235918,0
5707,116.5306558,210.3235918,0
5708,116.5306558,210.3235918,0
5709,116.5306558,210.3235918,0
5710,116.5306558,210.3235918,0
5711,116.5306558,210.3235918,0
5712,116.5306558,210.3235918,0
5713,116.5306558,210.3235918,0
5714,116.5306558,210.3235918,0
5715,116.5306558,210.3235918,0
5716,116.5306558,207.4813811,0
5717,116.5306558,207.4813811,0
5718,116.5306558,207.4813811,0
5719,116.5306558,207.4813811,0
5720,116.5306558,207.4813811,0
5721,116.5306558,207.4813811,0
5722,116.5306558,207.4813811,0
5723,116.5306558,207.4813811,0
5724,116.5306558,207.4813811,0
5725,116.5306558,207.4813811,0
5726,116.5306558,207.4813811,0
5727,116.5306558,207.4813811,0
5728,116.5306558,207.4813811,0
5729,113.6884448,207.4813811,0
5730,113.6884448,207.4813811,0
5731,113.6884448,207.4813811,0
5732,113.6884448,207.4813811,0
5733,113.6884448,207.4813811,0
5734,113.6884448,207.4813811,0
5735,113.6884448,207.4813811,0
5736,113.6884448,207.4813811,0
5737,113.6884448,207.4813811,0
5738,113.6884448,207.4813811,0
5739,116.5306559,207.4813811,0
5740,116.5306559,207.4813811,0
5741,116.5306559,207.4813811,0
5742,116.5306559,207.4813811,0
5743,116.5306559,207.4813811,0
5744,116.5306559,207.4813811,0
5745,116.5306559,207.4813811,0
5746,116.5306559,207.4813811,0
5747,116.5306559,207.4813811,0
5748,116.5306559,207.4813811,0
5749,116.5306559,207.4813811,0
5750,116.5306559,207.4813811,0
5751,116.5306559,207.4813811,0
5752,116.5306559,207.4813811,0
5753,116.5306559,207.4813811,0
5754,116.5306559,207.4813811,0
5755,116.5306559,207.4813811,0
5756,116.5306559,207.4813811,0
5757,116.5306559,207.4813811,0
5758,116.5306559,207.4813811,0
5759,116.5306559,207.4813811,0
5760,116.5306559,207.4813811,0
5761,116.5306559,207.4813811,0
5762,116.5306559,207.4813811,0
5763,116.5306559,207.4813811,0
5764,116.5306559,207.4813811,0
5765,116.5306559,207.4813811,0
5766,116.5306559,207.4813811,0
5767,116.5306559,207.4813811,0
5768,116.5306559,207.4813811,0
5769,116.5306559,207.4813811,0
5770,116.5306559,207.4813811,0
5771,116.5306559,207.4813811,0
5772,116.5306559,207.4813811,0
5773,116.5306559,207.4813811,0
5774,116.5306559,207.4813811,0
5775,116.5306559,207.4813811,0
5776,116.5306559,207.4813811,0
5777,116.5306559,207.4813811,0
5778,116.5306559,207.4813811,0
5779,116.5306559,207.4813811,0
5780,116.5306559,207.4813811,0
5781,116.5306559,207.4813811,0
5782,116.5306559,207.4813811,0
5783,116.5306559,207.4813811,0
5784,116.5306559,207.4813811,0
5785,116.5306559,207.4813811,0
5786,116.5306559,207.4813811,0
5787,116.5306559,207.4813811,0
5788,116.5306559,207.4813811,0
5789,116.5306559,207.4813811,0
5790,116.5306559,207.4813811,0
5791,116.5306559,207.4813811,0
5792,116.5306559,207.4813811,0
5793,116.5306559,207.4813811,0
5794,116.5306559,207.4813811,0
5795,116.5306559,207.4813811,0
5796,116.5306559,207.4813811,0
5797,116.5306559,207.4813811,0
5798,116.5306559,207.4813811,0
5799,116.5306559,207.4813811,0
5800,116.5306559,207.4813811,0
5801,116.5306559,207.4813811,0
5802,116.5306559,207.4813811,0
5803,116.5306559,207.4813811,0
5804,116.5306559,207.4813811,0
5805,116.5306559,207.4813811,0
5806,116.5306559,207.4813811,0
5807,116.5306559,207.4813811,0
5808,116.5306559,207.4813811,0
5809,116.5306559,207.4813811,0
5810,116.5306559,207.4813811,0
5811,116.5306559,207.4813811,0
5812,116.5306559,207.4813811,0
5813,116.5306559,207.4813811,0
5814,116.5306559,207.4813811,0
5815,116.5306559,207.4813811,0
5816,119.3728669,207.4813811,0
5817,119.3728669,207.4813811,0
5818,119.3728669,207.4813811,0
5819,119.3728669,207.4813811,0
5820,119.3728669,207.4813811,0
5821,119.3728669,207.4813811,0
5822,119.3728669,207.4813811,0
5823,119.3728669,207.4813811,0
5824,119.3728669,207.4813811,0
5825,119.3728669,207.4813811,0
5826,119.3728669,207.4813811,0
5827,119.3728669,207.4813811,0
5828,119.3728669,207.4813811,0
5829,119.3728669,207.4813811,0
5830,119.3728669,207.4813811,0
5831,119.3728669,204.6391704,0
5832,119.3728669,204.6391704,0
5833,119.3728669,204.6391704,0
5834,119.3728669,204.6391704,0
5835,119.3728669,207.4813811,0
5836,119.3728669,207.4813811,0
5837,119.3728669,207.4813811,0
5838,119.3728669,207.4813811,0
5839,119.3728669,207.4813811,0
5840,119.3728669,207.4813811,0
5841,119.3728669,207.4813811,0
5842,119.3728669,207.4813811,0
5843,119.3728669,207.4813811,0
5844,119.3728669,207.4813811,0
5845,119.3728669,207.4813811,0
5846,119.3728669,207.4813811,0
5847,119.3728669,207.4813811,0
5848,119.3728669,207.4813811,0
5849,119.3728669,207.4813811,0
5850,119.3728669,207.4813811,0
5851,119.3728669,207.4813811,0
5852,119.3728669,207.4813811,0
5853,119.3728669,207.4813811,0
5854,119.3728669,207.4813811,0
5855,119.3728669,207.4813811,0
5856,119.3728669,207.4813811,0
5857,119.3728669,207.4813811,0
5858,119.3728669,207.4813811,0
5859,119.3728669,207.4813811,0
5860,119.3728669,207.4813811,0
5861,119.3728669,207.4813811,0
5862,119.3728669,207.4813811,0
5863,119.3728669,207.4813811,0
5864,119.3728669,207.4813811,0
5865,119.3728669,207.4813811,0
5866,116.5306559,207.4813811,0
5867,116.5306559,207.4813811,0
5868,116.5306559,207.4813811,0
5869,116.5306559,207.4813811,0
5870,116.5306559,207.4813811,0
5871,116.5306559,207.4813811,0
5872,116.5306559,207.4813811,0
5873,116.5306559,207.4813811,0
5874,116.5306559,207.4813811,0
5875,116.5306559,207.4813811,0
5876,116.5306559,207.4813811,0
5877,116.5306559,207.4813811,0
5878,116.5306559,207.4813811,0
5879,116.5306559,207.4813811,0
5880,116.5306559,207.4813811,0
5881,116.5306559,207.4813811,0
5882,116.5306559,207.4813811,0
5883,116.5306559,207.4813811,0
5884,116.5306559,207.4813811,0
5885,116.5306559,207.4813811,0
5886,116.5306559,207.4813811,0
5887,116.5306559,207.4813811,0
5888,116.5306559,207.4813811,0
5889,116.5306559,207.4813811,0
5890,116.5306559,207.4813811,0
5891,116.5306559,207.4813811,0
5892,116.5306559,207.4813811,0
5893,119.3728669,207.4813811,0
5894,119.3728669,207.4813811,0
5895,119.3728669,207.4813811,0
5896,119.3728669,207.4813811,0
5897,119.3728669,207.4813811,0
5898,119.3728669,207.4813811,0
5899,119.3728669,207.4813811,0
5900,119.3728669,207.4813811,0
5901,119.3728669,207.4813811,0
5902,119.3728669,207.4813811,0
5903,119.3728669,207.4813811,0
5904,119.3728669,207.4813811,0
5905,119.3728669,207.4813811,0
5906,119.372867,207.4813811,0
5907,119.372867,207.4813811,0
5908,119.372867,207.4813811,0
5909,119.372867,207.4813811,0
5910,119.372867,207.4813811,0
5911,119.372867,207.4813811,0
5912,119.372867,207.4813811,0
5913,119.372867,207.4813811,0
5914,119.372867,207.4813811,0
5915,119.372867,207.4813811,0
5916,119.372867,207.4813811,0
5917,119.372867,207.4813811,0
5918,119.372867,207.4813811,0
5919,119.372867,207.4813811,0
5920,119.372867,207.4813811,0
5921,119.372867,207.4813811,0
5922,119.372867,207.4813811,0
5923,119.372867,207.4813811,0
5924,119.372867,207.4813811,0
5925,119.372867,207.4813811,0
5926,119.372867,207.4813811,0
5927,119.372867,207.4813811,0
5928,119.372867,207.4813811,0
5929,119.372867,207.4813811,0
5930,119.372867,207.4813811,0
5931,119.372867,207.4813811,0
5932,119.372867,207.4813811,0
5933,119.372867,207.4813811,0
5934,119.372867,207.4813811,0
5935,119.372867,207.4813811,0
5936,119.372867,204.6391704,0
5937,119.372867,204.6391704,0
5938,119.372867,204.6391704,0
5939,119.372867,204.6391704,0
5940,119.372867,204.6391704,0
5941,119.372867,204.6391704,0
5942,119.372867,204.6391704,0
5943,119.372867,204.6391704,0
5944,119.372867,204.6391704,0
5945,119.372867,204.6391704,0
5946,119.372867,204.6391704,0
5947,119.372867,204.6391704,0
5948,119.372867,204.6391704,0
5949,119.372867,204.6391704,0
5950,119.372867,204.6391704,0
5951,119.372867,204.6391704,0
5952,119.372867,204.6391704,0
5953,119.372867,204.6391704,0
5954,119.372867,204.6391704,0
5955,119.372867,204.6391704,0
5956,119.3728669,204.6391704,0
5957,119.3728669,204.6391704,0
5958,119.3728669,204.6391704,0
5959,119.3728669,204.6391704,0
5960,119.3728669,204.6391704,0
5961,119.3728669,204.6391704,0
5962,119.3728669,204.6391704,0
5963,119.3728669,204.6391704,0
5964,119.3728669,204.6391704,0
5965,119.3728669,204.6391704,0
5966,119.3728669,204.6391704,0
5967,119.3728669,204.6391704,0
5968,119.3728669,204.6391704,0
5969,119.3728669,204.6391704,0
5970,119.3728669,204.6391704,0
5971,119.3728669,204.6391704,0
5972,119.3728669,204.6391704,0
5973,119.3728669,204.6391704,0
5974,119.3728669,204.6391704,0
5975,119.3728669,204.6391704,0
5976,119.3728669,204.6391704,0
5977,116.5306558,204.6391704,0
5978,116.5306558,204.6391704,0
5979,116.5306558,204.6391704,0
5980,116.5306558,204.6391704,0
5981,116.5306558,204.6391704,0
5982,116.5306558,204.6391704,0
5983,113.6884447,204.6391704,0
5984,113.6884448,204.6391704,0
5985,113.6884448,204.6391704,0
5986,113.6884448,204.6391704,0
5987,113.6884448,204.6391704,0
5988,113.6884448,204.6391704,0
5989,113.6884448,204.6391704,0
5990,113.6884448,204.6391704,0
5991,113.6884448,204.6391704,0
5992,113.6884448,204.6391704,0
5993,113.6884448,204.6391704,0
5994,113.6884448,204.6391704,0
5995,113.6884448,204.6391704,0
5996,113.6884448,204.6391704,0
5997,113.6884448,204.6391704,0
5998,113.6884448,204.6391704,0
5999,113.6884448,204.6391704,0
6000,113.6884448,204.6391704,0
6001,113.6884448,204.6391704,0
6002,113.6884448,204.6391704,0
6003,113.6884448,204.6391704,0
6004,113.6884448,204.6391704,0
6005,119.372867,204.6391704,0
6006,119.372867,204.6391704,0
6007,119.372867,204.6391704,0
6008,119.372867,204.6391704,0
6009,119.372867,204.6391704,0
6010,119.372867,204.6391704,0
6011,119.372867,204.6391704,0
6012,119.372867,204.6391704,0
6013,119.372867,204.6391704,0
6014,119.372867,204.6391704,0
6015,119.372867,204.6391704,0
6016,119.372867,204.6391704,0
6017,119.372867,204.6391704,0
6018,119.372867,204.6391704,0
6019,119.372867,204.6391704,0
6020,119.372867,204.6391704,0
6021,119.372867,204.6391704,0
6022,119.372867,204.6391704,0
6023,119.372867,204.6391704,0
6024,119.372867,204.6391704,0
6025,119.372867,204.6391704,0
6026,119.372867,204.6391704,0
6027,119.372867,204.6391704,0
6028,119.372867,204.6391704,0
6029,119.372867,204.6391704,0
6030,119.372867,204.6391704,0
6031,119.372867,204.6391704,0
6032,119.372867,204.6391704,0
6033,119.372867,204.6391704,0
6034,119.372867,204.6391704,0
6035,119.372867,204.6391704,0
6036,119.372867,204.6391704,0
6037,119.372867,204.6391704,0
6038,119.372867,204.6391704,0
6039,119.372867,204.6391704,0
6040,119.372867,204.6391704,0
6041,119.372867,207.4813811,0
6042,119.372867,207.4813811,0
6043,119.372867,207.4813811,0
6044,119.372867,207.4813811,0
6045,119.372867,207.4813811,0
6046,119.372867,207.4813811,0
6047,119.372867,207.4813811,0
6048,119.372867,207.4813811,0
6049,119.372867,207.4813811,0
6050,119.372867,207.4813811,0
6051,119.372867,207.4813811,0
6052,119.372867,207.4813811,0
6053,119.372867,207.4813811,0
6054,119.372867,207.4813811,0
6055,119.3728669,207.4813811,0
6056,119.3728669,207.4813811,0
6057,119.3728669,207.4813811,0
6058,119.3728669,207.4813811,0
6059,119.3728669,207.4813811,0
6060,119.3728669,207.4813811,0
6061,119.3728669,207.4813811,0
6062,119.3728669,207.4813811,0
6063,119.3728669,207.4813811,0
6064,119.3728669,207.4813811,0
6065,119.3728669,207.4813811,0
6066,119.3728669,207.4813811,0
6067,119.3728669,207.4813811,0
6068,119.3728669,207.4813811,0
6069,119.3728669,207.4813811,0
6070,119.3728669,207.4813811,0
6071,119.3728669,207.4813811,0
6072,119.3728669,207.4813811,0
6073,119.3728669,207.4813811,0
6074,119.3728669,207.4813811,0
6075,119.3728669,207.4813811,0
6076,119.3728669,207.4813811,0
6077,119.3728669,207.4813811,0
6078,119.3728669,207.4813811,0
6079,119.3728669,207.4813811,0
6080,119.3728669,207.4813811,0
6081,119.3728669,207.4813811,0
6082,119.3728669,207.4813811,0
6083,119.3728669,207.4813811,0
6084,119.3728669,207.4813811,0
6085,119.3728669,207.4813811,0
6086,119.3728669,207.4813811,0
6087,119.3728669,207.4813811,0
6088,119.3728669,207.4813811,0
6089,119.3728669,207.4813811,0
6090,119.3728669,207.4813811,0
6091,119.3728669,207.4813811,0
6092,116.5306559,207.4813811,0
6093,116.5306559,207.4813811,0
6094,116.5306559,207.4813811,0
6095,116.5306559,207.4813811,0
6096,116.5306559,207.4813811,0
6097,116.5306559,207.4813811,0
6098,116.5306559,207.4813811,0
6099,116.5306559,207.4813811,0
6100,116.5306559,207.4813811,0
6101,116.5306559,207.4813811,0
6102,116.5306559,207.4813811,0
6103,116.5306559,207.4813811,0
6104,116.5306559,207.4813811,0
6105,116.5306559,204.6391704,0
6106,116.5306559,204.6391704,0
6107,116.5306559,204.6391704,0
6108,116.5306559,204.6391704,0
6109,116.5306559,204.6391704,0
6110,116.5306559,204.6391704,0
6111,116.5306559,204.6391704,0
6112,116.5306559,204.6391704,0
6113,116.5306559,204.6391704,0
6114,116.5306559,204.6391704,0
6115,116.5306559,204.6391704,0
6116,116.5306559,204.6391704,0
6117,116.5306559,204.6391704,0
6118,116.5306559,204.6391704,0
6119,116.5306559,204.6391704,0
6120,116.5306559,207.4813811,0
6121,116.5306559,207.4813811,0
6122,116.5306559,207.4813811,0
6123,116.5306559,207.4813811,0
6124,116.5306559,207.4813811,0
6125,116.5306559,207.4813811,0
6126,116.5306559,207.4813811,0
6127,116.5306559,207.4813811,0
6128,116.5306559,207.4813811,0
6129,116.5306559,207.4813811,0
6130,116.5306559,207.4813811,0
6131,116.5306559,207.4813811,0
6132,116.5306559,207.4813811,0
6133,116.5306559,207.4813811,0
6134,116.5306559,207.4813811,0
6135,116.5306559,207.4813811,0
6136,116.5306559,207.4813811,0
6137,116.5306559,207.4813811,0
6138,116.5306559,207.4813811,0
6139,116.5306559,207.4813811,0
6140,116.5306559,207.4813811,0
6141,116.5306559,207.4813811,0
6142,116.5306559,207.4813811,0
6143,116.5306559,207.4813811,0
6144,116.5306559,207.4813811,0
6145,116.5306559,207.4813811,0
6146,116.5306559,207.4813811,0
6147,116.5306559,207.4813811,0
6148,116.5306559,207.4813811,0
6149,116.5306559,207.4813811,0
6150,116.5306559,207.4813811,0
6151,116.5306559,207.4813811,0
6152,116.5306559,207.4813811,0
6153,116.5306559,207.4813811,0
6154,116.5306559,207.4813811,0
6155,116.5306559,207.4813811,0
6156,116.5306559,207.4813811,0
6157,116.5306559,207.4813811,0
6158,116.5306559,207.4813811,0
6159,116.5306559,207.4813811,0
6160,116.5306559,207.4813811,0
6161,116.5306559,207.4813811,0
6162,116.5306559,207.4813811,0
6163,116.5306559,207.4813811,0
6164,116.5306559,207.4813811,0
6165,116.5306559,207.4813811,0
6166,116.5306559,207.4813811,0
6167,116.5306559,207.4813811,0
6168,116.5306559,207.4813811,0
6169,116.5306559,207.4813811,0
6170,116.5306559,207.4813811,0
6171,116.5306559,207.4813811,0
6172,116.5306559,207.4813811,0
6173,116.5306559,207.4813811,0
6174,116.5306559,207.4813811,0
6175,116.5306559,207.4813811,0
6176,116.5306559,207.4813811,0
6177,116.5306559,207.4813811,0
6178,119.3728669,207.4813811,0
6179,119.3728669,207.4813811,0
6180,119.3728669,207.4813811,0
6181,119.3728669,207.4813811,0
6182,119.3728669,207.4813811,0
6183,119.3728669,207.4813811,0
6184,119.3728669,207.4813811,0
6185,119.3728669,207.4813811,0
6186,119.3728669,207.4813811,0
6187,119.3728669,207.4813811,0
6188,119.3728669,207.4813811,0
6189,119.3728669,207.4813811,0
6190,119.3728669,207.4813811,0
6191,119.3728669,207.4813811,0
6192,119.3728669,207.4813811,0
6193,119.3728669,207.4813811,0
6194,119.3728669,207.4813811,0
6195,119.3728669,207.4813811,0
6196,119.3728669,207.4813811,0
6197,119.3728669,207.4813811,0
6198,119.3728669,207.4813811,0
6199,119.3728669,207.4813811,0
6200,119.3728669,207.4813811,0
6201,119.3728669,207.4813811,0
6202,119.3728669,207.4813811,0
6203,119.3728669,207.4813811,0
6204,119.3728669,207.4813811,0
6205,119.3728669,207.4813811,0
6206,119.3728669,207.4813811,0
6207,119.3728669,207.4813811,0
6208,119.3728669,207.4813811,0
6209,119.3728669,207.4813811,0
6210,119.3728669,207.4813811,0
6211,119.3728669,207.4813811,0
6212,119.3728669,207.4813811,0
6213,119.3728669,207.4813811,0
6214,119.3728669,207.4813811,0
6215,119.3728669,207.4813811,0
6216,119.3728669,207.4813811,0
6217,119.3728669,207.4813811,0
6218,119.3728669,207.4813811,0
6219,119.3728669,207.4813811,0
6220,119.3728669,207.4813811,0
6221,119.3728669,207.4813811,0
6222,119.3728669,207.4813811,0
6223,119.3728669,207.4813811,0
6224,119.3728669,207.4813811,0
6225,119.3728669,207.4813811,0
6226,119.3728669,207.4813811,0
6227,119.3728669,207.4813811,0
6228,116.5306558,207.4813811,0
6229,116.5306558,207.4813811,0
6230,116.5306558,207.4813811,0
6231,116.5306558,207.4813811,0
6232,116.5306558,207.4813811,0
6233,116.5306558,207.4813811,0
6234,116.5306558,207.4813811,0
6235,116.5306558,207.4813811,0
6236,116.5306558,207.4813811,0
6237,116.5306558,207.4813811,0
6238,116.5306558,207.4813811,0
6239,116.5306558,207.4813811,0
6240,116.5306558,207.4813811,0
6241,116.5306558,207.4813811,0
6242,116.5306558,207.4813811,0
6243,116.5306558,207.4813811,0
6244,116.5306558,207.4813811,0
6245,116.5306558,207.4813811,0
6246,116.5306558,207.4813811,0
6247,116.5306558,207.4813811,0
6248,116.5306558,207.4813811,0
6249,116.5306558,207.4813811,0
6250,116.5306558,207.4813811,0
6251,116.5306558,207.4813811,0
6252,116.5306558,207.4813811,0
6253,116.5306558,207.4813811,0
6254,116.5306558,207.4813811,0
6255,116.5306558,207.4813811,0
6256,116.5306558,207.4813811,0
6257,116.5306558,207.4813811,0
6258,116.5306558,207.4813811,0
6259,116.5306558,207.4813811,0
6260,116.5306558,207.4813811,0
6261,116.5306558,207.4813811,0
6262,116.5306558,207.4813811,0
6263,116.5306558,207.4813811,0
6264,116.5306558,207.4813811,0
6265,116.5306558,207.4813811,0
6266,116.5306559,207.4813811,0
6267,116.5306559,207.4813811,0
6268,116.5306559,207.4813811,0
6269,116.5306559,207.4813811,0
6270,116.5306559,207.4813811,0
6271,116.5306559,207.4813811,0
6272,116.5306559,207.4813811,0
6273,116.5306559,207.4813811,0
6274,116.5306559,207.4813811,0
6275,116.5306559,207.4813811,0
6276,116.5306559,207.4813811,0
6277,116.5306559,207.4813811,0
6278,116.5306559,207.4813811,0
6279,116.5306559,207.4813811,0
6280,116.5306559,207.4813811,0
6281,116.5306559,207.4813811,0
6282,116.5306559,207.4813811,0
6283,116.5306559,207.4813811,0
6284,116.5306559,207.4813811,0
6285,116.5306559,207.4813811,0
6286,116.5306559,207.4813811,0
6287,116.5306559,207.4813811,0
6288,116.5306559,207.4813811,0
6289,116.5306559,207.4813811,0
6290,116.5306559,207.4813811,0
6291,116.5306559,207.4813811,0
6292,116.5306559,207.4813811,0
6293,116.5306559,207.4813811,0
6294,116.5306559,207.4813811,0
6295,116.5306559,207.4813811,0
6296,116.5306559,207.4813811,0
6297,116.5306559,207.4813811,0
6298,116.5306559,207.4813811,0
6299,116.5306559,207.4813811,0
6300,116.5306559,207.4813811,0
6301,116.5306559,207.4813811,0
6302,116.5306559,207.4813811,0
6303,116.5306559,207.4813811,0
6304,116.5306559,207.4813811,0
6305,116.5306559,207.4813811,0
6306,116.5306559,207.4813811,0
6307,116.5306559,207.4813811,0
6308,116.5306559,207.4813811,0
6309,116.5306559,204.6391704,0
6310,116.5306559,207.4813811,0
6311,116.5306559,207.4813811,0
6312,116.5306559,207.4813811,0
6313,116.5306559,207.4813811,0
6314,116.5306559,207.4813811,0
6315,116.5306559,207.4813811,0
6316,116.5306557,207.4813811,0
6317,116.5306557,207.4813811,0
6318,116.5306557,207.4813811,0
6319,116.5306557,207.4813811,0
6320,116.5306557,207.4813811,0
6321,116.5306557,207.4813811,0
6322,116.5306557,207.4813811,0
6323,116.5306557,207.4813811,0
6324,116.5306557,207.4813811,0
6325,116.5306557,207.4813811,0
6326,116.5306557,207.4813811,0
6327,116.5306557,207.4813811,0
6328,116.5306557,207.4813811,0
6329,116.5306557,207.4813811,0
6330,116.5306557,207.4813811,0
6331,116.5306557,207.4813811,0
6332,116.5306557,207.4813811,0
6333,116.5306557,207.4813811,0
6334,116.5306557,207.4813811,0
6335,116.5306557,207.4813811,0
6336,116.5306558,207.4813811,0
6337,116.5306558,207.4813811,0
6338,116.5306558,207.4813811,0
6339,116.5306558,207.4813811,0
6340,116.5306558,207.4813811,0
6341,116.5306558,207.4813811,0
6342,116.5306558,207.4813811,0
6343,116.5306558,207.4813811,0
6344,116.5306558,207.4813811,0
6345,116.5306558,207.4813811,0
6346,116.5306558,207.4813811,0
6347,116.5306558,207.4813811,0
6348,116.5306558,207.4813811,0
6349,116.5306558,207.4813811,0
6350,116.5306558,207.4813811,0
6351,116.5306558,207.4813811,0
6352,116.5306558,207.4813811,0
6353,116.5306558,207.4813811,0
6354,116.5306558,207.4813811,0
6355,116.5306558,207.4813811,0
6356,119.372867,207.4813811,0
6357,119.372867,207.4813811,0
6358,119.372867,207.4813811,0
6359,119.372867,207.4813811,0
6360,119.372867,207.4813811,0
6361,119.372867,207.4813811,0
6362,119.372867,207.4813811,0
6363,119.372867,207.4813811,0
6364,119.372867,207.4813811,0
6365,119.372867,207.4813811,0
6366,119.372867,207.4813811,0
6367,119.372867,207.4813811,0
6368,119.372867,207.4813811,0
6369,119.372867,207.4813811,0
6370,119.372867,207.4813811,0
6371,119.372867,207.4813811,0
6372,119.372867,207.4813811,0
6373,119.372867,207.4813811,0
6374,119.372867,207.4813811,0
6375,119.372867,207.4813811,0
6376,119.372867,207.4813811,0
6377,119.372867,207.4813811,0
6378,119.372867,207.4813811,0
6379,119.372867,207.4813811,0
6380,119.372867,207.4813811,0
6381,119.372867,207.4813811,0
6382,119.372867,207.4813811,0
6383,119.372867,207.4813811,0
6384,119.372867,207.4813811,0
6385,119.372867,207.4813811,0
6386,119.372867,207.4813811,0
6387,119.372867,207.4813811,0
6388,119.372867,207.4813811,0
6389,119.372867,207.4813811,0
6390,119.372867,207.4813811,0
6391,119.372867,207.4813811,0
6392,119.372867,207.4813811,0
6393,119.372867,207.4813811,0
6394,119.372867,207.4813811,0
6395,119.372867,207.4813811,0
6396,119.372867,207.4813811,0
6397,119.372867,207.4813811,0
6398,119.372867,207.4813811,0
6399,119.372867,207.4813811,0
6400,119.372867,207.4813811,0
6401,119.372867,207.4813811,0
6402,119.372867,207.4813811,0
6403,119.372867,207.4813811,0
6404,119.372867,204.6391704,0
6405,119.372867,204.6391704,0
6406,119.372867,204.6391704,0
6407,119.372867,204.6391704,0
6408,119.372867,204.6391704,0
6409,119.372867,204.6391704,0
6410,119.372867,204.6391704,0
6411,119.372867,204.6391704,0
6412,119.372867,204.6391704,0
6413,119.372867,204.6391704,0
6414,119.372867,204.6391704,0
6415,119.372867,204.6391704,0
6416,119.372867,204.6391704,0
6417,119.372867,204.6391704,0
6418,119.372867,204.6391704,0
6419,119.372867,204.6391704,0
6420,119.372867,204.6391704,0
6421,119.372867,204.6391704,0
6422,119.372867,204.6391704,0
6423,119.372867,204.6391704,0
6424,119.372867,204.6391704,0
6425,119.372867,204.6391704,0
6426,119.372867,204.6391704,0
6427,116.5306559,204.6391704,0
6428,116.5306559,204.6391704,0
6429,116.5306559,204.6391704,0
6430,116.5306559,204.6391704,0
6431,116.5306559,204.6391704,0
6432,116.5306559,204.6391704,0
6433,116.5306559,204.6391704,0
6434,116.5306559,204.6391704,0
6435,116.5306559,207.4813811,0
6436,116.5306559,207.4813811,0
6437,116.5306559,207.4813811,0
6438,116.5306559,207.4813811,0
6439,116.5306559,207.4813811,0
6440,116.5306559,207.4813811,0
6441,116.5306559,207.4813811,0
6442,116.5306559,207.4813811,0
6443,116.5306559,207.4813811,0
6444,116.5306559,207.4813811,0
6445,116.5306559,207.4813811,0
6446,116.5306559,207.4813811,0
6447,116.5306559,207.4813811,0
6448,116.5306559,207.4813811,0
6449,116.5306559,207.4813811,0
6450,116.5306559,207.4813811,0
6451,116.5306559,207.4813811,0
6452,116.5306559,207.4813811,0
6453,116.5306559,207.4813811,0
6454,116.5306559,207.4813811,0
6455,116.5306559,207.4813811,0
6456,116.5306559,207.4813811,0
6457,116.5306559,207.4813811,0
6458,116.5306559,207.4813811,0
6459,116.5306559,207.4813811,0
6460,116.5306559,207.4813811,0
6461,116.5306559,207.4813811,0
6462,116.5306559,207.4813811,0
6463,116.5306559,207.4813811,0
6464,116.5306559,207.4813811,0
6465,116.5306559,207.4813811,0
6466,116.5306559,207.4813811,0
6467,116.5306559,207.4813811,0
6468,116.5306559,207.4813811,0
6469,116.5306559,207.4813811,0
6470,116.5306559,207.4813811,0
6471,116.5306559,207.4813811,0
6472,116.5306559,207.4813811,0
6473,116.5306559,207.4813811,0
6474,116.5306559,207.4813811,0
6475,116.5306559,207.4813811,0
6476,116.5306559,207.4813811,0
6477,116.5306559,207.4813811,0
6478,116.5306559,207.4813811,0
6479,116.5306559,207.4813811,0
6480,116.5306559,207.4813811,0
6481,116.5306559,207.4813811,0
6482,116.5306559,207.4813811,0
6483,116.5306559,207.4813811,0
6484,116.5306559,207.4813811,0
6485,116.5306559,207.4813811,0
6486,116.5306559,207.4813811,0
6487,116.5306559,207.4813811,0
6488,116.5306559,207.4813811,0
6489,116.5306559,207.4813811,0
6490,116.5306559,207.4813811,0
6491,116.5306559,207.4813811,0
6492,116.5306559,207.4813811,0
6493,116.5306559,207.4813811,0
6494,116.5306559,207.4813811,0
6495,116.5306559,207.4813811,0
6496,116.5306559,207.4813811,0
6497,116.5306559,207.4813811,0
6498,113.6884448,207.4813811,0
6499,113.6884448,207.4813811,0
6500,110.8462336,207.4813811,0
6501,110.8462336,207.4813811,0
6502,110.8462336,207.4813811,0
6503,110.8462336,207.4813811,0
6504,110.8462336,207.4813811,0
6505,119.3728669,207.4813811,0
6506,119.3728669,207.4813811,0
6507,119.3728669,207.4813811,0
6508,119.3728669,207.4813811,0
6509,119.3728669,207.4813811,0
6510,119.3728669,207.4813811,0
6511,119.3728669,207.4813811,0
6512,119.3728669,207.4813811,0
6513,119.3728669,207.4813811,0
6514,119.3728669,207.4813811,0
6515,119.3728669,207.4813811,0
6516,119.3728669,207.4813811,0
6517,119.3728669,207.4813811,0
6518,119.3728669,207.4813811,0
6519,119.3728669,207.4813811,0
6520,119.3728669,207.4813811,0
6521,119.3728669,207.4813811,0
6522,119.3728669,207.4813811,0
6523,119.3728669,207.4813811,0
6524,119.3728669,207.4813811,0
6525,119.3728669,207.4813811,0
6526,119.3728669,207.4813811,0
6527,119.3728669,207.4813811,0
6528,119.3728669,207.4813811,0
6529,119.3728669,207.4813811,0
6530,119.3728669,207.4813811,0
6531,119.3728669,207.4813811,0
6532,119.3728669,207.4813811,0
6533,119.3728669,207.4813811,0
6534,119.3728669,207.4813811,0
6535,119.3728669,207.4813811,0
6536,119.3728669,207.4813811,0
6537,119.3728669,207.4813811,0
6538,119.3728669,207.4813811,0
6539,119.3728669,207.4813811,0
6540,119.3728669,207.4813811,0
6541,119.3728669,207.4813811,0
6542,119.3728669,207.4813811,0
6543,119.3728669,207.4813811,0
6544,119.3728669,207.4813811,0
6545,119.3728669,207.4813811,0
6546,119.3728669,207.4813811,0
6547,119.3728669,207.4813811,0
6548,119.3728669,207.4813811,0
6549,119.3728669,207.4813811,0
6550,119.3728669,207.4813811,0
6551,119.3728669,207.4813811,0
6552,119.3728669,207.4813811,0
6553,119.3728669,207.4813811,0
6554,119.3728669,207.4813811,0
6555,116.5306558,207.4813811,0
6556,116.5306558,207.4813811,0
6557,116.5306558,207.4813811,0
6558,116.5306558,207.4813811,0
6559,116.5306558,207.4813811,0
6560,116.5306558,207.4813811,0
6561,116.5306559,207.4813811,0
6562,116.5306559,207.4813811,0
6563,116.5306559,207.4813811,0
6564,116.5306559,207.4813811,0
6565,116.5306559,207.4813811,0
6566,116.5306559,207.4813811,0
6567,116.5306559,207.4813811,0
6568,116.5306559,207.4813811,0
6569,116.5306559,207.4813811,0
6570,119.3728669,207.4813811,0
6571,119.3728669,207.4813811,0
6572,119.3728669,207.4813811,0
6573,119.3728669,207.4813811,0
6574,119.3728669,207.4813811,0
6575,119.3728669,207.4813811,0
6576,119.3728669,207.4813811,0
6577,119.3728669,207.4813811,0
6578,119.3728669,207.4813811,0
6579,119.3728669,207.4813811,0
6580,119.3728669,207.4813811,0
6581,119.3728669,207.4813811,0
6582,119.3728669,207.4813811,0
6583,119.3728669,207.4813811,0
6584,119.3728669,207.4813811,0
6585,119.3728669,207.4813811,0
6586,119.3728669,207.4813811,0
6587,119.3728669,207.4813811,0
6588,119.3728669,207.4813811,0
6589,119.3728669,207.4813811,0
6590,119.3728669,207.4813811,0
6591,119.3728669,207.4813811,0
6592,119.3728669,207.4813811,0
6593,119.3728669,207.4813811,0
6594,119.3728669,207.4813811,0
6595,119.3728669,207.4813811,0
6596,119.3728669,207.4813811,0
6597,119.3728669,207.4813811,0
6598,119.3728669,207.4813811,0
6599,119.3728669,207.4813811,0
6600,119.3728669,207.4813811,0
6601,119.3728669,207.4813811,0
6602,119.3728669,207.4813811,0
6603,119.3728669,207.4813811,0
6604,119.3728669,207.4813811,0
6605,119.3728669,207.4813811,0
6606,119.3728669,207.4813811,0
6607,119.3728669,207.4813811,0
6608,119.3728669,207.4813811,0
6609,119.3728669,207.4813811,0
6610,119.3728669,207.4813811,0
6611,119.3728669,207.4813811,0
6612,119.3728669,207.4813811,0
6613,119.3728669,207.4813811,0
6614,119.3728669,207.4813811,0
6615,119.3728669,207.4813811,0
6616,119.3728669,207.4813811,0
6617,119.3728669,207.4813811,0
6618,119.3728669,207.4813811,0
6619,119.3728669,207.4813811,0
6620,116.5306559,207.4813811,0
6621,116.5306559,207.4813811,0
6622,116.5306559,207.4813811,0
6623,116.5306559,207.4813811,0
6624,116.5306559,207.4813811,0
6625,116.5306559,207.4813811,0
6626,116.5306559,207.4813811,0
6627,116.5306559,207.4813811,0
6628,116.5306559,207.4813811,0
6629,116.5306559,207.4813811,0
6630,116.5306559,207.4813811,0
6631,116.5306559,207.4813811,0
6632,116.5306559,207.4813811,0
6633,116.5306559,207.4813811,0
6634,116.5306559,207.4813811,0
6635,116.5306559,207.4813811,0
6636,116.5306559,207.4813811,0
6637,116.5306559,207.4813811,0
6638,116.5306559,207.4813811,0
6639,116.5306559,207.4813811,0
6640,116.5306559,207.4813811,0
6641,119.372867,207.4813811,0
6642,119.372867,207.4813811,0
6643,119.372867,207.4813811,0
6644,119.372867,207.4813811,0
6645,119.372867,207.4813811,0
6646,119.372867,207.4813811,0
6647,119.372867,207.4813811,0
6648,119.372867,207.4813811,0
6649,119.372867,207.4813811,0
6650,119.372867,207.4813811,0
6651,119.372867,207.4813811,0
6652,119.372867,207.4813811,0
6653,119.372867,207.4813811,0
6654,119.372867,207.4813811,0
6655,119.372867,207.4813811,0
6656,119.372867,207.4813811,0
6657,119.372867,207.4813811,0
6658,119.372867,207.4813811,0
6659,119.372867,207.4813811,0
6660,119.372867,207.4813811,0
6661,119.372867,207.4813811,0
6662,119.372867,207.4813811,0
6663,119.372867,207.4813811,0
6664,119.372867,207.4813811,0
6665,119.372867,207.4813811,0
6666,119.372867,207.4813811,0
6667,119.372867,207.4813811,0
6668,119.372867,207.4813811,0
6669,119.372867,207.4813811,0
6670,119.372867,207.4813811,0
6671,119.372867,207.4813811,0
6672,119.372867,207.4813811,0
6673,119.372867,207.4813811,0
6674,119.372867,207.4813811,0
6675,119.372867,207.4813811,0
6676,119.372867,207.4813811,0
6677,119.372867,204.6391704,0
6678,119.372867,204.6391704,0
6679,119.372867,204.6391704,0
6680,119.372867,204.6391704,0
6681,119.372867,204.6391704,0
6682,119.372867,207.4813811,0
6683,119.372867,207.4813811,0
6684,119.372867,207.4813811,0
6685,119.372867,207.4813811,0
6686,119.372867,207.4813811,0
6687,119.372867,207.4813811,0
6688,119.372867,207.4813811,0
6689,119.372867,207.4813811,0
6690,119.372867,207.4813811,0
6691,110.8462336,207.4813811,0
6692,110.8462336,207.4813811,0
6693,110.8462336,207.4813811,0
6694,110.8462336,207.4813811,0
6695,110.8462336,207.4813811,0
6696,110.8462336,207.4813811,0
6697,110.8462336,207.4813811,0
6698,110.8462336,207.4813811,0
6699,110.8462336,207.4813811,0
6700,110.8462336,207.4813811,0
6701,110.8462336,207.4813811,0
6702,110.8462336,207.4813811,0
6703,110.8462336,207.4813811,0
6704,110.8462336,207.4813811,0
6705,110.8462336,207.4813811,0
6706,110.8462336,207.4813811,0
6707,110.8462336,207.4813811,0
6708,113.6884446,207.4813811,0
6709,113.6884446,207.4813811,0
6710,116.5306559,207.4813811,0
6711,116.5306559,207.4813811,0
6712,116.5306559,207.4813811,0
6713,116.5306559,207.4813811,0
6714,116.5306559,207.4813811,0
6715,116.5306559,207.4813811,0
6716,116.5306559,207.4813811,0
6717,116.5306559,207.4813811,0
6718,116.5306559,207.4813811,0
6719,116.5306559,207.4813811,0
6720,116.5306559,207.4813811,0
6721,116.5306559,207.4813811,0
6722,116.5306559,207.4813811,0
6723,116.5306559,207.4813811,0
6724,116.5306559,207.4813811,0
6725,116.5306559,207.4813811,0
6726,116.5306559,207.4813811,0
6727,116.5306559,207.4813811,0
6728,116.5306559,207.4813811,0
6729,116.5306559,207.4813811,0
6730,116.5306559,207.4813811,0
6731,116.5306559,207.4813811,0
6732,116.5306559,204.6391704,0
6733,116.5306559,204.6391704,0
6734,116.5306559,204.6391704,0
6735,116.5306559,204.6391704,0
6736,116.5306559,204.6391704,0
6737,116.5306559,204.6391704,0
6738,116.5306559,204.6391704,0
6739,116.5306559,204.6391704,0
6740,116.5306559,204.6391704,0
6741,116.5306559,204.6391704,0
6742,116.5306559,204.6391704,0
6743,116.5306559,204.6391704,0
6744,116.5306559,204.6391704,0
6745,116.5306559,204.6391704,0
6746,116.5306559,204.6391704,0
6747,116.5306559,204.6391704,0
6748,116.5306559,204.6391704,0
6749,116.5306559,204.6391704,0
6750,116.5306559,204.6391704,0
6751,116.5306559,204.6391704,0
6752,116.5306559,204.6391704,0
6753,116.5306559,204.6391704,0
6754,116.5306559,204.6391704,0
6755,116.5306559,204.6391704,0
6756,116.5306559,204.6391704,0
6757,116.5306559,204.6391704,0
6758,116.5306559,204.6391704,0
6759,116.5306559,204.6391704,0
6760,116.5306559,204.6391704,0
6761,116.5306559,204.6391704,0
6762,116.5306559,204.6391704,0
6763,116.5306559,204.6391704,0
6764,116.5306559,204.6391704,0
6765,116.5306559,204.6391704,0
6766,116.5306559,204.6391704,0
6767,116.5306559,204.6391704,0
6768,116.5306559,204.6391704,0
6769,116.5306559,204.6391704,0
6770,119.3728669,204.6391704,0
6771,119.3728669,204.6391704,0
6772,119.3728669,204.6391704,0
6773,119.3728669,204.6391704,0
6774,119.3728669,204.6391704,0
6775,119.3728669,204.6391704,0
6776,119.3728669,204.6391704,0
6777,119.3728669,204.6391704,0
6778,119.3728669,204.6391704,0
6779,119.3728669,204.6391704,0
6780,119.372867,204.6391704,0
6781,119.372867,204.6391704,0
6782,119.372867,204.6391704,0
6783,119.372867,204.6391704,0
6784,119.372867,204.6391704,0
6785,119.372867,204.6391704,0
6786,119.372867,204.6391704,0
6787,119.372867,204.6391704,0
6788,119.372867,204.6391704,0
6789,119.372867,204.6391704,0
6790,119.372867,204.6391704,0
6791,119.372867,204.6391704,0
6792,119.372867,204.6391704,0
6793,119.372867,204.6391704,0
6794,119.372867,207.4813811,0
6795,119.372867,207.4813811,0
6796,119.372867,207.4813811,0
6797,119.372867,207.4813811,0
6798,119.372867,207.4813811,0
6799,119.372867,207.4813811,0
6800,119.372867,207.4813811,0
6801,119.372867,207.4813811,0
6802,119.372867,207.4813811,0
6803,119.372867,207.4813811,0
6804,119.372867,207.4813811,0
6805,119.372867,207.4813811,0
6806,119.372867,207.4813811,0
6807,119.372867,207.4813811,0
6808,119.372867,207.4813811,0
6809,119.372867,207.4813811,0
6810,119.372867,207.4813811,0
6811,119.372867,207.4813811,0
6812,119.372867,207.4813811,0
6813,119.372867,207.4813811,0
6814,119.372867,207.4813811,0
6815,119.372867,207.4813811,0
6816,119.372867,207.4813811,0
6817,119.372867,207.4813811,0
6818,119.372867,207.4813811,0
6819,119.372867,207.4813811,0
6820,119.372867,207.4813811,0
6821,119.372867,207.4813811,0
6822,119.372867,207.4813811,0
6823,119.372867,207.4813811,0
6824,119.372867,207.4813811,0
6825,119.372867,207.4813811,0
6826,119.372867,207.4813811,0
6827,119.372867,207.4813811,0
6828,119.372867,207.4813811,0
6829,119.372867,207.4813811,0
6830,119.372867,207.4813811,0
6831,119.372867,207.4813811,0
6832,119.372867,207.4813811,0
6833,119.372867,207.4813811,0
6834,119.372867,207.4813811,0
6835,119.372867,207.4813811,0
6836,119.372867,207.4813811,0
6837,119.372867,207.4813811,0
6838,119.372867,207.4813811,0
6839,119.372867,207.4813811,0
6840,119.372867,207.4813811,0
6841,119.372867,207.4813811,0
6842,119.372867,207.4813811,0
6843,119.372867,207.4813811,0
6844,119.372867,207.4813811,0
6845,119.372867,207.4813811,0
6846,119.372867,207.4813811,0
6847,119.372867,207.4813811,0
6848,119.372867,207.4813811,0
6849,119.372867,207.4813811,0
6850,119.372867,207.4813811,0
6851,119.372867,207.4813811,0
6852,119.372867,207.4813811,0
6853,119.372867,207.4813811,0
6854,119.372867,207.4813811,0
6855,119.372867,207.4813811,0
6856,119.372867,207.4813811,0
6857,119.372867,207.4813811,0
6858,119.372867,207.4813811,0
6859,119.372867,207.4813811,0
6860,119.372867,204.6391704,0
6861,119.372867,204.6391704,0
6862,119.3728669,204.6391704,0
6863,119.3728669,204.6391704,0
6864,119.3728669,204.6391704,0
6865,119.3728669,204.6391704,0
6866,119.3728669,204.6391704,0
6867,119.3728669,204.6391704,0
6868,119.3728669,204.6391704,0
6869,119.3728669,204.6391704,0
6870,119.3728669,204.6391704,0
6871,119.3728669,204.6391704,0
6872,119.3728669,204.6391704,0
6873,119.372867,204.6391704,0
6874,119.372867,204.6391704,0
6875,119.372867,204.6391704,0
6876,119.372867,204.6391704,0
6877,119.372867,204.6391704,0
6878,119.372867,204.6391704,0
6879,119.372867,204.6391704,0
6880,119.372867,204.6391704,0
6881,119.372867,204.6391704,0
6882,119.372867,207.4813811,0
6883,119.372867,207.4813811,0
6884,119.372867,207.4813811,0
6885,119.372867,207.4813811,0
6886,119.372867,207.4813811,0
6887,119.372867,207.4813811,0
6888,119.372867,207.4813811,0
6889,119.372867,207.4813811,0
6890,119.372867,207.4813811,0
6891,119.372867,207.4813811,0
6892,119.372867,207.4813811,0
6893,119.372867,207.4813811,0
6894,119.372867,207.4813811,0
6895,119.372867,207.4813811,0
6896,119.372867,207.4813811,0
6897,119.372867,207.4813811,0
6898,119.372867,207.4813811,0
6899,119.372867,207.4813811,0
6900,119.372867,207.4813811,0
6901,119.372867,207.4813811,0
6902,119.372867,207.4813811,0
6903,119.372867,207.4813811,0
6904,119.372867,207.4813811,0
6905,119.372867,207.4813811,0
6906,119.372867,207.4813811,0
6907,119.372867,207.4813811,0
6908,119.372867,207.4813811,0
6909,119.372867,207.4813811,0
6910,119.372867,207.4813811,0
6911,119.372867,207.4813811,0
6912,119.372867,207.4813811,0
6913,119.372867,207.4813811,0
6914,119.372867,207.4813811,0
6915,119.372867,207.4813811,0
6916,119.372867,207.4813811,0
6917,119.372867,207.4813811,0
6918,119.372867,207.4813811,0
6919,119.372867,207.4813811,0
6920,119.372867,207.4813811,0
6921,119.372867,207.4813811,0
6922,119.372867,207.4813811,0
6923,119.372867,207.4813811,0
6924,119.372867,207.4813811,0
6925,119.372867,207.4813811,0
6926,119.372867,207.4813811,0
6927,119.372867,207.4813811,0
6928,119.372867,207.4813811,0
6929,119.372867,207.4813811,0
6930,119.372867,207.4813811,0
6931,119.372867,207.4813811,0
6932,119.372867,207.4813811,0
6933,119.372867,207.4813811,0
6934,119.372867,207.4813811,0
6935,119.372867,207.4813811,0
6936,119.372867,207.4813811,0
6937,119.372867,207.4813811,0
6938,119.372867,207.4813811,0
6939,119.372867,207.4813811,0
6940,119.372867,207.4813811,0
6941,119.372867,207.4813811,0
6942,119.372867,207.4813811,0
6943,119.372867,207.4813811,0
6944,119.372867,207.4813811,0
6945,119.372867,207.4813811,0
6946,119.372867,207.4813811,0
6947,119.372867,207.4813811,0
6948,119.372867,207.4813811,0
6949,119.372867,207.4813811,0
6950,119.372867,207.4813811,0
6951,119.372867,207.4813811,0
6952,119.372867,207.4813811,0
6953,119.372867,207.4813811,0
6954,119.372867,207.4813811,0
6955,119.372867,207.4813811,0
6956,119.372867,207.4813811,0
6957,119.372867,207.4813811,0
6958,119.372867,207.4813811,0
6959,119.372867,207.4813811,0
6960,119.372867,207.4813811,0
6961,119.372867,207.4813811,0
6962,119.372867,207.4813811,0
6963,119.372867,207.4813811,0
6964,119.372867,207.4813811,0
6965,119.372867,207.4813811,0
6966,119.372867,207.4813811,0
6967,119.372867,207.4813811,0
6968,119.372867,207.4813811,0
6969,119.372867,207.4813811,0
6970,119.372867,207.4813811,0
6971,119.372867,207.4813811,0
6972,119.372867,207.4813811,0
6973,119.372867,207.4813811,0
6974,119.372867,207.4813811,0
6975,119.372867,207.4813811,0
6976,119.372867,207.4813811,0
6977,119.372867,207.4813811,0
6978,119.372867,207.4813811,0
6979,119.372867,207.4813811,0
6980,119.372867,207.4813811,0
6981,119.372867,207.4813811,0
6982,119.372867,207.4813811,0
6983,119.372867,207.4813811,0
6984,119.372867,207.4813811,0
6985,119.372867,207.4813811,0
6986,119.372867,207.4813811,0
6987,119.372867,207.4813811,0
6988,119.372867,207.4813811,0
6989,119.372867,207.4813811,0
6990,119.372867,207.4813811,0
6991,119.372867,207.4813811,0
6992,119.372867,207.4813811,0
6993,119.372867,207.4813811,0
6994,119.372867,207.4813811,0
6995,119.372867,207.4813811,0
6996,119.372867,207.4813811,0
6997,119.372867,207.4813811,0
6998,119.372867,207.4813811,0
6999,119.372867,207.4813811,0
7000,119.372867,207.4813811,0
7001,119.372867,207.4813811,0
7002,119.372867,207.4813811,0
7003,119.372867,207.4813811,0
7004,119.372867,207.4813811,0
7005,119.372867,207.4813811,0
7006,119.372867,207.4813811,0
7007,119.372867,207.4813811,0
7008,119.372867,207.4813811,0
7009,119.372867,207.4813811,0
7010,119.372867,207.4813811,0
7011,119.372867,207.4813811,0
7012,119.372867,207.4813811,0
7013,119.372867,207.4813811,0
7014,119.372867,207.4813811,0
7015,119.372867,207.4813811,0
7016,119.372867,207.4813811,0
7017,119.372867,207.4813811,0
7018,119.372867,207.4813811,0
7019,119.372867,207.4813811,0
7020,119.372867,207.4813811,0
7021,119.372867,207.4813811,0
7022,119.372867,207.4813811,0
7023,119.372867,207.4813811,0
7024,119.372867,207.4813811,0
7025,119.372867,207.4813811,0
7026,119.372867,207.4813811,0
7027,119.372867,207.4813811,0
7028,119.372867,207.4813811,0
7029,119.372867,207.4813811,0
7030,119.372867,207.4813811,0
7031,119.372867,204.6391704,0
7032,119.372867,204.6391704,0
7033,119.372867,204.6391704,0
7034,119.372867,204.6391704,0
7035,119.372867,204.6391704,0
7036,119.372867,204.6391704,0
7037,119.372867,204.6391704,0
7038,119.372867,204.6391704,0
7039,119.372867,204.6391704,0
7040,119.372867,204.6391704,0
7041,119.372867,204.6391704,0
7042,116.5306559,204.6391704,0
7043,116.5306559,204.6391704,0
7044,119.372867,204.6391704,0
7045,119.372867,204.6391704,0
7046,119.372867,204.6391704,0
7047,119.372867,204.6391704,0
7048,119.372867,204.6391704,0
7049,119.372867,204.6391704,0
7050,119.372867,204.6391704,0
7051,119.372867,204.6391704,0
7052,119.372867,204.6391704,0
7053,119.372867,204.6391704,0
7054,119.372867,204.6391704,0
7055,119.372867,204.6391704,0
7056,119.372867,204.6391704,0
7057,119.372867,204.6391704,0
7058,119.372867,204.6391704,0
7059,119.372867,204.6391704,0
7060,119.372867,204.6391704,0
7061,119.372867,204.6391704,0
7062,119.372867,204.6391704,0
7063,119.372867,204.6391704,0
7064,119.372867,204.6391704,0
7065,119.372867,207.4813811,0
7066,119.372867,207.4813811,0
7067,119.372867,207.4813811,0
7068,119.372867,207.4813811,0
7069,119.372867,207.4813811,0
7070,119.372867,207.4813811,0
7071,119.372867,207.4813811,0
7072,119.372867,207.4813811,0
7073,119.372867,207.4813811,0
7074,119.372867,207.4813811,0
7075,119.372867,207.4813811,0
7076,119.372867,207.4813811,0
7077,119.372867,207.4813811,0
7078,119.372867,207.4813811,0
7079,119.372867,207.4813811,0
7080,119.372867,207.4813811,0
7081,119.372867,207.4813811,0
7082,119.372867,207.4813811,0
7083,119.372867,207.4813811,0
7084,119.372867,207.4813811,0
7085,119.372867,207.4813811,0
7086,119.372867,207.4813811,0
7087,119.372867,207.4813811,0
7088,119.372867,207.4813811,0
7089,119.372867,207.4813811,0
7090,119.372867,207.4813811,0
7091,119.372867,207.4813811,0
7092,119.372867,207.4813811,0
7093,119.372867,207.4813811,0
7094,119.372867,207.4813811,0
7095,119.372867,207.4813811,0
7096,119.372867,207.4813811,0
7097,119.372867,207.4813811,0
7098,119.372867,207.4813811,0
7099,119.372867,207.4813811,0
7100,119.372867,207.4813811,0
7101,119.372867,207.4813811,0
7102,119.372867,207.4813811,0
7103,119.372867,207.4813811,0
7104,119.372867,207.4813811,0
7105,119.372867,207.4813811,0
7106,119.372867,207.4813811,0
7107,119.372867,207.4813811,0
7108,119.372867,207.4813811,0
7109,119.372867,207.4813811,0
7110,119.372867,207.4813811,0
7111,119.372867,207.4813811,0
7112,119.372867,207.4813811,0
7113,119.372867,207.4813811,0
7114,119.372867,207.4813811,0
7115,119.372867,204.6391704,0
7116,119.372867,204.6391704,0
7117,119.372867,204.6391704,0
7118,119.372867,204.6391704,0
7119,119.372867,204.6391704,0
7120,119.372867,204.6391704,0
7121,119.372867,207.4813811,0
7122,119.3728669,207.4813811,0
7123,119.3728669,207.4813811,0
7124,119.3728669,207.4813811,0
7125,119.3728669,207.4813811,0
7126,119.3728669,207.4813811,0
7127,119.3728669,207.4813811,0
7128,119.3728669,207.4813811,0
7129,119.3728669,207.4813811,0
7130,119.3728669,207.4813811,0
7131,119.3728669,207.4813811,0
7132,119.3728669,207.4813811,0
7133,119.3728669,207.4813811,0
7134,119.3728669,207.4813811,0
7135,119.3728669,207.4813811,0
7136,119.3728669,207.4813811,0
7137,119.3728669,207.4813811,0
7138,119.3728669,207.4813811,0
7139,119.3728669,207.4813811,0
7140,119.3728669,207.4813811,0
7141,119.3728669,207.4813811,0
7142,119.3728669,207.4813811,0
7143,119.3728669,207.4813811,0
7144,119.3728669,207.4813811,0
7145,119.3728669,207.4813811,0
7146,119.3728669,207.4813811,0
7147,119.3728669,207.4813811,0
7148,119.3728669,207.4813811,0
7149,119.3728669,207.4813811,0
7150,119.3728669,207.4813811,0
7151,119.3728669,207.4813811,0
7152,119.3728669,207.4813811,0
7153,116.5306559,207.4813811,0
7154,116.5306559,207.4813811,0
7155,116.5306559,207.4813811,0
7156,116.5306559,207.4813811,0
7157,116.5306559,207.4813811,0
7158,116.5306559,207.4813811,0
7159,116.5306559,207.4813811,0
7160,116.5306559,207.4813811,0
7161,116.5306559,207.4813811,0
7162,116.5306559,207.4813811,0
7163,116.5306559,207.4813811,0
7164,116.5306559,207.4813811,0
7165,116.5306559,207.4813811,0
7166,116.5306559,207.4813811,0
7167,116.5306559,207.4813811,0
7168,116.5306559,207.4813811,0
7169,116.5306559,207.4813811,0
7170,116.5306559,207.4813811,0
7171,116.5306559,207.4813811,0
7172,116.5306559,207.4813811,0
7173,116.5306559,207.4813811,0
7174,116.5306559,207.4813811,0
7175,116.5306559,207.4813811,0
7176,116.5306559,207.4813811,0
7177,116.5306559,207.4813811,0
7178,116.5306559,207.4813811,0
7179,116.5306559,207.4813811,0
7180,116.5306559,207.4813811,0
7181,116.5306559,207.4813811,0
7182,116.5306559,207.4813811,0
7183,116.5306559,207.4813811,0
7184,116.5306559,207.4813811,0
7185,116.5306559,207.4813811,0
7186,116.5306559,207.4813811,0
7187,116.5306559,207.4813811,0
7188,116.5306559,207.4813811,0
7189,116.5306559,207.4813811,0
7190,116.5306559,207.4813811,0
7191,116.5306559,207.4813811,0
7192,116.5306559,207.4813811,0
7193,113.6884446,207.4813811,0
7194,113.6884446,207.4813811,0
7195,113.6884446,207.4813811,0
7196,113.6884446,207.4813811,0
7197,113.6884446,207.4813811,0
7198,113.6884446,207.4813811,0
7199,113.6884446,207.4813811,0
7200,113.6884446,207.4813811,0
7201,110.8462336,207.4813811,0
7202,110.8462336,207.4813811,0
7203,110.8462336,207.4813811,0
7204,119.3728669,207.4813811,0
7205,119.3728669,207.4813811,0
7206,119.3728669,207.4813811,0
7207,119.3728669,207.4813811,0
7208,119.3728669,207.4813811,0
7209,119.3728669,207.4813811,0
7210,119.3728669,207.4813811,0
7211,119.3728669,207.4813811,0
7212,119.3728669,207.4813811,0
7213,119.3728669,207.4813811,0
7214,119.3728669,207.4813811,0
7215,119.3728669,207.4813811,0
7216,119.3728669,207.4813811,0
7217,119.3728669,207.4813811,0
7218,119.3728669,207.4813811,0
7219,119.3728669,207.4813811,0
7220,119.3728669,207.4813811,0
7221,119.3728669,207.4813811,0
7222,119.3728669,207.4813811,0
7223,119.3728669,207.4813811,0
7224,119.3728669,207.4813811,0
7225,119.3728669,207.4813811,0
7226,119.3728669,207.4813811,0
7227,119.3728669,207.4813811,0
7228,119.3728669,207.4813811,0
7229,119.3728669,207.4813811,0
7230,119.3728669,207.4813811,0
7231,119.3728669,207.4813811,0
7232,119.3728669,207.4813811,0
7233,119.3728669,207.4813811,0
7234,119.3728669,207.4813811,0
7235,119.3728669,207.4813811,0
7236,119.3728669,207.4813811,0
7237,119.3728669,207.4813811,0
7238,119.3728669,207.4813811,0
7239,119.3728669,207.4813811,0
7240,119.3728669,207.4813811,0
7241,119.3728669,207.4813811,0
7242,119.3728669,207.4813811,0
7243,119.3728669,207.4813811,0
7244,119.3728669,207.4813811,0
7245,119.3728669,207.4813811,0
7246,119.3728669,207.4813811,0
7247,119.3728669,207.4813811,0
7248,119.3728669,207.4813811,0
7249,119.3728669,207.4813811,0
7250,119.3728669,207.4813811,0
7251,119.3728669,207.4813811,0
7252,119.3728669,207.4813811,0
7253,119.3728669,207.4813811,0
7254,116.5306558,207.4813811,0
7255,116.5306558,207.4813811,0
7256,116.5306559,207.4813811,0
7257,116.5306559,207.4813811,0
7258,116.5306559,207.4813811,0
7259,116.5306559,207.4813811,0
7260,116.5306559,207.4813811,0
7261,116.5306559,207.4813811,0
7262,116.5306559,207.4813811,0
7263,116.5306559,207.4813811,0
7264,116.5306559,207.4813811,0
7265,116.5306559,207.4813811,0
7266,116.5306559,207.4813811,0
7267,116.5306559,207.4813811,0
7268,116.5306559,207.4813811,0
7269,116.5306559,207.4813811,0
7270,116.5306559,207.4813811,0
7271,119.372867,207.4813811,0
7272,119.372867,207.4813811,0
7273,119.372867,207.4813811,0
7274,119.372867,207.4813811,0
7275,119.372867,207.4813811,0
7276,119.372867,207.4813811,0
7277,119.372867,207.4813811,0
7278,119.372867,207.4813811,0
7279,119.372867,207.4813811,0
7280,119.372867,207.4813811,0
7281,119.372867,207.4813811,0
7282,119.372867,207.4813811,0
7283,119.372867,207.4813811,0
7284,119.372867,207.4813811,0
7285,119.372867,207.4813811,0
7286,119.372867,207.4813811,0
7287,119.372867,207.4813811,0
7288,119.372867,207.4813811,0
7289,119.372867,207.4813811,0
7290,119.372867,207.4813811,0
7291,119.372867,207.4813811,0
7292,119.372867,207.4813811,0
7293,119.372867,207.4813811,0
7294,119.372867,207.4813811,0
7295,119.372867,207.4813811,0
7296,119.372867,207.4813811,0
7297,119.372867,207.4813811,0
7298,119.372867,207.4813811,0
7299,119.372867,207.4813811,0
7300,119.372867,207.4813811,0
7301,119.372867,207.4813811,0
7302,119.372867,207.4813811,0
7303,119.372867,207.4813811,0
7304,119.372867,207.4813811,0
7305,119.372867,207.4813811,0
7306,119.372867,207.4813811,0
7307,119.372867,207.4813811,0
7308,119.372867,207.4813811,0
7309,119.372867,207.4813811,0
7310,119.372867,207.4813811,0
7311,119.372867,207.4813811,0
7312,119.372867,207.4813811,0
7313,119.372867,207.4813811,0
7314,119.372867,207.4813811,0
7315,119.372867,207.4813811,0
7316,119.372867,207.4813811,0
7317,119.372867,207.4813811,0
7318,119.372867,207.4813811,0
7319,119.372867,207.4813811,0
7320,119.372867,207.4813811,0
7321,119.3728669,207.4813811,0
7322,119.372867,207.4813811,0
7323,119.372867,207.4813811,0
7324,119.372867,207.4813811,0
7325,119.372867,207.4813811,0
7326,119.372867,207.4813811,0
7327,119.372867,207.4813811,0
7328,119.372867,207.4813811,0
7329,119.372867,207.4813811,0
7330,119.372867,207.4813811,0
7331,119.372867,207.4813811,0
7332,119.372867,207.4813811,0
7333,119.372867,207.4813811,0
7334,119.372867,207.4813811,0
7335,119.372867,207.4813811,0
7336,119.372867,204.6391704,0
7337,119.372867,204.6391704,0
7338,119.372867,204.6391704,0
7339,119.372867,204.6391704,0
7340,119.372867,204.6391704,0
7341,119.372867,204.6391704,0
7342,119.372867,204.6391704,0
7343,119.372867,204.6391704,0
7344,119.372867,204.6391704,0
7345,119.372867,204.6391704,0
7346,119.372867,204.6391704,0
7347,119.372867,204.6391704,0
7348,119.372867,204.6391704,0
7349,119.372867,204.6391704,0
7350,119.372867,204.6391704,0
7351,119.372867,204.6391704,0
7352,119.372867,204.6391704,0
7353,119.372867,204.6391704,0
7354,119.372867,204.6391704,0
7355,119.372867,207.4813811,0
7356,119.372867,207.4813811,0
7357,119.372867,207.4813811,0
7358,119.372867,207.4813811,0
7359,119.372867,207.4813811,0
7360,119.372867,207.4813811,0
7361,119.372867,207.4813811,0
7362,119.372867,207.4813811,0
7363,119.372867,207.4813811,0
7364,119.372867,207.4813811,0
7365,119.372867,207.4813811,0
7366,119.372867,207.4813811,0
7367,119.372867,207.4813811,0
7368,119.372867,207.4813811,0
7369,119.372867,207.4813811,0
7370,119.372867,207.4813811,0
7371,119.372867,207.4813811,0
7372,116.5306559,207.4813811,0
7373,116.5306559,207.4813811,0
7374,116.5306559,207.4813811,0
7375,116.5306559,207.4813811,0
7376,116.5306559,207.4813811,0
7377,116.5306559,207.4813811,0
7378,116.5306559,207.4813811,0
7379,116.5306559,207.4813811,0
7380,116.5306559,207.4813811,0
7381,116.5306559,207.4813811,0
7382,116.5306559,207.4813811,0
7383,116.5306559,207.4813811,0
7384,116.5306559,207.4813811,0
7385,116.5306559,207.4813811,0
7386,116.5306559,207.4813811,0
7387,116.5306559,207.4813811,0
7388,116.5306559,207.4813811,0
7389,116.5306559,207.4813811,0
7390,116.5306559,207.4813811,0
7391,116.5306559,207.4813811,0
7392,116.5306559,207.4813811,0
7393,116.5306559,207.4813811,0
7394,116.5306559,207.4813811,0
7395,116.5306559,207.4813811,0
7396,116.5306559,207.4813811,0
7397,116.5306559,207.4813811,0
7398,116.5306559,207.4813811,0
7399,116.5306559,207.4813811,0
7400,116.5306559,207.4813811,0
7401,116.5306559,207.4813811,0
7402,116.5306559,207.4813811,0
7403,116.5306559,207.4813811,0
7404,116.5306559,207.4813811,0
7405,116.5306559,204.6391704,0
7406,116.5306559,204.6391704,0
7407,116.5306559,204.6391704,0
7408,116.5306559,204.6391704,0
7409,116.5306559,204.6391704,0
7410,116.5306559,204.6391704,0
7411,116.5306559,204.6391704,0
7412,116.5306559,204.6391704,0
7413,116.5306559,204.6391704,0
7414,116.5306559,204.6391704,0
7415,116.5306559,204.6391704,0
7416,116.5306559,204.6391704,0
7417,116.5306559,204.6391704,0
7418,119.3728669,204.6391704,0
7419,119.3728669,204.6391704,0
7420,119.3728669,204.6391704,0
7421,119.3728669,204.6391704,0
7422,119.3728669,204.6391704,0
7423,119.3728669,204.6391704,0
7424,119.3728669,204.6391704,0
7425,119.3728669,204.6391704,0
7426,119.3728669,204.6391704,0
7427,119.3728669,204.6391704,0
7428,119.3728669,204.6391704,0
7429,119.3728669,204.6391704,0
7430,119.3728669,204.6391704,0
7431,119.3728669,204.6391704,0
7432,119.3728669,204.6391704,0
7433,119.3728669,204.6391704,0
7434,119.3728669,207.4813811,0
7435,119.3728669,207.4813811,0
7436,119.3728669,207.4813811,0
7437,119.3728669,207.4813811,0
7438,119.3728669,207.4813811,0
7439,119.3728669,207.4813811,0
7440,122.215078,207.4813811,0
7441,122.215078,207.4813811,0
7442,122.215078,207.4813811,0
7443,122.215078,207.4813811,0
7444,122.215078,207.4813811,0
7445,122.215078,207.4813811,0
7446,122.215078,207.4813811,0
7447,122.215078,207.4813811,0
7448,122.215078,207.4813811,0
7449,122.215078,207.4813811,0
7450,122.215078,207.4813811,0
7451,122.215078,207.4813811,0
7452,122.215078,207.4813811,0
7453,122.215078,207.4813811,0
7454,122.215078,207.4813811,0
7455,122.215078,207.4813811,0
7456,122.215078,207.4813811,0
7457,122.215078,207.4813811,0
7458,122.215078,207.4813811,0
7459,122.215078,207.4813811,0
7460,122.215078,207.4813811,0
7461,122.215078,207.4813811,0
7462,122.215078,207.4813811,0
7463,122.215078,207.4813811,0
7464,122.215078,207.4813811,0
7465,122.215078,207.4813811,0
7466,122.215078,207.4813811,0
7467,122.215078,207.4813811,0
7468,122.215078,207.4813811,0
7469,122.215078,207.4813811,0
7470,122.215078,207.4813811,0
7471,122.215078,207.4813811,0
7472,122.215078,207.4813811,0
7473,122.215078,207.4813811,0
7474,122.215078,207.4813811,0
7475,122.215078,207.4813811,0
7476,122.215078,207.4813811,0
7477,122.215078,207.4813811,0
7478,122.215078,207.4813811,0
7479,122.215078,207.4813811,0
7480,122.215078,207.4813811,0
7481,122.215078,207.4813811,0
7482,122.215078,207.4813811,0
7483,122.215078,207.4813811,0
7484,122.215078,204.6391704,0
7485,122.215078,204.6391704,0
7486,122.215078,204.6391704,0
7487,122.215078,204.6391704,0
7488,122.215078,204.6391704,0
7489,122.215078,204.6391704,0
7490,119.3728669,204.6391704,0
7491,119.3728669,207.4813811,0
7492,119.3728669,210.3235918,0
7493,119.3728669,210.3235918,0
7494,119.3728669,210.3235918,0
7495,119.3728669,210.3235918,0
7496,119.3728669,210.3235918,0
7497,119.3728669,210.3235918,0
7498,119.3728669,210.3235918,0
7499,119.3728669,210.3235918,0
7500,119.3728669,210.3235918,0
7501,119.3728669,210.3235918,0
7502,119.3728669,210.3235918,0
7503,119.3728669,210.3235918,0
7504,119.3728669,210.3235918,0
7505,119.3728669,210.3235918,0
7506,119.3728669,210.3235918,0
7507,122.2150781,210.3235918,0
7508,122.2150781,210.3235918,0
7509,122.2150781,210.3235918,0
7510,122.2150781,210.3235918,0
7511,122.2150781,210.3235918,0
7512,122.2150781,210.3235918,0
7513,122.2150781,210.3235918,0
7514,122.2150781,210.3235918,0
7515,122.2150781,210.3235918,0
7516,122.2150781,210.3235918,0
7517,122.2150781,210.3235918,0
7518,122.2150781,210.3235918,0
7519,122.2150781,210.3235918,0
7520,122.2150781,210.3235918,0
7521,122.2150781,210.3235918,0
7522,122.2150781,210.3235918,0
7523,122.2150781,210.3235918,0
7524,122.2150781,210.3235918,0
7525,122.2150781,210.3235918,0
7526,122.2150781,210.3235918,0
7527,122.2150781,210.3235918,0
7528,122.2150781,210.3235918,0
7529,122.2150781,210.3235918,0
7530,122.2150781,210.3235918,0
7531,122.2150781,210.3235918,0
7532,122.2150781,210.3235918,0
7533,122.2150781,210.3235918,0
7534,122.2150781,210.3235918,0
7535,122.2150781,210.3235918,0
7536,122.2150781,210.3235918,0
7537,122.2150781,210.3235918,0
7538,122.2150781,210.3235918,0
7539,122.2150781,210.3235918,0
7540,122.2150781,210.3235918,0
7541,122.2150781,210.3235918,0
7542,122.2150781,204.6391704,0
7543,122.2150781,204.6391704,0
7544,122.2150781,204.6391704,0
7545,122.2150781,207.4813811,0
7546,122.2150781,207.4813811,0
7547,122.2150781,207.4813811,0
7548,122.2150781,207.4813811,0
7549,122.2150781,207.4813811,0
7550,122.2150781,207.4813811,0
7551,122.2150781,207.4813811,0
7552,122.2150781,207.4813811,0
7553,122.2150781,207.4813811,0
7554,122.2150781,207.4813811,0
7555,122.2150781,207.4813811,0
7556,122.2150781,207.4813811,0
7557,119.3728669,207.4813811,0
7558,119.3728669,207.4813811,0
7559,119.3728669,207.4813811,0
7560,119.3728669,207.4813811,0
7561,119.3728669,207.4813811,0
7562,119.3728669,207.4813811,0
7563,119.3728669,207.4813811,0
7564,119.3728669,207.4813811,0
7565,119.3728669,207.4813811,0
7566,119.3728669,207.4813811,0
7567,119.3728669,207.4813811,0
7568,119.3728669,207.4813811,0
7569,119.3728669,207.4813811,0
7570,119.3728669,207.4813811,0
7571,119.3728669,207.4813811,0
7572,119.3728669,207.4813811,0
7573,119.3728669,207.4813811,0
7574,119.3728669,207.4813811,0
7575,119.3728669,207.4813811,0
7576,119.3728669,207.4813811,0
7577,119.3728669,207.4813811,0
7578,119.3728669,207.4813811,0
7579,119.3728669,207.4813811,0
7580,119.3728669,207.4813811,0
7581,119.3728669,207.4813811,0
7582,119.3728669,207.4813811,0
7583,119.3728669,207.4813811,0
7584,119.3728669,207.4813811,0
7585,116.5306559,207.4813811,0
7586,116.5306559,207.4813811,0
7587,116.5306559,207.4813811,0
7588,116.5306559,207.4813811,0
7589,116.5306559,207.4813811,0
7590,116.5306559,207.4813811,0
7591,116.5306559,207.4813811,0
7592,116.5306559,207.4813811,0
7593,116.5306559,207.4813811,0
7594,116.5306559,207.4813811,0
7595,116.5306559,207.4813811,0
7596,116.5306559,207.4813811,0
7597,116.5306559,207.4813811,0
7598,116.5306559,207.4813811,0
7599,116.5306559,207.4813811,0
7600,116.5306559,207.4813811,0
7601,116.5306559,207.4813811,0
7602,116.5306559,207.4813811,0
7603,119.372867,207.4813811,0
7604,119.372867,207.4813811,0
7605,119.372867,207.4813811,0
7606,119.372867,207.4813811,0
7607,119.372867,207.4813811,0
7608,119.372867,207.4813811,0
7609,119.372867,207.4813811,0
7610,119.372867,207.4813811,0
7611,119.372867,207.4813811,0
7612,119.372867,207.4813811,0
7613,119.372867,207.4813811,0
7614,119.372867,207.4813811,0
7615,119.372867,207.4813811,0
7616,119.372867,207.4813811,0
7617,119.372867,207.4813811,0
7618,119.372867,207.4813811,0
7619,119.372867,207.4813811,0
7620,119.372867,207.4813811,0
7621,119.372867,207.4813811,0
7622,119.372867,207.4813811,0
7623,119.372867,207.4813811,0
7624,119.372867,207.4813811,0
7625,119.372867,207.4813811,0
7626,119.372867,207.4813811,0
7627,119.372867,207.4813811,0
7628,119.372867,207.4813811,0
7629,119.372867,207.4813811,0
7630,119.372867,207.4813811,0
7631,119.372867,207.4813811,0
7632,119.372867,207.4813811,0
7633,119.372867,207.4813811,0
7634,119.372867,207.4813811,0
7635,119.372867,207.4813811,0
7636,119.372867,207.4813811,0
7637,119.372867,207.4813811,0
7638,119.372867,207.4813811,0
7639,119.372867,207.4813811,0
7640,119.372867,207.4813811,0
7641,119.372867,207.4813811,0
7642,119.372867,207.4813811,0
7643,119.372867,207.4813811,0
7644,119.372867,207.4813811,0
7645,119.372867,207.4813811,0
7646,119.372867,207.4813811,0
7647,119.372867,207.4813811,0
7648,119.372867,207.4813811,0
7649,119.372867,207.4813811,0
7650,119.372867,207.4813811,0
7651,119.372867,207.4813811,0
7652,119.372867,207.4813811,0
7653,119.3728669,207.4813811,0
7654,119.3728669,207.4813811,0
7655,119.3728669,207.4813811,0
7656,119.3728669,207.4813811,0
7657,119.3728669,207.4813811,0
7658,119.3728669,207.4813811,0
7659,119.3728669,207.4813811,0
7660,119.3728669,207.4813811,0
7661,119.3728669,207.4813811,0
7662,125.0572893,207.4813811,0
7663,125.0572893,207.4813811,0
7664,125.0572893,207.4813811,0
7665,125.0572893,207.4813811,0
7666,125.0572893,207.4813811,0
7667,125.0572893,207.4813811,0
7668,125.0572893,207.4813811,0
7669,125.0572893,207.4813811,0
7670,125.0572893,207.4813811,0
7671,125.0572893,207.4813811,0
7672,125.0572893,207.4813811,0
7673,125.0572893,207.4813811,0
7674,125.0572893,207.4813811,0
7675,125.0572893,207.4813811,0
7676,125.0572893,207.4813811,0
7677,125.0572893,207.4813811,0
7678,125.0572893,207.4813811,0
7679,125.0572893,207.4813811,0
7680,125.0572893,207.4813811,0
7681,125.0572893,207.4813811,0
7682,125.0572893,207.4813811,0
7683,125.0572893,207.4813811,0
7684,125.0572893,207.4813811,0
7685,125.0572893,207.4813811,0
7686,125.0572893,207.4813811,0
7687,125.0572893,207.4813811,0
7688,125.0572893,207.4813811,0
7689,125.0572893,207.4813811,0
7690,125.0572893,207.4813811,0
7691,125.0572893,207.4813811,0
7692,125.0572893,207.4813811,0
7693,125.0572893,207.4813811,0
7694,125.0572893,207.4813811,0
7695,125.0572893,207.4813811,0
7696,125.0572893,207.4813811,0
7697,125.0572893,207.4813811,0
7698,125.0572893,207.4813811,0
7699,125.0572893,207.4813811,0
7700,125.0572893,207.4813811,0
7701,125.0572893,207.4813811,0
7702,125.0572893,207.4813811,0
7703,125.0572893,207.4813811,0
7704,125.0572893,207.4813811,0
7705,125.0572893,207.4813811,0
7706,125.0572893,207.4813811,0
7707,125.0572893,207.4813811,0
7708,125.0572893,207.4813811,0
7709,125.0572893,207.4813811,0
7710,125.0572893,207.4813811,0
7711,125.0572893,207.4813811,0
7712,122.2150781,207.4813811,0
7713,122.2150781,207.4813811,0
7714,122.2150781,207.4813811,0
7715,122.2150781,207.4813811,0
7716,122.2150781,207.4813811,0
7717,122.2150781,207.4813811,0
7718,122.2150781,204.6391704,0
7719,122.2150781,204.6391704,0
7720,122.2150781,204.6391704,0
7721,122.2150781,204.6391704,0
7722,122.2150781,204.6391704,0
7723,122.2150781,204.6391704,0
7724,122.2150781,204.6391704,0
7725,122.2150781,204.6391704,0
7726,122.2150781,207.4813811,0
7727,122.2150781,207.4813811,0
7728,122.2150781,207.4813811,0
7729,122.2150781,207.4813811,0
7730,122.2150781,207.4813811,0
7731,122.2150781,207.4813811,0
7732,122.2150781,207.4813811,0
7733,122.2150781,207.4813811,0
7734,122.2150781,207.4813811,0
7735,122.2150781,207.4813811,0
7736,113.6884448,207.4813811,0
7737,119.372867,207.4813811,0
7738,119.372867,207.4813811,0
7739,119.372867,207.4813811,0
7740,119.372867,207.4813811,0
7741,119.372867,207.4813811,0
7742,119.372867,207.4813811,0
7743,119.372867,207.4813811,0
7744,119.372867,207.4813811,0
7745,119.372867,207.4813811,0
7746,119.372867,207.4813811,0
7747,119.372867,207.4813811,0
7748,119.372867,207.4813811,0
7749,119.372867,207.4813811,0
7750,119.372867,207.4813811,0
7751,119.372867,207.4813811,0
7752,119.372867,207.4813811,0
7753,119.372867,207.4813811,0
7754,119.372867,207.4813811,0
7755,119.372867,207.4813811,0
7756,119.372867,207.4813811,0
7757,119.372867,207.4813811,0
7758,119.372867,207.4813811,0
7759,119.372867,207.4813811,0
7760,122.2150781,207.4813811,0
7761,122.2150781,207.4813811,0
7762,122.2150781,207.4813811,0
7763,122.2150781,207.4813811,0
7764,122.2150781,207.4813811,0
7765,125.0572893,207.4813811,0
7766,125.0572893,207.4813811,0
7767,125.0572893,207.4813811,0
7768,125.0572893,207.4813811,0
7769,125.0572893,207.4813811,0
7770,125.0572893,207.4813811,0
7771,125.0572893,207.4813811,0
7772,125.0572893,207.4813811,0
7773,125.0572893,207.4813811,0
7774,125.0572893,207.4813811,0
7775,125.0572893,207.4813811,0
7776,125.0572893,207.4813811,0
7777,125.0572893,207.4813811,0
7778,125.0572893,204.6391704,0
7779,125.0572893,204.6391704,0
7780,125.0572893,204.6391704,0
7781,125.0572893,204.6391704,0
7782,125.0572893,204.6391704,0
7783,125.0572893,204.6391704,0
7784,125.0572893,207.4813811,0
7785,125.0572893,207.4813811,0
7786,125.0572893,207.4813811,0
7787,125.0572893,207.4813811,0
7788,125.0572893,207.4813811,0
7789,125.0572893,207.4813811,0
7790,125.0572893,207.4813811,0
7791,125.0572893,207.4813811,0
7792,125.0572893,207.4813811,0
7793,125.0572893,207.4813811,0
7794,125.0572893,207.4813811,0
7795,125.0572893,207.4813811,0
7796,125.0572893,207.4813811,0
7797,125.0572893,207.4813811,0
7798,125.0572893,207.4813811,0
7799,125.0572893,207.4813811,0
7800,125.0572893,207.4813811,0
7801,125.0572893,207.4813811,0
7802,125.0572893,207.4813811,0
7803,125.0572893,207.4813811,0
7804,125.0572893,207.4813811,0
7805,125.0572893,207.4813811,0
7806,125.0572893,207.4813811,0
7807,125.0572893,207.4813811,0
7808,125.0572893,207.4813811,0
7809,125.0572893,207.4813811,0
7810,125.0572893,207.4813811,0
7811,125.0572893,207.4813811,0
7812,125.0572893,207.4813811,0
7813,125.0572893,207.4813811,0
7814,125.0572893,207.4813811,0
7815,122.215078,207.4813811,0
7816,122.215078,207.4813811,0
7817,122.215078,207.4813811,0
7818,122.215078,207.4813811,0
7819,122.215078,207.4813811,0
7820,122.215078,207.4813811,0
7821,122.215078,207.4813811,0
7822,122.215078,207.4813811,0
7823,122.215078,207.4813811,0
7824,122.215078,207.4813811,0
7825,122.2150781,207.4813811,0
7826,122.2150781,207.4813811,0
7827,122.2150781,207.4813811,0
7828,122.2150781,207.4813811,0
7829,122.2150781,207.4813811,0
7830,122.2150781,207.4813811,0
7831,122.2150781,207.4813811,0
7832,122.2150781,207.4813811,0
7833,122.2150781,207.4813811,0
7834,122.2150781,207.4813811,0
7835,122.2150781,207.4813811,0
7836,122.2150781,207.4813811,0
7837,122.2150781,207.4813811,0
7838,122.2150781,207.4813811,0
7839,122.2150781,207.4813811,0
7840,122.2150781,207.4813811,0
7841,122.2150781,207.4813811,0
7842,122.2150781,207.4813811,0
7843,122.2150781,207.4813811,0
7844,122.2150781,207.4813811,0
7845,122.2150781,207.4813811,0
7846,122.2150781,207.4813811,0
7847,122.2150781,207.4813811,0
7848,122.2150781,207.4813811,0
7849,122.2150781,207.4813811,0
7850,122.2150781,207.4813811,0
7851,122.2150781,207.4813811,0
7852,122.2150781,207.4813811,0
7853,122.2150781,207.4813811,0
7854,122.2150781,207.4813811,0
7855,122.2150781,207.4813811,0
7856,122.2150781,207.4813811,0
7857,122.2150781,207.4813811,0
7858,122.2150781,207.4813811,0
7859,122.2150781,207.4813811,0
7860,122.2150781,207.4813811,0
7861,122.2150781,207.4813811,0
7862,122.2150781,207.4813811,0
7863,122.2150781,207.4813811,0
7864,122.2150781,207.4813811,0
7865,122.2150781,207.4813811,0
7866,122.2150781,207.4813811,0
7867,122.2150781,207.4813811,0
7868,122.2150781,207.4813811,0
7869,122.2150781,207.4813811,0
7870,127.8995003,207.4813811,0
7871,127.8995003,207.4813811,0
7872,127.8995003,207.4813811,0
7873,127.8995003,207.4813811,0
7874,127.8995003,207.4813811,0
7875,127.8995003,207.4813811,0
7876,127.8995003,207.4813811,0
7877,127.8995003,207.4813811,0
7878,127.8995003,207.4813811,0
7879,127.8995003,207.4813811,0
7880,127.8995003,207.4813811,0
7881,127.8995003,207.4813811,0
7882,127.8995003,207.4813811,0
7883,127.8995003,207.4813811,0
7884,127.8995003,207.4813811,0
7885,127.8995003,207.4813811,0
7886,127.8995003,207.4813811,0
7887,127.8995003,207.4813811,0
7888,127.8995003,207.4813811,0
7889,127.8995003,207.4813811,0
7890,127.8995003,207.4813811,0
7891,127.8995003,207.4813811,0
7892,127.8995003,207.4813811,0
7893,127.8995003,207.4813811,0
7894,127.8995003,207.4813811,0
7895,127.8995003,207.4813811,0
7896,127.8995003,207.4813811,0
7897,127.8995003,207.4813811,0
7898,127.8995003,207.4813811,0
7899,127.8995003,207.4813811,0
7900,127.8995003,207.4813811,0
7901,127.8995003,207.4813811,0
7902,127.8995003,207.4813811,0
7903,127.8995003,204.6391704,0
7904,127.8995003,204.6391704,0
7905,127.8995003,204.6391704,0
7906,127.8995003,204.6391704,0
7907,127.8995003,204.6391704,0
7908,127.8995003,204.6391704,0
7909,127.8995003,204.6391704,0
7910,127.8995003,204.6391704,0
7911,127.8995003,204.6391704,0
7912,127.8995003,204.6391704,0
7913,127.8995003,204.6391704,0
7914,127.8995003,204.6391704,0
7915,127.8995003,204.6391704,0
7916,127.8995003,204.6391704,0
7917,127.8995003,204.6391704,0
7918,127.8995003,204.6391704,0
7919,127.8995003,204.6391704,0
7920,125.0572893,204.6391704,0
7921,125.0572893,204.6391704,0
7922,125.0572893,204.6391704,0
7923,125.0572893,204.6391704,0
7924,125.0572893,204.6391704,0
7925,125.0572893,204.6391704,0
7926,125.0572893,204.6391704,0
7927,125.0572893,204.6391704,0
7928,125.0572893,204.6391704,0
7929,125.0572893,204.6391704,0
7930,125.0572893,204.6391704,0
7931,125.0572893,204.6391704,0
7932,125.0572893,204.6391704,0
7933,125.0572893,204.6391704,0
7934,125.0572893,204.6391704,0
7935,125.0572893,204.6391704,0
7936,125.0572893,204.6391704,0
7937,125.0572893,204.6391704,0
7938,125.0572893,204.6391704,0
7939,125.0572893,204.6391704,0
7940,125.0572893,204.6391704,0
7941,125.0572893,204.6391704,0
7942,125.0572893,204.6391704,0
7943,125.0572893,204.6391704,0
7944,125.0572893,207.4813811,0
7945,125.0572893,207.4813811,0
7946,125.0572892,207.4813811,0
7947,125.0572892,207.4813811,0
7948,125.0572893,207.4813811,0
7949,125.0572893,207.4813811,0
7950,125.0572893,207.4813811,0
7951,125.0572893,207.4813811,0
7952,125.0572893,207.4813811,0
7953,125.0572893,207.4813811,0
7954,125.0572893,207.4813811,0
7955,125.0572893,207.4813811,0
7956,125.0572893,207.4813811,0
7957,125.0572893,207.4813811,0
7958,125.0572893,207.4813811,0
7959,125.0572893,207.4813811,0
7960,125.0572893,207.4813811,0
7961,125.0572893,207.4813811,0
7962,125.0572893,207.4813811,0
7963,125.0572893,207.4813811,0
7964,125.0572893,207.4813811,0
7965,125.0572893,207.4813811,0
7966,125.0572893,207.4813811,0
7967,125.0572893,207.4813811,0
7968,125.0572893,207.4813811,0
7969,125.0572893,207.4813811,0
7970,125.0572893,207.4813811,0
7971,125.0572893,207.4813811,0
7972,125.0572893,207.4813811,0
7973,125.0572893,207.4813811,0
7974,125.0572893,207.4813811,0
7975,125.0572893,207.4813811,0
7976,125.0572893,207.4813811,0
7977,125.0572893,207.4813811,0
7978,125.0572893,207.4813811,0
7979,125.0572893,207.4813811,0
7980,125.0572893,207.4813811,0
7981,125.0572893,207.4813811,0
7982,125.0572893,207.4813811,0
7983,125.0572893,207.4813811,0
7984,125.0572893,207.4813811,0
7985,125.0572893,207.4813811,0
7986,125.0572893,207.4813811,0
7987,125.0572893,207.4813811,0
7988,125.0572893,207.4813811,0
7989,125.0572893,207.4813811,0
7990,125.0572893,207.4813811,0
7991,125.0572893,207.4813811,0
7992,125.0572893,207.4813811,0
7993,125.0572893,207.4813811,0
7994,125.0572893,207.4813811,0
7995,125.0572893,207.4813811,0
7996,125.0572893,207.4813811,0
7997,125.0572893,207.4813811,0
7998,125.0572893,207.4813811,0
7999,125.0572893,207.4813811,0
8000,125.0572893,207.4813811,0
8001,125.0572893,207.4813811,0
8002,125.0572893,207.4813811,0
8003,125.0572893,207.4813811,0
8004,125.0572893,207.4813811,0
8005,125.0572893,207.4813811,0
8006,125.0572893,207.4813811,0
8007,125.0572893,207.4813811,0
8008,125.0572893,207.4813811,0
8009,125.0572893,207.4813811,0
8010,125.0572893,207.4813811,0
8011,125.0572893,207.4813811,0
8012,125.0572893,207.4813811,0
8013,125.0572892,207.4813811,0
8014,125.0572892,207.4813811,0
8015,125.0572892,207.4813811,0
8016,125.0572892,207.4813811,0
8017,125.0572892,207.4813811,0
8018,125.0572892,207.4813811,0
8019,125.0572892,207.4813811,0
8020,125.0572892,207.4813811,0
8021,125.0572892,207.4813811,0
8022,125.0572892,207.4813811,0
8023,125.0572892,207.4813811,0
8024,125.0572893,207.4813811,0
8025,125.0572893,207.4813811,0
8026,125.0572893,207.4813811,0
8027,125.0572893,207.4813811,0
8028,125.0572893,207.4813811,0
8029,125.0572893,207.4813811,0
8030,125.0572893,207.4813811,0
8031,125.0572893,207.4813811,0
8032,125.0572893,210.3235918,0
8033,125.0572893,210.3235918,0
8034,125.0572893,210.3235918,0
8035,125.0572893,210.3235918,0
8036,125.0572893,210.3235918,0
8037,125.0572893,210.3235918,0
8038,125.0572893,210.3235918,0
8039,125.0572893,210.3235918,0
8040,125.0572893,210.3235918,0
8041,125.0572893,210.3235918,0
8042,125.0572893,210.3235918,0
8043,125.0572893,210.3235918,0
8044,125.0572893,210.3235918,0
8045,125.0572893,210.3235918,0
8046,125.0572893,210.3235918,0
8047,125.0572893,210.3235918,0
8048,125.0572893,210.3235918,0
8049,125.0572893,210.3235918,0
8050,125.0572893,210.3235918,0
8051,125.0572893,210.3235918,0
8052,125.0572893,210.3235918,0
8053,125.0572893,210.3235918,0
8054,125.0572893,210.3235918,0
8055,125.0572893,210.3235918,0
8056,125.0572893,210.3235918,0
8057,125.0572893,210.3235918,0
8058,125.0572893,210.3235918,0
8059,125.0572893,210.3235918,0
8060,125.0572893,210.3235918,0
8061,125.0572893,210.3235918,0
8062,125.0572893,210.3235918,0
8063,125.0572893,210.3235918,0
8064,125.0572893,210.3235918,0
8065,125.0572893,210.3235918,0
8066,125.0572893,210.3235918,0
8067,125.0572893,210.3235918,0
8068,125.0572893,210.3235918,0
8069,125.0572893,210.3235918,0
8070,125.0572893,210.3235918,0
8071,125.0572893,210.3235918,0
8072,125.0572893,210.3235918,0
8073,125.0572893,210.3235918,0
8074,125.0572893,210.3235918,0
8075,125.0572893,210.3235918,0
8076,125.0572893,210.3235918,0
8077,125.0572893,210.3235918,0
8078,125.0572893,210.3235918,0
8079,125.0572893,210.3235918,0
8080,125.0572893,210.3235918,0
8081,125.0572893,210.3235918,0
8082,125.0572893,210.3235918,0
8083,125.0572893,210.3235918,0
8084,125.0572893,207.4813811,0
8085,125.0572893,207.4813811,0
8086,125.0572893,210.3235918,0
8087,125.0572893,210.3235918,0
8088,125.0572893,210.3235918,0
8089,125.0572893,210.3235918,0
8090,125.0572893,210.3235918,0
8091,125.0572893,210.3235918,0
8092,125.0572893,210.3235918,0
8093,125.0572893,210.3235918,0
8094,125.0572893,210.3235918,0
8095,125.0572891,210.3235918,0
8096,125.0572893,210.3235918,0
8097,125.0572893,210.3235918,0
8098,125.0572893,210.3235918,0
8099,125.0572893,210.3235918,0
8100,125.0572893,210.3235918,0
8101,125.0572893,210.3235918,0
8102,125.0572893,210.3235918,0
8103,125.0572893,210.3235918,0
8104,125.0572893,210.3235918,0
8105,125.0572893,210.3235918,0
8106,125.0572893,210.3235918,0
8107,125.0572893,210.3235918,0
8108,125.0572893,210.3235918,0
8109,125.0572893,210.3235918,0
8110,125.0572893,210.3235918,0
8111,125.0572893,210.3235918,0
8112,125.0572893,210.3235918,0
8113,125.0572893,210.3235918,0
8114,125.0572893,210.3235918,0
8115,125.0572893,210.3235918,0
8116,125.0572893,210.3235918,0
8117,125.0572893,210.3235918,0
8118,125.0572893,210.3235918,0
8119,125.0572893,210.3235918,0
8120,125.0572893,210.3235918,0
8121,125.0572893,210.3235918,0
8122,125.0572893,210.3235918,0
8123,125.0572893,210.3235918,0
8124,125.0572893,210.3235918,0
8125,125.0572893,210.3235918,0
8126,125.0572893,210.3235918,0
8127,125.0572893,210.3235918,0
8128,125.0572893,210.3235918,0
8129,125.0572893,210.3235918,0
8130,125.0572893,210.3235918,0
8131,125.0572893,210.3235918,0
8132,125.0572893,210.3235918,0
8133,125.0572893,210.3235918,0
8134,125.0572893,210.3235918,0
8135,125.0572893,210.3235918,0
8136,125.0572893,204.6391704,0
8137,125.0572893,204.6391704,0
8138,125.0572893,204.6391704,0
8139,125.0572893,204.6391704,0
8140,125.0572893,207.4813811,0
8141,125.0572893,207.4813811,0
8142,125.0572893,207.4813811,0
8143,125.0572893,207.4813811,0
8144,125.0572893,207.4813811,0
8145,125.0572893,207.4813811,0
8146,125.0572893,207.4813811,0
8147,125.0572892,207.4813811,0
8148,125.0572892,207.4813811,0
8149,125.0572892,207.4813811,0
8150,125.0572892,207.4813811,0
8151,125.0572892,207.4813811,0
8152,125.0572892,207.4813811,0
8153,125.0572892,207.4813811,0
8154,125.0572892,207.4813811,0
8155,125.0572892,207.4813811,0
8156,125.0572892,207.4813811,0
8157,125.0572892,207.4813811,0
8158,125.0572892,207.4813811,0
8159,125.0572892,207.4813811,0
8160,125.0572892,207.4813811,0
8161,125.0572892,207.4813811,0
8162,125.0572892,207.4813811,0
8163,125.0572892,207.4813811,0
8164,125.0572892,207.4813811,0
8165,125.0572892,207.4813811,0
8166,125.0572892,207.4813811,0
8167,125.0572892,207.4813811,0
8168,125.0572892,207.4813811,0
8169,125.0572892,207.4813811,0
8170,125.0572892,210.3235918,0
8171,125.0572892,210.3235918,0
8172,125.0572892,210.3235918,0
8173,125.0572892,210.3235918,0
8174,125.0572892,210.3235918,0
8175,125.0572892,210.3235918,0
8176,125.0572892,210.3235918,0
8177,125.0572892,210.3235918,0
8178,125.0572892,210.3235918,0
8179,125.0572892,210.3235918,0
8180,125.0572892,210.3235918,0
8181,125.0572892,210.3235918,0
8182,125.0572892,210.3235918,0
8183,125.0572892,210.3235918,0
8184,125.0572892,210.3235918,0
8185,125.0572892,210.3235918,0
8186,125.0572892,210.3235918,0
8187,125.0572892,210.3235918,0
8188,125.0572892,210.3235918,0
8189,125.0572892,210.3235918,0
8190,125.0572892,210.3235918,0
8191,125.0572892,210.3235918,0
8192,125.0572892,210.3235918,0
8193,125.0572892,210.3235918,0
8194,125.0572892,210.3235918,0
8195,125.0572892,210.3235918,0
8196,125.0572892,210.3235918,0
8197,125.0572892,210.3235918,0
8198,125.0572892,210.3235918,0
8199,125.0572892,210.3235918,0
8200,125.0572892,210.3235918,0
8201,125.0572892,210.3235918,0
8202,125.0572892,210.3235918,0
8203,125.0572892,210.3235918,0
8204,125.0572892,210.3235918,0
8205,125.0572892,210.3235918,0
8206,125.0572892,210.3235918,0
8207,125.0572892,210.3235918,0
8208,125.0572892,210.3235918,0
8209,125.0572892,210.3235918,0
8210,125.0572892,210.3235918,0
8211,125.0572892,210.3235918,0
8212,125.0572892,210.3235918,0
8213,125.0572892,210.3235918,0
8214,125.0572892,210.3235918,0
8215,125.0572892,210.3235918,0
8216,125.0572892,210.3235918,0
8217,125.0572892,210.3235918,0
8218,125.0572892,210.3235918,0
8219,125.0572892,210.3235918,0
8220,125.0572892,210.3235918,0
8221,125.0572892,210.3235918,0
8222,125.0572892,210.3235918,0
8223,122.2150781,210.3235918,0
8224,122.2150781,207.4813811,0
8225,122.2150781,207.4813811,0
8226,122.2150781,207.4813811,0
8227,122.2150781,207.4813811,0
8228,122.2150781,207.4813811,0
8229,122.2150781,207.4813811,0
8230,122.2150781,207.4813811,0
8231,122.2150781,207.4813811,0
8232,122.2150781,207.4813811,0
8233,122.2150781,207.4813811,0
8234,122.2150781,207.4813811,0
8235,119.3728669,207.4813811,0
8236,125.0572893,207.4813811,0
8237,125.0572893,207.4813811,0
8238,125.0572893,207.4813811,0
8239,125.0572893,207.4813811,0
8240,125.0572893,207.4813811,0
8241,125.0572893,207.4813811,0
8242,125.0572893,207.4813811,0
8243,125.0572893,207.4813811,0
8244,125.0572893,207.4813811,0
8245,125.0572893,207.4813811,0
8246,125.0572893,207.4813811,0
8247,125.0572893,207.4813811,0
8248,125.0572893,207.4813811,0
8249,125.0572893,207.4813811,0
8250,125.0572893,207.4813811,0
8251,125.0572893,207.4813811,0
8252,125.0572893,207.4813811,0
8253,125.0572893,207.4813811,0
8254,125.0572893,207.4813811,0
8255,125.0572893,207.4813811,0
8256,125.0572893,207.4813811,0
8257,125.0572893,207.4813811,0
8258,125.0572893,207.4813811,0
8259,125.0572893,207.4813811,0
8260,125.0572893,207.4813811,0
8261,125.0572893,207.4813811,0
8262,125.0572893,207.4813811,0
8263,125.0572893,204.6391704,0
8264,125.0572893,204.6391704,0
8265,125.0572893,204.6391704,0
8266,125.0572893,204.6391704,0
8267,125.0572893,204.6391704,0
8268,125.0572893,204.6391704,0
8269,125.0572893,204.6391704,0
8270,125.0572893,204.6391704,0
8271,125.0572893,204.6391704,0
8272,125.0572893,204.6391704,0
8273,125.0572893,207.4813811,0
8274,125.0572893,207.4813811,0
8275,125.0572893,207.4813811,0
8276,125.0572893,207.4813811,0
8277,125.0572893,207.4813811,0
8278,125.0572893,207.4813811,0
8279,125.0572893,207.4813811,0
8280,125.0572893,207.4813811,0
8281,125.0572893,207.4813811,0
8282,125.0572893,207.4813811,0
8283,125.0572893,207.4813811,0
8284,125.0572893,207.4813811,0
8285,125.0572893,207.4813811,0
8286,125.057289,207.4813811,0
8287,125.057289,207.4813811,0
8288,125.057289,207.4813811,0
8289,125.057289,207.4813811,0
8290,125.057289,207.4813811,0
8291,125.057289,207.4813811,0
8292,125.057289,207.4813811,0
8293,125.057289,207.4813811,0
8294,122.2150781,207.4813811,0
8295,122.2150781,207.4813811,0
8296,122.2150781,207.4813811,0
8297,122.2150781,207.4813811,0
8298,122.2150781,207.4813811,0
8299,122.2150781,207.4813811,0
8300,122.2150781,207.4813811,0
8301,122.2150781,207.4813811,0
8302,122.2150781,207.4813811,0
8303,122.2150781,207.4813811,0
8304,122.2150781,207.4813811,0
8305,122.2150781,207.4813811,0
8306,122.2150781,207.4813811,0
8307,125.0572893,207.4813811,0
8308,125.0572893,207.4813811,0
8309,125.0572893,207.4813811,0
8310,127.8995003,207.4813811,0
8311,127.8995003,207.4813811,0
8312,127.8995003,207.4813811,0
8313,127.8995003,207.4813811,0
8314,127.8995003,207.4813811,0
8315,127.8995003,207.4813811,0
8316,127.8995003,207.4813811,0
8317,127.8995003,207.4813811,0
8318,127.8995003,207.4813811,0
8319,127.8995003,207.4813811,0
8320,127.8995003,207.4813811,0
8321,127.8995003,207.4813811,0
8322,127.8995003,207.4813811,0
8323,127.8995003,207.4813811,0
8324,127.8995003,207.4813811,0
8325,127.8995003,207.4813811,0
8326,127.8995003,207.4813811,0
8327,127.8995003,207.4813811,0
8328,127.8995003,207.4813811,0
8329,127.8995003,210.3235918,0
8330,127.8995003,210.3235918,0
8331,127.8995003,210.3235918,0
8332,127.8995003,210.3235918,0
8333,127.8995003,210.3235918,0
8334,127.8995003,210.3235918,0
8335,127.8995003,210.3235918,0
8336,127.8995003,210.3235918,0
8337,127.8995003,210.3235918,0
8338,127.8995003,210.3235918,0
8339,127.8995003,210.3235918,0
8340,127.8995003,210.3235918,0
8341,127.8995003,210.3235918,0
8342,127.8995003,210.3235918,0
8343,127.8995003,210.3235918,0
8344,127.8995003,210.3235918,0
8345,127.8995003,210.3235918,0
8346,127.8995003,210.3235918,0
8347,127.8995003,210.3235918,0
8348,127.8995003,210.3235918,0
8349,127.8995003,210.3235918,0
8350,127.8995003,210.3235918,0
8351,127.8995003,210.3235918,0
8352,127.8995003,210.3235918,0
8353,127.8995003,210.3235918,0
8354,127.8995003,210.3235918,0
8355,127.8995003,210.3235918,0
8356,127.8995003,210.3235918,0
8357,127.8995003,210.3235918,0
8358,127.8995003,210.3235918,0
8359,127.8995003,210.3235918,0
8360,125.0572892,210.3235918,0
8361,125.0572892,210.3235918,0
8362,125.0572892,210.3235918,0
8363,125.0572892,210.3235918,0
8364,125.0572892,210.3235918,0
8365,125.0572892,210.3235918,0
8366,125.0572892,210.3235918,0
8367,125.0572892,210.3235918,0
8368,125.0572892,210.3235918,0
8369,125.0572892,210.3235918,0
8370,125.0572892,210.3235918,0
8371,125.0572892,210.3235918,0
8372,125.0572892,210.3235918,0
8373,125.0572892,210.3235918,0
8374,125.0572892,210.3235918,0
8375,125.0572892,210.3235918,0
8376,125.0572892,210.3235918,0
8377,125.0572892,210.3235918,0
8378,125.0572892,210.3235918,0
8379,125.0572892,207.4813811,0
8380,125.0572892,207.4813811,0
8381,125.0572892,207.4813811,0
8382,125.0572892,207.4813811,0
8383,125.0572892,207.4813811,0
8384,125.0572892,207.4813811,0
8385,125.0572892,207.4813811,0
8386,125.0572892,207.4813811,0
8387,125.0572892,207.4813811,0
8388,125.0572892,207.4813811,0
8389,125.0572892,207.4813811,0
8390,125.0572892,207.4813811,0
8391,125.0572892,207.4813811,0
8392,125.0572892,207.4813811,0
8393,125.0572892,207.4813811,0
8394,125.0572892,207.4813811,0
8395,125.0572892,207.4813811,0
8396,125.0572892,207.4813811,0
8397,125.0572892,207.4813811,0
8398,125.0572892,207.4813811,0
8399,125.0572892,207.4813811,0
8400,125.0572892,207.4813811,0
8401,125.0572892,207.4813811,0
8402,122.2150781,207.4813811,0
8403,122.2150781,207.4813811,0
8404,122.2150781,207.4813811,0
8405,122.2150781,207.4813811,0
8406,122.2150781,207.4813811,0
8407,122.2150781,207.4813811,0
8408,122.2150781,207.4813811,0
8409,122.2150781,207.4813811,0
8410,122.2150781,207.4813811,0
8411,122.2150781,207.4813811,0
8412,122.2150781,207.4813811,0
8413,122.2150781,207.4813811,0
8414,122.2150781,207.4813811,0
8415,122.2150781,207.4813811,0
8416,122.2150781,207.4813811,0
8417,122.2150781,207.4813811,0
8418,122.2150781,207.4813811,0
8419,122.2150781,207.4813811,0
8420,122.2150781,207.4813811,0
8421,122.2150781,207.4813811,0
8422,122.2150781,207.4813811,0
8423,122.2150781,207.4813811,0
8424,122.2150781,207.4813811,0
8425,122.2150781,207.4813811,0
8426,122.2150781,207.4813811,0
8427,122.2150781,207.4813811,0
8428,122.2150781,207.4813811,0
8429,122.2150781,207.4813811,0
8430,122.2150781,207.4813811,0
8431,122.2150781,207.4813811,0
8432,122.2150781,207.4813811,0
8433,122.2150781,207.4813811,0
8434,122.2150781,207.4813811,0
8435,122.2150781,207.4813811,0
8436,122.2150781,207.4813811,0
8437,122.2150781,207.4813811,0
8438,122.2150781,207.4813811,0
8439,122.2150781,207.4813811,0
8440,122.2150781,207.4813811,0
8441,122.2150781,207.4813811,0
8442,122.2150781,207.4813811,0
8443,122.2150781,207.4813811,0
8444,122.2150781,207.4813811,0
8445,122.2150781,207.4813811,0
8446,122.2150781,207.4813811,0
8447,122.2150781,207.4813811,0
8448,122.2150781,207.4813811,0
8449,122.2150781,207.4813811,0
8450,122.2150781,207.4813811,0
8451,122.2150781,207.4813811,0
8452,122.2150781,207.4813811,0
8453,122.2150781,207.4813811,0
8454,122.2150781,207.4813811,0
8455,122.2150781,207.4813811,0
8456,122.2150781,207.4813811,0
8457,122.2150781,207.4813811,0
8458,122.2150781,207.4813811,0
8459,122.2150781,207.4813811,0
8460,122.2150781,207.4813811,0
8461,122.2150781,207.4813811,0
8462,122.2150781,207.4813811,0
8463,122.2150781,207.4813811,0
8464,122.2150781,207.4813811,0
8465,122.2150781,207.4813811,0
8466,122.2150781,207.4813811,0
8467,122.2150781,207.4813811,0
8468,122.2150781,207.4813811,0
8469,122.2150781,207.4813811,0
8470,122.2150781,207.4813811,0
8471,122.2150781,207.4813811,0
8472,122.2150781,207.4813811,0
8473,122.2150781,207.4813811,0
8474,122.2150781,207.4813811,0
8475,122.2150781,207.4813811,0
8476,122.2150781,207.4813811,0
8477,122.2150781,207.4813811,0
8478,122.2150781,207.4813811,0
8479,125.0572893,207.4813811,0
8480,125.0572893,207.4813811,0
8481,125.0572893,207.4813811,0
8482,125.0572893,207.4813811,0
8483,125.0572893,207.4813811,0
8484,125.0572893,207.4813811,0
8485,125.0572893,207.4813811,0
8486,125.0572893,207.4813811,0
8487,125.0572893,207.4813811,0
8488,125.0572893,207.4813811,0
8489,125.0572893,207.4813811,0
8490,125.0572893,207.4813811,0
8491,125.0572893,207.4813811,0
8492,125.0572893,207.4813811,0
8493,125.0572893,207.4813811,0
8494,125.0572893,207.4813811,0
8495,125.0572893,207.4813811,0
8496,125.0572893,207.4813811,0
8497,125.0572893,207.4813811,0
8498,125.0572893,207.4813811,0
8499,125.0572893,207.4813811,0
8500,125.0572893,207.4813811,0
8501,125.0572893,207.4813811,0
8502,125.0572893,207.4813811,0
8503,125.0572893,207.4813811,0
8504,125.0572893,207.4813811,0
8505,125.0572893,207.4813811,0
8506,125.0572893,207.4813811,0
8507,125.0572893,207.4813811,0
8508,125.0572893,207.4813811,0
8509,125.0572893,207.4813811,0
8510,125.0572893,207.4813811,0
8511,125.0572893,207.4813811,0
8512,125.0572893,207.4813811,0
8513,125.0572893,207.4813811,0
8514,125.0572893,210.3235918,0
8515,125.0572893,210.3235918,0
8516,125.0572893,210.3235918,0
8517,125.0572893,210.3235918,0
8518,125.0572893,210.3235918,0
8519,125.0572893,210.3235918,0
8520,125.0572893,210.3235918,0
8521,125.0572893,210.3235918,0
8522,125.0572893,210.3235918,0
8523,125.0572893,210.3235918,0
8524,125.0572893,210.3235918,0
8525,125.0572893,210.3235918,0
8526,125.0572893,210.3235918,0
8527,125.0572893,210.3235918,0
8528,125.0572893,210.3235918,0
8529,122.2150781,210.3235918,0
8530,122.2150781,210.3235918,0
8531,122.2150781,210.3235918,0
8532,122.2150781,210.3235918,0
8533,122.2150781,210.3235918,0
8534,122.2150781,210.3235918,0
8535,122.2150781,210.3235918,0
8536,122.2150781,210.3235918,0
8537,122.2150781,210.3235918,0
8538,122.2150781,210.3235918,0
8539,122.2150781,210.3235918,0
8540,122.2150781,210.3235918,0
8541,122.2150781,210.3235918,0
8542,122.2150781,210.3235918,0
8543,122.2150781,210.3235918,0
8544,122.2150781,210.3235918,0
8545,122.2150781,210.3235918,0
8546,122.2150781,210.3235918,0
8547,122.2150781,210.3235918,0
8548,122.2150781,210.3235918,0
8549,122.2150781,210.3235918,0
8550,122.2150781,210.3235918,0
8551,122.2150781,210.3235918,0
8552,122.2150781,210.3235918,0
8553,122.2150781,210.3235918,0
8554,122.2150781,210.3235918,0
8555,122.2150781,210.3235918,0
8556,122.2150781,210.3235918,0
8557,122.2150781,210.3235918,0
8558,122.2150781,210.3235918,0
8559,122.2150781,210.3235918,0
8560,122.2150781,210.3235918,0
8561,122.2150781,210.3235918,0
8562,122.2150781,210.3235918,0
8563,122.2150781,210.3235918,0
8564,122.2150781,210.3235918,0
8565,122.2150781,210.3235918,0
8566,122.2150781,210.3235918,0
8567,122.2150781,210.3235918,0
8568,122.2150781,207.4813811,0
8569,122.2150781,207.4813811,0
8570,122.2150781,207.4813811,0
8571,122.2150781,207.4813811,0
8572,122.2150781,207.4813811,0
8573,122.2150781,207.4813811,0
8574,122.2150781,207.4813811,0
8575,122.2150781,207.4813811,0
8576,122.2150781,207.4813811,0
8577,122.2150781,207.4813811,0
8578,122.2150781,207.4813811,0
8579,122.2150781,207.4813811,0
8580,122.2150781,207.4813811,0
8581,122.2150781,207.4813811,0
8582,122.2150781,207.4813811,0
8583,122.2150781,207.4813811,0
8584,122.2150781,207.4813811,0
8585,122.2150781,207.4813811,0
8586,122.2150781,207.4813811,0
8587,122.2150781,207.4813811,0
8588,122.2150781,210.3235918,0
8589,122.2150781,210.3235918,0
8590,122.2150781,210.3235918,0
8591,122.2150781,210.3235918,0
8592,122.215078,210.3235918,0
8593,122.215078,210.3235918,0
8594,122.215078,210.3235918,0
8595,122.215078,210.3235918,0
8596,122.215078,210.3235918,0
8597,122.215078,210.3235918,0
8598,122.215078,210.3235918,0
8599,122.215078,210.3235918,0
8600,122.215078,210.3235918,0
8601,122.215078,210.3235918,0
8602,122.215078,210.3235918,0
8603,122.2150781,210.3235918,0
8604,122.2150781,210.3235918,0
8605,122.2150781,210.3235918,0
8606,122.2150781,210.3235918,0
8607,122.2150781,210.3235918,0
8608,122.2150781,210.3235918,0
8609,122.2150781,210.3235918,0
8610,122.2150781,210.3235918,0
8611,122.2150781,210.3235918,0
8612,122.2150781,210.3235918,0
8613,122.2150781,210.3235918,0
8614,122.2150781,210.3235918,0
8615,122.2150781,210.3235918,0
8616,122.2150781,210.3235918,0
8617,122.2150781,210.3235918,0
8618,122.2150781,210.3235918,0
8619,122.2150781,210.3235918,0
8620,122.2150781,210.3235918,0
8621,122.2150781,210.3235918,0
8622,122.2150781,210.3235918,0
8623,122.2150781,210.3235918,0
8624,122.2150781,210.3235918,0
8625,122.2150781,210.3235918,0
8626,122.2150781,210.3235918,0
8627,122.2150781,210.3235918,0
8628,122.2150781,210.3235918,0
8629,122.2150781,210.3235918,0
8630,122.2150781,210.3235918,0
8631,122.2150781,210.3235918,0
8632,122.2150781,210.3235918,0
8633,122.2150781,210.3235918,0
8634,122.2150781,210.3235918,0
8635,122.2150781,210.3235918,0
8636,122.2150781,210.3235918,0
8637,122.2150781,210.3235918,0
8638,122.2150781,207.4813811,0
8639,122.2150781,207.4813811,0
8640,122.2150781,207.4813811,0
8641,122.2150781,207.4813811,0
8642,122.2150781,207.4813811,0
8643,122.2150781,207.4813811,0
8644,122.2150781,207.4813811,0
8645,122.2150781,207.4813811,0
8646,122.2150781,207.4813811,0
8647,122.2150781,207.4813811,0
8648,122.2150781,207.4813811,0
8649,122.2150781,207.4813811,0
8650,122.2150781,207.4813811,0
8651,122.2150781,207.4813811,0
8652,122.2150781,207.4813811,0
8653,122.2150779,207.4813811,0
8654,122.2150779,207.4813811,0
8655,122.2150779,207.4813811,0
8656,122.2150779,207.4813811,0
8657,122.2150779,210.3235918,0
8658,122.2150779,210.3235918,0
8659,122.2150779,210.3235918,0
8660,122.2150779,210.3235918,0
8661,122.2150779,210.3235918,0
8662,122.2150779,210.3235918,0
8663,122.2150779,210.3235918,0
8664,122.2150779,210.3235918,0
8665,122.2150779,210.3235918,0
8666,122.2150781,210.3235918,0
8667,122.2150781,210.3235918,0
8668,122.2150781,210.3235918,0
8669,122.2150781,210.3235918,0
8670,122.2150781,210.3235918,0
8671,122.2150781,210.3235918,0
8672,122.2150781,210.3235918,0
8673,122.2150781,210.3235918,0
8674,122.2150781,210.3235918,0
8675,122.2150781,210.3235918,0
8676,122.2150781,210.3235918,0
8677,122.2150781,210.3235918,0
8678,122.2150781,210.3235918,0
8679,122.2150781,210.3235918,0
8680,122.2150781,210.3235918,0
8681,122.2150781,210.3235918,0
8682,122.2150781,210.3235918,0
8683,122.2150781,210.3235918,0
8684,122.2150781,210.3235918,0
8685,122.2150781,210.3235918,0
8686,122.2150781,210.3235918,0
8687,122.2150781,210.3235918,0
8688,122.2150781,210.3235918,0
8689,122.2150781,210.3235918,0
8690,122.2150781,210.3235918,0
8691,122.2150781,210.3235918,0
8692,122.2150781,210.3235918,0
8693,122.2150781,210.3235918,0
8694,122.2150781,210.3235918,0
8695,122.2150781,210.3235918,0
8696,122.2150781,210.3235918,0
8697,122.2150781,210.3235918,0
8698,122.2150781,210.3235918,0
8699,122.2150781,210.3235918,0
8700,122.2150781,210.3235918,0
8701,122.2150781,210.3235918,0
8702,122.2150781,210.3235918,0
8703,122.2150781,210.3235918,0
8704,122.2150781,210.3235918,0
8705,122.2150781,210.3235918,0
8706,122.2150781,210.3235918,0
8707,122.2150781,207.4813811,0
8708,122.2150781,207.4813811,0
8709,122.2150781,207.4813811,0
8710,122.2150781,207.4813811,0
8711,122.2150781,207.4813811,0
8712,122.2150781,207.4813811,0
8713,122.2150781,207.4813811,0
8714,122.2150781,207.4813811,0
8715,122.2150781,207.4813811,0
8716,122.2150781,207.4813811,0
8717,122.2150781,207.4813811,0
8718,122.2150781,207.4813811,0
8719,122.2150781,207.4813811,0
8720,122.2150781,207.4813811,0
8721,122.2150781,207.4813811,0
8722,122.2150781,207.4813811,0
8723,122.2150781,207.4813811,0
8724,122.2150781,207.4813811,0
8725,122.2150781,207.4813811,0
8726,122.2150781,207.4813811,0
8727,122.2150781,207.4813811,0
8728,122.2150781,207.4813811,0
8729,122.2150781,207.4813811,0
8730,122.2150781,207.4813811,0
8731,122.2150781,207.4813811,0
8732,122.2150781,207.4813811,0
8733,122.2150781,207.4813811,0
8734,122.2150781,207.4813811,0
8735,122.2150781,207.4813811,0
8736,122.2150781,207.4813811,0
8737,122.2150781,207.4813811,0
8738,122.2150781,207.4813811,0
8739,122.2150781,207.4813811,0
8740,122.2150781,207.4813811,0
8741,122.2150781,207.4813811,0
8742,122.2150781,207.4813811,0
8743,122.2150781,207.4813811,0
8744,122.2150781,207.4813811,0
8745,122.2150781,207.4813811,0
8746,122.2150781,207.4813811,0
8747,122.215078,207.4813811,0
8748,122.215078,207.4813811,0
8749,122.215078,207.4813811,0
8750,122.215078,207.4813811,0
8751,122.215078,207.4813811,0
8752,122.215078,207.4813811,0
8753,122.215078,207.4813811,0
8754,122.215078,207.4813811,0
8755,122.215078,207.4813811,0
8756,122.215078,207.4813811,0
8757,122.215078,207.4813811,0
8758,122.215078,207.4813811,0
8759,122.215078,207.4813811,0
8760,122.215078,207.4813811,0
8761,122.215078,207.4813811,0
8762,122.215078,207.4813811,0
8763,122.215078,207.4813811,0
8764,122.215078,207.4813811,0
8765,122.215078,207.4813811,0
8766,122.215078,207.4813811,0
8767,122.215078,207.4813811,0
8768,122.215078,207.4813811,0
8769,122.215078,207.4813811,0
8770,122.215078,207.4813811,0
8771,122.215078,207.4813811,0
8772,122.215078,207.4813811,0
8773,122.215078,207.4813811,0
8774,122.215078,207.4813811,0
8775,122.215078,207.4813811,0
8776,122.215078,207.4813811,0
8777,122.215078,207.4813811,0
8778,122.215078,207.4813811,0
8779,122.215078,207.4813811,0
8780,122.215078,207.4813811,0
8781,122.215078,207.4813811,0
8782,122.215078,207.4813811,0
8783,122.2150781,207.4813811,0
8784,122.2150781,207.4813811,0
8785,122.2150781,207.4813811,0
8786,122.2150781,207.4813811,0
8787,122.2150781,207.4813811,0
8788,122.2150781,207.4813811,0
8789,122.2150781,207.4813811,0
8790,122.2150781,207.4813811,0
8791,122.2150781,207.4813811,0
8792,122.2150781,207.4813811,0
8793,122.2150781,207.4813811,0
8794,122.2150781,207.4813811,0
8795,122.2150781,207.4813811,0
8796,122.2150781,204.6391704,0
8797,122.2150781,207.4813811,0
8798,122.2150781,207.4813811,0
8799,122.2150781,207.4813811,0
8800,122.2150781,207.4813811,0
8801,122.2150781,207.4813811,0
8802,122.2150781,207.4813811,0
8803,122.2150781,207.4813811,0
8804,122.2150781,207.4813811,0
8805,122.2150781,207.4813811,0
8806,122.2150781,207.4813811,0
8807,122.2150781,207.4813811,0
8808,122.2150781,207.4813811,0
8809,122.2150781,207.4813811,0
8810,122.2150781,207.4813811,0
8811,122.2150781,207.4813811,0
8812,122.2150781,207.4813811,0
8813,122.2150781,207.4813811,0
8814,122.2150781,207.4813811,0
8815,122.2150781,207.4813811,0
8816,122.2150781,207.4813811,0
8817,122.2150781,207.4813811,0
8818,122.2150781,207.4813811,0
8819,122.2150781,207.4813811,0
8820,122.2150781,207.4813811,0
8821,122.2150781,207.4813811,0
8822,122.2150781,207.4813811,0
8823,122.2150781,207.4813811,0
8824,122.2150781,207.4813811,0
8825,122.2150781,207.4813811,0
8826,122.2150781,207.4813811,0
8827,122.2150781,207.4813811,0
8828,122.2150781,207.4813811,0
8829,122.2150781,207.4813811,0
8830,122.2150781,207.4813811,0
8831,122.2150781,207.4813811,0
8832,122.2150781,207.4813811,0
8833,119.3728669,207.4813811,0
8834,119.3728669,207.4813811,0
8835,119.3728669,207.4813811,0
8836,119.3728669,207.4813811,0
8837,119.3728669,207.4813811,0
8838,119.3728669,207.4813811,0
8839,119.3728669,207.4813811,0
8840,119.3728669,207.4813811,0
8841,119.3728669,207.4813811,0
8842,119.3728669,207.4813811,0
8843,119.3728669,207.4813811,0
8844,119.3728669,210.3235918,0
8845,119.3728669,210.3235918,0
8846,119.3728669,210.3235918,0
8847,119.3728669,210.3235918,0
8848,119.3728669,210.3235918,0
8849,119.3728669,210.3235918,0
8850,119.3728669,210.3235918,0
8851,119.3728669,210.3235918,0
8852,119.3728669,210.3235918,0
8853,119.3728669,210.3235918,0
8854,119.3728669,210.3235918,0
8855,119.3728669,210.3235918,0
8856,119.3728669,210.3235918,0
8857,119.3728669,210.3235918,0
8858,119.3728669,210.3235918,0
8859,119.3728669,210.3235918,0
8860,119.3728669,210.3235918,0
8861,119.3728669,210.3235918,0
8862,119.3728669,210.3235918,0
8863,119.3728669,210.3235918,0
8864,119.3728669,210.3235918,0
8865,119.372867,210.3235918,0
8866,119.372867,210.3235918,0
8867,119.372867,210.3235918,0
8868,119.372867,210.3235918,0
8869,119.372867,210.3235918,0
8870,119.372867,210.3235918,0
8871,119.372867,210.3235918,0
8872,119.372867,210.3235918,0
8873,119.372867,210.3235918,0
8874,119.372867,210.3235918,0
8875,119.372867,210.3235918,0
8876,119.372867,210.3235918,0
8877,119.372867,210.3235918,0
8878,119.372867,210.3235918,0
8879,119.372867,210.3235918,0
8880,119.372867,210.3235918,0
8881,119.372867,210.3235918,0
8882,119.372867,210.3235918,0
8883,119.372867,210.3235918,0
8884,119.372867,210.3235918,0
8885,119.372867,210.3235918,0
8886,119.372867,210.3235918,0
8887,119.372867,210.3235918,0
8888,119.372867,210.3235918,0
8889,119.372867,210.3235918,0
8890,119.372867,210.3235918,0
8891,119.372867,210.3235918,0
8892,119.372867,210.3235918,0
8893,119.372867,210.3235918,0
8894,119.372867,207.4813811,0
8895,119.372867,207.4813811,0
8896,119.372867,207.4813811,0
8897,119.372867,207.4813811,0
8898,119.372867,207.4813811,0
8899,119.372867,207.4813811,0
8900,119.372867,207.4813811,0
8901,119.372867,207.4813811,0
8902,119.372867,207.4813811,0
8903,119.372867,207.4813811,0
8904,119.372867,207.4813811,0
8905,119.372867,207.4813811,0
8906,119.372867,207.4813811,0
8907,119.372867,207.4813811,0
8908,119.372867,207.4813811,0
8909,119.372867,207.4813811,0
8910,119.372867,207.4813811,0
8911,119.372867,207.4813811,0
8912,119.372867,207.4813811,0
8913,119.372867,207.4813811,0
8914,119.372867,207.4813811,0
8915,119.3728669,207.4813811,0
8916,119.3728669,207.4813811,0
8917,119.3728669,207.4813811,0
8918,119.3728669,207.4813811,0
8919,119.3728669,207.4813811,0
8920,119.3728669,207.4813811,0
8921,119.3728669,207.4813811,0
8922,119.3728669,207.4813811,0
8923,119.3728669,207.4813811,0
8924,119.3728669,207.4813811,0
8925,116.5306559,207.4813811,0
8926,116.5306559,207.4813811,0
8927,116.5306559,207.4813811,0
8928,116.5306559,207.4813811,0
8929,116.5306559,207.4813811,0
8930,116.5306559,207.4813811,0
8931,116.5306559,204.6391704,0
8932,116.5306559,204.6391704,0
8933,116.5306559,204.6391704,0
8934,116.5306559,204.6391704,0
8935,116.5306559,204.6391704,0
8936,116.5306559,204.6391704,0
8937,116.5306559,204.6391704,0
8938,116.5306559,204.6391704,0
8939,116.5306559,204.6391704,0
8940,116.5306559,204.6391704,0
8941,116.5306559,204.6391704,0
8942,116.5306559,204.6391704,0
8943,116.5306559,207.4813811,0
8944,116.5306559,207.4813811,0
8945,116.5306559,207.4813811,0
8946,116.5306559,207.4813811,0
8947,116.5306559,207.4813811,0
8948,116.5306559,207.4813811,0
8949,116.5306559,207.4813811,0
8950,116.5306559,207.4813811,0
8951,116.5306559,207.4813811,0
8952,116.5306559,207.4813811,0
8953,116.5306559,207.4813811,0
8954,116.5306559,207.4813811,0
8955,116.5306559,207.4813811,0
8956,116.5306559,207.4813811,0
8957,116.5306559,207.4813811,0
8958,116.5306559,207.4813811,0
8959,116.5306559,207.4813811,0
8960,116.5306559,207.4813811,0
8961,116.5306559,207.4813811,0
8962,116.5306559,207.4813811,0
8963,116.5306559,207.4813811,0
8964,116.5306559,207.4813811,0
8965,116.5306559,207.4813811,0
8966,116.5306559,207.4813811,0
8967,116.5306559,207.4813811,0
8968,116.5306559,207.4813811,0
8969,116.5306559,207.4813811,0
8970,116.5306559,207.4813811,0
8971,116.5306559,207.4813811,0
8972,116.5306559,207.4813811,0
8973,116.5306559,207.4813811,0
8974,116.5306559,207.4813811,0
8975,116.5306559,207.4813811,0
8976,116.5306559,207.4813811,0
8977,116.5306559,207.4813811,0
8978,116.5306559,207.4813811,0
8979,116.5306559,207.4813811,0
8980,116.5306559,207.4813811,0
8981,116.5306559,207.4813811,0
8982,116.5306559,207.4813811,0
8983,116.5306559,207.4813811,0
8984,116.5306559,207.4813811,0
8985,116.5306559,207.4813811,0
8986,116.5306559,207.4813811,0
8987,119.3728669,207.4813811,0
8988,119.3728669,207.4813811,0
8989,119.3728669,207.4813811,0
8990,119.3728669,207.4813811,0
8991,119.3728669,207.4813811,0
8992,119.3728669,207.4813811,0
8993,119.3728669,207.4813811,0
8994,119.3728669,207.4813811,0
8995,119.3728669,207.4813811,0
8996,119.3728669,207.4813811,0
8997,119.3728669,207.4813811,0
8998,119.3728669,207.4813811,0
8999,119.3728669,207.4813811,0
9000,119.3728669,207.4813811,0
9001,119.3728669,207.4813811,0
9002,119.3728669,207.4813811,0
9003,119.3728669,207.4813811,0
9004,119.3728669,207.4813811,0
9005,119.3728669,207.4813811,0
9006,119.3728669,207.4813811,0
9007,119.3728669,207.4813811,0
9008,119.3728669,207.4813811,0
9009,119.3728669,207.4813811,0
9010,119.3728669,207.4813811,0
9011,119.372867,207.4813811,0
9012,119.372867,207.4813811,0
9013,119.372867,207.4813811,0
9014,119.372867,207.4813811,0
9015,119.372867,207.4813811,0
9016,119.372867,207.4813811,0
9017,119.372867,207.4813811,0
9018,119.372867,207.4813811,0
9019,119.372867,207.4813811,0
9020,119.372867,207.4813811,0
9021,119.372867,207.4813811,0
9022,119.372867,207.4813811,0
9023,119.372867,207.4813811,0
9024,119.372867,207.4813811,0
9025,119.372867,207.4813811,0
9026,119.372867,207.4813811,0
9027,119.372867,207.4813811,0
9028,119.372867,207.4813811,0
9029,119.372867,207.4813811,0
9030,119.372867,207.4813811,0
9031,119.372867,207.4813811,0
9032,119.372867,207.4813811,0
9033,119.372867,207.4813811,0
9034,119.372867,207.4813811,0
9035,119.372867,207.4813811,0
9036,119.372867,207.4813811,0
9037,119.372867,207.4813811,0
9038,119.372867,207.4813811,0
9039,119.372867,207.4813811,0
9040,119.372867,207.4813811,0
9041,119.372867,207.4813811,0
9042,119.372867,207.4813811,0
9043,119.372867,207.4813811,0
9044,119.372867,207.4813811,0
9045,119.372867,207.4813811,0
9046,119.372867,207.4813811,0
9047,119.372867,207.4813811,0
9048,119.372867,207.4813811,0
9049,119.372867,207.4813811,0
9050,119.372867,207.4813811,0
9051,119.372867,207.4813811,0
9052,119.372867,207.4813811,0
9053,119.372867,207.4813811,0
9054,119.372867,207.4813811,0
9055,119.372867,207.4813811,0
9056,119.372867,207.4813811,0
9057,119.372867,207.4813811,0
9058,119.372867,207.4813811,0
9059,119.372867,207.4813811,0
9060,119.372867,207.4813811,0
9061,119.372867,207.4813811,0
9062,119.372867,207.4813811,0
9063,119.372867,207.4813811,0
9064,119.372867,207.4813811,0
9065,119.372867,207.4813811,0
9066,119.372867,207.4813811,0
9067,119.372867,207.4813811,0
9068,119.372867,207.4813811,0
9069,119.372867,207.4813811,0
9070,119.372867,207.4813811,0
9071,119.372867,207.4813811,0
9072,119.372867,207.4813811,0
9073,119.372867,204.6391704,0
9074,119.372867,204.6391704,0
9075,119.372867,204.6391704,0
9076,119.372867,204.6391704,0
9077,119.372867,204.6391704,0
9078,119.372867,204.6391704,0
9079,119.3728669,204.6391704,0
9080,119.3728669,204.6391704,0
9081,119.3728669,204.6391704,0
9082,119.3728669,204.6391704,0
9083,119.3728669,204.6391704,0
9084,119.3728669,204.6391704,0
9085,119.3728669,204.6391704,0
9086,119.3728669,204.6391704,0
9087,119.3728669,204.6391704,0
9088,116.5306559,204.6391704,0
9089,116.5306559,204.6391704,0
9090,116.5306559,204.6391704,0
9091,116.5306559,204.6391704,0
9092,116.5306559,204.6391704,0
9093,116.5306559,204.6391704,0
9094,116.5306559,204.6391704,0
9095,116.5306559,204.6391704,0
9096,116.5306559,207.4813811,0
9097,116.5306559,207.4813811,0
9098,116.5306559,207.4813811,0
9099,116.5306559,207.4813811,0
9100,116.5306559,207.4813811,0
9101,116.5306559,207.4813811,0
9102,116.5306559,207.4813811,0
9103,116.5306559,207.4813811,0
9104,116.5306557,207.4813811,0
9105,116.5306557,207.4813811,0
9106,116.5306557,207.4813811,0
9107,116.5306557,207.4813811,0
9108,116.5306557,207.4813811,0
9109,116.5306557,207.4813811,0
9110,116.5306557,207.4813811,0
9111,116.5306557,207.4813811,0
9112,116.5306557,207.4813811,0
9113,116.5306557,207.4813811,0
9114,116.5306557,207.4813811,0
9115,116.5306557,207.4813811,0
9116,116.5306557,207.4813811,0
9117,116.5306557,207.4813811,0
9118,116.5306557,207.4813811,0
9119,116.5306557,207.4813811,0
9120,116.5306557,207.4813811,0
9121,116.5306557,207.4813811,0
9122,116.5306557,207.4813811,0
9123,116.5306557,207.4813811,0
9124,116.5306557,207.4813811,0
9125,116.5306557,207.4813811,0
9126,116.5306557,207.4813811,0
9127,116.5306557,207.4813811,0
9128,116.5306557,207.4813811,0
9129,116.5306557,207.4813811,0
9130,116.5306557,207.4813811,0
9131,116.5306557,207.4813811,0
9132,116.5306557,207.4813811,0
9133,110.8462335,207.4813811,0
9134,110.8462335,207.4813811,0
9135,110.8462335,207.4813811,0
9136,110.8462335,207.4813811,0
9137,110.8462335,207.4813811,0
9138,110.8462335,207.4813811,0
9139,108.0040225,207.4813811,0
9140,108.0040225,207.4813811,0
9141,108.0040225,207.4813811,0
9142,108.0040225,207.4813811,0
9143,108.0040225,207.4813811,0
9144,108.0040225,207.4813811,0
9145,108.0040225,207.4813811,0
9146,110.8462336,207.4813811,0
9147,110.8462336,207.4813811,0
9148,110.8462336,207.4813811,0
9149,110.8462336,207.4813811,0
9150,110.8462336,207.4813811,0
9151,110.8462336,207.4813811,0
9152,110.8462336,207.4813811,0
9153,110.8462336,207.4813811,0
9154,110.8462336,207.4813811,0
9155,110.8462336,207.4813811,0
9156,110.8462336,207.4813811,0
9157,110.8462336,207.4813811,0
9158,110.8462336,207.4813811,0
9159,110.8462336,207.4813811,0
9160,110.8462336,207.4813811,0
9161,110.8462336,207.4813811,0
9162,113.6884446,207.4813811,0
9163,113.6884446,207.4813811,0
9164,113.6884446,207.4813811,0
9165,113.6884446,207.4813811,0
9166,113.6884446,207.4813811,0
9167,113.6884446,207.4813811,0
9168,113.6884446,207.4813811,0
9169,113.6884446,207.4813811,0
9170,113.6884446,207.4813811,0
9171,113.6884446,207.4813811,0
9172,113.6884446,207.4813811,0
9173,113.6884446,207.4813811,0
9174,113.6884446,207.4813811,0
9175,113.6884446,207.4813811,0
9176,113.6884446,207.4813811,0
9177,113.6884446,207.4813811,0
9178,113.6884446,207.4813811,0
9179,113.6884446,207.4813811,0
9180,113.6884446,207.4813811,0
9181,113.6884446,207.4813811,0
9182,113.6884446,207.4813811,0
9183,113.6884446,207.4813811,0
9184,113.6884446,207.4813811,0
9185,113.6884446,207.4813811,0
9186,113.6884446,207.4813811,0
9187,113.6884446,207.4813811,0
9188,113.6884446,207.4813811,0
9189,113.6884446,207.4813811,0
9190,113.6884446,207.4813811,0
9191,113.6884446,207.4813811,0
9192,113.6884446,207.4813811,0
9193,113.6884446,207.4813811,0
9194,113.6884446,207.4813811,0
9195,113.6884446,207.4813811,0
9196,113.6884446,207.4813811,0
9197,113.6884446,207.4813811,0
9198,113.6884446,207.4813811,0
9199,113.6884446,207.4813811,0
9200,113.6884446,207.4813811,0
9201,113.6884446,207.4813811,0
9202,113.6884446,207.4813811,0
9203,113.6884446,207.4813811,0
9204,113.6884446,207.4813811,0
9205,113.6884446,204.6391704,0
9206,113.6884446,204.6391704,0
9207,113.6884446,204.6391704,0
9208,113.6884446,204.6391704,0
9209,113.6884446,204.6391704,0
9210,113.6884446,204.6391704,0
9211,113.6884446,204.6391704,0
9212,110.8462336,204.6391704,0
9213,110.8462336,204.6391704,0
9214,110.8462336,204.6391704,0
9215,110.8462336,204.6391704,0
9216,110.8462336,204.6391704,0
9217,110.8462336,204.6391704,0
9218,110.8462336,204.6391704,0
9219,110.8462336,204.6391704,0
9220,110.8462336,204.6391704,0
9221,110.8462336,204.6391704,0
9222,110.8462336,204.6391704,0
9223,110.8462336,204.6391704,0
9224,110.8462336,204.6391704,0
9225,110.8462336,204.6391704,0
9226,110.8462336,204.6391704,0
9227,110.8462336,204.6391704,0
9228,110.8462336,204.6391704,0
9229,110.8462336,204.6391704,0
9230,110.8462336,204.6391704,0
9231,110.8462336,204.6391704,0
9232,110.8462336,204.6391704,0
9233,110.8462336,204.6391704,0
9234,110.8462336,204.6391704,0
9235,110.8462336,204.6391704,0
9236,110.8462336,204.6391704,0
9237,110.8462336,204.6391704,0
9238,110.8462336,204.6391704,0
9239,110.8462336,204.6391704,0
9240,110.8462336,204.6391704,0
9241,110.8462336,204.6391704,0
9242,110.8462336,204.6391704,0
9243,110.8462336,204.6391704,0
9244,110.8462336,204.6391704,0
9245,110.8462336,204.6391704,0
9246,110.8462336,204.6391704,0
9247,110.8462336,204.6391704,0
9248,110.8462336,204.6391704,0
9249,110.8462336,204.6391704,0
9250,110.8462336,204.6391704,0
9251,110.8462336,204.6391704,0
9252,110.8462336,204.6391704,0
9253,110.8462336,204.6391704,0
9254,110.8462336,204.6391704,0
9255,110.8462336,204.6391704,0
9256,110.8462336,204.6391704,0
9257,110.8462336,204.6391704,0
9258,110.8462336,204.6391704,0
9259,110.8462336,204.6391704,0
9260,110.8462336,204.6391704,0
9261,110.8462336,204.6391704,0
9262,110.8462336,204.6391704,0
9263,110.8462336,204.6391704,0
9264,110.8462336,204.6391704,0
9265,110.8462336,204.6391704,0
9266,110.8462336,207.4813811,0
9267,110.8462336,207.4813811,0
9268,110.8462336,207.4813811,0
9269,110.8462336,207.4813811,0
9270,110.8462336,207.4813811,0
9271,110.8462336,207.4813811,0
9272,110.8462336,207.4813811,0
9273,110.8462336,207.4813811,0
9274,110.8462336,207.4813811,0
9275,110.8462336,207.4813811,0
9276,110.8462336,207.4813811,0
9277,110.8462336,207.4813811,0
9278,110.8462336,207.4813811,0
9279,110.8462336,207.4813811,0
9280,110.8462336,207.4813811,0
9281,110.8462336,207.4813811,0
9282,110.8462336,207.4813811,0
9283,110.8462336,207.4813811,0
9284,110.8462336,207.4813811,0
9285,110.8462336,207.4813811,0
9286,110.8462336,207.4813811,0
9287,110.8462336,207.4813811,0
9288,110.8462336,207.4813811,0
9289,110.8462336,207.4813811,0
9290,110.8462336,207.4813811,0
9291,110.8462336,207.4813811,0
9292,110.8462336,207.4813811,0
9293,110.8462336,207.4813811,0
9294,110.8462336,207.4813811,0
9295,110.8462336,207.4813811,0
9296,110.8462336,207.4813811,0
9297,110.8462336,207.4813811,0
9298,110.8462336,207.4813811,0
9299,110.8462336,207.4813811,0
9300,110.8462336,207.4813811,0
9301,110.8462336,207.4813811,0
9302,110.8462336,207.4813811,0
9303,110.8462336,207.4813811,0
9304,110.8462336,207.4813811,0
9305,110.8462336,207.4813811,0
9306,110.8462336,207.4813811,0
9307,110.8462336,207.4813811,0
9308,110.8462336,207.4813811,0
9309,110.8462336,207.4813811,0
9310,108.0040224,207.4813811,0
9311,108.0040224,207.4813811,0
9312,108.0040224,207.4813811,0
9313,108.0040224,207.4813811,0
9314,105.1618115,207.4813811,0
9315,105.1618115,207.4813811,0
9316,105.1618115,207.4813811,0
9317,105.1618115,207.4813811,0
9318,105.1618115,207.4813811,0
9319,105.1618115,207.4813811,0
9320,105.1618115,207.4813811,0
9321,105.1618115,207.4813811,0
9322,105.1618115,207.4813811,0
9323,105.1618115,207.4813811,0
9324,105.1618115,207.4813811,0
9325,105.1618115,207.4813811,0
9326,105.1618115,207.4813811,0
9327,105.1618115,207.4813811,0
9328,105.1618115,207.4813811,0
9329,105.1618115,207.4813811,0
9330,105.1618115,207.4813811,0
9331,105.1618115,207.4813811,0
9332,105.1618115,207.4813811,0
9333,105.1618115,207.4813811,0
9334,105.1618115,207.4813811,0
9335,105.1618115,207.4813811,0
9336,105.1618115,207.4813811,0
9337,105.1618115,207.4813811,0
9338,108.0040225,207.4813811,0
9339,108.0040225,207.4813811,0
9340,108.0040225,207.4813811,0
9341,108.0040225,207.4813811,0
9342,108.0040225,207.4813811,0
9343,108.0040225,207.4813811,0
9344,108.0040225,207.4813811,0
9345,108.0040225,207.4813811,0
9346,108.0040225,207.4813811,0
9347,108.0040225,207.4813811,0
9348,108.0040225,207.4813811,0
9349,108.0040225,207.4813811,0
9350,108.0040225,207.4813811,0
9351,108.0040225,207.4813811,0
9352,108.0040225,207.4813811,0
9353,108.0040225,207.4813811,0
9354,108.0040225,207.4813811,0
9355,108.0040225,207.4813811,0
9356,108.0040225,207.4813811,0
9357,108.0040225,207.4813811,0
9358,108.0040225,207.4813811,0
9359,108.0040225,207.4813811,0
9360,108.0040225,207.4813811,0
9361,108.0040225,207.4813811,0
9362,110.8462336,207.4813811,0
9363,110.8462336,207.4813811,0
9364,110.8462336,207.4813811,0
9365,110.8462336,207.4813811,0
9366,110.8462336,207.4813811,0
9367,110.8462336,207.4813811,0
9368,110.8462336,207.4813811,0
9369,110.8462336,207.4813811,0
9370,110.8462336,207.4813811,0
9371,110.8462336,207.4813811,0
9372,110.8462336,207.4813811,0
9373,110.8462336,207.4813811,0
9374,110.8462336,207.4813811,0
9375,110.8462336,207.4813811,0
9376,110.8462336,207.4813811,0
9377,110.8462336,207.4813811,0
9378,110.8462336,207.4813811,0
9379,110.8462336,207.4813811,0
9380,110.8462336,204.6391704,0
9381,110.8462336,204.6391704,0
9382,110.8462336,204.6391704,0
9383,110.8462336,204.6391704,0
9384,110.8462336,204.6391704,0
9385,110.8462336,204.6391704,0
9386,110.8462336,204.6391704,0
9387,110.8462336,204.6391704,0
9388,110.8462336,204.6391704,0
9389,110.8462336,204.6391704,0
9390,110.8462336,204.6391704,0
9391,110.8462336,204.6391704,0
9392,110.8462336,204.6391704,0
9393,110.8462336,204.6391704,0
9394,110.8462336,204.6391704,0
9395,110.8462336,204.6391704,0
9396,110.8462336,204.6391704,0
9397,110.8462336,204.6391704,0
9398,110.8462336,204.6391704,0
9399,110.8462336,204.6391704,0
9400,110.8462336,204.6391704,0
9401,110.8462336,204.6391704,0
9402,110.8462336,204.6391704,0
9403,110.8462336,204.6391704,0
9404,110.8462336,204.6391704,0
9405,110.8462336,204.6391704,0
9406,110.8462336,204.6391704,0
9407,110.8462336,204.6391704,0
9408,110.8462336,204.6391704,0
9409,110.8462336,204.6391704,0
9410,110.8462336,204.6391704,0
9411,110.8462336,204.6391704,0
9412,110.8462335,204.6391704,0
9413,110.8462335,204.6391704,0
9414,110.8462335,204.6391704,0
9415,110.8462335,204.6391704,0
9416,110.8462336,204.6391704,0
9417,110.8462336,204.6391704,0
9418,110.8462336,204.6391704,0
9419,110.8462336,204.6391704,0
9420,110.8462336,204.6391704,0
9421,110.8462336,204.6391704,0
9422,110.8462336,204.6391704,0
9423,110.8462336,204.6391704,0
9424,113.6884448,204.6391704,0
9425,113.6884448,204.6391704,0
9426,113.6884448,204.6391704,0
9427,113.6884448,204.6391704,0
9428,113.6884448,204.6391704,0
9429,113.6884448,204.6391704,0
9430,113.6884448,204.6391704,0
9431,113.6884448,204.6391704,0
9432,113.6884448,204.6391704,0
9433,113.6884448,204.6391704,0
9434,113.6884448,204.6391704,0
9435,113.6884448,204.6391704,0
9436,113.6884448,204.6391704,0
9437,113.6884448,204.6391704,0
9438,113.6884448,204.6391704,0
9439,113.6884448,204.6391704,0
9440,113.6884448,204.6391704,0
9441,113.6884448,204.6391704,0
9442,113.6884448,207.4813811,0
9443,113.6884448,207.4813811,0
9444,113.6884448,207.4813811,0
9445,113.6884448,207.4813811,0
9446,113.6884448,207.4813811,0
9447,113.6884448,207.4813811,0
9448,113.6884448,207.4813811,0
9449,113.6884448,207.4813811,0
9450,113.6884448,207.4813811,0
9451,113.6884448,207.4813811,0
9452,113.6884448,207.4813811,0
9453,113.6884448,207.4813811,0
9454,113.6884448,207.4813811,0
9455,113.6884448,207.4813811,0
9456,113.6884448,207.4813811,0
9457,113.6884448,207.4813811,0
9458,113.6884448,207.4813811,0
9459,113.6884448,207.4813811,0
9460,113.6884448,207.4813811,0
9461,113.6884448,207.4813811,0
9462,113.6884448,207.4813811,0
9463,113.6884448,207.4813811,0
9464,113.6884448,207.4813811,0
9465,113.6884448,207.4813811,0
9466,113.6884448,207.4813811,0
9467,113.6884448,207.4813811,0
9468,113.6884448,207.4813811,0
9469,113.6884448,207.4813811,0
9470,113.6884448,207.4813811,0
9471,113.6884448,207.4813811,0
9472,113.6884448,207.4813811,0
9473,113.6884448,207.4813811,0
9474,113.6884448,207.4813811,0
9475,113.6884448,207.4813811,0
9476,113.6884448,207.4813811,0
9477,113.6884448,207.4813811,0
9478,110.8462336,207.4813811,0
9479,110.8462336,207.4813811,0
9480,110.8462336,207.4813811,0
9481,110.8462336,207.4813811,0
9482,110.8462336,207.4813811,0
9483,110.8462336,207.4813811,0
9484,110.8462336,207.4813811,0
9485,110.8462336,207.4813811,0
9486,110.8462336,207.4813811,0
9487,110.8462336,207.4813811,0
9488,110.8462336,207.4813811,0
9489,110.8462336,207.4813811,0
9490,110.8462336,207.4813811,0
9491,110.8462336,207.4813811,0
9492,110.8462336,207.4813811,0
9493,110.8462336,207.4813811,0
9494,110.8462336,207.4813811,0
9495,110.8462336,207.4813811,0
9496,110.8462336,207.4813811,0
9497,110.8462336,207.4813811,0
9498,110.8462336,207.4813811,0
9499,110.8462336,207.4813811,0
9500,110.8462336,207.4813811,0
9501,110.8462336,207.4813811,0
9502,110.8462336,207.4813811,0
9503,110.8462336,207.4813811,0
9504,113.6884448,207.4813811,0
9505,113.6884448,207.4813811,0
9506,113.6884448,207.4813811,0
9507,113.6884448,207.4813811,0
9508,113.6884448,207.4813811,0
9509,113.6884448,207.4813811,0
9510,113.6884448,207.4813811,0
9511,113.6884448,207.4813811,0
9512,113.6884448,207.4813811,0
9513,113.6884448,207.4813811,0
9514,113.6884448,207.4813811,0
9515,113.6884448,207.4813811,0
9516,113.6884448,207.4813811,0
9517,113.6884448,207.4813811,0
9518,113.6884448,207.4813811,0
9519,113.6884448,207.4813811,0
9520,113.6884448,207.4813811,0
9521,113.6884448,207.4813811,0
9522,113.6884448,207.4813811,0
9523,113.6884448,207.4813811,0
9524,113.6884448,207.4813811,0
9525,113.6884448,207.4813811,0
9526,113.6884448,207.4813811,0
9527,113.6884448,207.4813811,0
9528,113.6884448,207.4813811,0
9529,113.6884448,207.4813811,0
9530,113.6884448,207.4813811,0
9531,113.6884448,207.4813811,0
9532,113.6884448,207.4813811,0
9533,113.6884448,207.4813811,0
9534,113.6884448,207.4813811,0
9535,113.6884448,207.4813811,0
9536,113.6884448,207.4813811,0
9537,113.6884448,207.4813811,0
9538,113.6884448,207.4813811,0
9539,113.6884448,207.4813811,0
9540,113.6884448,207.4813811,0
9541,113.6884448,207.4813811,0
9542,113.6884448,207.4813811,0
9543,113.6884448,207.4813811,0
9544,113.6884448,207.4813811,0
9545,113.6884448,207.4813811,0
9546,113.6884448,207.4813811,0
9547,113.6884448,207.4813811,0
9548,113.6884448,207.4813811,0
9549,113.6884448,207.4813811,0
9550,113.6884448,207.4813811,0
9551,113.6884448,207.4813811,0
9552,113.6884448,207.4813811,0
9553,113.6884448,207.4813811,0
9554,110.8462336,207.4813811,0
9555,110.8462336,207.4813811,0
9556,110.8462336,207.4813811,0
9557,110.8462336,207.4813811,0
9558,110.8462336,207.4813811,0
9559,110.8462336,207.4813811,0
9560,110.8462336,207.4813811,0
9561,110.8462336,207.4813811,0
9562,110.8462336,207.4813811,0
9563,110.8462336,207.4813811,0
9564,110.8462336,207.4813811,0
9565,110.8462336,207.4813811,0
9566,110.8462336,207.4813811,0
9567,110.8462336,207.4813811,0
9568,110.8462336,207.4813811,0
9569,110.8462336,207.4813811,0
9570,110.8462336,207.4813811,0
9571,110.8462336,207.4813811,0
9572,110.8462336,207.4813811,0
9573,110.8462336,207.4813811,0
9574,110.8462336,207.4813811,0
9575,110.8462336,207.4813811,0
9576,110.8462336,207.4813811,0
9577,110.8462336,207.4813811,0
9578,110.8462336,207.4813811,0
9579,110.8462336,207.4813811,0
9580,110.8462336,207.4813811,0
9581,110.8462336,207.4813811,0
9582,110.8462336,207.4813811,0
9583,110.8462336,207.4813811,0
9584,110.8462336,207.4813811,0
9585,110.8462336,207.4813811,0
9586,110.8462336,207.4813811,0
9587,110.8462336,207.4813811,0
9588,110.8462336,207.4813811,0
9589,110.8462336,207.4813811,0
9590,110.8462336,207.4813811,0
9591,110.8462336,207.4813811,0
9592,110.8462336,207.4813811,0
9593,110.8462336,207.4813811,0
9594,110.8462336,207.4813811,0
9595,110.8462336,207.4813811,0
9596,110.8462336,207.4813811,0
9597,110.8462336,207.4813811,0
9598,110.8462336,207.4813811,0
9599,110.8462336,207.4813811,0
9600,110.8462336,207.4813811,0
9601,110.8462336,207.4813811,0
9602,110.8462336,207.4813811,0
9603,110.8462336,207.4813811,0
9604,110.8462336,207.4813811,0
9605,110.8462336,207.4813811,0
9606,110.8462336,207.4813811,0
9607,110.8462336,207.4813811,0
9608,110.8462336,207.4813811,0
9609,110.8462336,207.4813811,0
9610,110.8462336,207.4813811,0
9611,110.8462336,207.4813811,0
9612,110.8462336,207.4813811,0
9613,110.8462336,207.4813811,0
9614,110.8462336,207.4813811,0
9615,110.8462336,207.4813811,0
9616,110.8462336,207.4813811,0
9617,110.8462336,204.6391704,0
9618,110.8462336,204.6391704,0
9619,110.8462336,204.6391704,0
9620,110.8462336,204.6391704,0
9621,110.8462336,204.6391704,0
9622,110.8462336,204.6391704,0
9623,110.8462336,204.6391704,0
9624,110.8462336,204.6391704,0
9625,110.8462336,204.6391704,0
9626,110.8462336,204.6391704,0
9627,108.0040225,204.6391704,0
9628,108.0040225,204.6391704,0
9629,108.0040225,204.6391704,0
9630,108.0040225,204.6391704,0
9631,110.8462335,204.6391704,0
9632,110.8462335,204.6391704,0
9633,110.8462335,204.6391704,0
9634,110.8462335,204.6391704,0
9635,110.8462335,204.6391704,0
9636,110.8462335,204.6391704,0
9637,110.8462335,204.6391704,0
9638,110.8462335,204.6391704,0
9639,110.8462335,204.6391704,0
9640,110.8462335,204.6391704,0
9641,110.8462335,204.6391704,0
9642,110.8462335,201.7969597,0
9643,110.8462335,201.7969597,0
9644,110.8462335,201.7969597,0
9645,110.8462335,201.7969597,0
9646,110.8462335,201.7969597,0
9647,110.8462335,201.7969597,0
9648,110.8462335,201.7969597,0
9649,110.8462335,201.7969597,0
9650,110.8462335,201.7969597,0
9651,110.8462335,201.7969597,0
9652,110.8462336,201.7969597,0
9653,110.8462336,201.7969597,0
9654,110.8462336,201.7969597,0
9655,110.8462336,207.4813811,0
9656,110.8462336,207.4813811,0
9657,110.8462336,207.4813811,0
9658,110.8462336,207.4813811,0
9659,110.8462336,207.4813811,0
9660,110.8462336,207.4813811,0
9661,110.8462336,207.4813811,0
9662,110.8462336,207.4813811,0
9663,110.8462336,207.4813811,0
9664,110.8462336,207.4813811,0
9665,110.8462336,207.4813811,0
9666,110.8462336,207.4813811,0
9667,110.8462336,207.4813811,0
9668,110.8462336,207.4813811,0
9669,110.8462336,207.4813811,0
9670,110.8462336,207.4813811,0
9671,110.8462336,207.4813811,0
9672,110.8462336,207.4813811,0
9673,110.8462336,207.4813811,0
9674,110.8462336,207.4813811,0
9675,110.8462336,207.4813811,0
9676,110.8462336,207.4813811,0
9677,110.8462336,207.4813811,0
9678,110.8462336,207.4813811,0
9679,110.8462336,207.4813811,0
9680,110.8462336,207.4813811,0
9681,110.8462336,207.4813811,0
9682,110.8462336,207.4813811,0
9683,110.8462336,207.4813811,0
9684,110.8462336,207.4813811,0
9685,110.8462336,207.4813811,0
9686,110.8462336,207.4813811,0
9687,110.8462336,207.4813811,0
9688,110.8462336,207.4813811,0
9689,110.8462336,207.4813811,0
9690,110.8462336,207.4813811,0
9691,110.8462336,207.4813811,0
9692,110.8462336,207.4813811,0
9693,110.8462336,207.4813811,0
9694,110.8462336,207.4813811,0
9695,110.8462336,207.4813811,0
9696,110.8462336,207.4813811,0
9697,110.8462336,207.4813811,0
9698,110.8462336,207.4813811,0
9699,110.8462336,207.4813811,0
9700,110.8462336,207.4813811,0
9701,110.8462336,207.4813811,0
9702,110.8462336,207.4813811,0
9703,110.8462336,207.4813811,0
9704,110.8462336,207.4813811,0
9705,110.8462336,207.4813811,0
9706,110.8462336,207.4813811,0
9707,110.8462336,204.6391704,0
9708,110.8462336,204.6391704,0
9709,110.8462336,204.6391704,0
9710,110.8462336,204.6391704,0
9711,110.8462336,204.6391704,0
9712,110.8462336,204.6391704,0
9713,110.8462336,204.6391704,0
9714,110.8462336,204.6391704,0
9715,110.8462336,204.6391704,0
9716,110.8462336,204.6391704,0
9717,110.8462336,204.6391704,0
9718,110.8462336,204.6391704,0
9719,110.8462336,204.6391704,0
9720,110.8462336,204.6391704,0
9721,110.8462336,204.6391704,0
9722,110.8462336,204.6391704,0
9723,110.8462336,204.6391704,0
9724,110.8462336,204.6391704,0
9725,110.8462336,204.6391704,0
9726,110.8462336,204.6391704,0
9727,110.8462336,204.6391704,0
9728,110.8462336,204.6391704,0
9729,110.8462336,204.6391704,0
9730,110.8462336,204.6391704,0
9731,110.8462336,204.6391704,0
9732,110.8462336,204.6391704,0
9733,110.8462336,204.6391704,0
9734,110.8462336,204.6391704,0
9735,110.8462336,204.6391704,0
9736,110.8462336,204.6391704,0
9737,110.8462336,204.6391704,0
9738,110.8462336,204.6391704,0
9739,110.8462336,204.6391704,0
9740,110.8462336,204.6391704,0
9741,110.8462336,204.6391704,0
9742,110.8462336,204.6391704,0
9743,108.0040224,204.6391704,0
9744,108.0040225,204.6391704,0
9745,108.0040225,204.6391704,0
9746,108.0040225,204.6391704,0
9747,108.0040225,204.6391704,0
9748,108.0040225,204.6391704,0
9749,108.0040225,204.6391704,0
9750,108.0040225,204.6391704,0
9751,108.0040225,204.6391704,0
9752,108.0040225,204.6391704,0
9753,108.0040225,204.6391704,0
9754,108.0040225,204.6391704,0
9755,108.0040225,207.4813811,0
9756,108.0040225,207.4813811,0
9757,108.0040225,207.4813811,0
9758,108.0040225,207.4813811,0
9759,108.0040225,207.4813811,0
9760,108.0040225,207.4813811,0
9761,108.0040225,207.4813811,0
9762,108.0040225,207.4813811,0
9763,108.0040225,207.4813811,0
9764,108.0040225,207.4813811,0
9765,108.0040225,207.4813811,0
9766,108.0040225,207.4813811,0
9767,108.0040225,207.4813811,0
9768,108.0040225,207.4813811,0
9769,108.0040225,207.4813811,0
9770,108.0040225,207.4813811,0
9771,108.0040225,207.4813811,0
9772,108.0040225,207.4813811,0
9773,108.0040225,207.4813811,0
9774,108.0040225,207.4813811,0
9775,108.0040225,207.4813811,0
9776,108.0040225,207.4813811,0
9777,108.0040225,207.4813811,0
9778,108.0040225,207.4813811,0
9779,108.0040225,207.4813811,0
9780,108.0040225,207.4813811,0
9781,108.0040225,207.4813811,0
9782,108.0040225,207.4813811,0
9783,108.0040225,207.4813811,0
9784,108.0040225,207.4813811,0
9785,108.0040225,207.4813811,0
9786,108.0040225,207.4813811,0
9787,108.0040225,207.4813811,0
9788,108.0040225,207.4813811,0
9789,108.0040225,207.4813811,0
9790,108.0040225,207.4813811,0
9791,108.0040225,207.4813811,0
9792,108.0040225,207.4813811,0
9793,108.0040225,207.4813811,0
9794,105.1618114,207.4813811,0
9795,105.1618114,207.4813811,0
9796,105.1618114,207.4813811,0
9797,105.1618114,207.4813811,0
9798,105.1618114,207.4813811,0
9799,102.3196003,207.4813811,0
9800,102.3196003,207.4813811,0
9801,102.3196003,207.4813811,0
9802,102.3196003,207.4813811,0
9803,102.3196003,207.4813811,0
9804,102.3196003,207.4813811,0
9805,102.3196003,204.6391704,0
9806,102.3196003,204.6391704,0
9807,102.3196003,204.6391704,0
9808,102.3196003,204.6391704,0
9809,102.3196003,204.6391704,0
9810,102.3196003,204.6391704,0
9811,102.3196003,204.6391704,0
9812,102.3196003,204.6391704,0
9813,102.3196003,204.6391704,0
9814,102.3196003,204.6391704,0
9815,102.3196003,204.6391704,0
9816,102.3196003,204.6391704,0
9817,102.3196003,204.6391704,0
9818,102.3196003,204.6391704,0
9819,102.3196003,204.6391704,0
9820,102.3196003,204.6391704,0
9821,102.3196003,204.6391704,0
9822,105.1618113,204.6391704,0
9823,105.1618113,204.6391704,0
9824,105.1618113,204.6391704,0
9825,105.1618113,204.6391704,0
9826,105.1618113,204.6391704,0
9827,105.1618113,204.6391704,0
9828,105.1618113,204.6391704,0
9829,105.1618113,204.6391704,0
9830,105.1618113,204.6391704,0
9831,105.1618113,204.6391704,0
9832,105.1618113,204.6391704,0
9833,105.1618113,204.6391704,0
9834,105.1618113,204.6391704,0
9835,105.1618113,204.6391704,0
9836,105.1618113,204.6391704,0
9837,105.1618113,204.6391704,0
9838,105.1618113,204.6391704,0
9839,105.1618114,204.6391704,0
9840,105.1618114,204.6391704,0
9841,105.1618114,204.6391704,0
9842,105.1618114,204.6391704,0
9843,105.1618114,204.6391704,0
9844,105.1618114,204.6391704,0
9845,105.1618114,204.6391704,0
9846,105.1618114,204.6391704,0
9847,105.1618114,204.6391704,0
9848,105.1618114,204.6391704,0
9849,105.1618114,204.6391704,0
9850,105.1618114,204.6391704,0
9851,105.1618114,204.6391704,0
9852,105.1618114,204.6391704,0
9853,105.1618114,204.6391704,0
9854,105.1618114,204.6391704,0
9855,108.0040225,204.6391704,0
9856,108.0040225,204.6391704,0
9857,108.0040225,204.6391704,0
9858,108.0040225,207.4813811,0
9859,108.0040225,207.4813811,0
9860,108.0040225,207.4813811,0
9861,113.6884447,207.4813811,0
9862,113.6884447,207.4813811,0
9863,113.6884447,207.4813811,0
9864,113.6884447,207.4813811,0
9865,113.6884447,207.4813811,0
9866,113.6884447,207.4813811,0
9867,113.6884447,207.4813811,0
9868,116.5306557,207.4813811,0
9869,116.5306557,207.4813811,0
9870,116.5306557,207.4813811,0
9871,116.5306557,207.4813811,0
9872,116.5306557,207.4813811,0
9873,116.5306557,207.4813811,0
9874,116.5306557,207.4813811,0
9875,116.5306557,207.4813811,0
9876,116.5306557,207.4813811,0
9877,116.5306557,207.4813811,0
9878,116.5306557,207.4813811,0
9879,116.5306557,207.4813811,0
9880,116.5306557,207.4813811,0
9881,116.5306557,207.4813811,0
9882,116.5306557,207.4813811,0
9883,116.5306557,207.4813811,0
9884,122.2150779,207.4813811,0
9885,122.2150781,207.4813811,0
9886,122.2150781,207.4813811,0
9887,122.2150781,207.4813811,0
9888,122.2150781,207.4813811,0
9889,122.2150781,207.4813811,0
9890,122.2150781,207.4813811,0
9891,122.2150781,207.4813811,0
9892,122.2150781,207.4813811,0
9893,122.2150781,207.4813811,0
9894,122.2150781,207.4813811,0
9895,122.2150781,207.4813811,0
9896,122.2150781,207.4813811,0
9897,122.2150781,207.4813811,0
9898,122.2150781,207.4813811,0
9899,122.2150781,207.4813811,0
9900,122.2150781,207.4813811,0
9901,122.2150781,207.4813811,0
9902,127.8995002,207.4813811,0
9903,127.8995002,207.4813811,0
9904,127.8995002,207.4813811,0
9905,127.8995002,207.4813811,0
9906,127.8995002,207.4813811,0
9907,127.8995002,207.4813811,0
9908,127.8995002,207.4813811,0
9909,127.8995002,207.4813811,0
9910,127.8995002,207.4813811,0
9911,127.8995002,207.4813811,0
9912,127.8995002,207.4813811,0
9913,127.8995002,207.4813811,0
9914,127.8995002,207.4813811,0
9915,127.8995002,207.4813811,0
9916,127.8995002,207.4813811,0
9917,127.8995002,207.4813811,0
9918,127.8995002,207.4813811,0
9919,127.8995002,207.4813811,0
9920,127.8995002,207.4813811,0
9921,127.8995002,207.4813811,0
9922,127.8995002,207.4813811,0
9923,127.8995002,207.4813811,0
9924,127.8995002,207.4813811,0
9925,127.8995002,207.4813811,0
9926,127.8995002,207.4813811,0
9927,127.8995002,207.4813811,0
9928,127.8995002,207.4813811,0
9929,127.8995002,207.4813811,0
9930,127.8995002,207.4813811,0
9931,127.8995002,207.4813811,0
9932,127.8995002,207.4813811,0
9933,127.8995002,207.4813811,0
9934,127.8995002,207.4813811,0
9935,127.8995002,207.4813811,0
9936,127.8995002,207.4813811,0
9937,127.8995002,207.4813811,0
9938,127.8995002,207.4813811,0
9939,127.8995002,207.4813811,0
9940,127.8995002,207.4813811,0
9941,127.8995002,207.4813811,0
9942,127.8995002,207.4813811,0
9943,127.8995002,207.4813811,0
9944,127.8995002,207.4813811,0
9945,127.8995002,207.4813811,0
9946,127.8995002,207.4813811,0
9947,127.8995002,207.4813811,0
9948,127.8995002,207.4813811,0
9949,127.8995002,207.4813811,0
9950,127.8995002,207.4813811,0
9951,127.8995002,207.4813811,0
9952,127.8995002,207.4813811,0
9953,127.8995002,207.4813811,0
9954,127.8995002,207.4813811,0
9955,116.5306558,207.4813811,0
9956,116.5306558,207.4813811,0
9957,116.5306558,207.4813811,0
9958,116.5306558,207.4813811,0
9959,116.5306558,207.4813811,0
9960,116.5306558,207.4813811,0
9961,116.5306558,207.4813811,0
9962,116.5306558,207.4813811,0
9963,116.5306558,207.4813811,0
9964,116.5306558,204.6391704,0
9965,108.0040225,204.6391704,0
9966,108.0040225,204.6391704,0
9967,110.8462335,204.6391704,0
9968,110.8462335,204.6391704,0
9969,110.8462335,204.6391704,0
9970,110.8462335,204.6391704,0
9971,110.8462335,204.6391704,0
9972,110.8462335,204.6391704,0
9973,110.8462335,204.6391704,0
9974,110.8462336,204.6391704,0
9975,110.8462336,204.6391704,0
9976,110.8462336,207.4813811,0
9977,110.8462336,207.4813811,0
9978,110.8462336,207.4813811,0
9979,110.8462336,207.4813811,0
9980,110.8462336,207.4813811,0
9981,110.8462336,207.4813811,0
9982,110.8462336,207.4813811,0
9983,110.8462336,207.4813811,0
9984,110.8462336,207.4813811,0
9985,110.8462336,207.4813811,0
9986,110.8462336,207.4813811,0
9987,110.8462336,207.4813811,0
9988,110.8462336,207.4813811,0
9989,110.8462336,207.4813811,0
9990,110.8462336,207.4813811,0
9991,110.8462336,207.4813811,0
9992,110.8462336,207.4813811,0
9993,110.8462336,207.4813811,0
9994,110.8462336,207.4813811,0
9995,110.8462336,207.4813811,0
9996,110.8462336,207.4813811,0
9997,110.8462336,207.4813811,0
9998,110.8462336,207.4813811,0
9999,110.8462336,207.4813811,0
10000,110.8462336,207.4813811,0
10001,110.8462336,207.4813811,0
10002,110.8462336,207.4813811,0
10003,110.8462336,207.4813811,0
10004,110.8462336,207.4813811,0
10005,110.8462336,207.4813811,0
10006,110.8462336,207.4813811,0
10007,110.8462336,207.4813811,0
10008,110.8462336,207.4813811,0
10009,110.8462336,207.4813811,0
10010,110.8462336,207.4813811,0
10011,110.8462336,207.4813811,0
10012,110.8462336,207.4813811,0
10013,110.8462336,207.4813811,0
10014,110.8462336,207.4813811,0
10015,110.8462336,207.4813811,0
10016,110.8462336,207.4813811,0
10017,110.8462336,207.4813811,0
10018,110.8462336,207.4813811,0
10019,113.6884446,207.4813811,0
10020,113.6884446,207.4813811,0
10021,113.6884446,207.4813811,0
10022,113.6884446,207.4813811,0
10023,113.6884446,207.4813811,0
10024,113.6884448,207.4813811,0
10025,113.6884448,207.4813811,0
10026,113.6884448,201.7969597,0
10027,113.6884448,201.7969597,0
10028,113.6884448,201.7969597,0
10029,113.6884448,201.7969597,0
10030,113.6884448,201.7969597,0
10031,113.6884448,201.7969597,0
10032,113.6884448,201.7969597,0
10033,113.6884448,201.7969597,0
10034,113.6884448,201.7969597,0
10035,113.6884448,201.7969597,0
10036,113.6884448,201.7969597,0
10037,113.6884448,201.7969597,0
10038,113.6884448,201.7969597,0
10039,113.6884448,201.7969597,0
10040,113.6884448,201.7969597,0
10041,113.6884448,201.7969597,0
10042,113.6884448,201.7969597,0
10043,113.6884448,201.7969597,0
10044,113.6884448,204.6391704,0
10045,113.6884448,204.6391704,0
10046,113.6884448,204.6391704,0
10047,113.6884448,204.6391704,0
10048,113.6884448,204.6391704,0
10049,113.6884448,204.6391704,0
10050,113.6884448,204.6391704,0
10051,113.6884448,204.6391704,0
10052,113.6884448,204.6391704,0
10053,113.6884448,204.6391704,0
10054,113.6884448,204.6391704,0
10055,113.6884448,204.6391704,0
10056,113.6884448,204.6391704,0
10057,113.6884448,204.6391704,0
10058,113.6884448,204.6391704,0
10059,113.6884448,204.6391704,0
10060,113.6884448,204.6391704,0
10061,113.6884448,204.6391704,0
10062,113.6884448,204.6391704,0
10063,113.6884448,204.6391704,0
10064,113.6884448,204.6391704,0
10065,113.6884448,204.6391704,0
10066,113.6884448,204.6391704,0
10067,113.6884448,204.6391704,0
10068,113.6884448,204.6391704,0
10069,113.6884448,204.6391704,0
10070,113.6884448,204.6391704,0
10071,113.6884448,204.6391704,0
10072,113.6884448,204.6391704,0
10073,113.6884448,204.6391704,0
10074,113.6884448,204.6391704,0
10075,113.6884448,204.6391704,0
10076,113.6884448,204.6391704,0
10077,113.6884448,207.4813811,0
10078,113.6884448,207.4813811,0
10079,113.6884448,207.4813811,0
10080,113.6884448,207.4813811,0
10081,113.6884448,207.4813811,0
10082,113.6884448,207.4813811,0
10083,113.6884448,207.4813811,0
10084,113.6884448,207.4813811,0
10085,113.6884448,207.4813811,0
10086,113.6884448,207.4813811,0
10087,113.6884448,207.4813811,0
10088,113.6884448,207.4813811,0
10089,113.6884448,207.4813811,0
10090,113.6884448,207.4813811,0
10091,113.6884448,207.4813811,0
10092,113.6884448,207.4813811,0
10093,113.6884448,207.4813811,0
10094,113.6884448,207.4813811,0
10095,113.6884448,207.4813811,0
10096,113.6884448,207.4813811,0
10097,113.6884448,207.4813811,0
10098,113.6884448,207.4813811,0
10099,113.6884448,207.4813811,0
10100,113.6884448,207.4813811,0
10101,113.6884448,207.4813811,0
10102,113.6884448,207.4813811,0
10103,113.6884448,207.4813811,0
10104,113.6884448,207.4813811,0
10105,113.6884448,207.4813811,0
10106,113.6884448,207.4813811,0
10107,113.6884448,207.4813811,0
10108,113.6884448,207.4813811,0
10109,113.6884448,207.4813811,0
10110,113.6884448,207.4813811,0
10111,113.6884448,207.4813811,0
10112,113.6884448,207.4813811,0
10113,113.6884448,207.4813811,0
10114,113.6884448,207.4813811,0
10115,113.6884448,207.4813811,0
10116,113.6884448,207.4813811,0
10117,113.6884448,207.4813811,0
10118,113.6884448,207.4813811,0
10119,113.6884448,207.4813811,0
10120,113.6884448,207.4813811,0
10121,113.6884448,207.4813811,0
10122,113.6884448,207.4813811,0
10123,113.6884448,207.4813811,0
10124,113.6884448,207.4813811,0
10125,113.6884448,207.4813811,0
10126,113.6884448,207.4813811,0
10127,113.6884448,207.4813811,0
10128,113.6884448,207.4813811,0
10129,113.6884448,207.4813811,0
10130,113.6884448,207.4813811,0
10131,113.6884448,207.4813811,0
10132,113.6884448,207.4813811,0
10133,113.6884448,207.4813811,0
10134,113.6884448,207.4813811,0
10135,113.6884448,207.4813811,0
10136,113.6884448,207.4813811,0
10137,113.6884448,207.4813811,0
10138,113.6884448,207.4813811,0
10139,113.6884448,207.4813811,0
10140,113.6884448,207.4813811,0
10141,113.6884448,207.4813811,0
10142,113.6884448,207.4813811,0
10143,113.6884448,207.4813811,0
10144,113.6884448,207.4813811,0
10145,113.6884448,207.4813811,0
10146,113.6884448,207.4813811,0
10147,113.6884448,207.4813811,0
10148,113.6884448,207.4813811,0
10149,113.6884448,207.4813811,0
10150,113.6884448,207.4813811,0
10151,113.6884448,207.4813811,0
10152,113.6884448,207.4813811,0
10153,113.6884448,207.4813811,0
10154,113.6884448,207.4813811,0
10155,113.6884448,207.4813811,0
10156,113.6884448,207.4813811,0
10157,113.6884448,207.4813811,0
10158,113.6884448,207.4813811,0
10159,113.6884448,207.4813811,0
10160,113.6884448,207.4813811,0
10161,113.6884448,207.4813811,0
10162,113.6884448,207.4813811,0
10163,113.6884448,207.4813811,0
10164,113.6884448,207.4813811,0
10165,113.6884448,207.4813811,0
10166,113.6884448,207.4813811,0
10167,113.6884447,207.4813811,0
10168,113.6884447,207.4813811,0
10169,113.6884447,207.4813811,0
10170,113.6884447,207.4813811,0
10171,113.6884447,207.4813811,0
10172,113.6884447,207.4813811,0
10173,113.6884447,207.4813811,0
10174,113.6884447,207.4813811,0
10175,113.6884447,207.4813811,0
10176,113.6884447,207.4813811,0
10177,113.6884447,207.4813811,0
10178,113.6884447,207.4813811,0
10179,113.6884447,207.4813811,0
10180,113.6884447,207.4813811,0
10181,113.6884447,207.4813811,0
10182,113.6884447,207.4813811,0
10183,113.6884447,207.4813811,0
10184,113.6884447,207.4813811,0
10185,113.6884447,207.4813811,0
10186,113.6884447,204.6391704,0
10187,113.6884447,204.6391704,0
10188,113.6884447,204.6391704,0
10189,113.6884447,204.6391704,0
10190,113.6884447,204.6391704,0
10191,113.6884447,204.6391704,0
10192,113.6884447,204.6391704,0
10193,113.6884447,204.6391704,0
10194,113.6884447,204.6391704,0
10195,113.6884447,204.6391704,0
10196,113.6884447,204.6391704,0
10197,113.6884447,204.6391704,0
10198,113.6884447,204.6391704,0
10199,110.8462336,204.6391704,0
10200,110.8462336,204.6391704,0
10201,110.8462336,204.6391704,0
10202,110.8462336,207.4813811,0
10203,110.8462336,207.4813811,0
10204,110.8462336,207.4813811,0
10205,110.8462336,207.4813811,0
10206,110.8462336,207.4813811,0
10207,110.8462336,207.4813811,0
10208,110.8462336,207.4813811,0
10209,110.8462336,207.4813811,0
10210,110.8462336,207.4813811,0
10211,110.8462336,207.4813811,0
10212,110.8462336,207.4813811,0
10213,110.8462336,207.4813811,0
10214,110.8462336,207.4813811,0
10215,110.8462336,207.4813811,0
10216,110.8462336,207.4813811,0
10217,110.8462336,207.4813811,0
10218,110.8462336,207.4813811,0
10219,110.8462336,207.4813811,0
10220,110.8462336,207.4813811,0
10221,110.8462336,207.4813811,0
10222,110.8462336,207.4813811,0
10223,110.8462336,207.4813811,0
10224,110.8462336,207.4813811,0
10225,110.8462336,207.4813811,0
10226,110.8462336,207.4813811,0
10227,110.8462336,207.4813811,0
10228,110.8462336,207.4813811,0
10229,110.8462336,207.4813811,0
10230,110.8462336,207.4813811,0
10231,110.8462336,207.4813811,0
10232,110.8462336,207.4813811,0
10233,110.8462336,207.4813811,0
10234,110.8462336,207.4813811,0
10235,110.8462336,207.4813811,0
10236,110.8462336,207.4813811,0
10237,110.8462336,207.4813811,0
10238,110.8462336,207.4813811,0
10239,110.8462336,207.4813811,0
10240,110.8462336,207.4813811,0
10241,110.8462336,207.4813811,0
10242,110.8462336,207.4813811,0
10243,110.8462336,207.4813811,0
10244,110.8462336,207.4813811,0
10245,110.8462336,207.4813811,0
10246,110.8462336,207.4813811,0
10247,110.8462336,207.4813811,0
10248,110.8462336,207.4813811,0
10249,110.8462336,207.4813811,0
10250,110.8462336,207.4813811,0
10251,110.8462336,207.4813811,0
10252,110.8462336,204.6391704,0
10253,110.8462336,204.6391704,0
10254,110.8462336,204.6391704,0
10255,110.8462335,204.6391704,0
10256,110.8462335,204.6391704,0
10257,110.8462335,204.6391704,0
10258,110.8462335,204.6391704,0
10259,110.8462335,204.6391704,0
10260,110.8462335,207.4813811,0
10261,110.8462335,207.4813811,0
10262,110.8462335,207.4813811,0
10263,110.8462335,207.4813811,0
10264,110.8462335,207.4813811,0
10265,110.8462335,207.4813811,0
10266,110.8462335,207.4813811,0
10267,110.8462335,207.4813811,0
10268,110.8462335,207.4813811,0
10269,110.8462335,207.4813811,0
10270,110.8462335,207.4813811,0
10271,110.8462335,207.4813811,0
10272,110.8462335,207.4813811,0
10273,110.8462335,207.4813811,0
10274,110.8462335,207.4813811,0
10275,110.8462335,207.4813811,0
10276,110.8462335,207.4813811,0
10277,110.8462335,207.4813811,0
10278,110.8462335,207.4813811,0
10279,110.8462335,207.4813811,0
10280,110.8462335,207.4813811,0
10281,110.8462335,207.4813811,0
10282,110.8462335,207.4813811,0
10283,110.8462335,207.4813811,0
10284,110.8462335,207.4813811,0
10285,110.8462335,207.4813811,0
10286,108.0040225,207.4813811,0
10287,108.0040225,207.4813811,0
10288,108.0040225,207.4813811,0
10289,108.0040225,207.4813811,0
10290,108.0040225,207.4813811,0
10291,108.0040225,207.4813811,0
10292,108.0040225,207.4813811,0
10293,108.0040225,207.4813811,0
10294,108.0040225,207.4813811,0
10295,108.0040225,207.4813811,0
10296,108.0040225,207.4813811,0
10297,108.0040225,207.4813811,0
10298,105.1618114,207.4813811,0
10299,105.1618114,207.4813811,0
10300,105.1618114,207.4813811,0
10301,105.1618114,207.4813811,0
10302,105.1618114,207.4813811,0
10303,105.1618114,207.4813811,0
10304,105.1618114,207.4813811,0
10305,105.1618114,207.4813811,0
10306,105.1618114,207.4813811,0
10307,105.1618114,207.4813811,0
10308,105.1618114,207.4813811,0
10309,105.1618114,207.4813811,0
10310,105.1618114,201.7969597,0
10311,105.1618114,201.7969597,0
10312,105.1618114,201.7969597,0
10313,105.1618114,204.6391704,0
10314,105.1618114,204.6391704,0
10315,105.1618114,204.6391704,0
10316,105.1618114,204.6391704,0
10317,105.1618114,204.6391704,0
10318,105.1618114,204.6391704,0
10319,105.1618114,204.6391704,0
10320,105.1618114,204.6391704,0
10321,105.1618114,204.6391704,0
10322,105.1618114,204.6391704,0
10323,105.1618114,204.6391704,0
10324,105.1618114,204.6391704,0
10325,105.1618114,204.6391704,0
10326,105.1618114,204.6391704,0
10327,105.1618114,204.6391704,0
10328,105.1618114,204.6391704,0
10329,105.1618114,204.6391704,0
10330,105.1618114,204.6391704,0
10331,105.1618114,204.6391704,0
10332,105.1618114,207.4813811,0
10333,105.1618114,207.4813811,0
10334,105.1618114,207.4813811,0
10335,105.1618114,207.4813811,0
10336,105.1618114,207.4813811,0
10337,105.1618114,207.4813811,0
10338,105.1618114,207.4813811,0
10339,105.1618114,207.4813811,0
10340,105.1618114,207.4813811,0
10341,105.1618114,207.4813811,0
10342,105.1618114,207.4813811,0
10343,105.1618114,207.4813811,0
10344,105.1618114,207.4813811,0
10345,105.1618114,207.4813811,0
10346,105.1618114,207.4813811,0
10347,105.1618114,207.4813811,0
10348,105.1618114,207.4813811,0
10349,105.1618114,207.4813811,0
10350,105.1618114,207.4813811,0
10351,105.1618114,207.4813811,0
10352,105.1618114,207.4813811,0
10353,105.1618114,207.4813811,0
10354,105.1618114,207.4813811,0
10355,105.1618114,207.4813811,0
10356,105.1618114,207.4813811,0
10357,105.1618114,207.4813811,0
10358,105.1618114,207.4813811,0
10359,105.1618114,207.4813811,0
10360,105.1618114,207.4813811,0
10361,105.1618114,207.4813811,0
10362,105.1618114,207.4813811,0
10363,105.1618114,207.4813811,0
10364,105.1618114,207.4813811,0
10365,105.1618114,207.4813811,0
10366,105.1618114,207.4813811,0
10367,105.1618114,207.4813811,0
10368,105.1618114,207.4813811,0
10369,105.1618114,207.4813811,0
10370,105.1618114,207.4813811,0
10371,105.1618114,207.4813811,0
10372,105.1618114,207.4813811,0
10373,105.1618114,207.4813811,0
10374,105.1618114,207.4813811,0
10375,105.1618114,207.4813811,0
10376,105.1618114,207.4813811,0
10377,105.1618114,207.4813811,0
10378,105.1618114,207.4813811,0
10379,105.1618114,207.4813811,0
10380,105.1618114,207.4813811,0
10381,105.1618112,207.4813811,0
10382,105.1618112,204.6391704,0
10383,105.1618112,204.6391704,0
10384,105.1618112,204.6391704,0
10385,105.1618112,204.6391704,0
10386,105.1618112,204.6391704,0
10387,105.1618112,204.6391704,0
10388,105.1618112,204.6391704,0
10389,108.0040225,204.6391704,0
10390,108.0040225,204.6391704,0
10391,108.0040225,204.6391704,0
10392,108.0040225,204.6391704,0
10393,108.0040225,204.6391704,0
10394,108.0040225,204.6391704,0
10395,108.0040225,207.4813811,0
10396,108.0040225,207.4813811,0
10397,108.0040225,207.4813811,0
10398,108.0040225,207.4813811,0
10399,108.0040225,207.4813811,0
10400,108.0040225,207.4813811,0
10401,108.0040225,207.4813811,0
10402,108.0040225,207.4813811,0
10403,108.0040225,207.4813811,0
10404,108.0040225,207.4813811,0
10405,108.0040225,207.4813811,0
10406,108.0040225,207.4813811,0
10407,108.0040225,207.4813811,0
10408,108.0040225,207.4813811,0
10409,108.0040225,207.4813811,0
10410,108.0040225,207.4813811,0
10411,108.0040225,207.4813811,0
10412,108.0040225,207.4813811,0
10413,108.0040225,207.4813811,0
10414,108.0040225,207.4813811,0
10415,108.0040225,207.4813811,0
10416,108.0040225,207.4813811,0
10417,108.0040225,207.4813811,0
10418,108.0040225,207.4813811,0
10419,108.0040225,207.4813811,0
10420,108.0040225,207.4813811,0
10421,108.0040225,207.4813811,0
10422,108.0040225,207.4813811,0
10423,108.0040225,207.4813811,0
10424,108.0040225,207.4813811,0
10425,108.0040225,207.4813811,0
10426,108.0040225,207.4813811,0
10427,108.0040225,207.4813811,0
10428,108.0040225,207.4813811,0
10429,108.0040225,207.4813811,0
10430,108.0040225,207.4813811,0
10431,108.0040225,207.4813811,0
10432,108.0040225,207.4813811,0
10433,108.0040225,207.4813811,0
10434,108.0040225,207.4813811,0
10435,108.0040225,207.4813811,0
10436,108.0040225,207.4813811,0
10437,108.0040225,207.4813811,0
10438,108.0040225,207.4813811,0
10439,108.0040224,207.4813811,0
10440,108.0040224,207.4813811,0
10441,108.0040224,207.4813811,0
10442,108.0040224,207.4813811,0
10443,108.0040224,207.4813811,0
10444,108.0040224,207.4813811,0
10445,108.0040224,207.4813811,0
10446,108.0040224,207.4813811,0
10447,108.0040224,207.4813811,0
10448,108.0040224,207.4813811,0
10449,108.0040224,207.4813811,0
10450,108.0040224,207.4813811,0
10451,108.0040224,207.4813811,0
10452,108.0040224,207.4813811,0
10453,108.0040224,207.4813811,0
10454,108.0040224,207.4813811,0
10455,108.0040224,207.4813811,0
10456,108.0040224,204.6391704,0
10457,108.0040224,204.6391704,0
10458,108.0040224,204.6391704,0
10459,108.0040224,204.6391704,0
10460,108.0040224,204.6391704,0
10461,108.0040224,204.6391704,0
10462,108.0040224,204.6391704,0
10463,108.0040224,204.6391704,0
10464,108.0040224,204.6391704,0
10465,108.0040224,204.6391704,0
10466,108.0040224,204.6391704,0
10467,108.0040224,204.6391704,0
10468,108.0040224,204.6391704,0
10469,108.0040224,204.6391704,0
10470,108.0040224,204.6391704,0
10471,108.0040224,204.6391704,0
10472,108.0040224,204.6391704,0
10473,108.0040224,204.6391704,0
10474,108.0040224,204.6391704,0
10475,108.0040224,204.6391704,0
10476,108.0040224,204.6391704,0
10477,108.0040224,204.6391704,0
10478,108.0040224,204.6391704,0
10479,108.0040224,204.6391704,0
10480,108.0040224,204.6391704,0
10481,105.1618114,204.6391704,0
10482,105.1618114,204.6391704,0
10483,105.1618114,204.6391704,0
10484,105.1618114,204.6391704,0
10485,105.1618114,204.6391704,0
10486,105.1618114,204.6391704,0
10487,105.1618114,204.6391704,0
10488,105.1618114,204.6391704,0
10489,105.1618114,204.6391704,0
10490,105.1618114,204.6391704,0
10491,105.1618113,204.6391704,0
10492,105.1618113,204.6391704,0
10493,105.1618113,204.6391704,0
10494,105.1618113,204.6391704,0
10495,105.1618113,204.6391704,0
10496,105.1618113,204.6391704,0
10497,105.1618113,204.6391704,0
10498,105.1618113,204.6391704,0
10499,105.1618113,204.6391704,0
10500,105.1618113,204.6391704,0
10501,105.1618113,204.6391704,0
10502,105.1618113,204.6391704,0
10503,105.1618113,204.6391704,0
10504,105.1618113,204.6391704,0
10505,105.1618113,204.6391704,0
10506,105.1618113,204.6391704,0
10507,105.1618113,204.6391704,0
10508,105.1618113,204.6391704,0
10509,105.1618113,204.6391704,0
10510,105.1618113,204.6391704,0
10511,105.1618113,204.6391704,0
10512,105.1618113,204.6391704,0
10513,105.1618113,204.6391704,0
10514,105.1618113,204.6391704,0
10515,105.1618113,204.6391704,0
10516,105.1618113,204.6391704,0
10517,105.1618113,204.6391704,0
10518,105.1618113,204.6391704,0
10519,105.1618113,204.6391704,0
10520,105.1618113,204.6391704,0
10521,105.1618113,204.6391704,0
10522,105.1618113,204.6391704,0
10523,105.1618113,204.6391704,0
10524,105.1618113,204.6391704,0
10525,105.1618113,204.6391704,0
10526,105.1618113,204.6391704,0
10527,105.1618113,204.6391704,0
10528,105.1618113,204.6391704,0
10529,105.1618113,204.6391704,0
10530,105.1618113,204.6391704,0
10531,105.1618113,204.6391704,0
10532,105.1618113,204.6391704,0
10533,105.1618113,204.6391704,0
10534,105.1618113,204.6391704,0
10535,105.1618113,204.6391704,0
10536,105.1618113,204.6391704,0
10537,105.1618113,204.6391704,0
10538,105.1618113,204.6391704,0
10539,105.1618113,204.6391704,0
10540,105.1618113,204.6391704,0
10541,105.1618113,204.6391704,0
10542,105.1618113,204.6391704,0
10543,105.1618113,204.6391704,0
10544,105.1618113,204.6391704,0
10545,105.1618113,204.6391704,0
10546,105.1618113,204.6391704,0
10547,105.1618113,204.6391704,0
10548,105.1618113,204.6391704,0
10549,105.1618113,204.6391704,0
10550,105.1618112,204.6391704,0
10551,105.1618112,204.6391704,0
10552,105.1618112,204.6391704,0
10553,105.1618112,204.6391704,0
10554,105.1618112,204.6391704,0
10555,105.1618112,204.6391704,0
10556,105.1618112,204.6391704,0
10557,105.1618112,204.6391704,0
10558,105.1618112,204.6391704,0
10559,102.3196003,204.6391704,0
10560,102.3196003,204.6391704,0
10561,102.3196003,204.6391704,0
10562,102.3196003,204.6391704,0
10563,102.3196003,204.6391704,0
10564,102.3196003,204.6391704,0
10565,102.3196003,204.6391704,0
10566,102.3196003,204.6391704,0
10567,102.3196003,204.6391704,0
10568,102.3196003,204.6391704,0
10569,102.3196003,204.6391704,0
10570,102.3196003,204.6391704,0
10571,102.3196003,204.6391704,0
10572,102.3196003,204.6391704,0
10573,102.3196003,204.6391704,0
10574,102.3196003,204.6391704,0
10575,102.3196003,204.6391704,0
10576,102.3196003,204.6391704,0
10577,102.3196003,204.6391704,0
10578,102.3196003,204.6391704,0
10579,102.3196003,204.6391704,0
10580,102.3196003,204.6391704,0
10581,102.3196003,204.6391704,0
10582,102.3196003,204.6391704,0
10583,102.3196003,204.6391704,0
10584,102.3196003,204.6391704,0
10585,102.3196003,204.6391704,0
10586,102.3196003,204.6391704,0
10587,102.3196003,204.6391704,0
10588,102.3196003,204.6391704,0
10589,102.3196003,204.6391704,0
10590,102.3196003,204.6391704,0
10591,102.3196001,204.6391704,0
10592,102.3196001,204.6391704,0
10593,102.3196001,204.6391704,0
10594,102.3196001,204.6391704,0
10595,102.3196001,204.6391704,0
10596,102.3196001,204.6391704,0
10597,102.3196003,204.6391704,0
10598,102.3196003,204.6391704,0
10599,102.3196003,204.6391704,0
10600,102.3196003,204.6391704,0
10601,102.3196003,204.6391704,0
10602,102.3196003,204.6391704,0
10603,102.3196003,204.6391704,0
10604,102.3196003,204.6391704,0
10605,102.3196003,204.6391704,0
10606,102.3196003,204.6391704,0
10607,102.3196003,204.6391704,0
10608,102.3196003,204.6391704,0
10609,102.3196003,204.6391704,0
10610,102.3196003,204.6391704,0
10611,102.3196003,204.6391704,0
10612,102.3196003,204.6391704,0
10613,102.3196003,204.6391704,0
10614,102.3196003,204.6391704,0
10615,102.3196003,204.6391704,0
10616,102.3196003,204.6391704,0
10617,102.3196003,204.6391704,0
10618,102.3196003,204.6391704,0
10619,102.3196003,204.6391704,0
10620,102.3196003,204.6391704,0
10621,102.3196003,204.6391704,0
10622,102.3196003,204.6391704,0
10623,102.3196003,204.6391704,0
10624,102.3196003,204.6391704,0
10625,102.3196003,204.6391704,0
10626,102.3196003,204.6391704,0
10627,102.3196003,204.6391704,0
10628,102.3196003,204.6391704,0
10629,102.3196003,204.6391704,0
10630,102.3196003,204.6391704,0
10631,102.3196003,204.6391704,0
10632,102.3196003,204.6391704,0
10633,102.3196003,204.6391704,0
10634,102.3196003,204.6391704,0
10635,102.3196003,204.6391704,0
10636,102.3196003,204.6391704,0
10637,102.3196003,204.6391704,0
10638,102.3196003,204.6391704,0
10639,102.3196003,204.6391704,0
10640,102.3196003,204.6391704,0
10641,102.3196003,204.6391704,0
10642,102.3196003,204.6391704,0
10643,102.3196003,204.6391704,0
10644,102.3196003,204.6391704,0
10645,102.3196003,204.6391704,0
10646,102.3196003,204.6391704,0
10647,102.3196003,204.6391704,0
10648,102.3196003,204.6391704,0
10649,102.3196003,204.6391704,0
10650,102.3196003,204.6391704,0
10651,102.3196003,204.6391704,0
10652,102.3196003,204.6391704,0
10653,102.3196003,204.6391704,0
10654,102.3196003,204.6391704,0
10655,102.3196003,204.6391704,0
10656,102.3196003,204.6391704,0
10657,102.3196003,204.6391704,0
10658,102.3196003,204.6391704,0
10659,102.3196003,204.6391704,0
10660,102.3196003,204.6391704,0
10661,102.3196003,204.6391704,0
10662,102.3196003,204.6391704,0
10663,102.3196003,204.6391704,0
10664,102.3196003,204.6391704,0
10665,102.3196003,204.6391704,0
10666,102.3196003,204.6391704,0
10667,102.3196003,204.6391704,0
10668,102.3196003,204.6391704,0
10669,102.3196003,204.6391704,0
10670,102.3196003,204.6391704,0
10671,102.3196003,204.6391704,0
10672,102.3196003,204.6391704,0
10673,102.3196003,204.6391704,0
10674,102.3196003,204.6391704,0
10675,102.3196003,204.6391704,0
10676,102.3196003,204.6391704,0
10677,102.3196003,204.6391704,0
10678,102.3196003,204.6391704,0
10679,102.3196003,204.6391704,0
10680,102.3196003,204.6391704,0
10681,102.3196003,204.6391704,0
10682,102.3196003,204.6391704,0
10683,102.3196003,204.6391704,0
10684,102.3196003,204.6391704,0
10685,102.3196003,204.6391704,0
10686,102.3196003,204.6391704,0
10687,102.3196003,204.6391704,0
10688,102.3196003,204.6391704,0
10689,102.3196003,204.6391704,0
10690,102.3196003,204.6391704,0
10691,102.3196003,204.6391704,0
10692,102.3196003,204.6391704,0
10693,102.3196003,204.6391704,0
10694,102.3196003,204.6391704,0
10695,102.3196003,204.6391704,0
10696,102.3196003,204.6391704,0
10697,102.3196003,204.6391704,0
10698,102.3196003,204.6391704,0
10699,102.3196003,204.6391704,0
10700,102.3196003,204.6391704,0
10701,102.3196003,204.6391704,0
10702,102.3196003,204.6391704,0
10703,102.3196003,204.6391704,0
10704,102.3196003,204.6391704,0
10705,102.3196003,204.6391704,0
10706,102.3196003,204.6391704,0
10707,102.3196003,204.6391704,0
10708,102.3196003,204.6391704,0
10709,102.3196003,204.6391704,0
10710,102.3196003,204.6391704,0
10711,102.3196003,204.6391704,0
10712,102.3196003,204.6391704,0
10713,102.3196003,204.6391704,0
10714,102.3196003,204.6391704,0
10715,102.3196003,204.6391704,0
10716,102.3196003,204.6391704,0
10717,102.3196003,204.6391704,0
10718,102.3196003,204.6391704,0
10719,102.3196003,204.6391704,0
10720,102.3196003,204.6391704,0
10721,102.3196003,204.6391704,0
10722,99.47738913,204.6391704,0
10723,99.47738913,204.6391704,0
10724,99.47738913,204.6391704,0
10725,102.3196003,204.6391704,0
10726,102.3196003,204.6391704,0
10727,102.3196003,204.6391704,0
10728,102.3196003,204.6391704,0
10729,102.3196003,204.6391704,0
10730,102.3196003,204.6391704,0
10731,102.3196003,204.6391704,0
10732,102.3196003,204.6391704,0
10733,102.3196003,204.6391704,0
10734,102.3196003,204.6391704,0
10735,102.3196003,204.6391704,0
10736,102.3196003,204.6391704,0
10737,102.3196003,204.6391704,0
10738,102.3196003,204.6391704,0
10739,102.3196003,204.6391704,0
10740,102.3196003,204.6391704,0
10741,102.3196003,204.6391704,0
10742,102.3196003,204.6391704,0
10743,102.3196003,204.6391704,0
10744,102.3196003,204.6391704,0
10745,102.3196003,204.6391704,0
10746,102.3196003,204.6391704,0
10747,102.3196003,204.6391704,0
10748,102.3196003,204.6391704,0
10749,102.3196003,204.6391704,0
10750,102.3196003,204.6391704,0
10751,102.3196003,204.6391704,0
10752,102.3196003,204.6391704,0
10753,102.3196003,204.6391704,0
10754,102.3196003,204.6391704,0
10755,102.3196003,204.6391704,0
10756,102.3196003,204.6391704,0
10757,102.3196003,204.6391704,0
10758,102.3196003,204.6391704,0
10759,102.3196003,204.6391704,0
10760,102.3196003,204.6391704,0
10761,102.3196003,204.6391704,0
10762,102.3196003,204.6391704,0
10763,102.3196003,204.6391704,0
10764,102.3196003,204.6391704,0
10765,102.3196003,204.6391704,0
10766,102.3196003,204.6391704,0
10767,102.3196003,204.6391704,0
10768,102.3196003,204.6391704,0
10769,102.3196003,204.6391704,0
10770,102.3196003,204.6391704,0
10771,102.3196003,204.6391704,0
10772,102.3196003,204.6391704,0
10773,102.3196003,204.6391704,0
10774,102.3196003,204.6391704,0
10775,102.3196001,204.6391704,0
10776,102.3196001,204.6391704,0
10777,102.3196001,204.6391704,0
10778,102.3196001,207.4813811,0
10779,102.3196001,207.4813811,0
10780,102.3196001,207.4813811,0
10781,102.3196001,207.4813811,0
10782,102.3196001,207.4813811,0
10783,102.3196001,207.4813811,0
10784,102.3196001,207.4813811,0
10785,102.3196001,207.4813811,0
10786,102.3196001,207.4813811,0
10787,99.47738913,207.4813811,0
10788,99.47738913,207.4813811,0
10789,99.47738913,207.4813811,0
10790,99.47738913,207.4813811,0
10791,99.47738913,207.4813811,0
10792,99.47738921,207.4813811,0
10793,99.47738921,207.4813811,0
10794,99.47738921,207.4813811,0
10795,99.47738921,207.4813811,0
10796,99.47738921,207.4813811,0
10797,99.47738921,207.4813811,0
10798,99.47738921,207.4813811,0
10799,99.47738921,207.4813811,0
10800,99.47738921,207.4813811,0
10801,99.47738921,207.4813811,0
10802,99.47738921,207.4813811,0
10803,99.47738921,207.4813811,0
10804,99.47738921,207.4813811,0
10805,99.47738921,207.4813811,0
10806,99.47738921,207.4813811,0
10807,99.47738921,207.4813811,0
10808,99.47738921,207.4813811,0
10809,99.47738921,207.4813811,0
10810,99.47738921,207.4813811,0
10811,99.47738921,207.4813811,0
10812,99.47738921,207.4813811,0
10813,99.47738921,207.4813811,0
10814,99.47738921,207.4813811,0
10815,99.47738921,207.4813811,0
10816,99.47738921,207.4813811,0
10817,99.47738921,207.4813811,0
10818,99.47738921,207.4813811,0
10819,99.47738921,207.4813811,0
10820,99.47738921,207.4813811,0
10821,99.47738921,207.4813811,0
10822,99.47738921,207.4813811,0
10823,99.47738921,207.4813811,0
10824,99.47738921,207.4813811,0
10825,99.47738921,207.4813811,0
10826,99.47738921,207.4813811,0
10827,99.47738921,207.4813811,0
10828,99.47738921,207.4813811,0
10829,99.47738921,207.4813811,0
10830,99.47738921,207.4813811,0
10831,99.47738921,207.4813811,0
10832,99.47738921,207.4813811,0
10833,99.47738921,207.4813811,0
10834,99.47738921,201.7969597,0
10835,99.47738921,201.7969597,0
10836,99.47738921,201.7969597,0
10837,99.47738921,201.7969597,0
10838,99.47738921,201.7969597,0
10839,99.47738921,201.7969597,0
10840,99.47738921,201.7969597,0
10841,102.3196003,201.7969597,0
10842,102.3196003,201.7969597,0
10843,102.3196003,201.7969597,0
10844,102.3196003,201.7969597,0
10845,102.3196003,201.7969597,0
10846,102.3196003,201.7969597,0
10847,102.3196003,201.7969597,0
10848,102.3196003,201.7969597,0
10849,102.3196003,201.7969597,0
10850,102.3196003,201.7969597,0
10851,102.3196003,204.6391704,0
10852,102.3196003,204.6391704,0
10853,102.3196003,204.6391704,0
10854,102.3196003,204.6391704,0
10855,102.3196003,204.6391704,0
10856,102.3196003,204.6391704,0
10857,102.3196003,204.6391704,0
10858,102.3196003,204.6391704,0
10859,102.3196003,204.6391704,0
10860,102.3196003,204.6391704,0
10861,102.3196003,204.6391704,0
10862,102.3196003,204.6391704,0
10863,102.3196003,204.6391704,0
10864,102.3196003,204.6391704,0
10865,102.3196003,204.6391704,0
10866,102.3196003,204.6391704,0
10867,102.3196003,204.6391704,0
10868,102.3196003,204.6391704,0
10869,102.3196003,204.6391704,0
10870,102.3196003,204.6391704,0
10871,102.3196003,204.6391704,0
10872,102.3196003,204.6391704,0
10873,102.3196003,204.6391704,0
10874,102.3196003,204.6391704,0
10875,102.3196003,204.6391704,0
10876,102.3196003,204.6391704,0
10877,102.3196003,204.6391704,0
10878,102.3196003,204.6391704,0
10879,102.3196003,204.6391704,0
10880,102.3196003,204.6391704,0
10881,102.3196003,204.6391704,0
10882,102.3196003,204.6391704,0
10883,102.3196003,204.6391704,0
10884,102.3196003,204.6391704,0
10885,102.3196003,204.6391704,0
10886,102.3196003,204.6391704,0
10887,102.3196003,204.6391704,0
10888,102.3196003,204.6391704,0
10889,102.3196003,204.6391704,0
10890,102.3196003,204.6391704,0
10891,99.47738906,204.6391704,0
10892,99.47738906,204.6391704,0
10893,99.47738906,204.6391704,0
10894,99.47738906,204.6391704,0
10895,99.47738906,204.6391704,0
10896,99.47738906,204.6391704,0
10897,99.47738906,204.6391704,0
10898,99.47738906,204.6391704,0
10899,96.63517808,204.6391704,0
10900,96.63517808,204.6391704,0
10901,96.63517808,204.6391704,0
10902,96.63517808,204.6391704,0
10903,96.63517808,204.6391704,0
10904,96.63517808,204.6391704,0
10905,96.63517808,204.6391704,0
10906,99.47738899,204.6391704,0
10907,99.47738899,204.6391704,0
10908,99.47738899,204.6391704,0
10909,99.47738899,204.6391704,0
10910,99.47738899,204.6391704,0
10911,99.47738899,204.6391704,0
10912,99.47738899,204.6391704,0
10913,99.47738899,204.6391704,0
10914,99.47738899,204.6391704,0
10915,99.47738899,204.6391704,0
10916,99.47738899,204.6391704,0
10917,99.47738899,204.6391704,0
10918,99.47738899,204.6391704,0
10919,99.47738899,204.6391704,0
10920,99.47738899,204.6391704,0
10921,99.47738899,204.6391704,0
10922,99.47738899,204.6391704,0
10923,99.47738899,204.6391704,0
10924,99.47738899,204.6391704,0
10925,99.47738899,204.6391704,0
10926,99.47738899,204.6391704,0
10927,99.47738906,204.6391704,0
10928,99.47738906,204.6391704,0
10929,99.47738906,204.6391704,0
10930,99.47738906,204.6391704,0
10931,99.47738906,204.6391704,0
10932,99.47738906,204.6391704,0
10933,99.47738906,204.6391704,0
10934,99.47738906,204.6391704,0
10935,99.47738906,204.6391704,0
10936,99.47738906,204.6391704,0
10937,99.47738906,204.6391704,0
10938,99.47738906,204.6391704,0
10939,99.47738906,204.6391704,0
10940,99.47738906,204.6391704,0
10941,99.47738906,204.6391704,0
10942,99.47738906,204.6391704,0
10943,99.47738906,204.6391704,0
10944,99.47738906,204.6391704,0
10945,99.47738906,204.6391704,0
10946,99.47738906,204.6391704,0
10947,99.47738906,204.6391704,0
10948,99.47738906,204.6391704,0
10949,99.47738906,204.6391704,0
10950,99.47738906,204.6391704,0
10951,99.47738906,204.6391704,0
10952,99.47738906,204.6391704,0
10953,99.47738906,204.6391704,0
10954,99.47738906,204.6391704,0
10955,99.47738906,204.6391704,0
10956,99.47738906,204.6391704,0
10957,99.47738906,204.6391704,0
10958,99.47738906,204.6391704,0
10959,99.47738906,204.6391704,0
10960,99.47738906,204.6391704,0
10961,99.47738906,204.6391704,0
10962,99.47738906,204.6391704,0
10963,99.47738906,204.6391704,0
10964,99.47738906,204.6391704,0
10965,99.47738906,204.6391704,0
10966,99.47738906,204.6391704,0
10967,99.47738906,204.6391704,0
10968,99.47738906,204.6391704,0
10969,99.47738906,204.6391704,0
10970,99.47738906,204.6391704,0
10971,99.47738906,204.6391704,0
10972,99.47738906,204.6391704,0
10973,99.47738906,204.6391704,0
10974,99.47738906,204.6391704,0
10975,99.47738906,204.6391704,0
10976,99.47738906,204.6391704,0
10977,96.63517801,204.6391704,0
10978,96.63517801,204.6391704,0
10979,96.63517801,204.6391704,0
10980,99.47738906,204.6391704,0
10981,99.47738906,204.6391704,0
10982,99.47738906,204.6391704,0
10983,99.47738906,204.6391704,0
10984,99.47738906,204.6391704,0
10985,99.47738906,204.6391704,0
10986,99.47738913,204.6391704,0
10987,99.47738913,204.6391704,0
10988,99.47738913,204.6391704,0
10989,99.47738913,204.6391704,0
10990,99.47738913,204.6391704,0
10991,99.47738913,204.6391704,0
10992,99.47738913,204.6391704,0
10993,99.47738913,204.6391704,0
10994,99.47738913,204.6391704,0
10995,99.47738913,204.6391704,0
10996,99.47738913,204.6391704,0
10997,99.47738913,204.6391704,0
10998,99.47738913,204.6391704,0
10999,99.47738913,204.6391704,0
11000,99.47738913,204.6391704,0
11001,99.47738913,204.6391704,0
11002,99.47738913,204.6391704,0
11003,99.47738913,204.6391704,0
11004,99.47738913,204.6391704,0
11005,99.47738913,204.6391704,0
11006,99.47738913,204.6391704,0
11007,99.47738913,204.6391704,0
11008,99.47738913,204.6391704,0
11009,99.47738913,201.7969597,0
11010,99.47738913,201.7969597,0
11011,99.47738913,201.7969597,0
11012,99.47738913,201.7969597,0
11013,99.47738913,201.7969597,0
11014,99.47738913,201.7969597,0
11015,99.47738913,201.7969597,0
11016,99.47738913,201.7969597,0
11017,99.47738913,201.7969597,0
11018,99.47738913,201.7969597,0
11019,99.47738913,201.7969597,0
11020,99.47738913,204.6391704,0
11021,99.47738913,204.6391704,0
11022,99.47738913,204.6391704,0
11023,99.47738913,204.6391704,0
11024,99.47738913,204.6391704,0
11025,99.47738913,204.6391704,0
11026,99.47738913,204.6391704,0
11027,99.47738913,204.6391704,0
11028,99.47738913,204.6391704,0
11029,99.47738913,204.6391704,0
11030,99.47738913,204.6391704,0
11031,99.47738913,204.6391704,0
11032,99.47738913,204.6391704,0
11033,99.47738913,204.6391704,0
11034,99.47738913,204.6391704,0
11035,99.47738913,204.6391704,0
11036,96.63517808,204.6391704,0
11037,96.63517808,204.6391704,0
11038,96.63517808,204.6391704,0
11039,96.63517808,204.6391704,0
11040,96.63517808,204.6391704,0
11041,96.63517808,204.6391704,0
11042,96.63517808,204.6391704,0
11043,96.63517808,204.6391704,0
11044,96.63517808,207.4813811,0
11045,96.63517808,207.4813811,0
11046,96.63517808,207.4813811,0
11047,96.63517808,207.4813811,0
11048,96.63517808,207.4813811,0
11049,96.63517808,207.4813811,0
11050,96.63517808,207.4813811,0
11051,96.63517808,207.4813811,0
11052,96.63517808,207.4813811,0
11053,96.63517787,207.4813811,0
11054,96.63517787,207.4813811,0
11055,96.63517787,207.4813811,0
11056,96.63517787,207.4813811,0
11057,96.63517787,207.4813811,0
11058,96.63517787,207.4813811,0
11059,96.63517787,207.4813811,0
11060,96.63517787,207.4813811,0
11061,96.63517787,207.4813811,0
11062,96.63517808,207.4813811,0
11063,96.63517808,207.4813811,0
11064,96.63517808,207.4813811,0
11065,99.47738913,207.4813811,0
11066,99.47738913,207.4813811,0
11067,99.47738913,207.4813811,0
11068,99.47738913,207.4813811,0
11069,99.47738913,207.4813811,0
11070,99.47738913,207.4813811,0
11071,99.47738913,207.4813811,0
11072,99.47738913,207.4813811,0
11073,99.47738913,207.4813811,0
11074,99.47738913,207.4813811,0
11075,99.47738913,207.4813811,0
11076,99.47738913,207.4813811,0
11077,99.47738913,207.4813811,0
11078,99.47738913,207.4813811,0
11079,99.47738913,207.4813811,0
11080,99.47738913,207.4813811,0
11081,99.47738913,207.4813811,0
11082,99.47738913,207.4813811,0
11083,99.47738913,207.4813811,0
11084,99.47738913,207.4813811,0
11085,99.47738913,207.4813811,0
11086,99.47738913,207.4813811,0
11087,99.47738913,207.4813811,0
11088,99.47738913,207.4813811,0
11089,99.47738913,207.4813811,0
11090,99.47738913,207.4813811,0
11091,99.47738913,207.4813811,0
11092,99.47738913,207.4813811,0
11093,99.47738913,207.4813811,0
11094,99.47738913,204.6391704,0
11095,99.47738913,204.6391704,0
11096,99.47738913,204.6391704,0
11097,99.47738913,204.6391704,0
11098,99.47738913,204.6391704,0
11099,99.47738913,204.6391704,0
11100,99.47738913,204.6391704,0
11101,99.47738913,204.6391704,0
11102,99.47738913,204.6391704,0
11103,99.47738913,204.6391704,0
11104,99.47738913,204.6391704,0
11105,99.47738913,204.6391704,0
11106,99.47738913,204.6391704,0
11107,99.47738913,204.6391704,0
11108,99.47738913,204.6391704,0
11109,99.47738913,204.6391704,0
11110,99.47738913,204.6391704,0
11111,99.47738913,204.6391704,0
11112,99.47738913,204.6391704,0
11113,99.47738913,207.4813811,0
11114,99.47738913,207.4813811,0
11115,96.63517801,207.4813811,0
11116,96.63517801,207.4813811,0
11117,96.63517801,207.4813811,0
11118,96.63517801,207.4813811,0
11119,96.63517801,207.4813811,0
11120,96.63517801,207.4813811,0
11121,96.63517801,207.4813811,0
11122,96.63517801,207.4813811,0
11123,96.63517801,207.4813811,0
11124,96.63517787,207.4813811,0
11125,96.63517787,207.4813811,1
11126,96.63517787,207.4813811,1
11127,96.63517787,207.4813811,1
11128,96.63517787,207.4813811,1
11129,96.63517787,207.4813811,1
11130,96.63517787,207.4813811,1
11131,96.63517787,207.4813811,1
11132,96.63517787,207.4813811,1
11133,96.63517787,207.4813811,1
11134,96.63517787,207.4813811,1
11135,96.63517787,207.4813811,1
11136,96.63517787,207.4813811,1
11137,96.63517787,207.4813811,1
11138,96.63517787,207.4813811,1
11139,96.63517787,207.4813811,1
11140,96.63517787,207.4813811,1
11141,96.63517787,207.4813811,1
11142,96.63517787,207.4813811,1
11143,96.63517787,207.4813811,1
11144,96.63517787,207.4813811,1
11145,96.63517787,207.4813811,1
11146,96.63517787,207.4813811,1
11147,96.63517787,207.4813811,1
11148,96.63517787,207.4813811,1
11149,96.63517787,207.4813811,1
11150,96.63517787,207.4813811,1
11151,96.63517787,207.4813811,1
11152,96.63517787,207.4813811,1
11153,96.63517787,207.4813811,1
11154,96.63517787,207.4813811,1
11155,96.63517787,207.4813811,1
11156,96.63517787,207.4813811,1
11157,96.63517787,207.4813811,1
11158,96.63517787,207.4813811,1
11159,96.63517787,207.4813811,1
11160,96.63517787,207.4813811,1
11161,96.63517787,207.4813811,1
11162,96.63517787,207.4813811,1
11163,96.63517787,204.6391704,1
11164,96.63517787,204.6391704,1
11165,96.63517787,204.6391704,1
11166,96.63517787,204.6391704,1
11167,96.63517787,204.6391704,1
11168,96.63517787,204.6391704,1
11169,96.63517787,204.6391704,1
11170,96.63517787,204.6391704,1
11171,96.63517787,204.6391704,1
11172,96.63517808,204.6391704,1
11173,96.63517808,204.6391704,1
11174,96.63517808,204.6391704,1
11175,96.63517808,204.6391704,1
11176,96.63517808,204.6391704,1
11177,96.63517808,204.6391704,1
11178,96.63517808,204.6391704,1
11179,96.63517808,204.6391704,1
11180,96.63517808,204.6391704,1
11181,96.63517808,204.6391704,1
11182,96.63517808,204.6391704,1
11183,96.63517808,204.6391704,1
11184,96.63517808,204.6391704,1
11185,96.63517808,204.6391704,1
11186,96.63517808,204.6391704,1
11187,96.63517808,204.6391704,1
11188,96.63517808,204.6391704,1
11189,96.63517808,204.6391704,1
11190,96.63517808,204.6391704,1
11191,96.63517808,204.6391704,1
11192,96.63517808,204.6391704,1
11193,96.63517808,204.6391704,1
11194,99.47738906,204.6391704,1
11195,99.47738906,204.6391704,1
11196,99.47738906,204.6391704,1
11197,99.47738906,204.6391704,1
11198,99.47738906,204.6391704,1
11199,99.47738906,204.6391704,1
11200,99.47738906,204.6391704,1
11201,99.47738906,204.6391704,1
11202,99.47738906,204.6391704,1
11203,99.47738906,204.6391704,1
11204,99.47738906,204.6391704,1
11205,99.47738906,204.6391704,1
11206,99.47738906,204.6391704,1
11207,99.47738906,204.6391704,1
11208,99.47738906,204.6391704,1
11209,99.47738906,204.6391704,1
11210,99.47738906,204.6391704,1
11211,99.47738906,204.6391704,1
11212,99.47738906,204.6391704,1
11213,99.47738906,204.6391704,1
11214,99.47738906,204.6391704,1
11215,99.47738906,204.6391704,1
11216,99.47738906,204.6391704,1
11217,99.47738906,204.6391704,1
11218,99.47738906,204.6391704,1
11219,99.47738906,204.6391704,1
11220,99.47738906,204.6391704,1
11221,99.47738906,204.6391704,1
11222,99.47738906,204.6391704,1
11223,99.47738906,204.6391704,1
11224,99.47738906,204.6391704,1
11225,99.47738906,204.6391704,1
11226,99.47738906,204.6391704,1
11227,99.47738906,204.6391704,1
11228,99.47738906,204.6391704,1
11229,99.47738906,204.6391704,1
11230,99.47738906,204.6391704,1
11231,99.47738906,204.6391704,1
11232,99.47738906,204.6391704,1
11233,99.47738906,204.6391704,1
11234,99.47738906,204.6391704,1
11235,99.47738906,204.6391704,1
11236,99.47738906,204.6391704,1
11237,99.47738906,204.6391704,1
11238,99.47738906,204.6391704,1
11239,99.47738906,204.6391704,1
11240,99.47738906,204.6391704,1
11241,99.47738906,204.6391704,1
11242,99.47738906,204.6391704,1
11243,99.47738906,204.6391704,1
11244,96.63517801,204.6391704,1
11245,96.63517801,204.6391704,1
11246,96.63517801,204.6391704,1
11247,96.63517801,204.6391704,1
11248,96.63517801,204.6391704,1
11249,96.63517801,204.6391704,1
11250,96.63517801,204.6391704,1
11251,96.63517801,204.6391704,1
11252,96.63517801,204.6391704,1
11253,96.63517801,204.6391704,1
11254,96.63517801,204.6391704,1
11255,96.63517801,204.6391704,1
11256,96.63517801,204.6391704,1
11257,96.63517801,204.6391704,1
11258,96.63517801,204.6391704,1
11259,96.63517801,204.6391704,1
11260,96.63517801,204.6391704,1
11261,96.63517801,204.6391704,1
11262,96.63517801,204.6391704,1
11263,96.63517801,204.6391704,1
11264,96.63517801,204.6391704,1
11265,96.63517801,204.6391704,1
11266,96.63517801,204.6391704,1
11267,96.63517801,204.6391704,1
11268,96.63517801,204.6391704,1
11269,96.63517801,204.6391704,1
11270,96.63517801,204.6391704,1
11271,96.63517801,204.6391704,1
11272,96.63517801,204.6391704,1
11273,96.63517801,204.6391704,1
11274,96.63517801,204.6391704,1
11275,96.63517794,204.6391704,1
11276,96.63517794,204.6391704,1
11277,96.63517794,204.6391704,1
11278,96.63517794,204.6391704,1
11279,96.63517794,204.6391704,1
11280,96.63517794,204.6391704,1
11281,96.63517794,204.6391704,1
11282,96.63517794,204.6391704,1
11283,96.63517794,204.6391704,1
11284,96.63517787,204.6391704,1
11285,96.63517787,204.6391704,1
11286,96.63517787,204.6391704,1
11287,96.63517787,204.6391704,1
11288,96.63517787,204.6391704,1
11289,96.63517787,204.6391704,1
11290,96.63517787,204.6391704,1
11291,96.63517787,204.6391704,1
11292,96.63517787,204.6391704,1
11293,96.63517787,204.6391704,1
11294,96.63517787,204.6391704,1
11295,96.63517787,204.6391704,1
11296,96.63517787,204.6391704,1
11297,96.63517801,204.6391704,1
11298,96.63517801,204.6391704,1
11299,96.63517801,204.6391704,1
11300,96.63517801,204.6391704,1
11301,96.63517801,204.6391704,1
11302,96.63517801,204.6391704,1
11303,96.63517801,204.6391704,1
11304,96.63517801,204.6391704,1
11305,96.63517801,204.6391704,1
11306,96.63517801,204.6391704,1
11307,96.63517801,204.6391704,1
11308,96.63517801,204.6391704,1
11309,96.63517801,204.6391704,1
11310,96.63517801,204.6391704,1
11311,96.63517801,204.6391704,1
11312,96.63517801,204.6391704,1
11313,96.63517801,204.6391704,1
11314,96.63517801,204.6391704,1
11315,96.63517801,204.6391704,1
11316,96.63517801,204.6391704,1
11317,96.63517801,204.6391704,1
11318,96.63517801,204.6391704,1
11319,96.63517801,204.6391704,1
11320,96.63517801,204.6391704,1
11321,96.63517801,204.6391704,1
11322,96.63517801,204.6391704,1
11323,96.63517801,204.6391704,1
11324,96.63517801,204.6391704,1
11325,96.63517801,204.6391704,1
11326,96.63517801,204.6391704,1
11327,96.63517801,204.6391704,1
11328,96.63517801,204.6391704,1
11329,96.63517801,204.6391704,1
11330,96.63517801,204.6391704,1
11331,96.63517801,204.6391704,1
11332,96.63517801,204.6391704,1
11333,96.63517801,204.6391704,1
11334,96.63517801,204.6391704,1
11335,96.63517801,204.6391704,1
11336,96.63517801,204.6391704,1
11337,96.63517801,204.6391704,1
11338,96.63517801,204.6391704,1
11339,96.63517801,204.6391704,1
11340,96.63517801,204.6391704,1
11341,96.63517801,204.6391704,1
11342,96.63517801,204.6391704,1
11343,96.63517801,204.6391704,1
11344,96.63517801,204.6391704,1
11345,96.63517801,204.6391704,1
11346,96.63517801,204.6391704,1
11347,93.79296696,204.6391704,1
11348,93.79296696,204.6391704,1
11349,93.79296696,201.7969597,1
11350,93.79296696,201.7969597,1
11351,93.79296696,201.7969597,1
11352,93.79296696,201.7969597,1
11353,93.79296696,201.7969597,1
11354,93.79296696,201.7969597,1
11355,93.79296696,201.7969597,1
11356,93.79296696,201.7969597,1
11357,93.79296696,201.7969597,1
11358,93.79296696,201.7969597,1
11359,93.79296696,201.7969597,1
11360,93.79296696,201.7969597,1
11361,93.79296696,201.7969597,1
11362,93.79296696,201.7969597,1
11363,93.79296696,201.7969597,1
11364,93.79296696,201.7969597,1
11365,93.79296696,201.7969597,1
11366,93.79296696,201.7969597,1
11367,93.79296696,201.7969597,1
11368,93.79296696,201.7969597,1
11369,93.79296696,201.7969597,1
11370,93.79296696,201.7969597,1
11371,93.79296696,201.7969597,1
11372,93.79296696,201.7969597,1
11373,93.79296696,201.7969597,1
11374,93.79296696,201.7969597,1
11375,93.79296696,201.7969597,1
11376,93.79296696,201.7969597,1
11377,93.79296696,201.7969597,1
11378,90.95075569,201.7969597,1
11379,90.95075569,201.7969597,1
11380,90.95075569,201.7969597,1
11381,90.95075562,201.7969597,1
11382,90.95075562,201.7969597,1
11383,90.95075562,201.7969597,1
11384,90.95075562,201.7969597,1
11385,90.95075562,201.7969597,1
11386,90.95075562,201.7969597,1
11387,90.95075569,201.7969597,1
11388,90.95075569,201.7969597,1
11389,90.95075569,201.7969597,1
11390,99.47738906,201.7969597,1
11391,99.47738906,201.7969597,1
11392,99.47738906,201.7969597,1
11393,99.47738906,201.7969597,1
11394,99.47738906,201.7969597,1
11395,99.47738906,201.7969597,1
11396,99.47738906,201.7969597,1
11397,99.47738906,201.7969597,1
11398,99.47738906,201.7969597,1
11399,99.47738906,198.954749,1
11400,99.47738906,198.954749,1
11401,99.47738906,198.954749,1
11402,99.47738906,201.7969597,1
11403,99.47738906,201.7969597,1
11404,99.47738906,201.7969597,1
11405,99.47738906,201.7969597,1
11406,99.47738906,201.7969597,1
11407,99.47738906,201.7969597,1
11408,99.47738906,201.7969597,1
11409,99.47738906,201.7969597,1
11410,99.47738906,201.7969597,1
11411,99.47738906,201.7969597,1
11412,99.47738906,201.7969597,1
11413,99.47738906,201.7969597,1
11414,99.47738906,201.7969597,1
11415,99.47738906,201.7969597,1
11416,99.47738906,201.7969597,1
11417,99.47738906,201.7969597,1
11418,99.47738906,201.7969597,1
11419,99.47738906,201.7969597,1
11420,99.47738906,201.7969597,1
11421,99.47738906,201.7969597,1
11422,99.47738906,201.7969597,1
11423,99.47738906,201.7969597,1
11424,99.47738906,201.7969597,1
11425,99.47738906,201.7969597,1
11426,99.47738906,201.7969597,1
11427,99.47738906,201.7969597,1
11428,99.47738906,201.7969597,1
11429,99.47738906,201.7969597,1
11430,99.47738906,201.7969597,1
11431,99.47738906,201.7969597,1
11432,99.47738906,201.7969597,1
11433,99.47738906,201.7969597,1
11434,99.47738906,201.7969597,1
11435,99.47738906,201.7969597,1
11436,99.47738906,201.7969597,1
11437,99.47738906,201.7969597,1
11438,99.47738906,201.7969597,1
11439,99.47738906,204.6391704,1
11440,96.63517801,204.6391704,1
11441,96.63517801,204.6391704,1
11442,96.63517801,204.6391704,1
11443,96.63517801,204.6391704,1
11444,96.63517801,204.6391704,1
11445,96.63517801,204.6391704,1
11446,96.63517801,204.6391704,1
11447,96.63517801,204.6391704,1
11448,96.63517801,204.6391704,1
11449,96.63517801,204.6391704,1
11450,96.63517801,204.6391704,1
11451,96.63517801,204.6391704,1
11452,96.63517801,204.6391704,1
11453,96.63517801,204.6391704,1
11454,96.63517801,204.6391704,1
11455,96.63517801,204.6391704,1
11456,96.63517801,204.6391704,1
11457,96.63517801,204.6391704,1
11458,96.63517801,204.6391704,1
11459,96.63517801,204.6391704,1
11460,96.63517801,204.6391704,1
11461,96.63517801,204.6391704,1
11462,96.63517801,204.6391704,1
11463,96.63517801,204.6391704,1
11464,96.63517801,204.6391704,1
11465,96.63517801,204.6391704,1
11466,96.63517801,204.6391704,1
11467,96.63517801,204.6391704,1
11468,96.63517801,204.6391704,1
11469,96.63517801,204.6391704,1
11470,96.63517801,204.6391704,1
11471,96.63517801,204.6391704,1
11472,96.63517801,204.6391704,1
11473,96.63517801,204.6391704,1
11474,96.63517801,204.6391704,1
11475,96.63517801,204.6391704,1
11476,96.63517801,204.6391704,1
11477,96.63517801,204.6391704,1
11478,96.63517801,204.6391704,1
11479,96.63517801,204.6391704,1
11480,96.63517787,204.6391704,1
11481,96.63517787,204.6391704,1
11482,96.63517787,204.6391704,1
11483,96.63517787,204.6391704,1
11484,96.63517787,204.6391704,1
11485,96.63517787,204.6391704,1
11486,96.63517787,204.6391704,1
11487,96.63517787,204.6391704,1
11488,96.63517787,204.6391704,1
11489,96.63517787,204.6391704,1
11490,96.63517787,204.6391704,1
11491,96.63517787,204.6391704,1
11492,96.63517787,204.6391704,1
11493,96.63517787,204.6391704,1
11494,96.63517787,204.6391704,1
11495,96.63517787,204.6391704,1
11496,96.63517787,204.6391704,1
11497,96.63517787,204.6391704,1
11498,96.63517787,204.6391704,1
11499,96.63517787,204.6391704,1
11500,96.63517787,204.6391704,1
11501,96.63517787,204.6391704,1
11502,96.63517787,204.6391704,1
11503,96.63517787,204.6391704,1
11504,96.63517787,204.6391704,1
11505,96.63517787,204.6391704,1
11506,96.63517787,204.6391704,1
11507,96.63517787,204.6391704,1
11508,96.63517787,204.6391704,1
11509,96.63517787,204.6391704,1
11510,96.63517787,204.6391704,1
11511,96.63517787,204.6391704,1
11512,96.63517787,204.6391704,1
11513,96.63517787,204.6391704,1
11514,96.63517787,204.6391704,1
11515,96.63517787,204.6391704,1
11516,96.63517787,204.6391704,1
11517,96.63517787,204.6391704,1
11518,96.63517787,204.6391704,1
11519,96.63517787,204.6391704,1
11520,96.63517787,204.6391704,1
11521,96.63517787,204.6391704,1
11522,96.63517787,204.6391704,1
11523,96.63517787,204.6391704,1
11524,96.63517787,204.6391704,1
11525,96.63517787,204.6391704,1
11526,96.63517787,204.6391704,1
11527,96.63517787,204.6391704,1
11528,96.63517787,204.6391704,1
11529,96.63517787,204.6391704,1
11530,96.63517787,204.6391704,1
11531,96.63517787,204.6391704,1
11532,96.63517787,204.6391704,1
11533,96.63517787,201.7969597,1
11534,96.63517787,201.7969597,1
11535,96.63517787,201.7969597,1
11536,96.63517787,201.7969597,1
11537,96.63517787,201.7969597,1
11538,96.63517787,201.7969597,1
11539,96.63517787,201.7969597,1
11540,96.63517787,204.6391704,1
11541,96.63517787,204.6391704,1
11542,96.63517787,204.6391704,1
11543,96.63517787,204.6391704,1
11544,96.63517787,204.6391704,1
11545,96.63517787,204.6391704,1
11546,96.63517787,204.6391704,1
11547,96.63517787,204.6391704,1
11548,96.63517787,204.6391704,1
11549,96.63517787,204.6391704,1
11550,96.63517787,204.6391704,1
11551,96.63517787,204.6391704,1
11552,96.63517787,204.6391704,1
11553,96.63517787,204.6391704,1
11554,96.63517787,204.6391704,1
11555,96.63517787,204.6391704,1
11556,96.63517787,204.6391704,1
11557,96.63517787,204.6391704,1
11558,96.63517787,204.6391704,1
11559,96.63517787,204.6391704,1
11560,96.63517787,204.6391704,1
11561,96.63517787,204.6391704,1
11562,96.63517787,204.6391704,1
11563,96.63517787,204.6391704,1
11564,96.63517787,204.6391704,1
11565,96.63517787,204.6391704,1
11566,96.63517787,204.6391704,1
11567,96.63517787,204.6391704,1
11568,96.63517787,204.6391704,1
11569,96.63517787,204.6391704,1
11570,96.63517787,204.6391704,1
11571,96.63517787,204.6391704,1
11572,96.63517787,204.6391704,1
11573,96.63517787,204.6391704,1
11574,96.63517787,204.6391704,1
11575,96.63517787,204.6391704,1
11576,96.63517787,204.6391704,1
11577,96.63517787,204.6391704,1
11578,96.63517787,204.6391704,1
11579,96.63517787,204.6391704,1
11580,96.63517787,204.6391704,1
11581,96.63517787,204.6391704,1
11582,96.63517787,204.6391704,1
11583,96.63517787,204.6391704,1
11584,96.63517787,204.6391704,1
11585,96.63517787,204.6391704,1
11586,88.10854464,204.6391704,1
11587,88.10854464,204.6391704,1
11588,88.10854464,204.6391704,1
11589,88.10854464,204.6391704,1
11590,88.10854464,198.954749,1
11591,88.10854464,198.954749,1
11592,88.10854464,198.954749,1
11593,88.10854464,198.954749,1
11594,88.10854464,201.7969597,1
11595,96.63517787,201.7969597,1
11596,96.63517787,201.7969597,1
11597,96.63517787,201.7969597,1
11598,96.63517787,201.7969597,1
11599,96.63517787,201.7969597,1
11600,96.63517787,201.7969597,1
11601,96.63517787,201.7969597,1
11602,96.63517787,201.7969597,1
11603,96.63517787,201.7969597,1
11604,96.63517787,201.7969597,1
11605,96.63517787,201.7969597,1
11606,96.63517787,201.7969597,1
11607,96.63517787,201.7969597,1
11608,96.63517787,201.7969597,1
11609,96.63517787,201.7969597,1
11610,96.63517787,201.7969597,1
11611,96.63517787,201.7969597,1
11612,96.63517787,201.7969597,1
11613,96.63517787,201.7969597,1
11614,96.63517787,201.7969597,1
11615,96.63517787,201.7969597,1
11616,96.63517787,201.7969597,1
11617,96.63517787,201.7969597,1
11618,96.63517787,201.7969597,1
11619,96.63517787,201.7969597,1
11620,96.63517787,201.7969597,1
11621,96.63517787,201.7969597,1
11622,96.63517787,201.7969597,1
11623,96.63517787,201.7969597,1
11624,96.63517787,201.7969597,1
11625,96.63517787,201.7969597,1
11626,96.63517787,201.7969597,1
11627,96.63517787,201.7969597,1
11628,96.63517787,201.7969597,1
11629,96.63517787,201.7969597,1
11630,96.63517787,201.7969597,1
11631,96.63517787,201.7969597,1
11632,96.63517787,201.7969597,1
11633,96.63517787,201.7969597,1
11634,96.63517787,201.7969597,1
11635,96.63517787,201.7969597,1
11636,96.63517787,201.7969597,1
11637,96.63517787,201.7969597,1
11638,96.63517787,201.7969597,1
11639,96.63517787,201.7969597,1
11640,96.63517787,201.7969597,1
11641,96.63517787,201.7969597,1
11642,96.63517787,201.7969597,1
11643,96.63517787,201.7969597,1
11644,96.63517787,204.6391704,1
11645,93.79296675,204.6391704,1
11646,93.79296675,204.6391704,1
11647,93.79296675,204.6391704,1
11648,93.79296675,204.6391704,1
11649,93.79296675,204.6391704,1
11650,93.79296675,204.6391704,1
11651,93.79296675,204.6391704,1
11652,96.63517787,204.6391704,1
11653,96.63517787,204.6391704,1
11654,96.63517787,204.6391704,1
11655,96.63517787,204.6391704,1
11656,96.63517787,204.6391704,1
11657,96.63517787,204.6391704,1
11658,96.63517787,204.6391704,1
11659,96.63517787,204.6391704,1
11660,96.63517787,204.6391704,1
11661,96.63517787,204.6391704,1
11662,96.63517787,204.6391704,1
11663,96.63517787,204.6391704,1
11664,96.63517787,204.6391704,1
11665,96.63517787,204.6391704,1
11666,96.63517787,204.6391704,1
11667,96.63517787,204.6391704,1
11668,96.63517787,204.6391704,1
11669,96.63517787,204.6391704,1
11670,96.63517787,204.6391704,1
11671,96.63517787,204.6391704,1
11672,96.63517787,204.6391704,1
11673,96.63517787,204.6391704,1
11674,96.63517787,204.6391704,1
11675,96.63517787,204.6391704,1
11676,96.63517787,204.6391704,1
11677,96.63517787,204.6391704,1
11678,96.63517787,204.6391704,1
11679,96.63517787,204.6391704,1
11680,96.63517787,204.6391704,1
11681,96.63517787,204.6391704,1
11682,96.63517787,204.6391704,1
11683,96.63517787,204.6391704,1
11684,96.63517787,204.6391704,1
11685,96.63517787,204.6391704,1
11686,96.63517787,204.6391704,1
11687,96.63517787,204.6391704,1
11688,96.63517787,204.6391704,1
11689,96.63517787,204.6391704,1
11690,96.63517794,204.6391704,1
11691,96.63517794,204.6391704,1
11692,96.63517794,204.6391704,1
11693,96.63517794,204.6391704,1
11694,96.63517794,201.7969597,1
11695,96.63517794,201.7969597,1
11696,96.63517794,201.7969597,1
11697,96.63517794,201.7969597,1
11698,96.63517794,201.7969597,1
11699,96.63517794,201.7969597,1
11700,96.63517794,201.7969597,1
11701,96.63517794,201.7969597,1
11702,96.63517794,201.7969597,1
11703,96.63517794,201.7969597,1
11704,96.63517794,201.7969597,1
11705,96.63517794,201.7969597,1
11706,96.63517794,201.7969597,1
11707,96.63517794,201.7969597,1
11708,96.63517794,201.7969597,1
11709,96.63517794,201.7969597,1
11710,96.63517794,201.7969597,1
11711,96.63517794,201.7969597,1
11712,96.63517794,201.7969597,1
11713,96.63517794,204.6391704,1
11714,96.63517794,204.6391704,1
11715,96.63517794,204.6391704,1
11716,96.63517794,204.6391704,1
11717,96.63517794,204.6391704,1
11718,96.63517794,204.6391704,1
11719,96.63517794,204.6391704,1
11720,96.63517794,204.6391704,1
11721,96.63517794,204.6391704,1
11722,96.63517794,204.6391704,1
11723,96.63517794,204.6391704,1
11724,96.63517794,204.6391704,1
11725,96.63517794,204.6391704,1
11726,96.63517794,204.6391704,1
11727,96.63517794,204.6391704,1
11728,96.63517794,204.6391704,1
11729,96.63517794,204.6391704,1
11730,96.63517794,204.6391704,1
11731,96.63517794,204.6391704,1
11732,96.63517794,204.6391704,1
11733,96.63517794,204.6391704,1
11734,96.63517794,204.6391704,1
11735,96.63517794,204.6391704,1
11736,96.63517794,204.6391704,1
11737,96.63517794,204.6391704,1
11738,96.63517794,204.6391704,1
11739,96.63517794,204.6391704,1
11740,93.79296689,204.6391704,1
11741,93.79296689,204.6391704,1
11742,93.79296689,204.6391704,1
11743,93.79296689,204.6391704,1
11744,93.79296689,204.6391704,1
11745,93.79296689,204.6391704,1
11746,93.79296689,204.6391704,1
11747,93.79296689,204.6391704,1
11748,93.79296689,204.6391704,1
11749,90.95075583,204.6391704,1
11750,90.95075583,204.6391704,1
11751,90.95075583,204.6391704,1
11752,90.95075583,204.6391704,1
11753,90.95075583,204.6391704,1
11754,90.95075583,204.6391704,1
11755,90.95075583,204.6391704,1
11756,90.95075583,204.6391704,1
11757,90.95075583,204.6391704,1
11758,90.95075583,204.6391704,1
11759,90.95075583,204.6391704,1
11760,90.95075583,204.6391704,1
11761,90.95075583,204.6391704,1
11762,90.95075583,204.6391704,1
11763,90.95075583,204.6391704,1
11764,90.95075583,204.6391704,1
11765,90.95075583,204.6391704,1
11766,90.95075583,204.6391704,1
11767,90.95075583,204.6391704,1
11768,90.95075583,204.6391704,1
11769,90.95075583,204.6391704,1
11770,90.95075583,204.6391704,1
11771,93.79296689,204.6391704,1
11772,93.79296689,204.6391704,1
11773,93.79296689,204.6391704,1
11774,93.79296689,204.6391704,1
11775,93.79296689,204.6391704,1
11776,93.79296689,204.6391704,1
11777,93.79296689,204.6391704,1
11778,93.79296689,204.6391704,1
11779,93.79296689,204.6391704,1
11780,93.79296689,204.6391704,1
11781,93.79296689,204.6391704,1
11782,93.79296689,204.6391704,1
11783,93.79296689,204.6391704,1
11784,93.79296689,204.6391704,1
11785,93.79296689,204.6391704,1
11786,93.79296689,204.6391704,1
11787,93.79296689,204.6391704,1
11788,93.79296689,204.6391704,1
11789,93.79296689,204.6391704,1
11790,93.79296689,204.6391704,1
11791,93.79296689,204.6391704,1
11792,93.79296689,204.6391704,1
11793,93.79296689,204.6391704,1
11794,93.79296689,204.6391704,1
11795,93.79296689,204.6391704,1
11796,93.79296689,204.6391704,1
11797,93.79296689,204.6391704,1
11798,93.79296689,204.6391704,1
11799,93.79296689,204.6391704,1
11800,93.79296689,201.7969597,1
11801,93.79296689,201.7969597,1
11802,93.79296689,201.7969597,1
11803,93.79296689,201.7969597,1
11804,93.79296689,201.7969597,1
11805,93.79296689,201.7969597,1
11806,93.79296689,201.7969597,1
11807,93.79296689,201.7969597,1
11808,93.79296689,201.7969597,1
11809,93.79296689,201.7969597,1
11810,93.79296689,201.7969597,1
11811,93.79296689,201.7969597,1
11812,93.79296689,201.7969597,1
11813,93.79296689,201.7969597,1
11814,93.79296689,201.7969597,1
11815,93.79296689,201.7969597,1
11816,93.79296689,201.7969597,1
11817,93.79296689,204.6391704,1
11818,93.79296689,204.6391704,1
11819,93.79296689,204.6391704,1
11820,93.79296689,204.6391704,1
11821,93.79296682,204.6391704,1
11822,93.79296682,204.6391704,1
11823,93.79296682,204.6391704,1
11824,93.79296682,204.6391704,1
11825,93.79296682,204.6391704,1
11826,93.79296682,204.6391704,1
11827,93.79296682,204.6391704,1
11828,93.79296682,204.6391704,1
11829,93.79296682,204.6391704,1
11830,93.79296682,204.6391704,1
11831,93.79296682,204.6391704,1
11832,93.79296682,204.6391704,1
11833,93.79296682,204.6391704,1
11834,93.79296682,204.6391704,1
11835,93.79296682,204.6391704,1
11836,93.79296682,204.6391704,1
11837,93.79296682,204.6391704,1
11838,93.79296682,204.6391704,1
11839,93.79296682,204.6391704,1
11840,93.79296682,204.6391704,1
11841,93.79296682,204.6391704,1
11842,93.79296682,204.6391704,1
11843,93.79296682,204.6391704,1
11844,93.79296682,204.6391704,1
11845,93.79296682,204.6391704,1
11846,93.79296682,204.6391704,1
11847,93.79296682,204.6391704,1
11848,93.79296682,204.6391704,1
11849,93.79296682,204.6391704,1
11850,93.79296682,204.6391704,1
11851,93.79296682,204.6391704,1
11852,93.79296682,204.6391704,1
11853,93.79296682,204.6391704,1
11854,93.79296682,204.6391704,1
11855,93.79296682,204.6391704,1
11856,93.79296682,204.6391704,1
11857,93.79296682,204.6391704,1
11858,93.79296682,204.6391704,1
11859,93.79296682,204.6391704,1
11860,93.79296682,204.6391704,1
11861,93.79296682,204.6391704,1
11862,93.79296682,204.6391704,1
11863,93.79296682,204.6391704,1
11864,93.79296682,204.6391704,1
11865,93.79296696,204.6391704,1
11866,93.79296696,204.6391704,1
11867,93.79296696,204.6391704,1
11868,93.79296696,204.6391704,1
11869,93.79296696,204.6391704,1
11870,93.79296696,204.6391704,1
11871,93.79296696,204.6391704,1
11872,93.79296696,204.6391704,1
11873,93.79296696,201.7969597,1
11874,93.79296696,201.7969597,1
11875,93.79296696,201.7969597,1
11876,93.79296696,201.7969597,1
11877,93.79296696,201.7969597,1
11878,93.79296696,201.7969597,1
11879,93.79296696,201.7969597,1
11880,93.79296696,201.7969597,1
11881,93.79296696,201.7969597,1
11882,93.79296696,201.7969597,1
11883,93.79296696,204.6391704,1
11884,93.79296696,204.6391704,1
11885,93.79296696,204.6391704,1
11886,93.79296696,204.6391704,1
11887,93.79296696,204.6391704,1
11888,93.79296696,204.6391704,1
11889,93.79296696,204.6391704,1
11890,93.79296696,204.6391704,1
11891,93.79296696,204.6391704,1
11892,93.79296696,204.6391704,1
11893,93.79296696,204.6391704,1
11894,93.79296696,204.6391704,1
11895,93.79296696,204.6391704,1
11896,93.79296696,204.6391704,1
11897,93.79296696,204.6391704,1
11898,93.79296696,204.6391704,1
11899,93.79296696,204.6391704,1
11900,93.79296696,204.6391704,1
11901,93.79296696,204.6391704,1
11902,93.79296696,204.6391704,1
11903,93.79296696,204.6391704,1
11904,93.79296696,204.6391704,1
11905,93.79296696,204.6391704,1
11906,93.79296696,204.6391704,1
11907,93.79296696,204.6391704,1
11908,93.79296696,204.6391704,1
11909,93.79296696,204.6391704,1
11910,93.79296696,204.6391704,1
11911,93.79296696,204.6391704,1
11912,93.79296696,204.6391704,1
11913,93.79296696,204.6391704,1
11914,93.79296696,204.6391704,1
11915,93.79296696,204.6391704,1
11916,93.79296696,204.6391704,1
11917,93.79296696,204.6391704,1
11918,93.79296696,204.6391704,1
11919,93.79296696,204.6391704,1
11920,93.79296696,207.4813811,1
11921,93.79296696,207.4813811,1
11922,93.79296696,207.4813811,1
11923,93.79296696,207.4813811,1
11924,93.79296696,207.4813811,1
11925,93.79296696,207.4813811,1
11926,93.79296696,207.4813811,1
11927,93.79296696,207.4813811,1
11928,93.79296696,207.4813811,1
11929,93.79296696,207.4813811,1
11930,93.79296696,207.4813811,1
11931,93.79296696,207.4813811,1
11932,93.79296696,207.4813811,1
11933,93.79296696,207.4813811,1
11934,93.79296696,207.4813811,1
11935,93.79296696,207.4813811,1
11936,93.79296696,207.4813811,1
11937,93.79296696,207.4813811,1
11938,93.79296696,207.4813811,1
11939,93.79296696,207.4813811,1
11940,93.79296696,207.4813811,1
11941,93.79296696,207.4813811,1
11942,93.79296696,207.4813811,1
11943,93.79296696,207.4813811,1
11944,93.79296696,207.4813811,1
11945,93.79296696,207.4813811,1
11946,93.79296696,207.4813811,1
11947,93.79296696,207.4813811,1
11948,93.79296696,207.4813811,1
11949,93.79296696,207.4813811,1
11950,93.79296696,207.4813811,1
11951,93.79296696,207.4813811,1
11952,93.79296696,207.4813811,1
11953,93.79296696,207.4813811,1
11954,93.79296696,207.4813811,1
11955,93.79296696,207.4813811,1
11956,93.79296696,207.4813811,1
11957,93.79296696,207.4813811,1
11958,93.79296696,207.4813811,1
11959,93.79296696,207.4813811,1
11960,93.79296696,207.4813811,1
11961,93.79296696,207.4813811,1
11962,93.79296696,207.4813811,1
11963,93.79296696,207.4813811,1
11964,93.79296696,207.4813811,1
11965,93.79296696,207.4813811,1
11966,93.79296696,207.4813811,1
11967,93.79296696,207.4813811,1
11968,93.79296696,207.4813811,1
11969,93.79296696,207.4813811,1
11970,93.79296696,204.6391704,1
11971,93.79296696,204.6391704,1
11972,93.79296696,204.6391704,1
11973,93.79296696,204.6391704,1
11974,93.79296696,204.6391704,1
11975,93.79296696,204.6391704,1
11976,93.79296696,204.6391704,1
11977,93.79296696,204.6391704,1
11978,93.79296696,204.6391704,1
11979,93.79296696,204.6391704,1
11980,93.79296696,204.6391704,1
11981,93.79296696,204.6391704,1
11982,93.79296696,204.6391704,1
11983,93.79296696,204.6391704,1
11984,93.79296696,204.6391704,1
11985,93.79296696,204.6391704,1
11986,93.79296696,204.6391704,1
11987,93.79296696,204.6391704,1
11988,93.79296696,204.6391704,1
11989,93.79296696,204.6391704,1
11990,93.79296696,204.6391704,1
11991,93.79296696,204.6391704,1
11992,93.79296696,204.6391704,1
11993,93.79296696,204.6391704,1
11994,93.79296696,204.6391704,1
11995,93.79296696,204.6391704,1
11996,93.79296696,204.6391704,1
11997,93.79296696,204.6391704,1
11998,93.79296696,204.6391704,1
11999,93.79296696,204.6391704,1
12000,93.79296696,204.6391704,1
12001,93.79296696,204.6391704,1
12002,93.79296696,204.6391704,1
12003,93.79296696,204.6391704,1
12004,93.79296696,204.6391704,1
12005,93.79296696,204.6391704,1
12006,93.79296696,204.6391704,1
12007,93.79296696,204.6391704,1
12008,93.79296696,204.6391704,1
12009,93.79296696,204.6391704,1
12010,93.79296696,204.6391704,1
12011,93.79296696,204.6391704,1
12012,93.79296696,204.6391704,1
12013,93.79296696,204.6391704,1
12014,93.79296696,204.6391704,1
12015,93.79296696,204.6391704,1
12016,93.79296696,204.6391704,1
12017,93.79296696,204.6391704,1
12018,93.79296696,204.6391704,1
12019,93.79296696,204.6391704,1
12020,93.79296696,204.6391704,1
12021,93.79296689,204.6391704,1
12022,93.79296696,204.6391704,1
12023,93.79296696,204.6391704,1
12024,93.79296696,204.6391704,1
12025,93.79296696,204.6391704,1
12026,93.79296696,204.6391704,1
12027,93.79296696,204.6391704,1
12028,93.79296696,204.6391704,1
12029,93.79296696,204.6391704,1
12030,93.79296696,204.6391704,1
12031,93.79296696,204.6391704,1
12032,93.79296696,204.6391704,1
12033,93.79296696,204.6391704,1
12034,93.79296696,204.6391704,1
12035,93.79296696,204.6391704,1
12036,93.79296696,204.6391704,1
12037,93.79296696,204.6391704,1
12038,93.79296696,204.6391704,1
12039,93.79296696,204.6391704,1
12040,93.79296696,204.6391704,1
12041,93.79296696,204.6391704,1
12042,93.79296696,204.6391704,1
12043,93.79296696,204.6391704,1
12044,93.79296696,204.6391704,1
12045,93.79296696,204.6391704,1
12046,93.79296696,204.6391704,1
12047,93.79296696,204.6391704,1
12048,93.79296696,204.6391704,1
12049,93.79296696,204.6391704,1
12050,93.79296696,204.6391704,1
12051,93.79296696,204.6391704,1
12052,93.79296696,204.6391704,1
12053,93.79296696,204.6391704,1
12054,93.79296696,204.6391704,1
12055,93.79296696,204.6391704,1
12056,93.79296696,204.6391704,1
12057,93.79296696,204.6391704,1
12058,93.79296696,204.6391704,1
12059,93.79296696,204.6391704,1
12060,93.79296696,204.6391704,1
12061,93.79296696,204.6391704,1
12062,93.79296696,204.6391704,1
12063,93.79296696,204.6391704,1
12064,93.79296696,204.6391704,1
12065,93.79296696,204.6391704,1
12066,93.79296696,204.6391704,1
12067,93.79296696,204.6391704,1
12068,93.79296696,204.6391704,1
12069,93.79296696,204.6391704,1
12070,93.79296696,204.6391704,1
12071,93.79296696,204.6391704,1
12072,93.79296696,204.6391704,1
12073,93.79296696,204.6391704,1
12074,93.79296696,204.6391704,1
12075,93.79296696,204.6391704,1
12076,93.79296696,204.6391704,1
12077,93.79296696,204.6391704,1
12078,93.79296696,204.6391704,1
12079,93.79296696,204.6391704,1
12080,93.79296696,204.6391704,1
12081,93.79296696,204.6391704,1
12082,93.79296696,204.6391704,1
12083,93.79296696,204.6391704,1
12084,93.79296696,204.6391704,1
12085,93.79296696,204.6391704,1
12086,93.79296696,204.6391704,1
12087,93.79296696,204.6391704,1
12088,93.79296696,204.6391704,1
12089,93.79296696,204.6391704,1
12090,93.79296696,204.6391704,1
12091,93.79296696,204.6391704,1
12092,90.95075583,204.6391704,1
12093,90.95075583,204.6391704,1
12094,90.95075583,204.6391704,1
12095,90.95075583,204.6391704,1
12096,90.95075583,204.6391704,1
12097,93.79296675,204.6391704,1
12098,93.79296675,204.6391704,1
12099,93.79296696,204.6391704,1
12100,93.79296696,204.6391704,1
12101,93.79296696,204.6391704,1
12102,93.79296696,204.6391704,1
12103,93.79296696,204.6391704,1
12104,93.79296696,204.6391704,1
12105,93.79296696,204.6391704,1
12106,93.79296696,204.6391704,1
12107,93.79296696,204.6391704,1
12108,93.79296696,204.6391704,1
12109,93.79296696,204.6391704,1
12110,93.79296696,204.6391704,1
12111,93.79296696,204.6391704,1
12112,93.79296696,204.6391704,1
12113,93.79296696,204.6391704,1
12114,93.79296696,204.6391704,1
12115,93.79296696,204.6391704,1
12116,93.79296696,204.6391704,1
12117,93.79296696,204.6391704,1
12118,93.79296696,204.6391704,1
12119,93.79296696,204.6391704,1
12120,93.79296696,204.6391704,1
12121,93.79296696,204.6391704,1
12122,93.79296696,204.6391704,1
12123,93.79296696,204.6391704,1
12124,93.79296696,204.6391704,1
12125,93.79296696,204.6391704,1
12126,93.79296696,204.6391704,1
12127,93.79296696,204.6391704,1
12128,93.79296696,204.6391704,1
12129,93.79296696,204.6391704,1
12130,93.79296696,204.6391704,1
12131,93.79296696,204.6391704,1
12132,93.79296696,204.6391704,1
12133,93.79296696,204.6391704,1
12134,93.79296696,204.6391704,1
12135,93.79296696,204.6391704,1
12136,93.79296696,204.6391704,1
12137,93.79296696,204.6391704,1
12138,93.79296696,204.6391704,1
12139,93.79296696,204.6391704,1
12140,93.79296696,204.6391704,1
12141,93.79296696,204.6391704,1
12142,93.79296696,204.6391704,1
12143,93.79296696,204.6391704,1
12144,93.79296696,204.6391704,1
12145,93.79296696,204.6391704,1
12146,93.79296696,204.6391704,1
12147,93.79296696,204.6391704,1
12148,93.79296696,204.6391704,1
12149,93.79296675,204.6391704,1
12150,93.79296675,204.6391704,1
12151,93.79296675,204.6391704,1
12152,93.79296675,204.6391704,1
12153,93.79296675,204.6391704,1
12154,93.79296675,204.6391704,1
12155,93.79296675,204.6391704,1
12156,93.79296675,204.6391704,1
12157,93.79296675,204.6391704,1
12158,93.79296675,204.6391704,1
12159,93.79296675,204.6391704,1
12160,93.79296675,204.6391704,1
12161,93.79296675,204.6391704,1
12162,93.79296675,204.6391704,1
12163,93.79296675,204.6391704,1
12164,93.79296675,204.6391704,1
12165,93.79296675,204.6391704,1
12166,93.79296675,204.6391704,1
12167,93.79296675,204.6391704,1
12168,93.79296675,204.6391704,1
12169,93.79296675,204.6391704,1
12170,93.79296675,204.6391704,1
12171,93.79296675,204.6391704,1
12172,93.79296675,204.6391704,1
12173,93.79296675,204.6391704,1
12174,93.79296675,204.6391704,1
12175,93.79296675,204.6391704,1
12176,93.79296675,204.6391704,1
12177,93.79296675,204.6391704,1
12178,93.79296675,204.6391704,1
12179,93.79296675,204.6391704,1
12180,93.79296675,204.6391704,1
12181,93.79296675,204.6391704,1
12182,93.79296675,204.6391704,1
12183,93.79296675,204.6391704,1
12184,93.79296675,204.6391704,1
12185,93.79296675,204.6391704,1
12186,93.79296675,204.6391704,1
12187,93.79296675,204.6391704,1
12188,93.79296675,204.6391704,1
12189,93.79296675,204.6391704,1
12190,93.79296675,204.6391704,1
12191,93.79296675,204.6391704,1
12192,93.79296675,204.6391704,1
12193,93.79296675,204.6391704,1
12194,93.79296675,204.6391704,1
12195,93.79296675,204.6391704,1
12196,93.79296675,204.6391704,1
12197,93.79296675,204.6391704,1
12198,93.79296675,204.6391704,1
12199,93.79296675,204.6391704,1
12200,93.79296675,204.6391704,1
12201,90.95075576,204.6391704,1
12202,90.95075576,204.6391704,1
12203,90.95075576,204.6391704,1
12204,90.95075576,204.6391704,1
12205,90.95075576,204.6391704,1
12206,90.95075576,204.6391704,1
12207,90.95075576,204.6391704,1
12208,90.95075576,204.6391704,1
12209,90.95075583,204.6391704,1
12210,90.95075583,204.6391704,1
12211,90.95075583,204.6391704,1
12212,90.95075583,204.6391704,1
12213,90.95075583,204.6391704,1
12214,90.95075583,204.6391704,1
12215,90.95075583,204.6391704,1
12216,90.95075583,204.6391704,1
12217,90.95075583,204.6391704,1
12218,90.95075583,204.6391704,1
12219,90.95075583,204.6391704,1
12220,90.95075583,204.6391704,1
12221,90.95075583,204.6391704,1
12222,90.95075583,204.6391704,1
12223,90.95075583,204.6391704,1
12224,90.95075583,204.6391704,1
12225,90.95075583,204.6391704,1
12226,90.95075583,204.6391704,1
12227,90.95075583,204.6391704,1
12228,90.95075583,204.6391704,1
12229,90.95075583,204.6391704,1
12230,90.95075583,204.6391704,1
12231,90.95075583,204.6391704,1
12232,90.95075583,204.6391704,1
12233,90.95075583,204.6391704,1
12234,90.95075583,204.6391704,1
12235,93.79296696,204.6391704,1
12236,93.79296696,204.6391704,1
12237,93.79296696,204.6391704,1
12238,93.79296696,204.6391704,1
12239,93.79296696,204.6391704,1
12240,93.79296696,204.6391704,1
12241,93.79296696,204.6391704,1
12242,93.79296696,204.6391704,1
12243,93.79296696,204.6391704,1
12244,93.79296696,204.6391704,1
12245,93.79296696,204.6391704,1
12246,93.79296696,204.6391704,1
12247,93.79296696,204.6391704,1
12248,93.79296696,204.6391704,1
12249,93.79296696,204.6391704,1
12250,93.79296696,204.6391704,1
12251,93.79296696,204.6391704,1
12252,93.79296696,204.6391704,1
12253,93.79296696,204.6391704,1
12254,93.79296696,204.6391704,1
12255,93.79296696,204.6391704,1
12256,93.79296696,204.6391704,1
12257,93.79296696,204.6391704,1
12258,93.79296696,204.6391704,1
12259,93.79296696,204.6391704,1
12260,93.79296696,204.6391704,1
12261,93.79296696,204.6391704,1
12262,93.79296696,204.6391704,1
12263,93.79296696,204.6391704,1
12264,93.79296696,204.6391704,1
12265,93.79296696,204.6391704,1
12266,93.79296696,204.6391704,1
12267,93.79296696,204.6391704,1
12268,93.79296696,204.6391704,1
12269,93.79296696,204.6391704,1
12270,93.79296696,204.6391704,1
12271,93.79296696,204.6391704,1
12272,93.79296696,204.6391704,1
12273,93.79296696,204.6391704,1
12274,93.79296696,204.6391704,1
12275,93.79296696,204.6391704,1
12276,93.79296696,204.6391704,1
12277,93.79296696,204.6391704,1
12278,93.79296696,204.6391704,1
12279,93.79296696,204.6391704,1
12280,93.79296696,204.6391704,1
12281,93.79296696,204.6391704,1
12282,93.79296696,204.6391704,1
12283,93.79296696,204.6391704,1
12284,93.79296696,204.6391704,1
12285,93.79296696,204.6391704,1
12286,93.79296696,204.6391704,1
12287,93.79296696,204.6391704,1
12288,93.79296696,204.6391704,1
12289,93.79296696,204.6391704,1
12290,93.79296696,201.7969597,1
12291,93.79296696,201.7969597,1
12292,93.79296696,201.7969597,1
12293,93.79296696,201.7969597,1
12294,93.79296696,201.7969597,1
12295,93.79296696,201.7969597,1
12296,93.79296696,201.7969597,1
12297,93.79296696,201.7969597,1
12298,93.79296696,204.6391704,1
12299,93.79296696,204.6391704,1
12300,93.79296696,204.6391704,1
12301,93.79296696,204.6391704,1
12302,93.79296696,204.6391704,1
12303,93.79296696,204.6391704,1
12304,93.79296696,204.6391704,1
12305,93.79296696,204.6391704,1
12306,93.79296696,204.6391704,1
12307,93.79296696,204.6391704,1
12308,93.79296696,204.6391704,1
12309,93.79296696,204.6391704,1
12310,93.79296696,204.6391704,1
12311,93.79296696,204.6391704,1
12312,93.79296696,204.6391704,1
12313,93.79296696,204.6391704,1
12314,93.79296696,204.6391704,1
12315,93.79296682,204.6391704,1
12316,93.79296682,204.6391704,1
12317,93.79296682,204.6391704,1
12318,93.79296682,204.6391704,1
12319,93.79296682,204.6391704,1
12320,93.79296682,204.6391704,1
12321,93.79296682,204.6391704,1
12322,93.79296682,204.6391704,1
12323,93.79296682,204.6391704,1
12324,93.79296682,204.6391704,1
12325,93.79296682,204.6391704,1
12326,93.79296682,204.6391704,1
12327,93.79296682,204.6391704,1
12328,93.79296682,204.6391704,1
12329,93.79296682,204.6391704,1
12330,93.79296682,204.6391704,1
12331,93.79296682,204.6391704,1
12332,93.79296682,204.6391704,1
12333,93.79296682,204.6391704,1
12334,93.79296682,204.6391704,1
12335,93.79296682,204.6391704,1
12336,93.79296682,204.6391704,1
12337,93.79296682,204.6391704,1
12338,93.79296682,204.6391704,1
12339,93.79296682,204.6391704,1
12340,93.79296682,204.6391704,1
12341,93.79296682,204.6391704,1
12342,93.79296682,204.6391704,1
12343,93.79296682,204.6391704,1
12344,93.79296682,204.6391704,1
12345,93.79296682,204.6391704,1
12346,93.79296682,204.6391704,1
12347,93.79296682,204.6391704,1
12348,93.79296682,204.6391704,1
12349,93.79296682,204.6391704,1
12350,93.79296682,204.6391704,1
12351,93.79296682,204.6391704,1
12352,93.79296682,204.6391704,1
12353,93.79296682,204.6391704,1
12354,93.79296682,204.6391704,1
12355,93.79296682,204.6391704,1
12356,93.79296682,204.6391704,1
12357,93.79296682,204.6391704,1
12358,93.79296682,204.6391704,1
12359,93.79296682,204.6391704,1
12360,93.79296682,204.6391704,1
12361,93.79296682,204.6391704,1
12362,93.79296675,204.6391704,1
12363,93.79296675,204.6391704,1
12364,93.79296675,204.6391704,1
12365,93.79296675,204.6391704,1
12366,90.95075583,204.6391704,1
12367,90.95075583,204.6391704,1
12368,90.95075583,204.6391704,1
12369,90.95075583,204.6391704,1
12370,90.95075583,204.6391704,1
12371,90.95075583,204.6391704,1
12372,90.95075583,204.6391704,1
12373,90.95075583,204.6391704,1
12374,90.95075583,204.6391704,1
12375,90.95075583,204.6391704,1
12376,90.95075583,204.6391704,1
12377,90.95075583,204.6391704,1
12378,90.95075583,204.6391704,1
12379,90.95075583,204.6391704,1
12380,90.95075583,204.6391704,1
12381,90.95075583,204.6391704,1
12382,90.95075583,204.6391704,1
12383,90.95075583,204.6391704,1
12384,90.95075583,204.6391704,1
12385,90.95075583,204.6391704,1
12386,90.95075583,204.6391704,1
12387,90.95075583,204.6391704,1
12388,90.95075583,204.6391704,1
12389,90.95075583,204.6391704,1
12390,90.95075583,204.6391704,1
12391,90.95075583,204.6391704,1
12392,90.95075583,204.6391704,1
12393,90.95075583,204.6391704,1
12394,90.95075583,204.6391704,1
12395,90.95075583,204.6391704,1
12396,90.95075583,204.6391704,1
12397,90.95075583,204.6391704,1
12398,90.95075583,204.6391704,1
12399,90.95075583,204.6391704,1
12400,90.95075583,204.6391704,1
12401,90.95075583,204.6391704,1
12402,90.95075583,204.6391704,1
12403,90.95075583,204.6391704,1
12404,90.95075583,204.6391704,1
12405,90.95075583,204.6391704,1
12406,90.95075583,204.6391704,1
12407,90.95075583,204.6391704,1
12408,90.95075583,204.6391704,1
12409,93.79296689,204.6391704,1
12410,93.79296689,204.6391704,1
12411,93.79296689,204.6391704,1
12412,93.79296689,204.6391704,1
12413,93.79296689,204.6391704,1
12414,93.79296689,204.6391704,1
12415,93.79296689,204.6391704,1
12416,93.79296689,204.6391704,1
12417,93.79296689,204.6391704,1
12418,93.79296689,204.6391704,1
12419,93.79296689,204.6391704,1
12420,93.79296689,204.6391704,1
12421,93.79296689,204.6391704,1
12422,93.79296689,204.6391704,1
12423,93.79296689,204.6391704,1
12424,93.79296689,204.6391704,1
12425,93.79296689,204.6391704,1
12426,93.79296689,204.6391704,1
12427,93.79296689,204.6391704,1
12428,93.79296689,204.6391704,1
12429,93.79296689,204.6391704,1
12430,93.79296689,204.6391704,1
12431,93.79296689,204.6391704,1
12432,93.79296689,204.6391704,1
12433,93.79296689,204.6391704,1
12434,93.79296689,204.6391704,1
12435,93.79296689,204.6391704,1
12436,93.79296689,204.6391704,1
12437,93.79296689,204.6391704,1
12438,93.79296689,204.6391704,1
12439,93.79296689,204.6391704,1
12440,93.79296689,204.6391704,1
12441,93.79296689,204.6391704,1
12442,93.79296689,204.6391704,1
12443,93.79296689,204.6391704,1
12444,93.79296689,204.6391704,1
12445,93.79296689,204.6391704,1
12446,93.79296689,204.6391704,1
12447,93.79296689,204.6391704,1
12448,93.79296689,204.6391704,1
12449,93.79296689,204.6391704,1
12450,93.79296689,204.6391704,1
12451,93.79296689,204.6391704,1
12452,93.79296689,204.6391704,1
12453,93.79296689,204.6391704,1
12454,93.79296689,201.7969597,1
12455,93.79296689,201.7969597,1
12456,93.79296689,201.7969597,1
12457,93.79296689,201.7969597,1
12458,93.79296689,201.7969597,1
12459,90.95075576,201.7969597,1
12460,90.95075576,201.7969597,1
12461,90.95075576,201.7969597,1
12462,90.95075576,201.7969597,1
12463,90.95075576,201.7969597,1
12464,90.95075576,201.7969597,1
12465,90.95075576,201.7969597,1
12466,90.95075576,201.7969597,1
12467,90.95075576,201.7969597,1
12468,90.95075576,201.7969597,1
12469,90.95075576,201.7969597,1
12470,90.95075576,201.7969597,1
12471,90.95075576,201.7969597,1
12472,90.95075576,201.7969597,1
12473,90.95075576,201.7969597,1
12474,90.95075576,201.7969597,1
12475,90.95075576,201.7969597,1
12476,90.95075576,201.7969597,1
12477,90.95075576,201.7969597,1
12478,90.95075576,201.7969597,1
12479,90.95075576,201.7969597,1
12480,90.95075576,201.7969597,1
12481,90.95075576,201.7969597,1
12482,90.95075576,201.7969597,1
12483,90.95075576,201.7969597,1
12484,90.95075576,201.7969597,1
12485,90.95075576,201.7969597,1
12486,90.95075576,201.7969597,1
12487,90.95075576,201.7969597,1
12488,90.95075576,201.7969597,1
12489,90.95075576,201.7969597,1
12490,90.95075576,201.7969597,1
12491,90.95075576,201.7969597,1
12492,90.95075569,201.7969597,1
12493,90.95075569,201.7969597,1
12494,90.95075569,201.7969597,1
12495,90.95075569,201.7969597,1
12496,90.95075569,201.7969597,1
12497,90.95075569,201.7969597,1
12498,90.95075569,201.7969597,1
12499,90.95075569,201.7969597,1
12500,90.95075569,201.7969597,1
12501,90.95075569,201.7969597,1
12502,90.95075569,201.7969597,1
12503,90.95075569,201.7969597,1
12504,90.95075569,201.7969597,1
12505,90.95075569,201.7969597,1
12506,90.95075569,201.7969597,1
12507,90.95075569,201.7969597,1
12508,90.95075569,201.7969597,1
12509,90.95075569,201.7969597,1
12510,90.95075569,201.7969597,1
12511,90.95075569,201.7969597,1
12512,90.95075569,201.7969597,1
12513,90.95075569,201.7969597,1
12514,90.95075569,201.7969597,1
12515,90.95075569,201.7969597,1
12516,90.95075569,201.7969597,1
12517,90.95075569,201.7969597,1
12518,90.95075569,201.7969597,1
12519,90.95075569,201.7969597,1
12520,90.95075569,201.7969597,1
12521,90.95075569,201.7969597,1
12522,90.95075569,201.7969597,1
12523,90.95075569,201.7969597,1
12524,90.95075569,201.7969597,1
12525,90.95075569,201.7969597,1
12526,90.95075569,201.7969597,1
12527,90.95075569,201.7969597,1
12528,90.95075569,201.7969597,1
12529,90.95075569,201.7969597,1
12530,90.95075569,201.7969597,1
12531,90.95075569,204.6391704,1
12532,90.95075569,204.6391704,1
12533,90.95075569,204.6391704,1
12534,90.95075569,204.6391704,1
12535,90.95075569,204.6391704,1
12536,90.95075569,204.6391704,1
12537,90.95075569,204.6391704,1
12538,90.95075569,204.6391704,1
12539,90.95075569,204.6391704,1
12540,90.95075569,204.6391704,1
12541,90.95075562,204.6391704,1
12542,90.95075562,204.6391704,1
12543,90.95075576,204.6391704,1
12544,90.95075576,204.6391704,1
12545,90.95075576,204.6391704,1
12546,90.95075576,204.6391704,1
12547,90.95075576,204.6391704,1
12548,90.95075576,204.6391704,1
12549,90.95075576,204.6391704,1
12550,93.79296696,204.6391704,1
12551,93.79296696,204.6391704,1
12552,93.79296696,204.6391704,1
12553,93.79296696,204.6391704,1
12554,93.79296696,204.6391704,1
12555,93.79296696,204.6391704,1
12556,93.79296696,204.6391704,1
12557,93.79296696,204.6391704,1
12558,93.79296696,204.6391704,1
12559,93.79296696,204.6391704,1
12560,93.79296696,204.6391704,1
12561,93.79296696,204.6391704,1
12562,93.79296696,204.6391704,1
12563,93.79296696,204.6391704,1
12564,93.79296696,204.6391704,1
12565,93.79296696,204.6391704,1
12566,93.79296696,204.6391704,1
12567,93.79296696,204.6391704,1
12568,93.79296696,204.6391704,1
12569,93.79296696,204.6391704,1
12570,93.79296696,204.6391704,1
12571,93.79296696,204.6391704,1
12572,93.79296696,204.6391704,1
12573,93.79296696,204.6391704,1
12574,93.79296696,204.6391704,1
12575,93.79296696,204.6391704,1
12576,93.79296696,204.6391704,1
12577,93.79296696,204.6391704,1
12578,93.79296696,204.6391704,1
12579,93.79296696,204.6391704,1
12580,93.79296696,204.6391704,1
12581,93.79296696,204.6391704,1
12582,93.79296696,204.6391704,1
12583,93.79296696,204.6391704,1
12584,93.79296696,204.6391704,1
12585,93.79296696,204.6391704,1
12586,93.79296696,204.6391704,1
12587,93.79296696,201.7969597,1
12588,93.79296696,201.7969597,1
12589,93.79296696,201.7969597,1
12590,93.79296696,201.7969597,1
12591,93.79296696,201.7969597,1
12592,93.79296696,201.7969597,1
12593,93.79296696,201.7969597,1
12594,93.79296696,201.7969597,1
12595,93.79296696,201.7969597,1
12596,93.79296696,201.7969597,1
12597,93.79296696,201.7969597,1
12598,93.79296696,201.7969597,1
12599,93.79296696,201.7969597,1
12600,93.79296675,201.7969597,1
12601,93.79296675,201.7969597,1
12602,93.79296675,201.7969597,1
12603,93.79296675,201.7969597,1
12604,93.79296675,201.7969597,1
12605,93.79296675,201.7969597,1
12606,93.79296675,201.7969597,1
12607,93.79296675,201.7969597,1
12608,93.79296675,201.7969597,1
12609,93.79296675,201.7969597,1
12610,93.79296675,201.7969597,1
12611,93.79296675,201.7969597,1
12612,93.79296675,201.7969597,1
12613,93.79296675,201.7969597,1
12614,93.79296675,201.7969597,1
12615,93.79296675,201.7969597,1
12616,93.79296675,201.7969597,1
12617,93.79296675,201.7969597,1
12618,93.79296675,201.7969597,1
12619,93.79296675,201.7969597,1
12620,93.79296675,201.7969597,1
12621,93.79296675,201.7969597,1
12622,93.79296675,201.7969597,1
12623,93.79296675,204.6391704,1
12624,93.79296675,204.6391704,1
12625,93.79296675,204.6391704,1
12626,93.79296675,204.6391704,1
12627,93.79296675,204.6391704,1
12628,93.79296675,204.6391704,1
12629,93.79296675,204.6391704,1
12630,93.79296675,204.6391704,1
12631,93.79296675,204.6391704,1
12632,93.79296675,204.6391704,1
12633,93.79296675,204.6391704,1
12634,93.79296675,204.6391704,1
12635,93.79296675,204.6391704,1
12636,93.79296675,204.6391704,1
12637,93.79296675,204.6391704,1
12638,93.79296675,204.6391704,1
12639,93.79296675,204.6391704,1
12640,93.79296675,204.6391704,1
12641,93.79296675,204.6391704,1
12642,93.79296675,204.6391704,1
12643,93.79296675,204.6391704,1
12644,93.79296675,204.6391704,1
12645,93.79296675,204.6391704,1
12646,93.79296675,204.6391704,1
12647,93.79296675,204.6391704,1
12648,93.79296675,204.6391704,1
12649,93.79296675,204.6391704,1
12650,93.79296675,204.6391704,1
12651,93.79296675,204.6391704,1
12652,93.79296675,204.6391704,1
12653,93.79296675,204.6391704,1
12654,93.79296675,204.6391704,1
12655,93.79296675,204.6391704,1
12656,93.79296675,204.6391704,1
12657,93.79296675,204.6391704,1
12658,93.79296675,204.6391704,1
12659,93.79296682,204.6391704,1
12660,93.79296682,204.6391704,1
12661,93.79296682,204.6391704,1
12662,93.79296682,204.6391704,1
12663,93.79296682,204.6391704,1
12664,93.79296682,204.6391704,1
12665,93.79296682,204.6391704,1
12666,93.79296682,204.6391704,1
12667,93.79296682,204.6391704,1
12668,93.79296682,204.6391704,1
12669,93.79296682,204.6391704,1
12670,93.79296682,204.6391704,1
12671,93.79296682,204.6391704,1
12672,93.79296682,204.6391704,1
12673,93.79296682,204.6391704,1
12674,93.79296682,204.6391704,1
12675,93.79296682,204.6391704,1
12676,93.79296682,204.6391704,1
12677,93.79296682,204.6391704,1
12678,93.79296682,207.4813811,1
12679,93.79296682,207.4813811,1
12680,93.79296682,207.4813811,1
12681,93.79296682,207.4813811,1
12682,93.79296682,207.4813811,1
12683,93.79296682,207.4813811,1
12684,93.79296682,207.4813811,1
12685,93.79296682,207.4813811,1
12686,93.79296682,207.4813811,1
12687,93.79296682,207.4813811,1
12688,93.79296682,207.4813811,1
12689,93.79296682,207.4813811,1
12690,93.79296682,207.4813811,1
12691,93.79296682,207.4813811,1
12692,93.79296682,207.4813811,1
12693,93.79296682,207.4813811,1
12694,93.79296682,207.4813811,1
12695,93.79296682,207.4813811,1
12696,93.79296682,207.4813811,1
12697,93.79296682,207.4813811,1
12698,93.79296682,207.4813811,1
12699,93.79296682,207.4813811,1
12700,93.79296682,207.4813811,1
12701,93.79296682,207.4813811,1
12702,93.79296682,207.4813811,1
12703,93.79296682,207.4813811,1
12704,93.79296682,207.4813811,1
12705,93.79296682,207.4813811,1
12706,93.79296682,207.4813811,1
12707,93.79296682,207.4813811,1
12708,93.79296682,207.4813811,1
12709,90.95075583,207.4813811,1
12710,90.95075583,207.4813811,1
12711,90.95075583,207.4813811,1
12712,90.95075583,207.4813811,1
12713,90.95075583,207.4813811,1
12714,90.95075583,207.4813811,1
12715,90.95075583,207.4813811,1
12716,90.95075583,207.4813811,1
12717,90.95075583,207.4813811,1
12718,90.95075576,207.4813811,1
12719,90.95075576,207.4813811,1
12720,90.95075576,207.4813811,1
12721,90.95075576,207.4813811,1
12722,90.95075576,207.4813811,1
12723,90.95075576,207.4813811,1
12724,90.95075576,207.4813811,1
12725,90.95075576,207.4813811,1
12726,90.95075576,207.4813811,1
12727,90.95075576,207.4813811,1
12728,90.95075576,204.6391704,1
12729,90.95075576,204.6391704,1
12730,90.95075576,204.6391704,1
12731,90.95075576,204.6391704,1
12732,90.95075576,204.6391704,1
12733,90.95075576,204.6391704,1
12734,90.95075576,204.6391704,1
12735,90.95075576,204.6391704,1
12736,90.95075576,204.6391704,1
12737,90.95075576,204.6391704,1
12738,90.95075576,204.6391704,1
12739,90.95075576,204.6391704,1
12740,90.95075576,204.6391704,1
12741,90.95075576,204.6391704,1
12742,90.95075576,204.6391704,1
12743,90.95075576,204.6391704,1
12744,90.95075569,201.7969597,1
12745,90.95075569,201.7969597,1
12746,90.95075569,201.7969597,1
12747,93.79296689,201.7969597,1
12748,93.79296689,201.7969597,1
12749,93.79296689,201.7969597,1
12750,93.79296689,201.7969597,1
12751,93.79296689,201.7969597,1
12752,93.79296689,201.7969597,1
12753,93.79296689,201.7969597,1
12754,93.79296689,201.7969597,1
12755,93.79296689,201.7969597,1
12756,93.79296689,201.7969597,1
12757,93.79296689,201.7969597,1
12758,93.79296689,201.7969597,1
12759,93.79296689,201.7969597,1
12760,93.79296689,201.7969597,1
12761,93.79296689,201.7969597,1
12762,93.79296689,201.7969597,1
12763,93.79296689,201.7969597,1
12764,93.79296689,201.7969597,1
12765,93.79296689,201.7969597,1
12766,93.79296689,201.7969597,1
12767,93.79296689,201.7969597,1
12768,93.79296689,201.7969597,1
12769,93.79296689,201.7969597,1
12770,93.79296689,201.7969597,1
12771,93.79296689,201.7969597,1
12772,93.79296689,201.7969597,1
12773,93.79296689,201.7969597,1
12774,93.79296689,201.7969597,1
12775,93.79296689,201.7969597,1
12776,93.79296689,201.7969597,1
12777,93.79296689,201.7969597,1
12778,93.79296689,201.7969597,1
12779,93.79296689,201.7969597,1
12780,93.79296689,201.7969597,1
12781,93.79296689,201.7969597,1
12782,93.79296689,201.7969597,1
12783,93.79296689,201.7969597,1
12784,93.79296689,201.7969597,1
12785,93.79296689,201.7969597,1
12786,93.79296689,201.7969597,1
12787,93.79296689,201.7969597,1
12788,93.79296689,201.7969597,1
12789,93.79296689,201.7969597,1
12790,93.79296689,201.7969597,1
12791,93.79296689,201.7969597,1
12792,93.79296689,201.7969597,1
12793,93.79296689,201.7969597,1
12794,93.79296689,201.7969597,1
12795,93.79296689,201.7969597,1
12796,93.79296689,201.7969597,1
