,Voltage,Current,Action
0,5.684422248,11.3688428,0
1,14.21105562,11.3688428,0
2,36.94874454,22.7376856,0
3,36.94874454,22.7376856,0
4,39.79095567,22.7376856,0
5,39.79095567,22.7376856,0
6,39.79095567,25.5798963,0
7,54.00201129,25.5798963,0
8,54.00201129,31.2643177,0
9,54.00201129,34.1065284,0
10,54.00201129,34.1065284,0
11,56.84422241,34.1065284,0
12,82.42412246,34.1065284,0
13,82.42412246,39.7909498,0
14,82.42412246,45.4753712,0
15,82.42412246,45.4753712,0
16,82.42412246,45.4753712,0
17,82.42412246,45.4753712,0
18,82.42412246,45.4753712,0
19,82.42412246,45.4753712,0
20,82.42412246,45.4753712,0
21,82.42412246,45.4753712,0
22,82.42412246,45.4753712,0
23,82.42412246,45.4753712,0
24,82.42412246,45.4753712,0
25,82.42412246,45.4753712,0
26,82.42412246,45.4753712,0
27,82.42412246,45.4753712,0
28,82.42412246,45.4753712,0
29,82.42412246,45.4753712,0
30,82.42412246,45.4753712,0
31,82.42412246,45.4753712,0
32,82.42412246,45.4753712,0
33,82.42412246,45.4753712,0
34,82.42412246,45.4753712,0
35,82.42412246,45.4753712,0
36,82.42412246,45.4753712,0
37,82.42412246,45.4753712,0
38,82.42412246,45.4753712,0
39,82.42412246,45.4753712,0
40,82.42412246,45.4753712,0
41,82.42412246,45.4753712,0
42,82.42412246,45.4753712,0
43,82.42412246,45.4753712,0
44,82.42412246,45.4753712,0
45,82.42412246,45.4753712,0
46,82.42412246,45.4753712,0
47,82.42412246,45.4753712,0
48,82.42412246,45.4753712,0
49,82.42412246,45.4753712,0
50,82.42412246,45.4753712,0
51,82.42412246,45.4753712,0
52,82.42412246,45.4753712,0
53,82.42412246,45.4753712,0
54,82.42412246,45.4753712,0
55,82.42412246,45.4753712,0
56,82.42412246,45.4753712,0
57,82.42412246,45.4753712,0
58,82.42412246,45.4753712,0
59,82.42412246,45.4753712,0
60,82.42412246,45.4753712,0
61,82.42412246,45.4753712,0
62,82.42412246,45.4753712,0
63,82.42412246,45.4753712,0
64,82.42412246,45.4753712,0
65,82.42412246,45.4753712,0
66,82.42412246,45.4753712,0
67,82.42412246,45.4753712,0
68,82.42412246,45.4753712,0
69,82.42412246,45.4753712,0
70,82.42412246,45.4753712,0
71,82.42412246,45.4753712,0
72,82.42412246,45.4753712,0
73,82.42412246,45.4753712,0
74,82.42412246,45.4753712,0
75,82.42412246,45.4753712,0
76,82.42412246,45.4753712,0
77,82.42412246,45.4753712,0
78,82.42412246,51.1597926,0
79,96.63517808,51.1597926,0
80,96.63517808,54.0020033,0
81,96.63517808,54.0020033,0
82,96.63517808,54.0020033,0
83,96.63517808,54.0020033,0
84,96.63517808,54.0020033,0
85,96.63517808,54.0020033,0
86,96.63517808,54.0020033,0
87,96.63517808,54.0020033,0
88,99.47738921,54.0020033,0
89,102.3196003,54.0020033,0
90,116.5306559,54.0020033,0
91,116.5306559,54.0020033,0
92,116.5306559,73.8974782,0
93,116.5306559,73.8974782,0
94,116.5306559,73.8974782,0
95,116.5306559,76.7396889,0
96,116.5306559,76.7396889,0
97,116.5306559,76.7396889,0
98,116.5306559,76.7396889,0
99,116.5306559,82.4241103,0
100,116.5306559,82.4241103,0
101,116.5306559,82.4241103,0
102,116.5306559,82.4241103,0
103,125.0572893,82.4241103,0
104,125.0572893,82.4241103,0
105,125.0572893,82.4241103,0
106,125.0572893,82.4241103,0
107,125.0572893,82.4241103,0
108,125.0572893,90.9507424,0
109,125.0572893,90.9507424,0
110,125.0572893,90.9507424,0
111,125.0572893,90.9507424,0
112,125.0572893,90.9507424,0
113,125.0572893,96.6351638,0
114,127.8995004,96.6351638,0
115,127.8995004,96.6351638,0
116,127.8995004,96.6351638,0
117,127.8995004,96.6351638,0
118,127.8995004,96.6351638,0
119,127.8995004,96.6351638,0
120,127.8995004,96.6351638,0
121,130.7417115,96.6351638,0
122,130.7417115,96.6351638,0
123,130.7417115,96.6351638,0
124,130.7417115,96.6351638,0
125,130.7417115,96.6351638,0
126,130.7417115,99.4773745,0
127,130.7417115,99.4773745,0
128,130.7417115,99.4773745,0
129,130.7417115,99.4773745,0
130,130.7417115,99.4773745,0
131,130.7417115,99.4773745,0
132,130.7417115,99.4773745,0
133,130.7417115,99.4773745,0
134,130.7417115,99.4773745,0
135,130.7417115,99.4773745,0
136,130.7417115,99.4773745,0
137,130.7417115,99.4773745,0
138,130.7417115,99.4773745,0
139,130.7417115,99.4773745,0
140,130.7417115,99.4773745,0
141,130.7417115,99.4773745,0
142,130.7417115,99.4773745,0
143,130.7417115,99.4773745,0
144,130.7417115,99.4773745,0
145,130.7417115,99.4773745,0
146,130.7417115,99.4773745,0
147,130.7417115,99.4773745,0
148,130.7417115,99.4773745,0
149,130.7417115,99.4773745,0
150,130.7417115,99.4773745,0
151,130.7417115,99.4773745,0
152,130.7417115,99.4773745,0
153,130.7417115,99.4773745,0
154,130.7417115,99.4773745,0
155,130.7417115,99.4773745,0
156,130.7417115,99.4773745,0
157,130.7417115,99.4773745,0
158,130.7417115,99.4773745,0
159,130.7417115,99.4773745,0
160,130.7417115,99.4773745,0
161,130.7417115,99.4773745,0
162,130.7417115,99.4773745,0
163,130.7417115,99.4773745,0
164,130.7417115,99.4773745,0
165,130.7417115,99.4773745,0
166,130.7417115,99.4773745,0
167,130.7417115,99.4773745,0
168,130.7417115,99.4773745,0
169,130.7417115,99.4773745,0
170,130.7417115,99.4773745,0
171,125.0572893,99.4773745,0
172,119.372867,99.4773745,0
173,119.372867,99.4773745,0
174,119.372867,99.4773745,0
175,119.372867,99.4773745,0
176,119.372867,105.1617959,0
177,119.372867,105.1617959,0
178,119.372867,105.1617959,0
179,113.6884448,105.1617959,0
180,113.6884448,105.1617959,0
181,113.6884448,105.1617959,0
182,113.6884448,105.1617959,0
183,113.6884448,105.1617959,0
184,113.6884448,105.1617959,0
185,113.6884448,105.1617959,0
186,113.6884448,105.1617959,0
187,110.8462336,105.1617959,0
188,113.6884448,105.1617959,0
189,116.5306559,105.1617959,0
190,116.5306559,105.1617959,0
191,116.5306559,105.1617959,0
192,116.5306559,105.1617959,0
193,116.5306559,105.1617959,0
194,116.5306559,105.1617959,0
195,116.5306559,105.1617959,0
196,116.5306559,105.1617959,0
197,122.2150781,105.1617959,0
198,122.2150781,119.3728494,0
199,122.2150781,119.3728494,0
200,122.2150781,119.3728494,0
201,122.2150781,119.3728494,0
202,122.2150781,119.3728494,0
203,122.2150781,119.3728494,0
204,125.0572893,119.3728494,0
205,125.0572893,119.3728494,0
206,125.0572893,119.3728494,0
207,125.0572893,119.3728494,0
208,125.0572893,119.3728494,0
209,125.0572893,119.3728494,0
210,125.0572893,119.3728494,0
211,125.0572893,130.7416922,0
212,125.0572893,130.7416922,0
213,125.0572893,130.7416922,0
214,125.0572893,130.7416922,0
215,130.7417115,130.7416922,0
216,130.7417115,130.7416922,0
217,130.7417115,130.7416922,0
218,136.4261337,130.7416922,0
219,136.4261337,130.7416922,0
220,136.4261337,139.2683243,0
221,147.7949782,139.2683243,0
222,147.7949782,139.2683243,0
223,147.7949782,139.2683243,0
224,153.4794004,144.9527457,0
225,153.4794004,147.7949564,0
226,153.4794004,147.7949564,0
227,153.4794004,147.7949564,0
228,153.4794004,147.7949564,0
229,153.4794004,147.7949564,0
230,153.4794004,147.7949564,0
231,153.4794004,147.7949564,0
232,153.4794004,147.7949564,0
233,153.4794004,147.7949564,0
234,153.4794004,147.7949564,0
235,162.0060338,147.7949564,0
236,162.0060338,159.1637992,0
237,162.0060338,159.1637992,0
238,167.690456,159.1637992,0
239,167.690456,159.1637992,0
240,167.690456,159.1637992,0
241,167.690456,159.1637992,0
242,167.690456,159.1637992,0
243,167.690456,159.1637992,0
244,167.690456,159.1637992,0
245,167.690456,159.1637992,0
246,170.5326672,159.1637992,0
247,170.5326672,159.1637992,0
248,170.5326672,173.3748527,0
249,170.5326672,173.3748527,0
250,170.5326672,173.3748527,0
251,170.5326672,176.2170634,0
252,170.5326672,176.2170634,0
253,176.2170893,176.2170634,0
254,176.2170893,176.2170634,0
255,176.2170893,176.2170634,0
256,176.2170893,176.2170634,0
257,176.2170893,184.7436955,0
258,184.7437228,184.7436955,0
259,190.428145,184.7436955,0
260,190.428145,184.7436955,0
261,190.428145,184.7436955,0
262,190.428145,184.7436955,0
263,193.2703561,184.7436955,0
264,193.2703561,184.7436955,0
265,193.2703561,190.4281169,0
266,193.2703561,190.4281169,0
267,193.2703561,190.4281169,0
268,193.2703561,190.4281169,0
269,193.2703561,190.4281169,0
270,193.2703561,190.4281169,0
271,193.2703561,190.4281169,0
272,193.2703561,190.4281169,0
273,204.6392006,190.4281169,0
274,204.6392006,190.4281169,0
275,204.6392006,190.4281169,0
276,204.6392006,198.954749,0
277,204.6392006,198.954749,0
278,204.6392006,198.954749,0
279,204.6392006,198.954749,0
280,204.6392006,198.954749,0
281,204.6392006,198.954749,0
282,204.6392006,198.954749,0
283,204.6392006,198.954749,0
284,204.6392006,198.954749,0
285,204.6392006,198.954749,0
286,204.6392006,198.954749,0
287,204.6392006,198.954749,0
288,204.6392006,198.954749,0
289,204.6392006,198.954749,0
290,204.6392006,213.1658025,0
291,204.6392006,213.1658025,0
292,204.6392006,213.1658025,0
293,204.6392006,216.0080132,0
294,204.6392006,216.0080132,0
295,204.6392006,216.0080132,0
296,204.6392006,216.0080132,0
297,204.6392006,216.0080132,0
298,204.6392006,216.0080132,0
299,204.6392006,216.0080132,0
300,204.6392006,216.0080132,0
301,210.3236228,216.0080132,0
302,210.3236228,216.0080132,0
303,210.3236228,216.0080132,0
304,210.3236228,216.0080132,0
305,210.3236228,216.0080132,0
306,210.3236228,216.0080132,0
307,210.3236228,216.0080132,0
308,210.3236228,216.0080132,0
309,210.3236228,216.0080132,0
310,210.3236228,216.0080132,0
311,210.3236228,216.0080132,0
312,210.3236228,216.0080132,0
313,210.3236228,216.0080132,0
314,210.3236228,216.0080132,0
315,210.3236228,216.0080132,0
316,213.165834,216.0080132,0
317,213.165834,216.0080132,0
318,213.165834,216.0080132,0
319,213.165834,216.0080132,0
320,213.165834,216.0080132,0
321,213.165834,216.0080132,0
322,213.165834,216.0080132,0
323,213.165834,216.0080132,0
324,213.165834,216.0080132,0
325,213.165834,216.0080132,0
326,213.165834,216.0080132,0
327,213.165834,216.0080132,0
328,218.8502562,216.0080132,0
329,218.8502562,216.0080132,0
330,218.8502562,216.0080132,0
331,218.8502562,216.0080132,0
332,218.8502562,216.0080132,0
333,218.8502562,218.8502239,0
334,218.8502562,218.8502239,0
335,218.8502562,218.8502239,0
336,218.8502562,218.8502239,0
337,218.8502562,218.8502239,0
338,218.8502562,218.8502239,0
339,218.8502562,218.8502239,0
340,218.8502562,218.8502239,0
341,221.6924673,218.8502239,0
342,221.6924673,218.8502239,0
343,221.6924673,218.8502239,0
344,221.6924673,218.8502239,0
345,221.6924673,218.8502239,0
346,221.6924673,218.8502239,0
347,221.6924673,218.8502239,0
348,221.6924673,218.8502239,0
349,221.6924673,218.8502239,0
350,221.6924673,218.8502239,0
351,221.6924673,218.8502239,0
352,221.6924673,218.8502239,0
353,221.6924673,218.8502239,0
354,221.6924673,218.8502239,0
355,221.6924673,218.8502239,0
356,221.6924673,218.8502239,0
357,221.6924673,218.8502239,0
358,221.6924673,218.8502239,0
359,221.6924673,218.8502239,0
360,221.6924673,218.8502239,0
361,221.6924673,218.8502239,0
362,221.6924673,218.8502239,0
363,221.6924673,218.8502239,0
364,221.6924673,218.8502239,0
365,221.6924673,218.8502239,0
366,221.6924673,218.8502239,0
367,221.6924673,218.8502239,0
368,221.6924673,218.8502239,0
369,221.6924673,218.8502239,0
370,221.6924673,218.8502239,0
371,221.6924673,218.8502239,0
372,221.6924673,218.8502239,0
373,221.6924673,218.8502239,0
374,221.6924673,218.8502239,0
375,221.6924673,218.8502239,0
376,221.6924673,218.8502239,0
377,221.6924673,218.8502239,0
378,221.6924673,218.8502239,0
379,221.6924673,218.8502239,0
380,221.6924673,218.8502239,0
381,221.6924673,218.8502239,0
382,221.6924673,218.8502239,0
383,221.6924673,216.0080132,0
384,221.6924673,216.0080132,0
385,221.6924673,216.0080132,0
386,221.6924673,216.0080132,0
387,221.6924673,216.0080132,0
388,221.6924673,216.0080132,0
389,221.6924673,216.0080132,0
390,221.6924673,216.0080132,0
391,221.6924673,216.0080132,0
392,221.6924673,216.0080132,0
393,221.6924673,216.0080132,0
394,221.6924673,216.0080132,0
395,221.6924673,216.0080132,0
396,221.6924673,216.0080132,0
397,221.6924673,216.0080132,0
398,221.6924673,216.0080132,0
399,221.6924673,216.0080132,0
400,221.6924673,216.0080132,0
401,221.6924673,216.0080132,0
402,221.6924673,216.0080132,0
403,221.6924673,216.0080132,0
404,221.6924673,216.0080132,0
405,221.6924673,216.0080132,0
406,221.6924673,216.0080132,0
407,221.6924673,216.0080132,0
408,221.6924673,216.0080132,0
409,221.6924673,216.0080132,0
410,221.6924673,216.0080132,0
411,221.6924673,216.0080132,0
412,221.6924673,216.0080132,0
413,221.6924673,216.0080132,0
414,221.6924673,216.0080132,0
415,221.6924673,216.0080132,0
416,221.6924673,216.0080132,0
417,221.6924673,216.0080132,0
418,221.6924673,216.0080132,0
419,221.6924673,216.0080132,0
420,221.6924673,216.0080132,0
421,221.6924673,216.0080132,0
422,221.6924673,216.0080132,0
423,221.6924673,216.0080132,0
424,221.6924673,216.0080132,0
425,221.6924673,216.0080132,0
426,216.0080451,216.0080132,0
427,216.0080451,216.0080132,0
428,216.0080451,216.0080132,0
429,216.0080451,216.0080132,0
430,216.0080451,216.0080132,0
431,216.0080451,216.0080132,0
432,216.0080451,216.0080132,0
433,216.0080451,213.1658025,0
434,216.0080451,213.1658025,0
435,216.0080451,213.1658025,0
436,216.0080451,213.1658025,0
437,216.0080451,213.1658025,0
438,216.0080451,213.1658025,0
439,216.0080451,213.1658025,0
440,216.0080451,213.1658025,0
441,216.0080451,213.1658025,0
442,216.0080451,213.1658025,0
443,216.0080451,213.1658025,0
444,216.0080451,213.1658025,0
445,216.0080451,213.1658025,0
446,198.9547783,213.1658025,0
447,198.9547783,213.1658025,0
448,198.9547783,207.4813811,0
449,198.9547783,207.4813811,0
450,193.2703561,207.4813811,0
451,193.2703561,207.4813811,0
452,187.5859339,201.7969597,0
453,184.7437228,201.7969597,0
454,184.7437228,201.7969597,0
455,184.7437228,201.7969597,0
456,179.0593005,201.7969597,0
457,164.8482449,193.2703276,0
458,164.8482449,193.2703276,0
459,164.8482449,193.2703276,0
460,164.8482449,193.2703276,0
461,164.8482449,193.2703276,0
462,164.8482449,193.2703276,0
463,164.8482449,193.2703276,0
464,164.8482449,193.2703276,0
465,164.8482449,193.2703276,0
466,164.8482449,181.9014848,0
467,159.1638227,181.9014848,0
468,159.1638227,181.9014848,0
469,159.1638227,181.9014848,0
470,159.1638227,181.9014848,0
471,159.1638227,181.9014848,0
472,159.1638227,181.9014848,0
473,159.1638227,181.9014848,0
474,159.1638227,181.9014848,0
475,144.9527671,181.9014848,0
476,144.9527671,181.9014848,0
477,144.9527671,181.9014848,0
478,144.9527671,181.9014848,0
479,144.9527671,181.9014848,0
480,136.4261337,181.9014848,0
481,136.4261337,181.9014848,0
482,136.4261337,181.9014848,0
483,136.4261337,181.9014848,0
484,136.4261337,181.9014848,0
485,136.4261337,181.9014848,0
486,136.4261337,181.9014848,0
487,136.4261337,181.9014848,0
488,136.4261337,181.9014848,0
489,136.4261337,181.9014848,0
490,136.4261337,181.9014848,0
491,136.4261337,181.9014848,0
492,136.4261337,181.9014848,0
493,136.4261337,181.9014848,0
494,136.4261337,181.9014848,0
495,136.4261337,181.9014848,0
496,136.4261337,181.9014848,0
497,136.4261337,181.9014848,0
498,136.4261337,179.0592741,0
499,136.4261337,179.0592741,0
500,136.4261337,187.5859062,0
501,136.4261337,187.5859062,0
502,136.4261337,187.5859062,0
503,136.4261337,187.5859062,0
504,136.4261337,187.5859062,0
505,136.4261337,187.5859062,0
506,136.4261337,187.5859062,0
507,136.4261337,187.5859062,0
508,136.4261337,187.5859062,0
509,136.4261337,187.5859062,0
510,136.4261337,187.5859062,0
511,136.4261337,187.5859062,0
512,136.4261337,187.5859062,0
513,136.4261337,187.5859062,0
514,136.4261337,190.4281169,0
515,136.4261337,190.4281169,0
516,136.4261337,190.4281169,0
517,136.4261337,190.4281169,0
518,136.4261337,190.4281169,0
519,136.4261337,193.2703276,0
520,136.4261337,193.2703276,0
521,136.4261337,193.2703276,0
522,136.4261337,193.2703276,0
523,136.4261337,193.2703276,0
524,136.4261337,193.2703276,0
525,136.4261337,193.2703276,0
526,136.4261337,193.2703276,0
527,136.4261337,193.2703276,0
528,136.4261337,193.2703276,0
529,136.4261337,193.2703276,0
530,136.4261337,193.2703276,0
531,136.4261337,193.2703276,0
532,136.4261337,193.2703276,0
533,136.4261337,193.2703276,0
534,136.4261337,193.2703276,0
535,136.4261337,193.2703276,0
536,136.4261337,193.2703276,0
537,136.4261337,193.2703276,0
538,136.4261337,193.2703276,0
539,136.4261337,193.2703276,0
540,136.4261337,193.2703276,0
541,136.4261337,193.2703276,0
542,136.4261337,193.2703276,0
543,136.4261337,193.2703276,0
544,136.4261337,193.2703276,0
545,136.4261337,193.2703276,0
546,136.4261337,193.2703276,0
547,136.4261337,193.2703276,0
548,136.4261337,193.2703276,0
549,136.4261337,193.2703276,0
550,136.4261337,198.954749,0
551,136.4261337,198.954749,0
552,136.4261337,198.954749,0
553,136.4261337,198.954749,0
554,136.4261337,198.954749,0
555,136.4261337,198.954749,0
556,136.4261337,198.954749,0
557,136.4261337,198.954749,0
558,136.4261337,198.954749,0
559,136.4261337,198.954749,0
560,136.4261337,198.954749,0
561,136.4261337,198.954749,0
562,136.4261337,198.954749,0
563,136.4261337,201.7969597,0
564,136.4261337,201.7969597,0
565,136.4261337,201.7969597,0
566,136.4261337,201.7969597,0
567,136.4261337,201.7969597,0
568,136.4261337,201.7969597,0
569,136.4261337,201.7969597,0
570,136.4261337,201.7969597,0
571,136.4261337,201.7969597,0
572,136.4261337,201.7969597,0
573,136.4261337,201.7969597,0
574,136.4261337,204.6391704,0
575,136.4261337,204.6391704,0
576,136.4261337,204.6391704,0
577,136.4261337,204.6391704,0
578,136.4261337,204.6391704,0
579,136.4261337,204.6391704,0
580,136.4261337,204.6391704,0
581,136.4261337,207.4813811,0
582,136.4261337,207.4813811,0
583,136.4261337,207.4813811,0
584,136.4261337,207.4813811,0
585,136.4261337,207.4813811,0
586,136.4261337,207.4813811,0
587,136.4261337,207.4813811,0
588,136.4261337,207.4813811,0
589,136.4261337,207.4813811,0
590,136.4261337,207.4813811,0
591,136.4261337,207.4813811,0
592,136.4261337,207.4813811,0
593,136.4261337,207.4813811,0
594,136.4261337,207.4813811,0
595,136.4261337,207.4813811,0
596,136.4261337,207.4813811,0
597,136.4261337,207.4813811,0
598,136.4261337,207.4813811,0
599,136.4261337,207.4813811,0
600,136.4261337,207.4813811,0
601,136.4261337,207.4813811,0
602,136.4261337,207.4813811,0
603,136.4261337,207.4813811,0
604,136.4261337,207.4813811,0
605,136.4261337,207.4813811,0
606,136.4261337,207.4813811,0
607,136.4261337,207.4813811,0
608,136.4261337,207.4813811,0
609,136.4261337,207.4813811,0
610,136.4261337,207.4813811,0
611,136.4261337,207.4813811,0
612,136.4261337,207.4813811,0
613,136.4261337,207.4813811,0
614,136.4261337,207.4813811,0
615,136.4261337,207.4813811,0
616,136.4261337,207.4813811,0
617,136.4261337,207.4813811,0
618,136.4261337,207.4813811,0
619,136.4261337,207.4813811,0
620,136.4261337,207.4813811,0
621,136.4261337,207.4813811,0
622,136.4261337,207.4813811,0
623,136.4261337,207.4813811,0
624,136.4261337,207.4813811,0
625,136.4261337,207.4813811,0
626,136.4261337,207.4813811,0
627,136.4261337,207.4813811,0
628,136.4261337,207.4813811,0
629,136.4261337,207.4813811,0
630,136.4261337,207.4813811,0
631,136.4261337,207.4813811,0
632,136.4261337,207.4813811,0
633,136.4261337,207.4813811,0
634,136.4261337,207.4813811,0
635,136.4261337,207.4813811,0
636,133.5839226,207.4813811,0
637,133.5839226,207.4813811,0
638,133.5839226,207.4813811,0
639,133.5839226,207.4813811,0
640,133.5839226,207.4813811,0
641,133.5839226,207.4813811,0
642,133.5839226,207.4813811,0
643,133.5839226,207.4813811,0
644,133.5839226,207.4813811,0
645,133.5839226,207.4813811,0
646,133.5839226,207.4813811,0
647,133.5839226,207.4813811,0
648,133.5839226,207.4813811,0
649,133.5839226,207.4813811,0
650,133.5839226,207.4813811,0
651,133.5839226,207.4813811,0
652,133.5839226,207.4813811,0
653,133.5839226,207.4813811,0
654,133.5839226,207.4813811,0
655,130.7417115,207.4813811,0
656,130.7417115,207.4813811,0
657,130.7417115,207.4813811,0
658,133.5839226,207.4813811,0
659,133.5839226,207.4813811,0
660,133.5839226,207.4813811,0
661,133.5839226,207.4813811,0
662,133.5839226,207.4813811,0
663,133.5839226,207.4813811,0
664,133.5839226,207.4813811,0
665,133.5839226,207.4813811,0
666,133.5839226,207.4813811,0
667,133.5839226,207.4813811,0
668,133.5839226,207.4813811,0
669,133.5839226,207.4813811,0
670,133.5839226,207.4813811,0
671,133.5839226,207.4813811,0
672,133.5839226,207.4813811,0
673,133.5839226,207.4813811,0
674,133.5839226,207.4813811,0
675,133.5839226,207.4813811,0
676,133.5839226,207.4813811,0
677,133.5839226,207.4813811,0
678,133.5839226,207.4813811,0
679,133.5839226,207.4813811,0
680,133.5839226,207.4813811,0
681,133.5839226,207.4813811,0
682,133.5839226,207.4813811,0
683,133.5839226,207.4813811,0
684,133.5839226,207.4813811,0
685,133.5839226,207.4813811,0
686,133.5839226,207.4813811,0
687,133.5839226,207.4813811,0
688,133.5839226,207.4813811,0
689,133.5839226,207.4813811,0
690,133.5839226,207.4813811,0
691,133.5839226,207.4813811,0
692,133.5839226,207.4813811,0
693,133.5839226,207.4813811,0
694,133.5839226,207.4813811,0
695,133.5839226,207.4813811,0
696,133.5839226,207.4813811,0
697,133.5839226,204.6391704,0
698,133.5839226,204.6391704,0
699,133.5839226,204.6391704,0
700,133.5839226,204.6391704,0
701,133.5839226,204.6391704,0
702,133.5839226,204.6391704,0
703,133.5839226,204.6391704,0
704,133.5839226,204.6391704,0
705,133.5839226,204.6391704,0
706,133.5839226,204.6391704,0
707,133.5839226,204.6391704,0
708,133.5839226,204.6391704,0
709,133.5839226,204.6391704,0
710,133.5839226,204.6391704,0
711,136.4261337,204.6391704,0
712,136.4261337,204.6391704,0
713,136.4261337,207.4813811,0
714,136.4261337,207.4813811,0
715,136.4261337,207.4813811,0
716,136.4261337,207.4813811,0
717,136.4261337,207.4813811,0
718,136.4261337,207.4813811,0
719,136.4261337,207.4813811,0
720,150.6371893,207.4813811,0
721,150.6371893,207.4813811,0
722,150.6371893,207.4813811,0
723,150.6371893,207.4813811,0
724,150.6371893,207.4813811,0
725,150.6371893,207.4813811,0
726,150.6371893,207.4813811,0
727,150.6371893,207.4813811,0
728,150.6371893,207.4813811,0
729,150.6371893,207.4813811,0
730,150.6371893,207.4813811,0
731,150.6371893,207.4813811,0
732,150.6371893,207.4813811,0
733,150.6371893,207.4813811,0
734,150.6371893,207.4813811,0
735,150.6371893,207.4813811,0
736,150.6371893,207.4813811,0
737,150.6371893,207.4813811,0
738,150.6371893,207.4813811,0
739,150.6371893,207.4813811,0
740,150.6371893,207.4813811,0
741,150.6371893,207.4813811,0
742,150.6371893,210.3235918,0
743,150.6371893,210.3235918,0
744,150.6371893,210.3235918,0
745,150.6371893,210.3235918,0
746,150.6371893,210.3235918,0
747,150.6371893,210.3235918,0
748,150.6371893,210.3235918,0
749,150.6371893,210.3235918,0
750,150.6371893,210.3235918,0
751,150.6371893,210.3235918,0
752,150.6371893,210.3235918,0
753,150.6371893,210.3235918,0
754,150.6371893,210.3235918,0
755,150.6371893,210.3235918,0
756,150.6371893,210.3235918,0
757,150.6371893,210.3235918,0
758,150.6371893,210.3235918,0
759,150.6371893,210.3235918,0
760,150.6371893,210.3235918,0
761,150.6371893,210.3235918,0
762,150.6371893,210.3235918,0
763,150.6371893,210.3235918,0
764,150.6371893,210.3235918,0
765,150.6371893,210.3235918,0
766,150.6371893,210.3235918,0
767,150.6371893,210.3235918,0
768,150.6371893,210.3235918,0
769,150.6371893,210.3235918,0
770,136.4261337,210.3235918,0
771,136.4261337,210.3235918,0
772,136.4261337,210.3235918,0
773,136.4261337,210.3235918,0
774,133.5839226,210.3235918,0
775,133.5839226,210.3235918,0
776,133.5839226,210.3235918,0
777,133.5839226,210.3235918,0
778,133.5839226,210.3235918,0
779,133.5839226,210.3235918,0
780,133.5839226,210.3235918,0
781,133.5839226,210.3235918,0
782,133.5839226,210.3235918,0
783,133.5839226,210.3235918,0
784,133.5839226,210.3235918,0
785,133.5839226,210.3235918,0
786,133.5839226,210.3235918,0
787,133.5839226,210.3235918,0
788,133.5839226,210.3235918,0
789,133.5839226,210.3235918,0
790,133.5839226,210.3235918,0
791,133.5839226,210.3235918,0
792,133.5839226,210.3235918,0
793,133.5839226,210.3235918,0
794,133.5839226,210.3235918,0
795,133.5839226,210.3235918,0
796,133.5839226,210.3235918,0
797,133.5839226,210.3235918,0
798,133.5839226,210.3235918,0
799,133.5839226,210.3235918,0
800,133.5839226,210.3235918,0
801,133.5839226,210.3235918,0
802,133.5839226,210.3235918,0
803,133.5839226,210.3235918,0
804,133.5839226,210.3235918,0
805,133.5839226,210.3235918,0
806,133.5839226,210.3235918,0
807,133.5839226,210.3235918,0
808,133.5839226,210.3235918,0
809,133.5839226,210.3235918,0
810,133.5839226,210.3235918,0
811,133.5839226,210.3235918,0
812,133.5839226,210.3235918,0
813,133.5839226,210.3235918,0
814,133.5839226,210.3235918,0
815,133.5839226,210.3235918,0
816,133.5839226,210.3235918,0
817,133.5839226,210.3235918,0
818,133.5839226,210.3235918,0
819,133.5839226,210.3235918,0
820,133.5839226,210.3235918,0
821,133.5839226,210.3235918,0
822,133.5839226,210.3235918,0
823,133.5839226,210.3235918,0
824,133.5839226,210.3235918,0
825,133.5839226,210.3235918,0
826,133.5839226,210.3235918,0
827,133.5839226,210.3235918,0
828,133.5839226,210.3235918,0
829,133.5839226,210.3235918,0
830,133.5839226,210.3235918,0
831,133.5839226,210.3235918,0
832,133.5839226,210.3235918,0
833,133.5839226,210.3235918,0
834,133.5839226,210.3235918,0
835,133.5839226,210.3235918,0
836,133.5839226,210.3235918,0
837,133.5839226,210.3235918,0
838,133.5839226,210.3235918,0
839,130.7417115,210.3235918,0
840,130.7417115,210.3235918,0
841,130.7417115,210.3235918,0
842,130.7417115,210.3235918,0
843,130.7417115,210.3235918,0
844,130.7417115,210.3235918,0
845,130.7417115,210.3235918,0
846,130.7417115,210.3235918,0
847,130.7417115,210.3235918,0
848,130.7417115,210.3235918,0
849,130.7417115,210.3235918,0
850,130.7417115,210.3235918,0
851,130.7417115,210.3235918,0
852,130.7417115,210.3235918,0
853,130.7417115,210.3235918,0
854,130.7417115,210.3235918,0
855,130.7417115,210.3235918,0
856,130.7417115,210.3235918,0
857,130.7417115,210.3235918,0
858,130.7417115,210.3235918,0
859,130.7417115,210.3235918,0
860,130.7417115,210.3235918,0
861,130.7417115,210.3235918,0
862,130.7417115,210.3235918,0
863,130.7417115,210.3235918,0
864,130.7417115,210.3235918,0
865,130.7417115,210.3235918,0
866,130.7417115,210.3235918,0
867,130.7417115,210.3235918,0
868,130.7417115,210.3235918,0
869,130.7417115,210.3235918,0
870,130.7417115,210.3235918,0
871,130.7417115,210.3235918,0
872,130.7417115,210.3235918,0
873,130.7417115,210.3235918,0
874,130.7417115,210.3235918,0
875,130.7417115,210.3235918,0
876,130.7417115,210.3235918,0
877,127.8995004,210.3235918,0
878,127.8995004,210.3235918,0
879,127.8995004,210.3235918,0
880,127.8995004,210.3235918,0
881,127.8995004,210.3235918,0
882,127.8995004,210.3235918,0
883,127.8995004,210.3235918,0
884,127.8995004,210.3235918,0
885,127.8995004,210.3235918,0
886,127.8995004,210.3235918,0
887,127.8995004,210.3235918,0
888,127.8995004,210.3235918,0
889,127.8995004,210.3235918,0
890,127.8995004,207.4813811,0
891,127.8995004,207.4813811,0
892,127.8995004,207.4813811,0
893,127.8995004,207.4813811,0
894,127.8995004,207.4813811,0
895,127.8995004,207.4813811,0
896,127.8995004,207.4813811,0
897,127.8995004,207.4813811,0
898,130.7417115,207.4813811,0
899,130.7417115,207.4813811,0
900,130.7417115,207.4813811,0
901,130.7417115,207.4813811,0
902,130.7417115,207.4813811,0
903,130.7417115,207.4813811,0
904,130.7417115,207.4813811,0
905,130.7417115,207.4813811,0
906,130.7417115,207.4813811,0
907,130.7417115,207.4813811,0
908,130.7417115,207.4813811,0
909,130.7417115,207.4813811,0
910,130.7417115,207.4813811,0
911,130.7417115,207.4813811,0
912,130.7417115,207.4813811,0
913,130.7417115,207.4813811,0
914,130.7417115,207.4813811,0
915,130.7417115,207.4813811,0
916,130.7417115,207.4813811,0
917,130.7417115,207.4813811,0
918,130.7417115,207.4813811,0
919,130.7417115,207.4813811,0
920,130.7417115,207.4813811,0
921,130.7417115,207.4813811,0
922,130.7417115,207.4813811,0
923,130.7417115,207.4813811,0
924,130.7417115,207.4813811,0
925,130.7417115,207.4813811,0
926,130.7417115,207.4813811,0
927,130.7417115,207.4813811,0
928,130.7417115,207.4813811,0
929,130.7417115,207.4813811,0
930,130.7417115,207.4813811,0
931,130.7417115,207.4813811,0
932,130.7417115,207.4813811,0
933,130.7417115,207.4813811,0
934,130.7417115,207.4813811,0
935,130.7417115,207.4813811,0
936,130.7417115,207.4813811,0
937,130.7417115,207.4813811,0
938,130.7417115,207.4813811,0
939,130.7417115,207.4813811,0
940,130.7417115,207.4813811,0
941,130.7417115,207.4813811,0
942,130.7417115,207.4813811,0
943,130.7417115,207.4813811,0
944,130.7417115,207.4813811,0
945,130.7417115,207.4813811,0
946,130.7417115,207.4813811,0
947,130.7417115,207.4813811,0
948,130.7417115,207.4813811,0
949,130.7417115,207.4813811,0
950,130.7417115,207.4813811,0
951,130.7417115,207.4813811,0
952,130.7417115,207.4813811,0
953,130.7417115,207.4813811,0
954,130.7417115,207.4813811,0
955,130.7417115,210.3235918,0
956,130.7417115,210.3235918,0
957,130.7417115,210.3235918,0
958,130.7417115,210.3235918,0
959,127.8995004,210.3235918,0
960,127.8995004,210.3235918,0
961,127.8995004,210.3235918,0
962,127.8995004,210.3235918,0
963,127.8995004,210.3235918,0
964,127.8995004,210.3235918,0
965,127.8995004,210.3235918,0
966,127.8995004,210.3235918,0
967,127.8995004,210.3235918,0
968,127.8995004,210.3235918,0
969,127.8995004,210.3235918,0
970,127.8995004,210.3235918,0
971,127.8995004,210.3235918,0
972,127.8995004,210.3235918,0
973,127.8995004,210.3235918,0
974,127.8995004,210.3235918,0
975,127.8995004,210.3235918,0
976,127.8995004,210.3235918,0
977,127.8995004,210.3235918,0
978,127.8995004,210.3235918,0
979,127.8995004,210.3235918,0
980,125.0572893,210.3235918,0
981,125.0572893,210.3235918,0
982,125.0572893,210.3235918,0
983,125.0572893,210.3235918,0
984,125.0572893,210.3235918,0
985,125.0572893,210.3235918,0
986,125.0572893,210.3235918,0
987,125.0572893,210.3235918,0
988,125.0572893,210.3235918,0
989,125.0572893,210.3235918,0
990,125.0572893,210.3235918,0
991,125.0572893,210.3235918,0
992,125.0572893,210.3235918,0
993,125.0572893,210.3235918,0
994,125.0572893,210.3235918,0
995,125.0572893,210.3235918,0
996,125.0572893,210.3235918,0
997,125.0572893,210.3235918,0
998,125.0572893,210.3235918,0
999,125.0572893,210.3235918,0
1000,125.0572893,210.3235918,0
1001,125.0572893,210.3235918,0
1002,125.0572893,210.3235918,0
1003,122.2150781,210.3235918,0
1004,122.2150781,210.3235918,0
1005,122.2150781,207.4813811,0
1006,122.2150781,207.4813811,0
1007,122.2150781,207.4813811,0
1008,122.2150781,207.4813811,0
1009,125.0572893,207.4813811,0
1010,125.0572893,207.4813811,0
1011,125.0572893,207.4813811,0
1012,125.0572893,207.4813811,0
1013,125.0572893,207.4813811,0
1014,125.0572893,210.3235918,0
1015,125.0572893,210.3235918,0
1016,125.0572893,210.3235918,0
1017,125.0572893,210.3235918,0
1018,125.0572893,210.3235918,0
1019,125.0572893,210.3235918,0
1020,125.0572893,210.3235918,0
1021,125.0572893,210.3235918,0
1022,125.0572893,210.3235918,0
1023,125.0572893,210.3235918,0
1024,125.0572893,210.3235918,0
1025,125.0572893,210.3235918,0
1026,125.0572893,210.3235918,0
1027,125.0572893,210.3235918,0
1028,125.0572893,210.3235918,0
1029,125.0572893,210.3235918,0
1030,125.0572893,210.3235918,0
1031,125.0572893,210.3235918,0
1032,125.0572893,210.3235918,0
1033,125.0572893,210.3235918,0
1034,125.0572893,210.3235918,0
1035,125.0572893,210.3235918,0
1036,125.0572893,210.3235918,0
1037,125.0572893,210.3235918,0
1038,125.0572893,210.3235918,0
1039,125.0572893,210.3235918,0
1040,125.0572893,210.3235918,0
1041,125.0572893,210.3235918,0
1042,125.0572893,210.3235918,0
1043,125.0572893,210.3235918,0
1044,125.0572893,210.3235918,0
1045,125.0572893,210.3235918,0
1046,125.0572893,210.3235918,0
1047,125.0572893,210.3235918,0
1048,125.0572893,210.3235918,0
1049,125.0572893,210.3235918,0
1050,125.0572893,210.3235918,0
1051,125.0572893,210.3235918,0
1052,125.0572893,210.3235918,0
1053,125.0572893,210.3235918,0
1054,125.0572893,210.3235918,0
1055,125.0572893,210.3235918,0
1056,125.0572893,210.3235918,0
1057,125.0572893,210.3235918,0
1058,125.0572893,210.3235918,0
1059,122.2150781,210.3235918,0
1060,122.2150781,210.3235918,0
1061,122.2150781,210.3235918,0
1062,122.2150781,210.3235918,0
1063,122.2150781,210.3235918,0
1064,122.2150781,207.4813811,0
1065,122.2150781,207.4813811,0
1066,122.2150781,207.4813811,0
1067,122.2150781,207.4813811,0
1068,122.2150781,207.4813811,0
1069,122.2150781,207.4813811,0
1070,122.2150781,207.4813811,0
1071,122.2150781,207.4813811,0
1072,122.2150781,207.4813811,0
1073,122.2150781,207.4813811,0
1074,119.372867,207.4813811,0
1075,119.372867,207.4813811,0
1076,119.372867,207.4813811,0
1077,119.372867,207.4813811,0
1078,119.372867,207.4813811,0
1079,119.372867,207.4813811,0
1080,119.372867,207.4813811,0
1081,119.372867,207.4813811,0
1082,119.372867,207.4813811,0
1083,119.372867,207.4813811,0
1084,119.372867,207.4813811,0
1085,119.372867,207.4813811,0
1086,119.372867,207.4813811,0
1087,119.372867,207.4813811,0
1088,119.372867,207.4813811,0
1089,119.372867,207.4813811,0
1090,119.372867,207.4813811,0
1091,119.372867,207.4813811,0
1092,119.372867,207.4813811,0
1093,119.372867,207.4813811,0
1094,119.372867,207.4813811,0
1095,119.372867,207.4813811,0
1096,119.372867,207.4813811,0
1097,119.372867,207.4813811,0
1098,119.372867,207.4813811,0
1099,119.372867,207.4813811,0
1100,119.372867,207.4813811,0
1101,119.372867,207.4813811,0
1102,119.372867,207.4813811,0
1103,119.372867,207.4813811,0
1104,119.372867,207.4813811,0
1105,119.372867,207.4813811,0
1106,119.372867,207.4813811,0
1107,119.372867,207.4813811,0
1108,119.372867,207.4813811,0
1109,119.372867,207.4813811,0
1110,119.372867,207.4813811,0
1111,119.372867,207.4813811,0
1112,119.372867,207.4813811,0
1113,116.5306559,207.4813811,0
1114,116.5306559,207.4813811,0
1115,116.5306559,207.4813811,0
1116,116.5306559,207.4813811,0
1117,116.5306559,207.4813811,0
1118,116.5306559,207.4813811,0
1119,116.5306559,207.4813811,0
1120,116.5306559,207.4813811,0
1121,116.5306559,207.4813811,0
1122,116.5306559,207.4813811,0
1123,116.5306559,207.4813811,0
1124,116.5306559,207.4813811,0
1125,116.5306559,207.4813811,0
1126,116.5306559,207.4813811,0
1127,116.5306559,207.4813811,0
1128,116.5306559,204.6391704,0
1129,116.5306559,204.6391704,0
1130,116.5306559,204.6391704,0
1131,116.5306559,207.4813811,0
1132,116.5306559,207.4813811,0
1133,116.5306559,207.4813811,0
1134,116.5306559,207.4813811,0
1135,116.5306559,207.4813811,0
1136,116.5306559,207.4813811,0
1137,116.5306559,207.4813811,0
1138,116.5306559,207.4813811,0
1139,116.5306559,207.4813811,0
1140,116.5306559,207.4813811,0
1141,116.5306559,207.4813811,0
1142,116.5306559,207.4813811,0
1143,116.5306559,207.4813811,0
1144,116.5306559,207.4813811,0
1145,116.5306559,207.4813811,0
1146,116.5306559,207.4813811,0
1147,116.5306559,207.4813811,0
1148,116.5306559,207.4813811,0
1149,116.5306559,207.4813811,0
1150,116.5306559,207.4813811,0
1151,116.5306559,207.4813811,0
1152,116.5306559,207.4813811,0
1153,116.5306559,207.4813811,0
1154,116.5306559,207.4813811,0
1155,116.5306559,207.4813811,0
1156,116.5306559,207.4813811,0
1157,116.5306559,207.4813811,0
1158,116.5306559,207.4813811,0
1159,116.5306559,207.4813811,0
1160,116.5306559,207.4813811,0
1161,116.5306559,207.4813811,0
1162,116.5306559,207.4813811,0
1163,116.5306559,207.4813811,0
1164,116.5306559,207.4813811,0
1165,116.5306559,207.4813811,0
1166,116.5306559,207.4813811,0
1167,116.5306559,207.4813811,0
1168,116.5306559,207.4813811,0
1169,116.5306559,207.4813811,0
1170,116.5306559,207.4813811,0
1171,116.5306559,207.4813811,0
1172,116.5306559,207.4813811,0
1173,116.5306559,207.4813811,0
1174,116.5306559,207.4813811,0
1175,116.5306559,207.4813811,0
1176,116.5306559,207.4813811,0
1177,116.5306559,207.4813811,0
1178,116.5306559,207.4813811,0
1179,116.5306559,207.4813811,0
1180,116.5306559,207.4813811,0
1181,116.5306559,207.4813811,0
1182,116.5306559,207.4813811,0
1183,116.5306559,207.4813811,0
1184,116.5306559,207.4813811,0
1185,116.5306559,207.4813811,0
1186,116.5306559,207.4813811,0
1187,116.5306559,207.4813811,0
1188,116.5306559,207.4813811,0
1189,116.5306559,207.4813811,0
1190,116.5306559,207.4813811,0
1191,116.5306559,207.4813811,0
1192,116.5306559,207.4813811,0
1193,116.5306559,207.4813811,0
1194,116.5306559,207.4813811,0
1195,116.5306559,207.4813811,0
1196,116.5306559,207.4813811,0
1197,116.5306559,207.4813811,0
1198,116.5306559,207.4813811,0
1199,116.5306559,207.4813811,0
1200,116.5306559,207.4813811,0
1201,116.5306559,207.4813811,0
1202,116.5306559,207.4813811,0
1203,116.5306559,207.4813811,0
1204,116.5306559,207.4813811,0
1205,116.5306559,207.4813811,0
1206,116.5306559,207.4813811,0
1207,116.5306559,207.4813811,0
1208,116.5306559,207.4813811,0
1209,116.5306559,207.4813811,0
1210,116.5306559,207.4813811,0
1211,116.5306559,207.4813811,0
1212,116.5306559,207.4813811,0
1213,116.5306559,207.4813811,0
1214,116.5306559,207.4813811,0
1215,116.5306559,207.4813811,0
1216,116.5306559,207.4813811,0
1217,116.5306559,207.4813811,0
1218,116.5306559,207.4813811,0
1219,116.5306559,207.4813811,0
1220,113.6884448,207.4813811,0
1221,113.6884448,204.6391704,0
1222,113.6884448,204.6391704,0
1223,113.6884448,204.6391704,0
1224,113.6884448,204.6391704,0
1225,113.6884448,204.6391704,0
1226,113.6884448,204.6391704,0
1227,113.6884448,204.6391704,0
1228,113.6884448,204.6391704,0
1229,113.6884448,204.6391704,0
1230,113.6884448,204.6391704,0
1231,113.6884448,204.6391704,0
1232,113.6884448,207.4813811,0
1233,113.6884448,207.4813811,0
1234,113.6884448,207.4813811,0
1235,113.6884448,207.4813811,0
1236,113.6884448,207.4813811,0
1237,113.6884448,207.4813811,0
1238,113.6884448,207.4813811,0
1239,113.6884448,207.4813811,0
1240,113.6884448,207.4813811,0
1241,113.6884448,207.4813811,0
1242,113.6884448,207.4813811,0
1243,113.6884448,207.4813811,0
1244,113.6884448,207.4813811,0
1245,113.6884448,207.4813811,0
1246,113.6884448,207.4813811,0
1247,113.6884448,207.4813811,0
1248,113.6884448,207.4813811,0
1249,113.6884448,207.4813811,0
1250,113.6884448,207.4813811,0
1251,113.6884448,207.4813811,0
1252,113.6884448,207.4813811,0
1253,113.6884448,207.4813811,0
1254,113.6884448,207.4813811,0
1255,113.6884448,207.4813811,0
1256,113.6884448,207.4813811,0
1257,113.6884448,207.4813811,0
1258,113.6884448,207.4813811,0
1259,113.6884448,207.4813811,0
1260,113.6884448,207.4813811,0
1261,113.6884448,207.4813811,0
1262,113.6884448,207.4813811,0
1263,113.6884448,207.4813811,0
1264,113.6884448,207.4813811,0
1265,113.6884448,207.4813811,0
1266,113.6884448,207.4813811,0
1267,113.6884448,207.4813811,0
1268,113.6884448,207.4813811,0
1269,113.6884448,207.4813811,0
1270,113.6884448,207.4813811,0
1271,113.6884448,207.4813811,0
1272,113.6884448,207.4813811,0
1273,113.6884448,207.4813811,0
1274,113.6884448,207.4813811,0
1275,113.6884448,207.4813811,0
1276,113.6884448,207.4813811,0
1277,113.6884448,207.4813811,0
1278,113.6884448,207.4813811,0
1279,113.6884448,207.4813811,0
1280,113.6884448,207.4813811,0
1281,113.6884448,207.4813811,0
1282,113.6884448,207.4813811,0
1283,113.6884448,204.6391704,0
1284,113.6884448,204.6391704,0
1285,113.6884448,204.6391704,0
1286,113.6884448,204.6391704,0
1287,113.6884448,204.6391704,0
1288,113.6884448,204.6391704,0
1289,113.6884448,204.6391704,0
1290,113.6884448,204.6391704,0
1291,113.6884448,204.6391704,0
1292,113.6884448,204.6391704,0
1293,113.6884448,204.6391704,0
1294,113.6884448,204.6391704,0
1295,113.6884448,204.6391704,0
1296,113.6884448,204.6391704,0
1297,113.6884448,204.6391704,0
1298,113.6884448,204.6391704,0
1299,113.6884448,204.6391704,0
1300,113.6884448,204.6391704,0
1301,113.6884448,204.6391704,0
1302,113.6884448,204.6391704,0
1303,113.6884448,204.6391704,0
1304,113.6884448,204.6391704,0
1305,113.6884448,204.6391704,0
1306,113.6884448,204.6391704,0
1307,113.6884448,204.6391704,0
1308,113.6884448,204.6391704,0
1309,113.6884448,204.6391704,0
1310,110.8462336,204.6391704,0
1311,110.8462336,204.6391704,0
1312,110.8462336,204.6391704,0
1313,110.8462336,204.6391704,0
1314,110.8462336,204.6391704,0
1315,110.8462336,204.6391704,0
1316,110.8462336,204.6391704,0
1317,110.8462336,204.6391704,0
1318,110.8462336,204.6391704,0
1319,110.8462336,204.6391704,0
1320,110.8462336,204.6391704,0
1321,110.8462336,204.6391704,0
1322,110.8462336,204.6391704,0
1323,110.8462336,204.6391704,0
1324,110.8462336,204.6391704,0
1325,110.8462336,204.6391704,0
1326,110.8462336,204.6391704,0
1327,110.8462336,204.6391704,0
1328,110.8462336,204.6391704,0
1329,108.0040226,204.6391704,0
1330,108.0040226,204.6391704,0
1331,108.0040226,204.6391704,0
1332,108.0040226,204.6391704,0
1333,108.0040226,204.6391704,0
1334,110.8462336,207.4813811,0
1335,110.8462336,207.4813811,0
1336,110.8462336,207.4813811,0
1337,110.8462336,207.4813811,0
1338,110.8462336,207.4813811,0
1339,110.8462336,207.4813811,0
1340,110.8462336,207.4813811,0
1341,110.8462336,207.4813811,0
1342,110.8462336,207.4813811,0
1343,110.8462336,207.4813811,0
1344,110.8462336,207.4813811,0
1345,110.8462336,207.4813811,0
1346,110.8462336,207.4813811,0
1347,110.8462336,207.4813811,0
1348,110.8462336,207.4813811,0
1349,110.8462336,207.4813811,0
1350,110.8462336,207.4813811,0
1351,110.8462336,207.4813811,0
1352,110.8462336,207.4813811,0
1353,110.8462336,207.4813811,0
1354,110.8462336,207.4813811,0
1355,110.8462336,207.4813811,0
1356,110.8462336,207.4813811,0
1357,110.8462336,207.4813811,0
1358,110.8462336,207.4813811,0
1359,110.8462336,207.4813811,0
1360,110.8462336,207.4813811,0
1361,110.8462336,207.4813811,0
1362,110.8462336,207.4813811,0
1363,110.8462336,207.4813811,0
1364,110.8462336,207.4813811,0
1365,110.8462336,207.4813811,0
1366,110.8462336,207.4813811,0
1367,110.8462336,207.4813811,0
1368,110.8462336,207.4813811,0
1369,110.8462336,207.4813811,0
1370,110.8462336,207.4813811,0
1371,110.8462336,207.4813811,0
1372,110.8462336,207.4813811,0
1373,110.8462336,207.4813811,0
1374,110.8462336,207.4813811,0
1375,110.8462336,207.4813811,0
1376,110.8462336,207.4813811,0
1377,110.8462336,207.4813811,0
1378,110.8462336,207.4813811,0
1379,110.8462336,207.4813811,0
1380,110.8462336,207.4813811,0
1381,110.8462336,207.4813811,0
1382,110.8462336,207.4813811,0
1383,110.8462336,207.4813811,0
1384,110.8462336,207.4813811,0
1385,110.8462336,207.4813811,0
1386,110.8462336,207.4813811,0
1387,110.8462336,207.4813811,0
1388,110.8462336,207.4813811,0
1389,110.8462336,207.4813811,0
1390,110.8462336,207.4813811,0
1391,110.8462336,207.4813811,0
1392,110.8462336,207.4813811,0
1393,110.8462336,207.4813811,0
1394,110.8462336,207.4813811,0
1395,110.8462336,207.4813811,0
1396,110.8462336,207.4813811,0
1397,110.8462336,207.4813811,0
1398,110.8462336,207.4813811,0
1399,110.8462336,207.4813811,0
1400,110.8462336,207.4813811,0
1401,110.8462336,207.4813811,0
1402,110.8462336,207.4813811,0
1403,113.6884448,207.4813811,0
1404,113.6884448,207.4813811,0
1405,113.6884448,207.4813811,0
1406,113.6884448,207.4813811,0
1407,113.6884448,207.4813811,0
1408,113.6884448,207.4813811,0
1409,113.6884448,207.4813811,0
1410,113.6884448,207.4813811,0
1411,113.6884448,207.4813811,0
1412,113.6884448,207.4813811,0
1413,113.6884448,207.4813811,0
1414,113.6884448,207.4813811,0
1415,113.6884448,207.4813811,0
1416,113.6884448,207.4813811,0
1417,113.6884448,207.4813811,0
1418,113.6884448,207.4813811,0
1419,113.6884448,207.4813811,0
1420,113.6884448,207.4813811,0
1421,113.6884448,207.4813811,0
1422,113.6884448,207.4813811,0
1423,113.6884448,207.4813811,0
1424,113.6884448,207.4813811,0
1425,113.6884448,207.4813811,0
1426,113.6884448,207.4813811,0
1427,113.6884448,207.4813811,0
1428,113.6884448,207.4813811,0
1429,113.6884448,207.4813811,0
1430,113.6884448,207.4813811,0
1431,113.6884448,207.4813811,0
1432,113.6884448,207.4813811,0
1433,113.6884448,207.4813811,0
1434,113.6884448,207.4813811,0
1435,113.6884448,207.4813811,0
1436,113.6884448,207.4813811,0
1437,113.6884448,207.4813811,0
1438,113.6884448,207.4813811,0
1439,113.6884448,207.4813811,0
1440,113.6884448,207.4813811,0
1441,113.6884448,207.4813811,0
1442,113.6884448,207.4813811,0
1443,113.6884448,207.4813811,0
1444,113.6884448,207.4813811,0
1445,113.6884448,207.4813811,0
1446,113.6884448,207.4813811,0
1447,113.6884448,207.4813811,0
1448,113.6884448,207.4813811,0
1449,113.6884448,207.4813811,0
1450,113.6884448,207.4813811,0
1451,113.6884448,207.4813811,0
1452,113.6884448,207.4813811,0
1453,110.8462336,207.4813811,0
1454,110.8462336,207.4813811,0
1455,110.8462336,207.4813811,0
1456,110.8462336,207.4813811,0
1457,110.8462336,207.4813811,0
1458,110.8462336,207.4813811,0
1459,110.8462336,207.4813811,0
1460,110.8462336,207.4813811,0
1461,110.8462336,207.4813811,0
1462,110.8462336,207.4813811,0
1463,108.0040225,207.4813811,0
1464,108.0040225,207.4813811,0
1465,108.0040225,207.4813811,0
1466,108.0040225,207.4813811,0
1467,108.0040225,207.4813811,0
1468,108.0040225,207.4813811,0
1469,108.0040225,207.4813811,0
1470,108.0040225,207.4813811,0
1471,108.0040225,207.4813811,0
1472,108.0040225,207.4813811,0
1473,108.0040225,207.4813811,0
1474,108.0040225,207.4813811,0
1475,110.8462336,207.4813811,0
1476,110.8462336,207.4813811,0
1477,110.8462336,207.4813811,0
1478,110.8462336,204.6391704,0
1479,110.8462336,204.6391704,0
1480,110.8462336,204.6391704,0
1481,110.8462336,204.6391704,0
1482,110.8462336,204.6391704,0
1483,110.8462336,204.6391704,0
1484,110.8462336,204.6391704,0
1485,110.8462336,204.6391704,0
1486,110.8462336,204.6391704,0
1487,110.8462336,204.6391704,0
1488,110.8462336,204.6391704,0
1489,110.8462336,204.6391704,0
1490,110.8462336,204.6391704,0
1491,110.8462336,204.6391704,0
1492,110.8462336,204.6391704,0
1493,110.8462336,204.6391704,0
1494,110.8462336,204.6391704,0
1495,110.8462336,204.6391704,0
1496,110.8462336,204.6391704,0
1497,110.8462336,204.6391704,0
1498,110.8462336,204.6391704,0
1499,110.8462336,204.6391704,0
1500,110.8462336,204.6391704,0
1501,110.8462336,204.6391704,0
1502,110.8462336,204.6391704,0
1503,110.8462336,204.6391704,0
1504,110.8462336,204.6391704,0
1505,110.8462336,204.6391704,0
1506,110.8462336,204.6391704,0
1507,110.8462336,204.6391704,0
1508,110.8462336,204.6391704,0
1509,110.8462336,204.6391704,0
1510,110.8462336,204.6391704,0
1511,110.8462336,204.6391704,0
1512,110.8462336,204.6391704,0
1513,110.8462336,204.6391704,0
1514,110.8462336,204.6391704,0
1515,110.8462336,204.6391704,0
1516,110.8462336,204.6391704,0
1517,110.8462336,204.6391704,0
1518,110.8462336,204.6391704,0
1519,110.8462336,204.6391704,0
1520,110.8462336,204.6391704,0
1521,110.8462336,204.6391704,0
1522,110.8462336,204.6391704,0
1523,110.8462336,204.6391704,0
1524,110.8462336,204.6391704,0
1525,110.8462336,204.6391704,0
1526,110.8462336,204.6391704,0
1527,110.8462336,204.6391704,0
1528,110.8462336,204.6391704,0
1529,110.8462336,204.6391704,0
1530,110.8462336,204.6391704,0
1531,110.8462336,204.6391704,0
1532,110.8462336,204.6391704,0
1533,110.8462336,204.6391704,0
1534,110.8462336,204.6391704,0
1535,110.8462336,204.6391704,0
1536,110.8462336,204.6391704,0
1537,110.8462336,204.6391704,0
1538,110.8462336,204.6391704,0
1539,110.8462336,204.6391704,0
1540,110.8462336,204.6391704,0
1541,110.8462336,204.6391704,0
1542,110.8462336,204.6391704,0
1543,110.8462336,204.6391704,0
1544,110.8462336,204.6391704,0
1545,110.8462336,204.6391704,0
1546,110.8462336,204.6391704,0
1547,110.8462336,204.6391704,0
1548,110.8462336,204.6391704,0
1549,110.8462336,204.6391704,0
1550,110.8462336,204.6391704,0
1551,110.8462336,204.6391704,0
1552,110.8462336,204.6391704,0
1553,110.8462336,204.6391704,0
1554,110.8462336,204.6391704,0
1555,110.8462336,204.6391704,0
1556,110.8462336,204.6391704,0
1557,110.8462336,204.6391704,0
1558,110.8462336,204.6391704,0
1559,110.8462336,204.6391704,0
1560,110.8462336,204.6391704,0
1561,110.8462336,204.6391704,0
1562,110.8462336,204.6391704,0
1563,110.8462336,204.6391704,0
1564,110.8462336,204.6391704,0
1565,110.8462336,204.6391704,0
1566,110.8462336,204.6391704,0
1567,110.8462336,204.6391704,0
1568,110.8462336,204.6391704,0
1569,110.8462336,204.6391704,0
1570,110.8462336,204.6391704,0
1571,110.8462336,204.6391704,0
1572,110.8462336,204.6391704,0
1573,110.8462336,204.6391704,0
1574,110.8462336,204.6391704,0
1575,110.8462336,204.6391704,0
1576,110.8462336,204.6391704,0
1577,110.8462336,204.6391704,0
1578,110.8462336,204.6391704,0
1579,110.8462336,204.6391704,0
1580,110.8462336,204.6391704,0
1581,110.8462336,204.6391704,0
1582,110.8462336,204.6391704,0
1583,110.8462336,204.6391704,0
1584,110.8462336,204.6391704,0
1585,110.8462336,204.6391704,0
1586,110.8462336,204.6391704,0
1587,110.8462336,204.6391704,0
1588,110.8462336,204.6391704,0
1589,110.8462336,204.6391704,0
1590,110.8462336,204.6391704,0
1591,110.8462336,204.6391704,0
1592,110.8462336,204.6391704,0
1593,110.8462336,204.6391704,0
1594,110.8462336,204.6391704,0
1595,110.8462336,204.6391704,0
1596,110.8462336,204.6391704,0
1597,110.8462336,204.6391704,0
1598,110.8462336,204.6391704,0
1599,110.8462336,204.6391704,0
1600,110.8462336,204.6391704,0
1601,110.8462336,204.6391704,0
1602,110.8462336,207.4813811,0
1603,110.8462336,207.4813811,0
1604,110.8462336,207.4813811,0
1605,110.8462336,207.4813811,0
1606,110.8462336,207.4813811,0
1607,110.8462336,207.4813811,0
1608,110.8462336,207.4813811,0
1609,110.8462336,207.4813811,0
1610,110.8462336,207.4813811,0
1611,110.8462336,207.4813811,0
1612,110.8462336,207.4813811,0
1613,110.8462336,207.4813811,0
1614,110.8462336,207.4813811,0
1615,110.8462336,207.4813811,0
1616,110.8462336,207.4813811,0
1617,110.8462336,207.4813811,0
1618,110.8462336,207.4813811,0
1619,110.8462336,207.4813811,0
1620,110.8462336,207.4813811,0
1621,110.8462336,207.4813811,0
1622,110.8462336,207.4813811,0
1623,110.8462336,207.4813811,0
1624,110.8462336,207.4813811,0
1625,110.8462336,207.4813811,0
1626,110.8462336,207.4813811,0
1627,110.8462336,207.4813811,0
1628,110.8462336,207.4813811,0
1629,110.8462336,207.4813811,0
1630,110.8462336,207.4813811,0
1631,110.8462336,207.4813811,0
1632,110.8462336,207.4813811,0
1633,110.8462336,207.4813811,0
1634,110.8462336,207.4813811,0
1635,110.8462336,207.4813811,0
1636,110.8462336,207.4813811,0
1637,110.8462336,207.4813811,0
1638,110.8462336,207.4813811,0
1639,110.8462336,207.4813811,0
1640,110.8462336,207.4813811,0
1641,110.8462336,207.4813811,0
1642,110.8462336,207.4813811,0
1643,110.8462336,207.4813811,0
1644,110.8462336,207.4813811,0
1645,110.8462336,207.4813811,0
1646,110.8462336,207.4813811,0
1647,110.8462336,207.4813811,0
1648,110.8462336,207.4813811,0
1649,110.8462336,207.4813811,0
1650,110.8462336,207.4813811,0
1651,110.8462336,207.4813811,0
1652,110.8462336,207.4813811,0
1653,110.8462336,207.4813811,0
1654,110.8462336,207.4813811,0
1655,110.8462336,207.4813811,0
1656,110.8462336,207.4813811,0
1657,110.8462336,207.4813811,0
1658,110.8462336,207.4813811,0
1659,110.8462336,207.4813811,0
1660,110.8462336,207.4813811,0
1661,110.8462336,207.4813811,0
1662,110.8462336,207.4813811,0
1663,110.8462336,207.4813811,0
1664,110.8462336,207.4813811,0
1665,110.8462336,207.4813811,0
1666,110.8462336,207.4813811,0
1667,110.8462336,207.4813811,0
1668,110.8462336,207.4813811,0
1669,110.8462336,207.4813811,0
1670,110.8462336,207.4813811,0
1671,110.8462336,207.4813811,0
1672,110.8462336,207.4813811,0
1673,110.8462336,207.4813811,0
1674,110.8462336,207.4813811,0
1675,113.6884448,207.4813811,0
1676,113.6884448,207.4813811,0
1677,113.6884448,207.4813811,0
1678,113.6884448,207.4813811,0
1679,113.6884448,207.4813811,0
1680,113.6884448,207.4813811,0
1681,113.6884448,207.4813811,0
1682,113.6884448,207.4813811,0
1683,113.6884448,207.4813811,0
1684,113.6884448,207.4813811,0
1685,113.6884448,207.4813811,0
1686,113.6884448,207.4813811,0
1687,113.6884448,207.4813811,0
1688,113.6884448,207.4813811,0
1689,113.6884448,207.4813811,0
1690,113.6884448,207.4813811,0
1691,113.6884448,207.4813811,0
1692,113.6884448,207.4813811,0
1693,113.6884448,204.6391704,0
1694,113.6884448,204.6391704,0
1695,113.6884448,204.6391704,0
1696,113.6884448,204.6391704,0
1697,113.6884448,204.6391704,0
1698,113.6884448,204.6391704,0
1699,113.6884448,204.6391704,0
1700,113.6884448,204.6391704,0
1701,113.6884448,204.6391704,0
1702,113.6884448,204.6391704,0
1703,113.6884448,204.6391704,0
1704,113.6884448,204.6391704,0
1705,113.6884448,204.6391704,0
1706,113.6884448,204.6391704,0
1707,113.6884448,204.6391704,0
1708,113.6884448,204.6391704,0
1709,113.6884448,204.6391704,0
1710,113.6884448,204.6391704,0
1711,113.6884448,204.6391704,0
1712,113.6884448,204.6391704,0
1713,113.6884448,204.6391704,0
1714,113.6884448,204.6391704,0
1715,113.6884448,204.6391704,0
1716,113.6884448,204.6391704,0
1717,113.6884448,204.6391704,0
1718,113.6884448,204.6391704,0
1719,113.6884448,204.6391704,0
1720,113.6884448,204.6391704,0
1721,113.6884448,204.6391704,0
1722,113.6884448,204.6391704,0
1723,113.6884448,204.6391704,0
1724,113.6884448,204.6391704,0
1725,108.0040226,204.6391704,0
1726,108.0040226,204.6391704,0
1727,108.0040226,204.6391704,0
1728,108.0040226,204.6391704,0
1729,108.0040226,204.6391704,0
1730,108.0040226,204.6391704,0
1731,108.0040226,204.6391704,0
1732,108.0040226,204.6391704,0
1733,108.0040225,204.6391704,0
1734,108.0040225,204.6391704,0
1735,108.0040225,204.6391704,0
1736,108.0040225,204.6391704,0
1737,108.0040225,204.6391704,0
1738,108.0040225,204.6391704,0
1739,108.0040225,204.6391704,0
1740,108.0040225,204.6391704,0
1741,108.0040225,204.6391704,0
1742,108.0040225,204.6391704,0
1743,108.0040225,204.6391704,0
1744,108.0040225,204.6391704,0
1745,108.0040225,204.6391704,0
1746,108.0040225,204.6391704,0
1747,108.0040225,204.6391704,0
1748,108.0040225,204.6391704,0
1749,108.0040225,204.6391704,0
1750,108.0040225,204.6391704,0
1751,108.0040225,204.6391704,0
1752,108.0040225,204.6391704,0
1753,108.0040225,204.6391704,0
1754,108.0040225,204.6391704,0
1755,108.0040225,204.6391704,0
1756,108.0040225,204.6391704,0
1757,108.0040225,204.6391704,0
1758,108.0040225,204.6391704,0
1759,108.0040225,204.6391704,0
1760,108.0040225,204.6391704,0
1761,108.0040225,204.6391704,0
1762,108.0040225,204.6391704,0
1763,108.0040225,204.6391704,0
1764,108.0040225,204.6391704,0
1765,108.0040225,204.6391704,0
1766,108.0040225,204.6391704,0
1767,108.0040225,204.6391704,0
1768,108.0040225,204.6391704,0
1769,108.0040225,204.6391704,0
1770,108.0040225,204.6391704,0
1771,108.0040225,204.6391704,0
1772,108.0040225,204.6391704,0
1773,105.1618114,204.6391704,0
1774,105.1618114,204.6391704,0
1775,105.1618114,204.6391704,0
1776,105.1618114,204.6391704,0
1777,105.1618114,204.6391704,0
1778,105.1618114,204.6391704,0
1779,105.1618114,204.6391704,0
1780,105.1618114,204.6391704,0
1781,105.1618114,204.6391704,0
1782,105.1618114,204.6391704,0
1783,105.1618114,204.6391704,0
1784,105.1618114,204.6391704,0
1785,105.1618114,204.6391704,0
1786,105.1618114,204.6391704,0
1787,105.1618114,204.6391704,0
1788,105.1618114,204.6391704,0
1789,105.1618114,204.6391704,0
1790,105.1618114,204.6391704,0
1791,105.1618114,204.6391704,0
1792,105.1618114,204.6391704,0
1793,105.1618114,204.6391704,0
1794,105.1618114,204.6391704,0
1795,105.1618114,204.6391704,0
1796,105.1618114,204.6391704,0
1797,105.1618114,204.6391704,0
1798,105.1618114,204.6391704,0
1799,105.1618114,204.6391704,0
1800,105.1618114,204.6391704,0
1801,105.1618114,204.6391704,0
1802,105.1618114,204.6391704,0
1803,105.1618114,204.6391704,0
1804,105.1618114,204.6391704,0
1805,105.1618114,204.6391704,0
1806,105.1618114,204.6391704,0
1807,105.1618114,204.6391704,0
1808,105.1618114,204.6391704,0
1809,105.1618114,204.6391704,0
1810,105.1618114,204.6391704,0
1811,105.1618114,204.6391704,0
1812,105.1618114,204.6391704,0
1813,105.1618114,207.4813811,0
1814,105.1618114,207.4813811,0
1815,105.1618114,207.4813811,0
1816,105.1618114,207.4813811,0
1817,105.1618114,207.4813811,0
1818,105.1618114,207.4813811,0
1819,105.1618114,207.4813811,0
1820,105.1618114,207.4813811,0
1821,105.1618114,207.4813811,0
1822,108.0040226,207.4813811,0
1823,108.0040226,207.4813811,0
1824,108.0040226,207.4813811,0
1825,108.0040226,207.4813811,0
1826,108.0040226,207.4813811,0
1827,108.0040226,207.4813811,0
1828,108.0040226,207.4813811,0
1829,108.0040226,207.4813811,0
1830,108.0040226,207.4813811,0
1831,108.0040226,207.4813811,0
1832,108.0040226,207.4813811,0
1833,108.0040226,207.4813811,0
1834,108.0040226,207.4813811,0
1835,108.0040226,207.4813811,0
1836,108.0040226,207.4813811,0
1837,108.0040226,207.4813811,0
1838,108.0040226,207.4813811,0
1839,108.0040226,207.4813811,0
1840,108.0040226,207.4813811,0
1841,108.0040226,207.4813811,0
1842,108.0040226,207.4813811,0
1843,108.0040226,207.4813811,0
1844,108.0040226,207.4813811,0
1845,108.0040226,207.4813811,0
1846,108.0040226,207.4813811,0
1847,108.0040226,207.4813811,0
1848,108.0040226,207.4813811,0
1849,108.0040226,207.4813811,0
1850,108.0040226,207.4813811,0
1851,108.0040226,207.4813811,0
1852,108.0040226,207.4813811,0
1853,108.0040226,207.4813811,0
1854,108.0040226,207.4813811,0
1855,108.0040226,207.4813811,0
1856,108.0040226,207.4813811,0
1857,108.0040226,207.4813811,0
1858,108.0040226,207.4813811,0
1859,108.0040226,207.4813811,0
1860,108.0040226,207.4813811,0
1861,108.0040226,207.4813811,0
1862,108.0040226,207.4813811,0
1863,108.0040226,204.6391704,0
1864,108.0040226,204.6391704,0
1865,108.0040226,204.6391704,0
1866,108.0040226,204.6391704,0
1867,108.0040226,204.6391704,0
1868,108.0040226,204.6391704,0
1869,108.0040226,204.6391704,0
1870,108.0040226,204.6391704,0
1871,108.0040226,204.6391704,0
1872,108.0040226,204.6391704,0
1873,108.0040226,204.6391704,0
1874,108.0040226,204.6391704,0
1875,108.0040226,204.6391704,0
1876,108.0040226,204.6391704,0
1877,108.0040226,204.6391704,0
1878,108.0040226,204.6391704,0
1879,108.0040226,204.6391704,0
1880,108.0040226,204.6391704,0
1881,108.0040226,204.6391704,0
1882,108.0040226,204.6391704,0
1883,108.0040226,204.6391704,0
1884,108.0040226,204.6391704,0
1885,108.0040226,204.6391704,0
1886,108.0040226,204.6391704,0
1887,108.0040226,204.6391704,0
1888,108.0040226,204.6391704,0
1889,108.0040226,204.6391704,0
1890,108.0040226,204.6391704,0
1891,108.0040226,204.6391704,0
1892,108.0040226,204.6391704,0
1893,108.0040226,204.6391704,0
1894,108.0040226,204.6391704,0
1895,108.0040226,204.6391704,0
1896,108.0040226,204.6391704,0
1897,108.0040226,204.6391704,0
1898,108.0040226,204.6391704,0
1899,108.0040226,204.6391704,0
1900,108.0040226,204.6391704,0
1901,108.0040226,204.6391704,0
1902,108.0040226,204.6391704,0
1903,108.0040226,204.6391704,0
1904,108.0040226,204.6391704,0
1905,108.0040226,204.6391704,0
1906,108.0040226,204.6391704,0
1907,108.0040226,204.6391704,0
1908,108.0040226,204.6391704,0
1909,108.0040226,204.6391704,0
1910,108.0040226,204.6391704,0
1911,108.0040226,204.6391704,0
1912,108.0040226,204.6391704,0
1913,108.0040226,204.6391704,0
1914,108.0040226,204.6391704,0
1915,108.0040226,204.6391704,0
1916,108.0040226,204.6391704,0
1917,108.0040226,204.6391704,0
1918,108.0040226,204.6391704,0
1919,108.0040226,204.6391704,0
1920,108.0040226,204.6391704,0
1921,108.0040225,204.6391704,0
1922,108.0040225,204.6391704,0
1923,108.0040225,204.6391704,0
1924,108.0040225,204.6391704,0
1925,108.0040225,204.6391704,0
1926,108.0040225,204.6391704,0
1927,108.0040225,204.6391704,0
1928,108.0040225,204.6391704,0
1929,108.0040225,204.6391704,0
1930,108.0040225,204.6391704,0
1931,108.0040225,204.6391704,0
1932,108.0040225,204.6391704,0
1933,108.0040225,204.6391704,0
1934,108.0040225,204.6391704,0
1935,108.0040225,204.6391704,0
1936,108.0040225,204.6391704,0
1937,108.0040225,204.6391704,0
1938,108.0040225,204.6391704,0
1939,108.0040225,204.6391704,0
1940,108.0040225,204.6391704,0
1941,108.0040225,204.6391704,0
1942,108.0040225,204.6391704,0
1943,108.0040225,204.6391704,0
1944,108.0040225,204.6391704,0
1945,108.0040225,204.6391704,0
1946,108.0040225,204.6391704,0
1947,108.0040225,204.6391704,0
1948,108.0040225,204.6391704,0
1949,108.0040225,204.6391704,0
1950,108.0040225,204.6391704,0
1951,108.0040225,204.6391704,0
1952,108.0040225,204.6391704,0
1953,108.0040225,204.6391704,0
1954,108.0040225,204.6391704,0
1955,108.0040225,204.6391704,0
1956,108.0040225,207.4813811,0
1957,108.0040225,207.4813811,0
1958,108.0040225,207.4813811,0
1959,108.0040225,207.4813811,0
1960,108.0040225,207.4813811,0
1961,108.0040225,207.4813811,0
1962,108.0040225,207.4813811,0
1963,108.0040225,207.4813811,0
1964,108.0040225,207.4813811,0
1965,108.0040225,207.4813811,0
1966,108.0040225,207.4813811,0
1967,108.0040225,207.4813811,0
1968,108.0040225,207.4813811,0
1969,108.0040225,207.4813811,0
1970,108.0040225,207.4813811,0
1971,108.0040225,207.4813811,0
1972,108.0040225,207.4813811,0
1973,108.0040225,207.4813811,0
1974,108.0040225,207.4813811,0
1975,108.0040225,207.4813811,0
1976,108.0040225,207.4813811,0
1977,108.0040225,207.4813811,0
1978,108.0040225,207.4813811,0
1979,108.0040225,207.4813811,0
1980,108.0040225,207.4813811,0
1981,108.0040225,207.4813811,0
1982,108.0040225,207.4813811,0
1983,108.0040225,207.4813811,0
1984,108.0040225,207.4813811,0
1985,108.0040225,207.4813811,0
1986,108.0040225,207.4813811,0
1987,108.0040225,207.4813811,0
1988,108.0040225,207.4813811,0
1989,108.0040225,207.4813811,0
1990,108.0040225,207.4813811,0
1991,108.0040225,207.4813811,0
1992,108.0040225,207.4813811,0
1993,108.0040225,207.4813811,0
1994,108.0040225,207.4813811,0
1995,108.0040225,207.4813811,0
1996,108.0040225,207.4813811,0
1997,108.0040225,207.4813811,0
1998,108.0040225,207.4813811,0
1999,108.0040225,207.4813811,0
2000,108.0040225,207.4813811,0
2001,108.0040225,207.4813811,0
2002,108.0040225,207.4813811,0
2003,108.0040225,207.4813811,0
2004,108.0040225,207.4813811,0
2005,108.0040225,207.4813811,0
2006,108.0040225,207.4813811,0
2007,108.0040225,207.4813811,0
2008,108.0040225,207.4813811,0
2009,108.0040225,207.4813811,0
2010,108.0040225,207.4813811,0
2011,108.0040225,207.4813811,0
2012,108.0040225,207.4813811,0
2013,108.0040225,207.4813811,0
2014,102.3196003,207.4813811,0
2015,102.3196003,207.4813811,0
2016,102.3196003,207.4813811,0
2017,102.3196003,207.4813811,0
2018,102.3196003,207.4813811,0
2019,102.3196003,207.4813811,0
2020,102.3196003,207.4813811,0
2021,102.3196003,207.4813811,0
2022,102.3196003,207.4813811,0
2023,102.3196003,207.4813811,0
2024,102.3196003,207.4813811,0
2025,102.3196003,207.4813811,0
2026,102.3196003,207.4813811,0
2027,102.3196003,207.4813811,0
2028,102.3196003,207.4813811,0
2029,102.3196003,207.4813811,0
2030,102.3196003,207.4813811,0
2031,102.3196003,207.4813811,0
2032,102.3196003,207.4813811,0
2033,102.3196003,207.4813811,0
2034,102.3196003,207.4813811,0
2035,102.3196003,207.4813811,0
2036,102.3196003,207.4813811,0
2037,102.3196003,207.4813811,0
2038,102.3196003,207.4813811,0
2039,102.3196003,207.4813811,0
2040,102.3196003,207.4813811,0
2041,102.3196003,207.4813811,0
2042,102.3196003,207.4813811,0
2043,102.3196003,207.4813811,0
2044,102.3196003,207.4813811,0
2045,102.3196003,204.6391704,0
2046,102.3196003,204.6391704,0
2047,102.3196003,204.6391704,0
2048,102.3196003,204.6391704,0
2049,102.3196003,204.6391704,0
2050,102.3196003,204.6391704,0
2051,102.3196003,204.6391704,0
2052,102.3196003,204.6391704,0
2053,102.3196003,204.6391704,0
2054,102.3196003,204.6391704,0
2055,102.3196003,204.6391704,0
2056,102.3196003,204.6391704,0
2057,102.3196003,204.6391704,0
2058,102.3196003,204.6391704,0
2059,102.3196003,204.6391704,0
2060,102.3196003,204.6391704,0
2061,102.3196003,204.6391704,0
2062,102.3196003,204.6391704,0
2063,102.3196003,204.6391704,0
2064,102.3196003,204.6391704,0
2065,102.3196003,204.6391704,0
2066,102.3196003,204.6391704,0
2067,102.3196003,204.6391704,0
2068,102.3196003,204.6391704,0
2069,102.3196003,204.6391704,0
2070,102.3196003,204.6391704,0
2071,102.3196003,204.6391704,0
2072,102.3196003,204.6391704,0
2073,102.3196003,204.6391704,0
2074,102.3196003,204.6391704,0
2075,102.3196003,204.6391704,0
2076,102.3196003,204.6391704,0
2077,102.3196003,204.6391704,0
2078,102.3196003,204.6391704,0
2079,102.3196003,204.6391704,0
2080,102.3196003,204.6391704,0
2081,102.3196003,204.6391704,0
2082,102.3196003,204.6391704,0
2083,102.3196003,204.6391704,0
2084,102.3196003,204.6391704,0
2085,102.3196003,204.6391704,0
2086,102.3196003,204.6391704,0
2087,105.1618114,204.6391704,0
2088,105.1618114,204.6391704,0
2089,105.1618114,204.6391704,0
2090,105.1618114,204.6391704,0
2091,105.1618114,204.6391704,0
2092,105.1618114,204.6391704,0
2093,105.1618114,204.6391704,0
2094,105.1618114,204.6391704,0
2095,105.1618114,204.6391704,0
2096,105.1618114,204.6391704,0
2097,105.1618114,204.6391704,0
2098,105.1618114,204.6391704,0
2099,105.1618114,204.6391704,0
2100,105.1618114,204.6391704,0
2101,105.1618114,204.6391704,0
2102,105.1618114,204.6391704,0
2103,105.1618114,204.6391704,0
2104,105.1618114,204.6391704,0
2105,105.1618114,204.6391704,0
2106,105.1618114,204.6391704,0
2107,105.1618114,204.6391704,0
2108,105.1618114,204.6391704,0
2109,105.1618114,204.6391704,0
2110,105.1618114,204.6391704,0
2111,105.1618114,204.6391704,0
2112,105.1618114,204.6391704,0
2113,105.1618114,204.6391704,0
2114,105.1618114,204.6391704,0
2115,105.1618114,204.6391704,0
2116,105.1618114,204.6391704,0
2117,105.1618114,204.6391704,0
2118,105.1618114,204.6391704,0
2119,105.1618114,204.6391704,0
2120,105.1618114,204.6391704,0
2121,105.1618114,204.6391704,0
2122,105.1618114,204.6391704,0
2123,105.1618114,204.6391704,0
2124,105.1618114,204.6391704,0
2125,105.1618114,204.6391704,0
2126,105.1618114,204.6391704,0
2127,105.1618114,204.6391704,0
2128,105.1618114,204.6391704,0
2129,105.1618114,204.6391704,0
2130,105.1618114,204.6391704,0
2131,105.1618114,204.6391704,0
2132,105.1618114,204.6391704,0
2133,105.1618114,204.6391704,0
2134,105.1618114,204.6391704,0
2135,105.1618114,204.6391704,0
2136,105.1618114,204.6391704,0
2137,105.1618114,204.6391704,0
2138,105.1618114,204.6391704,0
2139,105.1618114,204.6391704,0
2140,105.1618114,204.6391704,0
2141,105.1618114,204.6391704,0
2142,105.1618114,204.6391704,0
2143,105.1618114,204.6391704,0
2144,105.1618114,204.6391704,0
2145,105.1618114,204.6391704,0
2146,105.1618114,204.6391704,0
2147,105.1618114,204.6391704,0
2148,105.1618114,204.6391704,0
2149,105.1618114,204.6391704,0
2150,105.1618114,204.6391704,0
2151,105.1618114,204.6391704,0
2152,105.1618114,204.6391704,0
2153,105.1618114,204.6391704,0
2154,105.1618114,204.6391704,0
2155,105.1618114,204.6391704,0
2156,105.1618114,204.6391704,0
2157,105.1618114,204.6391704,0
2158,105.1618114,204.6391704,0
2159,105.1618114,207.4813811,0
2160,105.1618114,207.4813811,0
2161,105.1618114,207.4813811,0
2162,105.1618114,207.4813811,0
2163,105.1618114,207.4813811,0
2164,105.1618114,207.4813811,0
2165,105.1618114,207.4813811,0
2166,105.1618114,207.4813811,0
2167,105.1618114,207.4813811,0
2168,105.1618114,207.4813811,0
2169,102.3196003,207.4813811,0
2170,102.3196003,207.4813811,0
2171,102.3196003,207.4813811,0
2172,102.3196003,207.4813811,0
2173,102.3196003,207.4813811,0
2174,102.3196003,207.4813811,0
2175,102.3196003,207.4813811,0
2176,102.3196003,207.4813811,0
2177,102.3196003,207.4813811,0
2178,102.3196003,207.4813811,0
2179,102.3196003,207.4813811,0
2180,102.3196003,207.4813811,0
2181,102.3196003,207.4813811,0
2182,102.3196003,207.4813811,0
2183,102.3196003,207.4813811,0
2184,102.3196003,207.4813811,0
2185,102.3196003,207.4813811,0
2186,102.3196003,207.4813811,0
2187,102.3196003,207.4813811,0
2188,102.3196003,207.4813811,0
2189,102.3196003,207.4813811,0
2190,102.3196003,207.4813811,0
2191,102.3196003,207.4813811,0
2192,102.3196003,207.4813811,0
2193,102.3196003,207.4813811,0
2194,102.3196003,207.4813811,0
2195,102.3196003,207.4813811,0
2196,102.3196003,207.4813811,0
2197,102.3196003,207.4813811,0
2198,102.3196003,207.4813811,0
2199,102.3196003,207.4813811,0
2200,102.3196003,207.4813811,0
2201,102.3196003,207.4813811,0
2202,102.3196003,207.4813811,0
2203,102.3196003,207.4813811,0
2204,102.3196003,207.4813811,0
2205,102.3196003,207.4813811,0
2206,102.3196003,207.4813811,0
2207,102.3196003,207.4813811,0
2208,102.3196003,207.4813811,0
2209,102.3196003,204.6391704,0
2210,102.3196003,204.6391704,0
2211,102.3196003,204.6391704,0
2212,102.3196003,204.6391704,0
2213,102.3196003,204.6391704,0
2214,102.3196003,204.6391704,0
2215,102.3196003,204.6391704,0
2216,102.3196003,204.6391704,0
2217,102.3196003,204.6391704,0
2218,102.3196003,204.6391704,0
2219,102.3196003,204.6391704,0
2220,102.3196003,204.6391704,0
2221,102.3196003,204.6391704,0
2222,102.3196003,204.6391704,0
2223,102.3196003,204.6391704,0
2224,102.3196003,204.6391704,0
2225,102.3196003,204.6391704,0
2226,102.3196003,204.6391704,0
2227,102.3196003,204.6391704,0
2228,102.3196003,204.6391704,0
2229,102.3196003,204.6391704,0
2230,102.3196003,204.6391704,0
2231,102.3196003,204.6391704,0
2232,102.3196003,204.6391704,0
2233,102.3196003,204.6391704,0
2234,102.3196003,204.6391704,0
2235,102.3196003,204.6391704,0
2236,102.3196003,204.6391704,0
2237,102.3196003,204.6391704,0
2238,102.3196003,204.6391704,0
2239,102.3196003,204.6391704,0
2240,102.3196003,204.6391704,0
2241,102.3196003,204.6391704,0
2242,102.3196003,204.6391704,0
2243,102.3196003,204.6391704,0
2244,102.3196003,204.6391704,0
2245,102.3196003,204.6391704,0
2246,99.47738921,204.6391704,0
2247,99.47738921,204.6391704,0
2248,99.47738921,204.6391704,0
2249,99.47738921,204.6391704,0
2250,99.47738921,204.6391704,0
2251,99.47738921,204.6391704,0
2252,99.47738921,204.6391704,0
2253,99.47738921,204.6391704,0
2254,99.47738921,204.6391704,0
2255,99.47738921,204.6391704,0
2256,99.47738921,204.6391704,0
2257,99.47738921,204.6391704,0
2258,99.47738921,204.6391704,0
2259,99.47738921,204.6391704,0
2260,99.47738921,204.6391704,0
2261,99.47738921,204.6391704,0
2262,99.47738921,204.6391704,0
2263,99.47738921,204.6391704,0
2264,99.47738921,204.6391704,0
2265,99.47738921,204.6391704,0
2266,99.47738921,204.6391704,0
2267,99.47738921,204.6391704,0
2268,99.47738921,204.6391704,0
2269,99.47738921,204.6391704,0
2270,99.47738921,204.6391704,0
2271,99.47738921,204.6391704,0
2272,99.47738921,204.6391704,0
2273,99.47738921,204.6391704,0
2274,99.47738921,204.6391704,0
2275,99.47738921,204.6391704,0
2276,99.47738921,204.6391704,0
2277,99.47738921,204.6391704,0
2278,99.47738921,204.6391704,0
2279,99.47738921,204.6391704,0
2280,99.47738921,204.6391704,0
2281,99.47738921,204.6391704,0
2282,99.47738921,204.6391704,0
2283,99.47738921,204.6391704,0
2284,99.47738913,204.6391704,0
2285,99.47738913,204.6391704,0
2286,99.47738913,204.6391704,0
2287,99.47738913,204.6391704,0
2288,99.47738913,204.6391704,0
2289,99.47738913,204.6391704,0
2290,99.47738913,204.6391704,0
2291,99.47738913,204.6391704,0
2292,99.47738913,204.6391704,0
2293,99.47738913,204.6391704,0
2294,99.47738913,204.6391704,0
2295,99.47738913,204.6391704,0
2296,99.47738913,204.6391704,0
2297,99.47738913,204.6391704,0
2298,99.47738913,204.6391704,0
2299,99.47738913,201.7969597,0
2300,99.47738921,201.7969597,0
2301,99.47738921,201.7969597,0
2302,99.47738921,201.7969597,0
2303,99.47738921,201.7969597,0
2304,99.47738921,201.7969597,0
2305,99.47738921,201.7969597,0
2306,99.47738921,201.7969597,0
2307,99.47738921,201.7969597,0
2308,102.3196003,201.7969597,0
2309,102.3196003,201.7969597,0
2310,102.3196003,201.7969597,0
2311,102.3196003,201.7969597,0
2312,102.3196003,201.7969597,0
2313,102.3196003,201.7969597,0
2314,102.3196003,201.7969597,0
2315,102.3196003,201.7969597,0
2316,105.1618114,201.7969597,0
2317,105.1618114,201.7969597,0
2318,105.1618114,201.7969597,0
2319,105.1618114,201.7969597,0
2320,105.1618114,201.7969597,0
2321,105.1618114,201.7969597,0
2322,105.1618114,201.7969597,0
2323,105.1618114,204.6391704,0
2324,105.1618114,204.6391704,0
2325,105.1618114,204.6391704,0
2326,105.1618114,204.6391704,0
2327,105.1618114,204.6391704,0
2328,105.1618114,204.6391704,0
2329,105.1618114,204.6391704,0
2330,105.1618114,204.6391704,0
2331,105.1618114,204.6391704,0
2332,105.1618114,204.6391704,0
2333,105.1618114,204.6391704,0
2334,105.1618114,204.6391704,0
2335,105.1618114,204.6391704,0
2336,105.1618114,204.6391704,0
2337,105.1618114,204.6391704,0
2338,105.1618114,207.4813811,0
2339,105.1618114,207.4813811,0
2340,105.1618114,207.4813811,0
2341,105.1618114,207.4813811,0
2342,105.1618114,207.4813811,0
2343,105.1618114,207.4813811,0
2344,105.1618114,207.4813811,0
2345,105.1618114,207.4813811,0
2346,105.1618114,207.4813811,0
2347,105.1618114,207.4813811,0
2348,105.1618114,207.4813811,0
2349,105.1618114,207.4813811,0
2350,105.1618114,207.4813811,0
2351,105.1618114,207.4813811,0
2352,105.1618114,207.4813811,0
2353,105.1618114,207.4813811,0
2354,105.1618114,207.4813811,0
2355,105.1618114,207.4813811,0
2356,105.1618114,207.4813811,0
2357,105.1618114,207.4813811,0
2358,105.1618114,207.4813811,0
2359,105.1618114,207.4813811,0
2360,105.1618114,207.4813811,0
2361,105.1618114,207.4813811,0
2362,105.1618114,207.4813811,0
2363,105.1618114,207.4813811,0
2364,105.1618114,207.4813811,0
2365,105.1618114,207.4813811,0
2366,102.3196003,207.4813811,0
2367,102.3196003,207.4813811,0
2368,102.3196003,207.4813811,0
2369,102.3196003,207.4813811,0
2370,102.3196003,207.4813811,0
2371,102.3196003,207.4813811,0
2372,102.3196003,207.4813811,0
2373,102.3196003,207.4813811,0
2374,102.3196003,207.4813811,0
2375,102.3196003,207.4813811,0
2376,102.3196003,207.4813811,0
2377,102.3196003,207.4813811,0
2378,99.47738921,207.4813811,0
2379,99.47738921,207.4813811,0
2380,99.47738921,207.4813811,0
2381,99.47738921,207.4813811,0
2382,99.47738921,207.4813811,0
2383,99.47738921,207.4813811,0
2384,99.47738921,207.4813811,0
2385,99.47738921,207.4813811,0
2386,99.47738921,207.4813811,0
2387,99.47738921,207.4813811,0
2388,99.47738921,207.4813811,0
2389,99.47738921,207.4813811,0
2390,99.47738921,207.4813811,0
2391,99.47738921,207.4813811,0
2392,99.47738921,207.4813811,0
2393,99.47738921,207.4813811,0
2394,99.47738921,207.4813811,0
2395,99.47738921,207.4813811,0
2396,102.3196003,207.4813811,0
2397,102.3196003,207.4813811,0
2398,102.3196003,207.4813811,0
2399,102.3196003,207.4813811,0
2400,102.3196003,207.4813811,0
2401,102.3196003,207.4813811,0
2402,102.3196003,207.4813811,0
2403,102.3196003,207.4813811,0
2404,102.3196003,207.4813811,0
2405,102.3196003,207.4813811,0
2406,102.3196003,207.4813811,0
2407,102.3196003,207.4813811,0
2408,102.3196003,207.4813811,0
2409,102.3196003,207.4813811,0
2410,102.3196003,207.4813811,0
2411,102.3196003,207.4813811,0
2412,102.3196003,207.4813811,0
2413,102.3196003,207.4813811,0
2414,102.3196003,207.4813811,0
2415,102.3196003,207.4813811,0
2416,102.3196003,207.4813811,0
2417,102.3196003,207.4813811,0
2418,102.3196003,207.4813811,0
2419,102.3196003,207.4813811,0
2420,102.3196003,207.4813811,0
2421,102.3196003,207.4813811,0
2422,102.3196003,207.4813811,0
2423,102.3196003,207.4813811,0
2424,102.3196003,207.4813811,0
2425,102.3196003,207.4813811,0
2426,102.3196003,207.4813811,0
2427,102.3196003,207.4813811,0
2428,102.3196003,204.6391704,0
2429,102.3196003,204.6391704,0
2430,102.3196003,204.6391704,0
2431,102.3196003,204.6391704,0
2432,102.3196003,204.6391704,0
2433,102.3196003,204.6391704,0
2434,102.3196003,204.6391704,0
2435,102.3196003,204.6391704,0
2436,102.3196003,204.6391704,0
2437,102.3196003,204.6391704,0
2438,102.3196003,204.6391704,0
2439,102.3196003,204.6391704,0
2440,102.3196003,204.6391704,0
2441,102.3196003,204.6391704,0
2442,102.3196003,204.6391704,0
2443,102.3196003,204.6391704,0
2444,102.3196003,204.6391704,0
2445,102.3196003,204.6391704,0
2446,96.63517808,204.6391704,0
2447,96.63517808,204.6391704,0
2448,96.63517808,204.6391704,0
2449,96.63517808,204.6391704,0
2450,96.63517808,204.6391704,0
2451,99.47738913,204.6391704,0
2452,99.47738913,204.6391704,0
2453,99.47738913,204.6391704,0
2454,99.47738913,204.6391704,0
2455,99.47738913,204.6391704,0
2456,99.47738913,204.6391704,0
2457,99.47738913,204.6391704,0
2458,99.47738913,204.6391704,0
2459,99.47738913,204.6391704,0
2460,99.47738913,204.6391704,0
2461,99.47738913,204.6391704,0
2462,99.47738913,204.6391704,0
2463,99.47738913,204.6391704,0
2464,99.47738913,204.6391704,0
2465,99.47738913,204.6391704,0
2466,99.47738913,204.6391704,0
2467,99.47738913,204.6391704,0
2468,99.47738913,204.6391704,0
2469,99.47738913,204.6391704,0
2470,99.47738913,204.6391704,0
2471,99.47738913,204.6391704,0
2472,99.47738913,204.6391704,0
2473,99.47738913,204.6391704,0
2474,99.47738913,204.6391704,0
2475,99.47738913,207.4813811,0
2476,99.47738913,207.4813811,0
2477,99.47738913,207.4813811,0
2478,99.47738913,207.4813811,0
2479,99.47738913,207.4813811,0
2480,99.47738913,207.4813811,0
2481,99.47738913,207.4813811,0
2482,99.47738913,207.4813811,0
2483,99.47738913,207.4813811,0
2484,99.47738913,207.4813811,0
2485,99.47738913,207.4813811,0
2486,99.47738913,207.4813811,0
2487,99.47738913,207.4813811,0
2488,99.47738913,207.4813811,0
2489,99.47738913,207.4813811,0
2490,99.47738913,207.4813811,0
2491,99.47738913,207.4813811,0
2492,99.47738921,207.4813811,0
2493,99.47738921,207.4813811,0
2494,99.47738921,207.4813811,0
2495,99.47738921,207.4813811,0
2496,99.47738921,207.4813811,0
2497,99.47738921,207.4813811,0
2498,99.47738921,207.4813811,0
2499,99.47738921,207.4813811,0
2500,99.47738921,207.4813811,0
2501,99.47738921,207.4813811,0
2502,99.47738921,207.4813811,0
2503,99.47738921,207.4813811,0
2504,99.47738921,207.4813811,0
2505,99.47738921,207.4813811,0
2506,99.47738921,207.4813811,0
2507,99.47738921,207.4813811,0
2508,99.47738921,207.4813811,0
2509,99.47738921,207.4813811,0
2510,99.47738921,207.4813811,0
2511,99.47738921,207.4813811,0
2512,99.47738921,207.4813811,0
2513,99.47738921,207.4813811,0
2514,99.47738921,207.4813811,0
2515,99.47738921,207.4813811,0
2516,99.47738921,207.4813811,0
2517,99.47738921,207.4813811,0
2518,99.47738921,207.4813811,0
2519,99.47738921,207.4813811,0
2520,99.47738921,207.4813811,0
2521,99.47738921,207.4813811,0
2522,99.47738921,207.4813811,0
2523,99.47738921,207.4813811,0
2524,99.47738921,207.4813811,0
2525,99.47738921,207.4813811,0
2526,99.47738921,207.4813811,0
2527,99.47738921,207.4813811,0
2528,99.47738921,207.4813811,0
2529,99.47738921,207.4813811,0
2530,99.47738921,207.4813811,0
2531,99.47738921,207.4813811,0
2532,99.47738921,207.4813811,0
2533,99.47738921,207.4813811,0
2534,99.47738921,207.4813811,0
2535,99.47738921,207.4813811,0
2536,99.47738921,207.4813811,0
2537,99.47738921,207.4813811,0
2538,99.47738921,207.4813811,0
2539,99.47738921,207.4813811,0
2540,99.47738921,207.4813811,0
2541,99.47738921,207.4813811,0
2542,99.47738913,207.4813811,0
2543,99.47738913,207.4813811,0
2544,99.47738913,207.4813811,0
2545,99.47738913,207.4813811,0
2546,99.47738913,207.4813811,0
2547,99.47738913,207.4813811,0
2548,99.47738913,207.4813811,0
2549,99.47738913,207.4813811,0
2550,99.47738913,207.4813811,0
2551,99.47738913,207.4813811,0
2552,99.47738913,207.4813811,0
2553,99.47738913,207.4813811,0
2554,99.47738913,207.4813811,0
2555,99.47738913,207.4813811,0
2556,99.47738913,207.4813811,0
2557,96.63517808,207.4813811,0
2558,96.63517808,207.4813811,0
2559,96.63517808,207.4813811,0
2560,96.63517808,207.4813811,0
2561,96.63517808,207.4813811,0
2562,96.63517808,207.4813811,0
2563,96.63517808,207.4813811,0
2564,96.63517808,207.4813811,0
2565,96.63517808,207.4813811,0
2566,96.63517808,207.4813811,0
2567,96.63517808,207.4813811,0
2568,96.63517808,207.4813811,0
2569,96.63517808,207.4813811,0
2570,96.63517808,207.4813811,0
2571,96.63517808,207.4813811,0
2572,96.63517808,207.4813811,0
2573,96.63517808,207.4813811,0
2574,96.63517808,204.6391704,0
2575,96.63517808,204.6391704,0
2576,96.63517808,204.6391704,0
2577,96.63517808,204.6391704,0
2578,96.63517808,204.6391704,0
2579,96.63517808,204.6391704,0
2580,96.63517808,204.6391704,0
2581,96.63517808,204.6391704,0
2582,96.63517808,204.6391704,0
2583,96.63517808,204.6391704,0
2584,96.63517808,204.6391704,0
2585,96.63517808,204.6391704,0
2586,96.63517808,204.6391704,0
2587,96.63517808,204.6391704,0
2588,96.63517808,204.6391704,0
2589,96.63517808,204.6391704,0
2590,96.63517808,204.6391704,0
2591,96.63517801,204.6391704,0
2592,96.63517801,204.6391704,0
2593,96.63517801,204.6391704,0
2594,96.63517801,204.6391704,0
2595,96.63517801,204.6391704,0
2596,96.63517808,204.6391704,0
2597,96.63517808,204.6391704,0
2598,96.63517808,204.6391704,0
2599,96.63517808,204.6391704,0
2600,96.63517808,204.6391704,0
2601,96.63517808,204.6391704,0
2602,96.63517808,204.6391704,0
2603,96.63517808,204.6391704,0
2604,96.63517808,204.6391704,0
2605,99.47738921,204.6391704,0
2606,99.47738921,204.6391704,0
2607,99.47738921,204.6391704,0
2608,99.47738921,204.6391704,0
2609,99.47738921,204.6391704,0
2610,99.47738921,204.6391704,0
2611,99.47738921,204.6391704,0
2612,99.47738921,204.6391704,0
2613,99.47738921,204.6391704,0
2614,99.47738921,204.6391704,0
2615,99.47738921,204.6391704,0
2616,99.47738921,204.6391704,0
2617,99.47738921,204.6391704,0
2618,99.47738921,204.6391704,0
2619,99.47738921,204.6391704,0
2620,99.47738921,204.6391704,0
2621,99.47738921,204.6391704,0
2622,99.47738921,204.6391704,0
2623,99.47738921,204.6391704,0
2624,99.47738921,204.6391704,0
2625,99.47738921,204.6391704,0
2626,99.47738921,204.6391704,0
2627,99.47738921,204.6391704,0
2628,99.47738921,204.6391704,0
2629,99.47738921,204.6391704,0
2630,99.47738921,204.6391704,0
2631,99.47738921,204.6391704,0
2632,99.47738921,204.6391704,0
2633,99.47738921,204.6391704,0
2634,99.47738921,204.6391704,0
2635,99.47738921,204.6391704,0
2636,99.47738921,204.6391704,0
2637,99.47738921,204.6391704,0
2638,99.47738921,204.6391704,0
2639,99.47738921,204.6391704,0
2640,99.47738921,204.6391704,0
2641,99.47738921,204.6391704,0
2642,99.47738921,204.6391704,0
2643,99.47738921,204.6391704,0
2644,99.47738921,204.6391704,0
2645,99.47738921,204.6391704,0
2646,99.47738921,204.6391704,0
2647,99.47738921,204.6391704,0
2648,99.47738921,204.6391704,0
2649,99.47738921,204.6391704,0
2650,99.47738921,204.6391704,0
2651,99.47738921,204.6391704,0
2652,99.47738921,204.6391704,0
2653,99.47738921,204.6391704,0
2654,99.47738921,204.6391704,0
2655,99.47738921,204.6391704,0
2656,99.47738921,204.6391704,0
2657,99.47738921,204.6391704,0
2658,99.47738921,204.6391704,0
2659,99.47738921,204.6391704,0
2660,99.47738921,204.6391704,0
2661,99.47738921,204.6391704,0
2662,99.47738921,204.6391704,0
2663,99.47738921,204.6391704,0
2664,99.47738921,204.6391704,0
2665,99.47738921,204.6391704,0
2666,99.47738921,204.6391704,0
2667,99.47738921,204.6391704,0
2668,99.47738921,204.6391704,0
2669,99.47738921,204.6391704,0
2670,99.47738921,204.6391704,0
2671,99.47738921,204.6391704,0
2672,99.47738921,204.6391704,0
2673,99.47738921,204.6391704,0
2674,99.47738921,204.6391704,0
2675,99.47738921,204.6391704,0
2676,99.47738921,204.6391704,0
2677,99.47738921,204.6391704,0
2678,99.47738921,204.6391704,0
2679,99.47738921,204.6391704,0
2680,99.47738921,204.6391704,0
2681,99.47738921,204.6391704,0
2682,99.47738921,204.6391704,0
2683,99.47738921,204.6391704,0
2684,99.47738921,204.6391704,0
2685,99.47738921,204.6391704,0
2686,99.47738921,204.6391704,0
2687,99.47738921,204.6391704,0
2688,99.47738921,204.6391704,0
2689,99.47738921,204.6391704,0
2690,99.47738921,204.6391704,0
2691,99.47738921,204.6391704,0
2692,99.47738921,204.6391704,0
2693,99.47738921,204.6391704,0
2694,99.47738921,204.6391704,0
2695,99.47738921,204.6391704,0
2696,99.47738921,204.6391704,0
2697,99.47738921,204.6391704,0
2698,99.47738921,204.6391704,0
2699,99.47738921,204.6391704,0
2700,99.47738921,204.6391704,0
2701,99.47738921,204.6391704,0
2702,99.47738913,204.6391704,0
2703,99.47738913,204.6391704,0
2704,99.47738913,204.6391704,0
2705,96.63517808,204.6391704,0
2706,96.63517808,204.6391704,0
2707,96.63517808,204.6391704,0
2708,96.63517808,204.6391704,0
2709,96.63517808,204.6391704,0
2710,96.63517808,204.6391704,0
2711,96.63517808,204.6391704,0
2712,96.63517808,204.6391704,0
2713,96.63517808,204.6391704,0
2714,96.63517808,204.6391704,0
2715,96.63517808,204.6391704,0
2716,96.63517808,204.6391704,0
2717,96.63517808,204.6391704,0
2718,96.63517808,204.6391704,0
2719,96.63517808,204.6391704,0
2720,96.63517808,204.6391704,0
2721,96.63517808,204.6391704,0
2722,96.63517808,204.6391704,0
2723,96.63517808,204.6391704,0
2724,96.63517808,204.6391704,0
2725,96.63517808,204.6391704,0
2726,96.63517808,204.6391704,0
2727,96.63517808,204.6391704,0
2728,96.63517808,204.6391704,0
2729,96.63517808,204.6391704,0
2730,96.63517808,204.6391704,0
2731,96.63517808,204.6391704,0
2732,96.63517808,204.6391704,0
2733,96.63517808,204.6391704,0
2734,96.63517808,204.6391704,0
2735,96.63517808,204.6391704,0
2736,96.63517808,204.6391704,0
2737,96.63517808,204.6391704,0
2738,96.63517808,204.6391704,0
2739,96.63517808,204.6391704,0
2740,96.63517808,204.6391704,0
2741,96.63517808,204.6391704,0
2742,96.63517808,204.6391704,0
2743,96.63517808,204.6391704,0
2744,96.63517808,204.6391704,0
2745,96.63517808,204.6391704,0
2746,96.63517808,204.6391704,0
2747,96.63517808,204.6391704,0
2748,96.63517808,204.6391704,0
2749,96.63517808,204.6391704,0
2750,96.63517808,204.6391704,0
2751,96.63517808,204.6391704,0
2752,96.63517808,204.6391704,0
2753,96.63517808,204.6391704,0
2754,96.63517808,204.6391704,0
2755,96.63517808,204.6391704,0
2756,96.63517808,204.6391704,0
2757,96.63517808,204.6391704,0
2758,96.63517808,204.6391704,0
2759,96.63517808,204.6391704,0
2760,96.63517808,204.6391704,0
2761,96.63517808,204.6391704,0
2762,96.63517808,204.6391704,0
2763,96.63517808,204.6391704,0
2764,96.63517808,204.6391704,0
2765,96.63517808,204.6391704,0
2766,96.63517808,204.6391704,0
2767,96.63517801,204.6391704,0
2768,96.63517801,204.6391704,0
2769,96.63517801,204.6391704,0
2770,96.63517801,204.6391704,0
2771,96.63517801,204.6391704,0
2772,96.63517801,204.6391704,0
2773,96.63517801,204.6391704,0
2774,96.63517801,204.6391704,0
2775,96.63517801,204.6391704,0
2776,96.63517801,204.6391704,0
2777,96.63517801,204.6391704,0
2778,96.63517801,204.6391704,0
2779,96.63517801,204.6391704,0
2780,96.63517801,204.6391704,0
2781,96.63517801,204.6391704,0
2782,96.63517801,204.6391704,0
2783,96.63517801,204.6391704,0
2784,96.63517801,204.6391704,0
2785,96.63517801,201.7969597,0
2786,93.79296696,201.7969597,0
2787,93.79296696,201.7969597,0
2788,93.79296696,201.7969597,0
2789,93.79296696,201.7969597,0
2790,93.79296696,201.7969597,0
2791,93.79296696,201.7969597,0
2792,93.79296696,201.7969597,0
2793,93.79296696,201.7969597,0
2794,93.79296696,201.7969597,0
2795,93.79296696,201.7969597,0
2796,93.79296696,201.7969597,0
2797,93.79296696,201.7969597,0
2798,93.79296696,201.7969597,0
2799,93.79296696,201.7969597,0
2800,93.79296696,201.7969597,0
2801,93.79296696,201.7969597,0
2802,93.79296696,201.7969597,0
2803,93.79296696,201.7969597,0
2804,93.79296696,201.7969597,0
2805,93.79296696,201.7969597,0
2806,93.79296696,201.7969597,0
2807,93.79296696,201.7969597,0
2808,93.79296696,201.7969597,0
2809,93.79296696,201.7969597,0
2810,93.79296696,201.7969597,0
2811,93.79296696,201.7969597,0
2812,96.63517808,201.7969597,0
2813,96.63517808,201.7969597,0
2814,96.63517808,201.7969597,0
2815,96.63517808,201.7969597,0
2816,96.63517808,201.7969597,0
2817,96.63517808,201.7969597,0
2818,96.63517808,201.7969597,0
2819,96.63517808,201.7969597,0
2820,96.63517808,201.7969597,0
2821,96.63517808,201.7969597,0
2822,96.63517808,201.7969597,0
2823,96.63517808,201.7969597,0
2824,96.63517808,201.7969597,0
2825,96.63517808,201.7969597,0
2826,96.63517808,201.7969597,0
2827,96.63517808,201.7969597,0
2828,96.63517808,201.7969597,0
2829,96.63517808,204.6391704,0
2830,96.63517808,204.6391704,0
2831,96.63517808,204.6391704,0
2832,96.63517808,204.6391704,0
2833,96.63517808,204.6391704,0
2834,96.63517808,204.6391704,0
2835,96.63517808,204.6391704,0
2836,96.63517808,204.6391704,0
2837,96.63517808,204.6391704,0
2838,96.63517808,204.6391704,0
2839,96.63517808,204.6391704,0
2840,96.63517808,204.6391704,0
2841,96.63517808,204.6391704,0
2842,96.63517808,204.6391704,0
2843,96.63517808,204.6391704,0
2844,96.63517808,204.6391704,0
2845,96.63517808,204.6391704,0
2846,96.63517808,204.6391704,0
2847,96.63517808,204.6391704,0
2848,96.63517808,204.6391704,0
2849,96.63517808,204.6391704,0
2850,96.63517808,204.6391704,0
2851,96.63517808,204.6391704,0
2852,96.63517808,204.6391704,0
2853,96.63517808,204.6391704,0
2854,96.63517808,204.6391704,0
2855,96.63517808,204.6391704,0
2856,96.63517808,204.6391704,0
2857,96.63517808,204.6391704,0
2858,96.63517808,204.6391704,0
2859,96.63517808,204.6391704,0
2860,96.63517808,204.6391704,0
2861,96.63517808,204.6391704,0
2862,96.63517808,204.6391704,0
2863,96.63517808,204.6391704,0
2864,96.63517808,204.6391704,0
2865,96.63517808,204.6391704,0
2866,96.63517808,204.6391704,0
2867,96.63517808,204.6391704,0
2868,96.63517808,204.6391704,0
2869,96.63517808,204.6391704,0
2870,96.63517808,204.6391704,0
2871,96.63517808,204.6391704,0
2872,96.63517808,204.6391704,0
2873,96.63517808,204.6391704,0
2874,96.63517808,204.6391704,0
2875,96.63517808,204.6391704,0
2876,96.63517808,204.6391704,0
2877,96.63517808,204.6391704,0
2878,96.63517808,204.6391704,0
2879,96.63517808,204.6391704,0
2880,96.63517808,204.6391704,0
2881,96.63517808,204.6391704,0
2882,96.63517808,204.6391704,0
2883,96.63517808,204.6391704,0
2884,96.63517808,204.6391704,0
2885,96.63517808,204.6391704,0
2886,96.63517808,204.6391704,0
2887,96.63517808,204.6391704,0
2888,96.63517808,204.6391704,0
2889,96.63517808,204.6391704,0
2890,96.63517808,204.6391704,0
2891,96.63517808,204.6391704,0
2892,96.63517808,204.6391704,0
2893,96.63517808,204.6391704,0
2894,96.63517808,204.6391704,0
2895,96.63517808,204.6391704,0
2896,96.63517808,204.6391704,0
2897,96.63517808,204.6391704,0
2898,96.63517808,204.6391704,0
2899,96.63517808,204.6391704,0
2900,96.63517808,204.6391704,0
2901,96.63517808,204.6391704,0
2902,96.63517801,204.6391704,0
2903,96.63517801,204.6391704,0
2904,96.63517801,204.6391704,0
2905,96.63517801,204.6391704,0
2906,96.63517801,204.6391704,0
2907,96.63517801,204.6391704,0
2908,96.63517801,204.6391704,0
2909,96.63517801,204.6391704,0
2910,96.63517801,204.6391704,0
2911,96.63517801,204.6391704,0
2912,96.63517801,204.6391704,0
2913,96.63517801,204.6391704,0
2914,93.79296696,204.6391704,0
2915,93.79296696,204.6391704,0
2916,93.79296696,204.6391704,0
2917,93.79296696,204.6391704,0
2918,96.63517801,204.6391704,0
2919,96.63517801,204.6391704,0
2920,96.63517801,204.6391704,0
2921,96.63517801,204.6391704,0
2922,96.63517801,204.6391704,0
2923,96.63517801,204.6391704,0
2924,96.63517801,204.6391704,0
2925,96.63517801,204.6391704,0
2926,96.63517801,204.6391704,0
2927,96.63517801,204.6391704,0
2928,96.63517801,204.6391704,0
2929,96.63517801,204.6391704,0
2930,96.63517801,204.6391704,0
2931,96.63517801,204.6391704,0
2932,96.63517801,204.6391704,0
2933,96.63517801,204.6391704,0
2934,96.63517801,204.6391704,0
2935,96.63517801,204.6391704,0
2936,96.63517801,204.6391704,0
2937,96.63517801,204.6391704,0
2938,96.63517801,204.6391704,0
2939,96.63517801,204.6391704,0
2940,96.63517801,204.6391704,0
2941,96.63517801,204.6391704,0
2942,96.63517801,204.6391704,0
2943,96.63517801,204.6391704,0
2944,96.63517801,204.6391704,0
2945,96.63517801,204.6391704,0
2946,96.63517801,204.6391704,0
2947,96.63517801,204.6391704,0
2948,96.63517801,204.6391704,0
2949,96.63517801,201.7969597,0
2950,96.63517801,201.7969597,0
2951,96.63517801,201.7969597,0
2952,96.63517801,204.6391704,0
2953,96.63517801,204.6391704,0
2954,96.63517801,204.6391704,0
2955,96.63517801,204.6391704,0
2956,96.63517801,204.6391704,0
2957,96.63517801,204.6391704,0
2958,96.63517801,204.6391704,0
2959,96.63517801,204.6391704,0
2960,96.63517801,204.6391704,0
2961,96.63517801,204.6391704,0
2962,99.47738913,204.6391704,0
2963,99.47738913,204.6391704,0
2964,99.47738913,204.6391704,0
2965,99.47738913,204.6391704,0
2966,99.47738913,204.6391704,0
2967,99.47738913,204.6391704,0
2968,99.47738913,204.6391704,0
2969,99.47738913,204.6391704,0
2970,99.47738913,204.6391704,0
2971,99.47738913,204.6391704,0
2972,99.47738913,204.6391704,0
2973,99.47738913,204.6391704,0
2974,99.47738913,204.6391704,0
2975,99.47738913,204.6391704,0
2976,99.47738913,204.6391704,0
2977,99.47738913,204.6391704,0
2978,99.47738913,204.6391704,0
2979,99.47738913,204.6391704,0
2980,99.47738913,204.6391704,0
2981,99.47738913,204.6391704,0
2982,99.47738913,204.6391704,0
2983,99.47738913,204.6391704,0
2984,99.47738913,204.6391704,0
2985,99.47738913,204.6391704,0
2986,99.47738913,204.6391704,0
2987,99.47738913,204.6391704,0
2988,99.47738913,204.6391704,0
2989,99.47738913,204.6391704,0
2990,99.47738913,204.6391704,0
2991,99.47738913,204.6391704,0
2992,99.47738913,204.6391704,0
2993,99.47738913,204.6391704,0
2994,99.47738913,204.6391704,0
2995,99.47738913,204.6391704,0
2996,99.47738913,204.6391704,0
2997,99.47738913,204.6391704,0
2998,99.47738913,204.6391704,0
2999,99.47738913,204.6391704,0
3000,99.47738913,204.6391704,0
3001,99.47738913,204.6391704,0
3002,99.47738913,204.6391704,0
3003,99.47738913,204.6391704,0
3004,99.47738913,204.6391704,0
3005,99.47738913,204.6391704,0
3006,99.47738913,204.6391704,0
3007,99.47738913,204.6391704,0
3008,99.47738913,204.6391704,0
3009,99.47738913,204.6391704,0
3010,99.47738913,204.6391704,0
3011,99.47738913,204.6391704,0
3012,93.79296696,204.6391704,0
3013,93.79296696,204.6391704,0
3014,93.79296696,204.6391704,0
3015,93.79296696,204.6391704,0
3016,93.79296689,204.6391704,0
3017,93.79296689,204.6391704,0
3018,93.79296689,204.6391704,0
3019,93.79296689,204.6391704,0
3020,93.79296689,204.6391704,0
3021,93.79296689,204.6391704,0
3022,93.79296689,204.6391704,0
3023,93.79296689,204.6391704,0
3024,93.79296689,204.6391704,0
3025,93.79296689,204.6391704,0
3026,93.79296689,204.6391704,0
3027,93.79296689,204.6391704,0
3028,93.79296689,204.6391704,0
3029,93.79296689,204.6391704,0
3030,93.79296689,204.6391704,0
3031,93.79296689,204.6391704,0
3032,93.79296689,204.6391704,0
3033,93.79296689,204.6391704,0
3034,93.79296689,204.6391704,0
3035,93.79296689,204.6391704,0
3036,93.79296689,204.6391704,0
3037,93.79296689,204.6391704,0
3038,93.79296689,204.6391704,0
3039,93.79296689,204.6391704,0
3040,93.79296689,204.6391704,0
3041,93.79296696,204.6391704,0
3042,93.79296696,204.6391704,0
3043,93.79296696,204.6391704,0
3044,93.79296696,204.6391704,0
3045,93.79296696,204.6391704,0
3046,93.79296696,204.6391704,0
3047,93.79296696,204.6391704,0
3048,93.79296696,204.6391704,0
3049,93.79296696,204.6391704,0
3050,93.79296696,201.7969597,0
3051,93.79296696,201.7969597,0
3052,93.79296696,201.7969597,0
3053,93.79296696,201.7969597,0
3054,93.79296696,201.7969597,0
3055,93.79296696,201.7969597,0
3056,96.63517808,201.7969597,0
3057,96.63517808,201.7969597,0
3058,96.63517808,201.7969597,0
3059,96.63517808,201.7969597,0
3060,96.63517808,201.7969597,0
3061,96.63517808,201.7969597,0
3062,96.63517808,201.7969597,0
3063,96.63517808,201.7969597,0
3064,96.63517808,201.7969597,0
3065,96.63517808,201.7969597,0
3066,96.63517808,201.7969597,0
3067,96.63517808,201.7969597,0
3068,96.63517808,201.7969597,0
3069,96.63517808,201.7969597,0
3070,96.63517808,201.7969597,0
3071,96.63517808,201.7969597,0
3072,96.63517808,201.7969597,0
3073,96.63517808,201.7969597,0
3074,96.63517808,201.7969597,0
3075,96.63517808,201.7969597,0
3076,96.63517808,201.7969597,0
3077,96.63517808,201.7969597,0
3078,96.63517808,201.7969597,0
3079,96.63517808,201.7969597,0
3080,96.63517808,201.7969597,0
3081,96.63517808,201.7969597,0
3082,96.63517808,201.7969597,0
3083,96.63517808,201.7969597,0
3084,96.63517808,201.7969597,0
3085,96.63517808,201.7969597,0
3086,96.63517808,201.7969597,0
3087,96.63517808,201.7969597,0
3088,96.63517808,201.7969597,0
3089,96.63517808,201.7969597,0
3090,96.63517808,201.7969597,0
3091,96.63517808,201.7969597,0
3092,96.63517808,201.7969597,0
3093,96.63517808,201.7969597,0
3094,96.63517808,201.7969597,0
3095,96.63517808,201.7969597,0
3096,96.63517808,201.7969597,0
3097,96.63517808,201.7969597,0
3098,96.63517808,201.7969597,0
3099,96.63517808,201.7969597,0
3100,96.63517808,201.7969597,0
3101,96.63517808,201.7969597,0
3102,96.63517808,201.7969597,0
3103,96.63517808,201.7969597,0
3104,96.63517808,201.7969597,0
3105,96.63517808,201.7969597,0
3106,93.79296696,201.7969597,0
3107,93.79296696,201.7969597,0
3108,93.79296696,201.7969597,0
3109,93.79296696,201.7969597,0
3110,93.79296696,201.7969597,0
3111,93.79296696,201.7969597,0
3112,93.79296696,201.7969597,0
3113,93.79296696,201.7969597,0
3114,93.79296696,201.7969597,0
3115,93.79296696,201.7969597,0
3116,93.79296696,201.7969597,0
3117,93.79296696,201.7969597,0
3118,93.79296696,201.7969597,0
3119,93.79296696,201.7969597,0
3120,93.79296696,201.7969597,0
3121,93.79296696,201.7969597,0
3122,93.79296696,201.7969597,0
3123,93.79296696,201.7969597,0
3124,93.79296696,201.7969597,0
3125,93.79296696,201.7969597,0
3126,93.79296696,201.7969597,0
3127,93.79296696,201.7969597,0
3128,93.79296696,201.7969597,0
3129,93.79296696,201.7969597,0
3130,93.79296696,201.7969597,0
3131,93.79296696,201.7969597,0
3132,93.79296696,201.7969597,0
3133,93.79296696,201.7969597,0
3134,93.79296696,201.7969597,0
3135,93.79296696,201.7969597,0
3136,93.79296696,201.7969597,0
3137,93.79296696,201.7969597,0
3138,93.79296696,201.7969597,0
3139,93.79296696,201.7969597,0
3140,93.79296696,201.7969597,0
3141,93.79296696,201.7969597,0
3142,93.79296696,201.7969597,0
3143,93.79296696,201.7969597,0
3144,93.79296696,201.7969597,0
3145,93.79296696,201.7969597,0
3146,93.79296696,201.7969597,0
3147,93.79296696,201.7969597,0
3148,93.79296696,207.4813811,0
3149,93.79296696,207.4813811,0
3150,93.79296696,207.4813811,0
3151,93.79296696,207.4813811,0
3152,93.79296696,207.4813811,0
3153,93.79296696,207.4813811,0
3154,93.79296696,207.4813811,0
3155,93.79296696,207.4813811,0
3156,93.79296696,207.4813811,0
3157,93.79296696,207.4813811,0
3158,93.79296696,207.4813811,0
3159,93.79296696,207.4813811,0
3160,93.79296696,207.4813811,0
3161,93.79296696,207.4813811,0
3162,93.79296696,207.4813811,0
3163,93.79296696,207.4813811,0
3164,93.79296696,207.4813811,0
3165,93.79296696,207.4813811,0
3166,93.79296696,207.4813811,0
3167,93.79296696,207.4813811,0
3168,93.79296696,207.4813811,0
3169,93.79296696,207.4813811,0
3170,93.79296696,207.4813811,0
3171,93.79296696,207.4813811,0
3172,93.79296696,207.4813811,0
3173,93.79296696,207.4813811,0
3174,93.79296696,207.4813811,0
3175,93.79296689,207.4813811,0
3176,93.79296689,207.4813811,0
3177,93.79296689,207.4813811,0
3178,93.79296689,207.4813811,0
3179,93.79296689,207.4813811,0
3180,93.79296689,207.4813811,0
3181,93.79296689,207.4813811,0
3182,93.79296689,207.4813811,0
3183,93.79296689,207.4813811,0
3184,93.79296689,207.4813811,0
3185,93.79296689,207.4813811,0
3186,93.79296689,207.4813811,0
3187,93.79296689,207.4813811,0
3188,93.79296689,207.4813811,0
3189,93.79296689,207.4813811,0
3190,93.79296689,207.4813811,0
3191,93.79296689,207.4813811,0
3192,93.79296689,207.4813811,0
3193,93.79296689,207.4813811,0
3194,93.79296689,207.4813811,0
3195,93.79296689,207.4813811,0
3196,93.79296689,207.4813811,0
3197,93.79296689,207.4813811,0
3198,93.79296689,204.6391704,0
3199,93.79296689,204.6391704,0
3200,93.79296689,204.6391704,0
3201,93.79296689,204.6391704,0
3202,93.79296689,204.6391704,0
3203,93.79296689,204.6391704,0
3204,93.79296689,204.6391704,0
3205,93.79296689,204.6391704,0
3206,93.79296689,204.6391704,0
3207,93.79296689,204.6391704,0
3208,93.79296689,204.6391704,0
3209,93.79296689,204.6391704,0
3210,93.79296689,204.6391704,0
3211,93.79296689,204.6391704,0
3212,93.79296689,204.6391704,0
3213,93.79296689,204.6391704,0
3214,93.79296689,204.6391704,0
3215,93.79296689,204.6391704,0
3216,93.79296689,204.6391704,0
3217,93.79296689,204.6391704,0
3218,93.79296689,204.6391704,0
3219,93.79296689,204.6391704,0
3220,93.79296689,204.6391704,0
3221,93.79296689,204.6391704,0
3222,93.79296689,204.6391704,0
3223,93.79296689,204.6391704,0
3224,93.79296689,204.6391704,0
3225,93.79296689,204.6391704,0
3226,93.79296689,204.6391704,0
3227,93.79296689,204.6391704,0
3228,93.79296689,204.6391704,0
3229,93.79296689,204.6391704,0
3230,93.79296689,204.6391704,0
3231,93.79296689,204.6391704,0
3232,93.79296689,204.6391704,0
3233,93.79296689,204.6391704,0
3234,93.79296689,204.6391704,0
3235,93.79296689,204.6391704,0
3236,93.79296689,204.6391704,0
3237,93.79296689,204.6391704,0
3238,93.79296689,204.6391704,0
3239,93.79296689,204.6391704,0
3240,93.79296689,204.6391704,0
3241,93.79296689,204.6391704,0
3242,93.79296689,204.6391704,0
3243,93.79296689,204.6391704,0
3244,93.79296689,204.6391704,0
3245,93.79296689,204.6391704,0
3246,93.79296689,204.6391704,0
3247,93.79296689,204.6391704,0
3248,90.95075583,204.6391704,0
3249,90.95075583,204.6391704,0
3250,90.95075583,204.6391704,0
3251,90.95075583,204.6391704,0
3252,90.95075583,204.6391704,0
3253,90.95075583,204.6391704,0
3254,90.95075583,204.6391704,0
3255,90.95075583,204.6391704,0
3256,90.95075583,204.6391704,0
3257,90.95075583,204.6391704,0
3258,90.95075583,204.6391704,0
3259,90.95075583,204.6391704,0
3260,90.95075583,204.6391704,0
3261,90.95075583,204.6391704,0
3262,90.95075583,204.6391704,0
3263,93.79296696,204.6391704,0
3264,93.79296696,204.6391704,0
3265,93.79296696,204.6391704,0
3266,93.79296696,204.6391704,0
3267,93.79296696,204.6391704,0
3268,93.79296696,204.6391704,0
3269,93.79296696,204.6391704,0
3270,93.79296696,204.6391704,0
3271,93.79296696,204.6391704,0
3272,93.79296696,204.6391704,0
3273,93.79296696,204.6391704,0
3274,93.79296696,204.6391704,0
3275,93.79296696,204.6391704,0
3276,93.79296696,204.6391704,0
3277,93.79296696,204.6391704,0
3278,93.79296696,204.6391704,0
3279,93.79296696,204.6391704,0
3280,93.79296696,204.6391704,0
3281,93.79296696,204.6391704,0
3282,93.79296696,204.6391704,0
3283,93.79296696,204.6391704,0
3284,93.79296696,204.6391704,0
3285,93.79296696,204.6391704,0
3286,93.79296696,204.6391704,0
3287,93.79296696,204.6391704,0
3288,93.79296696,204.6391704,0
3289,93.79296696,204.6391704,0
3290,93.79296696,201.7969597,0
3291,93.79296696,201.7969597,0
3292,93.79296696,201.7969597,0
3293,93.79296696,204.6391704,0
3294,93.79296696,204.6391704,0
3295,93.79296696,204.6391704,0
3296,93.79296696,204.6391704,0
3297,93.79296696,204.6391704,0
3298,93.79296696,204.6391704,0
3299,93.79296696,204.6391704,0
3300,93.79296696,204.6391704,0
3301,93.79296696,204.6391704,0
3302,93.79296696,204.6391704,0
3303,93.79296696,204.6391704,0
3304,93.79296696,204.6391704,0
3305,93.79296696,204.6391704,0
3306,93.79296696,204.6391704,0
3307,93.79296696,204.6391704,0
3308,93.79296696,204.6391704,0
3309,93.79296696,204.6391704,0
3310,93.79296696,204.6391704,0
3311,93.79296696,204.6391704,0
3312,93.79296696,204.6391704,0
3313,93.79296696,204.6391704,0
3314,93.79296696,204.6391704,0
3315,93.79296696,204.6391704,0
3316,93.79296696,204.6391704,0
3317,93.79296696,204.6391704,0
3318,93.79296696,204.6391704,0
3319,93.79296696,204.6391704,0
3320,93.79296696,204.6391704,0
3321,93.79296696,204.6391704,0
3322,93.79296696,204.6391704,0
3323,93.79296696,204.6391704,0
3324,93.79296696,204.6391704,0
3325,93.79296696,204.6391704,0
3326,93.79296696,204.6391704,0
3327,93.79296696,204.6391704,0
3328,93.79296696,204.6391704,0
3329,93.79296696,204.6391704,0
3330,93.79296696,204.6391704,0
3331,93.79296696,204.6391704,0
3332,93.79296696,204.6391704,0
3333,93.79296696,204.6391704,0
3334,93.79296696,204.6391704,0
3335,93.79296696,204.6391704,0
3336,93.79296696,204.6391704,0
3337,93.79296696,204.6391704,0
3338,93.79296696,204.6391704,0
3339,93.79296696,204.6391704,0
3340,93.79296696,204.6391704,0
3341,93.79296696,204.6391704,0
3342,93.79296696,204.6391704,0
3343,93.79296696,204.6391704,0
3344,93.79296696,204.6391704,0
3345,93.79296696,204.6391704,0
3346,93.79296696,204.6391704,0
3347,93.79296696,204.6391704,0
3348,93.79296696,204.6391704,0
3349,93.79296696,204.6391704,0
3350,93.79296696,204.6391704,0
3351,93.79296696,204.6391704,0
3352,93.79296696,204.6391704,0
3353,93.79296696,204.6391704,0
3354,93.79296696,204.6391704,0
3355,93.79296696,204.6391704,0
3356,93.79296696,204.6391704,0
3357,93.79296696,204.6391704,0
3358,93.79296696,204.6391704,0
3359,93.79296696,204.6391704,0
3360,93.79296696,204.6391704,0
3361,93.79296696,204.6391704,0
3362,93.79296696,204.6391704,0
3363,93.79296696,204.6391704,0
3364,93.79296696,204.6391704,0
3365,93.79296696,204.6391704,0
3366,93.79296696,204.6391704,0
3367,93.79296696,204.6391704,0
3368,93.79296696,204.6391704,0
3369,93.79296696,204.6391704,0
3370,93.79296696,204.6391704,0
3371,93.79296696,204.6391704,0
3372,93.79296696,204.6391704,0
3373,93.79296696,204.6391704,0
3374,93.79296696,204.6391704,0
3375,93.79296696,204.6391704,0
3376,93.79296696,204.6391704,0
3377,93.79296696,204.6391704,0
3378,93.79296696,204.6391704,0
3379,93.79296696,204.6391704,0
3380,93.79296696,204.6391704,0
3381,93.79296696,204.6391704,0
3382,93.79296696,204.6391704,0
3383,93.79296696,204.6391704,0
3384,93.79296696,204.6391704,0
3385,93.79296696,204.6391704,0
3386,93.79296696,204.6391704,0
3387,93.79296696,204.6391704,0
3388,93.79296696,204.6391704,0
3389,93.79296696,204.6391704,0
3390,93.79296696,204.6391704,0
3391,93.79296696,204.6391704,0
3392,93.79296696,204.6391704,0
3393,93.79296696,204.6391704,0
3394,93.79296696,204.6391704,0
3395,93.79296696,204.6391704,0
3396,93.79296696,204.6391704,0
3397,93.79296696,204.6391704,0
3398,93.79296696,204.6391704,0
3399,93.79296696,204.6391704,0
3400,93.79296696,204.6391704,0
3401,93.79296696,204.6391704,0
3402,93.79296696,204.6391704,0
3403,93.79296696,204.6391704,0
3404,93.79296696,207.4813811,0
3405,93.79296696,207.4813811,0
3406,93.79296696,207.4813811,0
3407,93.79296696,207.4813811,0
3408,93.79296696,207.4813811,0
3409,93.79296696,207.4813811,0
3410,93.79296696,207.4813811,0
3411,93.79296696,207.4813811,0
3412,93.79296696,207.4813811,0
3413,93.79296696,207.4813811,0
3414,93.79296696,207.4813811,0
3415,93.79296696,207.4813811,0
3416,93.79296696,207.4813811,0
3417,93.79296696,207.4813811,0
3418,93.79296696,207.4813811,0
3419,93.79296696,207.4813811,0
3420,93.79296696,207.4813811,0
3421,93.79296696,207.4813811,0
3422,93.79296696,207.4813811,0
3423,93.79296696,207.4813811,0
3424,93.79296696,207.4813811,0
3425,93.79296696,207.4813811,0
3426,93.79296696,207.4813811,0
3427,93.79296696,207.4813811,0
3428,93.79296696,207.4813811,0
3429,93.79296696,207.4813811,0
3430,93.79296696,207.4813811,0
3431,93.79296696,207.4813811,0
3432,93.79296696,207.4813811,0
3433,90.95075583,207.4813811,0
3434,90.95075583,207.4813811,0
3435,90.95075583,207.4813811,0
3436,90.95075583,207.4813811,0
3437,90.95075583,207.4813811,0
3438,90.95075583,207.4813811,0
3439,90.95075583,207.4813811,0
3440,90.95075583,207.4813811,0
3441,90.95075583,207.4813811,0
3442,90.95075583,207.4813811,0
3443,90.95075583,207.4813811,0
3444,90.95075583,207.4813811,0
3445,90.95075583,207.4813811,0
3446,90.95075583,207.4813811,0
3447,90.95075583,207.4813811,0
3448,90.95075583,207.4813811,0
3449,90.95075583,207.4813811,0
3450,90.95075583,207.4813811,0
3451,90.95075583,207.4813811,0
3452,90.95075583,207.4813811,0
3453,90.95075583,207.4813811,0
3454,90.95075576,204.6391704,0
3455,90.95075576,204.6391704,0
3456,90.95075576,204.6391704,0
3457,90.95075576,204.6391704,0
3458,90.95075576,204.6391704,0
3459,90.95075576,204.6391704,0
3460,90.95075576,204.6391704,0
3461,90.95075576,204.6391704,0
3462,90.95075576,204.6391704,0
3463,90.95075576,204.6391704,0
3464,90.95075576,204.6391704,0
3465,90.95075576,204.6391704,0
3466,90.95075576,204.6391704,0
3467,90.95075576,204.6391704,0
3468,90.95075576,204.6391704,0
3469,93.79296689,204.6391704,0
3470,93.79296689,204.6391704,0
3471,93.79296689,204.6391704,0
3472,93.79296689,204.6391704,0
3473,93.79296689,204.6391704,0
3474,93.79296689,204.6391704,0
3475,93.79296689,204.6391704,0
3476,93.79296689,204.6391704,0
3477,93.79296689,204.6391704,0
3478,93.79296689,204.6391704,0
3479,93.79296689,204.6391704,0
3480,93.79296689,204.6391704,0
3481,93.79296689,204.6391704,0
3482,93.79296689,204.6391704,0
3483,93.79296689,204.6391704,0
3484,93.79296689,204.6391704,0
3485,93.79296689,204.6391704,0
3486,93.79296689,204.6391704,0
3487,93.79296689,204.6391704,0
3488,93.79296689,204.6391704,0
3489,93.79296689,204.6391704,0
3490,93.79296689,204.6391704,0
3491,93.79296689,204.6391704,0
3492,93.79296689,204.6391704,0
3493,93.79296689,204.6391704,0
3494,93.79296689,204.6391704,0
3495,93.79296689,204.6391704,0
3496,93.79296689,204.6391704,0
3497,93.79296689,204.6391704,0
3498,93.79296689,204.6391704,0
3499,93.79296689,204.6391704,0
3500,93.79296689,204.6391704,0
3501,93.79296689,204.6391704,0
3502,93.79296689,204.6391704,0
3503,93.79296689,204.6391704,0
3504,93.79296689,204.6391704,0
3505,93.79296689,204.6391704,0
3506,93.79296689,204.6391704,0
3507,93.79296689,204.6391704,0
3508,93.79296689,204.6391704,0
3509,93.79296689,204.6391704,0
3510,93.79296689,204.6391704,0
3511,93.79296689,204.6391704,0
3512,93.79296689,204.6391704,0
3513,93.79296689,204.6391704,0
3514,93.79296689,204.6391704,0
3515,93.79296689,204.6391704,0
3516,93.79296689,204.6391704,0
3517,93.79296689,204.6391704,0
3518,93.79296689,204.6391704,0
3519,93.79296689,204.6391704,0
3520,93.79296689,204.6391704,0
3521,93.79296689,204.6391704,0
3522,93.79296689,204.6391704,0
3523,93.79296689,204.6391704,0
3524,93.79296689,204.6391704,0
3525,93.79296689,204.6391704,0
3526,93.79296689,204.6391704,0
3527,93.79296689,204.6391704,0
3528,93.79296689,204.6391704,0
3529,93.79296689,204.6391704,0
3530,93.79296689,204.6391704,0
3531,93.79296689,204.6391704,0
3532,93.79296689,204.6391704,0
3533,93.79296689,204.6391704,0
3534,93.79296689,204.6391704,0
3535,93.79296689,204.6391704,0
3536,93.79296689,204.6391704,0
3537,93.79296689,204.6391704,0
3538,93.79296689,204.6391704,0
3539,93.79296689,204.6391704,0
3540,93.79296689,204.6391704,0
3541,93.79296689,204.6391704,0
3542,93.79296689,204.6391704,0
3543,93.79296689,204.6391704,0
3544,93.79296689,204.6391704,0
3545,93.79296689,204.6391704,0
3546,93.79296689,204.6391704,0
3547,93.79296689,204.6391704,0
3548,93.79296689,204.6391704,0
3549,93.79296689,204.6391704,0
3550,93.79296689,204.6391704,0
3551,93.79296689,204.6391704,0
3552,93.79296689,204.6391704,0
3553,93.79296689,204.6391704,0
3554,93.79296689,204.6391704,0
3555,93.79296689,204.6391704,0
3556,93.79296689,204.6391704,0
3557,93.79296689,204.6391704,0
3558,93.79296689,204.6391704,0
3559,93.79296689,204.6391704,0
3560,93.79296689,204.6391704,0
3561,93.79296689,204.6391704,0
3562,93.79296689,204.6391704,0
3563,93.79296689,204.6391704,0
3564,93.79296689,204.6391704,0
3565,93.79296689,204.6391704,0
3566,93.79296689,204.6391704,0
3567,93.79296689,204.6391704,0
3568,93.79296689,204.6391704,0
3569,93.79296689,204.6391704,0
3570,93.79296689,204.6391704,0
3571,93.79296689,204.6391704,0
3572,93.79296689,204.6391704,0
3573,93.79296689,204.6391704,0
3574,93.79296689,204.6391704,0
3575,93.79296689,204.6391704,0
3576,93.79296689,204.6391704,0
3577,93.79296689,204.6391704,0
3578,93.79296689,204.6391704,0
3579,93.79296689,204.6391704,0
3580,93.79296689,204.6391704,0
3581,93.79296689,204.6391704,0
3582,93.79296689,204.6391704,0
3583,93.79296689,201.7969597,0
3584,93.79296689,201.7969597,0
3585,93.79296689,201.7969597,0
3586,93.79296689,201.7969597,0
3587,93.79296689,204.6391704,0
3588,93.79296689,204.6391704,0
3589,93.79296689,204.6391704,0
3590,93.79296689,204.6391704,0
3591,93.79296689,204.6391704,0
3592,93.79296689,204.6391704,0
3593,93.79296689,204.6391704,0
3594,93.79296689,204.6391704,0
3595,93.79296689,204.6391704,0
3596,93.79296689,204.6391704,0
3597,93.79296689,204.6391704,0
3598,93.79296689,204.6391704,0
3599,93.79296689,204.6391704,0
3600,93.79296689,204.6391704,0
3601,90.95075583,204.6391704,0
3602,90.95075583,204.6391704,0
3603,90.95075583,204.6391704,0
3604,90.95075583,204.6391704,0
3605,90.95075583,204.6391704,0
3606,90.95075583,204.6391704,0
3607,90.95075583,204.6391704,0
3608,90.95075583,204.6391704,0
3609,90.95075583,204.6391704,0
3610,90.95075583,204.6391704,0
3611,90.95075583,204.6391704,0
3612,90.95075583,204.6391704,0
3613,90.95075583,204.6391704,0
3614,90.95075583,204.6391704,0
3615,90.95075583,204.6391704,0
3616,90.95075583,204.6391704,0
3617,90.95075583,204.6391704,0
3618,90.95075583,204.6391704,0
3619,90.95075583,204.6391704,0
3620,90.95075583,204.6391704,0
3621,90.95075583,204.6391704,0
3622,90.95075576,204.6391704,0
3623,90.95075576,204.6391704,0
3624,93.79296689,204.6391704,0
3625,93.79296689,204.6391704,0
3626,93.79296689,204.6391704,0
3627,93.79296689,204.6391704,0
3628,93.79296689,204.6391704,0
3629,93.79296689,204.6391704,0
3630,93.79296689,204.6391704,0
3631,93.79296689,204.6391704,0
3632,93.79296689,204.6391704,0
3633,93.79296689,204.6391704,0
3634,93.79296689,204.6391704,0
3635,93.79296689,204.6391704,0
3636,93.79296689,204.6391704,0
3637,93.79296689,204.6391704,0
3638,93.79296689,204.6391704,0
3639,93.79296696,204.6391704,0
3640,93.79296696,204.6391704,0
3641,93.79296696,204.6391704,0
3642,93.79296696,204.6391704,0
3643,93.79296696,204.6391704,0
3644,93.79296696,204.6391704,0
3645,93.79296696,204.6391704,0
3646,93.79296696,204.6391704,0
3647,93.79296696,204.6391704,0
3648,93.79296696,204.6391704,0
3649,93.79296696,201.7969597,0
3650,93.79296696,201.7969597,0
3651,93.79296696,201.7969597,0
3652,93.79296696,201.7969597,0
3653,93.79296696,201.7969597,0
3654,93.79296696,201.7969597,0
3655,93.79296696,201.7969597,0
3656,93.79296696,201.7969597,0
3657,93.79296696,201.7969597,0
3658,93.79296696,201.7969597,0
3659,93.79296696,201.7969597,0
3660,93.79296696,201.7969597,0
3661,93.79296696,201.7969597,0
3662,93.79296696,201.7969597,0
3663,93.79296696,201.7969597,0
3664,93.79296696,201.7969597,0
3665,93.79296696,201.7969597,0
3666,93.79296696,201.7969597,0
3667,93.79296696,201.7969597,0
3668,93.79296696,201.7969597,0
3669,93.79296696,201.7969597,0
3670,93.79296696,201.7969597,0
3671,93.79296696,201.7969597,0
3672,93.79296696,201.7969597,0
3673,93.79296696,201.7969597,0
3674,93.79296696,201.7969597,0
3675,93.79296696,201.7969597,0
3676,93.79296696,201.7969597,0
3677,93.79296696,201.7969597,0
3678,93.79296696,201.7969597,0
3679,93.79296696,201.7969597,0
3680,93.79296696,201.7969597,0
3681,93.79296696,201.7969597,0
3682,93.79296696,201.7969597,0
3683,93.79296696,201.7969597,0
3684,93.79296696,201.7969597,0
3685,93.79296696,204.6391704,0
3686,93.79296696,204.6391704,0
3687,93.79296696,204.6391704,0
3688,93.79296696,204.6391704,0
3689,93.79296696,204.6391704,0
3690,93.79296696,204.6391704,0
3691,93.79296696,204.6391704,0
3692,93.79296696,204.6391704,0
3693,93.79296696,204.6391704,0
3694,93.79296696,204.6391704,0
3695,93.79296689,204.6391704,0
3696,93.79296689,204.6391704,0
3697,93.79296689,204.6391704,0
3698,93.79296689,204.6391704,0
3699,93.79296689,204.6391704,0
3700,93.79296689,204.6391704,0
3701,93.79296689,204.6391704,0
3702,93.79296689,204.6391704,0
3703,93.79296689,204.6391704,0
3704,93.79296689,204.6391704,0
3705,93.79296689,204.6391704,0
3706,93.79296689,204.6391704,0
3707,93.79296689,204.6391704,0
3708,93.79296689,204.6391704,0
3709,93.79296689,204.6391704,0
3710,93.79296689,204.6391704,0
3711,93.79296689,204.6391704,0
3712,93.79296689,204.6391704,0
3713,93.79296689,204.6391704,0
3714,93.79296689,204.6391704,0
3715,93.79296689,204.6391704,0
3716,93.79296689,204.6391704,0
3717,93.79296689,204.6391704,0
3718,93.79296689,204.6391704,0
3719,93.79296689,204.6391704,0
3720,93.79296689,204.6391704,0
3721,93.79296689,204.6391704,0
3722,93.79296689,204.6391704,0
3723,93.79296689,204.6391704,0
3724,93.79296689,204.6391704,0
3725,93.79296689,204.6391704,0
3726,93.79296689,204.6391704,0
3727,93.79296689,204.6391704,0
3728,93.79296689,204.6391704,0
3729,93.79296689,204.6391704,0
3730,93.79296689,204.6391704,0
3731,93.79296689,204.6391704,0
3732,93.79296689,204.6391704,0
3733,93.79296689,204.6391704,0
3734,93.79296689,204.6391704,0
3735,93.79296689,204.6391704,0
3736,93.79296689,204.6391704,0
3737,93.79296689,204.6391704,0
3738,93.79296689,204.6391704,0
3739,93.79296696,204.6391704,0
3740,93.79296696,204.6391704,0
3741,93.79296696,204.6391704,0
3742,93.79296696,204.6391704,0
3743,93.79296696,204.6391704,0
3744,93.79296696,204.6391704,0
3745,93.79296696,204.6391704,0
3746,93.79296696,204.6391704,0
3747,93.79296696,204.6391704,0
3748,93.79296696,204.6391704,0
3749,93.79296696,204.6391704,0
3750,93.79296696,204.6391704,0
3751,93.79296696,204.6391704,0
3752,93.79296696,204.6391704,0
3753,93.79296696,204.6391704,0
3754,93.79296696,204.6391704,0
3755,93.79296696,204.6391704,0
3756,93.79296696,204.6391704,0
3757,93.79296696,204.6391704,0
3758,93.79296696,204.6391704,0
3759,93.79296696,204.6391704,0
3760,93.79296696,204.6391704,0
3761,93.79296696,204.6391704,0
3762,93.79296696,204.6391704,0
3763,93.79296696,204.6391704,0
3764,93.79296696,204.6391704,0
3765,93.79296696,204.6391704,0
3766,93.79296696,204.6391704,0
3767,93.79296696,204.6391704,0
3768,93.79296696,204.6391704,0
3769,93.79296696,204.6391704,0
3770,93.79296696,201.7969597,0
3771,93.79296696,201.7969597,0
3772,93.79296696,201.7969597,0
3773,93.79296696,201.7969597,0
3774,93.79296696,201.7969597,0
3775,93.79296696,201.7969597,0
3776,93.79296696,201.7969597,0
3777,93.79296696,201.7969597,0
3778,93.79296696,201.7969597,0
3779,93.79296696,204.6391704,0
3780,93.79296696,204.6391704,0
3781,93.79296696,204.6391704,0
3782,93.79296696,204.6391704,0
3783,93.79296696,204.6391704,0
3784,93.79296696,204.6391704,0
3785,93.79296696,204.6391704,0
3786,93.79296696,204.6391704,0
3787,93.79296696,204.6391704,0
3788,93.79296696,204.6391704,0
3789,93.79296696,204.6391704,0
3790,93.79296696,204.6391704,0
3791,93.79296696,204.6391704,0
3792,93.79296696,204.6391704,0
3793,93.79296696,204.6391704,0
3794,93.79296696,204.6391704,0
3795,93.79296696,204.6391704,0
3796,93.79296696,204.6391704,0
3797,93.79296696,204.6391704,0
3798,93.79296696,204.6391704,0
3799,93.79296696,204.6391704,0
3800,93.79296696,204.6391704,0
3801,93.79296696,204.6391704,0
3802,93.79296696,204.6391704,0
3803,93.79296696,204.6391704,0
3804,93.79296696,204.6391704,0
3805,93.79296696,204.6391704,0
3806,93.79296696,204.6391704,0
3807,93.79296696,204.6391704,0
3808,93.79296696,204.6391704,0
3809,93.79296696,204.6391704,0
3810,93.79296696,204.6391704,0
3811,93.79296696,204.6391704,0
3812,93.79296689,204.6391704,0
3813,93.79296689,204.6391704,0
3814,93.79296689,204.6391704,0
3815,93.79296689,204.6391704,0
3816,93.79296689,204.6391704,0
3817,93.79296689,204.6391704,0
3818,93.79296689,204.6391704,0
3819,93.79296689,204.6391704,0
3820,93.79296689,204.6391704,0
3821,93.79296689,204.6391704,0
3822,93.79296689,204.6391704,0
3823,93.79296689,204.6391704,0
3824,93.79296689,204.6391704,0
3825,93.79296689,204.6391704,0
3826,93.79296689,204.6391704,0
3827,93.79296689,204.6391704,0
3828,93.79296689,204.6391704,0
3829,93.79296689,201.7969597,0
3830,93.79296689,201.7969597,0
3831,93.79296689,201.7969597,0
3832,93.79296689,201.7969597,0
3833,93.79296689,201.7969597,0
3834,93.79296689,201.7969597,0
3835,93.79296689,201.7969597,0
3836,93.79296689,201.7969597,0
3837,93.79296689,201.7969597,0
3838,93.79296689,201.7969597,0
3839,93.79296689,201.7969597,0
3840,93.79296689,201.7969597,0
3841,93.79296689,201.7969597,0
3842,93.79296689,201.7969597,0
3843,93.79296689,201.7969597,0
3844,93.79296689,201.7969597,0
3845,93.79296689,201.7969597,0
3846,93.79296689,201.7969597,0
3847,93.79296689,201.7969597,0
3848,93.79296689,201.7969597,0
3849,93.79296689,201.7969597,0
3850,93.79296689,201.7969597,0
3851,93.79296689,201.7969597,0
3852,93.79296689,201.7969597,0
3853,93.79296689,201.7969597,0
3854,93.79296689,201.7969597,0
3855,93.79296689,201.7969597,0
3856,93.79296689,201.7969597,0
3857,93.79296689,201.7969597,0
3858,93.79296689,201.7969597,0
3859,93.79296689,201.7969597,0
3860,93.79296696,201.7969597,0
3861,93.79296696,201.7969597,0
3862,93.79296696,201.7969597,0
3863,93.79296696,201.7969597,0
3864,93.79296696,201.7969597,0
3865,93.79296696,201.7969597,0
3866,93.79296696,201.7969597,0
3867,93.79296696,201.7969597,0
3868,93.79296696,201.7969597,0
3869,93.79296696,201.7969597,0
3870,93.79296696,201.7969597,0
3871,93.79296696,201.7969597,0
3872,93.79296696,201.7969597,0
3873,93.79296696,201.7969597,0
3874,93.79296696,201.7969597,0
3875,93.79296696,201.7969597,0
3876,93.79296696,201.7969597,0
3877,93.79296696,201.7969597,0
3878,93.79296696,201.7969597,0
3879,93.79296696,201.7969597,0
3880,93.79296696,201.7969597,0
3881,93.79296696,201.7969597,0
3882,93.79296696,201.7969597,0
3883,93.79296696,201.7969597,0
3884,93.79296696,201.7969597,0
3885,93.79296696,201.7969597,0
3886,93.79296696,201.7969597,0
3887,93.79296696,201.7969597,0
3888,93.79296696,201.7969597,0
3889,93.79296696,204.6391704,0
3890,93.79296696,204.6391704,0
3891,93.79296696,204.6391704,0
3892,93.79296696,204.6391704,0
3893,96.63517801,204.6391704,0
3894,96.63517801,204.6391704,0
3895,96.63517801,204.6391704,0
3896,96.63517801,204.6391704,0
3897,96.63517801,204.6391704,0
3898,96.63517801,204.6391704,0
3899,96.63517801,204.6391704,0
3900,96.63517801,204.6391704,0
3901,96.63517801,204.6391704,0
3902,96.63517801,204.6391704,0
3903,96.63517801,204.6391704,0
3904,96.63517801,204.6391704,0
3905,96.63517801,204.6391704,0
3906,96.63517801,204.6391704,0
3907,96.63517801,204.6391704,0
3908,96.63517801,204.6391704,0
3909,96.63517801,204.6391704,0
3910,96.63517801,204.6391704,0
3911,96.63517801,204.6391704,0
3912,96.63517801,204.6391704,0
3913,96.63517801,204.6391704,0
3914,96.63517801,204.6391704,0
3915,96.63517801,204.6391704,0
3916,96.63517801,204.6391704,0
3917,96.63517801,204.6391704,0
3918,96.63517801,204.6391704,0
3919,96.63517801,204.6391704,0
3920,96.63517801,204.6391704,0
3921,96.63517801,204.6391704,0
3922,96.63517801,204.6391704,0
3923,96.63517801,204.6391704,0
3924,96.63517801,204.6391704,0
3925,96.63517801,204.6391704,0
3926,96.63517801,204.6391704,0
3927,96.63517801,204.6391704,0
3928,96.63517801,204.6391704,0
3929,96.63517801,204.6391704,0
3930,96.63517801,204.6391704,0
3931,96.63517801,204.6391704,0
3932,96.63517801,204.6391704,0
3933,96.63517801,204.6391704,0
3934,96.63517801,204.6391704,0
3935,96.63517801,204.6391704,0
3936,96.63517801,204.6391704,0
3937,96.63517801,204.6391704,0
3938,96.63517801,204.6391704,0
3939,96.63517801,201.7969597,0
3940,96.63517801,201.7969597,0
3941,96.63517801,201.7969597,0
3942,96.63517801,201.7969597,0
3943,96.63517801,201.7969597,0
3944,96.63517801,201.7969597,0
3945,96.63517801,201.7969597,0
3946,96.63517801,201.7969597,0
3947,96.63517801,201.7969597,0
3948,96.63517801,201.7969597,0
3949,96.63517801,201.7969597,0
3950,96.63517801,201.7969597,0
3951,96.63517801,201.7969597,0
3952,96.63517801,201.7969597,0
3953,96.63517801,201.7969597,0
3954,96.63517801,201.7969597,0
3955,96.63517801,201.7969597,0
3956,96.63517801,201.7969597,0
3957,96.63517801,201.7969597,0
3958,96.63517801,201.7969597,0
3959,96.63517801,201.7969597,0
3960,96.63517801,201.7969597,0
3961,96.63517801,201.7969597,0
3962,96.63517801,201.7969597,0
3963,96.63517801,201.7969597,0
3964,96.63517801,201.7969597,0
3965,96.63517801,201.7969597,0
3966,96.63517801,201.7969597,0
3967,96.63517801,201.7969597,0
3968,96.63517801,201.7969597,0
3969,96.63517801,201.7969597,0
3970,96.63517801,201.7969597,0
3971,96.63517801,201.7969597,0
3972,96.63517801,201.7969597,0
3973,96.63517801,201.7969597,0
3974,96.63517801,201.7969597,0
3975,96.63517801,201.7969597,0
3976,96.63517801,201.7969597,0
3977,96.63517801,201.7969597,0
3978,96.63517801,201.7969597,0
3979,96.63517801,201.7969597,0
3980,96.63517801,201.7969597,0
3981,96.63517801,201.7969597,0
3982,96.63517801,201.7969597,0
3983,96.63517801,201.7969597,0
3984,96.63517801,201.7969597,0
3985,96.63517801,201.7969597,0
3986,96.63517801,201.7969597,0
3987,96.63517801,201.7969597,0
3988,96.63517801,201.7969597,0
3989,96.63517801,201.7969597,0
3990,96.63517801,201.7969597,0
3991,96.63517801,201.7969597,0
3992,96.63517801,201.7969597,0
3993,90.95075576,201.7969597,0
3994,90.95075576,201.7969597,0
3995,90.95075576,201.7969597,0
3996,90.95075576,201.7969597,0
3997,90.95075576,201.7969597,0
3998,90.95075576,201.7969597,0
3999,88.10854464,201.7969597,0
4000,88.10854464,201.7969597,0
4001,93.79296696,201.7969597,0
4002,93.79296696,201.7969597,0
4003,93.79296696,201.7969597,0
4004,93.79296696,201.7969597,0
4005,93.79296696,201.7969597,0
4006,93.79296696,201.7969597,0
4007,93.79296696,201.7969597,0
4008,93.79296696,201.7969597,0
4009,93.79296696,201.7969597,0
4010,93.79296696,201.7969597,0
4011,93.79296696,201.7969597,0
4012,93.79296696,201.7969597,0
4013,93.79296696,201.7969597,0
4014,93.79296696,201.7969597,0
4015,93.79296696,201.7969597,0
4016,93.79296696,201.7969597,0
4017,96.63517801,201.7969597,0
4018,96.63517801,201.7969597,0
4019,96.63517801,201.7969597,0
4020,96.63517801,198.954749,0
4021,96.63517801,198.954749,0
4022,96.63517801,198.954749,0
4023,96.63517801,198.954749,0
4024,96.63517801,198.954749,0
4025,96.63517801,198.954749,0
4026,96.63517801,198.954749,0
4027,96.63517801,204.6391704,0
4028,96.63517801,204.6391704,0
4029,96.63517801,204.6391704,0
4030,96.63517801,204.6391704,0
4031,96.63517801,204.6391704,0
4032,96.63517801,204.6391704,0
4033,96.63517801,204.6391704,0
4034,96.63517801,204.6391704,0
4035,96.63517801,204.6391704,0
4036,96.63517801,204.6391704,0
4037,96.63517801,204.6391704,0
4038,96.63517801,204.6391704,0
4039,96.63517801,204.6391704,0
4040,96.63517808,204.6391704,0
4041,96.63517808,204.6391704,0
4042,96.63517808,204.6391704,0
4043,96.63517808,204.6391704,0
4044,96.63517808,204.6391704,0
4045,96.63517808,204.6391704,0
4046,96.63517808,204.6391704,0
4047,96.63517808,204.6391704,0
4048,96.63517808,204.6391704,0
4049,96.63517808,204.6391704,0
4050,96.63517808,204.6391704,0
4051,96.63517808,204.6391704,0
4052,96.63517808,204.6391704,0
4053,96.63517808,204.6391704,0
4054,96.63517808,204.6391704,0
4055,96.63517808,204.6391704,0
4056,96.63517808,204.6391704,0
4057,96.63517808,204.6391704,0
4058,96.63517808,204.6391704,0
4059,96.63517808,204.6391704,0
4060,96.63517808,204.6391704,0
4061,96.63517808,204.6391704,0
4062,96.63517808,204.6391704,0
4063,96.63517808,204.6391704,0
4064,96.63517808,204.6391704,0
4065,96.63517808,204.6391704,0
4066,96.63517808,204.6391704,0
4067,96.63517808,204.6391704,0
4068,96.63517808,204.6391704,0
4069,96.63517808,204.6391704,0
4070,96.63517808,204.6391704,0
4071,96.63517808,204.6391704,0
4072,96.63517808,204.6391704,0
4073,96.63517808,204.6391704,0
4074,96.63517808,204.6391704,0
4075,96.63517808,204.6391704,0
4076,96.63517808,204.6391704,0
4077,96.63517808,204.6391704,0
4078,96.63517808,204.6391704,0
4079,96.63517808,204.6391704,0
4080,96.63517808,204.6391704,0
4081,96.63517808,204.6391704,0
4082,96.63517808,204.6391704,0
4083,96.63517808,204.6391704,0
4084,96.63517808,204.6391704,0
4085,96.63517808,204.6391704,0
4086,96.63517808,204.6391704,0
4087,96.63517808,204.6391704,0
4088,96.63517808,204.6391704,0
4089,96.63517808,204.6391704,0
4090,96.63517801,204.6391704,0
4091,96.63517801,201.7969597,0
4092,96.63517801,201.7969597,0
4093,96.63517801,201.7969597,0
4094,96.63517801,201.7969597,0
4095,96.63517801,201.7969597,0
4096,96.63517801,201.7969597,0
4097,96.63517801,201.7969597,0
4098,96.63517801,201.7969597,0
4099,96.63517801,201.7969597,0
4100,96.63517801,201.7969597,0
4101,96.63517801,201.7969597,0
4102,96.63517801,201.7969597,0
4103,96.63517801,201.7969597,0
4104,96.63517801,201.7969597,0
4105,96.63517801,201.7969597,0
4106,96.63517801,201.7969597,0
4107,96.63517801,201.7969597,0
4108,96.63517801,201.7969597,0
4109,96.63517801,201.7969597,0
4110,93.79296689,201.7969597,0
4111,93.79296689,204.6391704,0
4112,93.79296689,204.6391704,0
4113,93.79296689,204.6391704,0
4114,93.79296696,204.6391704,0
4115,93.79296696,204.6391704,0
4116,93.79296696,204.6391704,0
4117,93.79296696,204.6391704,0
4118,93.79296696,204.6391704,0
4119,93.79296696,204.6391704,0
4120,93.79296696,204.6391704,0
4121,93.79296696,204.6391704,0
4122,93.79296696,204.6391704,0
4123,93.79296696,204.6391704,0
4124,93.79296696,204.6391704,0
4125,93.79296696,204.6391704,0
4126,93.79296696,204.6391704,0
4127,93.79296696,204.6391704,0
4128,93.79296696,204.6391704,0
4129,93.79296696,204.6391704,0
4130,93.79296696,204.6391704,0
4131,93.79296696,204.6391704,0
4132,93.79296696,204.6391704,0
4133,93.79296696,204.6391704,0
4134,93.79296696,204.6391704,0
4135,93.79296696,204.6391704,0
4136,93.79296696,204.6391704,0
4137,93.79296696,204.6391704,0
4138,93.79296696,204.6391704,0
4139,93.79296696,204.6391704,0
4140,93.79296696,204.6391704,0
4141,93.79296696,204.6391704,0
4142,93.79296696,204.6391704,0
4143,93.79296696,204.6391704,0
4144,93.79296696,204.6391704,0
4145,93.79296696,204.6391704,0
4146,93.79296696,204.6391704,0
4147,93.79296696,204.6391704,0
4148,93.79296696,204.6391704,0
4149,93.79296696,204.6391704,0
4150,93.79296696,204.6391704,0
4151,93.79296696,204.6391704,0
4152,93.79296696,204.6391704,0
4153,93.79296696,204.6391704,0
4154,93.79296696,204.6391704,0
4155,93.79296696,204.6391704,0
4156,93.79296696,204.6391704,0
4157,93.79296696,204.6391704,0
4158,93.79296696,204.6391704,0
4159,93.79296696,204.6391704,0
4160,93.79296696,204.6391704,0
4161,93.79296696,204.6391704,0
4162,93.79296696,204.6391704,0
4163,93.79296696,204.6391704,0
4164,93.79296696,204.6391704,0
4165,93.79296696,204.6391704,0
4166,93.79296696,204.6391704,0
4167,93.79296696,204.6391704,0
4168,93.79296696,204.6391704,0
4169,93.79296696,204.6391704,0
4170,93.79296696,204.6391704,0
4171,93.79296696,204.6391704,0
4172,93.79296696,204.6391704,0
4173,93.79296696,204.6391704,0
4174,93.79296696,204.6391704,0
4175,93.79296696,204.6391704,0
4176,93.79296696,204.6391704,0
4177,93.79296696,204.6391704,0
4178,93.79296696,204.6391704,0
4179,93.79296696,204.6391704,0
4180,93.79296696,204.6391704,0
4181,96.63517801,204.6391704,0
4182,96.63517801,204.6391704,0
4183,96.63517801,204.6391704,0
4184,96.63517801,204.6391704,0
4185,96.63517801,204.6391704,0
4186,96.63517801,204.6391704,0
4187,96.63517801,204.6391704,0
4188,96.63517801,204.6391704,0
4189,96.63517801,204.6391704,0
4190,96.63517801,204.6391704,0
4191,96.63517801,204.6391704,0
4192,96.63517801,204.6391704,0
4193,96.63517801,201.7969597,0
4194,96.63517801,201.7969597,0
4195,96.63517801,201.7969597,0
4196,96.63517801,201.7969597,0
4197,96.63517801,201.7969597,0
4198,96.63517801,201.7969597,0
4199,96.63517801,201.7969597,0
4200,96.63517801,201.7969597,0
4201,96.63517801,201.7969597,0
4202,96.63517801,201.7969597,0
4203,96.63517801,201.7969597,0
4204,96.63517801,201.7969597,0
4205,96.63517801,201.7969597,0
4206,96.63517801,201.7969597,0
4207,96.63517801,201.7969597,0
4208,96.63517801,201.7969597,0
4209,96.63517801,201.7969597,0
4210,96.63517801,201.7969597,0
4211,96.63517801,201.7969597,0
4212,96.63517801,201.7969597,0
4213,96.63517801,201.7969597,0
4214,96.63517801,201.7969597,0
4215,96.63517801,201.7969597,0
4216,96.63517801,201.7969597,0
4217,96.63517801,201.7969597,0
4218,96.63517801,201.7969597,0
4219,96.63517801,201.7969597,0
4220,96.63517801,201.7969597,0
4221,96.63517801,201.7969597,0
4222,96.63517801,201.7969597,0
4223,96.63517801,201.7969597,0
4224,96.63517801,204.6391704,0
4225,96.63517801,204.6391704,0
4226,96.63517801,204.6391704,0
4227,96.63517801,204.6391704,0
4228,96.63517801,204.6391704,0
4229,96.63517801,204.6391704,0
4230,96.63517801,207.4813811,0
4231,96.63517801,207.4813811,0
4232,96.63517801,207.4813811,0
4233,96.63517801,207.4813811,0
4234,96.63517801,207.4813811,0
4235,96.63517801,207.4813811,0
4236,96.63517801,207.4813811,0
4237,96.63517801,207.4813811,0
4238,96.63517801,207.4813811,0
4239,96.63517801,207.4813811,0
4240,96.63517801,207.4813811,0
4241,96.63517801,207.4813811,0
4242,96.63517801,207.4813811,0
4243,96.63517801,207.4813811,0
4244,96.63517801,207.4813811,0
4245,96.63517801,207.4813811,0
4246,96.63517801,207.4813811,0
4247,96.63517801,207.4813811,0
4248,96.63517801,207.4813811,0
4249,96.63517801,207.4813811,0
4250,96.63517801,207.4813811,0
4251,96.63517801,207.4813811,0
4252,96.63517801,207.4813811,0
4253,96.63517801,207.4813811,0
4254,96.63517801,207.4813811,0
4255,96.63517801,207.4813811,0
4256,96.63517801,207.4813811,0
4257,96.63517801,207.4813811,0
4258,96.63517801,207.4813811,0
4259,96.63517801,207.4813811,0
4260,96.63517801,207.4813811,0
4261,96.63517801,207.4813811,0
4262,96.63517801,207.4813811,0
4263,96.63517801,207.4813811,0
4264,96.63517801,207.4813811,0
4265,96.63517801,207.4813811,0
4266,96.63517801,207.4813811,0
4267,96.63517801,207.4813811,0
4268,96.63517801,207.4813811,0
4269,96.63517801,207.4813811,0
4270,96.63517801,207.4813811,0
4271,96.63517801,207.4813811,0
4272,96.63517801,207.4813811,0
4273,96.63517801,207.4813811,0
4274,96.63517801,207.4813811,0
4275,96.63517801,207.4813811,0
4276,96.63517801,207.4813811,0
4277,96.63517801,207.4813811,0
4278,96.63517801,207.4813811,0
4279,96.63517801,207.4813811,0
4280,96.63517801,204.6391704,0
4281,96.63517801,204.6391704,0
4282,96.63517801,204.6391704,0
4283,96.63517801,204.6391704,0
4284,96.63517801,204.6391704,0
4285,96.63517801,204.6391704,0
4286,96.63517801,204.6391704,0
4287,96.63517801,204.6391704,0
4288,96.63517801,204.6391704,0
4289,96.63517801,204.6391704,0
4290,96.63517801,204.6391704,0
4291,96.63517801,204.6391704,0
4292,96.63517801,204.6391704,0
4293,96.63517801,204.6391704,0
4294,93.79296689,204.6391704,0
4295,96.63517801,204.6391704,0
4296,96.63517801,204.6391704,0
4297,96.63517801,204.6391704,0
4298,96.63517801,204.6391704,0
4299,96.63517801,204.6391704,0
4300,96.63517801,204.6391704,0
4301,96.63517801,204.6391704,0
4302,96.63517801,204.6391704,0
4303,96.63517801,204.6391704,0
4304,96.63517801,204.6391704,0
4305,96.63517801,204.6391704,0
4306,96.63517801,204.6391704,0
4307,96.63517801,204.6391704,0
4308,96.63517801,204.6391704,0
4309,96.63517801,204.6391704,0
4310,96.63517801,204.6391704,0
4311,96.63517801,204.6391704,0
4312,96.63517801,204.6391704,0
4313,96.63517801,204.6391704,0
4314,96.63517801,204.6391704,0
4315,96.63517801,204.6391704,0
4316,96.63517801,204.6391704,0
4317,96.63517801,204.6391704,0
4318,96.63517801,204.6391704,0
4319,96.63517801,204.6391704,0
4320,99.47738913,204.6391704,0
4321,99.47738913,204.6391704,0
4322,99.47738913,204.6391704,0
4323,99.47738913,204.6391704,0
4324,99.47738913,204.6391704,0
4325,99.47738913,204.6391704,0
4326,99.47738913,204.6391704,0
4327,99.47738913,204.6391704,0
4328,99.47738913,204.6391704,0
4329,99.47738913,204.6391704,0
4330,99.47738913,204.6391704,0
4331,99.47738913,204.6391704,0
4332,99.47738913,204.6391704,0
4333,99.47738913,204.6391704,0
4334,99.47738913,204.6391704,0
4335,99.47738913,204.6391704,0
4336,99.47738913,204.6391704,0
4337,99.47738913,204.6391704,0
4338,99.47738913,204.6391704,0
4339,99.47738913,204.6391704,0
4340,99.47738913,204.6391704,0
4341,99.47738913,204.6391704,0
4342,99.47738913,204.6391704,0
4343,99.47738913,204.6391704,0
4344,99.47738913,204.6391704,0
4345,99.47738913,204.6391704,0
4346,99.47738913,204.6391704,0
4347,99.47738913,204.6391704,0
4348,99.47738913,204.6391704,0
4349,99.47738913,204.6391704,0
4350,99.47738913,204.6391704,0
4351,99.47738913,204.6391704,0
4352,99.47738913,204.6391704,0
4353,99.47738913,204.6391704,0
4354,99.47738913,204.6391704,0
4355,99.47738913,204.6391704,0
4356,99.47738913,204.6391704,0
4357,99.47738913,204.6391704,0
4358,99.47738913,204.6391704,0
4359,99.47738913,204.6391704,0
4360,99.47738913,204.6391704,0
4361,99.47738913,204.6391704,0
4362,99.47738913,204.6391704,0
4363,99.47738913,204.6391704,0
4364,99.47738913,204.6391704,0
4365,99.47738913,204.6391704,0
4366,99.47738913,204.6391704,0
4367,99.47738913,204.6391704,0
4368,99.47738913,204.6391704,0
4369,99.47738913,204.6391704,0
4370,96.63517808,201.7969597,0
4371,96.63517808,201.7969597,0
4372,96.63517808,201.7969597,0
4373,96.63517808,201.7969597,0
4374,96.63517808,201.7969597,0
4375,96.63517808,201.7969597,0
4376,96.63517808,201.7969597,0
4377,96.63517808,201.7969597,0
4378,96.63517808,201.7969597,0
4379,96.63517808,201.7969597,0
4380,96.63517808,201.7969597,0
4381,99.47738913,201.7969597,0
4382,99.47738913,201.7969597,0
4383,99.47738913,201.7969597,0
4384,99.47738913,204.6391704,0
4385,99.47738913,204.6391704,0
4386,99.47738913,204.6391704,0
4387,99.47738913,204.6391704,0
4388,99.47738913,204.6391704,0
4389,99.47738913,204.6391704,0
4390,99.47738913,204.6391704,0
4391,99.47738913,204.6391704,0
4392,99.47738913,204.6391704,0
4393,99.47738913,204.6391704,0
4394,99.47738913,204.6391704,0
4395,99.47738913,204.6391704,0
4396,99.47738913,204.6391704,0
4397,99.47738913,204.6391704,0
4398,99.47738913,204.6391704,0
4399,99.47738913,204.6391704,0
4400,99.47738913,204.6391704,0
4401,99.47738913,204.6391704,0
4402,99.47738913,204.6391704,0
4403,99.47738913,204.6391704,0
4404,99.47738913,204.6391704,0
4405,99.47738913,204.6391704,0
4406,99.47738913,204.6391704,0
4407,99.47738913,204.6391704,0
4408,99.47738913,204.6391704,0
4409,99.47738913,204.6391704,0
4410,99.47738913,204.6391704,0
4411,99.47738913,204.6391704,0
4412,99.47738913,204.6391704,0
4413,99.47738913,204.6391704,0
4414,99.47738913,204.6391704,0
4415,99.47738913,204.6391704,0
4416,99.47738913,204.6391704,0
4417,99.47738913,204.6391704,0
4418,99.47738913,204.6391704,0
4419,99.47738913,204.6391704,0
4420,99.47738913,204.6391704,0
4421,99.47738913,204.6391704,0
4422,99.47738913,204.6391704,0
4423,99.47738913,204.6391704,0
4424,99.47738913,204.6391704,0
4425,99.47738913,204.6391704,0
4426,99.47738913,204.6391704,0
4427,99.47738913,204.6391704,0
4428,99.47738913,204.6391704,0
4429,99.47738913,204.6391704,0
4430,99.47738913,204.6391704,0
4431,96.63517808,204.6391704,0
4432,96.63517808,204.6391704,0
4433,96.63517808,204.6391704,0
4434,96.63517808,204.6391704,0
4435,96.63517808,204.6391704,0
4436,96.63517808,204.6391704,0
4437,96.63517808,204.6391704,0
4438,99.47738921,204.6391704,0
4439,99.47738921,204.6391704,0
4440,99.47738921,204.6391704,0
4441,99.47738921,204.6391704,0
4442,99.47738921,204.6391704,0
4443,99.47738921,201.7969597,0
4444,99.47738921,201.7969597,0
4445,99.47738921,201.7969597,0
4446,99.47738921,201.7969597,0
4447,99.47738921,201.7969597,0
4448,99.47738921,201.7969597,0
4449,99.47738921,201.7969597,0
4450,99.47738921,201.7969597,0
4451,99.47738921,201.7969597,0
4452,99.47738921,201.7969597,0
4453,99.47738921,201.7969597,0
4454,99.47738921,201.7969597,0
4455,99.47738921,201.7969597,0
4456,99.47738921,201.7969597,0
4457,99.47738921,201.7969597,0
4458,99.47738921,201.7969597,0
4459,99.47738921,201.7969597,0
4460,99.47738921,204.6391704,0
4461,99.47738921,204.6391704,0
4462,99.47738921,204.6391704,0
4463,99.47738921,204.6391704,0
4464,99.47738921,204.6391704,0
4465,99.47738921,204.6391704,0
4466,99.47738921,204.6391704,0
4467,99.47738921,204.6391704,0
4468,99.47738921,204.6391704,0
4469,99.47738921,204.6391704,0
4470,102.3196003,204.6391704,0
4471,102.3196003,204.6391704,0
4472,102.3196003,204.6391704,0
4473,102.3196003,204.6391704,0
4474,102.3196003,204.6391704,0
4475,102.3196003,204.6391704,0
4476,102.3196003,204.6391704,0
4477,102.3196003,204.6391704,0
4478,102.3196003,204.6391704,0
4479,102.3196003,204.6391704,0
4480,102.3196003,204.6391704,0
4481,102.3196003,204.6391704,0
4482,102.3196003,204.6391704,0
4483,102.3196003,204.6391704,0
4484,102.3196003,204.6391704,0
4485,102.3196003,204.6391704,0
4486,102.3196003,204.6391704,0
4487,102.3196003,204.6391704,0
4488,102.3196003,204.6391704,0
4489,102.3196003,204.6391704,0
4490,102.3196003,204.6391704,0
4491,102.3196003,204.6391704,0
4492,102.3196003,204.6391704,0
4493,102.3196003,204.6391704,0
4494,102.3196003,204.6391704,0
4495,102.3196003,204.6391704,0
4496,102.3196003,204.6391704,0
4497,102.3196003,204.6391704,0
4498,102.3196003,204.6391704,0
4499,102.3196003,204.6391704,0
4500,102.3196003,204.6391704,0
4501,102.3196003,204.6391704,0
4502,102.3196003,204.6391704,0
4503,102.3196003,204.6391704,0
4504,102.3196003,204.6391704,0
4505,102.3196003,204.6391704,0
4506,102.3196003,204.6391704,0
4507,102.3196003,204.6391704,0
4508,102.3196003,204.6391704,0
4509,102.3196003,204.6391704,0
4510,102.3196003,204.6391704,0
4511,102.3196003,204.6391704,0
4512,102.3196003,204.6391704,0
4513,102.3196003,204.6391704,0
4514,102.3196003,204.6391704,0
4515,102.3196003,204.6391704,0
4516,102.3196003,204.6391704,0
4517,102.3196003,204.6391704,0
4518,102.3196003,204.6391704,0
4519,102.3196003,204.6391704,0
4520,99.47738921,204.6391704,0
4521,99.47738921,204.6391704,0
4522,99.47738921,204.6391704,0
4523,99.47738921,204.6391704,0
4524,99.47738921,204.6391704,0
4525,99.47738921,204.6391704,0
4526,99.47738921,204.6391704,0
4527,99.47738921,204.6391704,0
4528,99.47738921,204.6391704,0
4529,99.47738921,204.6391704,0
4530,99.47738921,204.6391704,0
4531,99.47738921,204.6391704,0
4532,99.47738921,204.6391704,0
4533,99.47738921,204.6391704,0
4534,99.47738921,204.6391704,0
4535,99.47738921,204.6391704,0
4536,99.47738921,204.6391704,0
4537,99.47738921,204.6391704,0
4538,99.47738921,204.6391704,0
4539,99.47738921,204.6391704,0
4540,99.47738921,204.6391704,0
4541,99.47738921,204.6391704,0
4542,99.47738921,204.6391704,0
4543,99.47738921,204.6391704,0
4544,99.47738921,204.6391704,0
4545,99.47738921,204.6391704,0
4546,102.3196003,204.6391704,0
4547,102.3196003,204.6391704,0
4548,102.3196003,204.6391704,0
4549,102.3196003,204.6391704,0
4550,102.3196003,204.6391704,0
4551,102.3196003,204.6391704,0
4552,102.3196003,204.6391704,0
4553,102.3196003,204.6391704,0
4554,102.3196003,204.6391704,0
4555,102.3196003,204.6391704,0
4556,102.3196003,204.6391704,0
4557,102.3196003,204.6391704,0
4558,102.3196003,204.6391704,0
4559,102.3196003,204.6391704,0
4560,102.3196003,204.6391704,0
4561,102.3196003,204.6391704,0
4562,102.3196003,204.6391704,0
4563,102.3196003,204.6391704,0
4564,102.3196003,204.6391704,0
4565,102.3196003,204.6391704,0
4566,102.3196003,204.6391704,0
4567,102.3196003,204.6391704,0
4568,102.3196003,204.6391704,0
4569,102.3196003,204.6391704,0
4570,105.1618114,204.6391704,0
4571,105.1618114,204.6391704,0
4572,105.1618114,204.6391704,0
4573,105.1618114,204.6391704,0
4574,105.1618114,204.6391704,0
4575,105.1618114,204.6391704,0
4576,105.1618114,204.6391704,0
4577,105.1618114,204.6391704,0
4578,105.1618114,204.6391704,0
4579,105.1618114,204.6391704,0
4580,105.1618114,204.6391704,0
4581,105.1618114,204.6391704,0
4582,105.1618114,204.6391704,0
4583,105.1618114,204.6391704,0
4584,105.1618114,204.6391704,0
4585,105.1618114,204.6391704,0
4586,105.1618114,204.6391704,0
4587,105.1618114,204.6391704,0
4588,105.1618114,204.6391704,0
4589,105.1618114,204.6391704,0
4590,105.1618114,204.6391704,0
4591,105.1618114,204.6391704,0
4592,105.1618114,204.6391704,0
4593,105.1618114,204.6391704,0
4594,105.1618114,204.6391704,0
4595,105.1618114,204.6391704,0
4596,105.1618114,204.6391704,0
4597,105.1618114,204.6391704,0
4598,105.1618114,204.6391704,0
4599,105.1618114,204.6391704,0
4600,105.1618114,204.6391704,0
4601,105.1618114,204.6391704,0
4602,105.1618114,204.6391704,0
4603,105.1618114,204.6391704,0
4604,105.1618114,204.6391704,0
4605,105.1618114,204.6391704,0
4606,105.1618114,204.6391704,0
4607,105.1618114,204.6391704,0
4608,105.1618114,204.6391704,0
4609,105.1618114,204.6391704,0
4610,105.1618114,204.6391704,0
4611,105.1618114,204.6391704,0
4612,105.1618114,204.6391704,0
4613,105.1618114,204.6391704,0
4614,105.1618114,204.6391704,0
4615,105.1618114,204.6391704,0
4616,105.1618114,204.6391704,0
4617,105.1618114,204.6391704,0
4618,105.1618114,204.6391704,0
4619,105.1618114,204.6391704,0
4620,102.3196003,204.6391704,0
4621,102.3196003,204.6391704,0
4622,102.3196003,204.6391704,0
4623,102.3196003,204.6391704,0
4624,102.3196003,204.6391704,0
4625,102.3196003,204.6391704,0
4626,102.3196003,204.6391704,0
4627,102.3196003,204.6391704,0
4628,102.3196003,204.6391704,0
4629,102.3196003,204.6391704,0
4630,102.3196003,204.6391704,0
4631,102.3196003,204.6391704,0
4632,102.3196003,204.6391704,0
4633,102.3196003,204.6391704,0
4634,102.3196003,204.6391704,0
4635,102.3196003,204.6391704,0
4636,102.3196003,204.6391704,0
4637,102.3196003,204.6391704,0
4638,102.3196003,204.6391704,0
4639,102.3196003,204.6391704,0
4640,102.3196003,204.6391704,0
4641,102.3196003,204.6391704,0
4642,102.3196003,204.6391704,0
4643,102.3196003,204.6391704,0
4644,102.3196003,204.6391704,0
4645,102.3196003,204.6391704,0
4646,102.3196003,204.6391704,0
4647,102.3196003,204.6391704,0
4648,102.3196003,204.6391704,0
4649,102.3196003,204.6391704,0
4650,102.3196003,204.6391704,0
4651,102.3196003,204.6391704,0
4652,102.3196003,204.6391704,0
4653,102.3196003,204.6391704,0
4654,102.3196003,204.6391704,0
4655,102.3196003,204.6391704,0
4656,102.3196003,204.6391704,0
4657,102.3196003,204.6391704,0
4658,102.3196003,204.6391704,0
4659,102.3196003,204.6391704,0
4660,102.3196003,204.6391704,0
4661,102.3196003,204.6391704,0
4662,102.3196003,204.6391704,0
4663,102.3196003,204.6391704,0
4664,102.3196003,204.6391704,0
4665,102.3196003,204.6391704,0
4666,102.3196003,204.6391704,0
4667,102.3196003,204.6391704,0
4668,102.3196003,204.6391704,0
4669,102.3196003,204.6391704,0
4670,102.3196003,204.6391704,0
4671,102.3196003,204.6391704,0
4672,102.3196003,204.6391704,0
4673,102.3196003,204.6391704,0
4674,102.3196003,204.6391704,0
4675,102.3196003,204.6391704,0
4676,102.3196003,204.6391704,0
4677,102.3196003,204.6391704,0
4678,102.3196003,204.6391704,0
4679,102.3196003,204.6391704,0
4680,102.3196003,204.6391704,0
4681,102.3196003,204.6391704,0
4682,102.3196003,204.6391704,0
4683,102.3196003,204.6391704,0
4684,102.3196003,207.4813811,0
4685,102.3196003,207.4813811,0
4686,102.3196003,207.4813811,0
4687,102.3196003,207.4813811,0
4688,102.3196003,207.4813811,0
4689,102.3196003,207.4813811,0
4690,102.3196003,207.4813811,0
4691,102.3196003,207.4813811,0
4692,102.3196003,207.4813811,0
4693,102.3196003,207.4813811,0
4694,102.3196003,207.4813811,0
4695,102.3196003,207.4813811,0
4696,102.3196003,207.4813811,0
4697,102.3196003,207.4813811,0
4698,102.3196003,207.4813811,0
4699,102.3196003,207.4813811,0
4700,102.3196003,207.4813811,0
4701,102.3196003,207.4813811,0
4702,102.3196003,207.4813811,0
4703,102.3196003,207.4813811,0
4704,102.3196003,207.4813811,0
4705,102.3196003,207.4813811,0
4706,102.3196003,207.4813811,0
4707,102.3196003,207.4813811,0
4708,102.3196003,207.4813811,0
4709,102.3196003,207.4813811,0
4710,102.3196003,207.4813811,0
4711,102.3196003,207.4813811,0
4712,102.3196003,207.4813811,0
4713,102.3196003,207.4813811,0
4714,102.3196003,207.4813811,0
4715,102.3196003,207.4813811,0
4716,102.3196003,207.4813811,0
4717,102.3196003,207.4813811,0
4718,102.3196003,207.4813811,0
4719,102.3196003,207.4813811,0
4720,102.3196003,207.4813811,0
4721,102.3196003,207.4813811,0
4722,102.3196003,207.4813811,0
4723,102.3196003,207.4813811,0
4724,102.3196003,207.4813811,0
4725,102.3196003,207.4813811,0
4726,102.3196003,207.4813811,0
4727,102.3196003,207.4813811,0
4728,102.3196003,207.4813811,0
4729,102.3196003,207.4813811,0
4730,102.3196003,207.4813811,0
4731,102.3196003,207.4813811,0
4732,102.3196003,207.4813811,0
4733,102.3196003,207.4813811,0
4734,102.3196003,207.4813811,0
4735,102.3196003,207.4813811,0
4736,102.3196003,207.4813811,0
4737,102.3196003,207.4813811,0
4738,102.3196003,207.4813811,0
4739,102.3196003,207.4813811,0
4740,102.3196003,207.4813811,0
4741,102.3196003,207.4813811,0
4742,102.3196003,207.4813811,0
4743,102.3196003,207.4813811,0
4744,102.3196003,207.4813811,0
4745,102.3196003,207.4813811,0
4746,102.3196003,207.4813811,0
4747,102.3196003,207.4813811,0
4748,102.3196003,207.4813811,0
4749,102.3196003,207.4813811,0
4750,102.3196003,207.4813811,0
4751,102.3196003,207.4813811,0
4752,102.3196003,207.4813811,0
4753,102.3196003,207.4813811,0
4754,102.3196003,207.4813811,0
4755,102.3196003,207.4813811,0
4756,102.3196003,207.4813811,0
4757,102.3196003,207.4813811,0
4758,102.3196003,207.4813811,0
4759,102.3196003,207.4813811,0
4760,102.3196003,207.4813811,0
4761,102.3196003,207.4813811,0
4762,102.3196003,207.4813811,0
4763,102.3196003,207.4813811,0
4764,102.3196003,207.4813811,0
4765,102.3196003,207.4813811,0
4766,102.3196003,207.4813811,0
4767,102.3196003,207.4813811,0
4768,102.3196003,207.4813811,0
4769,102.3196003,207.4813811,0
4770,102.3196003,207.4813811,0
4771,102.3196003,207.4813811,0
4772,102.3196003,207.4813811,0
4773,102.3196003,207.4813811,0
4774,102.3196003,207.4813811,0
4775,102.3196003,207.4813811,0
4776,102.3196003,207.4813811,0
4777,102.3196003,207.4813811,0
4778,102.3196003,207.4813811,0
4779,102.3196003,207.4813811,0
4780,102.3196003,207.4813811,0
4781,102.3196003,207.4813811,0
4782,102.3196003,207.4813811,0
4783,102.3196003,207.4813811,0
4784,102.3196003,207.4813811,0
4785,102.3196003,207.4813811,0
4786,102.3196003,207.4813811,0
4787,102.3196003,207.4813811,0
4788,102.3196003,207.4813811,0
4789,102.3196003,207.4813811,0
4790,102.3196003,207.4813811,0
4791,102.3196003,207.4813811,0
4792,102.3196003,207.4813811,0
4793,102.3196003,204.6391704,0
4794,102.3196003,204.6391704,0
4795,102.3196003,204.6391704,0
4796,102.3196003,204.6391704,0
4797,102.3196003,204.6391704,0
4798,102.3196003,204.6391704,0
4799,102.3196003,204.6391704,0
4800,102.3196003,204.6391704,0
4801,102.3196003,204.6391704,0
4802,102.3196003,204.6391704,0
4803,102.3196003,204.6391704,0
4804,102.3196003,204.6391704,0
4805,102.3196003,204.6391704,0
4806,102.3196003,204.6391704,0
4807,102.3196003,204.6391704,0
4808,102.3196003,204.6391704,0
4809,102.3196003,204.6391704,0
4810,102.3196003,204.6391704,0
4811,102.3196003,207.4813811,0
4812,102.3196003,207.4813811,0
4813,102.3196003,207.4813811,0
4814,102.3196003,207.4813811,0
4815,102.3196003,207.4813811,0
4816,102.3196003,207.4813811,0
4817,102.3196003,207.4813811,0
4818,102.3196003,207.4813811,0
4819,102.3196003,207.4813811,0
4820,102.3196003,207.4813811,0
4821,102.3196003,207.4813811,0
4822,102.3196003,207.4813811,0
4823,102.3196003,207.4813811,0
4824,102.3196003,207.4813811,0
4825,102.3196003,207.4813811,0
4826,102.3196003,207.4813811,0
4827,102.3196003,207.4813811,0
4828,102.3196003,207.4813811,0
4829,102.3196003,207.4813811,0
4830,102.3196003,207.4813811,0
4831,102.3196003,207.4813811,0
4832,105.1618113,207.4813811,0
4833,105.1618113,207.4813811,0
4834,105.1618113,207.4813811,0
4835,105.1618113,210.3235918,0
4836,105.1618113,210.3235918,0
4837,105.1618113,210.3235918,0
4838,105.1618113,210.3235918,0
4839,105.1618113,210.3235918,0
4840,105.1618113,210.3235918,0
4841,105.1618113,210.3235918,0
4842,105.1618113,210.3235918,0
4843,105.1618113,210.3235918,0
4844,105.1618113,210.3235918,0
4845,105.1618113,210.3235918,0
4846,105.1618113,210.3235918,0
4847,105.1618113,210.3235918,0
4848,105.1618113,210.3235918,0
4849,105.1618113,210.3235918,0
4850,105.1618113,210.3235918,0
4851,105.1618113,210.3235918,0
4852,105.1618113,210.3235918,0
4853,105.1618113,210.3235918,0
4854,105.1618113,210.3235918,0
4855,105.1618113,210.3235918,0
4856,105.1618113,210.3235918,0
4857,105.1618113,210.3235918,0
4858,105.1618113,210.3235918,0
4859,105.1618113,210.3235918,0
4860,105.1618113,210.3235918,0
4861,105.1618113,210.3235918,0
4862,105.1618113,210.3235918,0
4863,105.1618113,210.3235918,0
4864,105.1618113,210.3235918,0
4865,105.1618113,210.3235918,0
4866,105.1618113,210.3235918,0
4867,105.1618113,210.3235918,0
4868,105.1618113,210.3235918,0
4869,105.1618113,210.3235918,0
4870,105.1618113,210.3235918,0
4871,105.1618113,210.3235918,0
4872,105.1618113,210.3235918,0
4873,105.1618113,210.3235918,0
4874,105.1618113,210.3235918,0
4875,105.1618113,210.3235918,0
4876,105.1618113,210.3235918,0
4877,105.1618113,210.3235918,0
4878,105.1618113,210.3235918,0
4879,105.1618113,210.3235918,0
4880,105.1618113,210.3235918,0
4881,105.1618113,210.3235918,0
4882,102.3196003,210.3235918,0
4883,102.3196003,210.3235918,0
4884,102.3196003,210.3235918,0
4885,102.3196003,204.6391704,0
4886,102.3196003,204.6391704,0
4887,102.3196003,204.6391704,0
4888,102.3196003,204.6391704,0
4889,102.3196003,204.6391704,0
4890,102.3196003,204.6391704,0
4891,102.3196003,204.6391704,0
4892,102.3196003,204.6391704,0
4893,102.3196003,204.6391704,0
4894,102.3196003,201.7969597,0
4895,102.3196003,201.7969597,0
4896,102.3196003,201.7969597,0
4897,102.3196003,201.7969597,0
4898,102.3196003,201.7969597,0
4899,102.3196003,201.7969597,0
4900,102.3196003,201.7969597,0
4901,102.3196003,201.7969597,0
4902,102.3196003,201.7969597,0
4903,102.3196003,201.7969597,0
4904,102.3196003,201.7969597,0
4905,102.3196003,201.7969597,0
4906,102.3196003,201.7969597,0
4907,102.3196003,201.7969597,0
4908,102.3196003,201.7969597,0
4909,102.3196003,201.7969597,0
4910,102.3196003,201.7969597,0
4911,102.3196003,201.7969597,0
4912,102.3196003,201.7969597,0
4913,102.3196003,201.7969597,0
4914,102.3196003,201.7969597,0
4915,102.3196003,201.7969597,0
4916,102.3196003,201.7969597,0
4917,102.3196003,201.7969597,0
4918,102.3196003,201.7969597,0
4919,102.3196003,201.7969597,0
4920,102.3196003,201.7969597,0
4921,102.3196003,201.7969597,0
4922,102.3196003,201.7969597,0
4923,102.3196003,201.7969597,0
4924,102.3196002,201.7969597,0
4925,102.3196002,201.7969597,0
4926,102.3196002,201.7969597,0
4927,102.3196002,204.6391704,0
4928,102.3196002,204.6391704,0
4929,102.3196003,204.6391704,0
4930,102.3196003,204.6391704,0
4931,102.3196003,204.6391704,0
4932,102.3196003,204.6391704,0
4933,102.3196003,204.6391704,0
4934,102.3196003,204.6391704,0
4935,102.3196003,204.6391704,0
4936,102.3196003,204.6391704,0
4937,102.3196003,204.6391704,0
4938,102.3196003,204.6391704,0
4939,102.3196003,204.6391704,0
4940,102.3196003,204.6391704,0
4941,102.3196003,204.6391704,0
4942,102.3196003,204.6391704,0
4943,102.3196003,204.6391704,0
4944,102.3196003,204.6391704,0
4945,102.3196003,204.6391704,0
4946,102.3196003,204.6391704,0
4947,102.3196003,204.6391704,0
4948,102.3196003,204.6391704,0
4949,102.3196003,204.6391704,0
4950,102.3196003,204.6391704,0
4951,102.3196003,204.6391704,0
4952,102.3196003,204.6391704,0
4953,102.3196003,204.6391704,0
4954,102.3196003,204.6391704,0
4955,102.3196003,204.6391704,0
4956,102.3196003,204.6391704,0
4957,102.3196003,204.6391704,0
4958,102.3196003,204.6391704,0
4959,102.3196003,204.6391704,0
4960,102.3196003,204.6391704,0
4961,102.3196003,204.6391704,0
4962,102.3196003,204.6391704,0
4963,102.3196003,204.6391704,0
4964,102.3196003,204.6391704,0
4965,102.3196003,204.6391704,0
4966,102.3196003,204.6391704,0
4967,102.3196003,204.6391704,0
4968,102.3196003,204.6391704,0
4969,102.3196003,204.6391704,0
4970,102.3196003,204.6391704,0
4971,102.3196003,204.6391704,0
4972,102.3196003,204.6391704,0
4973,102.3196003,204.6391704,0
4974,102.3196003,204.6391704,0
4975,102.3196003,204.6391704,0
4976,102.3196003,204.6391704,0
4977,102.3196003,204.6391704,0
4978,102.3196003,204.6391704,0
4979,102.3196003,204.6391704,0
4980,102.3196003,204.6391704,0
4981,102.3196003,204.6391704,0
4982,102.3196003,204.6391704,0
4983,102.3196003,204.6391704,0
4984,102.3196003,204.6391704,0
4985,102.3196003,204.6391704,0
4986,102.3196003,204.6391704,0
4987,102.3196003,204.6391704,0
4988,102.3196003,204.6391704,0
4989,102.3196003,204.6391704,0
4990,102.3196003,204.6391704,0
4991,102.3196003,204.6391704,0
4992,102.3196003,204.6391704,0
4993,96.63517801,204.6391704,0
4994,96.63517801,204.6391704,0
4995,96.63517801,204.6391704,0
4996,96.63517801,204.6391704,0
4997,96.63517801,204.6391704,0
4998,96.63517801,204.6391704,0
4999,93.79296689,204.6391704,0
5000,93.79296689,204.6391704,0
5001,93.79296689,204.6391704,0
5002,93.79296689,204.6391704,0
5003,93.79296689,204.6391704,0
5004,93.79296689,204.6391704,0
5005,93.79296689,204.6391704,0
5006,93.79296689,204.6391704,0
5007,102.3196003,204.6391704,0
5008,102.3196003,204.6391704,0
5009,102.3196003,204.6391704,0
5010,102.3196003,204.6391704,0
5011,102.3196003,204.6391704,0
5012,102.3196003,204.6391704,0
5013,102.3196003,204.6391704,0
5014,102.3196003,204.6391704,0
5015,102.3196003,204.6391704,0
5016,102.3196003,204.6391704,0
5017,102.3196003,204.6391704,0
5018,102.3196003,204.6391704,0
5019,102.3196003,204.6391704,0
5020,102.3196003,204.6391704,0
5021,102.3196003,204.6391704,0
5022,102.3196003,204.6391704,0
5023,102.3196003,204.6391704,0
5024,102.3196003,204.6391704,0
5025,102.3196003,204.6391704,0
5026,102.3196003,204.6391704,0
5027,102.3196003,204.6391704,0
5028,102.3196003,204.6391704,0
5029,102.3196003,204.6391704,0
5030,102.3196003,204.6391704,0
5031,102.3196003,204.6391704,0
5032,102.3196003,204.6391704,0
5033,102.3196003,204.6391704,0
5034,102.3196003,204.6391704,0
5035,102.3196003,204.6391704,0
5036,102.3196003,204.6391704,0
5037,102.3196003,204.6391704,0
5038,102.3196003,204.6391704,0
5039,102.3196003,204.6391704,0
5040,102.3196003,204.6391704,0
5041,102.3196003,204.6391704,0
5042,102.3196003,204.6391704,0
5043,102.3196003,204.6391704,0
5044,102.3196003,204.6391704,0
5045,102.3196003,204.6391704,0
5046,102.3196003,204.6391704,0
5047,102.3196003,204.6391704,0
5048,102.3196003,204.6391704,0
5049,102.3196003,204.6391704,0
5050,102.3196003,207.4813811,0
5051,102.3196003,207.4813811,0
5052,102.3196003,207.4813811,0
5053,102.3196003,207.4813811,0
5054,102.3196003,207.4813811,0
5055,102.3196003,207.4813811,0
5056,102.3196003,207.4813811,0
5057,102.3196003,207.4813811,0
5058,102.3196003,207.4813811,0
5059,102.3196003,207.4813811,0
5060,102.3196003,207.4813811,0
5061,102.3196003,207.4813811,0
5062,102.3196003,207.4813811,0
5063,102.3196003,207.4813811,0
5064,102.3196003,207.4813811,0
5065,102.3196003,207.4813811,0
5066,102.3196003,207.4813811,0
5067,102.3196003,207.4813811,0
5068,102.3196003,207.4813811,0
5069,102.3196003,207.4813811,0
5070,102.3196003,207.4813811,0
5071,102.3196003,207.4813811,0
5072,102.3196003,207.4813811,0
5073,102.3196003,207.4813811,0
5074,102.3196003,207.4813811,0
5075,102.3196003,207.4813811,0
5076,102.3196003,207.4813811,0
5077,102.3196003,207.4813811,0
5078,102.3196003,207.4813811,0
5079,102.3196003,207.4813811,0
5080,102.3196003,207.4813811,0
5081,102.3196003,207.4813811,0
5082,102.3196003,207.4813811,0
5083,102.3196003,207.4813811,0
5084,102.3196003,207.4813811,0
5085,102.3196003,207.4813811,0
5086,102.3196003,207.4813811,0
5087,102.3196003,207.4813811,0
5088,102.3196003,207.4813811,0
5089,102.3196003,207.4813811,0
5090,102.3196003,207.4813811,0
5091,102.3196003,207.4813811,0
5092,102.3196003,207.4813811,0
5093,102.3196003,207.4813811,0
5094,102.3196003,207.4813811,0
5095,102.3196003,207.4813811,0
5096,102.3196003,207.4813811,0
5097,102.3196003,207.4813811,0
5098,102.3196003,207.4813811,0
5099,102.3196003,207.4813811,0
5100,102.3196003,204.6391704,0
5101,102.3196003,204.6391704,0
5102,102.3196003,204.6391704,0
5103,102.3196003,204.6391704,0
5104,102.3196003,204.6391704,0
5105,102.3196003,204.6391704,0
5106,102.3196003,204.6391704,0
5107,102.3196003,204.6391704,0
5108,102.3196003,204.6391704,0
5109,102.3196003,204.6391704,0
5110,102.3196003,204.6391704,0
5111,102.3196003,204.6391704,0
5112,96.63517808,204.6391704,0
5113,96.63517808,204.6391704,0
5114,96.63517808,204.6391704,0
5115,96.63517808,204.6391704,0
5116,96.63517808,204.6391704,0
5117,96.63517808,204.6391704,0
5118,96.63517808,204.6391704,0
5119,96.63517808,204.6391704,0
5120,96.63517808,204.6391704,0
5121,96.63517808,204.6391704,0
5122,96.63517808,204.6391704,0
5123,96.63517808,204.6391704,0
5124,96.63517808,204.6391704,0
5125,96.63517808,204.6391704,0
5126,96.63517808,204.6391704,0
5127,96.63517808,204.6391704,0
5128,96.63517808,204.6391704,0
5129,99.47738913,204.6391704,0
5130,99.47738913,204.6391704,0
5131,99.47738913,204.6391704,0
5132,99.47738913,204.6391704,0
5133,99.47738913,204.6391704,0
5134,99.47738913,204.6391704,0
5135,99.47738913,204.6391704,0
5136,99.47738913,204.6391704,0
5137,99.47738913,204.6391704,0
5138,99.47738913,204.6391704,0
5139,99.47738913,204.6391704,0
5140,99.47738913,204.6391704,0
5141,99.47738913,204.6391704,0
5142,99.47738913,204.6391704,0
5143,99.47738913,204.6391704,0
5144,99.47738913,204.6391704,0
5145,99.47738913,204.6391704,0
5146,99.47738913,204.6391704,0
5147,99.47738913,204.6391704,0
5148,99.47738913,204.6391704,0
5149,99.47738913,204.6391704,0
5150,99.47738913,204.6391704,0
5151,99.47738913,204.6391704,0
5152,99.47738913,204.6391704,0
5153,99.47738913,204.6391704,0
5154,99.47738913,204.6391704,0
5155,99.47738913,204.6391704,0
5156,99.47738913,204.6391704,0
5157,99.47738913,204.6391704,0
5158,99.47738913,204.6391704,0
5159,99.47738913,204.6391704,0
5160,99.47738913,204.6391704,0
5161,99.47738913,204.6391704,0
5162,99.47738913,204.6391704,0
5163,99.47738913,204.6391704,0
5164,99.47738913,204.6391704,0
5165,99.47738913,204.6391704,0
5166,99.47738913,204.6391704,0
5167,99.47738913,204.6391704,0
5168,99.47738913,204.6391704,0
5169,99.47738913,204.6391704,0
5170,102.3196002,204.6391704,0
5171,102.3196002,204.6391704,0
5172,102.3196002,204.6391704,0
5173,102.3196002,204.6391704,0
5174,102.3196002,204.6391704,0
5175,102.3196002,204.6391704,0
5176,102.3196002,204.6391704,0
5177,102.3196002,204.6391704,0
5178,102.3196002,204.6391704,0
5179,102.3196002,204.6391704,0
5180,102.3196002,204.6391704,0
5181,102.3196002,204.6391704,0
5182,102.3196002,204.6391704,0
5183,102.3196002,204.6391704,0
5184,102.3196002,204.6391704,0
5185,102.3196002,204.6391704,0
5186,102.3196002,204.6391704,0
5187,102.3196002,204.6391704,0
5188,102.3196002,204.6391704,0
5189,102.3196002,204.6391704,0
5190,102.3196002,207.4813811,0
5191,102.3196002,207.4813811,0
5192,102.3196002,207.4813811,0
5193,102.3196002,207.4813811,0
5194,102.3196002,207.4813811,0
5195,102.3196002,207.4813811,0
5196,102.3196002,207.4813811,0
5197,102.3196002,207.4813811,0
5198,102.3196002,207.4813811,0
5199,102.3196002,207.4813811,0
5200,102.3196002,207.4813811,0
5201,102.3196002,207.4813811,0
5202,102.3196002,207.4813811,0
5203,102.3196002,207.4813811,0
5204,102.3196002,207.4813811,0
5205,102.3196002,207.4813811,0
5206,102.3196002,207.4813811,0
5207,102.3196002,207.4813811,0
5208,102.3196002,207.4813811,0
5209,102.3196002,207.4813811,0
5210,102.3196002,207.4813811,0
5211,102.3196002,207.4813811,0
5212,102.3196002,207.4813811,0
5213,102.3196002,207.4813811,0
5214,102.3196002,207.4813811,0
5215,102.3196002,207.4813811,0
5216,102.3196002,207.4813811,0
5217,102.3196002,207.4813811,0
5218,102.3196002,207.4813811,0
5219,102.3196002,207.4813811,0
5220,102.3196002,207.4813811,0
5221,102.3196002,207.4813811,0
5222,102.3196002,207.4813811,0
5223,99.47738921,207.4813811,0
5224,99.47738921,207.4813811,0
5225,99.47738921,207.4813811,0
5226,99.47738921,207.4813811,0
5227,99.47738921,207.4813811,0
5228,99.47738921,207.4813811,0
5229,99.47738921,207.4813811,0
5230,99.47738921,207.4813811,0
5231,99.47738921,207.4813811,0
5232,99.47738921,207.4813811,0
5233,99.47738921,207.4813811,0
5234,99.47738921,207.4813811,0
5235,99.47738921,207.4813811,0
5236,99.47738921,207.4813811,0
5237,99.47738921,207.4813811,0
5238,99.47738921,207.4813811,0
5239,99.47738921,207.4813811,0
5240,99.47738921,204.6391704,0
5241,99.47738921,204.6391704,0
5242,99.47738921,204.6391704,0
5243,99.47738921,204.6391704,0
5244,99.47738921,204.6391704,0
5245,99.47738921,204.6391704,0
5246,99.47738921,204.6391704,0
5247,99.47738921,204.6391704,0
5248,99.47738921,204.6391704,0
5249,99.47738921,204.6391704,0
5250,99.47738921,204.6391704,0
5251,99.47738921,204.6391704,0
5252,99.47738921,204.6391704,0
5253,99.47738921,204.6391704,0
5254,99.47738921,204.6391704,0
5255,99.47738921,204.6391704,0
5256,99.47738921,204.6391704,0
5257,99.47738921,204.6391704,0
5258,99.47738921,204.6391704,0
5259,99.47738921,204.6391704,0
5260,99.47738921,204.6391704,0
5261,105.1618115,204.6391704,0
5262,105.1618115,204.6391704,0
5263,105.1618115,204.6391704,0
5264,105.1618115,204.6391704,0
5265,105.1618115,204.6391704,0
5266,105.1618115,204.6391704,0
5267,105.1618115,204.6391704,0
5268,105.1618115,204.6391704,0
5269,105.1618115,204.6391704,0
5270,105.1618115,204.6391704,0
5271,105.1618115,204.6391704,0
5272,105.1618115,204.6391704,0
5273,105.1618115,204.6391704,0
5274,105.1618115,204.6391704,0
5275,105.1618115,204.6391704,0
5276,105.1618115,204.6391704,0
5277,105.1618115,204.6391704,0
5278,105.1618115,204.6391704,0
5279,105.1618115,204.6391704,0
5280,105.1618115,204.6391704,0
5281,105.1618115,204.6391704,0
5282,105.1618115,204.6391704,0
5283,105.1618115,204.6391704,0
5284,105.1618115,204.6391704,0
5285,105.1618115,204.6391704,0
5286,105.1618115,204.6391704,0
5287,105.1618115,204.6391704,0
5288,105.1618115,204.6391704,0
5289,105.1618115,207.4813811,0
5290,105.1618115,207.4813811,0
5291,105.1618115,207.4813811,0
5292,105.1618115,207.4813811,0
5293,105.1618115,207.4813811,0
5294,105.1618115,207.4813811,0
5295,105.1618115,207.4813811,0
5296,105.1618115,207.4813811,0
5297,105.1618115,207.4813811,0
5298,105.1618115,207.4813811,0
5299,105.1618115,207.4813811,0
5300,105.1618115,207.4813811,0
5301,105.1618115,207.4813811,0
5302,105.1618115,207.4813811,0
5303,105.1618115,207.4813811,0
5304,105.1618115,207.4813811,0
5305,105.1618115,207.4813811,0
5306,105.1618115,207.4813811,0
5307,105.1618115,207.4813811,0
5308,105.1618115,207.4813811,0
5309,105.1618115,207.4813811,0
5310,105.1618115,207.4813811,0
5311,102.3196003,207.4813811,0
5312,102.3196003,207.4813811,0
5313,102.3196003,207.4813811,0
5314,102.3196003,207.4813811,0
5315,102.3196003,207.4813811,0
5316,102.3196003,207.4813811,0
5317,102.3196003,207.4813811,0
5318,102.3196003,207.4813811,0
5319,105.1618113,207.4813811,0
5320,105.1618113,207.4813811,0
5321,105.1618113,207.4813811,0
5322,105.1618113,207.4813811,0
5323,105.1618113,207.4813811,0
5324,105.1618113,207.4813811,0
5325,105.1618113,207.4813811,0
5326,105.1618113,207.4813811,0
5327,105.1618113,207.4813811,0
5328,105.1618113,207.4813811,0
5329,105.1618113,207.4813811,0
5330,105.1618113,207.4813811,0
5331,105.1618113,207.4813811,0
5332,105.1618113,207.4813811,0
5333,105.1618113,207.4813811,0
5334,105.1618113,207.4813811,0
5335,105.1618113,207.4813811,0
5336,105.1618113,207.4813811,0
5337,105.1618113,207.4813811,0
5338,105.1618113,207.4813811,0
5339,105.1618113,204.6391704,0
5340,105.1618113,204.6391704,0
5341,105.1618113,204.6391704,0
5342,105.1618113,204.6391704,0
5343,105.1618113,204.6391704,0
5344,105.1618113,204.6391704,0
5345,105.1618113,204.6391704,0
5346,105.1618113,204.6391704,0
5347,105.1618113,204.6391704,0
5348,105.1618113,204.6391704,0
5349,105.1618113,204.6391704,0
5350,105.1618113,204.6391704,0
5351,105.1618113,204.6391704,0
5352,105.1618113,204.6391704,0
5353,105.1618113,204.6391704,0
5354,105.1618113,204.6391704,0
5355,105.1618113,204.6391704,0
5356,105.1618113,204.6391704,0
5357,105.1618113,204.6391704,0
5358,105.1618113,204.6391704,0
5359,105.1618115,204.6391704,0
5360,105.1618115,204.6391704,0
5361,105.1618115,204.6391704,0
5362,105.1618115,204.6391704,0
5363,105.1618115,204.6391704,0
5364,105.1618115,204.6391704,0
5365,105.1618115,204.6391704,0
5366,105.1618115,204.6391704,0
5367,105.1618115,204.6391704,0
5368,105.1618115,204.6391704,0
5369,105.1618115,204.6391704,0
5370,105.1618115,204.6391704,0
5371,105.1618115,204.6391704,0
5372,105.1618115,204.6391704,0
5373,105.1618115,204.6391704,0
5374,105.1618115,201.7969597,0
5375,105.1618115,201.7969597,0
5376,105.1618115,201.7969597,0
5377,105.1618115,201.7969597,0
5378,105.1618115,201.7969597,0
5379,105.1618115,204.6391704,0
5380,105.1618115,204.6391704,0
5381,105.1618115,204.6391704,0
5382,105.1618115,204.6391704,0
5383,105.1618115,204.6391704,0
5384,105.1618115,204.6391704,0
5385,105.1618115,204.6391704,0
5386,105.1618115,204.6391704,0
5387,105.1618115,204.6391704,0
5388,105.1618115,204.6391704,0
5389,105.1618115,204.6391704,0
5390,105.1618115,204.6391704,0
5391,105.1618115,204.6391704,0
5392,105.1618115,204.6391704,0
5393,105.1618115,204.6391704,0
5394,105.1618115,207.4813811,0
5395,105.1618115,207.4813811,0
5396,105.1618115,207.4813811,0
5397,105.1618115,207.4813811,0
5398,105.1618115,207.4813811,0
5399,105.1618115,207.4813811,0
5400,105.1618115,207.4813811,0
5401,105.1618115,207.4813811,0
5402,105.1618115,207.4813811,0
5403,105.1618115,207.4813811,0
5404,105.1618115,207.4813811,0
5405,105.1618115,207.4813811,0
5406,105.1618115,207.4813811,0
5407,105.1618115,207.4813811,0
5408,105.1618115,207.4813811,0
5409,102.3196003,207.4813811,0
5410,102.3196003,207.4813811,0
5411,102.3196003,207.4813811,0
5412,102.3196003,207.4813811,0
5413,102.3196003,207.4813811,0
5414,102.3196003,207.4813811,0
5415,102.3196003,207.4813811,0
5416,102.3196003,207.4813811,0
5417,102.3196003,207.4813811,0
5418,102.3196003,207.4813811,0
5419,102.3196003,207.4813811,0
5420,102.3196003,207.4813811,0
5421,102.3196003,207.4813811,0
5422,102.3196003,207.4813811,0
5423,102.3196003,207.4813811,0
5424,102.3196003,207.4813811,0
5425,102.3196003,207.4813811,0
5426,102.3196003,207.4813811,0
5427,102.3196003,207.4813811,0
5428,102.3196003,207.4813811,0
5429,102.3196003,207.4813811,0
5430,102.3196003,207.4813811,0
5431,102.3196003,207.4813811,0
5432,102.3196003,207.4813811,0
5433,102.3196003,207.4813811,0
5434,102.3196003,207.4813811,0
5435,102.3196003,207.4813811,0
5436,102.3196003,207.4813811,0
5437,102.3196003,207.4813811,0
5438,102.3196003,207.4813811,0
5439,102.3196003,207.4813811,0
5440,102.3196003,207.4813811,0
5441,102.3196003,207.4813811,0
5442,102.3196003,207.4813811,0
5443,102.3196003,207.4813811,0
5444,102.3196003,204.6391704,0
5445,102.3196003,204.6391704,0
5446,102.3196003,204.6391704,0
5447,102.3196003,204.6391704,0
5448,102.3196003,204.6391704,0
5449,102.3196003,204.6391704,0
5450,102.3196003,204.6391704,0
5451,102.3196003,204.6391704,0
5452,102.3196003,204.6391704,0
5453,102.3196003,204.6391704,0
5454,102.3196003,204.6391704,0
5455,102.3196003,204.6391704,0
5456,102.3196003,204.6391704,0
5457,102.3196003,204.6391704,0
5458,102.3196003,204.6391704,0
5459,102.3196003,204.6391704,0
5460,102.3196003,204.6391704,0
5461,102.3196003,204.6391704,0
5462,102.3196003,204.6391704,0
5463,102.3196003,204.6391704,0
5464,102.3196003,204.6391704,0
5465,102.3196003,204.6391704,0
5466,102.3196003,204.6391704,0
5467,102.3196003,204.6391704,0
5468,102.3196003,204.6391704,0
5469,102.3196003,204.6391704,0
5470,102.3196003,204.6391704,0
5471,102.3196003,204.6391704,0
5472,102.3196003,204.6391704,0
5473,102.3196003,204.6391704,0
5474,105.1618115,204.6391704,0
5475,105.1618115,204.6391704,0
5476,105.1618115,204.6391704,0
5477,105.1618115,204.6391704,0
5478,105.1618115,204.6391704,0
5479,105.1618115,204.6391704,0
5480,105.1618115,204.6391704,0
5481,105.1618115,204.6391704,0
5482,105.1618115,204.6391704,0
5483,105.1618115,204.6391704,0
5484,105.1618115,204.6391704,0
5485,105.1618115,201.7969597,0
5486,105.1618115,201.7969597,0
5487,105.1618115,201.7969597,0
5488,105.1618115,201.7969597,0
5489,105.1618115,201.7969597,0
5490,105.1618115,201.7969597,0
5491,105.1618115,201.7969597,0
5492,105.1618115,201.7969597,0
5493,105.1618115,201.7969597,0
5494,105.1618115,201.7969597,0
5495,105.1618115,201.7969597,0
5496,105.1618115,201.7969597,0
5497,105.1618115,204.6391704,0
5498,105.1618115,204.6391704,0
5499,105.1618115,204.6391704,0
5500,105.1618115,204.6391704,0
5501,105.1618115,204.6391704,0
5502,105.1618115,204.6391704,0
5503,105.1618115,204.6391704,0
5504,105.1618115,204.6391704,0
5505,105.1618115,204.6391704,0
5506,105.1618115,204.6391704,0
5507,105.1618115,204.6391704,0
5508,105.1618115,204.6391704,0
5509,105.1618115,204.6391704,0
5510,105.1618115,204.6391704,0
5511,105.1618115,204.6391704,0
5512,105.1618115,204.6391704,0
5513,105.1618115,204.6391704,0
5514,105.1618115,204.6391704,0
5515,105.1618115,204.6391704,0
5516,105.1618115,204.6391704,0
5517,105.1618115,204.6391704,0
5518,105.1618115,204.6391704,0
5519,105.1618115,204.6391704,0
5520,105.1618115,204.6391704,0
5521,105.1618115,204.6391704,0
5522,105.1618115,204.6391704,0
5523,105.1618115,204.6391704,0
5524,102.3196003,204.6391704,0
5525,102.3196003,204.6391704,0
5526,102.3196003,204.6391704,0
5527,102.3196003,204.6391704,0
5528,102.3196003,204.6391704,0
5529,102.3196003,204.6391704,0
5530,102.3196003,204.6391704,0
5531,102.3196003,204.6391704,0
5532,102.3196003,204.6391704,0
5533,102.3196003,204.6391704,0
5534,102.3196003,204.6391704,0
5535,102.3196003,204.6391704,0
5536,102.3196003,204.6391704,0
5537,102.3196003,204.6391704,0
5538,102.3196003,204.6391704,0
5539,102.3196003,204.6391704,0
5540,102.3196003,204.6391704,0
5541,102.3196003,204.6391704,0
5542,102.3196003,204.6391704,0
5543,102.3196003,204.6391704,0
5544,102.3196003,204.6391704,0
5545,102.3196003,204.6391704,0
5546,102.3196003,204.6391704,0
5547,102.3196003,201.7969597,0
5548,102.3196003,201.7969597,0
5549,102.3196003,201.7969597,0
5550,102.3196003,201.7969597,0
5551,102.3196003,201.7969597,0
5552,102.3196003,201.7969597,0
5553,102.3196003,201.7969597,0
5554,102.3196003,201.7969597,0
5555,102.3196003,204.6391704,0
5556,102.3196003,204.6391704,0
5557,102.3196003,204.6391704,0
5558,102.3196003,204.6391704,0
5559,102.3196003,204.6391704,0
5560,102.3196003,204.6391704,0
5561,102.3196003,204.6391704,0
5562,102.3196003,204.6391704,0
5563,102.3196003,204.6391704,0
5564,102.3196003,204.6391704,0
5565,102.3196003,204.6391704,0
5566,102.3196003,204.6391704,0
5567,102.3196003,204.6391704,0
5568,102.3196003,204.6391704,0
5569,102.3196003,204.6391704,0
5570,102.3196003,204.6391704,0
5571,102.3196003,204.6391704,0
5572,102.3196003,204.6391704,0
5573,102.3196002,204.6391704,0
5574,102.3196002,204.6391704,0
5575,102.3196002,204.6391704,0
5576,102.3196002,204.6391704,0
5577,102.3196002,204.6391704,0
5578,102.3196002,204.6391704,0
5579,102.3196002,204.6391704,0
5580,102.3196002,204.6391704,0
5581,102.3196002,204.6391704,0
5582,102.3196002,204.6391704,0
5583,102.3196002,204.6391704,0
5584,102.3196002,204.6391704,0
5585,102.3196002,204.6391704,0
5586,102.3196002,204.6391704,0
5587,102.3196002,204.6391704,0
5588,102.3196002,204.6391704,0
5589,102.3196002,204.6391704,0
5590,102.3196002,204.6391704,0
5591,102.3196002,204.6391704,0
5592,102.3196002,204.6391704,0
5593,102.3196002,204.6391704,0
5594,102.3196002,204.6391704,0
5595,102.3196002,204.6391704,0
5596,102.3196002,204.6391704,0
5597,102.3196002,204.6391704,0
5598,102.3196002,204.6391704,0
5599,99.47738921,204.6391704,0
5600,99.47738921,204.6391704,0
5601,99.47738921,204.6391704,0
5602,99.47738921,204.6391704,0
5603,99.47738921,204.6391704,0
5604,99.47738921,204.6391704,0
5605,99.47738921,204.6391704,0
5606,99.47738921,204.6391704,0
5607,99.47738921,204.6391704,0
5608,99.47738913,204.6391704,0
5609,99.47738913,204.6391704,0
5610,99.47738913,204.6391704,0
5611,99.47738913,204.6391704,0
5612,99.47738913,204.6391704,0
5613,102.3196002,204.6391704,0
5614,102.3196002,204.6391704,0
5615,102.3196002,204.6391704,0
5616,102.3196002,204.6391704,0
5617,102.3196002,204.6391704,0
5618,102.3196002,204.6391704,0
5619,102.3196002,204.6391704,0
5620,102.3196002,204.6391704,0
5621,102.3196002,204.6391704,0
5622,102.3196002,204.6391704,0
5623,102.3196002,204.6391704,0
5624,102.3196002,204.6391704,0
5625,102.3196002,204.6391704,0
5626,102.3196002,204.6391704,0
5627,102.3196002,204.6391704,0
5628,102.3196002,204.6391704,0
5629,102.3196002,204.6391704,0
5630,102.3196002,201.7969597,0
5631,102.3196002,201.7969597,0
5632,102.3196002,201.7969597,0
5633,102.3196002,201.7969597,0
5634,102.3196002,201.7969597,0
5635,102.3196002,201.7969597,0
5636,102.3196002,201.7969597,0
5637,102.3196002,201.7969597,0
5638,102.3196002,201.7969597,0
5639,102.3196002,201.7969597,0
5640,102.3196002,201.7969597,0
5641,102.3196002,201.7969597,0
5642,102.3196002,201.7969597,0
5643,102.3196002,201.7969597,0
5644,102.3196002,201.7969597,0
5645,102.3196002,201.7969597,0
5646,102.3196002,201.7969597,0
5647,102.3196002,204.6391704,0
5648,102.3196002,204.6391704,0
5649,102.3196002,204.6391704,0
5650,102.3196002,204.6391704,0
5651,102.3196002,204.6391704,0
5652,102.3196002,204.6391704,0
5653,102.3196002,204.6391704,0
5654,102.3196002,204.6391704,0
5655,102.3196002,204.6391704,0
5656,102.3196002,204.6391704,0
5657,102.3196002,204.6391704,0
5658,102.3196002,204.6391704,0
5659,102.3196002,204.6391704,0
5660,102.3196002,204.6391704,0
5661,102.3196002,204.6391704,0
5662,102.3196002,204.6391704,0
5663,102.3196002,204.6391704,0
5664,102.3196002,204.6391704,0
5665,102.3196002,204.6391704,0
5666,102.3196002,204.6391704,0
5667,102.3196002,204.6391704,0
5668,102.3196002,204.6391704,0
5669,102.3196002,204.6391704,0
5670,102.3196002,204.6391704,0
5671,99.47738913,204.6391704,0
5672,99.47738913,204.6391704,0
5673,99.47738913,204.6391704,0
5674,99.47738913,204.6391704,0
5675,99.47738913,204.6391704,0
5676,99.47738913,204.6391704,0
5677,99.47738913,204.6391704,0
5678,99.47738913,204.6391704,0
5679,99.47738913,204.6391704,0
5680,99.47738913,204.6391704,0
5681,99.47738913,204.6391704,0
5682,99.47738913,204.6391704,0
5683,99.47738913,204.6391704,0
5684,99.47738913,204.6391704,0
5685,99.47738913,204.6391704,0
5686,99.47738913,204.6391704,0
5687,99.47738913,204.6391704,0
5688,99.47738913,204.6391704,0
5689,99.47738913,204.6391704,0
5690,99.47738913,204.6391704,0
5691,99.47738913,204.6391704,0
5692,99.47738913,204.6391704,0
5693,99.47738913,204.6391704,0
5694,99.47738913,204.6391704,0
5695,99.47738913,204.6391704,0
5696,99.47738913,204.6391704,0
5697,99.47738913,204.6391704,0
5698,99.47738913,204.6391704,0
5699,99.47738913,204.6391704,0
5700,99.47738913,204.6391704,0
5701,99.47738913,204.6391704,0
5702,99.47738913,204.6391704,0
5703,99.47738913,204.6391704,0
5704,99.47738913,204.6391704,0
5705,99.47738913,204.6391704,0
5706,99.47738913,204.6391704,0
5707,99.47738913,204.6391704,0
5708,99.47738913,204.6391704,0
5709,99.47738913,204.6391704,0
5710,99.47738913,204.6391704,0
5711,99.47738913,204.6391704,0
5712,99.47738913,204.6391704,0
5713,99.47738913,204.6391704,0
5714,99.47738913,204.6391704,0
5715,99.47738913,204.6391704,0
5716,99.47738913,204.6391704,0
5717,99.47738913,204.6391704,0
5718,99.47738913,204.6391704,0
5719,99.47738913,204.6391704,0
5720,99.47738913,204.6391704,0
5721,99.47738913,204.6391704,0
5722,99.47738913,204.6391704,0
5723,99.47738913,204.6391704,0
5724,99.47738913,204.6391704,0
5725,99.47738913,204.6391704,0
5726,99.47738913,204.6391704,0
5727,99.47738913,204.6391704,0
5728,99.47738913,204.6391704,0
5729,99.47738913,204.6391704,0
5730,99.47738913,204.6391704,0
5731,99.47738913,204.6391704,0
5732,99.47738913,204.6391704,0
5733,99.47738913,204.6391704,0
5734,99.47738913,204.6391704,0
5735,99.47738913,204.6391704,0
5736,99.47738913,204.6391704,0
5737,99.47738913,204.6391704,0
5738,99.47738913,204.6391704,0
5739,99.47738913,204.6391704,0
5740,99.47738913,204.6391704,0
5741,99.47738913,204.6391704,0
5742,99.47738913,204.6391704,0
5743,99.47738913,204.6391704,0
5744,99.47738913,204.6391704,0
5745,99.47738913,204.6391704,0
5746,99.47738913,204.6391704,0
5747,99.47738913,204.6391704,0
5748,99.47738913,204.6391704,0
5749,99.47738913,204.6391704,0
5750,99.47738913,204.6391704,0
5751,99.47738913,204.6391704,0
5752,99.47738913,204.6391704,0
5753,99.47738913,204.6391704,0
5754,99.47738913,204.6391704,0
5755,99.47738913,204.6391704,0
5756,99.47738913,204.6391704,0
5757,99.47738913,204.6391704,0
5758,99.47738913,204.6391704,0
5759,99.47738913,204.6391704,0
5760,99.47738913,204.6391704,0
5761,99.47738913,204.6391704,0
5762,99.47738913,204.6391704,0
5763,99.47738913,204.6391704,0
5764,99.47738913,204.6391704,0
5765,99.47738913,204.6391704,0
5766,99.47738913,204.6391704,0
5767,99.47738913,204.6391704,0
5768,99.47738913,204.6391704,0
5769,99.47738913,204.6391704,0
5770,99.47738913,204.6391704,0
5771,99.47738913,204.6391704,0
5772,99.47738913,204.6391704,0
5773,99.47738913,204.6391704,0
5774,99.47738913,204.6391704,0
5775,99.47738913,204.6391704,0
5776,99.47738913,204.6391704,0
5777,99.47738913,204.6391704,0
5778,99.47738913,204.6391704,0
5779,99.47738913,204.6391704,0
5780,99.47738913,204.6391704,0
5781,99.47738913,204.6391704,0
5782,99.47738913,204.6391704,0
5783,99.47738913,204.6391704,0
5784,99.47738913,204.6391704,0
5785,99.47738913,204.6391704,0
5786,99.47738913,204.6391704,0
5787,99.47738913,204.6391704,0
5788,99.47738913,204.6391704,0
5789,99.47738913,204.6391704,0
5790,99.47738913,204.6391704,0
5791,99.47738913,204.6391704,0
5792,99.47738913,204.6391704,0
5793,99.47738913,204.6391704,0
5794,99.47738913,204.6391704,0
5795,99.47738913,204.6391704,0
5796,99.47738913,204.6391704,0
5797,99.47738913,204.6391704,0
5798,99.47738913,204.6391704,0
5799,99.47738913,204.6391704,0
5800,99.47738913,204.6391704,0
5801,99.47738913,204.6391704,0
5802,99.47738913,204.6391704,0
5803,99.47738913,204.6391704,0
5804,96.63517794,204.6391704,0
5805,96.63517794,204.6391704,0
5806,96.63517794,204.6391704,0
5807,96.63517794,204.6391704,0
5808,96.63517794,204.6391704,0
5809,96.63517794,204.6391704,0
5810,96.63517794,204.6391704,0
5811,96.63517794,204.6391704,0
5812,96.63517794,204.6391704,0
5813,96.63517794,204.6391704,0
5814,96.63517794,204.6391704,0
5815,96.63517794,204.6391704,0
5816,96.63517794,204.6391704,0
5817,96.63517794,204.6391704,0
5818,96.63517794,204.6391704,0
5819,96.63517794,204.6391704,0
5820,96.63517794,204.6391704,0
5821,96.63517794,204.6391704,0
5822,93.79296696,204.6391704,0
5823,93.79296696,204.6391704,0
5824,93.79296696,204.6391704,0
5825,93.79296696,204.6391704,0
5826,93.79296696,204.6391704,0
5827,93.79296696,204.6391704,0
5828,93.79296696,204.6391704,0
5829,93.79296696,204.6391704,0
5830,99.47738906,204.6391704,0
5831,99.47738906,204.6391704,0
5832,99.47738906,204.6391704,0
5833,99.47738906,204.6391704,0
5834,99.47738906,204.6391704,0
5835,99.47738906,204.6391704,0
5836,99.47738906,204.6391704,0
5837,99.47738906,204.6391704,0
5838,99.47738906,204.6391704,0
5839,99.47738906,204.6391704,0
5840,99.47738906,204.6391704,0
5841,99.47738906,204.6391704,0
5842,99.47738906,204.6391704,0
5843,99.47738906,204.6391704,0
5844,99.47738906,204.6391704,0
5845,99.47738906,204.6391704,0
5846,99.47738906,204.6391704,0
5847,99.47738906,204.6391704,0
5848,99.47738906,204.6391704,0
5849,99.47738906,204.6391704,0
5850,99.47738906,204.6391704,0
5851,99.47738906,204.6391704,0
5852,99.47738906,204.6391704,0
5853,99.47738906,204.6391704,0
5854,99.47738906,204.6391704,0
5855,99.47738906,204.6391704,0
5856,99.47738906,204.6391704,0
5857,99.47738906,204.6391704,0
5858,99.47738906,204.6391704,0
5859,99.47738913,204.6391704,0
5860,99.47738913,204.6391704,0
5861,99.47738913,204.6391704,0
5862,99.47738913,204.6391704,0
5863,99.47738913,204.6391704,0
5864,99.47738913,204.6391704,0
5865,99.47738913,204.6391704,0
5866,99.47738913,204.6391704,0
5867,99.47738913,204.6391704,0
5868,99.47738913,204.6391704,0
5869,99.47738913,204.6391704,0
5870,99.47738913,204.6391704,0
5871,99.47738913,204.6391704,0
5872,99.47738913,204.6391704,0
5873,99.47738913,204.6391704,0
5874,99.47738913,204.6391704,0
5875,99.47738913,201.7969597,0
5876,99.47738913,201.7969597,0
5877,99.47738913,201.7969597,0
5878,99.47738913,201.7969597,0
5879,99.47738913,201.7969597,0
5880,99.47738913,201.7969597,0
5881,99.47738913,201.7969597,0
5882,99.47738913,201.7969597,0
5883,99.47738913,201.7969597,0
5884,99.47738913,201.7969597,0
5885,99.47738921,201.7969597,0
5886,99.47738921,201.7969597,0
5887,99.47738921,201.7969597,0
5888,99.47738921,201.7969597,0
5889,99.47738921,201.7969597,0
5890,99.47738921,201.7969597,0
5891,99.47738921,201.7969597,0
5892,99.47738921,201.7969597,0
5893,99.47738921,201.7969597,0
5894,99.47738921,201.7969597,0
5895,99.47738921,201.7969597,0
5896,99.47738921,201.7969597,0
5897,99.47738921,201.7969597,0
5898,99.47738921,201.7969597,0
5899,99.47738921,201.7969597,0
5900,99.47738921,201.7969597,0
5901,99.47738921,201.7969597,0
5902,99.47738921,201.7969597,0
5903,99.47738921,201.7969597,0
5904,99.47738921,201.7969597,0
5905,99.47738921,201.7969597,0
5906,99.47738921,201.7969597,0
5907,99.47738921,201.7969597,0
5908,99.47738921,201.7969597,0
5909,99.47738921,201.7969597,0
5910,99.47738921,201.7969597,0
5911,99.47738921,201.7969597,0
5912,99.47738921,201.7969597,0
5913,99.47738921,201.7969597,0
5914,99.47738921,201.7969597,0
5915,99.47738921,201.7969597,0
5916,99.47738921,201.7969597,0
5917,99.47738921,201.7969597,0
5918,99.47738921,201.7969597,0
5919,99.47738921,204.6391704,0
5920,99.47738921,204.6391704,0
5921,99.47738921,204.6391704,0
5922,99.47738921,204.6391704,0
5923,99.47738921,204.6391704,0
5924,99.47738921,204.6391704,0
5925,99.47738921,204.6391704,0
5926,99.47738921,204.6391704,0
5927,99.47738921,204.6391704,0
5928,99.47738921,204.6391704,0
5929,99.47738921,204.6391704,0
5930,99.47738921,204.6391704,0
5931,99.47738921,204.6391704,0
5932,99.47738921,204.6391704,0
5933,99.47738921,204.6391704,0
5934,99.47738921,204.6391704,0
5935,99.47738913,204.6391704,0
5936,99.47738913,204.6391704,0
5937,99.47738913,204.6391704,0
5938,99.47738913,204.6391704,0
5939,99.47738913,204.6391704,0
5940,99.47738913,204.6391704,0
5941,99.47738913,204.6391704,0
5942,99.47738913,204.6391704,0
5943,99.47738913,204.6391704,0
5944,99.47738913,204.6391704,0
5945,99.47738913,204.6391704,0
5946,99.47738921,204.6391704,0
5947,99.47738921,204.6391704,0
5948,99.47738921,204.6391704,0
5949,99.47738921,204.6391704,0
5950,99.47738921,204.6391704,0
5951,99.47738921,204.6391704,0
5952,99.47738921,204.6391704,0
5953,99.47738921,204.6391704,0
5954,99.47738921,204.6391704,0
5955,99.47738921,204.6391704,0
5956,99.47738921,204.6391704,0
5957,99.47738921,204.6391704,0
5958,99.47738921,204.6391704,0
5959,99.47738921,204.6391704,0
5960,99.47738921,204.6391704,0
5961,99.47738921,204.6391704,0
5962,99.47738921,204.6391704,0
5963,99.47738921,204.6391704,0
5964,99.47738921,204.6391704,0
5965,99.47738921,204.6391704,0
5966,99.47738921,204.6391704,0
5967,99.47738921,204.6391704,0
5968,99.47738921,204.6391704,0
5969,99.47738921,204.6391704,0
5970,99.47738921,204.6391704,0
5971,99.47738921,204.6391704,0
5972,99.47738921,204.6391704,0
5973,99.47738921,204.6391704,0
5974,99.47738921,204.6391704,0
5975,99.47738921,204.6391704,0
5976,99.47738921,204.6391704,0
5977,99.47738921,204.6391704,0
5978,99.47738921,204.6391704,0
5979,99.47738921,204.6391704,0
5980,99.47738921,204.6391704,0
5981,99.47738921,204.6391704,0
5982,99.47738921,204.6391704,0
5983,99.47738921,204.6391704,0
5984,99.47738921,204.6391704,0
5985,99.47738921,204.6391704,0
5986,99.47738921,204.6391704,0
5987,99.47738921,204.6391704,0
5988,99.47738921,204.6391704,0
5989,99.47738921,204.6391704,0
5990,99.47738921,204.6391704,0
5991,99.47738921,204.6391704,0
5992,99.47738921,204.6391704,0
5993,99.47738921,204.6391704,0
5994,99.47738921,204.6391704,0
5995,99.47738921,204.6391704,0
5996,99.47738921,204.6391704,0
5997,99.47738921,204.6391704,0
5998,99.47738921,204.6391704,0
5999,99.47738921,201.7969597,0
6000,99.47738921,204.6391704,0
6001,99.47738921,204.6391704,0
6002,99.47738921,204.6391704,0
6003,99.47738921,204.6391704,0
6004,99.47738921,204.6391704,0
6005,99.47738921,204.6391704,0
6006,99.47738921,204.6391704,0
6007,99.47738921,204.6391704,0
6008,96.63517801,204.6391704,0
6009,96.63517801,204.6391704,0
6010,96.63517801,204.6391704,0
6011,96.63517801,204.6391704,0
6012,96.63517801,204.6391704,0
6013,96.63517801,204.6391704,0
6014,96.63517801,204.6391704,0
6015,96.63517801,204.6391704,0
6016,96.63517801,204.6391704,0
6017,96.63517801,204.6391704,0
6018,96.63517801,204.6391704,0
6019,96.63517801,204.6391704,0
6020,96.63517801,204.6391704,0
6021,96.63517801,204.6391704,0
6022,96.63517801,204.6391704,0
6023,96.63517801,204.6391704,0
6024,96.63517801,204.6391704,0
6025,96.63517801,204.6391704,0
6026,96.63517801,204.6391704,0
6027,96.63517801,204.6391704,0
6028,96.63517801,204.6391704,0
6029,96.63517801,204.6391704,0
6030,96.63517801,204.6391704,0
6031,96.63517801,204.6391704,0
6032,96.63517801,204.6391704,0
6033,96.63517801,204.6391704,0
6034,96.63517801,204.6391704,0
6035,96.63517801,204.6391704,0
6036,96.63517801,204.6391704,0
6037,96.63517801,204.6391704,0
6038,96.63517801,204.6391704,0
6039,96.63517801,204.6391704,0
6040,96.63517808,204.6391704,0
6041,96.63517808,204.6391704,0
6042,96.63517808,204.6391704,0
6043,99.47738906,204.6391704,0
6044,99.47738906,204.6391704,0
6045,99.47738906,204.6391704,0
6046,99.47738906,204.6391704,0
6047,99.47738906,204.6391704,0
6048,99.47738906,204.6391704,0
6049,99.47738906,204.6391704,0
6050,99.47738906,204.6391704,0
6051,99.47738906,204.6391704,0
6052,99.47738906,204.6391704,0
6053,99.47738906,204.6391704,0
6054,99.47738906,201.7969597,0
6055,99.47738906,201.7969597,0
6056,99.47738906,201.7969597,0
6057,99.47738906,201.7969597,0
6058,99.47738906,201.7969597,0
6059,99.47738906,201.7969597,0
6060,99.47738906,201.7969597,0
6061,99.47738906,201.7969597,0
6062,99.47738906,201.7969597,0
6063,99.47738906,201.7969597,0
6064,99.47738906,201.7969597,0
6065,99.47738906,204.6391704,0
6066,99.47738906,204.6391704,0
6067,99.47738906,204.6391704,0
6068,99.47738906,204.6391704,0
6069,99.47738906,204.6391704,0
6070,99.47738906,204.6391704,0
6071,99.47738906,204.6391704,0
6072,99.47738906,204.6391704,0
6073,99.47738906,204.6391704,0
6074,99.47738906,204.6391704,0
6075,99.47738906,204.6391704,0
6076,99.47738906,204.6391704,0
6077,99.47738906,204.6391704,0
6078,99.47738906,204.6391704,0
6079,99.47738906,204.6391704,0
6080,99.47738906,204.6391704,0
6081,99.47738906,204.6391704,0
6082,99.47738906,204.6391704,0
6083,99.47738906,204.6391704,0
6084,99.47738906,204.6391704,0
6085,99.47738906,204.6391704,0
6086,99.47738906,204.6391704,0
6087,99.47738906,204.6391704,0
6088,99.47738906,204.6391704,0
6089,99.47738906,204.6391704,0
6090,99.47738906,204.6391704,0
6091,99.47738906,204.6391704,0
6092,99.47738906,204.6391704,0
6093,96.63517801,204.6391704,0
6094,96.63517801,204.6391704,0
6095,96.63517801,204.6391704,0
6096,96.63517801,204.6391704,0
6097,96.63517801,204.6391704,0
6098,96.63517801,204.6391704,0
6099,96.63517801,204.6391704,0
6100,96.63517801,204.6391704,0
6101,96.63517801,204.6391704,0
6102,96.63517801,204.6391704,0
6103,96.63517801,204.6391704,0
6104,96.63517801,204.6391704,0
6105,96.63517801,204.6391704,0
6106,96.63517801,204.6391704,0
6107,96.63517801,204.6391704,0
6108,96.63517801,204.6391704,0
6109,99.47738906,204.6391704,0
6110,99.47738906,204.6391704,0
6111,99.47738906,204.6391704,0
6112,99.47738906,204.6391704,0
6113,99.47738906,204.6391704,0
6114,99.47738906,204.6391704,0
6115,99.47738906,204.6391704,0
6116,99.47738906,204.6391704,0
6117,99.47738906,204.6391704,0
6118,99.47738906,204.6391704,0
6119,99.47738906,204.6391704,0
6120,99.47738906,204.6391704,0
6121,99.47738906,204.6391704,0
6122,99.47738906,204.6391704,0
6123,99.47738906,204.6391704,0
6124,99.47738906,204.6391704,0
6125,99.47738906,204.6391704,0
6126,99.47738906,204.6391704,0
6127,99.47738906,204.6391704,0
6128,99.47738906,204.6391704,0
6129,99.47738906,204.6391704,0
6130,99.47738906,204.6391704,0
6131,99.47738906,204.6391704,0
6132,99.47738906,204.6391704,0
6133,99.47738906,204.6391704,0
6134,99.47738906,201.7969597,0
6135,99.47738906,201.7969597,0
6136,99.47738906,201.7969597,0
6137,99.47738906,201.7969597,0
6138,99.47738906,201.7969597,0
6139,99.47738906,201.7969597,0
6140,99.47738906,201.7969597,0
6141,99.47738906,201.7969597,0
6142,99.47738906,201.7969597,0
6143,99.47738906,201.7969597,0
6144,99.47738906,204.6391704,0
6145,99.47738906,204.6391704,0
6146,99.47738906,204.6391704,0
6147,99.47738906,204.6391704,0
6148,99.47738906,204.6391704,0
6149,99.47738906,204.6391704,0
6150,99.47738906,204.6391704,0
6151,99.47738906,204.6391704,0
6152,99.47738906,204.6391704,0
6153,99.47738906,204.6391704,0
6154,99.47738906,204.6391704,0
6155,99.47738906,204.6391704,0
6156,99.47738906,204.6391704,0
6157,99.47738906,204.6391704,0
6158,99.47738906,204.6391704,0
6159,96.63517808,204.6391704,0
6160,96.63517808,204.6391704,0
6161,96.63517808,204.6391704,0
6162,96.63517808,204.6391704,0
6163,96.63517808,204.6391704,0
6164,96.63517808,204.6391704,0
6165,96.63517808,204.6391704,0
6166,96.63517808,204.6391704,0
6167,96.63517808,204.6391704,0
6168,96.63517808,204.6391704,0
6169,96.63517808,204.6391704,0
6170,96.63517808,204.6391704,0
6171,96.63517808,204.6391704,0
6172,96.63517808,204.6391704,0
6173,96.63517808,204.6391704,0
6174,96.63517808,204.6391704,0
6175,96.63517808,204.6391704,0
6176,96.63517808,204.6391704,0
6177,96.63517808,204.6391704,0
6178,96.63517801,204.6391704,0
6179,96.63517801,204.6391704,0
6180,96.63517801,204.6391704,0
6181,96.63517801,204.6391704,0
6182,96.63517801,204.6391704,0
6183,96.63517801,204.6391704,0
6184,96.63517801,204.6391704,0
6185,96.63517801,204.6391704,0
6186,96.63517801,204.6391704,0
6187,96.63517801,204.6391704,0
6188,96.63517801,204.6391704,0
6189,96.63517801,204.6391704,0
6190,96.63517801,204.6391704,0
6191,96.63517801,204.6391704,0
6192,96.63517801,204.6391704,0
6193,96.63517801,204.6391704,0
6194,96.63517801,204.6391704,0
6195,96.63517801,204.6391704,0
6196,96.63517801,204.6391704,0
6197,96.63517801,204.6391704,0
6198,96.63517801,204.6391704,0
6199,96.63517801,204.6391704,0
6200,96.63517801,204.6391704,0
6201,96.63517801,204.6391704,0
6202,96.63517801,204.6391704,0
6203,96.63517801,204.6391704,0
6204,96.63517801,204.6391704,0
6205,96.63517801,204.6391704,0
6206,96.63517801,204.6391704,0
6207,96.63517801,204.6391704,0
6208,96.63517801,204.6391704,0
6209,96.63517801,204.6391704,0
6210,96.63517801,204.6391704,0
6211,96.63517801,204.6391704,0
6212,96.63517794,204.6391704,0
6213,96.63517794,204.6391704,0
6214,96.63517794,204.6391704,0
6215,96.63517794,204.6391704,0
6216,96.63517794,204.6391704,0
6217,96.63517794,204.6391704,0
6218,96.63517794,204.6391704,0
6219,96.63517794,204.6391704,0
6220,96.63517794,204.6391704,0
6221,96.63517801,204.6391704,0
6222,96.63517801,204.6391704,0
6223,96.63517801,204.6391704,0
6224,96.63517801,204.6391704,0
6225,96.63517801,204.6391704,0
6226,96.63517801,204.6391704,0
6227,96.63517801,204.6391704,0
6228,96.63517801,204.6391704,0
6229,96.63517801,204.6391704,0
6230,96.63517801,204.6391704,0
6231,96.63517801,204.6391704,0
6232,96.63517801,204.6391704,0
6233,96.63517801,204.6391704,0
6234,96.63517801,204.6391704,0
6235,96.63517801,204.6391704,0
6236,96.63517801,204.6391704,0
6237,96.63517801,204.6391704,0
6238,96.63517801,204.6391704,0
6239,96.63517801,204.6391704,0
6240,96.63517801,204.6391704,0
6241,96.63517801,204.6391704,0
6242,96.63517801,204.6391704,0
6243,96.63517801,204.6391704,0
6244,96.63517801,204.6391704,0
6245,96.63517801,204.6391704,0
6246,96.63517801,204.6391704,0
6247,96.63517801,204.6391704,0
6248,96.63517801,204.6391704,0
6249,96.63517801,204.6391704,0
6250,96.63517801,204.6391704,0
6251,96.63517801,204.6391704,0
6252,96.63517801,204.6391704,0
6253,96.63517801,204.6391704,0
6254,96.63517801,204.6391704,0
6255,96.63517801,204.6391704,0
6256,96.63517801,204.6391704,0
6257,96.63517801,204.6391704,0
6258,96.63517801,204.6391704,0
6259,96.63517801,204.6391704,0
6260,96.63517801,204.6391704,0
6261,96.63517801,204.6391704,0
6262,96.63517801,204.6391704,0
6263,96.63517801,204.6391704,0
6264,96.63517801,204.6391704,0
6265,96.63517801,204.6391704,0
6266,96.63517801,204.6391704,0
6267,96.63517801,204.6391704,0
6268,96.63517801,204.6391704,0
6269,96.63517801,204.6391704,0
6270,96.63517801,204.6391704,0
6271,96.63517794,204.6391704,0
6272,96.63517794,204.6391704,0
6273,96.63517801,204.6391704,0
6274,96.63517801,204.6391704,0
6275,96.63517801,204.6391704,0
6276,96.63517801,204.6391704,0
6277,96.63517801,204.6391704,0
6278,96.63517801,204.6391704,0
6279,96.63517801,204.6391704,0
6280,96.63517801,204.6391704,0
6281,96.63517801,204.6391704,0
6282,96.63517801,204.6391704,0
6283,96.63517801,204.6391704,0
6284,96.63517801,204.6391704,0
6285,96.63517801,204.6391704,0
6286,96.63517801,204.6391704,0
6287,96.63517801,204.6391704,0
6288,96.63517801,204.6391704,0
6289,96.63517801,204.6391704,0
6290,96.63517801,204.6391704,0
6291,96.63517801,204.6391704,0
6292,96.63517808,204.6391704,0
6293,96.63517808,204.6391704,0
6294,96.63517808,204.6391704,0
6295,96.63517808,204.6391704,0
6296,96.63517808,204.6391704,0
6297,96.63517808,204.6391704,0
6298,96.63517808,204.6391704,0
6299,96.63517808,204.6391704,0
6300,96.63517808,204.6391704,0
6301,96.63517808,204.6391704,0
6302,96.63517808,204.6391704,0
6303,96.63517808,204.6391704,0
6304,96.63517808,204.6391704,0
6305,96.63517808,204.6391704,0
6306,96.63517808,204.6391704,0
6307,96.63517808,204.6391704,0
6308,96.63517808,204.6391704,0
6309,96.63517808,204.6391704,0
6310,96.63517808,204.6391704,0
6311,96.63517808,204.6391704,0
6312,96.63517808,204.6391704,0
6313,96.63517808,204.6391704,0
6314,96.63517808,204.6391704,0
6315,96.63517808,204.6391704,0
6316,96.63517808,204.6391704,0
6317,96.63517808,204.6391704,0
6318,96.63517808,204.6391704,0
6319,96.63517808,204.6391704,0
6320,96.63517808,204.6391704,0
6321,96.63517808,204.6391704,0
6322,96.63517808,204.6391704,0
6323,96.63517808,204.6391704,0
6324,96.63517808,204.6391704,0
6325,96.63517808,204.6391704,0
6326,96.63517808,204.6391704,0
6327,96.63517808,204.6391704,0
6328,96.63517808,204.6391704,0
6329,96.63517808,204.6391704,0
6330,96.63517808,204.6391704,0
6331,96.63517808,204.6391704,0
6332,96.63517808,204.6391704,0
6333,96.63517808,204.6391704,0
6334,96.63517808,204.6391704,0
6335,96.63517808,204.6391704,0
6336,96.63517808,204.6391704,0
6337,96.63517808,204.6391704,0
6338,96.63517808,204.6391704,0
6339,96.63517808,204.6391704,0
6340,96.63517808,204.6391704,0
6341,96.63517808,204.6391704,0
6342,93.79296682,204.6391704,0
6343,93.79296682,204.6391704,0
6344,93.79296682,204.6391704,0
6345,93.79296682,204.6391704,0
6346,93.79296682,204.6391704,0
6347,93.79296682,204.6391704,0
6348,93.79296682,204.6391704,0
6349,93.79296682,204.6391704,0
6350,96.63517801,207.4813811,0
6351,96.63517801,207.4813811,0
6352,96.63517801,207.4813811,0
6353,96.63517808,207.4813811,0
6354,96.63517808,207.4813811,0
6355,96.63517808,207.4813811,0
6356,96.63517808,207.4813811,0
6357,96.63517808,207.4813811,0
6358,96.63517808,207.4813811,0
6359,96.63517808,207.4813811,0
6360,96.63517808,207.4813811,0
6361,96.63517808,207.4813811,0
6362,96.63517808,207.4813811,0
6363,96.63517808,207.4813811,0
6364,96.63517808,207.4813811,0
6365,96.63517808,207.4813811,0
6366,96.63517808,207.4813811,0
6367,96.63517808,207.4813811,0
6368,96.63517808,207.4813811,0
6369,96.63517808,207.4813811,0
6370,96.63517808,207.4813811,0
6371,96.63517808,207.4813811,0
6372,96.63517808,207.4813811,0
6373,96.63517808,207.4813811,0
6374,96.63517808,207.4813811,0
6375,96.63517808,207.4813811,0
6376,96.63517808,207.4813811,0
6377,96.63517808,207.4813811,0
6378,96.63517808,207.4813811,0
6379,96.63517808,207.4813811,0
6380,96.63517808,207.4813811,0
6381,96.63517808,207.4813811,0
6382,96.63517808,207.4813811,0
6383,96.63517808,207.4813811,0
6384,96.63517808,207.4813811,0
6385,96.63517808,207.4813811,0
6386,96.63517808,207.4813811,0
6387,96.63517808,207.4813811,0
6388,96.63517808,207.4813811,0
6389,96.63517808,207.4813811,0
6390,96.63517808,207.4813811,0
6391,96.63517808,207.4813811,0
6392,96.63517808,207.4813811,0
6393,96.63517808,207.4813811,0
6394,96.63517808,207.4813811,0
6395,96.63517808,207.4813811,0
6396,96.63517808,207.4813811,0
6397,96.63517808,207.4813811,0
6398,96.63517808,207.4813811,0
6399,96.63517808,207.4813811,0
6400,96.63517808,204.6391704,0
6401,96.63517808,204.6391704,0
6402,96.63517808,204.6391704,0
6403,96.63517801,204.6391704,0
6404,96.63517801,204.6391704,0
6405,96.63517801,204.6391704,0
6406,96.63517801,204.6391704,0
6407,96.63517801,204.6391704,0
6408,96.63517801,204.6391704,0
6409,96.63517801,204.6391704,0
6410,96.63517801,204.6391704,0
6411,96.63517801,204.6391704,0
6412,96.63517801,204.6391704,0
6413,96.63517801,204.6391704,0
6414,96.63517801,204.6391704,0
6415,96.63517801,204.6391704,0
6416,96.63517801,204.6391704,0
6417,96.63517801,204.6391704,0
6418,96.63517801,204.6391704,0
6419,96.63517801,204.6391704,0
6420,93.79296696,204.6391704,0
6421,93.79296696,204.6391704,0
6422,93.79296696,204.6391704,0
6423,99.47738913,204.6391704,0
6424,99.47738913,204.6391704,0
6425,99.47738913,204.6391704,0
6426,99.47738913,204.6391704,0
6427,99.47738913,204.6391704,0
6428,99.47738913,204.6391704,0
6429,99.47738913,204.6391704,0
6430,99.47738913,204.6391704,0
6431,99.47738913,207.4813811,0
6432,99.47738913,207.4813811,0
6433,99.47738913,207.4813811,0
6434,99.47738913,207.4813811,0
6435,99.47738913,207.4813811,0
6436,99.47738913,207.4813811,0
6437,99.47738913,207.4813811,0
6438,99.47738913,207.4813811,0
6439,99.47738913,207.4813811,0
6440,99.47738913,207.4813811,0
6441,99.47738913,207.4813811,0
6442,99.47738913,207.4813811,0
6443,99.47738913,207.4813811,0
6444,99.47738913,207.4813811,0
6445,99.47738913,207.4813811,0
6446,99.47738913,207.4813811,0
6447,99.47738913,207.4813811,0
6448,99.47738913,207.4813811,0
6449,99.47738913,207.4813811,0
6450,99.47738913,207.4813811,0
6451,99.47738913,207.4813811,0
6452,99.47738913,207.4813811,0
6453,99.47738913,207.4813811,0
6454,99.47738913,207.4813811,0
6455,99.47738913,207.4813811,0
6456,99.47738913,207.4813811,0
6457,99.47738913,207.4813811,0
6458,99.47738913,207.4813811,0
6459,99.47738913,207.4813811,0
6460,99.47738913,207.4813811,0
6461,99.47738913,207.4813811,0
6462,99.47738913,207.4813811,0
6463,99.47738913,207.4813811,0
6464,99.47738913,207.4813811,0
6465,99.47738913,207.4813811,0
6466,99.47738921,207.4813811,0
6467,99.47738921,207.4813811,0
6468,99.47738921,207.4813811,0
6469,99.47738921,207.4813811,0
6470,99.47738921,207.4813811,0
6471,99.47738921,207.4813811,0
6472,99.47738921,207.4813811,0
6473,99.47738921,207.4813811,0
6474,99.47738921,207.4813811,0
6475,99.47738921,207.4813811,0
6476,99.47738921,207.4813811,0
6477,99.47738921,207.4813811,0
6478,99.47738921,207.4813811,0
6479,99.47738921,207.4813811,0
6480,99.47738921,207.4813811,0
6481,99.47738921,204.6391704,0
6482,99.47738921,204.6391704,0
6483,99.47738921,204.6391704,0
6484,99.47738921,204.6391704,0
6485,99.47738921,204.6391704,0
6486,99.47738921,204.6391704,0
6487,99.47738921,204.6391704,0
6488,99.47738921,204.6391704,0
6489,99.47738921,204.6391704,0
6490,99.47738921,204.6391704,0
6491,99.47738921,204.6391704,0
6492,99.47738921,204.6391704,0
6493,99.47738921,204.6391704,0
6494,99.47738921,204.6391704,0
6495,99.47738921,204.6391704,0
6496,99.47738921,204.6391704,0
6497,99.47738921,204.6391704,0
6498,99.47738921,204.6391704,0
6499,99.47738921,204.6391704,0
6500,99.47738921,204.6391704,0
6501,99.47738921,204.6391704,0
6502,99.47738921,204.6391704,0
6503,99.47738921,204.6391704,0
6504,99.47738921,204.6391704,0
6505,99.47738921,204.6391704,0
6506,99.47738921,204.6391704,0
6507,99.47738921,204.6391704,0
6508,99.47738921,204.6391704,0
6509,99.47738921,204.6391704,0
6510,99.47738921,204.6391704,0
6511,99.47738921,204.6391704,0
6512,99.47738921,204.6391704,0
6513,99.47738921,204.6391704,0
6514,99.47738921,204.6391704,0
6515,99.47738921,204.6391704,0
6516,99.47738913,204.6391704,0
6517,102.3196003,204.6391704,0
6518,102.3196003,204.6391704,0
6519,102.3196003,204.6391704,0
6520,102.3196003,204.6391704,0
6521,102.3196003,204.6391704,0
6522,102.3196003,204.6391704,0
6523,102.3196003,204.6391704,0
6524,102.3196003,204.6391704,0
6525,102.3196003,204.6391704,0
6526,102.3196003,204.6391704,0
6527,102.3196003,204.6391704,0
6528,102.3196003,204.6391704,0
6529,102.3196003,204.6391704,0
6530,102.3196003,204.6391704,0
6531,102.3196003,204.6391704,0
6532,102.3196003,204.6391704,0
6533,102.3196003,204.6391704,0
6534,102.3196003,204.6391704,0
6535,102.3196003,204.6391704,0
6536,102.3196003,204.6391704,0
6537,102.3196003,204.6391704,0
6538,102.3196003,204.6391704,0
6539,102.3196003,204.6391704,0
6540,102.3196003,204.6391704,0
6541,102.3196003,204.6391704,0
6542,102.3196003,207.4813811,0
6543,102.3196003,207.4813811,0
6544,102.3196003,207.4813811,0
6545,102.3196003,207.4813811,0
6546,102.3196003,207.4813811,0
6547,102.3196003,207.4813811,0
6548,102.3196003,207.4813811,0
6549,102.3196003,207.4813811,0
6550,102.3196003,207.4813811,0
6551,102.3196003,207.4813811,0
6552,102.3196003,207.4813811,0
6553,102.3196003,207.4813811,0
6554,102.3196003,207.4813811,0
6555,102.3196003,207.4813811,0
6556,102.3196003,207.4813811,0
6557,102.3196003,207.4813811,0
6558,102.3196003,207.4813811,0
6559,102.3196003,207.4813811,0
6560,102.3196003,207.4813811,0
6561,102.3196003,207.4813811,0
6562,102.3196003,207.4813811,0
6563,102.3196003,207.4813811,0
6564,102.3196003,207.4813811,0
6565,102.3196003,207.4813811,0
6566,102.3196003,207.4813811,0
6567,102.3196003,207.4813811,0
6568,102.3196003,207.4813811,0
6569,102.3196003,207.4813811,0
6570,102.3196003,207.4813811,0
6571,102.3196003,207.4813811,0
6572,102.3196003,207.4813811,0
6573,102.3196003,207.4813811,0
6574,102.3196003,207.4813811,0
6575,102.3196003,207.4813811,0
6576,102.3196003,207.4813811,0
6577,102.3196003,207.4813811,0
6578,102.3196003,207.4813811,0
6579,102.3196003,207.4813811,0
6580,102.3196003,207.4813811,0
6581,102.3196003,207.4813811,0
6582,102.3196003,207.4813811,0
6583,102.3196003,207.4813811,0
6584,102.3196003,207.4813811,0
6585,102.3196003,207.4813811,0
6586,102.3196003,207.4813811,0
6587,102.3196003,207.4813811,0
6588,102.3196003,207.4813811,0
6589,102.3196003,207.4813811,0
6590,105.1618113,207.4813811,0
6591,105.1618115,207.4813811,0
6592,105.1618115,204.6391704,0
6593,105.1618115,204.6391704,0
6594,105.1618115,201.7969597,0
6595,105.1618115,204.6391704,0
6596,105.1618115,204.6391704,0
6597,105.1618115,204.6391704,0
6598,105.1618115,204.6391704,0
6599,105.1618115,204.6391704,0
6600,105.1618115,204.6391704,0
6601,105.1618115,204.6391704,0
6602,105.1618115,204.6391704,0
6603,105.1618115,204.6391704,0
6604,105.1618115,204.6391704,0
6605,105.1618115,204.6391704,0
6606,105.1618115,204.6391704,0
6607,105.1618115,204.6391704,0
6608,105.1618115,204.6391704,0
6609,105.1618115,204.6391704,0
6610,105.1618115,204.6391704,0
6611,105.1618115,204.6391704,0
6612,105.1618115,204.6391704,0
6613,105.1618115,204.6391704,0
6614,105.1618115,204.6391704,0
6615,105.1618115,204.6391704,0
6616,105.1618115,204.6391704,0
6617,105.1618115,204.6391704,0
6618,105.1618115,204.6391704,0
6619,105.1618115,204.6391704,0
6620,105.1618115,204.6391704,0
6621,105.1618115,204.6391704,0
6622,105.1618115,204.6391704,0
6623,105.1618115,204.6391704,0
6624,105.1618115,204.6391704,0
6625,105.1618115,204.6391704,0
6626,105.1618115,204.6391704,0
6627,105.1618115,204.6391704,0
6628,105.1618115,204.6391704,0
6629,105.1618115,204.6391704,0
6630,105.1618115,204.6391704,0
6631,105.1618115,204.6391704,0
6632,105.1618115,204.6391704,0
6633,105.1618115,204.6391704,0
6634,105.1618115,204.6391704,0
6635,105.1618115,204.6391704,0
6636,105.1618115,204.6391704,0
6637,105.1618115,204.6391704,0
6638,105.1618115,204.6391704,0
6639,105.1618115,204.6391704,0
6640,105.1618115,204.6391704,0
6641,105.1618114,204.6391704,0
6642,105.1618115,204.6391704,0
6643,105.1618115,204.6391704,0
6644,105.1618115,204.6391704,0
6645,105.1618115,204.6391704,0
6646,105.1618115,204.6391704,0
6647,105.1618115,204.6391704,0
6648,105.1618115,204.6391704,0
6649,105.1618115,204.6391704,0
6650,105.1618115,204.6391704,0
6651,105.1618115,204.6391704,0
6652,105.1618115,204.6391704,0
6653,105.1618115,204.6391704,0
6654,105.1618115,204.6391704,0
6655,105.1618115,204.6391704,0
6656,105.1618115,204.6391704,0
6657,105.1618115,204.6391704,0
6658,105.1618115,204.6391704,0
6659,105.1618115,204.6391704,0
6660,105.1618115,204.6391704,0
6661,105.1618115,204.6391704,0
6662,105.1618115,204.6391704,0
6663,105.1618115,204.6391704,0
6664,105.1618115,204.6391704,0
6665,105.1618115,204.6391704,0
6666,105.1618115,204.6391704,0
6667,105.1618115,204.6391704,0
6668,105.1618115,204.6391704,0
6669,105.1618115,204.6391704,0
6670,105.1618115,204.6391704,0
6671,105.1618115,204.6391704,0
6672,105.1618115,204.6391704,0
6673,105.1618115,204.6391704,0
6674,105.1618115,204.6391704,0
6675,105.1618115,204.6391704,0
6676,105.1618115,204.6391704,0
6677,105.1618115,204.6391704,0
6678,105.1618115,204.6391704,0
6679,105.1618115,204.6391704,0
6680,105.1618115,204.6391704,0
6681,105.1618115,204.6391704,0
6682,105.1618115,204.6391704,0
6683,105.1618115,204.6391704,0
6684,105.1618115,204.6391704,0
6685,108.0040226,204.6391704,0
6686,108.0040226,204.6391704,0
6687,108.0040226,204.6391704,0
6688,108.0040226,204.6391704,0
6689,108.0040226,204.6391704,0
6690,108.0040226,204.6391704,0
6691,108.0040226,204.6391704,0
6692,108.0040226,204.6391704,0
6693,108.0040226,204.6391704,0
6694,108.0040226,204.6391704,0
6695,108.0040226,204.6391704,0
6696,108.0040226,204.6391704,0
6697,108.0040226,204.6391704,0
6698,108.0040226,204.6391704,0
6699,108.0040226,204.6391704,0
6700,108.0040226,204.6391704,0
6701,108.0040226,204.6391704,0
6702,108.0040226,204.6391704,0
6703,108.0040226,204.6391704,0
6704,108.0040226,201.7969597,0
6705,108.0040226,201.7969597,0
6706,108.0040226,201.7969597,0
6707,108.0040226,201.7969597,0
6708,108.0040226,204.6391704,0
6709,108.0040226,204.6391704,0
6710,108.0040226,204.6391704,0
6711,108.0040226,204.6391704,0
6712,108.0040226,204.6391704,0
6713,108.0040226,204.6391704,0
6714,108.0040226,204.6391704,0
6715,108.0040226,204.6391704,0
6716,108.0040226,204.6391704,0
6717,108.0040226,204.6391704,0
6718,108.0040226,204.6391704,0
6719,108.0040226,204.6391704,0
6720,108.0040226,204.6391704,0
6721,108.0040226,204.6391704,0
6722,108.0040226,204.6391704,0
6723,108.0040226,204.6391704,0
6724,108.0040226,204.6391704,0
6725,108.0040226,204.6391704,0
6726,108.0040226,204.6391704,0
6727,108.0040226,204.6391704,0
6728,108.0040226,204.6391704,0
6729,108.0040226,204.6391704,0
6730,108.0040226,204.6391704,0
6731,108.0040226,204.6391704,0
6732,108.0040226,204.6391704,0
6733,108.0040226,204.6391704,0
6734,108.0040226,204.6391704,0
6735,105.1618113,204.6391704,0
6736,105.1618113,204.6391704,0
6737,105.1618113,204.6391704,0
6738,105.1618113,204.6391704,0
6739,105.1618113,204.6391704,0
6740,105.1618113,204.6391704,0
6741,105.1618113,204.6391704,0
6742,105.1618113,204.6391704,0
6743,105.1618113,204.6391704,0
6744,105.1618113,204.6391704,0
6745,105.1618113,204.6391704,0
6746,105.1618113,204.6391704,0
6747,105.1618113,204.6391704,0
6748,105.1618113,204.6391704,0
6749,105.1618113,204.6391704,0
6750,105.1618113,204.6391704,0
6751,105.1618113,204.6391704,0
6752,105.1618113,204.6391704,0
6753,105.1618113,204.6391704,0
6754,105.1618113,204.6391704,0
6755,105.1618113,204.6391704,0
6756,105.1618113,204.6391704,0
6757,105.1618115,204.6391704,0
6758,105.1618115,204.6391704,0
6759,105.1618115,204.6391704,0
6760,105.1618115,204.6391704,0
6761,105.1618115,204.6391704,0
6762,105.1618115,204.6391704,0
6763,105.1618115,204.6391704,0
6764,105.1618115,204.6391704,0
6765,105.1618115,204.6391704,0
6766,105.1618115,204.6391704,0
6767,105.1618115,204.6391704,0
6768,105.1618115,204.6391704,0
6769,105.1618115,204.6391704,0
6770,105.1618115,204.6391704,0
6771,105.1618115,204.6391704,0
6772,105.1618115,204.6391704,0
6773,105.1618115,204.6391704,0
6774,105.1618115,204.6391704,0
6775,105.1618115,204.6391704,0
6776,105.1618115,204.6391704,0
6777,105.1618115,204.6391704,0
6778,105.1618115,204.6391704,0
6779,105.1618115,204.6391704,0
6780,105.1618115,204.6391704,0
6781,105.1618115,204.6391704,0
6782,105.1618115,204.6391704,0
6783,105.1618115,204.6391704,0
6784,105.1618115,204.6391704,0
6785,105.1618115,204.6391704,0
6786,105.1618115,204.6391704,0
6787,105.1618115,204.6391704,0
6788,105.1618115,204.6391704,0
6789,105.1618115,204.6391704,0
6790,105.1618115,204.6391704,0
6791,105.1618115,204.6391704,0
6792,105.1618115,204.6391704,0
6793,105.1618115,204.6391704,0
6794,105.1618115,204.6391704,0
6795,105.1618115,204.6391704,0
6796,105.1618115,204.6391704,0
6797,105.1618115,204.6391704,0
6798,105.1618115,204.6391704,0
6799,105.1618115,204.6391704,0
6800,105.1618115,204.6391704,0
6801,105.1618115,204.6391704,0
6802,105.1618115,204.6391704,0
6803,105.1618115,204.6391704,0
6804,105.1618115,204.6391704,0
6805,105.1618115,204.6391704,0
6806,105.1618115,204.6391704,0
6807,105.1618113,204.6391704,0
6808,105.1618113,204.6391704,0
6809,108.0040225,204.6391704,0
6810,108.0040225,204.6391704,0
6811,108.0040225,204.6391704,0
6812,108.0040225,204.6391704,0
6813,108.0040225,204.6391704,0
6814,108.0040225,204.6391704,0
6815,108.0040225,204.6391704,0
6816,108.0040225,204.6391704,0
6817,108.0040225,204.6391704,0
6818,108.0040225,204.6391704,0
6819,108.0040225,204.6391704,0
6820,108.0040225,204.6391704,0
6821,108.0040225,204.6391704,0
6822,108.0040225,204.6391704,0
6823,108.0040225,204.6391704,0
6824,108.0040225,204.6391704,0
6825,108.0040225,204.6391704,0
6826,108.0040225,204.6391704,0
6827,108.0040225,204.6391704,0
6828,108.0040225,204.6391704,0
6829,108.0040225,204.6391704,0
6830,108.0040225,204.6391704,0
6831,108.0040225,204.6391704,0
6832,108.0040225,204.6391704,0
6833,108.0040225,204.6391704,0
6834,108.0040225,204.6391704,0
6835,108.0040225,204.6391704,0
6836,108.0040225,204.6391704,0
6837,108.0040225,204.6391704,0
6838,108.0040225,204.6391704,0
6839,108.0040225,204.6391704,0
6840,108.0040225,204.6391704,0
6841,108.0040225,204.6391704,0
6842,108.0040225,204.6391704,0
6843,108.0040225,204.6391704,0
6844,108.0040225,204.6391704,0
6845,108.0040225,204.6391704,0
6846,108.0040225,204.6391704,0
6847,108.0040225,204.6391704,0
6848,108.0040225,204.6391704,0
6849,108.0040225,204.6391704,0
6850,108.0040225,204.6391704,0
6851,108.0040225,204.6391704,0
6852,108.0040225,204.6391704,0
6853,108.0040225,204.6391704,0
6854,108.0040225,204.6391704,0
6855,108.0040225,204.6391704,0
6856,108.0040225,204.6391704,0
6857,108.0040225,204.6391704,0
6858,108.0040225,204.6391704,0
6859,108.0040225,204.6391704,0
6860,108.0040225,204.6391704,0
6861,108.0040225,204.6391704,0
6862,108.0040225,204.6391704,0
6863,108.0040225,204.6391704,0
6864,108.0040225,204.6391704,0
6865,108.0040225,204.6391704,0
6866,108.0040225,204.6391704,0
6867,108.0040225,204.6391704,0
6868,108.0040225,204.6391704,0
6869,108.0040225,204.6391704,0
6870,108.0040225,204.6391704,0
6871,108.0040225,204.6391704,0
6872,108.0040225,204.6391704,0
6873,108.0040225,204.6391704,0
6874,108.0040225,204.6391704,0
6875,108.0040225,204.6391704,0
6876,108.0040225,204.6391704,0
6877,108.0040225,204.6391704,0
6878,108.0040225,204.6391704,0
6879,108.0040225,204.6391704,0
6880,108.0040225,204.6391704,0
6881,108.0040225,204.6391704,0
6882,108.0040225,204.6391704,0
6883,108.0040225,204.6391704,0
6884,108.0040225,204.6391704,0
6885,108.0040225,204.6391704,0
6886,108.0040225,204.6391704,0
6887,108.0040225,204.6391704,0
6888,108.0040225,204.6391704,0
6889,108.0040225,204.6391704,0
6890,108.0040225,204.6391704,0
6891,108.0040225,204.6391704,0
6892,108.0040225,204.6391704,0
6893,108.0040225,204.6391704,0
6894,108.0040225,204.6391704,0
6895,108.0040225,204.6391704,0
6896,108.0040225,204.6391704,0
6897,108.0040225,204.6391704,0
6898,108.0040225,204.6391704,0
6899,108.0040225,204.6391704,0
6900,108.0040225,204.6391704,0
6901,108.0040225,204.6391704,0
6902,108.0040225,204.6391704,0
6903,108.0040225,204.6391704,0
6904,105.1618115,204.6391704,0
6905,105.1618115,204.6391704,0
6906,105.1618115,204.6391704,0
6907,105.1618115,204.6391704,0
6908,105.1618114,204.6391704,0
6909,105.1618114,204.6391704,0
6910,105.1618114,204.6391704,0
6911,105.1618114,204.6391704,0
6912,105.1618114,204.6391704,0
6913,105.1618114,204.6391704,0
6914,105.1618114,204.6391704,0
6915,105.1618114,204.6391704,0
6916,105.1618114,204.6391704,0
6917,105.1618114,204.6391704,0
6918,105.1618114,204.6391704,0
6919,105.1618114,204.6391704,0
6920,102.3196003,204.6391704,0
6921,102.3196003,204.6391704,0
6922,102.3196003,207.4813811,0
6923,102.3196003,207.4813811,0
6924,102.3196003,207.4813811,0
6925,102.3196003,207.4813811,0
6926,102.3196003,207.4813811,0
6927,102.3196003,207.4813811,0
6928,102.3196003,207.4813811,0
6929,102.3196003,207.4813811,0
6930,102.3196003,207.4813811,0
6931,102.3196003,207.4813811,0
6932,102.3196003,207.4813811,0
6933,102.3196003,207.4813811,0
6934,102.3196003,207.4813811,0
6935,102.3196003,207.4813811,0
6936,102.3196003,207.4813811,0
6937,102.3196003,207.4813811,0
6938,102.3196003,207.4813811,0
6939,108.0040225,207.4813811,0
6940,108.0040225,207.4813811,0
6941,108.0040225,207.4813811,0
6942,108.0040225,207.4813811,0
6943,108.0040225,207.4813811,0
6944,108.0040225,207.4813811,0
6945,108.0040225,207.4813811,0
6946,108.0040225,207.4813811,0
6947,108.0040225,207.4813811,0
6948,108.0040225,207.4813811,0
6949,108.0040225,207.4813811,0
6950,108.0040225,207.4813811,0
6951,108.0040225,207.4813811,0
6952,108.0040225,207.4813811,0
6953,108.0040225,207.4813811,0
6954,108.0040225,207.4813811,0
6955,108.0040225,207.4813811,0
6956,108.0040225,207.4813811,0
6957,108.0040225,207.4813811,0
6958,108.0040225,207.4813811,0
6959,108.0040225,207.4813811,0
6960,108.0040225,207.4813811,0
6961,108.0040225,207.4813811,0
6962,108.0040225,207.4813811,0
6963,108.0040225,207.4813811,0
6964,108.0040225,207.4813811,0
6965,108.0040225,207.4813811,0
6966,108.0040225,207.4813811,0
6967,108.0040225,207.4813811,0
6968,108.0040225,207.4813811,0
6969,108.0040225,207.4813811,0
6970,108.0040225,207.4813811,0
6971,108.0040225,207.4813811,0
6972,108.0040225,207.4813811,0
6973,108.0040225,207.4813811,0
6974,108.0040225,207.4813811,0
6975,108.0040225,207.4813811,0
6976,108.0040225,207.4813811,0
6977,108.0040225,207.4813811,0
6978,108.0040225,207.4813811,0
6979,108.0040225,207.4813811,0
6980,108.0040225,207.4813811,0
6981,108.0040225,207.4813811,0
6982,108.0040225,207.4813811,0
6983,108.0040225,207.4813811,0
6984,108.0040225,207.4813811,0
6985,108.0040225,207.4813811,0
6986,108.0040225,207.4813811,0
6987,108.0040225,207.4813811,0
6988,108.0040225,207.4813811,0
6989,108.0040225,207.4813811,0
6990,108.0040225,207.4813811,0
6991,108.0040225,207.4813811,0
6992,108.0040225,207.4813811,0
6993,108.0040225,207.4813811,0
6994,108.0040225,207.4813811,0
6995,108.0040225,207.4813811,0
6996,108.0040225,207.4813811,0
6997,108.0040225,207.4813811,0
6998,108.0040225,207.4813811,0
6999,108.0040225,207.4813811,0
7000,108.0040225,207.4813811,0
7001,108.0040225,207.4813811,0
7002,108.0040225,207.4813811,0
7003,108.0040225,207.4813811,0
7004,108.0040225,207.4813811,0
7005,108.0040225,207.4813811,0
7006,108.0040225,207.4813811,0
7007,108.0040225,207.4813811,0
7008,108.0040225,207.4813811,0
7009,108.0040225,207.4813811,0
7010,108.0040225,207.4813811,0
7011,108.0040225,207.4813811,0
7012,108.0040225,207.4813811,0
7013,108.0040225,207.4813811,0
7014,108.0040225,207.4813811,0
7015,108.0040225,207.4813811,0
7016,108.0040225,207.4813811,0
7017,108.0040225,207.4813811,0
7018,108.0040225,207.4813811,0
7019,108.0040225,207.4813811,0
7020,108.0040225,207.4813811,0
7021,108.0040225,207.4813811,0
7022,108.0040225,207.4813811,0
7023,108.0040225,207.4813811,0
7024,108.0040225,207.4813811,0
7025,108.0040225,207.4813811,0
7026,108.0040225,207.4813811,0
7027,108.0040225,207.4813811,0
7028,108.0040225,207.4813811,0
7029,108.0040225,207.4813811,0
7030,108.0040225,207.4813811,0
7031,108.0040225,207.4813811,0
7032,108.0040225,207.4813811,0
7033,108.0040225,207.4813811,0
7034,110.8462335,207.4813811,0
7035,110.8462335,207.4813811,0
7036,110.8462335,207.4813811,0
7037,110.8462336,207.4813811,0
7038,110.8462336,207.4813811,0
7039,110.8462336,204.6391704,0
7040,110.8462336,204.6391704,0
7041,110.8462336,204.6391704,0
7042,110.8462336,207.4813811,0
7043,110.8462336,207.4813811,0
7044,110.8462336,207.4813811,0
7045,110.8462336,207.4813811,0
7046,110.8462336,207.4813811,0
7047,110.8462336,207.4813811,0
7048,110.8462336,207.4813811,0
7049,110.8462336,207.4813811,0
7050,110.8462336,207.4813811,0
7051,110.8462336,207.4813811,0
7052,110.8462336,207.4813811,0
7053,110.8462336,207.4813811,0
7054,110.8462336,207.4813811,0
7055,110.8462336,207.4813811,0
7056,110.8462336,207.4813811,0
7057,110.8462336,207.4813811,0
7058,110.8462336,207.4813811,0
7059,110.8462336,207.4813811,0
7060,110.8462336,207.4813811,0
7061,110.8462336,207.4813811,0
7062,110.8462336,207.4813811,0
7063,110.8462336,207.4813811,0
7064,110.8462336,207.4813811,0
7065,110.8462336,207.4813811,0
7066,110.8462336,207.4813811,0
7067,110.8462336,207.4813811,0
7068,110.8462336,207.4813811,0
7069,110.8462336,207.4813811,0
7070,110.8462336,207.4813811,0
7071,110.8462336,207.4813811,0
7072,110.8462336,207.4813811,0
7073,110.8462336,207.4813811,0
7074,110.8462336,207.4813811,0
7075,110.8462336,207.4813811,0
7076,110.8462336,207.4813811,0
7077,110.8462336,207.4813811,0
7078,113.6884448,207.4813811,0
7079,113.6884448,207.4813811,0
7080,113.6884448,207.4813811,0
7081,113.6884448,207.4813811,0
7082,113.6884448,207.4813811,0
7083,113.6884448,207.4813811,0
7084,113.6884448,207.4813811,0
7085,113.6884448,207.4813811,0
7086,113.6884448,207.4813811,0
7087,113.6884448,207.4813811,0
7088,113.6884448,207.4813811,0
7089,113.6884448,207.4813811,0
7090,113.6884448,207.4813811,0
7091,113.6884448,207.4813811,0
7092,113.6884448,204.6391704,0
7093,113.6884448,204.6391704,0
7094,113.6884448,204.6391704,0
7095,113.6884448,204.6391704,0
7096,113.6884448,204.6391704,0
7097,113.6884448,204.6391704,0
7098,113.6884448,204.6391704,0
7099,113.6884448,204.6391704,0
7100,113.6884448,204.6391704,0
7101,113.6884448,204.6391704,0
7102,113.6884448,204.6391704,0
7103,113.6884448,204.6391704,0
7104,113.6884448,204.6391704,0
7105,113.6884448,204.6391704,0
7106,113.6884448,204.6391704,0
7107,113.6884448,204.6391704,0
7108,113.6884448,204.6391704,0
7109,113.6884448,204.6391704,0
7110,113.6884448,204.6391704,0
7111,113.6884448,204.6391704,0
7112,113.6884448,204.6391704,0
7113,113.6884448,204.6391704,0
7114,113.6884448,204.6391704,0
7115,113.6884448,204.6391704,0
7116,113.6884448,204.6391704,0
7117,113.6884448,204.6391704,0
7118,113.6884448,204.6391704,0
7119,113.6884448,204.6391704,0
7120,113.6884448,204.6391704,0
7121,113.6884448,204.6391704,0
7122,113.6884448,204.6391704,0
7123,116.5306558,204.6391704,0
7124,116.5306558,204.6391704,0
7125,116.5306558,204.6391704,0
7126,116.5306558,204.6391704,0
7127,116.5306558,204.6391704,0
7128,116.5306558,204.6391704,0
7129,116.5306558,204.6391704,0
7130,116.5306559,204.6391704,0
7131,116.5306559,204.6391704,0
7132,116.5306559,204.6391704,0
7133,116.5306559,204.6391704,0
7134,116.5306559,204.6391704,0
7135,116.5306559,204.6391704,0
7136,116.5306559,204.6391704,0
7137,116.5306559,204.6391704,0
7138,116.5306559,204.6391704,0
7139,116.5306559,204.6391704,0
7140,116.5306559,204.6391704,0
7141,116.5306559,204.6391704,0
7142,116.5306559,204.6391704,0
7143,116.5306559,204.6391704,0
7144,116.5306559,204.6391704,0
7145,116.5306559,204.6391704,0
7146,116.5306559,204.6391704,0
7147,116.5306559,204.6391704,0
7148,116.5306559,204.6391704,0
7149,116.5306559,204.6391704,0
7150,116.5306559,210.3235918,0
7151,116.5306559,210.3235918,0
7152,116.5306559,210.3235918,0
7153,116.5306559,210.3235918,0
7154,116.5306559,210.3235918,0
7155,116.5306559,210.3235918,0
7156,116.5306559,210.3235918,0
7157,116.5306559,210.3235918,0
7158,116.5306559,210.3235918,0
7159,116.5306559,210.3235918,0
7160,116.5306559,210.3235918,0
7161,116.5306559,210.3235918,0
7162,116.5306559,210.3235918,0
7163,116.5306559,210.3235918,0
7164,116.5306559,210.3235918,0
7165,116.5306559,210.3235918,0
7166,116.5306559,210.3235918,0
7167,116.5306559,210.3235918,0
7168,116.5306559,210.3235918,0
7169,116.5306559,210.3235918,0
7170,116.5306559,210.3235918,0
7171,116.5306559,210.3235918,0
7172,116.5306559,210.3235918,0
7173,116.5306559,210.3235918,0
7174,116.5306559,210.3235918,0
7175,116.5306559,210.3235918,0
7176,116.5306559,210.3235918,0
7177,116.5306559,210.3235918,0
7178,116.5306559,210.3235918,0
7179,116.5306559,210.3235918,0
7180,116.5306558,210.3235918,0
7181,116.5306558,210.3235918,0
7182,116.5306558,210.3235918,0
7183,116.5306559,210.3235918,0
7184,116.5306559,210.3235918,0
7185,116.5306559,210.3235918,0
7186,116.5306559,210.3235918,0
7187,116.5306559,210.3235918,0
7188,116.5306559,210.3235918,0
7189,116.5306559,210.3235918,0
7190,116.5306559,210.3235918,0
7191,116.5306559,210.3235918,0
7192,116.5306559,210.3235918,0
7193,116.5306559,210.3235918,0
7194,116.5306559,210.3235918,0
7195,116.5306559,210.3235918,0
7196,116.5306559,210.3235918,0
7197,116.5306559,210.3235918,0
7198,116.5306559,210.3235918,0
7199,116.5306559,210.3235918,0
7200,116.5306559,207.4813811,0
7201,116.5306559,207.4813811,0
7202,116.5306559,207.4813811,0
7203,116.5306559,207.4813811,0
7204,116.5306559,207.4813811,0
7205,116.5306559,207.4813811,0
7206,116.5306559,207.4813811,0
7207,116.5306559,207.4813811,0
7208,116.5306559,207.4813811,0
7209,116.5306559,207.4813811,0
7210,116.5306559,207.4813811,0
7211,116.5306559,207.4813811,0
7212,116.5306559,207.4813811,0
7213,116.5306559,207.4813811,0
7214,116.5306559,207.4813811,0
7215,119.3728669,207.4813811,0
7216,119.3728669,207.4813811,0
7217,119.3728669,207.4813811,0
7218,119.3728669,204.6391704,0
7219,119.3728669,204.6391704,0
7220,122.215078,204.6391704,0
7221,122.215078,204.6391704,0
7222,122.215078,204.6391704,0
7223,122.2150781,204.6391704,0
7224,122.2150781,204.6391704,0
7225,122.2150781,204.6391704,0
7226,122.2150781,204.6391704,0
7227,122.2150781,204.6391704,0
7228,122.2150781,204.6391704,0
7229,122.2150781,204.6391704,0
7230,122.2150781,204.6391704,0
7231,122.2150781,204.6391704,0
7232,122.2150781,204.6391704,0
7233,122.2150781,204.6391704,0
7234,122.2150781,210.3235918,0
7235,122.2150781,210.3235918,0
7236,122.2150781,210.3235918,0
7237,122.2150781,210.3235918,0
7238,122.2150781,210.3235918,0
7239,122.2150781,210.3235918,0
7240,122.2150781,210.3235918,0
7241,122.2150781,210.3235918,0
7242,122.2150781,210.3235918,0
7243,122.2150781,210.3235918,0
7244,122.2150781,210.3235918,0
7245,122.2150781,210.3235918,0
7246,122.2150781,210.3235918,0
7247,122.2150781,210.3235918,0
7248,122.2150781,210.3235918,0
7249,122.2150781,210.3235918,0
7250,122.2150781,210.3235918,0
7251,122.2150781,210.3235918,0
7252,122.2150781,210.3235918,0
7253,122.2150781,210.3235918,0
7254,122.2150781,210.3235918,0
7255,122.2150781,210.3235918,0
7256,122.2150781,210.3235918,0
7257,122.2150781,210.3235918,0
7258,122.2150781,210.3235918,0
7259,122.2150781,210.3235918,0
7260,122.2150781,210.3235918,0
7261,122.2150781,210.3235918,0
7262,122.2150781,210.3235918,0
7263,122.2150781,210.3235918,0
7264,122.2150781,210.3235918,0
7265,122.2150781,210.3235918,0
7266,122.2150781,210.3235918,0
7267,122.2150781,210.3235918,0
7268,122.2150781,210.3235918,0
7269,122.2150781,210.3235918,0
7270,125.0572892,210.3235918,0
7271,125.0572892,210.3235918,0
7272,125.0572892,210.3235918,0
7273,125.0572892,210.3235918,0
7274,125.0572892,210.3235918,0
7275,125.0572892,210.3235918,0
7276,125.0572892,210.3235918,0
7277,125.0572892,210.3235918,0
7278,125.0572892,210.3235918,0
7279,125.0572892,210.3235918,0
7280,125.0572892,210.3235918,0
7281,125.0572892,210.3235918,0
7282,125.0572892,210.3235918,0
7283,125.0572892,210.3235918,0
7284,125.0572892,207.4813811,0
7285,125.0572892,207.4813811,0
7286,125.0572892,207.4813811,0
7287,125.0572892,207.4813811,0
7288,125.0572892,207.4813811,0
7289,125.0572892,207.4813811,0
7290,125.0572892,207.4813811,0
7291,125.0572892,207.4813811,0
7292,125.0572892,207.4813811,0
7293,125.0572893,207.4813811,0
7294,125.0572893,207.4813811,0
7295,125.0572893,207.4813811,0
7296,125.0572893,207.4813811,0
7297,125.0572893,207.4813811,0
7298,125.0572893,207.4813811,0
7299,125.0572893,207.4813811,0
7300,125.0572893,207.4813811,0
7301,125.0572893,207.4813811,0
7302,125.0572893,207.4813811,0
7303,125.0572893,207.4813811,0
7304,125.0572893,207.4813811,0
7305,125.0572893,207.4813811,0
7306,125.0572893,207.4813811,0
7307,125.0572893,207.4813811,0
7308,125.0572893,207.4813811,0
7309,125.0572893,207.4813811,0
7310,125.0572893,207.4813811,0
7311,125.0572893,207.4813811,0
7312,125.0572893,207.4813811,0
7313,125.0572893,207.4813811,0
7314,125.0572893,207.4813811,0
7315,125.0572893,207.4813811,0
7316,125.0572893,207.4813811,0
7317,125.0572893,207.4813811,0
7318,125.0572893,207.4813811,0
7319,125.0572893,207.4813811,0
7320,125.0572893,207.4813811,0
7321,125.0572893,207.4813811,0
7322,125.0572893,207.4813811,0
7323,125.0572893,207.4813811,0
7324,125.0572893,207.4813811,0
7325,125.0572893,207.4813811,0
7326,125.0572893,207.4813811,0
7327,125.0572893,207.4813811,0
7328,125.0572893,207.4813811,0
7329,125.0572893,207.4813811,0
7330,125.0572893,207.4813811,0
7331,125.0572893,207.4813811,0
7332,125.0572893,207.4813811,0
7333,125.0572893,207.4813811,0
7334,125.0572893,207.4813811,0
7335,125.0572893,207.4813811,0
7336,125.0572893,207.4813811,0
7337,125.0572893,207.4813811,0
7338,125.0572893,207.4813811,0
7339,125.0572893,207.4813811,0
7340,125.0572893,207.4813811,0
7341,125.0572893,207.4813811,0
7342,125.0572893,210.3235918,0
7343,122.2150781,210.3235918,0
7344,122.2150781,210.3235918,0
7345,122.2150781,210.3235918,0
7346,127.8995004,210.3235918,0
7347,127.8995004,210.3235918,0
7348,127.8995004,210.3235918,0
7349,127.8995004,210.3235918,0
7350,127.8995004,210.3235918,0
7351,127.8995004,210.3235918,0
7352,127.8995004,210.3235918,0
7353,127.8995004,210.3235918,0
7354,127.8995004,210.3235918,0
7355,127.8995004,210.3235918,0
7356,127.8995004,210.3235918,0
7357,127.8995004,210.3235918,0
7358,127.8995004,210.3235918,0
7359,127.8995004,210.3235918,0
7360,127.8995004,210.3235918,0
7361,127.8995004,210.3235918,0
7362,127.8995004,210.3235918,0
7363,127.8995004,210.3235918,0
7364,127.8995004,210.3235918,0
7365,127.8995004,210.3235918,0
7366,127.8995004,210.3235918,0
7367,127.8995004,210.3235918,0
7368,127.8995004,210.3235918,0
7369,127.8995004,210.3235918,0
7370,127.8995004,210.3235918,0
7371,127.8995004,210.3235918,0
7372,127.8995004,210.3235918,0
7373,127.8995004,210.3235918,0
7374,127.8995004,210.3235918,0
7375,127.8995004,210.3235918,0
7376,127.8995004,210.3235918,0
7377,127.8995004,210.3235918,0
7378,127.8995004,210.3235918,0
7379,127.8995004,210.3235918,0
7380,127.8995004,210.3235918,0
7381,127.8995004,210.3235918,0
7382,127.8995004,210.3235918,0
7383,127.8995004,210.3235918,0
7384,127.8995004,210.3235918,0
7385,127.8995004,210.3235918,0
7386,127.8995004,210.3235918,0
7387,127.8995004,210.3235918,0
7388,130.7417115,210.3235918,0
7389,130.7417115,210.3235918,0
7390,130.7417115,210.3235918,0
7391,130.7417115,210.3235918,0
7392,130.7417115,207.4813811,0
7393,130.7417115,207.4813811,0
7394,130.7417115,207.4813811,0
7395,130.7417115,207.4813811,0
7396,130.7417115,210.3235918,0
7397,130.7417115,210.3235918,0
7398,130.7417115,210.3235918,0
7399,130.7417115,210.3235918,0
7400,130.7417115,210.3235918,0
7401,130.7417115,210.3235918,0
7402,130.7417115,210.3235918,0
7403,130.7417115,210.3235918,0
7404,130.7417115,210.3235918,0
7405,130.7417115,210.3235918,0
7406,130.7417115,210.3235918,0
7407,130.7417115,210.3235918,0
7408,130.7417115,210.3235918,0
7409,130.7417115,210.3235918,0
7410,130.7417115,210.3235918,0
7411,130.7417115,210.3235918,0
7412,130.7417115,210.3235918,0
7413,130.7417115,210.3235918,0
7414,130.7417115,210.3235918,0
7415,130.7417115,210.3235918,0
7416,130.7417115,210.3235918,0
7417,130.7417115,210.3235918,0
7418,130.7417115,210.3235918,0
7419,130.7417115,210.3235918,0
7420,130.7417115,210.3235918,0
7421,130.7417115,210.3235918,0
7422,130.7417115,210.3235918,0
7423,130.7417115,210.3235918,0
7424,130.7417115,210.3235918,0
7425,130.7417115,210.3235918,0
7426,130.7417115,210.3235918,0
7427,130.7417115,210.3235918,0
7428,130.7417115,210.3235918,0
7429,130.7417115,210.3235918,0
7430,130.7417115,210.3235918,0
7431,130.7417115,210.3235918,0
7432,130.7417115,210.3235918,0
7433,130.7417115,210.3235918,0
7434,130.7417115,210.3235918,0
7435,130.7417115,210.3235918,0
7436,130.7417115,210.3235918,0
7437,133.5839226,210.3235918,0
7438,133.5839226,210.3235918,0
7439,133.5839226,210.3235918,0
7440,133.5839226,210.3235918,0
7441,133.5839226,210.3235918,0
7442,133.5839226,210.3235918,0
7443,133.5839226,210.3235918,0
7444,133.5839226,210.3235918,0
7445,133.5839226,210.3235918,0
7446,133.5839226,210.3235918,0
7447,133.5839226,210.3235918,0
7448,133.5839226,210.3235918,0
7449,133.5839226,210.3235918,0
7450,133.5839226,210.3235918,0
7451,133.5839226,210.3235918,0
7452,133.5839226,210.3235918,0
7453,133.5839226,210.3235918,0
7454,133.5839226,210.3235918,0
7455,133.5839226,210.3235918,0
7456,133.5839226,210.3235918,0
7457,133.5839226,210.3235918,0
7458,133.5839226,210.3235918,0
7459,133.5839226,210.3235918,0
7460,133.5839226,210.3235918,0
7461,133.5839226,210.3235918,0
7462,133.5839226,210.3235918,0
7463,133.5839226,210.3235918,0
7464,133.5839226,210.3235918,0
7465,133.5839226,210.3235918,0
7466,136.4261337,210.3235918,0
7467,136.4261337,210.3235918,0
7468,136.4261337,210.3235918,0
7469,136.4261337,210.3235918,0
7470,136.4261337,210.3235918,0
7471,136.4261337,210.3235918,0
7472,136.4261337,210.3235918,0
7473,136.4261337,210.3235918,0
7474,139.2683448,210.3235918,0
7475,139.2683448,210.3235918,0
7476,139.2683448,210.3235918,0
7477,139.2683448,210.3235918,0
7478,139.2683448,210.3235918,0
7479,139.2683448,210.3235918,0
7480,139.2683448,210.3235918,0
7481,139.2683448,210.3235918,0
7482,139.2683448,210.3235918,0
7483,139.2683448,210.3235918,0
7484,139.2683448,210.3235918,0
7485,139.2683448,210.3235918,0
7486,139.2683448,210.3235918,0
7487,139.2683448,210.3235918,0
7488,139.2683448,210.3235918,0
7489,139.2683448,210.3235918,0
7490,139.2683448,210.3235918,0
7491,139.2683448,210.3235918,0
7492,139.2683448,210.3235918,0
7493,139.2683448,210.3235918,0
7494,139.2683448,210.3235918,0
7495,139.2683448,210.3235918,0
7496,139.2683448,210.3235918,0
7497,139.2683448,210.3235918,0
7498,139.2683448,210.3235918,0
7499,139.2683448,210.3235918,0
7500,139.2683448,210.3235918,0
7501,139.2683448,210.3235918,0
7502,139.2683448,210.3235918,0
7503,139.2683448,210.3235918,0
7504,139.2683448,210.3235918,0
7505,139.2683448,210.3235918,0
7506,139.2683448,210.3235918,0
7507,139.2683448,210.3235918,0
7508,139.2683448,210.3235918,0
7509,139.2683448,210.3235918,0
7510,139.2683448,210.3235918,0
7511,139.2683448,210.3235918,0
7512,139.2683448,210.3235918,0
7513,139.2683448,210.3235918,0
7514,139.2683448,210.3235918,0
7515,139.2683448,210.3235918,0
7516,139.2683448,210.3235918,0
7517,139.2683448,210.3235918,0
7518,139.2683448,210.3235918,0
7519,139.2683448,210.3235918,0
7520,139.2683448,210.3235918,0
7521,139.2683448,210.3235918,0
7522,139.2683448,210.3235918,0
7523,139.2683448,210.3235918,0
7524,142.1105559,210.3235918,0
7525,142.1105559,210.3235918,0
7526,142.1105559,210.3235918,0
7527,142.1105559,210.3235918,0
7528,142.1105559,210.3235918,0
7529,142.1105559,210.3235918,0
7530,142.1105559,210.3235918,0
7531,142.1105559,210.3235918,0
7532,142.1105559,210.3235918,0
7533,142.1105559,210.3235918,0
7534,142.1105559,210.3235918,0
7535,142.1105559,210.3235918,0
7536,142.1105559,210.3235918,0
7537,142.1105559,210.3235918,0
7538,142.1105559,210.3235918,0
7539,142.1105559,210.3235918,0
7540,142.1105559,210.3235918,0
7541,142.1105559,210.3235918,0
7542,142.1105559,210.3235918,0
7543,142.1105559,210.3235918,0
7544,142.1105559,210.3235918,0
7545,142.1105559,210.3235918,0
7546,142.1105559,210.3235918,0
7547,142.1105559,210.3235918,0
7548,142.1105559,210.3235918,0
7549,142.1105559,210.3235918,0
7550,142.1105559,210.3235918,0
7551,142.1105559,210.3235918,0
7552,142.1105559,210.3235918,0
7553,144.9527671,210.3235918,0
7554,144.9527671,210.3235918,0
7555,144.9527671,213.1658025,0
7556,144.9527671,213.1658025,0
7557,144.9527671,213.1658025,0
7558,144.9527671,213.1658025,0
7559,144.9527671,213.1658025,0
7560,144.9527671,213.1658025,0
7561,144.9527671,213.1658025,0
7562,144.9527671,213.1658025,0
7563,144.9527671,213.1658025,0
7564,144.9527671,213.1658025,0
7565,144.9527671,213.1658025,0
7566,144.9527671,213.1658025,0
7567,144.9527671,213.1658025,0
7568,144.9527671,213.1658025,0
7569,144.9527671,213.1658025,0
7570,144.9527671,213.1658025,0
7571,144.9527671,213.1658025,0
7572,144.9527671,213.1658025,0
7573,144.9527671,213.1658025,0
7574,144.9527671,213.1658025,0
7575,144.9527671,213.1658025,0
7576,144.9527671,213.1658025,0
7577,144.9527671,213.1658025,0
7578,144.9527671,213.1658025,0
7579,144.9527671,213.1658025,0
7580,144.9527671,213.1658025,0
7581,144.9527671,213.1658025,0
7582,144.9527671,213.1658025,0
7583,144.9527671,213.1658025,0
7584,144.9527671,213.1658025,0
7585,144.9527671,213.1658025,0
7586,144.9527671,213.1658025,0
7587,144.9527671,213.1658025,0
7588,144.9527671,213.1658025,0
7589,144.9527671,213.1658025,0
7590,144.9527671,213.1658025,0
7591,144.9527671,213.1658025,0
7592,144.9527671,213.1658025,0
7593,144.9527671,213.1658025,0
7594,144.9527671,213.1658025,0
7595,144.9527671,213.1658025,0
7596,144.9527671,213.1658025,0
7597,144.9527671,213.1658025,0
7598,144.9527671,213.1658025,0
7599,144.9527671,213.1658025,0
7600,144.9527671,213.1658025,0
7601,144.9527671,213.1658025,0
7602,144.9527671,213.1658025,0
7603,144.952767,213.1658025,0
7604,144.9527671,213.1658025,0
7605,144.9527671,210.3235918,0
7606,144.9527671,210.3235918,0
7607,144.9527671,210.3235918,0
7608,144.9527671,210.3235918,0
7609,144.9527671,210.3235918,0
7610,144.9527671,210.3235918,0
7611,144.9527671,210.3235918,0
7612,144.9527671,210.3235918,0
7613,144.9527671,210.3235918,0
7614,144.9527671,210.3235918,0
7615,144.9527671,210.3235918,0
7616,144.9527671,210.3235918,0
7617,144.9527671,210.3235918,0
7618,144.9527671,210.3235918,0
7619,144.9527671,210.3235918,0
7620,144.9527671,210.3235918,0
7621,144.9527671,210.3235918,0
7622,144.9527671,210.3235918,0
7623,144.9527671,210.3235918,0
7624,144.9527671,210.3235918,0
7625,144.9527671,210.3235918,0
7626,144.9527671,210.3235918,0
7627,144.9527671,210.3235918,0
7628,144.9527671,210.3235918,0
7629,144.9527671,213.1658025,0
7630,144.9527671,213.1658025,0
7631,144.9527671,213.1658025,0
7632,144.9527671,213.1658025,0
7633,144.9527671,213.1658025,0
7634,144.9527671,213.1658025,0
7635,144.9527671,213.1658025,0
7636,144.9527671,213.1658025,0
7637,144.9527671,213.1658025,0
7638,144.9527671,213.1658025,0
7639,144.9527671,213.1658025,0
7640,144.9527671,213.1658025,0
7641,144.9527671,213.1658025,0
7642,144.9527671,213.1658025,0
7643,144.9527671,213.1658025,0
7644,144.9527671,213.1658025,0
7645,147.7949781,213.1658025,0
7646,147.7949781,213.1658025,0
7647,147.7949781,213.1658025,0
7648,147.7949781,213.1658025,0
7649,147.7949781,213.1658025,0
7650,147.7949781,218.8502239,0
7651,147.7949782,218.8502239,0
7652,147.7949782,218.8502239,0
7653,147.7949782,218.8502239,0
7654,147.7949782,218.8502239,0
7655,147.7949782,218.8502239,0
7656,147.7949782,218.8502239,0
7657,147.7949782,218.8502239,0
7658,147.7949782,218.8502239,0
7659,147.7949782,218.8502239,0
7660,147.7949782,218.8502239,0
7661,147.7949782,218.8502239,0
7662,147.7949782,218.8502239,0
7663,147.7949782,218.8502239,0
7664,147.7949782,218.8502239,0
7665,147.7949782,218.8502239,0
7666,150.6371893,218.8502239,0
7667,150.6371893,218.8502239,0
7668,150.6371893,218.8502239,0
7669,150.6371893,218.8502239,0
7670,150.6371893,218.8502239,0
7671,150.6371893,218.8502239,0
7672,150.6371893,218.8502239,0
7673,150.6371893,218.8502239,0
7674,150.6371893,218.8502239,0
7675,150.6371893,218.8502239,0
7676,150.6371893,218.8502239,0
7677,150.6371893,218.8502239,0
7678,150.6371893,218.8502239,0
7679,150.6371893,218.8502239,0
7680,150.6371893,218.8502239,0
7681,150.6371893,218.8502239,0
7682,150.6371893,218.8502239,0
7683,150.6371893,218.8502239,0
7684,150.6371893,218.8502239,0
7685,150.6371893,218.8502239,0
7686,150.6371893,218.8502239,0
7687,150.6371893,218.8502239,0
7688,150.6371893,218.8502239,0
7689,150.6371893,218.8502239,0
7690,150.6371893,218.8502239,0
7691,150.6371893,218.8502239,0
7692,150.6371893,218.8502239,0
7693,150.6371893,218.8502239,0
7694,150.6371893,218.8502239,0
7695,150.6371893,218.8502239,0
7696,150.6371893,218.8502239,0
7697,150.6371893,218.8502239,0
7698,150.6371893,218.8502239,0
7699,150.6371893,218.8502239,0
7700,150.6371893,213.1658025,0
7701,150.6371893,213.1658025,0
7702,150.6371893,213.1658025,0
7703,150.6371893,213.1658025,0
7704,150.6371893,213.1658025,0
7705,150.6371893,213.1658025,0
7706,150.6371893,213.1658025,0
7707,150.6371893,213.1658025,0
7708,150.6371893,213.1658025,0
7709,150.6371893,213.1658025,0
7710,150.6371893,213.1658025,0
7711,150.6371893,213.1658025,0
7712,150.6371893,213.1658025,0
7713,150.6371893,213.1658025,0
7714,150.6371893,213.1658025,0
7715,150.6371893,213.1658025,0
7716,150.6371893,213.1658025,0
7717,150.6371893,213.1658025,0
7718,150.6371893,213.1658025,0
7719,150.6371893,213.1658025,0
7720,150.6371893,213.1658025,0
7721,150.6371893,213.1658025,0
7722,150.6371893,213.1658025,0
7723,150.6371893,213.1658025,0
7724,150.6371893,213.1658025,0
7725,150.6371893,213.1658025,0
7726,150.6371893,213.1658025,0
7727,150.6371893,213.1658025,0
7728,150.6371893,213.1658025,0
7729,150.6371893,213.1658025,0
7730,150.6371893,213.1658025,0
7731,150.6371893,213.1658025,0
7732,150.6371893,213.1658025,0
7733,150.6371893,213.1658025,0
7734,150.6371893,213.1658025,0
7735,150.6371893,213.1658025,0
7736,150.6371893,213.1658025,0
7737,150.6371893,213.1658025,0
7738,150.6371893,213.1658025,0
7739,150.6371893,213.1658025,0
7740,150.6371893,213.1658025,0
7741,150.6371893,213.1658025,0
7742,150.6371893,213.1658025,0
7743,150.6371893,213.1658025,0
7744,150.6371893,213.1658025,0
7745,150.6371893,213.1658025,0
7746,150.6371893,213.1658025,0
7747,150.6371893,213.1658025,0
7748,153.4794004,213.1658025,0
7749,153.4794004,213.1658025,0
7750,153.4794004,213.1658025,0
7751,153.4794004,213.1658025,0
7752,153.4794004,213.1658025,0
7753,153.4794004,213.1658025,0
7754,153.4794004,213.1658025,0
7755,153.4794004,213.1658025,0
7756,153.4794004,213.1658025,0
7757,153.4794004,213.1658025,0
7758,153.4794004,213.1658025,0
7759,153.4794004,213.1658025,0
7760,153.4794004,213.1658025,0
7761,153.4794004,213.1658025,0
7762,153.4794004,213.1658025,0
7763,153.4794004,213.1658025,0
7764,153.4794004,213.1658025,0
7765,153.4794004,213.1658025,0
7766,153.4794004,213.1658025,0
7767,153.4794004,213.1658025,0
7768,153.4794004,213.1658025,0
7769,153.4794004,213.1658025,0
7770,153.4794004,213.1658025,0
7771,153.4794004,213.1658025,0
7772,153.4794004,213.1658025,0
7773,153.4794004,213.1658025,0
7774,153.4794004,213.1658025,0
7775,153.4794004,213.1658025,0
7776,153.4794004,213.1658025,0
7777,153.4794004,213.1658025,0
7778,153.4794004,213.1658025,0
7779,153.4794004,213.1658025,0
7780,153.4794004,213.1658025,0
7781,153.4794004,213.1658025,0
7782,153.4794004,213.1658025,0
7783,153.4794004,213.1658025,0
7784,153.4794004,213.1658025,0
7785,153.4794004,213.1658025,0
7786,153.4794004,213.1658025,0
7787,153.4794004,213.1658025,0
7788,153.4794004,213.1658025,0
7789,153.4794004,213.1658025,0
7790,153.4794004,213.1658025,0
7791,153.4794004,213.1658025,0
7792,153.4794004,213.1658025,0
7793,153.4794004,213.1658025,0
7794,153.4794004,213.1658025,0
7795,153.4794004,213.1658025,0
7796,153.4794004,213.1658025,0
7797,153.4794004,213.1658025,0
7798,153.4794002,213.1658025,0
7799,153.4794002,213.1658025,0
7800,153.4794002,213.1658025,0
7801,153.4794002,213.1658025,0
7802,153.4794002,213.1658025,0
7803,153.4794002,213.1658025,0
7804,153.4794002,213.1658025,0
7805,153.4794002,213.1658025,0
7806,153.4794002,213.1658025,0
7807,153.4794002,213.1658025,0
7808,153.4794002,213.1658025,0
7809,153.4794002,213.1658025,0
7810,153.4794002,213.1658025,0
7811,153.4794002,213.1658025,0
7812,153.4794002,213.1658025,0
7813,153.4794002,213.1658025,0
7814,153.4794002,213.1658025,0
7815,150.6371894,213.1658025,0
7816,150.6371894,213.1658025,0
7817,150.6371894,213.1658025,0
7818,150.6371894,213.1658025,0
7819,150.6371894,213.1658025,0
7820,153.4794004,213.1658025,0
7821,153.4794004,213.1658025,0
7822,153.4794004,213.1658025,0
7823,153.4794004,213.1658025,0
7824,153.4794004,213.1658025,0
7825,153.4794004,213.1658025,0
7826,153.4794004,213.1658025,0
7827,153.4794004,213.1658025,0
7828,153.4794004,213.1658025,0
7829,153.4794004,213.1658025,0
7830,153.4794004,213.1658025,0
7831,153.4794004,213.1658025,0
7832,153.4794004,213.1658025,0
7833,153.4794004,213.1658025,0
7834,153.4794004,213.1658025,0
7835,153.4794004,213.1658025,0
7836,153.4794004,213.1658025,0
7837,153.4794004,213.1658025,0
7838,153.4794004,213.1658025,0
7839,153.4794004,213.1658025,0
7840,153.4794004,213.1658025,0
7841,153.4794004,213.1658025,0
7842,153.4794004,213.1658025,0
7843,153.4794004,213.1658025,0
7844,153.4794004,213.1658025,0
7845,153.4794004,213.1658025,0
7846,153.4794004,213.1658025,0
7847,153.4794004,213.1658025,0
7848,153.4794004,213.1658025,0
7849,153.4794004,213.1658025,0
7850,153.4794004,213.1658025,0
7851,153.4794004,213.1658025,0
7852,153.4794004,213.1658025,0
7853,153.4794004,213.1658025,0
7854,153.4794004,213.1658025,0
7855,153.4794004,213.1658025,0
7856,153.4794004,213.1658025,0
7857,153.4794004,213.1658025,0
7858,153.4794004,213.1658025,0
7859,153.4794004,213.1658025,0
7860,153.4794004,213.1658025,0
7861,153.4794004,213.1658025,0
7862,153.4794004,213.1658025,0
7863,153.4794004,213.1658025,0
7864,153.4794004,213.1658025,0
7865,153.4794004,213.1658025,0
7866,153.4794004,213.1658025,0
7867,153.4794004,213.1658025,0
7868,153.4794004,213.1658025,0
7869,153.4794004,213.1658025,0
7870,153.4794003,213.1658025,0
7871,153.4794003,213.1658025,0
7872,153.4794003,213.1658025,0
7873,153.4794003,213.1658025,0
7874,153.4794003,213.1658025,0
7875,153.4794003,213.1658025,0
7876,153.4794003,213.1658025,0
7877,153.4794003,213.1658025,0
7878,153.4794003,213.1658025,0
7879,153.4794003,213.1658025,0
7880,153.4794003,213.1658025,0
7881,153.4794003,213.1658025,0
7882,153.4794003,213.1658025,0
7883,153.4794003,213.1658025,0
7884,153.4794003,213.1658025,0
7885,153.4794003,213.1658025,0
7886,153.4794003,213.1658025,0
7887,153.4794003,213.1658025,0
7888,153.4794003,213.1658025,0
7889,153.4794003,213.1658025,0
7890,153.4794003,213.1658025,0
7891,153.4794003,213.1658025,0
7892,153.4794003,213.1658025,0
7893,153.4794003,213.1658025,0
7894,153.4794003,213.1658025,0
7895,153.4794003,213.1658025,0
7896,153.4794003,213.1658025,0
7897,153.4794003,213.1658025,0
7898,153.4794003,213.1658025,0
7899,153.4794003,213.1658025,0
7900,153.4794003,213.1658025,0
7901,153.4794003,213.1658025,0
7902,153.4794003,213.1658025,0
7903,153.4794003,213.1658025,0
7904,153.4794003,213.1658025,0
7905,153.4794003,213.1658025,0
7906,153.4794003,213.1658025,0
7907,153.4794003,213.1658025,0
7908,153.4794003,213.1658025,0
7909,153.4794003,213.1658025,0
7910,153.4794003,213.1658025,0
7911,153.4794003,213.1658025,0
7912,153.4794003,213.1658025,0
7913,153.4794003,213.1658025,0
7914,153.4794003,213.1658025,0
7915,153.4794003,213.1658025,0
7916,153.4794003,213.1658025,0
7917,153.4794003,213.1658025,0
7918,153.4794003,213.1658025,0
7919,153.4794003,213.1658025,0
7920,153.4794003,213.1658025,0
7921,153.4794003,213.1658025,0
7922,153.4794003,213.1658025,0
7923,153.4794003,213.1658025,0
7924,153.4794003,213.1658025,0
7925,153.4794003,213.1658025,0
7926,153.4794003,213.1658025,0
7927,153.4794003,213.1658025,0
7928,153.4794003,213.1658025,0
7929,153.4794003,213.1658025,0
7930,153.4794003,213.1658025,0
7931,153.4794003,213.1658025,0
7932,153.4794003,213.1658025,0
7933,153.4794003,213.1658025,0
7934,153.4794003,213.1658025,0
7935,153.4794003,213.1658025,0
7936,153.4794003,213.1658025,0
7937,153.4794003,213.1658025,0
7938,153.4794003,213.1658025,0
7939,153.4794002,213.1658025,0
7940,153.4794002,213.1658025,0
7941,153.4794002,213.1658025,0
7942,153.4794002,213.1658025,0
7943,153.4794002,213.1658025,0
7944,153.4794002,213.1658025,0
7945,153.4794002,213.1658025,0
7946,153.4794002,213.1658025,0
7947,153.4794002,213.1658025,0
7948,153.4794002,213.1658025,0
7949,153.4794002,213.1658025,0
7950,153.4794002,213.1658025,0
7951,153.4794002,213.1658025,0
7952,153.4794002,213.1658025,0
7953,153.4794002,213.1658025,0
7954,153.4794002,213.1658025,0
7955,153.4794002,213.1658025,0
7956,153.4794002,213.1658025,0
7957,153.4794002,213.1658025,0
7958,153.4794002,213.1658025,0
7959,153.4794002,213.1658025,0
7960,153.4794002,213.1658025,0
7961,150.6371893,213.1658025,0
7962,150.6371893,213.1658025,0
7963,150.6371893,213.1658025,0
7964,150.6371893,213.1658025,0
7965,150.6371893,213.1658025,0
7966,150.6371893,213.1658025,0
7967,150.6371893,213.1658025,0
7968,150.6371893,213.1658025,0
7969,150.6371893,213.1658025,0
7970,150.6371893,213.1658025,0
7971,150.6371893,213.1658025,0
7972,150.6371893,213.1658025,0
7973,150.6371893,213.1658025,0
7974,150.6371893,213.1658025,0
7975,150.6371893,213.1658025,0
7976,150.6371893,213.1658025,0
7977,150.6371893,213.1658025,0
7978,150.6371893,213.1658025,0
7979,150.6371893,213.1658025,0
7980,150.6371893,213.1658025,0
7981,150.6371893,213.1658025,0
7982,150.6371893,213.1658025,0
7983,150.6371893,213.1658025,0
7984,150.6371893,213.1658025,0
7985,150.6371893,213.1658025,0
7986,150.6371893,213.1658025,0
7987,150.6371893,213.1658025,0
7988,150.6371893,213.1658025,0
7989,150.6371893,213.1658025,0
7990,150.6371893,213.1658025,0
7991,150.6371893,210.3235918,0
7992,150.6371893,210.3235918,0
7993,150.6371893,210.3235918,0
7994,150.6371893,210.3235918,0
7995,150.6371893,210.3235918,0
7996,150.6371893,210.3235918,0
7997,150.6371893,210.3235918,0
7998,150.6371893,210.3235918,0
7999,150.6371893,210.3235918,0
8000,150.6371893,210.3235918,0
8001,150.6371893,210.3235918,0
8002,150.6371893,210.3235918,0
8003,150.6371893,210.3235918,0
8004,150.6371893,210.3235918,0
8005,147.7949782,210.3235918,0
8006,147.7949782,210.3235918,0
8007,147.7949782,210.3235918,0
8008,147.7949782,210.3235918,0
8009,147.7949782,210.3235918,0
8010,147.7949782,210.3235918,0
8011,147.7949782,210.3235918,0
8012,147.7949782,210.3235918,0
8013,147.7949782,210.3235918,0
8014,147.7949782,210.3235918,0
8015,147.7949782,213.1658025,0
8016,147.7949782,213.1658025,0
8017,147.7949782,213.1658025,0
8018,147.7949782,213.1658025,0
8019,147.7949782,213.1658025,0
8020,147.7949782,213.1658025,0
8021,147.7949782,213.1658025,0
8022,147.7949782,213.1658025,0
8023,147.7949782,213.1658025,0
8024,147.7949782,213.1658025,0
8025,147.7949782,213.1658025,0
8026,147.7949782,213.1658025,0
8027,147.7949782,213.1658025,0
8028,147.7949782,213.1658025,0
8029,147.7949782,213.1658025,0
8030,144.9527671,213.1658025,0
8031,144.9527671,213.1658025,0
8032,144.9527671,213.1658025,0
8033,144.9527671,213.1658025,0
8034,144.9527671,213.1658025,0
8035,144.9527671,213.1658025,0
8036,144.9527671,213.1658025,0
8037,144.9527671,213.1658025,0
8038,144.9527671,213.1658025,0
8039,144.9527671,213.1658025,0
8040,144.9527671,213.1658025,0
8041,144.9527671,213.1658025,0
8042,144.9527671,213.1658025,0
8043,144.9527671,213.1658025,0
8044,144.9527671,213.1658025,0
8045,144.9527671,213.1658025,0
8046,144.9527671,213.1658025,0
8047,144.9527671,213.1658025,0
8048,144.9527671,213.1658025,0
8049,144.9527671,213.1658025,0
8050,144.9527671,213.1658025,0
8051,144.9527671,213.1658025,0
8052,144.9527671,213.1658025,0
8053,144.9527671,213.1658025,0
8054,144.9527671,213.1658025,0
8055,144.9527671,213.1658025,0
8056,144.9527671,213.1658025,0
8057,144.9527671,213.1658025,0
8058,144.9527671,213.1658025,0
8059,144.9527671,213.1658025,0
8060,144.9527671,213.1658025,0
8061,144.9527671,213.1658025,0
8062,144.9527671,213.1658025,0
8063,144.9527671,213.1658025,0
8064,144.9527671,213.1658025,0
8065,144.9527671,210.3235918,0
8066,144.9527671,210.3235918,0
8067,144.9527671,210.3235918,0
8068,144.9527671,210.3235918,0
8069,144.9527671,210.3235918,0
8070,144.9527671,210.3235918,0
8071,144.9527671,210.3235918,0
8072,144.9527671,213.1658025,0
8073,144.9527671,213.1658025,0
8074,144.9527671,213.1658025,0
8075,144.9527671,213.1658025,0
8076,144.9527671,213.1658025,0
8077,144.9527671,213.1658025,0
8078,144.9527671,213.1658025,0
8079,144.9527671,213.1658025,0
8080,144.9527671,213.1658025,0
8081,144.9527671,213.1658025,0
8082,144.9527671,213.1658025,0
8083,144.9527671,213.1658025,0
8084,144.9527671,213.1658025,0
8085,144.9527671,213.1658025,0
8086,144.9527671,213.1658025,0
8087,144.9527671,213.1658025,0
8088,144.9527671,213.1658025,0
8089,144.9527671,213.1658025,0
8090,144.9527671,213.1658025,0
8091,144.9527671,213.1658025,0
8092,144.9527671,213.1658025,0
8093,144.9527671,213.1658025,0
8094,144.9527671,213.1658025,0
8095,144.9527671,213.1658025,0
8096,144.9527671,213.1658025,0
8097,144.9527671,213.1658025,0
8098,144.9527671,213.1658025,0
8099,144.9527671,213.1658025,0
8100,144.9527671,213.1658025,0
8101,144.9527671,213.1658025,0
8102,144.9527671,213.1658025,0
8103,144.9527671,213.1658025,0
8104,144.9527671,213.1658025,0
8105,144.9527671,213.1658025,0
8106,144.9527671,213.1658025,0
8107,144.9527671,213.1658025,0
8108,144.9527671,213.1658025,0
8109,144.9527671,213.1658025,0
8110,144.9527671,213.1658025,0
8111,144.9527671,213.1658025,0
8112,144.952767,213.1658025,0
8113,144.952767,213.1658025,0
8114,144.952767,213.1658025,0
8115,144.952767,213.1658025,0
8116,144.952767,213.1658025,0
8117,144.952767,213.1658025,0
8118,144.952767,213.1658025,0
8119,144.952767,213.1658025,0
8120,144.952767,213.1658025,0
8121,144.952767,213.1658025,0
8122,144.952767,213.1658025,0
8123,144.952767,213.1658025,0
8124,144.952767,213.1658025,0
8125,144.952767,213.1658025,0
8126,144.952767,213.1658025,0
8127,144.952767,213.1658025,0
8128,144.952767,213.1658025,0
8129,144.952767,213.1658025,0
8130,144.952767,213.1658025,0
8131,144.952767,213.1658025,0
8132,144.952767,213.1658025,0
8133,144.952767,213.1658025,0
8134,144.952767,213.1658025,0
8135,144.952767,213.1658025,0
8136,144.952767,213.1658025,0
8137,144.952767,213.1658025,0
8138,144.952767,213.1658025,0
8139,144.952767,213.1658025,0
8140,144.952767,213.1658025,0
8141,139.2683447,213.1658025,0
8142,139.2683447,213.1658025,0
8143,139.2683447,213.1658025,0
8144,144.9527671,213.1658025,0
8145,144.9527671,213.1658025,0
8146,144.9527671,213.1658025,0
8147,144.9527671,213.1658025,0
8148,144.9527671,213.1658025,0
8149,144.9527671,213.1658025,0
8150,144.9527671,213.1658025,0
8151,144.9527671,213.1658025,0
8152,144.9527671,213.1658025,0
8153,144.9527671,213.1658025,0
8154,144.9527671,213.1658025,0
8155,144.9527671,213.1658025,0
8156,144.9527671,213.1658025,0
8157,144.9527671,213.1658025,0
8158,144.9527671,213.1658025,0
8159,144.9527671,213.1658025,0
8160,144.9527671,213.1658025,0
8161,144.9527671,213.1658025,0
8162,144.9527671,213.1658025,0
8163,144.9527671,213.1658025,0
8164,144.9527671,213.1658025,0
8165,144.9527671,213.1658025,0
8166,144.9527671,213.1658025,0
8167,144.9527671,213.1658025,0
8168,144.9527671,213.1658025,0
8169,144.9527671,213.1658025,0
8170,144.9527671,213.1658025,0
8171,144.9527671,213.1658025,0
8172,144.9527671,213.1658025,0
8173,144.9527671,213.1658025,0
8174,144.9527671,213.1658025,0
8175,144.9527671,213.1658025,0
8176,144.9527671,213.1658025,0
8177,144.9527671,213.1658025,0
8178,144.9527671,213.1658025,0
8179,144.9527671,213.1658025,0
8180,144.9527671,213.1658025,0
8181,144.9527671,210.3235918,0
8182,144.9527671,210.3235918,0
8183,144.9527671,210.3235918,0
8184,144.9527671,210.3235918,0
8185,144.9527671,210.3235918,0
8186,144.9527671,210.3235918,0
8187,144.9527671,210.3235918,0
8188,144.9527671,210.3235918,0
8189,144.9527671,210.3235918,0
8190,144.9527671,210.3235918,0
8191,144.9527671,210.3235918,0
8192,144.9527671,210.3235918,0
8193,144.9527671,210.3235918,0
8194,139.2683449,210.3235918,0
8195,139.2683449,210.3235918,0
8196,139.2683449,210.3235918,0
8197,139.2683449,210.3235918,0
8198,139.2683449,210.3235918,0
8199,139.2683449,210.3235918,0
8200,139.2683449,210.3235918,0
8201,139.2683449,210.3235918,0
8202,139.2683449,210.3235918,0
8203,142.110556,210.3235918,0
8204,142.110556,210.3235918,0
8205,142.110556,210.3235918,0
8206,142.110556,210.3235918,0
8207,142.110556,210.3235918,0
8208,142.110556,210.3235918,0
8209,142.110556,210.3235918,0
8210,142.110556,210.3235918,0
8211,142.110556,210.3235918,0
8212,142.110556,210.3235918,0
8213,142.110556,210.3235918,0
8214,142.110556,210.3235918,0
8215,142.110556,210.3235918,0
8216,142.110556,210.3235918,0
8217,142.110556,210.3235918,0
8218,142.110556,210.3235918,0
8219,142.110556,210.3235918,0
8220,142.110556,210.3235918,0
8221,142.110556,210.3235918,0
8222,142.110556,210.3235918,0
8223,142.110556,210.3235918,0
8224,142.110556,210.3235918,0
8225,142.110556,210.3235918,0
8226,142.110556,210.3235918,0
8227,142.110556,210.3235918,0
8228,142.110556,210.3235918,0
8229,142.110556,210.3235918,0
8230,142.110556,210.3235918,0
8231,142.110556,210.3235918,0
8232,142.110556,210.3235918,0
8233,142.110556,210.3235918,0
8234,142.110556,210.3235918,0
8235,142.110556,210.3235918,0
8236,142.110556,210.3235918,0
8237,142.110556,210.3235918,0
8238,142.110556,210.3235918,0
8239,142.110556,210.3235918,0
8240,142.110556,210.3235918,0
8241,142.110556,210.3235918,0
8242,142.110556,210.3235918,0
8243,142.110556,210.3235918,0
8244,142.110556,210.3235918,0
8245,142.110556,210.3235918,0
8246,142.110556,210.3235918,0
8247,142.110556,210.3235918,0
8248,142.110556,210.3235918,0
8249,142.110556,210.3235918,0
8250,142.110556,210.3235918,0
8251,142.110556,210.3235918,0
8252,142.110556,210.3235918,0
8253,139.2683448,210.3235918,0
8254,139.2683448,210.3235918,0
8255,139.2683448,210.3235918,0
8256,139.2683448,210.3235918,0
8257,139.2683448,210.3235918,0
8258,139.2683448,210.3235918,0
8259,139.2683448,210.3235918,0
8260,139.2683448,210.3235918,0
8261,139.2683448,207.4813811,0
8262,139.2683448,207.4813811,0
8263,139.2683448,207.4813811,0
8264,139.2683448,207.4813811,0
8265,139.2683448,207.4813811,0
8266,139.2683448,207.4813811,0
8267,139.2683448,207.4813811,0
8268,139.2683448,207.4813811,0
8269,139.2683448,207.4813811,0
8270,139.2683448,207.4813811,0
8271,139.2683448,207.4813811,0
8272,139.2683448,210.3235918,0
8273,139.2683448,210.3235918,0
8274,139.2683448,210.3235918,0
8275,139.2683448,210.3235918,0
8276,139.2683448,210.3235918,0
8277,139.2683448,210.3235918,0
8278,139.2683448,210.3235918,0
8279,139.2683448,210.3235918,0
8280,139.2683448,210.3235918,0
8281,139.2683448,210.3235918,0
8282,139.2683448,210.3235918,0
8283,139.2683448,210.3235918,0
8284,139.2683448,210.3235918,0
8285,139.2683448,210.3235918,0
8286,139.2683448,210.3235918,0
8287,139.2683448,210.3235918,0
8288,139.2683448,210.3235918,0
8289,139.2683448,210.3235918,0
8290,139.2683448,210.3235918,0
8291,139.2683448,210.3235918,0
8292,139.2683448,210.3235918,0
8293,139.2683448,210.3235918,0
8294,139.2683448,210.3235918,0
8295,139.2683448,210.3235918,0
8296,139.2683448,210.3235918,0
8297,139.2683448,210.3235918,0
8298,139.2683449,210.3235918,0
8299,139.2683449,210.3235918,0
8300,139.2683449,210.3235918,0
8301,139.2683449,210.3235918,0
8302,139.2683449,210.3235918,0
8303,139.2683449,210.3235918,0
8304,139.2683449,210.3235918,0
8305,139.2683449,210.3235918,0
8306,139.2683449,210.3235918,0
8307,139.2683449,210.3235918,0
8308,139.2683449,210.3235918,0
8309,139.2683449,210.3235918,0
8310,139.2683449,210.3235918,0
8311,139.2683449,210.3235918,0
8312,139.2683449,210.3235918,0
8313,139.2683449,210.3235918,0
8314,139.2683449,210.3235918,0
8315,139.2683449,210.3235918,0
8316,139.2683449,210.3235918,0
8317,139.2683449,210.3235918,0
8318,139.2683449,210.3235918,0
8319,139.2683449,210.3235918,0
8320,139.2683449,210.3235918,0
8321,139.2683449,210.3235918,0
8322,139.2683449,207.4813811,0
8323,139.2683449,207.4813811,0
8324,139.2683449,207.4813811,0
8325,139.2683449,207.4813811,0
8326,139.2683449,207.4813811,0
8327,139.2683449,207.4813811,0
8328,139.2683449,207.4813811,0
8329,139.2683449,207.4813811,0
8330,139.2683449,207.4813811,0
8331,139.2683449,207.4813811,0
8332,139.2683449,207.4813811,0
8333,139.2683449,207.4813811,0
8334,139.2683449,207.4813811,0
8335,139.2683449,207.4813811,0
8336,139.2683449,207.4813811,0
8337,139.2683449,207.4813811,0
8338,139.2683449,207.4813811,0
8339,139.2683449,207.4813811,0
8340,139.2683449,207.4813811,0
8341,139.2683449,207.4813811,0
8342,139.2683449,210.3235918,0
8343,139.2683449,210.3235918,0
8344,139.2683449,210.3235918,0
8345,139.2683449,210.3235918,0
8346,139.2683449,210.3235918,0
8347,139.2683449,210.3235918,0
8348,133.5839226,210.3235918,0
8349,133.5839226,210.3235918,0
8350,133.5839226,210.3235918,0
8351,133.5839226,210.3235918,0
8352,133.5839226,210.3235918,0
8353,133.5839226,210.3235918,0
8354,136.4261337,210.3235918,0
8355,136.4261337,210.3235918,0
8356,136.4261337,210.3235918,0
8357,136.4261337,210.3235918,0
8358,136.4261337,210.3235918,0
8359,136.4261337,210.3235918,0
8360,136.4261337,210.3235918,0
8361,136.4261337,210.3235918,0
8362,139.2683449,210.3235918,0
8363,139.2683449,210.3235918,0
8364,139.2683449,210.3235918,0
8365,139.2683449,210.3235918,0
8366,139.2683449,210.3235918,0
8367,139.2683449,210.3235918,0
8368,139.2683449,210.3235918,0
8369,139.2683449,210.3235918,0
8370,139.2683449,210.3235918,0
8371,139.2683449,210.3235918,0
8372,139.2683449,210.3235918,0
8373,139.2683449,210.3235918,0
8374,139.2683449,210.3235918,0
8375,139.2683449,210.3235918,0
8376,139.2683449,210.3235918,0
8377,139.2683449,210.3235918,0
8378,139.2683449,210.3235918,0
8379,139.2683449,210.3235918,0
8380,139.2683449,210.3235918,0
8381,139.2683449,210.3235918,0
8382,139.2683449,210.3235918,0
8383,139.2683449,210.3235918,0
8384,139.2683449,210.3235918,0
8385,139.2683449,210.3235918,0
8386,139.2683449,210.3235918,0
8387,139.2683449,210.3235918,0
8388,139.2683449,210.3235918,0
8389,139.2683449,210.3235918,0
8390,139.2683449,210.3235918,0
8391,139.2683449,210.3235918,0
8392,139.2683449,210.3235918,0
8393,139.2683449,210.3235918,0
8394,139.2683449,210.3235918,0
8395,139.2683449,210.3235918,0
8396,139.2683449,210.3235918,0
8397,139.2683449,210.3235918,0
8398,139.2683449,210.3235918,0
8399,139.2683449,210.3235918,0
8400,139.2683449,210.3235918,0
8401,139.2683449,210.3235918,0
8402,139.2683449,210.3235918,0
8403,139.2683449,210.3235918,0
8404,139.2683449,210.3235918,0
8405,139.2683449,210.3235918,0
8406,139.2683449,210.3235918,0
8407,139.2683449,210.3235918,0
8408,139.2683449,210.3235918,0
8409,139.2683449,210.3235918,0
8410,139.2683449,210.3235918,0
8411,139.2683449,210.3235918,0
8412,139.2683449,210.3235918,0
8413,139.2683449,210.3235918,0
8414,139.2683449,210.3235918,0
8415,139.2683449,210.3235918,0
8416,139.2683449,210.3235918,0
8417,139.2683449,210.3235918,0
8418,139.2683449,210.3235918,0
8419,139.2683449,210.3235918,0
8420,139.2683449,210.3235918,0
8421,139.2683449,210.3235918,0
8422,139.2683449,210.3235918,0
8423,139.2683449,210.3235918,0
8424,139.2683449,210.3235918,0
8425,139.2683449,210.3235918,0
8426,139.2683449,210.3235918,0
8427,139.2683449,210.3235918,0
8428,139.2683448,210.3235918,0
8429,139.2683448,210.3235918,0
8430,139.2683448,210.3235918,0
8431,139.2683448,210.3235918,0
8432,139.2683448,210.3235918,0
8433,139.2683448,210.3235918,0
8434,139.2683448,210.3235918,0
8435,139.2683448,210.3235918,0
8436,139.2683448,210.3235918,0
8437,139.2683448,210.3235918,0
8438,139.2683448,210.3235918,0
8439,139.2683448,210.3235918,0
8440,139.2683448,210.3235918,0
8441,139.2683448,210.3235918,0
8442,139.2683448,210.3235918,0
8443,139.2683448,210.3235918,0
8444,139.2683449,210.3235918,0
8445,139.2683449,210.3235918,0
8446,139.2683449,210.3235918,0
8447,139.2683449,210.3235918,0
8448,139.2683449,210.3235918,0
8449,139.2683449,210.3235918,0
8450,139.2683449,210.3235918,0
8451,139.2683449,210.3235918,0
8452,139.2683449,210.3235918,0
8453,139.2683449,210.3235918,0
8454,139.2683449,210.3235918,0
8455,139.2683449,210.3235918,0
8456,139.2683449,210.3235918,0
8457,139.2683449,210.3235918,0
8458,139.2683449,210.3235918,0
8459,139.2683449,210.3235918,0
8460,139.2683449,210.3235918,0
8461,139.2683449,210.3235918,0
8462,139.2683449,210.3235918,0
8463,139.2683449,210.3235918,0
8464,139.2683449,210.3235918,0
8465,139.2683449,210.3235918,0
8466,139.2683449,210.3235918,0
8467,139.2683449,210.3235918,0
8468,139.2683449,210.3235918,0
8469,139.2683449,210.3235918,0
8470,139.2683449,210.3235918,0
8471,139.2683449,210.3235918,0
8472,139.2683449,210.3235918,0
8473,139.2683449,210.3235918,0
8474,139.2683449,210.3235918,0
8475,139.2683449,210.3235918,0
8476,139.2683449,210.3235918,0
8477,139.2683449,210.3235918,0
8478,139.2683449,210.3235918,0
8479,139.2683449,210.3235918,0
8480,139.2683449,210.3235918,0
8481,139.2683449,210.3235918,0
8482,139.2683449,210.3235918,0
8483,139.2683449,210.3235918,0
8484,139.2683449,210.3235918,0
8485,139.2683449,210.3235918,0
8486,139.2683449,210.3235918,0
8487,139.2683449,210.3235918,0
8488,139.2683449,210.3235918,0
8489,139.2683449,210.3235918,0
8490,139.2683449,210.3235918,0
8491,139.2683449,210.3235918,0
8492,139.2683449,210.3235918,0
8493,139.2683449,210.3235918,0
8494,139.2683447,210.3235918,0
8495,139.2683447,210.3235918,0
8496,139.2683447,210.3235918,0
8497,139.2683447,210.3235918,0
8498,139.2683447,213.1658025,0
8499,139.2683447,213.1658025,0
8500,139.2683447,213.1658025,0
8501,139.2683447,213.1658025,0
8502,139.2683449,213.1658025,0
8503,139.2683449,213.1658025,0
8504,139.2683449,213.1658025,0
8505,139.2683449,213.1658025,0
8506,139.2683449,213.1658025,0
8507,139.2683449,213.1658025,0
8508,139.2683449,213.1658025,0
8509,139.2683449,213.1658025,0
8510,139.2683449,213.1658025,0
8511,139.2683449,213.1658025,0
8512,139.2683449,213.1658025,0
8513,139.2683449,213.1658025,0
8514,139.2683449,213.1658025,0
8515,139.2683449,213.1658025,0
8516,139.2683449,213.1658025,0
8517,139.2683449,213.1658025,0
8518,139.2683449,213.1658025,0
8519,139.2683449,213.1658025,0
8520,139.2683449,213.1658025,0
8521,139.2683449,213.1658025,0
8522,139.2683449,213.1658025,0
8523,139.2683449,213.1658025,0
8524,139.2683449,213.1658025,0
8525,139.2683449,213.1658025,0
8526,139.2683449,213.1658025,0
8527,139.2683449,213.1658025,0
8528,139.2683449,213.1658025,0
8529,139.2683449,213.1658025,0
8530,139.2683449,213.1658025,0
8531,139.2683449,213.1658025,0
8532,139.2683449,213.1658025,0
8533,139.2683449,213.1658025,0
8534,139.2683449,213.1658025,0
8535,139.2683449,213.1658025,0
8536,139.2683449,213.1658025,0
8537,139.2683449,213.1658025,0
8538,139.2683449,213.1658025,0
8539,139.2683449,213.1658025,0
8540,139.2683449,213.1658025,0
8541,142.1105559,213.1658025,0
8542,142.1105559,213.1658025,0
8543,142.1105559,213.1658025,0
8544,142.1105559,213.1658025,0
8545,142.1105559,213.1658025,0
8546,142.1105559,213.1658025,0
8547,142.1105559,213.1658025,0
8548,142.1105559,210.3235918,0
8549,142.1105559,210.3235918,0
8550,142.1105559,210.3235918,0
8551,142.1105559,210.3235918,0
8552,142.1105559,210.3235918,0
8553,142.1105559,213.1658025,0
8554,142.1105559,213.1658025,0
8555,142.1105559,213.1658025,0
8556,142.1105559,213.1658025,0
8557,142.1105559,213.1658025,0
8558,142.1105559,213.1658025,0
8559,142.1105559,213.1658025,0
8560,142.1105559,213.1658025,0
8561,142.1105559,213.1658025,0
8562,142.1105559,213.1658025,0
8563,142.1105559,213.1658025,0
8564,142.1105559,213.1658025,0
8565,142.1105559,213.1658025,0
8566,142.1105559,213.1658025,0
8567,142.1105559,213.1658025,0
8568,142.1105559,213.1658025,0
8569,142.1105559,213.1658025,0
8570,142.1105559,213.1658025,0
8571,142.1105559,213.1658025,0
8572,142.1105559,213.1658025,0
8573,142.1105559,213.1658025,0
8574,142.1105559,213.1658025,0
8575,142.1105559,213.1658025,0
8576,142.1105559,213.1658025,0
8577,142.1105559,213.1658025,0
8578,142.1105559,213.1658025,0
8579,142.1105559,213.1658025,0
8580,142.1105559,213.1658025,0
8581,142.1105559,213.1658025,0
8582,142.1105559,213.1658025,0
8583,142.1105559,213.1658025,0
8584,142.1105559,213.1658025,0
8585,142.1105559,213.1658025,0
8586,142.1105559,213.1658025,0
8587,142.1105559,213.1658025,0
8588,142.1105559,213.1658025,0
8589,142.1105559,213.1658025,0
8590,142.1105559,213.1658025,0
8591,139.2683449,213.1658025,0
8592,139.2683449,213.1658025,0
8593,139.2683449,213.1658025,0
8594,139.2683449,213.1658025,0
8595,139.2683449,213.1658025,0
8596,139.2683449,213.1658025,0
8597,139.2683449,213.1658025,0
8598,139.2683449,213.1658025,0
8599,139.2683449,213.1658025,0
8600,139.2683449,213.1658025,0
8601,139.2683449,213.1658025,0
8602,139.2683449,213.1658025,0
8603,139.2683449,213.1658025,0
8604,139.2683449,213.1658025,0
8605,139.2683449,213.1658025,0
8606,139.2683449,213.1658025,0
8607,139.2683449,213.1658025,0
8608,139.2683449,213.1658025,0
8609,139.2683449,213.1658025,0
8610,139.2683449,213.1658025,0
8611,139.2683449,213.1658025,0
8612,139.2683449,213.1658025,0
8613,139.2683449,213.1658025,0
8614,139.2683449,213.1658025,0
8615,139.2683449,213.1658025,0
8616,139.2683449,213.1658025,0
8617,139.2683449,213.1658025,0
8618,139.2683449,213.1658025,0
8619,139.2683449,213.1658025,0
8620,139.2683449,213.1658025,0
8621,139.2683449,213.1658025,0
8622,139.2683449,213.1658025,0
8623,139.2683449,213.1658025,0
8624,139.2683449,213.1658025,0
8625,139.2683449,213.1658025,0
8626,139.2683449,213.1658025,0
8627,139.2683449,213.1658025,0
8628,139.2683449,213.1658025,0
8629,139.2683449,213.1658025,0
8630,139.2683449,213.1658025,0
8631,139.2683449,213.1658025,0
8632,139.2683449,213.1658025,0
8633,139.2683449,213.1658025,0
8634,139.2683449,213.1658025,0
8635,139.2683449,213.1658025,0
8636,139.2683449,213.1658025,0
8637,139.2683449,213.1658025,0
8638,139.2683449,213.1658025,0
8639,139.2683449,213.1658025,0
8640,139.2683447,213.1658025,0
8641,139.2683447,213.1658025,0
8642,139.2683447,213.1658025,0
8643,139.2683447,213.1658025,0
8644,139.2683447,213.1658025,0
8645,139.2683447,213.1658025,0
8646,139.2683447,213.1658025,0
8647,139.2683447,213.1658025,0
8648,139.2683447,213.1658025,0
8649,139.2683447,213.1658025,0
8650,139.2683447,213.1658025,0
8651,139.2683447,210.3235918,0
8652,139.2683447,210.3235918,0
8653,139.2683447,210.3235918,0
8654,139.2683447,210.3235918,0
8655,139.2683447,210.3235918,0
8656,139.2683447,210.3235918,0
8657,139.2683447,210.3235918,0
8658,139.2683447,210.3235918,0
8659,139.2683447,210.3235918,0
8660,139.2683447,210.3235918,0
8661,139.2683447,210.3235918,0
8662,139.2683447,210.3235918,0
8663,139.2683447,210.3235918,0
8664,139.2683447,210.3235918,0
8665,139.2683447,210.3235918,0
8666,139.2683447,210.3235918,0
8667,139.2683447,210.3235918,0
8668,139.2683447,210.3235918,0
8669,139.2683447,210.3235918,0
8670,136.4261337,210.3235918,0
8671,136.4261337,210.3235918,0
8672,136.4261337,210.3235918,0
8673,136.4261337,210.3235918,0
8674,136.4261337,210.3235918,0
8675,136.4261337,210.3235918,0
8676,136.4261337,210.3235918,0
8677,136.4261337,210.3235918,0
8678,136.4261337,210.3235918,0
8679,136.4261337,210.3235918,0
8680,136.4261337,210.3235918,0
8681,136.4261337,210.3235918,0
8682,136.4261337,210.3235918,0
8683,136.4261337,210.3235918,0
8684,136.4261337,210.3235918,0
8685,136.4261337,210.3235918,0
8686,136.4261337,210.3235918,0
8687,136.4261337,210.3235918,0
8688,136.4261337,210.3235918,0
8689,136.4261337,210.3235918,0
8690,136.4261337,210.3235918,0
8691,136.4261337,210.3235918,0
8692,136.4261337,210.3235918,0
8693,136.4261337,210.3235918,0
8694,136.4261337,210.3235918,0
8695,136.4261337,210.3235918,0
8696,136.4261337,210.3235918,0
8697,136.4261337,210.3235918,0
8698,136.4261337,210.3235918,0
8699,136.4261337,210.3235918,0
8700,136.4261337,210.3235918,0
8701,136.4261337,210.3235918,0
8702,136.4261337,210.3235918,0
8703,136.4261337,210.3235918,0
8704,136.4261337,210.3235918,0
8705,136.4261337,210.3235918,0
8706,136.4261337,210.3235918,0
8707,136.4261337,210.3235918,0
8708,136.4261337,210.3235918,0
8709,136.4261337,210.3235918,0
8710,136.4261337,210.3235918,0
8711,136.4261337,210.3235918,0
8712,136.4261337,210.3235918,0
8713,136.4261337,210.3235918,0
8714,136.4261337,210.3235918,0
8715,136.4261337,210.3235918,0
8716,136.4261337,210.3235918,0
8717,136.4261337,210.3235918,0
8718,136.4261337,210.3235918,0
8719,136.4261337,210.3235918,0
8720,136.4261337,210.3235918,0
8721,136.4261337,210.3235918,0
8722,136.4261337,210.3235918,0
8723,136.4261337,210.3235918,0
8724,136.4261337,210.3235918,0
8725,136.4261337,210.3235918,0
8726,136.4261337,210.3235918,0
8727,136.4261337,210.3235918,0
8728,136.4261337,210.3235918,0
8729,136.4261337,210.3235918,0
8730,136.4261337,210.3235918,0
8731,136.4261337,210.3235918,0
8732,136.4261337,210.3235918,0
8733,136.4261337,210.3235918,0
8734,136.4261337,210.3235918,0
8735,136.4261337,210.3235918,0
8736,136.4261337,210.3235918,0
8737,136.4261336,210.3235918,0
8738,136.4261336,210.3235918,0
8739,136.4261336,210.3235918,0
8740,136.4261336,210.3235918,0
8741,136.4261336,210.3235918,0
8742,136.4261336,210.3235918,0
8743,136.4261336,210.3235918,0
8744,136.4261336,210.3235918,0
8745,136.4261336,210.3235918,0
8746,136.4261336,210.3235918,0
8747,136.4261336,210.3235918,0
8748,136.4261336,210.3235918,0
8749,136.4261336,210.3235918,0
8750,136.4261336,210.3235918,0
8751,136.4261336,210.3235918,0
8752,136.4261336,210.3235918,0
8753,136.4261336,210.3235918,0
8754,136.4261336,210.3235918,0
8755,136.4261336,210.3235918,0
8756,136.4261336,210.3235918,0
8757,136.4261335,210.3235918,0
8758,136.4261335,210.3235918,0
8759,136.4261335,210.3235918,0
8760,136.4261335,210.3235918,0
8761,136.4261335,210.3235918,0
8762,136.4261335,210.3235918,0
8763,136.4261335,210.3235918,0
8764,136.4261335,210.3235918,0
8765,136.4261335,210.3235918,0
8766,136.4261335,210.3235918,0
8767,136.4261335,210.3235918,0
8768,136.4261335,210.3235918,0
8769,136.4261335,210.3235918,0
8770,136.4261335,210.3235918,0
8771,136.4261335,210.3235918,0
8772,136.4261335,210.3235918,0
8773,139.2683446,210.3235918,0
8774,139.2683446,210.3235918,0
8775,139.2683446,210.3235918,0
8776,139.2683446,210.3235918,0
8777,139.2683446,210.3235918,0
8778,139.2683446,210.3235918,0
8779,139.2683446,210.3235918,0
8780,139.2683446,207.4813811,0
8781,139.2683446,210.3235918,0
8782,139.2683446,210.3235918,0
8783,139.2683446,210.3235918,0
8784,139.2683446,210.3235918,0
8785,139.2683446,210.3235918,0
8786,139.2683446,210.3235918,0
8787,139.2683446,210.3235918,0
8788,139.2683446,210.3235918,0
8789,139.2683446,210.3235918,0
8790,139.2683446,210.3235918,0
8791,139.2683446,210.3235918,0
8792,139.2683446,210.3235918,0
8793,139.2683446,210.3235918,0
8794,139.2683446,210.3235918,0
8795,139.2683446,210.3235918,0
8796,139.2683446,210.3235918,0
8797,139.2683446,210.3235918,0
8798,139.2683446,210.3235918,0
8799,139.2683446,210.3235918,0
8800,139.2683446,210.3235918,0
8801,139.2683446,210.3235918,0
8802,139.2683446,210.3235918,0
8803,139.2683446,210.3235918,0
8804,139.2683446,210.3235918,0
8805,139.2683446,210.3235918,0
8806,139.2683446,210.3235918,0
8807,139.2683446,210.3235918,0
8808,139.2683446,210.3235918,0
8809,139.2683446,210.3235918,0
8810,139.2683446,210.3235918,0
8811,139.2683446,210.3235918,0
8812,139.2683446,210.3235918,0
8813,139.2683446,210.3235918,0
8814,139.2683446,210.3235918,0
8815,139.2683446,210.3235918,0
8816,139.2683446,210.3235918,0
8817,139.2683446,210.3235918,0
8818,139.2683446,210.3235918,0
8819,139.2683446,213.1658025,0
8820,139.2683446,213.1658025,0
8821,139.2683446,213.1658025,0
8822,139.2683446,213.1658025,0
8823,136.4261337,213.1658025,0
8824,136.4261337,213.1658025,0
8825,136.4261337,213.1658025,0
8826,136.4261337,213.1658025,0
8827,136.4261337,213.1658025,0
8828,136.4261337,213.1658025,0
8829,136.4261337,213.1658025,0
8830,136.4261337,213.1658025,0
8831,136.4261337,213.1658025,0
8832,136.4261337,213.1658025,0
8833,136.4261337,213.1658025,0
8834,136.4261337,213.1658025,0
8835,136.4261337,213.1658025,0
8836,136.4261337,213.1658025,0
8837,136.4261337,213.1658025,0
8838,136.4261337,213.1658025,0
8839,136.4261337,213.1658025,0
8840,136.4261337,213.1658025,0
8841,136.4261337,213.1658025,0
8842,136.4261337,213.1658025,0
8843,136.4261337,213.1658025,0
8844,136.4261337,213.1658025,0
8845,136.4261337,213.1658025,0
8846,136.4261337,213.1658025,0
8847,136.4261337,213.1658025,0
8848,136.4261337,213.1658025,0
8849,136.4261337,213.1658025,0
8850,136.4261337,213.1658025,0
8851,136.4261337,213.1658025,0
8852,136.4261337,213.1658025,0
8853,136.4261337,213.1658025,0
8854,136.4261337,213.1658025,0
8855,136.4261337,213.1658025,0
8856,136.4261337,213.1658025,0
8857,136.4261337,213.1658025,0
8858,136.4261337,213.1658025,0
8859,136.4261337,213.1658025,0
8860,136.4261337,213.1658025,1
8861,136.4261337,213.1658025,1
8862,136.4261337,213.1658025,1
8863,136.4261337,213.1658025,1
8864,136.4261337,213.1658025,1
8865,136.4261337,213.1658025,1
8866,136.4261337,213.1658025,1
8867,136.4261337,213.1658025,1
8868,133.5839226,213.1658025,1
8869,133.5839226,210.3235918,1
8870,133.5839226,210.3235918,1
8871,133.5839226,210.3235918,1
8872,133.5839226,210.3235918,1
8873,133.5839226,210.3235918,1
8874,133.5839226,210.3235918,1
8875,133.5839226,210.3235918,1
8876,133.5839226,210.3235918,1
8877,133.5839226,210.3235918,1
8878,133.5839226,210.3235918,1
8879,133.5839226,210.3235918,1
8880,133.5839226,210.3235918,1
8881,133.5839226,210.3235918,1
8882,133.5839226,210.3235918,1
8883,133.5839226,210.3235918,1
8884,133.5839226,210.3235918,1
8885,133.5839226,210.3235918,1
8886,136.4261335,210.3235918,1
8887,136.4261335,210.3235918,1
8888,136.4261335,210.3235918,1
8889,136.4261335,210.3235918,1
8890,136.4261335,210.3235918,1
8891,136.4261335,210.3235918,1
8892,136.4261335,210.3235918,1
8893,136.4261335,210.3235918,1
8894,136.4261335,210.3235918,1
8895,136.4261335,210.3235918,1
8896,136.4261335,210.3235918,1
8897,136.4261335,210.3235918,1
8898,136.4261335,210.3235918,1
8899,136.4261335,210.3235918,1
8900,136.4261335,210.3235918,1
8901,136.4261335,210.3235918,1
8902,136.4261335,210.3235918,1
8903,136.4261335,210.3235918,1
8904,136.4261335,210.3235918,1
8905,136.4261335,210.3235918,1
8906,136.4261335,210.3235918,1
8907,136.4261335,210.3235918,1
8908,136.4261335,210.3235918,1
8909,136.4261335,210.3235918,1
8910,136.4261335,210.3235918,1
8911,136.4261335,210.3235918,1
8912,136.4261335,210.3235918,1
8913,136.4261335,210.3235918,1
8914,136.4261335,210.3235918,1
8915,136.4261335,210.3235918,1
8916,136.4261335,210.3235918,1
8917,136.4261335,210.3235918,1
8918,136.4261335,210.3235918,1
8919,136.4261337,210.3235918,1
8920,136.4261337,210.3235918,1
8921,136.4261337,210.3235918,1
8922,136.4261337,210.3235918,1
8923,136.4261337,210.3235918,1
8924,136.4261337,210.3235918,1
8925,136.4261337,210.3235918,1
8926,136.4261337,210.3235918,1
8927,136.4261337,210.3235918,1
8928,136.4261337,210.3235918,1
8929,136.4261337,210.3235918,1
8930,136.4261337,210.3235918,1
8931,139.2683449,210.3235918,1
8932,139.2683449,210.3235918,1
8933,139.2683449,210.3235918,1
8934,139.2683449,210.3235918,1
8935,139.2683449,210.3235918,1
8936,139.2683449,210.3235918,1
8937,139.2683449,210.3235918,1
8938,139.2683449,210.3235918,1
8939,139.2683449,210.3235918,1
8940,139.2683449,210.3235918,1
8941,139.2683449,210.3235918,1
8942,139.2683449,210.3235918,1
8943,139.2683449,210.3235918,1
8944,139.2683449,210.3235918,1
8945,139.2683449,210.3235918,1
8946,139.2683449,210.3235918,1
8947,139.2683449,210.3235918,1
8948,139.2683449,210.3235918,1
8949,139.2683449,210.3235918,1
8950,139.2683449,210.3235918,1
8951,139.2683449,210.3235918,1
8952,139.2683449,210.3235918,1
8953,139.2683449,210.3235918,1
8954,139.2683449,210.3235918,1
8955,139.2683449,210.3235918,1
8956,139.2683449,210.3235918,1
8957,139.2683449,210.3235918,1
8958,139.2683449,210.3235918,1
8959,139.2683449,210.3235918,1
8960,139.2683449,210.3235918,1
8961,139.2683449,210.3235918,1
8962,139.2683449,210.3235918,1
8963,139.2683449,210.3235918,1
8964,139.2683449,210.3235918,1
8965,139.2683449,210.3235918,1
8966,139.2683449,210.3235918,1
8967,139.2683449,210.3235918,1
8968,139.2683449,210.3235918,1
8969,139.2683449,210.3235918,1
8970,139.2683449,210.3235918,1
8971,139.2683449,210.3235918,1
8972,139.2683449,210.3235918,1
8973,139.2683449,210.3235918,1
8974,139.2683449,210.3235918,1
8975,139.2683449,210.3235918,1
8976,139.2683449,210.3235918,1
8977,139.2683449,210.3235918,1
8978,139.2683449,210.3235918,1
8979,139.2683449,210.3235918,1
8980,139.2683449,210.3235918,1
8981,139.2683449,210.3235918,1
8982,139.2683449,210.3235918,1
8983,139.2683449,210.3235918,1
8984,139.2683449,210.3235918,1
8985,139.2683449,210.3235918,1
8986,139.2683449,210.3235918,1
8987,139.2683449,210.3235918,1
8988,139.2683449,210.3235918,1
8989,139.2683449,210.3235918,1
8990,139.2683449,210.3235918,1
8991,139.2683449,210.3235918,1
8992,139.2683449,210.3235918,1
8993,139.2683449,210.3235918,1
8994,139.2683449,207.4813811,1
8995,139.2683448,207.4813811,1
8996,139.2683448,207.4813811,1
8997,139.2683448,207.4813811,1
8998,139.2683448,207.4813811,1
8999,139.2683448,207.4813811,1
9000,139.2683448,207.4813811,1
9001,139.2683448,207.4813811,1
9002,139.2683448,207.4813811,1
9003,139.2683446,207.4813811,1
9004,139.2683446,207.4813811,1
9005,139.2683446,207.4813811,1
9006,139.2683446,207.4813811,1
9007,139.2683446,207.4813811,1
9008,139.2683446,207.4813811,1
9009,139.2683446,207.4813811,1
9010,139.2683446,207.4813811,1
9011,139.2683446,207.4813811,1
9012,139.2683446,207.4813811,1
9013,139.2683446,207.4813811,1
9014,139.2683446,207.4813811,1
9015,139.2683446,207.4813811,1
9016,139.2683446,207.4813811,1
9017,139.2683446,207.4813811,1
9018,139.2683446,207.4813811,1
9019,139.2683446,207.4813811,1
9020,139.2683446,207.4813811,1
9021,136.4261337,207.4813811,1
9022,136.4261337,207.4813811,1
9023,136.4261337,207.4813811,1
9024,136.4261337,207.4813811,1
9025,136.4261337,207.4813811,1
9026,139.2683447,207.4813811,1
9027,139.2683447,207.4813811,1
9028,139.2683447,207.4813811,1
9029,139.2683447,207.4813811,1
9030,139.2683447,207.4813811,1
9031,139.2683447,207.4813811,1
9032,139.2683447,207.4813811,1
9033,139.2683447,207.4813811,1
9034,139.2683447,207.4813811,1
9035,139.2683447,207.4813811,1
9036,139.2683447,207.4813811,1
9037,139.2683447,207.4813811,1
9038,139.2683447,207.4813811,1
9039,139.2683447,207.4813811,1
9040,139.2683447,207.4813811,1
9041,139.2683448,207.4813811,1
9042,139.2683448,207.4813811,1
9043,139.2683448,207.4813811,1
9044,139.2683448,207.4813811,1
9045,139.2683448,207.4813811,1
9046,139.2683448,207.4813811,1
9047,139.2683448,207.4813811,1
9048,139.2683448,207.4813811,1
9049,139.2683448,207.4813811,1
9050,139.2683448,207.4813811,1
9051,139.2683448,207.4813811,1
9052,139.2683448,207.4813811,1
9053,139.2683448,207.4813811,1
9054,139.2683448,207.4813811,1
9055,139.2683448,207.4813811,1
9056,139.2683448,207.4813811,1
9057,139.2683448,207.4813811,1
9058,139.2683448,207.4813811,1
9059,139.2683448,207.4813811,1
9060,139.2683448,207.4813811,1
9061,139.2683448,207.4813811,1
9062,139.2683448,207.4813811,1
9063,139.2683448,207.4813811,1
9064,139.2683448,207.4813811,1
9065,139.2683448,207.4813811,1
9066,139.2683448,207.4813811,1
9067,139.2683448,207.4813811,1
9068,139.2683448,207.4813811,1
9069,139.2683448,207.4813811,1
9070,139.2683448,207.4813811,1
9071,142.1105558,207.4813811,1
9072,142.1105558,207.4813811,1
9073,142.1105558,207.4813811,1
9074,142.1105558,207.4813811,1
9075,142.1105558,207.4813811,1
9076,142.1105558,207.4813811,1
9077,142.1105558,207.4813811,1
9078,142.1105558,207.4813811,1
9079,142.1105558,207.4813811,1
9080,142.1105558,207.4813811,1
9081,142.1105558,207.4813811,1
9082,142.1105558,207.4813811,1
9083,142.1105558,207.4813811,1
9084,142.1105558,207.4813811,1
9085,142.1105558,207.4813811,1
9086,142.1105558,207.4813811,1
9087,142.1105558,207.4813811,1
9088,142.1105558,207.4813811,1
9089,142.1105558,207.4813811,1
9090,142.1105558,207.4813811,1
9091,142.1105558,207.4813811,1
9092,142.1105558,210.3235918,1
9093,142.1105558,210.3235918,1
9094,142.1105558,210.3235918,1
9095,142.1105558,210.3235918,1
9096,142.1105558,210.3235918,1
9097,142.1105558,210.3235918,1
9098,142.1105558,210.3235918,1
9099,142.1105558,210.3235918,1
9100,142.1105558,210.3235918,1
9101,142.1105558,210.3235918,1
9102,142.1105558,210.3235918,1
9103,142.1105558,210.3235918,1
9104,142.1105558,210.3235918,1
9105,142.1105558,210.3235918,1
9106,142.1105558,210.3235918,1
9107,142.1105559,210.3235918,1
9108,142.1105559,210.3235918,1
9109,142.1105559,210.3235918,1
9110,142.1105559,210.3235918,1
9111,142.1105559,210.3235918,1
9112,142.1105559,210.3235918,1
9113,142.1105559,210.3235918,1
9114,142.1105559,210.3235918,1
9115,142.1105559,210.3235918,1
9116,142.1105559,210.3235918,1
9117,142.1105559,210.3235918,1
9118,142.1105559,210.3235918,1
9119,142.1105559,210.3235918,1
9120,142.1105559,210.3235918,1
9121,142.1105559,210.3235918,1
9122,142.1105559,210.3235918,1
9123,142.1105559,210.3235918,1
9124,142.1105559,210.3235918,1
9125,142.1105559,210.3235918,1
9126,142.1105559,210.3235918,1
9127,142.1105559,210.3235918,1
9128,142.1105559,210.3235918,1
9129,142.1105559,210.3235918,1
9130,142.1105559,210.3235918,1
9131,142.1105559,210.3235918,1
9132,142.1105559,210.3235918,1
9133,142.1105559,210.3235918,1
9134,142.1105559,210.3235918,1
9135,142.1105559,210.3235918,1
9136,142.1105559,210.3235918,1
9137,142.1105559,210.3235918,1
9138,142.1105559,210.3235918,1
9139,142.1105559,210.3235918,1
9140,142.1105559,210.3235918,1
9141,142.1105559,210.3235918,1
9142,142.1105559,210.3235918,1
9143,142.1105559,210.3235918,1
9144,142.1105559,210.3235918,1
9145,142.1105559,210.3235918,1
9146,142.1105559,210.3235918,1
9147,142.1105559,210.3235918,1
9148,142.1105559,210.3235918,1
9149,142.1105559,210.3235918,1
9150,142.1105559,210.3235918,1
9151,142.1105559,210.3235918,1
9152,142.1105559,210.3235918,1
9153,142.1105559,210.3235918,1
9154,142.1105559,207.4813811,1
9155,142.1105559,207.4813811,1
9156,142.1105559,207.4813811,1
9157,139.2683447,207.4813811,1
9158,139.2683447,207.4813811,1
9159,139.2683447,207.4813811,1
9160,139.2683447,207.4813811,1
9161,139.2683447,213.1658025,1
9162,139.2683447,213.1658025,1
9163,139.2683447,213.1658025,1
9164,139.2683447,213.1658025,1
9165,139.2683447,213.1658025,1
9166,139.2683447,213.1658025,1
9167,139.2683446,213.1658025,1
9168,139.2683446,213.1658025,1
9169,139.2683446,213.1658025,1
9170,139.2683446,213.1658025,1
9171,139.2683446,213.1658025,1
9172,136.4261337,213.1658025,1
9173,136.4261337,213.1658025,1
9174,136.4261337,213.1658025,1
9175,136.4261337,213.1658025,1
9176,136.4261337,213.1658025,1
9177,136.4261337,213.1658025,1
9178,136.4261337,213.1658025,1
9179,142.110556,213.1658025,1
9180,142.110556,213.1658025,1
9181,142.110556,213.1658025,1
9182,142.110556,213.1658025,1
9183,142.110556,213.1658025,1
9184,142.110556,213.1658025,1
9185,142.110556,213.1658025,1
9186,142.110556,213.1658025,1
9187,142.110556,213.1658025,1
9188,142.110556,213.1658025,1
9189,142.110556,213.1658025,1
9190,142.110556,213.1658025,1
9191,142.110556,213.1658025,1
9192,142.110556,213.1658025,1
9193,142.110556,213.1658025,1
9194,142.110556,213.1658025,1
9195,142.110556,213.1658025,1
9196,142.110556,213.1658025,1
9197,142.110556,213.1658025,1
9198,142.110556,213.1658025,1
9199,142.110556,213.1658025,1
9200,142.110556,213.1658025,1
9201,142.110556,213.1658025,1
9202,142.110556,213.1658025,1
9203,142.110556,213.1658025,1
9204,142.110556,213.1658025,1
9205,142.110556,213.1658025,1
9206,142.110556,213.1658025,1
9207,142.110556,213.1658025,1
9208,142.110556,213.1658025,1
9209,142.110556,213.1658025,1
9210,142.110556,213.1658025,1
9211,142.110556,213.1658025,1
9212,142.110556,213.1658025,1
9213,142.110556,213.1658025,1
9214,142.110556,213.1658025,1
9215,142.110556,213.1658025,1
9216,142.110556,213.1658025,1
9217,142.110556,207.4813811,1
9218,142.110556,207.4813811,1
9219,142.110556,210.3235918,1
9220,142.110556,210.3235918,1
9221,142.110556,210.3235918,1
9222,142.110556,210.3235918,1
9223,142.110556,210.3235918,1
9224,142.110556,210.3235918,1
9225,142.110556,210.3235918,1
9226,142.110556,210.3235918,1
9227,142.110556,210.3235918,1
9228,142.110556,210.3235918,1
9229,139.2683446,210.3235918,1
9230,139.2683446,210.3235918,1
9231,139.2683447,210.3235918,1
9232,139.2683447,210.3235918,1
9233,139.2683447,210.3235918,1
9234,139.2683447,210.3235918,1
9235,139.2683447,210.3235918,1
9236,139.2683447,210.3235918,1
9237,139.2683447,210.3235918,1
9238,139.2683447,210.3235918,1
9239,139.2683447,210.3235918,1
9240,139.2683447,210.3235918,1
9241,139.2683447,210.3235918,1
9242,139.2683447,210.3235918,1
9243,139.2683447,210.3235918,1
9244,139.2683447,210.3235918,1
9245,139.2683447,210.3235918,1
9246,139.2683447,210.3235918,1
9247,139.2683447,210.3235918,1
9248,139.2683447,210.3235918,1
9249,139.2683447,210.3235918,1
9250,139.2683447,210.3235918,1
9251,139.2683447,210.3235918,1
9252,139.2683447,210.3235918,1
9253,139.2683447,210.3235918,1
9254,139.2683447,210.3235918,1
9255,139.2683447,210.3235918,1
9256,139.2683447,210.3235918,1
9257,139.2683447,210.3235918,1
9258,139.2683447,210.3235918,1
9259,139.2683447,213.1658025,1
9260,139.2683447,213.1658025,1
9261,139.2683447,213.1658025,1
9262,139.2683447,213.1658025,1
9263,139.2683447,213.1658025,1
9264,139.2683447,213.1658025,1
9265,139.2683447,213.1658025,1
9266,139.2683447,213.1658025,1
9267,139.2683447,213.1658025,1
9268,139.2683447,213.1658025,1
9269,139.2683447,213.1658025,1
9270,139.2683447,213.1658025,1
9271,139.2683447,213.1658025,1
9272,139.2683447,213.1658025,1
9273,139.2683447,213.1658025,1
9274,139.2683447,213.1658025,1
9275,139.2683447,213.1658025,1
9276,139.2683447,213.1658025,1
9277,139.2683447,213.1658025,1
9278,139.2683447,213.1658025,1
9279,139.2683447,213.1658025,1
9280,139.2683447,213.1658025,1
9281,139.2683446,213.1658025,1
9282,139.2683446,213.1658025,1
9283,139.2683446,213.1658025,1
9284,139.2683446,213.1658025,1
9285,139.2683446,213.1658025,1
9286,139.2683446,213.1658025,1
9287,139.2683446,213.1658025,1
9288,139.2683446,213.1658025,1
9289,139.2683446,213.1658025,1
9290,139.2683446,213.1658025,1
9291,139.2683446,213.1658025,1
9292,139.2683446,213.1658025,1
9293,139.2683446,213.1658025,1
9294,139.2683446,213.1658025,1
9295,139.2683446,213.1658025,1
9296,139.2683446,213.1658025,1
9297,139.2683446,213.1658025,1
9298,139.2683446,213.1658025,1
9299,139.2683446,213.1658025,1
9300,139.2683446,213.1658025,1
9301,139.2683446,213.1658025,1
9302,139.2683446,213.1658025,1
9303,139.2683446,213.1658025,1
9304,139.2683446,213.1658025,1
9305,139.2683446,213.1658025,1
9306,139.2683446,213.1658025,1
9307,139.2683446,213.1658025,1
9308,136.4261337,213.1658025,1
9309,136.4261337,210.3235918,1
9310,136.4261337,210.3235918,1
9311,136.4261337,210.3235918,1
9312,136.4261337,210.3235918,1
9313,142.1105557,210.3235918,1
9314,142.1105557,210.3235918,1
9315,142.1105557,210.3235918,1
9316,142.1105557,210.3235918,1
9317,142.1105557,210.3235918,1
9318,142.1105557,210.3235918,1
9319,142.1105557,210.3235918,1
9320,142.1105557,210.3235918,1
9321,142.1105557,210.3235918,1
9322,142.1105557,210.3235918,1
9323,142.1105557,210.3235918,1
9324,142.1105557,210.3235918,1
9325,142.1105557,210.3235918,1
9326,142.1105557,210.3235918,1
9327,142.1105557,210.3235918,1
9328,142.1105557,210.3235918,1
9329,142.1105557,210.3235918,1
9330,142.1105557,210.3235918,1
9331,142.1105557,210.3235918,1
9332,142.1105557,210.3235918,1
9333,142.1105557,210.3235918,1
9334,142.1105557,210.3235918,1
9335,142.1105557,210.3235918,1
9336,142.1105557,210.3235918,1
9337,142.1105557,210.3235918,1
9338,142.1105557,210.3235918,1
9339,142.1105557,210.3235918,1
9340,142.1105557,210.3235918,1
9341,142.1105557,210.3235918,1
9342,142.1105557,210.3235918,1
9343,142.1105557,210.3235918,1
9344,142.1105557,210.3235918,1
9345,142.1105557,210.3235918,1
9346,142.1105557,210.3235918,1
9347,142.1105557,210.3235918,1
9348,142.1105557,210.3235918,1
9349,142.1105557,210.3235918,1
9350,142.1105557,210.3235918,1
9351,142.1105557,210.3235918,1
9352,142.1105557,210.3235918,1
9353,142.1105557,210.3235918,1
9354,142.1105557,210.3235918,1
9355,142.1105557,210.3235918,1
9356,142.1105557,210.3235918,1
9357,142.1105557,210.3235918,1
9358,142.1105557,210.3235918,1
9359,142.1105557,210.3235918,1
9360,142.1105557,210.3235918,1
9361,142.1105557,210.3235918,1
9362,142.1105557,210.3235918,1
9363,139.2683447,210.3235918,1
9364,139.2683447,210.3235918,1
9365,139.2683447,210.3235918,1
9366,139.2683447,210.3235918,1
9367,139.2683447,210.3235918,1
9368,139.2683447,210.3235918,1
9369,139.2683447,210.3235918,1
9370,139.2683447,210.3235918,1
9371,139.2683447,210.3235918,1
9372,139.2683447,210.3235918,1
9373,139.2683447,210.3235918,1
9374,139.2683447,210.3235918,1
9375,139.2683447,210.3235918,1
9376,139.2683447,210.3235918,1
9377,139.2683447,210.3235918,1
9378,139.2683447,210.3235918,1
9379,139.2683447,210.3235918,1
9380,139.2683447,210.3235918,1
9381,139.2683447,210.3235918,1
9382,139.2683447,210.3235918,1
9383,139.2683447,210.3235918,1
9384,139.2683447,210.3235918,1
9385,139.2683447,210.3235918,1
9386,139.2683447,210.3235918,1
9387,139.2683447,210.3235918,1
9388,139.2683447,210.3235918,1
9389,139.2683447,210.3235918,1
9390,139.2683447,210.3235918,1
9391,139.2683447,210.3235918,1
9392,139.2683447,210.3235918,1
9393,139.2683447,210.3235918,1
9394,139.2683447,210.3235918,1
9395,139.2683447,210.3235918,1
9396,139.2683447,210.3235918,1
9397,139.2683447,210.3235918,1
9398,139.2683447,210.3235918,1
9399,139.2683447,210.3235918,1
9400,139.2683447,210.3235918,1
9401,139.2683447,210.3235918,1
9402,136.4261336,210.3235918,1
9403,136.4261336,210.3235918,1
9404,136.4261336,210.3235918,1
9405,136.4261336,207.4813811,1
9406,136.4261336,207.4813811,1
9407,136.4261336,207.4813811,1
9408,136.4261336,207.4813811,1
9409,136.4261336,207.4813811,1
9410,136.4261336,207.4813811,1
9411,136.4261336,207.4813811,1
9412,136.4261336,207.4813811,1
9413,136.4261336,207.4813811,1
9414,136.4261336,207.4813811,1
9415,136.4261336,207.4813811,1
9416,136.4261336,207.4813811,1
9417,136.4261336,207.4813811,1
9418,136.4261336,207.4813811,1
9419,136.4261336,207.4813811,1
9420,136.4261336,207.4813811,1
9421,136.4261336,207.4813811,1
9422,136.4261336,207.4813811,1
9423,136.4261336,207.4813811,1
9424,136.4261336,207.4813811,1
9425,136.4261336,207.4813811,1
9426,136.4261336,207.4813811,1
9427,136.4261336,207.4813811,1
9428,136.4261336,207.4813811,1
9429,136.4261336,207.4813811,1
9430,136.4261336,207.4813811,1
9431,136.4261336,207.4813811,1
9432,136.4261336,207.4813811,1
9433,136.4261336,207.4813811,1
9434,136.4261336,207.4813811,1
9435,136.4261336,207.4813811,1
9436,136.4261335,207.4813811,1
9437,136.4261335,207.4813811,1
9438,136.4261335,207.4813811,1
9439,136.4261335,207.4813811,1
9440,136.4261335,207.4813811,1
9441,136.4261335,207.4813811,1
9442,136.4261335,207.4813811,1
9443,136.4261335,207.4813811,1
9444,136.4261335,207.4813811,1
9445,136.4261335,207.4813811,1
9446,136.4261335,207.4813811,1
9447,136.4261335,207.4813811,1
9448,136.4261335,207.4813811,1
9449,136.4261335,207.4813811,1
9450,136.4261335,207.4813811,1
9451,136.4261335,207.4813811,1
9452,136.4261335,207.4813811,1
9453,136.4261335,207.4813811,1
9454,136.4261335,207.4813811,1
9455,136.4261335,207.4813811,1
9456,136.4261335,207.4813811,1
9457,136.4261335,207.4813811,1
9458,136.4261337,207.4813811,1
9459,136.4261337,207.4813811,1
9460,136.4261337,207.4813811,1
9461,136.4261337,207.4813811,1
9462,136.4261337,207.4813811,1
9463,136.4261337,207.4813811,1
9464,136.4261337,207.4813811,1
9465,136.4261337,207.4813811,1
9466,136.4261337,207.4813811,1
9467,136.4261337,207.4813811,1
9468,139.2683448,207.4813811,1
9469,139.2683448,207.4813811,1
9470,139.2683448,207.4813811,1
9471,139.2683448,207.4813811,1
9472,139.2683448,207.4813811,1
9473,139.2683448,207.4813811,1
9474,139.2683448,207.4813811,1
9475,139.2683448,207.4813811,1
9476,139.2683448,207.4813811,1
9477,139.2683448,207.4813811,1
9478,139.2683448,207.4813811,1
9479,139.2683448,207.4813811,1
9480,139.2683448,207.4813811,1
9481,139.2683448,207.4813811,1
9482,139.2683448,207.4813811,1
9483,139.2683448,207.4813811,1
9484,139.2683448,207.4813811,1
9485,139.2683448,207.4813811,1
9486,139.2683448,207.4813811,1
9487,139.2683448,207.4813811,1
9488,139.2683448,207.4813811,1
9489,139.2683448,210.3235918,1
9490,139.2683448,210.3235918,1
9491,139.2683448,210.3235918,1
9492,139.2683448,210.3235918,1
9493,139.2683448,210.3235918,1
9494,139.2683448,210.3235918,1
9495,139.2683448,210.3235918,1
9496,139.2683448,213.1658025,1
9497,139.2683448,213.1658025,1
9498,139.2683448,213.1658025,1
9499,139.2683448,213.1658025,1
9500,139.2683448,213.1658025,1
9501,139.2683448,213.1658025,1
9502,139.2683448,213.1658025,1
9503,139.2683448,213.1658025,1
9504,139.2683448,213.1658025,1
9505,139.2683448,213.1658025,1
9506,139.2683448,213.1658025,1
9507,139.2683448,213.1658025,1
9508,139.2683448,213.1658025,1
9509,139.2683448,213.1658025,1
9510,139.2683448,213.1658025,1
9511,139.2683448,213.1658025,1
9512,139.2683448,213.1658025,1
9513,139.2683448,213.1658025,1
9514,139.2683448,213.1658025,1
9515,139.2683448,213.1658025,1
9516,139.2683448,213.1658025,1
9517,139.2683448,213.1658025,1
9518,139.2683447,213.1658025,1
9519,139.2683447,213.1658025,1
9520,139.2683447,213.1658025,1
9521,139.2683447,213.1658025,1
9522,139.2683447,213.1658025,1
9523,139.2683447,213.1658025,1
9524,139.2683447,213.1658025,1
9525,139.2683447,213.1658025,1
9526,139.2683447,213.1658025,1
9527,139.2683447,213.1658025,1
9528,139.2683447,213.1658025,1
9529,139.2683447,213.1658025,1
9530,139.2683447,213.1658025,1
9531,139.2683447,213.1658025,1
9532,139.2683447,213.1658025,1
9533,139.2683447,213.1658025,1
9534,139.2683447,213.1658025,1
9535,139.2683447,213.1658025,1
9536,139.2683447,213.1658025,1
9537,139.2683447,213.1658025,1
9538,139.2683447,213.1658025,1
9539,139.2683447,213.1658025,1
9540,139.2683447,213.1658025,1
9541,139.2683447,213.1658025,1
9542,139.2683447,213.1658025,1
9543,139.2683447,213.1658025,1
9544,139.2683447,213.1658025,1
9545,139.2683447,213.1658025,1
9546,139.2683447,210.3235918,1
9547,139.2683447,210.3235918,1
9548,139.2683447,210.3235918,1
9549,139.2683447,210.3235918,1
9550,139.2683447,210.3235918,1
9551,139.2683447,210.3235918,1
9552,139.2683447,210.3235918,1
9553,139.2683447,210.3235918,1
9554,139.2683447,210.3235918,1
9555,139.2683447,210.3235918,1
9556,139.2683447,210.3235918,1
9557,139.2683447,210.3235918,1
9558,139.2683447,210.3235918,1
9559,139.2683447,210.3235918,1
9560,139.2683447,210.3235918,1
9561,139.2683447,210.3235918,1
9562,139.2683447,210.3235918,1
9563,139.2683447,210.3235918,1
9564,139.2683447,210.3235918,1
9565,139.2683447,210.3235918,1
9566,139.2683447,210.3235918,1
9567,139.2683447,210.3235918,1
9568,139.2683447,210.3235918,1
9569,139.2683447,210.3235918,1
9570,139.2683447,207.4813811,1
9571,139.2683447,207.4813811,1
9572,139.2683447,207.4813811,1
9573,139.2683447,207.4813811,1
9574,139.2683447,207.4813811,1
9575,139.2683447,207.4813811,1
9576,139.2683447,207.4813811,1
9577,139.2683447,207.4813811,1
9578,139.2683447,207.4813811,1
9579,139.2683447,207.4813811,1
9580,139.2683447,207.4813811,1
9581,139.2683447,207.4813811,1
9582,139.2683447,207.4813811,1
9583,139.2683447,207.4813811,1
9584,139.2683447,207.4813811,1
9585,139.2683447,207.4813811,1
9586,139.2683447,207.4813811,1
9587,139.2683447,207.4813811,1
9588,139.2683447,207.4813811,1
9589,139.2683447,207.4813811,1
9590,139.2683447,207.4813811,1
9591,139.2683447,207.4813811,1
9592,139.2683447,207.4813811,1
9593,139.2683447,207.4813811,1
9594,139.2683447,207.4813811,1
9595,139.2683449,207.4813811,1
9596,139.2683449,207.4813811,1
9597,139.2683449,207.4813811,1
9598,139.2683449,207.4813811,1
9599,139.2683449,207.4813811,1
9600,139.2683449,207.4813811,1
9601,139.2683449,207.4813811,1
9602,139.2683449,207.4813811,1
9603,139.2683449,207.4813811,1
9604,139.2683449,207.4813811,1
9605,139.2683449,207.4813811,1
9606,139.2683449,210.3235918,1
9607,139.2683449,210.3235918,1
9608,139.2683449,210.3235918,1
9609,139.2683449,210.3235918,1
9610,139.2683449,210.3235918,1
9611,139.2683449,210.3235918,1
9612,139.2683449,210.3235918,1
9613,139.2683449,210.3235918,1
9614,139.2683449,210.3235918,1
9615,139.2683449,210.3235918,1
9616,139.2683449,210.3235918,1
9617,139.2683449,210.3235918,1
9618,139.2683449,210.3235918,1
9619,139.2683449,210.3235918,1
9620,139.2683449,210.3235918,1
9621,139.2683449,210.3235918,1
9622,139.2683449,210.3235918,1
9623,139.2683449,210.3235918,1
9624,139.2683449,210.3235918,1
9625,139.2683449,210.3235918,1
9626,139.2683449,210.3235918,1
9627,139.2683449,210.3235918,1
9628,142.1105557,210.3235918,1
9629,142.1105557,210.3235918,1
9630,142.1105557,210.3235918,1
9631,142.1105557,210.3235918,1
9632,142.1105557,210.3235918,1
9633,142.1105557,210.3235918,1
9634,142.1105557,210.3235918,1
9635,142.1105557,210.3235918,1
9636,142.1105557,210.3235918,1
9637,142.1105557,210.3235918,1
9638,142.1105557,210.3235918,1
9639,142.1105557,210.3235918,1
9640,142.1105557,210.3235918,1
9641,142.1105557,210.3235918,1
9642,142.1105557,210.3235918,1
9643,142.1105557,210.3235918,1
9644,142.1105557,210.3235918,1
9645,142.1105557,210.3235918,1
9646,142.1105557,210.3235918,1
9647,142.1105557,210.3235918,1
9648,142.1105557,210.3235918,1
9649,142.1105557,210.3235918,1
9650,142.1105557,210.3235918,1
9651,142.1105557,210.3235918,1
9652,142.1105557,210.3235918,1
9653,142.1105557,210.3235918,1
9654,142.1105557,210.3235918,1
9655,142.1105557,210.3235918,1
9656,142.1105557,210.3235918,1
9657,142.1105557,210.3235918,1
9658,142.1105557,210.3235918,1
9659,142.1105557,210.3235918,1
9660,142.1105557,210.3235918,1
9661,142.1105557,210.3235918,1
9662,142.1105557,210.3235918,1
9663,142.1105557,210.3235918,1
9664,142.1105557,210.3235918,1
9665,142.1105557,210.3235918,1
9666,142.1105557,210.3235918,1
9667,142.1105557,210.3235918,1
9668,142.1105557,210.3235918,1
9669,142.1105558,210.3235918,1
9670,142.1105558,210.3235918,1
9671,142.1105558,210.3235918,1
9672,142.1105558,210.3235918,1
9673,142.1105558,210.3235918,1
9674,142.1105558,210.3235918,1
9675,142.1105558,210.3235918,1
9676,142.1105558,210.3235918,1
9677,142.1105558,210.3235918,1
9678,142.1105558,210.3235918,1
9679,142.1105558,210.3235918,1
9680,142.1105558,210.3235918,1
9681,142.1105558,210.3235918,1
9682,142.1105558,210.3235918,1
9683,142.1105558,210.3235918,1
9684,142.1105558,210.3235918,1
9685,142.1105558,210.3235918,1
9686,142.1105558,210.3235918,1
9687,142.1105558,210.3235918,1
9688,142.1105558,210.3235918,1
9689,142.1105558,210.3235918,1
9690,142.1105558,210.3235918,1
9691,142.1105558,210.3235918,1
9692,142.1105558,210.3235918,1
9693,142.1105558,210.3235918,1
9694,142.1105558,210.3235918,1
9695,142.1105558,210.3235918,1
9696,142.1105558,210.3235918,1
9697,142.1105558,210.3235918,1
9698,142.1105558,210.3235918,1
9699,142.1105558,210.3235918,1
9700,142.1105558,210.3235918,1
9701,142.1105558,210.3235918,1
9702,142.1105558,210.3235918,1
9703,142.1105558,210.3235918,1
9704,142.1105558,210.3235918,1
9705,142.1105558,210.3235918,1
9706,142.1105558,210.3235918,1
9707,142.1105558,210.3235918,1
9708,142.1105558,210.3235918,1
9709,142.1105558,210.3235918,1
9710,142.1105558,210.3235918,1
9711,142.1105558,210.3235918,1
9712,142.1105558,210.3235918,1
9713,142.1105558,210.3235918,1
9714,142.1105558,210.3235918,1
9715,142.1105558,210.3235918,1
9716,142.1105558,210.3235918,1
9717,142.1105558,210.3235918,1
9718,142.1105558,210.3235918,1
9719,142.1105558,210.3235918,1
9720,142.1105558,210.3235918,1
9721,142.1105558,210.3235918,1
9722,142.1105558,210.3235918,1
9723,142.1105558,210.3235918,1
9724,142.1105558,210.3235918,1
9725,142.1105558,210.3235918,1
9726,139.2683448,210.3235918,1
9727,139.2683448,210.3235918,1
9728,139.2683448,210.3235918,1
9729,139.2683446,210.3235918,1
9730,139.2683446,210.3235918,1
9731,139.2683446,210.3235918,1
9732,139.2683446,210.3235918,1
9733,139.2683446,210.3235918,1
9734,139.2683446,210.3235918,1
9735,139.2683446,210.3235918,1
9736,139.2683446,210.3235918,1
9737,139.2683446,210.3235918,1
9738,139.2683446,210.3235918,1
9739,139.2683446,210.3235918,1
9740,139.2683446,210.3235918,1
9741,139.2683446,210.3235918,1
9742,139.2683446,210.3235918,1
9743,139.2683446,210.3235918,1
9744,139.2683446,210.3235918,1
9745,139.2683446,210.3235918,1
9746,139.2683446,210.3235918,1
9747,139.2683446,210.3235918,1
9748,139.2683446,210.3235918,1
9749,139.2683446,210.3235918,1
9750,139.2683446,210.3235918,1
9751,139.2683446,210.3235918,1
9752,139.2683446,210.3235918,1
9753,139.2683446,210.3235918,1
9754,139.2683446,210.3235918,1
9755,139.2683446,210.3235918,1
9756,139.2683446,210.3235918,1
9757,139.2683446,210.3235918,1
9758,139.2683446,210.3235918,1
9759,139.2683446,210.3235918,1
9760,139.2683446,210.3235918,1
9761,139.2683446,210.3235918,1
9762,139.2683446,210.3235918,1
9763,139.2683446,210.3235918,1
9764,139.2683446,210.3235918,1
9765,139.2683446,210.3235918,1
9766,139.2683446,210.3235918,1
9767,139.2683446,210.3235918,1
9768,139.2683446,210.3235918,1
9769,139.2683446,210.3235918,1
9770,139.2683446,210.3235918,1
9771,139.2683446,210.3235918,1
9772,139.2683446,210.3235918,1
9773,139.2683446,210.3235918,1
9774,139.2683446,210.3235918,1
9775,139.2683446,210.3235918,1
9776,139.2683446,210.3235918,1
9777,139.2683446,210.3235918,1
9778,139.2683446,210.3235918,1
9779,139.2683446,210.3235918,1
9780,139.2683446,210.3235918,1
9781,139.2683446,210.3235918,1
9782,139.2683446,210.3235918,1
9783,139.2683446,210.3235918,1
9784,139.2683446,210.3235918,1
9785,139.2683446,210.3235918,1
9786,139.2683446,210.3235918,1
9787,139.2683446,210.3235918,1
9788,139.2683446,210.3235918,1
9789,139.2683446,210.3235918,1
9790,139.2683446,210.3235918,1
9791,139.2683446,210.3235918,1
9792,139.2683446,210.3235918,1
9793,139.2683446,210.3235918,1
9794,139.2683446,210.3235918,1
9795,139.2683446,210.3235918,1
9796,139.2683446,210.3235918,1
9797,139.2683446,210.3235918,1
9798,139.2683448,210.3235918,1
9799,139.2683448,210.3235918,1
9800,139.2683448,210.3235918,1
9801,139.2683448,210.3235918,1
9802,139.2683448,210.3235918,1
9803,139.2683448,210.3235918,1
9804,139.2683448,210.3235918,1
9805,139.2683448,210.3235918,1
9806,139.2683448,210.3235918,1
9807,139.2683448,210.3235918,1
9808,139.2683448,210.3235918,1
9809,139.2683448,210.3235918,1
9810,139.2683448,210.3235918,1
9811,139.2683448,210.3235918,1
9812,139.2683448,210.3235918,1
9813,139.2683448,210.3235918,1
9814,139.2683448,210.3235918,1
9815,139.2683448,210.3235918,1
9816,139.2683448,210.3235918,1
9817,139.2683448,210.3235918,1
9818,139.2683448,210.3235918,1
9819,139.2683448,210.3235918,1
9820,139.2683448,210.3235918,1
9821,139.2683448,210.3235918,1
9822,139.2683448,210.3235918,1
9823,139.2683448,210.3235918,1
9824,139.2683448,210.3235918,1
9825,139.2683448,210.3235918,1
9826,139.2683448,210.3235918,1
9827,139.2683448,210.3235918,1
9828,139.2683448,210.3235918,1
9829,139.2683448,210.3235918,1
9830,139.2683448,210.3235918,1
9831,139.2683448,210.3235918,1
9832,139.2683448,210.3235918,1
9833,139.2683448,210.3235918,1
9834,139.2683448,210.3235918,1
9835,139.2683448,210.3235918,1
9836,139.2683448,210.3235918,1
9837,139.2683448,210.3235918,1
9838,139.2683448,210.3235918,1
9839,139.2683448,210.3235918,1
9840,139.2683448,210.3235918,1
9841,139.2683448,210.3235918,1
9842,139.2683448,210.3235918,1
9843,139.2683448,210.3235918,1
9844,139.2683448,210.3235918,1
9845,139.2683448,210.3235918,1
9846,139.2683448,210.3235918,1
9847,139.2683448,210.3235918,1
9848,136.4261337,210.3235918,1
9849,136.4261337,210.3235918,1
9850,136.4261337,210.3235918,1
9851,136.4261337,210.3235918,1
9852,136.4261337,210.3235918,1
9853,136.4261337,210.3235918,1
9854,136.4261337,210.3235918,1
9855,136.4261337,210.3235918,1
9856,136.4261337,210.3235918,1
9857,136.4261337,210.3235918,1
9858,136.4261337,210.3235918,1
9859,136.4261336,210.3235918,1
9860,136.4261336,210.3235918,1
9861,136.4261336,210.3235918,1
9862,136.4261336,210.3235918,1
9863,136.4261336,207.4813811,1
9864,136.4261336,210.3235918,1
9865,136.4261336,210.3235918,1
9866,136.4261336,210.3235918,1
9867,136.4261336,210.3235918,1
9868,136.4261336,210.3235918,1
9869,136.4261336,210.3235918,1
9870,136.4261336,210.3235918,1
9871,136.4261336,210.3235918,1
9872,136.4261336,210.3235918,1
9873,136.4261336,210.3235918,1
9874,136.4261336,210.3235918,1
9875,136.4261336,210.3235918,1
9876,136.4261336,210.3235918,1
9877,136.4261336,210.3235918,1
9878,136.4261336,210.3235918,1
9879,136.4261336,210.3235918,1
9880,136.4261336,210.3235918,1
9881,136.4261336,210.3235918,1
9882,136.4261336,210.3235918,1
9883,136.4261336,210.3235918,1
9884,136.4261336,210.3235918,1
9885,136.4261336,210.3235918,1
9886,136.4261336,210.3235918,1
9887,136.4261336,210.3235918,1
9888,136.4261336,210.3235918,1
9889,136.4261336,210.3235918,1
9890,136.4261336,210.3235918,1
9891,136.4261336,210.3235918,1
9892,136.4261335,210.3235918,1
9893,136.4261335,210.3235918,1
9894,136.4261335,210.3235918,1
9895,136.4261335,210.3235918,1
9896,136.4261335,210.3235918,1
9897,136.4261335,210.3235918,1
9898,136.4261335,210.3235918,1
9899,136.4261335,210.3235918,1
9900,136.4261335,210.3235918,1
9901,136.4261335,210.3235918,1
9902,136.4261335,210.3235918,1
9903,136.4261335,210.3235918,1
9904,136.4261336,210.3235918,1
9905,136.4261336,210.3235918,1
9906,136.4261336,210.3235918,1
9907,136.4261336,210.3235918,1
9908,136.4261336,210.3235918,1
9909,136.4261336,210.3235918,1
9910,136.4261336,210.3235918,1
9911,136.4261337,210.3235918,1
9912,136.4261337,210.3235918,1
9913,136.4261337,210.3235918,1
9914,136.4261337,210.3235918,1
9915,136.4261337,210.3235918,1
9916,136.4261337,210.3235918,1
9917,136.4261337,210.3235918,1
9918,136.4261337,210.3235918,1
9919,136.4261337,210.3235918,1
9920,136.4261337,210.3235918,1
9921,136.4261337,210.3235918,1
9922,136.4261337,210.3235918,1
9923,136.4261337,210.3235918,1
9924,136.4261337,210.3235918,1
9925,136.4261337,210.3235918,1
9926,136.4261337,210.3235918,1
9927,136.4261337,210.3235918,1
9928,136.4261337,210.3235918,1
9929,136.4261337,210.3235918,1
9930,136.4261337,210.3235918,1
9931,136.4261337,210.3235918,1
9932,136.4261337,210.3235918,1
9933,136.4261337,210.3235918,1
9934,136.4261337,210.3235918,1
9935,136.4261337,210.3235918,1
9936,136.4261337,210.3235918,1
9937,136.4261337,210.3235918,1
9938,136.4261337,210.3235918,1
9939,136.4261337,210.3235918,1
9940,136.4261337,207.4813811,1
9941,136.4261337,207.4813811,1
9942,136.4261337,207.4813811,1
9943,136.4261337,207.4813811,1
9944,136.4261337,204.6391704,1
9945,136.4261337,204.6391704,1
9946,136.4261337,204.6391704,1
9947,136.4261337,204.6391704,1
9948,136.4261337,204.6391704,1
9949,136.4261337,204.6391704,1
9950,136.4261337,207.4813811,1
9951,136.4261337,207.4813811,1
9952,136.4261337,207.4813811,1
9953,136.4261337,207.4813811,1
9954,136.4261337,207.4813811,1
9955,136.4261337,207.4813811,1
9956,136.4261337,207.4813811,1
9957,136.4261337,207.4813811,1
9958,136.4261337,207.4813811,1
9959,136.4261337,207.4813811,1
9960,136.4261337,207.4813811,1
9961,136.4261337,207.4813811,1
9962,136.4261337,207.4813811,1
9963,136.4261337,207.4813811,1
9964,136.4261337,207.4813811,1
9965,136.4261337,207.4813811,1
9966,136.4261337,207.4813811,1
9967,136.4261337,207.4813811,1
9968,136.4261337,207.4813811,1
9969,136.4261337,207.4813811,1
9970,136.4261337,207.4813811,1
9971,136.4261337,207.4813811,1
9972,136.4261337,207.4813811,1
9973,136.4261337,207.4813811,1
9974,136.4261337,207.4813811,1
9975,136.4261337,207.4813811,1
9976,136.4261337,207.4813811,1
9977,136.4261337,207.4813811,1
9978,136.4261337,207.4813811,1
9979,136.4261337,207.4813811,1
9980,136.4261337,207.4813811,1
9981,136.4261337,207.4813811,1
9982,136.4261337,207.4813811,1
9983,136.4261337,210.3235918,1
9984,136.4261337,210.3235918,1
9985,136.4261337,210.3235918,1
9986,136.4261337,210.3235918,1
9987,136.4261337,210.3235918,1
9988,136.4261337,210.3235918,1
9989,136.4261337,210.3235918,1
9990,136.4261337,210.3235918,1
9991,136.4261337,210.3235918,1
9992,136.4261337,210.3235918,1
9993,136.4261337,210.3235918,1
9994,136.4261337,210.3235918,1
9995,136.4261337,210.3235918,1
9996,136.4261337,210.3235918,1
9997,136.4261337,210.3235918,1
9998,136.4261337,210.3235918,1
9999,136.4261337,210.3235918,1
10000,136.4261337,210.3235918,1
10001,136.4261337,210.3235918,1
10002,136.4261337,210.3235918,1
10003,136.4261337,210.3235918,1
10004,136.4261337,210.3235918,1
10005,136.4261337,210.3235918,1
10006,136.4261337,213.1658025,1
10007,136.4261337,213.1658025,1
10008,136.4261337,213.1658025,1
10009,136.4261337,213.1658025,1
10010,133.5839225,213.1658025,1
10011,133.5839225,213.1658025,1
10012,133.5839225,213.1658025,1
10013,133.5839225,213.1658025,1
10014,133.5839225,213.1658025,1
10015,133.5839225,213.1658025,1
10016,133.5839225,213.1658025,1
10017,133.5839225,213.1658025,1
10018,133.5839225,213.1658025,1
10019,133.5839225,213.1658025,1
10020,133.5839225,213.1658025,1
10021,133.5839225,213.1658025,1
10022,133.5839225,213.1658025,1
10023,133.5839225,213.1658025,1
10024,133.5839225,213.1658025,1
10025,133.5839225,213.1658025,1
10026,133.5839225,213.1658025,1
10027,133.5839225,213.1658025,1
10028,133.5839225,213.1658025,1
10029,133.5839225,213.1658025,1
10030,133.5839225,213.1658025,1
10031,133.5839225,213.1658025,1
10032,133.5839225,213.1658025,1
10033,133.5839225,213.1658025,1
10034,133.5839225,213.1658025,1
10035,133.5839225,213.1658025,1
10036,133.5839225,213.1658025,1
10037,133.5839225,213.1658025,1
10038,133.5839226,213.1658025,1
10039,133.5839226,213.1658025,1
10040,133.5839226,213.1658025,1
10041,133.5839226,213.1658025,1
10042,133.5839226,213.1658025,1
10043,133.5839226,213.1658025,1
10044,133.5839226,213.1658025,1
10045,133.5839226,213.1658025,1
10046,133.5839226,213.1658025,1
10047,133.5839226,213.1658025,1
10048,133.5839226,213.1658025,1
10049,133.5839226,213.1658025,1
10050,133.5839226,213.1658025,1
10051,133.5839226,213.1658025,1
10052,133.5839226,213.1658025,1
10053,133.5839226,213.1658025,1
10054,133.5839226,213.1658025,1
10055,133.5839226,213.1658025,1
10056,133.5839226,210.3235918,1
10057,133.5839226,210.3235918,1
10058,133.5839226,210.3235918,1
10059,133.5839226,210.3235918,1
10060,133.5839226,210.3235918,1
10061,133.5839226,210.3235918,1
10062,133.5839226,210.3235918,1
10063,133.5839226,210.3235918,1
10064,133.5839226,210.3235918,1
10065,133.5839226,210.3235918,1
10066,133.5839226,210.3235918,1
10067,133.5839226,210.3235918,1
10068,133.5839226,210.3235918,1
10069,133.5839226,210.3235918,1
10070,133.5839226,210.3235918,1
10071,133.5839226,210.3235918,1
10072,133.5839226,210.3235918,1
10073,136.4261336,210.3235918,1
10074,136.4261336,210.3235918,1
10075,136.4261337,210.3235918,1
10076,136.4261337,210.3235918,1
10077,136.4261337,210.3235918,1
10078,136.4261337,210.3235918,1
10079,136.4261337,210.3235918,1
10080,136.4261337,210.3235918,1
10081,136.4261337,210.3235918,1
10082,136.4261337,210.3235918,1
10083,136.4261337,210.3235918,1
10084,136.4261337,210.3235918,1
10085,136.4261337,210.3235918,1
10086,136.4261337,210.3235918,1
10087,136.4261337,210.3235918,1
10088,136.4261337,210.3235918,1
10089,136.4261337,210.3235918,1
10090,136.4261337,210.3235918,1
10091,136.4261337,210.3235918,1
10092,136.4261337,210.3235918,1
10093,136.4261337,210.3235918,1
10094,136.4261337,210.3235918,1
10095,136.4261337,210.3235918,1
10096,136.4261337,210.3235918,1
10097,136.4261337,210.3235918,1
10098,136.4261337,210.3235918,1
10099,136.4261337,210.3235918,1
10100,136.4261337,210.3235918,1
10101,136.4261337,210.3235918,1
10102,136.4261337,210.3235918,1
10103,136.4261337,210.3235918,1
10104,136.4261337,210.3235918,1
10105,136.4261337,210.3235918,1
10106,136.4261337,210.3235918,1
10107,136.4261337,210.3235918,1
10108,136.4261337,210.3235918,1
10109,136.4261337,210.3235918,1
10110,136.4261337,210.3235918,1
10111,136.4261337,210.3235918,1
10112,136.4261337,210.3235918,1
10113,136.4261337,210.3235918,1
10114,136.4261337,210.3235918,1
10115,136.4261337,210.3235918,1
10116,136.4261337,210.3235918,1
10117,136.4261337,210.3235918,1
10118,136.4261337,210.3235918,1
10119,136.4261337,210.3235918,1
10120,136.4261337,210.3235918,1
10121,136.4261337,210.3235918,1
10122,136.4261337,210.3235918,1
10123,136.4261337,210.3235918,1
10124,136.4261337,210.3235918,1
10125,136.4261335,210.3235918,1
10126,136.4261335,210.3235918,1
10127,136.4261335,210.3235918,1
10128,136.4261335,210.3235918,1
10129,136.4261335,210.3235918,1
10130,136.4261335,210.3235918,1
10131,136.4261335,210.3235918,1
10132,136.4261335,210.3235918,1
10133,136.4261335,210.3235918,1
10134,136.4261335,210.3235918,1
10135,136.4261335,210.3235918,1
10136,136.4261335,210.3235918,1
10137,136.4261335,210.3235918,1
10138,136.4261335,210.3235918,1
10139,136.4261335,210.3235918,1
10140,136.4261335,210.3235918,1
10141,136.4261335,210.3235918,1
10142,136.4261335,210.3235918,1
10143,136.4261335,210.3235918,1
10144,133.5839226,210.3235918,1
10145,133.5839226,210.3235918,1
10146,133.5839226,210.3235918,1
10147,136.4261335,210.3235918,1
10148,136.4261335,210.3235918,1
10149,136.4261335,210.3235918,1
10150,136.4261335,210.3235918,1
10151,136.4261335,210.3235918,1
10152,136.4261335,210.3235918,1
10153,136.4261335,210.3235918,1
10154,136.4261335,210.3235918,1
10155,136.4261335,210.3235918,1
10156,136.4261335,210.3235918,1
10157,136.4261335,210.3235918,1
10158,136.4261335,210.3235918,1
10159,136.4261335,210.3235918,1
10160,136.4261335,210.3235918,1
10161,136.4261335,210.3235918,1
10162,136.4261335,210.3235918,1
10163,136.4261335,210.3235918,1
10164,136.4261337,210.3235918,1
10165,136.4261337,210.3235918,1
10166,136.4261337,210.3235918,1
10167,136.4261337,210.3235918,1
10168,136.4261337,210.3235918,1
10169,136.4261337,210.3235918,1
10170,136.4261337,210.3235918,1
10171,136.4261337,210.3235918,1
10172,136.4261337,210.3235918,1
10173,136.4261337,210.3235918,1
10174,136.4261337,210.3235918,1
10175,136.4261337,210.3235918,1
10176,136.4261337,210.3235918,1
10177,136.4261337,210.3235918,1
10178,136.4261337,210.3235918,1
10179,136.4261337,210.3235918,1
10180,136.4261337,210.3235918,1
10181,136.4261337,210.3235918,1
10182,136.4261337,210.3235918,1
10183,136.4261337,210.3235918,1
10184,136.4261337,210.3235918,1
10185,136.4261337,210.3235918,1
10186,136.4261337,210.3235918,1
10187,136.4261337,210.3235918,1
10188,136.4261337,210.3235918,1
10189,136.4261337,210.3235918,1
10190,136.4261337,210.3235918,1
10191,136.4261337,210.3235918,1
10192,136.4261337,210.3235918,1
10193,136.4261337,210.3235918,1
10194,136.4261337,210.3235918,1
10195,136.4261337,210.3235918,1
10196,136.4261337,210.3235918,1
10197,136.4261337,210.3235918,1
10198,136.4261337,210.3235918,1
10199,136.4261337,210.3235918,1
10200,136.4261337,210.3235918,1
10201,136.4261337,210.3235918,1
10202,136.4261337,210.3235918,1
10203,136.4261337,210.3235918,1
10204,136.4261337,210.3235918,1
10205,136.4261337,210.3235918,1
10206,136.4261337,210.3235918,1
10207,136.4261337,210.3235918,1
10208,136.4261337,210.3235918,1
10209,136.4261337,210.3235918,1
10210,136.4261337,210.3235918,1
10211,136.4261337,210.3235918,1
10212,136.4261337,210.3235918,1
10213,136.4261337,210.3235918,1
10214,139.2683447,210.3235918,1
10215,139.2683447,210.3235918,1
10216,139.2683447,210.3235918,1
10217,139.2683447,210.3235918,1
10218,139.2683447,210.3235918,1
10219,139.2683447,210.3235918,1
10220,139.2683447,210.3235918,1
10221,139.2683447,210.3235918,1
10222,139.2683447,210.3235918,1
10223,139.2683447,210.3235918,1
10224,139.2683447,210.3235918,1
10225,139.2683447,210.3235918,1
10226,139.2683447,207.4813811,1
10227,139.2683447,207.4813811,1
10228,139.2683447,207.4813811,1
10229,139.2683447,207.4813811,1
10230,139.2683447,207.4813811,1
10231,139.2683447,207.4813811,1
10232,139.2683447,207.4813811,1
10233,139.2683447,207.4813811,1
10234,139.2683447,207.4813811,1
10235,139.2683447,207.4813811,1
10236,139.2683447,207.4813811,1
10237,139.2683447,207.4813811,1
10238,139.2683447,207.4813811,1
10239,139.2683447,207.4813811,1
10240,139.2683447,207.4813811,1
10241,139.2683447,207.4813811,1
10242,139.2683447,207.4813811,1
10243,139.2683447,207.4813811,1
10244,139.2683447,207.4813811,1
10245,139.2683447,207.4813811,1
10246,139.2683447,207.4813811,1
10247,139.2683447,210.3235918,1
10248,139.2683447,210.3235918,1
10249,139.2683447,210.3235918,1
10250,139.2683447,210.3235918,1
10251,139.2683447,210.3235918,1
10252,139.2683447,210.3235918,1
10253,139.2683447,210.3235918,1
10254,139.2683447,210.3235918,1
10255,139.2683447,210.3235918,1
10256,139.2683447,210.3235918,1
10257,139.2683447,210.3235918,1
10258,139.2683447,210.3235918,1
10259,139.2683447,210.3235918,1
10260,139.2683447,210.3235918,1
10261,139.2683447,210.3235918,1
10262,139.2683447,210.3235918,1
10263,139.2683447,210.3235918,1
10264,136.4261337,210.3235918,1
10265,136.4261337,210.3235918,1
10266,136.4261337,210.3235918,1
10267,136.4261337,210.3235918,1
10268,136.4261335,210.3235918,1
10269,136.4261335,210.3235918,1
10270,136.4261335,210.3235918,1
10271,136.4261335,210.3235918,1
10272,136.4261335,210.3235918,1
10273,136.4261335,213.1658025,1
10274,136.4261335,213.1658025,1
10275,136.4261335,213.1658025,1
10276,136.4261335,213.1658025,1
10277,136.4261335,213.1658025,1
10278,136.4261335,213.1658025,1
10279,136.4261335,213.1658025,1
10280,136.4261335,213.1658025,1
10281,136.4261335,213.1658025,1
10282,136.4261335,213.1658025,1
10283,136.4261335,213.1658025,1
10284,136.4261335,213.1658025,1
10285,136.4261335,213.1658025,1
10286,136.4261335,213.1658025,1
10287,136.4261335,213.1658025,1
10288,136.4261335,213.1658025,1
10289,136.4261335,213.1658025,1
10290,136.4261335,213.1658025,1
10291,136.4261335,213.1658025,1
10292,136.4261335,213.1658025,1
10293,136.4261335,213.1658025,1
10294,136.4261335,213.1658025,1
10295,136.4261335,213.1658025,1
10296,136.4261335,213.1658025,1
10297,136.4261335,213.1658025,1
10298,136.4261335,213.1658025,1
10299,136.4261335,213.1658025,1
10300,136.4261335,213.1658025,1
10301,136.4261335,213.1658025,1
10302,136.4261335,213.1658025,1
10303,136.4261335,213.1658025,1
10304,136.4261335,213.1658025,1
10305,136.4261335,213.1658025,1
10306,136.4261335,213.1658025,1
10307,133.5839225,213.1658025,1
10308,133.5839225,213.1658025,1
10309,133.5839225,213.1658025,1
10310,133.5839225,213.1658025,1
10311,133.5839225,213.1658025,1
10312,133.5839225,213.1658025,1
10313,133.5839225,213.1658025,1
10314,133.5839225,213.1658025,1
10315,133.5839225,213.1658025,1
10316,133.5839225,213.1658025,1
10317,133.5839225,213.1658025,1
10318,133.5839225,213.1658025,1
10319,133.5839225,213.1658025,1
10320,133.5839225,213.1658025,1
10321,133.5839225,213.1658025,1
10322,133.5839225,213.1658025,1
10323,133.5839225,210.3235918,1
10324,133.5839225,210.3235918,1
10325,133.5839225,210.3235918,1
10326,133.5839225,210.3235918,1
10327,133.5839225,210.3235918,1
10328,133.5839225,210.3235918,1
10329,133.5839225,210.3235918,1
10330,133.5839225,210.3235918,1
10331,133.5839225,210.3235918,1
10332,136.4261335,210.3235918,1
10333,136.4261335,210.3235918,1
10334,136.4261335,210.3235918,1
10335,136.4261335,210.3235918,1
10336,136.4261335,210.3235918,1
10337,136.4261335,210.3235918,1
10338,136.4261335,210.3235918,1
10339,136.4261335,210.3235918,1
10340,136.4261335,210.3235918,1
10341,136.4261335,210.3235918,1
10342,136.4261335,210.3235918,1
10343,136.4261335,210.3235918,1
10344,136.4261335,210.3235918,1
10345,136.4261335,210.3235918,1
10346,136.4261335,210.3235918,1
10347,136.4261335,210.3235918,1
10348,136.4261335,210.3235918,1
10349,136.4261335,210.3235918,1
10350,136.4261335,210.3235918,1
10351,136.4261335,210.3235918,1
10352,136.4261335,207.4813811,1
10353,136.4261335,207.4813811,1
10354,136.4261335,207.4813811,1
10355,136.4261335,207.4813811,1
10356,136.4261335,207.4813811,1
10357,136.4261335,207.4813811,1
10358,136.4261335,207.4813811,1
10359,136.4261335,207.4813811,1
10360,136.4261335,207.4813811,1
10361,136.4261335,207.4813811,1
10362,136.4261335,207.4813811,1
10363,136.4261335,207.4813811,1
10364,136.4261335,207.4813811,1
10365,136.4261335,207.4813811,1
10366,136.4261335,207.4813811,1
10367,136.4261335,207.4813811,1
10368,136.4261336,207.4813811,1
10369,136.4261337,207.4813811,1
10370,136.4261337,207.4813811,1
10371,136.4261337,207.4813811,1
10372,136.4261337,207.4813811,1
10373,136.4261337,207.4813811,1
10374,136.4261337,207.4813811,1
10375,136.4261337,207.4813811,1
10376,136.4261337,207.4813811,1
10377,136.4261337,207.4813811,1
10378,136.4261337,207.4813811,1
10379,136.4261337,207.4813811,1
10380,136.4261337,207.4813811,1
10381,136.4261337,207.4813811,1
10382,136.4261337,207.4813811,1
10383,136.4261337,207.4813811,1
10384,136.4261337,207.4813811,1
10385,136.4261337,207.4813811,1
10386,136.4261337,207.4813811,1
10387,136.4261337,207.4813811,1
10388,136.4261337,210.3235918,1
10389,136.4261337,210.3235918,1
10390,136.4261337,210.3235918,1
10391,136.4261337,210.3235918,1
10392,136.4261337,210.3235918,1
10393,136.4261337,210.3235918,1
10394,136.4261337,210.3235918,1
10395,136.4261337,210.3235918,1
10396,136.4261337,210.3235918,1
10397,136.4261337,210.3235918,1
10398,136.4261337,210.3235918,1
10399,136.4261337,210.3235918,1
10400,136.4261337,210.3235918,1
10401,136.4261337,210.3235918,1
10402,136.4261337,210.3235918,1
10403,136.4261337,210.3235918,1
10404,136.4261337,210.3235918,1
10405,136.4261337,210.3235918,1
10406,136.4261337,210.3235918,1
10407,136.4261337,210.3235918,1
10408,136.4261337,210.3235918,1
10409,136.4261337,210.3235918,1
10410,136.4261337,210.3235918,1
10411,136.4261337,210.3235918,1
10412,136.4261337,210.3235918,1
10413,136.4261337,210.3235918,1
10414,136.4261337,210.3235918,1
10415,136.4261337,210.3235918,1
10416,136.4261337,210.3235918,1
10417,136.4261337,210.3235918,1
10418,136.4261337,210.3235918,1
10419,133.5839223,210.3235918,1
10420,133.5839223,210.3235918,1
10421,133.5839223,210.3235918,1
10422,133.5839223,210.3235918,1
10423,133.5839223,210.3235918,1
10424,133.5839223,210.3235918,1
10425,133.5839223,210.3235918,1
10426,133.5839223,210.3235918,1
10427,133.5839223,210.3235918,1
10428,133.5839223,210.3235918,1
10429,133.5839223,210.3235918,1
10430,133.5839223,210.3235918,1
10431,133.5839223,210.3235918,1
10432,133.5839223,210.3235918,1
10433,133.5839223,210.3235918,1
10434,133.5839223,210.3235918,1
10435,133.5839223,210.3235918,1
10436,133.5839223,213.1658025,1
10437,133.5839223,213.1658025,1
10438,133.5839223,213.1658025,1
10439,133.5839223,213.1658025,1
10440,133.5839223,213.1658025,1
10441,133.5839223,213.1658025,1
10442,133.5839223,213.1658025,1
10443,133.5839223,213.1658025,1
10444,133.5839223,213.1658025,1
10445,133.5839223,213.1658025,1
10446,133.5839223,213.1658025,1
10447,133.5839223,213.1658025,1
10448,133.5839223,213.1658025,1
10449,133.5839223,213.1658025,1
10450,133.5839223,213.1658025,1
10451,133.5839223,213.1658025,1
10452,133.5839223,213.1658025,1
10453,133.5839223,213.1658025,1
10454,133.5839223,213.1658025,1
10455,133.5839223,213.1658025,1
10456,133.5839223,213.1658025,1
10457,133.5839223,213.1658025,1
10458,133.5839223,213.1658025,1
10459,133.5839223,213.1658025,1
10460,133.5839223,213.1658025,1
10461,133.5839223,213.1658025,1
10462,133.5839223,213.1658025,1
10463,133.5839223,213.1658025,1
10464,133.5839223,213.1658025,1
10465,133.5839223,213.1658025,1
10466,133.5839223,213.1658025,1
10467,133.5839223,213.1658025,1
10468,133.5839223,213.1658025,1
10469,133.5839223,213.1658025,1
10470,133.5839223,213.1658025,1
10471,133.5839223,213.1658025,1
10472,133.5839223,213.1658025,1
10473,133.5839223,213.1658025,1
10474,133.5839223,213.1658025,1
10475,133.5839223,213.1658025,1
10476,133.5839223,213.1658025,1
10477,133.5839223,213.1658025,1
10478,130.7417114,213.1658025,1
10479,130.7417114,213.1658025,1
10480,130.7417114,213.1658025,1
10481,133.5839223,213.1658025,1
10482,133.5839223,213.1658025,1
10483,133.5839223,213.1658025,1
10484,133.5839223,213.1658025,1
10485,133.5839223,213.1658025,1
10486,133.5839223,210.3235918,1
10487,133.5839223,210.3235918,1
10488,133.5839223,210.3235918,1
10489,133.5839223,210.3235918,1
10490,133.5839223,210.3235918,1
10491,133.5839223,207.4813811,1
10492,133.5839223,207.4813811,1
10493,133.5839223,207.4813811,1
10494,133.5839223,207.4813811,1
10495,133.5839223,207.4813811,1
10496,133.5839223,207.4813811,1
10497,133.5839223,207.4813811,1
10498,133.5839223,207.4813811,1
10499,133.5839223,207.4813811,1
10500,133.5839223,207.4813811,1
10501,133.5839223,207.4813811,1
10502,133.5839223,204.6391704,1
10503,133.5839223,204.6391704,1
10504,133.5839223,204.6391704,1
10505,133.5839223,204.6391704,1
10506,133.5839223,204.6391704,1
10507,133.5839223,204.6391704,1
10508,133.5839223,204.6391704,1
10509,133.5839223,204.6391704,1
10510,133.5839223,204.6391704,1
10511,133.5839223,204.6391704,1
10512,133.5839223,204.6391704,1
10513,133.5839223,204.6391704,1
10514,133.5839223,204.6391704,1
10515,133.5839223,204.6391704,1
10516,133.5839223,204.6391704,1
10517,133.5839223,204.6391704,1
10518,133.5839223,204.6391704,1
10519,133.5839223,204.6391704,1
10520,133.5839223,204.6391704,1
10521,133.5839223,204.6391704,1
10522,133.5839223,204.6391704,1
10523,133.5839223,204.6391704,1
10524,133.5839223,204.6391704,1
10525,133.5839223,204.6391704,1
10526,133.5839225,204.6391704,1
10527,133.5839225,204.6391704,1
10528,133.5839225,204.6391704,1
10529,133.5839225,207.4813811,1
10530,133.5839225,207.4813811,1
10531,133.5839225,207.4813811,1
10532,133.5839225,207.4813811,1
10533,133.5839225,207.4813811,1
10534,133.5839225,207.4813811,1
10535,133.5839225,207.4813811,1
10536,133.5839225,207.4813811,1
10537,133.5839225,207.4813811,1
10538,133.5839225,207.4813811,1
10539,133.5839225,207.4813811,1
10540,133.5839225,210.3235918,1
10541,133.5839225,210.3235918,1
10542,133.5839225,210.3235918,1
10543,133.5839225,210.3235918,1
10544,133.5839225,210.3235918,1
10545,133.5839226,210.3235918,1
10546,133.5839226,210.3235918,1
10547,133.5839226,210.3235918,1
10548,133.5839226,210.3235918,1
10549,133.5839226,210.3235918,1
10550,133.5839226,210.3235918,1
10551,133.5839226,210.3235918,1
10552,133.5839226,210.3235918,1
10553,133.5839226,210.3235918,1
10554,133.5839226,210.3235918,1
10555,133.5839226,210.3235918,1
10556,133.5839226,210.3235918,1
10557,133.5839226,210.3235918,1
10558,133.5839226,210.3235918,1
10559,133.5839226,210.3235918,1
10560,133.5839226,210.3235918,1
10561,133.5839226,210.3235918,1
10562,133.5839226,210.3235918,1
10563,133.5839226,210.3235918,1
10564,133.5839226,210.3235918,1
10565,133.5839226,210.3235918,1
10566,133.5839226,210.3235918,1
10567,133.5839226,210.3235918,1
10568,133.5839226,210.3235918,1
10569,133.5839226,210.3235918,1
10570,133.5839226,210.3235918,1
10571,133.5839226,210.3235918,1
10572,133.5839226,210.3235918,1
10573,133.5839226,210.3235918,1
10574,133.5839226,210.3235918,1
10575,133.5839226,210.3235918,1
10576,133.5839226,210.3235918,1
10577,133.5839226,210.3235918,1
10578,133.5839226,210.3235918,1
10579,133.5839226,210.3235918,1
10580,133.5839226,210.3235918,1
10581,133.5839226,210.3235918,1
10582,133.5839226,210.3235918,1
10583,133.5839226,210.3235918,1
10584,133.5839226,210.3235918,1
10585,133.5839226,210.3235918,1
10586,133.5839226,210.3235918,1
10587,133.5839226,210.3235918,1
10588,133.5839226,210.3235918,1
10589,133.5839226,210.3235918,1
10590,133.5839226,204.6391704,1
10591,133.5839226,204.6391704,1
10592,133.5839226,204.6391704,1
10593,133.5839226,204.6391704,1
10594,133.5839226,204.6391704,1
