,Voltage,Current,Action
0,19.89547787,5.6844214,0
1,28.42211117,8.5266321,0
2,28.42211117,17.0532642,0
3,28.42211117,22.7376856,0
4,28.42211117,22.7376856,0
5,36.94874454,22.7376856,0
6,51.15980016,22.7376856,0
7,54.00201129,22.7376856,0
8,56.84422241,22.7376856,0
9,62.52864459,22.7376856,0
10,62.52864459,31.2643177,0
11,68.21306684,31.2643177,0
12,68.21306684,34.1065284,0
13,68.21306684,34.1065284,0
14,68.21306684,45.4753712,0
15,68.21306684,45.4753712,0
16,68.21306684,45.4753712,0
17,68.21306684,45.4753712,0
18,68.21306684,45.4753712,0
19,68.21306684,45.4753712,0
20,68.21306684,45.4753712,0
21,68.21306684,45.4753712,0
22,68.21306684,45.4753712,0
23,68.21306684,45.4753712,0
24,73.89748909,45.4753712,0
25,73.89748909,45.4753712,0
26,73.89748909,45.4753712,0
27,79.58191134,45.4753712,0
28,79.58191134,45.4753712,0
29,79.58191134,45.4753712,0
30,79.58191134,45.4753712,0
31,79.58191134,45.4753712,0
32,79.58191134,45.4753712,0
33,79.58191134,45.4753712,0
34,79.58191134,45.4753712,0
35,79.58191134,45.4753712,0
36,79.58191134,45.4753712,0
37,79.58191134,45.4753712,0
38,79.58191134,45.4753712,0
39,79.58191134,45.4753712,0
40,79.58191134,45.4753712,0
41,82.42412246,45.4753712,0
42,82.42412246,45.4753712,0
43,82.42412246,45.4753712,0
44,82.42412246,45.4753712,0
45,82.42412246,45.4753712,0
46,82.42412246,45.4753712,0
47,82.42412246,45.4753712,0
48,82.42412246,45.4753712,0
49,82.42412246,45.4753712,0
50,82.42412246,45.4753712,0
51,82.42412246,45.4753712,0
52,82.42412246,45.4753712,0
53,82.42412246,45.4753712,0
54,82.42412246,45.4753712,0
55,82.42412246,45.4753712,0
56,82.42412246,45.4753712,0
57,82.42412246,45.4753712,0
58,82.42412246,45.4753712,0
59,82.42412246,45.4753712,0
60,82.42412246,45.4753712,0
61,82.42412246,45.4753712,0
62,82.42412246,45.4753712,0
63,82.42412246,45.4753712,0
64,82.42412246,45.4753712,0
65,82.42412246,45.4753712,0
66,82.42412246,45.4753712,0
67,82.42412246,45.4753712,0
68,82.42412246,45.4753712,0
69,82.42412246,45.4753712,0
70,82.42412246,45.4753712,0
71,82.42412246,45.4753712,0
72,82.42412246,45.4753712,0
73,82.42412246,45.4753712,0
74,82.42412246,45.4753712,0
75,82.42412246,45.4753712,0
76,82.42412246,45.4753712,0
77,82.42412246,45.4753712,0
78,82.42412246,45.4753712,0
79,93.79296696,45.4753712,0
80,93.79296696,45.4753712,0
81,93.79296696,54.0020033,0
82,96.63517808,54.0020033,0
83,96.63517808,54.0020033,0
84,96.63517808,62.5286354,0
85,110.8462336,62.5286354,0
86,110.8462336,62.5286354,0
87,110.8462336,62.5286354,0
88,110.8462336,62.5286354,0
89,110.8462336,62.5286354,0
90,110.8462336,62.5286354,0
91,110.8462336,62.5286354,0
92,110.8462336,62.5286354,0
93,110.8462336,73.8974782,0
94,127.8995004,73.8974782,0
95,127.8995004,73.8974782,0
96,127.8995004,73.8974782,0
97,127.8995004,79.5818996,0
98,127.8995004,79.5818996,0
99,127.8995004,79.5818996,0
100,127.8995004,79.5818996,0
101,127.8995004,79.5818996,0
102,130.7417115,79.5818996,0
103,130.7417115,79.5818996,0
104,130.7417115,82.4241103,0
105,136.4261337,82.4241103,0
106,136.4261337,82.4241103,0
107,136.4261337,82.4241103,0
108,136.4261337,82.4241103,0
109,136.4261337,88.1085317,0
110,136.4261337,88.1085317,0
111,136.4261337,93.7929531,0
112,139.2683449,93.7929531,0
113,139.2683449,93.7929531,0
114,139.2683449,93.7929531,0
115,139.2683449,93.7929531,0
116,139.2683449,93.7929531,0
117,139.2683449,93.7929531,0
118,139.2683449,102.3195852,0
119,139.2683449,102.3195852,0
120,139.2683449,102.3195852,0
121,139.2683449,102.3195852,0
122,139.2683449,102.3195852,0
123,139.2683449,102.3195852,0
124,139.2683449,102.3195852,0
125,139.2683449,102.3195852,0
126,139.2683449,102.3195852,0
127,139.2683449,102.3195852,0
128,139.2683449,102.3195852,0
129,139.2683449,102.3195852,0
130,139.2683449,102.3195852,0
131,139.2683449,102.3195852,0
132,139.2683449,102.3195852,0
133,139.2683449,105.1617959,0
134,139.2683449,105.1617959,0
135,139.2683449,105.1617959,0
136,139.2683449,105.1617959,0
137,139.2683449,105.1617959,0
138,139.2683449,105.1617959,0
139,139.2683449,105.1617959,0
140,139.2683449,105.1617959,0
141,139.2683449,105.1617959,0
142,139.2683449,105.1617959,0
143,139.2683449,105.1617959,0
144,139.2683449,105.1617959,0
145,139.2683449,105.1617959,0
146,139.2683449,105.1617959,0
147,139.2683449,105.1617959,0
148,139.2683449,105.1617959,0
149,139.2683449,105.1617959,0
150,139.2683449,105.1617959,0
151,139.2683449,105.1617959,0
152,139.2683449,108.0040066,0
153,139.2683449,108.0040066,0
154,139.2683449,108.0040066,0
155,139.2683449,108.0040066,0
156,139.2683449,108.0040066,0
157,139.2683449,110.8462173,0
158,139.2683449,110.8462173,0
159,139.2683449,110.8462173,0
160,139.2683449,110.8462173,0
161,139.2683449,110.8462173,0
162,139.2683449,110.8462173,0
163,142.110556,110.8462173,0
164,150.6371894,110.8462173,0
165,150.6371894,110.8462173,0
166,150.6371894,110.8462173,0
167,150.6371894,122.2150601,0
168,150.6371894,122.2150601,0
169,150.6371894,122.2150601,0
170,150.6371894,122.2150601,0
171,150.6371894,125.0572708,0
172,150.6371894,125.0572708,0
173,150.6371894,125.0572708,0
174,150.6371894,125.0572708,0
175,150.6371894,125.0572708,0
176,156.3216115,127.8994815,0
177,156.3216115,127.8994815,0
178,156.3216115,127.8994815,0
179,156.3216115,127.8994815,0
180,170.5326672,127.8994815,0
181,170.5326672,139.2683243,0
182,170.5326672,139.2683243,0
183,170.5326672,139.2683243,0
184,176.2170894,139.2683243,0
185,176.2170894,139.2683243,0
186,176.2170894,139.2683243,0
187,176.2170894,139.2683243,0
188,176.2170894,139.2683243,0
189,176.2170894,139.2683243,0
190,179.0593005,139.2683243,0
191,179.0593005,139.2683243,0
192,179.0593005,139.2683243,0
193,179.0593005,139.2683243,0
194,179.0593005,139.2683243,0
195,179.0593005,139.2683243,0
196,179.0593005,159.1637992,0
197,179.0593005,159.1637992,0
198,179.0593005,159.1637992,0
199,198.9547783,159.1637992,0
200,198.9547783,159.1637992,0
201,198.9547783,159.1637992,0
202,198.9547783,159.1637992,0
203,198.9547783,159.1637992,0
204,201.7969895,159.1637992,0
205,201.7969895,159.1637992,0
206,201.7969895,164.8482206,0
207,201.7969895,167.6904313,0
208,201.7969895,167.6904313,0
209,201.7969895,167.6904313,0
210,201.7969895,167.6904313,0
211,213.165834,167.6904313,0
212,218.8502561,167.6904313,0
213,218.8502562,167.6904313,0
214,221.6924673,167.6904313,0
215,221.6924673,167.6904313,0
216,221.6924673,181.9014848,0
217,221.6924673,181.9014848,0
218,230.2191007,181.9014848,0
219,235.903523,181.9014848,0
220,235.903523,181.9014848,0
221,235.903523,181.9014848,0
222,235.903523,181.9014848,0
223,235.903523,198.954749,0
224,235.903523,198.954749,0
225,235.903523,198.954749,0
226,235.903523,198.954749,0
227,235.903523,198.954749,0
228,235.903523,198.954749,0
229,250.1145785,198.954749,0
230,250.1145785,198.954749,0
231,250.1145785,207.4813811,0
232,250.1145785,207.4813811,0
233,250.1145785,207.4813811,0
234,250.1145785,207.4813811,0
235,250.1145785,207.4813811,0
236,250.1145785,207.4813811,0
237,250.1145785,207.4813811,0
238,250.1145785,213.1658025,0
239,250.1145785,213.1658025,0
240,250.1145785,213.1658025,0
241,255.7990008,213.1658025,0
242,264.3256341,213.1658025,0
243,264.3256341,221.6924346,0
244,264.3256341,221.6924346,0
245,264.3256341,221.6924346,0
246,264.3256341,221.6924346,0
247,264.3256341,221.6924346,0
248,264.3256341,221.6924346,0
249,264.3256341,221.6924346,0
250,264.3256341,221.6924346,0
251,264.3256341,221.6924346,0
252,264.3256341,221.6924346,0
253,264.3256341,221.6924346,0
254,264.3256341,221.6924346,0
255,264.3256341,221.6924346,0
256,264.3256341,221.6924346,0
257,264.3256341,221.6924346,0
258,264.3256341,221.6924346,0
259,264.3256341,221.6924346,0
260,264.3256341,221.6924346,0
261,264.3256341,221.6924346,0
262,264.3256341,221.6924346,0
263,264.3256341,221.6924346,0
264,267.1678453,221.6924346,0
265,267.1678453,221.6924346,0
266,267.1678453,221.6924346,0
267,267.1678453,221.6924346,0
268,267.1678453,221.6924346,0
269,267.1678453,221.6924346,0
270,267.1678453,221.6924346,0
271,267.1678453,221.6924346,0
272,267.1678453,221.6924346,0
273,267.1678453,221.6924346,0
274,267.1678453,221.6924346,0
275,267.1678453,221.6924346,0
276,267.1678453,221.6924346,0
277,267.1678453,221.6924346,0
278,267.1678453,221.6924346,0
279,267.1678453,221.6924346,0
280,267.1678453,221.6924346,0
281,267.1678453,221.6924346,0
282,267.1678453,221.6924346,0
283,267.1678453,221.6924346,0
284,267.1678453,221.6924346,0
285,267.1678453,221.6924346,0
286,267.1678453,221.6924346,0
287,267.1678453,221.6924346,0
288,267.1678453,221.6924346,0
289,267.1678453,221.6924346,0
290,267.1678453,221.6924346,0
291,267.1678453,221.6924346,0
292,267.1678453,221.6924346,0
293,267.1678453,218.8502239,0
294,267.1678453,218.8502239,0
295,267.1678453,218.8502239,0
296,267.1678453,218.8502239,0
297,267.1678453,218.8502239,0
298,267.1678453,218.8502239,0
299,267.1678453,221.6924346,0
300,267.1678453,221.6924346,0
301,267.1678453,221.6924346,0
302,267.1678453,221.6924346,0
303,267.1678453,221.6924346,0
304,267.1678453,221.6924346,0
305,267.1678453,221.6924346,0
306,267.1678453,221.6924346,0
307,267.1678453,221.6924346,0
308,267.1678453,221.6924346,0
309,267.1678453,221.6924346,0
310,267.1678453,221.6924346,0
311,267.1678453,221.6924346,0
312,267.1678453,221.6924346,0
313,267.1678453,221.6924346,0
314,261.483423,221.6924346,0
315,264.3256341,221.6924346,0
316,264.3256341,221.6924346,0
317,264.3256341,221.6924346,0
318,264.3256341,221.6924346,0
319,264.3256341,221.6924346,0
320,264.3256341,221.6924346,0
321,267.1678453,221.6924346,0
322,267.1678453,221.6924346,0
323,267.1678453,221.6924346,0
324,267.1678453,221.6924346,0
325,267.1678453,221.6924346,0
326,267.1678453,221.6924346,0
327,267.1678453,221.6924346,0
328,267.1678453,221.6924346,0
329,267.1678453,221.6924346,0
330,267.1678453,221.6924346,0
331,267.1678453,221.6924346,0
332,267.1678453,221.6924346,0
333,267.1678453,221.6924346,0
334,267.1678453,221.6924346,0
335,267.1678453,221.6924346,0
336,267.1678453,221.6924346,0
337,267.1678453,221.6924346,0
338,267.1678453,221.6924346,0
339,267.1678453,221.6924346,0
340,267.1678453,221.6924346,0
341,267.1678453,221.6924346,0
342,267.1678453,221.6924346,0
343,267.1678453,221.6924346,0
344,267.1678453,221.6924346,0
345,267.1678453,221.6924346,0
346,267.1678453,221.6924346,0
347,267.1678453,221.6924346,0
348,267.1678453,221.6924346,0
349,267.1678453,218.8502239,0
350,267.1678453,218.8502239,0
351,267.1678453,218.8502239,0
352,267.1678453,218.8502239,0
353,267.1678453,218.8502239,0
354,267.1678453,218.8502239,0
355,267.1678453,218.8502239,0
356,267.1678453,218.8502239,0
357,267.1678453,218.8502239,0
358,267.1678453,218.8502239,0
359,267.1678453,218.8502239,0
360,267.1678453,218.8502239,0
361,267.1678453,218.8502239,0
362,267.1678453,218.8502239,0
363,267.1678453,218.8502239,0
364,267.1678453,218.8502239,0
365,267.1678453,218.8502239,0
366,267.1678453,218.8502239,0
367,267.1678453,218.8502239,0
368,267.1678453,218.8502239,0
369,267.1678453,218.8502239,0
370,267.1678453,218.8502239,0
371,267.1678453,218.8502239,0
372,267.1678453,218.8502239,0
373,267.1678453,218.8502239,0
374,267.1678453,218.8502239,0
375,267.1678453,218.8502239,0
376,267.1678453,218.8502239,0
377,267.1678453,218.8502239,0
378,267.1678453,218.8502239,0
379,270.0100563,218.8502239,0
380,270.0100563,218.8502239,0
381,270.0100563,218.8502239,0
382,270.0100563,218.8502239,0
383,270.0100563,221.6924346,0
384,270.0100563,221.6924346,0
385,270.0100563,221.6924346,0
386,270.0100563,221.6924346,0
387,270.0100563,221.6924346,0
388,270.0100563,221.6924346,0
389,270.0100563,221.6924346,0
390,270.0100563,221.6924346,0
391,270.0100563,221.6924346,0
392,270.0100563,221.6924346,0
393,270.0100563,221.6924346,0
394,270.0100563,221.6924346,0
395,270.0100563,221.6924346,0
396,270.0100563,221.6924346,0
397,270.0100563,221.6924346,0
398,270.0100563,221.6924346,0
399,270.0100563,221.6924346,0
400,270.0100563,221.6924346,0
401,270.0100563,221.6924346,0
402,270.0100563,221.6924346,0
403,270.0100563,221.6924346,0
404,270.0100563,221.6924346,0
405,270.0100563,221.6924346,0
406,270.0100563,221.6924346,0
407,270.0100563,221.6924346,0
408,270.0100563,221.6924346,0
409,270.0100563,221.6924346,0
410,270.0100563,221.6924346,0
411,270.0100563,221.6924346,0
412,270.0100563,221.6924346,0
413,270.0100563,221.6924346,0
414,270.0100563,221.6924346,0
415,270.0100563,221.6924346,0
416,270.0100563,221.6924346,0
417,270.0100563,221.6924346,0
418,270.0100563,221.6924346,0
419,270.0100563,221.6924346,0
420,270.0100563,221.6924346,0
421,270.0100563,221.6924346,0
422,270.0100563,221.6924346,0
423,270.0100563,221.6924346,0
424,270.0100563,221.6924346,0
425,270.0100563,221.6924346,0
426,270.0100563,221.6924346,0
427,270.0100563,221.6924346,0
428,270.0100563,221.6924346,0
429,267.1678452,221.6924346,0
430,267.1678452,221.6924346,0
431,267.1678452,221.6924346,0
432,267.1678452,221.6924346,0
433,238.745734,207.4813811,0
434,238.745734,207.4813811,0
435,238.745734,193.2703276,0
436,238.745734,193.2703276,0
437,238.745734,193.2703276,0
438,238.745734,193.2703276,0
439,238.745734,193.2703276,0
440,238.745734,193.2703276,0
441,238.745734,193.2703276,0
442,238.745734,193.2703276,0
443,207.4814117,193.2703276,0
444,207.4814117,193.2703276,0
445,207.4814117,193.2703276,0
446,207.4814117,193.2703276,0
447,207.4814117,193.2703276,0
448,207.4814117,193.2703276,0
449,207.4814117,193.2703276,0
450,207.4814117,187.5859062,0
451,207.4814117,187.5859062,0
452,207.4814117,187.5859062,0
453,207.4814117,187.5859062,0
454,196.1125673,187.5859062,0
455,196.1125673,187.5859062,0
456,196.1125673,187.5859062,0
457,196.1125673,187.5859062,0
458,184.7437227,187.5859062,0
459,184.7437227,187.5859062,0
460,184.7437227,179.0592741,0
461,184.7437227,179.0592741,0
462,184.7437227,179.0592741,0
463,184.7437227,179.0592741,0
464,184.7437227,179.0592741,0
465,184.7437227,179.0592741,0
466,184.7437227,179.0592741,0
467,184.7437227,179.0592741,0
468,184.7437227,179.0592741,0
469,184.7437227,179.0592741,0
470,184.7437227,179.0592741,0
471,184.7437227,179.0592741,0
472,184.7437227,179.0592741,0
473,184.7437227,179.0592741,0
474,184.7437227,179.0592741,0
475,184.7437227,179.0592741,0
476,184.7437227,179.0592741,0
477,184.7437227,179.0592741,0
478,184.7437227,179.0592741,0
479,184.7437227,179.0592741,0
480,176.2170893,179.0592741,0
481,176.2170893,179.0592741,0
482,176.2170893,179.0592741,0
483,176.2170893,179.0592741,0
484,176.2170893,179.0592741,0
485,173.3748783,179.0592741,0
486,173.3748783,179.0592741,0
487,173.3748783,179.0592741,0
488,173.3748783,181.9014848,0
489,173.3748783,181.9014848,0
490,173.3748783,181.9014848,0
491,173.3748783,181.9014848,0
492,173.3748783,184.7436955,0
493,173.3748783,184.7436955,0
494,173.3748783,184.7436955,0
495,173.3748783,184.7436955,0
496,173.3748783,184.7436955,0
497,173.3748783,184.7436955,0
498,173.3748783,184.7436955,0
499,173.3748783,184.7436955,0
500,173.3748783,184.7436955,0
501,173.3748783,184.7436955,0
502,173.3748783,184.7436955,0
503,173.3748783,184.7436955,0
504,173.3748783,187.5859062,0
505,173.3748783,187.5859062,0
506,173.3748783,187.5859062,0
507,173.3748783,187.5859062,0
508,173.3748783,187.5859062,0
509,173.3748783,187.5859062,0
510,173.3748783,187.5859062,0
511,173.3748783,187.5859062,0
512,173.3748783,187.5859062,0
513,173.3748783,187.5859062,0
514,173.3748783,187.5859062,0
515,173.3748783,187.5859062,0
516,173.3748783,187.5859062,0
517,173.3748783,187.5859062,0
518,173.3748783,187.5859062,0
519,173.3748783,187.5859062,0
520,173.3748783,187.5859062,0
521,173.3748783,187.5859062,0
522,173.3748783,190.4281169,0
523,173.3748783,190.4281169,0
524,173.3748783,190.4281169,0
525,173.3748783,190.4281169,0
526,173.3748783,190.4281169,0
527,173.3748783,190.4281169,0
528,173.3748783,193.2703276,0
529,173.3748783,193.2703276,0
530,173.3748783,193.2703276,0
531,173.3748783,193.2703276,0
532,173.3748783,193.2703276,0
533,173.3748783,193.2703276,0
534,173.3748783,193.2703276,0
535,173.3748783,193.2703276,0
536,173.3748783,193.2703276,0
537,173.3748783,193.2703276,0
538,173.3748783,193.2703276,0
539,173.3748783,193.2703276,0
540,173.3748783,193.2703276,0
541,173.3748783,193.2703276,0
542,173.3748783,193.2703276,0
543,173.3748783,193.2703276,0
544,173.3748783,193.2703276,0
545,173.3748783,193.2703276,0
546,173.3748783,193.2703276,0
547,173.3748783,193.2703276,0
548,173.3748783,193.2703276,0
549,173.3748783,193.2703276,0
550,173.3748783,193.2703276,0
551,173.3748783,193.2703276,0
552,173.3748783,196.1125383,0
553,173.3748783,196.1125383,0
554,173.3748783,196.1125383,0
555,173.3748783,196.1125383,0
556,173.3748783,196.1125383,0
557,173.3748783,196.1125383,0
558,173.3748783,198.954749,0
559,173.3748783,198.954749,0
560,173.3748783,198.954749,0
561,173.3748783,198.954749,0
562,173.3748783,198.954749,0
563,173.3748783,198.954749,0
564,173.3748783,198.954749,0
565,173.3748783,198.954749,0
566,173.3748783,198.954749,0
567,173.3748783,198.954749,0
568,173.3748783,198.954749,0
569,173.3748783,198.954749,0
570,173.3748783,198.954749,0
571,179.0593005,198.954749,0
572,179.0593005,198.954749,0
573,179.0593005,198.954749,0
574,179.0593005,198.954749,0
575,179.0593005,198.954749,0
576,179.0593005,198.954749,0
577,179.0593005,198.954749,0
578,179.0593005,198.954749,0
579,179.0593005,198.954749,0
580,179.0593005,198.954749,0
581,179.0593005,198.954749,0
582,179.0593005,198.954749,0
583,179.0593005,198.954749,0
584,179.0593005,201.7969597,0
585,179.0593005,201.7969597,0
586,179.0593005,201.7969597,0
587,179.0593005,201.7969597,0
588,179.0593005,201.7969597,0
589,179.0593005,201.7969597,0
590,179.0593005,207.4813811,0
591,179.0593005,207.4813811,0
592,179.0593005,207.4813811,0
593,179.0593005,207.4813811,0
594,181.9015117,207.4813811,0
595,181.9015117,207.4813811,0
596,181.9015117,207.4813811,0
597,181.9015117,207.4813811,0
598,181.9015117,207.4813811,0
599,181.9015117,207.4813811,0
600,181.9015117,207.4813811,0
601,181.9015117,207.4813811,0
602,181.9015117,207.4813811,0
603,181.9015117,207.4813811,0
604,181.9015117,207.4813811,0
605,181.9015117,207.4813811,0
606,181.9015117,207.4813811,0
607,181.9015117,207.4813811,0
608,181.9015117,207.4813811,0
609,181.9015117,207.4813811,0
610,181.9015117,207.4813811,0
611,181.9015117,207.4813811,0
612,181.9015117,207.4813811,0
613,181.9015117,207.4813811,0
614,181.9015117,207.4813811,0
615,181.9015117,207.4813811,0
616,181.9015117,207.4813811,0
617,181.9015117,207.4813811,0
618,181.9015117,207.4813811,0
619,181.9015117,207.4813811,0
620,181.9015117,207.4813811,0
621,181.9015117,207.4813811,0
622,181.9015117,207.4813811,0
623,181.9015117,207.4813811,0
624,181.9015117,207.4813811,0
625,181.9015117,207.4813811,0
626,181.9015117,207.4813811,0
627,181.9015117,207.4813811,0
628,181.9015117,207.4813811,0
629,181.9015117,207.4813811,0
630,181.9015117,207.4813811,0
631,181.9015117,207.4813811,0
632,181.9015117,207.4813811,0
633,181.9015117,207.4813811,0
634,181.9015117,207.4813811,0
635,181.9015117,207.4813811,0
636,181.9015117,207.4813811,0
637,181.9015117,207.4813811,0
638,181.9015117,207.4813811,0
639,181.9015117,207.4813811,0
640,181.9015117,207.4813811,0
641,181.9015117,207.4813811,0
642,181.9015117,207.4813811,0
643,181.9015117,207.4813811,0
644,179.0593005,207.4813811,0
645,179.0593005,207.4813811,0
646,179.0593005,207.4813811,0
647,179.0593005,207.4813811,0
648,179.0593005,207.4813811,0
649,179.0593005,207.4813811,0
650,179.0593005,207.4813811,0
651,179.0593005,207.4813811,0
652,179.0593005,207.4813811,0
653,179.0593005,207.4813811,0
654,179.0593005,207.4813811,0
655,179.0593005,207.4813811,0
656,179.0593005,207.4813811,0
657,179.0593005,207.4813811,0
658,181.9015117,207.4813811,0
659,181.9015117,207.4813811,0
660,181.9015117,207.4813811,0
661,184.7437227,207.4813811,0
662,184.7437227,207.4813811,0
663,184.7437227,207.4813811,0
664,184.7437227,207.4813811,0
665,184.7437227,207.4813811,0
666,184.7437227,207.4813811,0
667,184.7437227,207.4813811,0
668,184.7437227,207.4813811,0
669,184.7437227,207.4813811,0
670,184.7437227,207.4813811,0
671,184.7437227,207.4813811,0
672,184.7437227,207.4813811,0
673,184.7437227,207.4813811,0
674,184.7437227,207.4813811,0
675,184.7437227,207.4813811,0
676,184.7437227,207.4813811,0
677,184.7437227,207.4813811,0
678,184.7437227,207.4813811,0
679,184.7437227,207.4813811,0
680,184.7437227,207.4813811,0
681,184.7437227,207.4813811,0
682,184.7437227,207.4813811,0
683,184.7437227,207.4813811,0
684,184.7437227,207.4813811,0
685,184.7437227,207.4813811,0
686,184.7437227,207.4813811,0
687,184.7437227,207.4813811,0
688,184.7437227,207.4813811,0
689,184.7437227,207.4813811,0
690,184.7437227,207.4813811,0
691,184.7437227,207.4813811,0
692,184.7437227,207.4813811,0
693,184.7437227,207.4813811,0
694,184.7437227,207.4813811,0
695,184.7437228,207.4813811,0
696,184.7437228,207.4813811,0
697,184.7437228,207.4813811,0
698,196.1125672,207.4813811,0
699,196.1125672,207.4813811,0
700,196.1125672,207.4813811,0
701,196.1125672,207.4813811,0
702,196.1125672,207.4813811,0
703,196.1125672,221.6924346,0
704,196.1125672,221.6924346,0
705,196.1125673,221.6924346,0
706,196.1125673,221.6924346,0
707,196.1125673,221.6924346,0
708,196.1125673,221.6924346,0
709,204.6392006,221.6924346,0
710,213.165834,221.6924346,0
711,213.165834,221.6924346,0
712,213.165834,221.6924346,0
713,213.165834,221.6924346,0
714,213.165834,221.6924346,0
715,213.165834,221.6924346,0
716,213.165834,221.6924346,0
717,213.165834,221.6924346,0
718,213.165834,224.5346453,0
719,213.165834,224.5346453,0
720,213.165834,224.5346453,0
721,213.165834,224.5346453,0
722,213.165834,224.5346453,0
723,213.165834,224.5346453,0
724,213.165834,224.5346453,0
725,213.165834,224.5346453,0
726,213.165834,224.5346453,0
727,213.165834,224.5346453,0
728,213.165834,224.5346453,0
729,213.165834,224.5346453,0
730,213.165834,224.5346453,0
731,213.165834,224.5346453,0
732,213.165834,224.5346453,0
733,213.165834,224.5346453,0
734,213.165834,224.5346453,0
735,213.165834,224.5346453,0
736,213.165834,224.5346453,0
737,213.165834,224.5346453,0
738,213.165834,224.5346453,0
739,213.165834,224.5346453,0
740,213.165834,224.5346453,0
741,213.165834,224.5346453,0
742,213.165834,224.5346453,0
743,213.165834,224.5346453,0
744,213.165834,224.5346453,0
745,213.165834,224.5346453,0
746,213.165834,224.5346453,0
747,213.165834,224.5346453,0
748,213.165834,224.5346453,0
749,213.165834,224.5346453,0
750,213.165834,224.5346453,0
751,213.165834,224.5346453,0
752,213.165834,224.5346453,0
753,213.165834,224.5346453,0
754,213.165834,224.5346453,0
755,213.165834,224.5346453,0
756,213.165834,224.5346453,0
757,213.165834,224.5346453,0
758,213.165834,224.5346453,0
759,213.165834,224.5346453,0
760,210.3236228,224.5346453,0
761,193.2703561,224.5346453,0
762,193.2703561,224.5346453,0
763,193.2703561,224.5346453,0
764,193.2703561,224.5346453,0
765,193.2703561,224.5346453,0
766,193.2703561,224.5346453,0
767,193.2703561,224.5346453,0
768,193.2703561,224.5346453,0
769,193.2703561,224.5346453,0
770,193.2703561,224.5346453,0
771,193.2703561,224.5346453,0
772,193.2703561,221.6924346,0
773,193.2703561,221.6924346,0
774,193.2703561,221.6924346,0
775,190.428145,221.6924346,0
776,190.428145,221.6924346,0
777,190.428145,221.6924346,0
778,190.428145,221.6924346,0
779,190.428145,221.6924346,0
780,190.428145,221.6924346,0
781,190.428145,221.6924346,0
782,190.428145,221.6924346,0
783,190.428145,221.6924346,0
784,190.428145,221.6924346,0
785,190.428145,221.6924346,0
786,190.428145,221.6924346,0
787,190.428145,221.6924346,0
788,190.428145,221.6924346,0
789,190.428145,221.6924346,0
790,190.428145,221.6924346,0
791,190.428145,221.6924346,0
792,190.428145,221.6924346,0
793,190.428145,221.6924346,0
794,190.428145,221.6924346,0
795,190.428145,221.6924346,0
796,190.428145,221.6924346,0
797,190.428145,221.6924346,0
798,190.428145,221.6924346,0
799,190.428145,221.6924346,0
800,190.428145,221.6924346,0
801,190.428145,221.6924346,0
802,190.428145,221.6924346,0
803,190.428145,221.6924346,0
804,190.428145,221.6924346,0
805,190.428145,221.6924346,0
806,190.428145,221.6924346,0
807,187.5859338,221.6924346,0
808,187.5859338,221.6924346,0
809,187.5859338,221.6924346,0
810,187.5859338,221.6924346,0
811,187.5859338,221.6924346,0
812,187.5859338,221.6924346,0
813,187.5859338,221.6924346,0
814,187.5859338,221.6924346,0
815,187.5859338,221.6924346,0
816,187.5859338,221.6924346,0
817,187.5859338,221.6924346,0
818,187.5859338,221.6924346,0
819,187.5859338,221.6924346,0
820,187.5859338,221.6924346,0
821,187.5859338,221.6924346,0
822,187.5859338,221.6924346,0
823,187.5859338,221.6924346,0
824,187.5859338,221.6924346,0
825,187.5859338,221.6924346,0
826,187.5859338,221.6924346,0
827,187.5859338,221.6924346,0
828,187.5859338,218.8502239,0
829,187.5859338,218.8502239,0
830,187.5859338,218.8502239,0
831,187.5859338,218.8502239,0
832,187.5859338,218.8502239,0
833,187.5859338,218.8502239,0
834,187.5859338,218.8502239,0
835,187.5859338,218.8502239,0
836,187.5859338,218.8502239,0
837,187.5859338,218.8502239,0
838,187.5859338,218.8502239,0
839,187.5859338,218.8502239,0
840,187.5859338,218.8502239,0
841,187.5859338,218.8502239,0
842,187.5859338,218.8502239,0
843,187.5859338,218.8502239,0
844,187.5859338,218.8502239,0
845,187.5859338,218.8502239,0
846,187.5859338,218.8502239,0
847,187.5859338,218.8502239,0
848,187.5859338,218.8502239,0
849,187.5859338,218.8502239,0
850,187.5859338,218.8502239,0
851,187.5859338,218.8502239,0
852,187.5859338,218.8502239,0
853,187.5859338,218.8502239,0
854,187.5859338,218.8502239,0
855,184.7437228,218.8502239,0
856,184.7437228,218.8502239,0
857,184.7437228,218.8502239,0
858,184.7437228,218.8502239,0
859,184.7437228,218.8502239,0
860,184.7437228,218.8502239,0
861,184.7437228,218.8502239,0
862,184.7437228,218.8502239,0
863,184.7437228,218.8502239,0
864,184.7437228,218.8502239,0
865,184.7437228,218.8502239,0
866,184.7437228,218.8502239,0
867,184.7437228,218.8502239,0
868,184.7437228,218.8502239,0
869,184.7437228,218.8502239,0
870,184.7437228,218.8502239,0
871,184.7437228,218.8502239,0
872,184.7437228,218.8502239,0
873,184.7437228,218.8502239,0
874,184.7437228,218.8502239,0
875,184.7437228,218.8502239,0
876,184.7437228,218.8502239,0
877,184.7437228,218.8502239,0
878,184.7437228,218.8502239,0
879,184.7437228,218.8502239,0
880,184.7437228,218.8502239,0
881,184.7437228,218.8502239,0
882,184.7437228,218.8502239,0
883,184.7437228,218.8502239,0
884,184.7437228,218.8502239,0
885,184.7437228,218.8502239,0
886,184.7437228,218.8502239,0
887,184.7437228,218.8502239,0
888,184.7437228,218.8502239,0
889,184.7437228,218.8502239,0
890,184.7437228,218.8502239,0
891,181.9015117,218.8502239,0
892,181.9015117,218.8502239,0
893,181.9015117,218.8502239,0
894,181.9015117,218.8502239,0
895,181.9015117,218.8502239,0
896,181.9015117,218.8502239,0
897,181.9015117,218.8502239,0
898,181.9015117,218.8502239,0
899,181.9015117,218.8502239,0
900,181.9015117,218.8502239,0
901,181.9015117,218.8502239,0
902,181.9015117,218.8502239,0
903,181.9015117,218.8502239,0
904,181.9015117,218.8502239,0
905,181.9015117,218.8502239,0
906,181.9015117,218.8502239,0
907,181.9015117,218.8502239,0
908,181.9015117,218.8502239,0
909,181.9015117,218.8502239,0
910,181.9015117,218.8502239,0
911,181.9015117,218.8502239,0
912,181.9015117,218.8502239,0
913,181.9015117,218.8502239,0
914,181.9015117,218.8502239,0
915,181.9015117,218.8502239,0
916,181.9015117,218.8502239,0
917,181.9015117,218.8502239,0
918,181.9015117,218.8502239,0
919,181.9015117,218.8502239,0
920,181.9015117,218.8502239,0
921,181.9015117,218.8502239,0
922,181.9015117,218.8502239,0
923,181.9015117,218.8502239,0
924,181.9015117,218.8502239,0
925,181.9015117,218.8502239,0
926,181.9015117,218.8502239,0
927,181.9015117,218.8502239,0
928,181.9015117,218.8502239,0
929,181.9015117,218.8502239,0
930,181.9015117,216.0080132,0
931,181.9015117,216.0080132,0
932,181.9015117,216.0080132,0
933,181.9015117,216.0080132,0
934,181.9015117,216.0080132,0
935,181.9015117,216.0080132,0
936,181.9015116,218.8502239,0
937,181.9015116,218.8502239,0
938,181.9015116,218.8502239,0
939,181.9015116,218.8502239,0
940,181.9015116,218.8502239,0
941,181.9015116,218.8502239,0
942,181.9015116,218.8502239,0
943,181.9015116,218.8502239,0
944,181.9015116,218.8502239,0
945,181.9015116,218.8502239,0
946,181.9015116,218.8502239,0
947,181.9015116,218.8502239,0
948,181.9015116,218.8502239,0
949,181.9015116,218.8502239,0
950,181.9015116,218.8502239,0
951,181.9015116,218.8502239,0
952,181.9015116,218.8502239,0
953,181.9015116,218.8502239,0
954,181.9015116,218.8502239,0
955,181.9015116,218.8502239,0
956,181.9015116,218.8502239,0
957,181.9015116,218.8502239,0
958,181.9015116,218.8502239,0
959,181.9015116,218.8502239,0
960,181.9015116,218.8502239,0
961,181.9015116,218.8502239,0
962,173.3748783,218.8502239,0
963,173.3748783,218.8502239,0
964,173.3748783,218.8502239,0
965,173.3748783,218.8502239,0
966,173.3748783,218.8502239,0
967,173.3748783,218.8502239,0
968,173.3748783,218.8502239,0
969,173.3748783,218.8502239,0
970,173.3748783,218.8502239,0
971,173.3748783,218.8502239,0
972,173.3748783,218.8502239,0
973,173.3748783,218.8502239,0
974,173.3748783,218.8502239,0
975,173.3748783,218.8502239,0
976,173.3748783,218.8502239,0
977,173.3748783,218.8502239,0
978,173.3748783,218.8502239,0
979,173.3748783,218.8502239,0
980,173.3748783,218.8502239,0
981,179.0593005,218.8502239,0
982,179.0593005,218.8502239,0
983,179.0593005,218.8502239,0
984,179.0593005,218.8502239,0
985,179.0593005,218.8502239,0
986,179.0593005,218.8502239,0
987,179.0593005,218.8502239,0
988,179.0593005,218.8502239,0
989,179.0593005,218.8502239,0
990,179.0593005,218.8502239,0
991,179.0593005,218.8502239,0
992,179.0593005,218.8502239,0
993,179.0593005,218.8502239,0
994,179.0593005,218.8502239,0
995,179.0593005,218.8502239,0
996,179.0593005,218.8502239,0
997,179.0593005,218.8502239,0
998,179.0593005,218.8502239,0
999,179.0593005,218.8502239,0
1000,179.0593005,218.8502239,0
1001,179.0593005,218.8502239,0
1002,179.0593005,218.8502239,0
1003,179.0593005,218.8502239,0
1004,179.0593005,218.8502239,0
1005,179.0593005,218.8502239,0
1006,179.0593005,218.8502239,0
1007,179.0593005,218.8502239,0
1008,179.0593005,218.8502239,0
1009,179.0593005,218.8502239,0
1010,179.0593005,218.8502239,0
1011,179.0593005,218.8502239,0
1012,179.0593005,218.8502239,0
1013,179.0593005,218.8502239,0
1014,179.0593005,218.8502239,0
1015,179.0593005,218.8502239,0
1016,179.0593005,218.8502239,0
1017,179.0593005,218.8502239,0
1018,179.0593005,218.8502239,0
1019,179.0593005,218.8502239,0
1020,179.0593005,218.8502239,0
1021,179.0593005,218.8502239,0
1022,179.0593005,218.8502239,0
1023,179.0593005,218.8502239,0
1024,179.0593005,218.8502239,0
1025,179.0593005,218.8502239,0
1026,179.0593005,218.8502239,0
1027,179.0593005,218.8502239,0
1028,179.0593005,218.8502239,0
1029,179.0593005,218.8502239,0
1030,179.0593005,218.8502239,0
1031,179.0593005,218.8502239,0
1032,179.0593005,218.8502239,0
1033,179.0593005,218.8502239,0
1034,179.0593005,221.6924346,0
1035,179.0593005,221.6924346,0
1036,179.0593005,221.6924346,0
1037,179.0593005,221.6924346,0
1038,179.0593005,221.6924346,0
1039,179.0593005,221.6924346,0
1040,179.0593005,221.6924346,0
1041,176.2170894,221.6924346,0
1042,176.2170894,221.6924346,0
1043,176.2170894,221.6924346,0
1044,176.2170894,221.6924346,0
1045,176.2170894,221.6924346,0
1046,176.2170894,221.6924346,0
1047,176.2170894,221.6924346,0
1048,176.2170894,221.6924346,0
1049,176.2170894,221.6924346,0
1050,176.2170894,221.6924346,0
1051,176.2170894,221.6924346,0
1052,176.2170894,221.6924346,0
1053,176.2170894,221.6924346,0
1054,176.2170894,221.6924346,0
1055,176.2170894,221.6924346,0
1056,176.2170894,221.6924346,0
1057,176.2170894,221.6924346,0
1058,176.2170894,221.6924346,0
1059,176.2170894,221.6924346,0
1060,176.2170894,221.6924346,0
1061,176.2170894,221.6924346,0
1062,176.2170894,221.6924346,0
1063,176.2170894,221.6924346,0
1064,176.2170894,221.6924346,0
1065,176.2170894,221.6924346,0
1066,176.2170894,221.6924346,0
1067,176.2170894,221.6924346,0
1068,176.2170894,221.6924346,0
1069,176.2170894,221.6924346,0
1070,176.2170894,221.6924346,0
1071,176.2170894,221.6924346,0
1072,164.8482449,221.6924346,0
1073,164.8482449,221.6924346,0
1074,164.8482449,221.6924346,0
1075,164.8482449,221.6924346,0
1076,170.5326672,221.6924346,0
1077,170.5326672,221.6924346,0
1078,170.5326672,221.6924346,0
1079,170.5326672,221.6924346,0
1080,170.5326672,221.6924346,0
1081,170.5326672,221.6924346,0
1082,170.5326672,221.6924346,0
1083,170.5326672,221.6924346,0
1084,170.5326672,218.8502239,0
1085,170.5326672,218.8502239,0
1086,170.5326672,218.8502239,0
1087,170.5326672,218.8502239,0
1088,170.5326672,218.8502239,0
1089,170.5326672,218.8502239,0
1090,170.5326672,218.8502239,0
1091,170.5326672,218.8502239,0
1092,170.5326672,218.8502239,0
1093,170.5326672,218.8502239,0
1094,170.5326672,218.8502239,0
1095,170.5326672,218.8502239,0
1096,170.5326672,218.8502239,0
1097,170.5326672,218.8502239,0
1098,170.5326672,218.8502239,0
1099,170.5326672,218.8502239,0
1100,170.5326672,218.8502239,0
1101,170.5326672,216.0080132,0
1102,170.5326672,216.0080132,0
1103,170.5326672,216.0080132,0
1104,170.5326672,216.0080132,0
1105,170.5326672,216.0080132,0
1106,170.5326672,216.0080132,0
1107,170.5326672,216.0080132,0
1108,170.5326672,216.0080132,0
1109,170.5326672,216.0080132,0
1110,170.5326672,216.0080132,0
1111,170.5326672,216.0080132,0
1112,170.5326672,216.0080132,0
1113,170.5326672,216.0080132,0
1114,170.5326672,216.0080132,0
1115,170.5326672,216.0080132,0
1116,170.5326672,216.0080132,0
1117,170.5326672,216.0080132,0
1118,170.5326672,216.0080132,0
1119,170.5326672,216.0080132,0
1120,170.5326672,216.0080132,0
1121,170.5326672,216.0080132,0
1122,170.5326672,216.0080132,0
1123,170.5326672,216.0080132,0
1124,170.5326672,216.0080132,0
1125,170.5326672,216.0080132,0
1126,167.690456,216.0080132,0
1127,167.690456,216.0080132,0
1128,167.690456,216.0080132,0
1129,167.690456,216.0080132,0
1130,170.5326672,216.0080132,0
1131,170.5326672,216.0080132,0
1132,170.5326672,216.0080132,0
1133,170.5326672,216.0080132,0
1134,170.5326672,216.0080132,0
1135,170.5326672,216.0080132,0
1136,170.5326672,216.0080132,0
1137,170.5326672,216.0080132,0
1138,170.5326672,216.0080132,0
1139,170.5326672,216.0080132,0
1140,170.5326672,216.0080132,0
1141,170.5326672,216.0080132,0
1142,170.5326672,216.0080132,0
1143,170.5326672,216.0080132,0
1144,170.5326672,216.0080132,0
1145,170.5326672,216.0080132,0
1146,170.5326672,216.0080132,0
1147,170.5326672,216.0080132,0
1148,170.5326672,216.0080132,0
1149,170.5326672,216.0080132,0
1150,170.5326672,216.0080132,0
1151,170.5326672,216.0080132,0
1152,170.5326672,216.0080132,0
1153,170.5326672,216.0080132,0
1154,170.5326672,216.0080132,0
1155,170.5326672,216.0080132,0
1156,170.5326672,216.0080132,0
1157,170.5326672,216.0080132,0
1158,170.5326672,216.0080132,0
1159,170.5326672,216.0080132,0
1160,170.5326672,216.0080132,0
1161,170.5326672,216.0080132,0
1162,170.5326672,216.0080132,0
1163,170.5326672,216.0080132,0
1164,170.5326672,218.8502239,0
1165,170.5326672,218.8502239,0
1166,170.5326672,218.8502239,0
1167,170.5326672,218.8502239,0
1168,170.5326672,218.8502239,0
1169,170.5326672,218.8502239,0
1170,170.5326672,218.8502239,0
1171,170.5326672,218.8502239,0
1172,170.5326672,218.8502239,0
1173,170.5326672,218.8502239,0
1174,170.5326672,218.8502239,0
1175,170.5326672,218.8502239,0
1176,170.5326672,218.8502239,0
1177,170.5326672,218.8502239,0
1178,170.5326672,218.8502239,0
1179,170.5326672,218.8502239,0
1180,167.690456,218.8502239,0
1181,167.690456,218.8502239,0
1182,167.690456,218.8502239,0
1183,167.690456,218.8502239,0
1184,167.690456,218.8502239,0
1185,167.690456,218.8502239,0
1186,167.690456,218.8502239,0
1187,167.690456,218.8502239,0
1188,167.690456,218.8502239,0
1189,167.690456,218.8502239,0
1190,167.690456,218.8502239,0
1191,167.690456,218.8502239,0
1192,167.690456,218.8502239,0
1193,167.690456,218.8502239,0
1194,167.690456,218.8502239,0
1195,167.690456,218.8502239,0
1196,167.690456,218.8502239,0
1197,167.690456,218.8502239,0
1198,167.690456,218.8502239,0
1199,167.690456,218.8502239,0
1200,167.690456,218.8502239,0
1201,167.690456,218.8502239,0
1202,167.690456,218.8502239,0
1203,167.690456,218.8502239,0
1204,167.690456,218.8502239,0
1205,167.690456,218.8502239,0
1206,167.690456,218.8502239,0
1207,167.690456,218.8502239,0
1208,167.690456,218.8502239,0
1209,167.690456,218.8502239,0
1210,167.690456,218.8502239,0
1211,167.690456,218.8502239,0
1212,167.690456,218.8502239,0
1213,167.690456,218.8502239,0
1214,167.690456,216.0080132,0
1215,167.690456,216.0080132,0
1216,167.690456,216.0080132,0
1217,167.690456,216.0080132,0
1218,167.690456,216.0080132,0
1219,167.690456,216.0080132,0
1220,167.690456,216.0080132,0
1221,167.690456,216.0080132,0
1222,167.690456,216.0080132,0
1223,167.690456,216.0080132,0
1224,167.690456,216.0080132,0
1225,167.690456,216.0080132,0
1226,167.690456,216.0080132,0
1227,167.690456,216.0080132,0
1228,167.690456,216.0080132,0
1229,167.690456,216.0080132,0
1230,167.690456,216.0080132,0
1231,167.690456,216.0080132,0
1232,167.690456,216.0080132,0
1233,167.690456,216.0080132,0
1234,167.690456,216.0080132,0
1235,167.690456,216.0080132,0
1236,167.690456,216.0080132,0
1237,167.690456,216.0080132,0
1238,167.690456,216.0080132,0
1239,167.690456,216.0080132,0
1240,167.690456,216.0080132,0
1241,167.690456,216.0080132,0
1242,167.690456,216.0080132,0
1243,167.690456,216.0080132,0
1244,167.690456,216.0080132,0
1245,167.690456,216.0080132,0
1246,164.8482449,216.0080132,0
1247,164.8482449,216.0080132,0
1248,164.8482449,216.0080132,0
1249,164.8482449,216.0080132,0
1250,164.8482449,216.0080132,0
1251,164.8482449,216.0080132,0
1252,164.8482449,216.0080132,0
1253,164.8482449,216.0080132,0
1254,164.8482449,216.0080132,0
1255,164.8482449,216.0080132,0
1256,164.8482449,216.0080132,0
1257,164.8482449,216.0080132,0
1258,164.8482449,216.0080132,0
1259,164.8482449,216.0080132,0
1260,164.8482449,216.0080132,0
1261,164.8482449,216.0080132,0
1262,164.8482449,216.0080132,0
1263,164.8482449,216.0080132,0
1264,164.8482449,216.0080132,0
1265,164.8482449,216.0080132,0
1266,164.8482449,216.0080132,0
1267,164.8482449,216.0080132,0
1268,164.8482449,216.0080132,0
1269,164.8482449,216.0080132,0
1270,164.8482449,216.0080132,0
1271,164.8482449,216.0080132,0
1272,164.8482449,216.0080132,0
1273,164.8482449,216.0080132,0
1274,164.8482449,216.0080132,0
1275,164.8482449,216.0080132,0
1276,164.8482449,216.0080132,0
1277,164.8482449,216.0080132,0
1278,164.8482449,216.0080132,0
1279,164.8482449,216.0080132,0
1280,164.8482449,216.0080132,0
1281,164.8482449,216.0080132,0
1282,164.8482449,216.0080132,0
1283,164.8482449,216.0080132,0
1284,164.8482449,216.0080132,0
1285,164.8482449,216.0080132,0
1286,164.8482449,216.0080132,0
1287,164.8482449,216.0080132,0
1288,164.8482449,216.0080132,0
1289,164.8482449,216.0080132,0
1290,164.8482449,216.0080132,0
1291,164.8482449,216.0080132,0
1292,164.8482449,216.0080132,0
1293,164.8482449,216.0080132,0
1294,164.8482449,216.0080132,0
1295,164.8482449,216.0080132,0
1296,164.8482449,216.0080132,0
1297,164.8482449,216.0080132,0
1298,164.8482449,216.0080132,0
1299,164.8482449,216.0080132,0
1300,164.8482449,216.0080132,0
1301,164.8482449,216.0080132,0
1302,164.8482449,216.0080132,0
1303,164.8482449,216.0080132,0
1304,164.8482449,216.0080132,0
1305,164.8482449,216.0080132,0
1306,164.8482449,216.0080132,0
1307,164.8482449,216.0080132,0
1308,164.8482449,216.0080132,0
1309,164.8482449,216.0080132,0
1310,162.0060338,216.0080132,0
1311,162.0060338,216.0080132,0
1312,162.0060338,216.0080132,0
1313,162.0060338,216.0080132,0
1314,162.0060338,216.0080132,0
1315,162.0060338,216.0080132,0
1316,159.1638227,216.0080132,0
1317,159.1638227,216.0080132,0
1318,159.1638227,216.0080132,0
1319,159.1638227,216.0080132,0
1320,159.1638227,216.0080132,0
1321,159.1638227,216.0080132,0
1322,159.1638227,216.0080132,0
1323,159.1638227,216.0080132,0
1324,159.1638227,216.0080132,0
1325,159.1638227,216.0080132,0
1326,159.1638227,216.0080132,0
1327,159.1638227,216.0080132,0
1328,159.1638227,216.0080132,0
1329,159.1638227,216.0080132,0
1330,159.1638227,216.0080132,0
1331,159.1638227,216.0080132,0
1332,159.1638227,216.0080132,0
1333,159.1638227,216.0080132,0
1334,159.1638227,216.0080132,0
1335,159.1638227,216.0080132,0
1336,159.1638227,216.0080132,0
1337,159.1638227,216.0080132,0
1338,159.1638227,216.0080132,0
1339,159.1638227,216.0080132,0
1340,159.1638227,216.0080132,0
1341,159.1638227,216.0080132,0
1342,159.1638227,216.0080132,0
1343,159.1638227,216.0080132,0
1344,159.1638227,216.0080132,0
1345,159.1638227,216.0080132,0
1346,159.1638227,216.0080132,0
1347,159.1638227,216.0080132,0
1348,159.1638227,216.0080132,0
1349,159.1638227,216.0080132,0
1350,159.1638227,216.0080132,0
1351,159.1638227,216.0080132,0
1352,159.1638227,216.0080132,0
1353,159.1638227,216.0080132,0
1354,159.1638227,216.0080132,0
1355,159.1638227,216.0080132,0
1356,159.1638227,216.0080132,0
1357,159.1638227,216.0080132,0
1358,159.1638227,216.0080132,0
1359,159.1638227,216.0080132,0
1360,159.1638227,216.0080132,0
1361,159.1638227,216.0080132,0
1362,159.1638227,216.0080132,0
1363,159.1638227,216.0080132,0
1364,159.1638227,216.0080132,0
1365,159.1638227,216.0080132,0
1366,159.1638227,216.0080132,0
1367,159.1638227,216.0080132,0
1368,159.1638227,216.0080132,0
1369,159.1638227,216.0080132,0
1370,159.1638227,216.0080132,0
1371,159.1638227,216.0080132,0
1372,159.1638227,216.0080132,0
1373,159.1638227,216.0080132,0
1374,159.1638227,216.0080132,0
1375,159.1638227,216.0080132,0
1376,159.1638227,216.0080132,0
1377,159.1638227,216.0080132,0
1378,159.1638227,216.0080132,0
1379,159.1638227,216.0080132,0
1380,159.1638227,216.0080132,0
1381,159.1638227,216.0080132,0
1382,159.1638227,216.0080132,0
1383,159.1638227,216.0080132,0
1384,159.1638227,216.0080132,0
1385,159.1638227,216.0080132,0
1386,159.1638227,216.0080132,0
1387,159.1638227,216.0080132,0
1388,159.1638227,216.0080132,0
1389,159.1638227,213.1658025,0
1390,159.1638227,213.1658025,0
1391,159.1638227,213.1658025,0
1392,159.1638227,213.1658025,0
1393,159.1638227,213.1658025,0
1394,159.1638227,213.1658025,0
1395,159.1638227,213.1658025,0
1396,159.1638227,213.1658025,0
1397,159.1638227,213.1658025,0
1398,159.1638227,213.1658025,0
1399,159.1638227,213.1658025,0
1400,159.1638227,213.1658025,0
1401,159.1638227,213.1658025,0
1402,159.1638227,213.1658025,0
1403,159.1638227,213.1658025,0
1404,159.1638227,213.1658025,0
1405,159.1638227,213.1658025,0
1406,159.1638227,213.1658025,0
1407,159.1638227,213.1658025,0
1408,159.1638227,213.1658025,0
1409,159.1638227,213.1658025,0
1410,159.1638227,213.1658025,0
1411,159.1638227,213.1658025,0
1412,159.1638227,213.1658025,0
1413,156.3216115,213.1658025,0
1414,156.3216115,213.1658025,0
1415,156.3216115,213.1658025,0
1416,156.3216115,213.1658025,0
1417,156.3216115,213.1658025,0
1418,156.3216115,213.1658025,0
1419,156.3216115,213.1658025,0
1420,156.3216115,213.1658025,0
1421,156.3216115,213.1658025,0
1422,156.3216115,213.1658025,0
1423,156.3216115,213.1658025,0
1424,156.3216115,213.1658025,0
1425,156.3216115,213.1658025,0
1426,156.3216115,213.1658025,0
1427,156.3216115,213.1658025,0
1428,156.3216115,213.1658025,0
1429,156.3216115,213.1658025,0
1430,156.3216115,213.1658025,0
1431,156.3216115,213.1658025,0
1432,156.3216115,213.1658025,0
1433,156.3216115,213.1658025,0
1434,156.3216115,213.1658025,0
1435,156.3216115,213.1658025,0
1436,156.3216115,213.1658025,0
1437,156.3216115,213.1658025,0
1438,156.3216115,213.1658025,0
1439,156.3216115,213.1658025,0
1440,156.3216115,213.1658025,0
1441,156.3216115,213.1658025,0
1442,156.3216115,213.1658025,0
1443,156.3216115,213.1658025,0
1444,156.3216115,213.1658025,0
1445,156.3216115,213.1658025,0
1446,156.3216115,213.1658025,0
1447,156.3216115,213.1658025,0
1448,156.3216115,213.1658025,0
1449,156.3216115,213.1658025,0
1450,156.3216115,213.1658025,0
1451,156.3216115,213.1658025,0
1452,156.3216115,213.1658025,0
1453,156.3216115,213.1658025,0
1454,156.3216115,213.1658025,0
1455,156.3216115,213.1658025,0
1456,156.3216115,213.1658025,0
1457,156.3216115,213.1658025,0
1458,156.3216115,213.1658025,0
1459,156.3216115,213.1658025,0
1460,156.3216115,213.1658025,0
1461,156.3216115,213.1658025,0
1462,156.3216115,213.1658025,0
1463,156.3216115,213.1658025,0
1464,156.3216115,213.1658025,0
1465,156.3216115,213.1658025,0
1466,156.3216115,213.1658025,0
1467,156.3216115,213.1658025,0
1468,156.3216115,213.1658025,0
1469,156.3216115,213.1658025,0
1470,156.3216115,213.1658025,0
1471,156.3216115,213.1658025,0
1472,156.3216115,213.1658025,0
1473,156.3216115,213.1658025,0
1474,156.3216115,213.1658025,0
1475,156.3216115,213.1658025,0
1476,156.3216115,213.1658025,0
1477,156.3216115,213.1658025,0
1478,156.3216115,213.1658025,0
1479,156.3216115,213.1658025,0
1480,156.3216115,213.1658025,0
1481,156.3216115,213.1658025,0
1482,156.3216115,213.1658025,0
1483,156.3216115,213.1658025,0
1484,156.3216115,213.1658025,0
1485,156.3216115,213.1658025,0
1486,156.3216115,213.1658025,0
1487,156.3216115,213.1658025,0
1488,156.3216115,213.1658025,0
1489,156.3216115,213.1658025,0
1490,156.3216115,213.1658025,0
1491,156.3216115,213.1658025,0
1492,156.3216115,213.1658025,0
1493,156.3216115,213.1658025,0
1494,156.3216115,213.1658025,0
1495,156.3216115,213.1658025,0
1496,156.3216115,213.1658025,0
1497,156.3216115,213.1658025,0
1498,156.3216115,213.1658025,0
1499,156.3216115,213.1658025,0
1500,156.3216115,213.1658025,0
1501,156.3216115,213.1658025,0
1502,156.3216115,213.1658025,0
1503,156.3216115,213.1658025,0
1504,150.6371893,213.1658025,0
1505,150.6371893,213.1658025,0
1506,150.6371893,213.1658025,0
1507,150.6371893,213.1658025,0
1508,150.6371893,213.1658025,0
1509,150.6371893,213.1658025,0
1510,150.6371893,213.1658025,0
1511,150.6371893,213.1658025,0
1512,150.6371893,213.1658025,0
1513,150.6371893,213.1658025,0
1514,150.6371893,213.1658025,0
1515,150.6371893,213.1658025,0
1516,150.6371893,213.1658025,0
1517,150.6371893,213.1658025,0
1518,150.6371893,213.1658025,0
1519,150.6371893,213.1658025,0
1520,150.6371893,213.1658025,0
1521,150.6371893,213.1658025,0
1522,150.6371893,213.1658025,0
1523,150.6371893,213.1658025,0
1524,150.6371893,213.1658025,0
1525,150.6371893,213.1658025,0
1526,150.6371893,213.1658025,0
1527,150.6371893,213.1658025,0
1528,150.6371893,213.1658025,0
1529,150.6371893,213.1658025,0
1530,150.6371893,213.1658025,0
1531,150.6371893,213.1658025,0
1532,150.6371893,213.1658025,0
1533,150.6371893,213.1658025,0
1534,150.6371893,213.1658025,0
1535,150.6371893,213.1658025,0
1536,150.6371893,213.1658025,0
1537,150.6371893,213.1658025,0
1538,150.6371893,213.1658025,0
1539,150.6371893,213.1658025,0
1540,150.6371893,213.1658025,0
1541,150.6371893,213.1658025,0
1542,150.6371893,213.1658025,0
1543,150.6371893,213.1658025,0
1544,150.6371893,213.1658025,0
1545,150.6371893,213.1658025,0
1546,150.6371893,213.1658025,0
1547,150.6371893,213.1658025,0
1548,150.6371893,213.1658025,0
1549,150.6371893,213.1658025,0
1550,150.6371893,213.1658025,0
1551,150.6371893,213.1658025,0
1552,150.6371893,213.1658025,0
1553,150.6371893,213.1658025,0
1554,150.6371893,213.1658025,0
1555,150.6371893,213.1658025,0
1556,150.6371893,213.1658025,0
1557,150.6371893,213.1658025,0
1558,150.6371893,213.1658025,0
1559,150.6371893,213.1658025,0
1560,150.6371893,213.1658025,0
1561,150.6371893,213.1658025,0
1562,150.6371893,213.1658025,0
1563,150.6371893,213.1658025,0
1564,150.6371894,213.1658025,0
1565,150.6371894,213.1658025,0
1566,150.6371894,213.1658025,0
1567,150.6371894,213.1658025,0
1568,150.6371894,213.1658025,0
1569,150.6371894,213.1658025,0
1570,150.6371894,213.1658025,0
1571,150.6371894,213.1658025,0
1572,150.6371894,213.1658025,0
1573,150.6371894,213.1658025,0
1574,150.6371894,213.1658025,0
1575,150.6371894,213.1658025,0
1576,150.6371894,213.1658025,0
1577,150.6371894,213.1658025,0
1578,150.6371894,213.1658025,0
1579,150.6371894,213.1658025,0
1580,150.6371894,213.1658025,0
1581,150.6371894,213.1658025,0
1582,150.6371894,213.1658025,0
1583,150.6371894,213.1658025,0
1584,150.6371894,213.1658025,0
1585,150.6371894,213.1658025,0
1586,150.6371894,213.1658025,0
1587,150.6371894,213.1658025,0
1588,150.6371894,213.1658025,0
1589,150.6371894,213.1658025,0
1590,150.6371894,213.1658025,0
1591,150.6371894,213.1658025,0
1592,150.6371894,213.1658025,0
1593,150.6371894,213.1658025,0
1594,150.6371894,213.1658025,0
1595,150.6371894,213.1658025,0
1596,150.6371894,213.1658025,0
1597,150.6371894,213.1658025,0
1598,150.6371894,213.1658025,0
1599,150.6371894,213.1658025,0
1600,150.6371894,213.1658025,0
1601,150.6371894,213.1658025,0
1602,150.6371894,213.1658025,0
1603,150.6371894,213.1658025,0
1604,150.6371894,213.1658025,0
1605,150.6371894,213.1658025,0
1606,150.6371894,213.1658025,0
1607,150.6371894,210.3235918,0
1608,150.6371894,210.3235918,0
1609,150.6371894,210.3235918,0
1610,150.6371894,210.3235918,0
1611,150.6371894,210.3235918,0
1612,150.6371894,210.3235918,0
1613,150.6371894,210.3235918,0
1614,147.7949782,210.3235918,0
1615,147.7949782,210.3235918,0
1616,147.7949782,210.3235918,0
1617,147.7949782,210.3235918,0
1618,147.7949782,210.3235918,0
1619,147.7949782,210.3235918,0
1620,147.7949782,210.3235918,0
1621,147.7949782,210.3235918,0
1622,147.7949782,210.3235918,0
1623,147.7949782,210.3235918,0
1624,147.7949782,210.3235918,0
1625,147.7949782,210.3235918,0
1626,147.7949782,210.3235918,0
1627,147.7949782,210.3235918,0
1628,147.7949782,210.3235918,0
1629,147.7949782,207.4813811,0
1630,147.7949782,207.4813811,0
1631,147.7949782,207.4813811,0
1632,147.7949782,207.4813811,0
1633,147.7949782,207.4813811,0
1634,147.7949782,207.4813811,0
1635,147.7949782,207.4813811,0
1636,147.7949782,207.4813811,0
1637,147.7949782,207.4813811,0
1638,147.7949782,207.4813811,0
1639,147.7949782,207.4813811,0
1640,147.7949782,207.4813811,0
1641,147.7949782,207.4813811,0
1642,147.7949782,207.4813811,0
1643,147.7949782,207.4813811,0
1644,147.7949782,201.7969597,0
1645,147.7949782,201.7969597,0
1646,147.7949782,201.7969597,0
1647,147.7949782,201.7969597,0
1648,147.7949782,201.7969597,0
1649,147.7949782,207.4813811,0
1650,147.7949782,207.4813811,0
1651,147.7949782,207.4813811,0
1652,147.7949782,207.4813811,0
1653,147.7949782,207.4813811,0
1654,147.7949782,210.3235918,0
1655,147.7949782,210.3235918,0
1656,147.7949782,210.3235918,0
1657,147.7949782,210.3235918,0
1658,147.7949782,210.3235918,0
1659,147.7949782,210.3235918,0
1660,144.9527671,210.3235918,0
1661,144.9527671,210.3235918,0
1662,144.9527671,210.3235918,0
1663,144.9527671,210.3235918,0
1664,144.9527671,210.3235918,0
1665,144.9527671,210.3235918,0
1666,144.9527671,210.3235918,0
1667,144.9527671,210.3235918,0
1668,144.9527671,210.3235918,0
1669,144.9527671,210.3235918,0
1670,144.9527671,210.3235918,0
1671,144.9527671,210.3235918,0
1672,144.9527671,210.3235918,0
1673,144.9527671,210.3235918,0
1674,144.9527671,210.3235918,0
1675,144.9527671,210.3235918,0
1676,144.9527671,210.3235918,0
1677,144.9527671,210.3235918,0
1678,144.9527671,210.3235918,0
1679,144.9527671,210.3235918,0
1680,144.9527671,210.3235918,0
1681,144.9527671,210.3235918,0
1682,144.9527671,210.3235918,0
1683,144.9527671,210.3235918,0
1684,144.9527671,210.3235918,0
1685,144.9527671,210.3235918,0
1686,144.9527671,210.3235918,0
1687,144.9527671,210.3235918,0
1688,144.9527671,210.3235918,0
1689,144.9527671,210.3235918,0
1690,144.9527671,210.3235918,0
1691,144.9527671,210.3235918,0
1692,144.9527671,210.3235918,0
1693,144.9527671,210.3235918,0
1694,144.9527671,210.3235918,0
1695,144.9527671,210.3235918,0
1696,144.9527671,210.3235918,0
1697,144.9527671,210.3235918,0
1698,144.9527671,210.3235918,0
1699,144.9527671,210.3235918,0
1700,144.9527671,210.3235918,0
1701,144.9527671,210.3235918,0
1702,144.9527671,210.3235918,0
1703,144.9527671,210.3235918,0
1704,144.9527671,210.3235918,0
1705,144.9527671,210.3235918,0
1706,144.9527671,210.3235918,0
1707,144.9527671,210.3235918,0
1708,144.9527671,210.3235918,0
1709,144.9527671,210.3235918,0
1710,144.9527671,210.3235918,0
1711,144.9527671,210.3235918,0
1712,144.9527671,210.3235918,0
1713,144.9527671,210.3235918,0
1714,144.9527671,210.3235918,0
1715,147.7949782,210.3235918,0
1716,147.7949782,210.3235918,0
1717,147.7949782,210.3235918,0
1718,147.7949782,210.3235918,0
1719,147.7949782,210.3235918,0
1720,147.7949782,210.3235918,0
1721,147.7949782,210.3235918,0
1722,147.7949782,210.3235918,0
1723,147.7949782,210.3235918,0
1724,147.7949782,210.3235918,0
1725,147.7949782,210.3235918,0
1726,147.7949782,210.3235918,0
1727,147.7949782,210.3235918,0
1728,147.7949782,210.3235918,0
1729,147.7949782,210.3235918,0
1730,147.7949782,210.3235918,0
1731,147.7949782,210.3235918,0
1732,147.7949782,210.3235918,0
1733,147.7949782,210.3235918,0
1734,147.7949782,210.3235918,0
1735,147.7949782,210.3235918,0
1736,147.7949782,210.3235918,0
1737,147.7949782,210.3235918,0
1738,147.7949782,210.3235918,0
1739,147.7949782,210.3235918,0
1740,147.7949782,210.3235918,0
1741,147.7949782,210.3235918,0
1742,147.7949782,210.3235918,0
1743,147.7949782,210.3235918,0
1744,147.7949782,210.3235918,0
1745,147.7949782,210.3235918,0
1746,147.7949782,210.3235918,0
1747,147.7949782,210.3235918,0
1748,147.7949782,210.3235918,0
1749,147.7949782,210.3235918,0
1750,147.7949782,210.3235918,0
1751,147.7949782,210.3235918,0
1752,147.7949782,210.3235918,0
1753,147.7949782,210.3235918,0
1754,147.7949782,210.3235918,0
1755,147.7949782,210.3235918,0
1756,147.7949782,210.3235918,0
1757,147.7949782,210.3235918,0
1758,147.7949782,210.3235918,0
1759,147.7949782,210.3235918,0
1760,147.7949782,210.3235918,0
1761,147.7949782,210.3235918,0
1762,147.7949782,210.3235918,0
1763,147.7949782,210.3235918,0
1764,147.7949782,210.3235918,0
1765,144.9527671,210.3235918,0
1766,144.9527671,210.3235918,0
1767,144.9527671,210.3235918,0
1768,144.9527671,210.3235918,0
1769,144.9527671,210.3235918,0
1770,144.9527671,210.3235918,0
1771,144.9527671,210.3235918,0
1772,144.9527671,210.3235918,0
1773,144.9527671,210.3235918,0
1774,144.9527671,210.3235918,0
1775,144.9527671,210.3235918,0
1776,144.9527671,210.3235918,0
1777,144.9527671,210.3235918,0
1778,144.9527671,210.3235918,0
1779,144.9527671,210.3235918,0
1780,144.9527671,210.3235918,0
1781,144.9527671,210.3235918,0
1782,144.9527671,210.3235918,0
1783,142.110556,210.3235918,0
1784,142.1105559,210.3235918,0
1785,142.1105559,210.3235918,0
1786,142.1105559,210.3235918,0
1787,142.1105559,210.3235918,0
1788,142.1105559,210.3235918,0
1789,142.1105559,210.3235918,0
1790,142.1105559,210.3235918,0
1791,142.1105559,210.3235918,0
1792,142.1105559,210.3235918,0
1793,142.1105559,210.3235918,0
1794,142.1105559,210.3235918,0
1795,142.1105559,210.3235918,0
1796,142.1105559,210.3235918,0
1797,142.1105559,213.1658025,0
1798,142.1105559,213.1658025,0
1799,142.1105559,213.1658025,0
1800,142.1105559,213.1658025,0
1801,142.1105559,213.1658025,0
1802,142.1105559,213.1658025,0
1803,142.1105559,213.1658025,0
1804,142.1105559,213.1658025,0
1805,142.1105559,213.1658025,0
1806,142.1105559,213.1658025,0
1807,142.1105559,213.1658025,0
1808,142.1105559,213.1658025,0
1809,142.1105559,213.1658025,0
1810,142.1105559,213.1658025,0
1811,142.1105559,213.1658025,0
1812,142.110556,213.1658025,0
1813,142.110556,213.1658025,0
1814,142.110556,213.1658025,0
1815,142.110556,213.1658025,0
1816,142.110556,213.1658025,0
1817,144.9527671,213.1658025,0
1818,144.9527671,213.1658025,0
1819,144.9527671,213.1658025,0
1820,144.9527671,213.1658025,0
1821,144.9527671,213.1658025,0
1822,144.9527671,213.1658025,0
1823,144.9527671,213.1658025,0
1824,144.9527671,213.1658025,0
1825,144.9527671,213.1658025,0
1826,144.9527671,213.1658025,0
1827,144.9527671,213.1658025,0
1828,144.9527671,213.1658025,0
1829,144.9527671,213.1658025,0
1830,144.9527671,213.1658025,0
1831,144.9527671,213.1658025,0
1832,144.9527671,213.1658025,0
1833,144.9527671,213.1658025,0
1834,144.9527671,213.1658025,0
1835,144.9527671,213.1658025,0
1836,144.9527671,213.1658025,0
1837,144.9527671,213.1658025,0
1838,144.9527671,213.1658025,0
1839,144.9527671,213.1658025,0
1840,144.9527671,213.1658025,0
1841,144.9527671,213.1658025,0
1842,144.9527671,213.1658025,0
1843,144.9527671,213.1658025,0
1844,144.9527671,213.1658025,0
1845,144.9527671,213.1658025,0
1846,144.9527671,213.1658025,0
1847,144.9527671,213.1658025,0
1848,144.9527671,213.1658025,0
1849,144.9527671,213.1658025,0
1850,144.9527671,213.1658025,0
1851,144.9527671,213.1658025,0
1852,144.9527671,213.1658025,0
1853,144.9527671,213.1658025,0
1854,144.9527671,213.1658025,0
1855,144.9527671,213.1658025,0
1856,144.9527671,213.1658025,0
1857,144.9527671,213.1658025,0
1858,144.9527671,213.1658025,0
1859,144.9527671,213.1658025,0
1860,144.9527671,213.1658025,0
1861,144.9527671,213.1658025,0
1862,144.9527671,213.1658025,0
1863,144.9527671,213.1658025,0
1864,144.9527671,213.1658025,0
1865,144.9527671,213.1658025,0
1866,144.9527671,213.1658025,0
1867,142.110556,213.1658025,0
1868,142.110556,213.1658025,0
1869,142.110556,213.1658025,0
1870,142.110556,213.1658025,0
1871,142.110556,213.1658025,0
1872,142.110556,213.1658025,0
1873,142.110556,213.1658025,0
1874,142.110556,213.1658025,0
1875,142.110556,213.1658025,0
1876,142.110556,213.1658025,0
1877,139.2683448,213.1658025,0
1878,139.2683448,213.1658025,0
1879,139.2683448,213.1658025,0
1880,139.2683448,213.1658025,0
1881,139.2683448,213.1658025,0
1882,139.2683448,213.1658025,0
1883,139.2683448,213.1658025,0
1884,139.2683448,213.1658025,0
1885,139.2683448,213.1658025,0
1886,139.2683448,213.1658025,0
1887,139.2683448,213.1658025,0
1888,139.2683448,213.1658025,0
1889,139.2683448,213.1658025,0
1890,139.2683448,213.1658025,0
1891,139.2683448,213.1658025,0
1892,139.2683448,213.1658025,0
1893,139.2683448,213.1658025,0
1894,139.2683448,213.1658025,0
1895,139.2683448,210.3235918,0
1896,139.2683448,210.3235918,0
1897,139.2683448,210.3235918,0
1898,139.2683448,210.3235918,0
1899,139.2683448,210.3235918,0
1900,139.2683448,210.3235918,0
1901,142.1105559,210.3235918,0
1902,142.1105559,210.3235918,0
1903,142.1105559,210.3235918,0
1904,142.1105559,210.3235918,0
1905,142.1105559,210.3235918,0
1906,142.1105559,210.3235918,0
1907,142.1105559,210.3235918,0
1908,142.1105559,210.3235918,0
1909,142.1105559,210.3235918,0
1910,142.1105559,210.3235918,0
1911,142.1105559,210.3235918,0
1912,142.1105559,210.3235918,0
1913,142.1105559,210.3235918,0
1914,142.1105559,210.3235918,0
1915,142.1105559,210.3235918,0
1916,142.1105559,210.3235918,0
1917,142.1105559,210.3235918,0
1918,142.1105559,210.3235918,0
1919,142.1105559,210.3235918,0
1920,142.1105559,210.3235918,0
1921,142.1105559,210.3235918,0
1922,142.1105559,210.3235918,0
1923,142.1105559,210.3235918,0
1924,142.1105559,210.3235918,0
1925,142.1105559,210.3235918,0
1926,142.1105559,210.3235918,0
1927,142.1105559,210.3235918,0
1928,142.1105559,210.3235918,0
1929,142.1105559,210.3235918,0
1930,142.1105559,210.3235918,0
1931,142.1105559,210.3235918,0
1932,142.1105559,210.3235918,0
1933,142.1105559,210.3235918,0
1934,142.1105559,210.3235918,0
1935,142.1105559,210.3235918,0
1936,142.1105559,210.3235918,0
1937,142.1105559,210.3235918,0
1938,142.1105559,210.3235918,0
1939,142.1105559,210.3235918,0
1940,142.1105559,210.3235918,0
1941,142.1105559,210.3235918,0
1942,142.1105559,210.3235918,0
1943,142.1105559,210.3235918,0
1944,142.1105559,210.3235918,0
1945,144.9527671,210.3235918,0
1946,144.9527671,210.3235918,0
1947,144.9527671,210.3235918,0
1948,144.9527671,210.3235918,0
1949,144.9527671,210.3235918,0
1950,144.9527671,210.3235918,0
1951,144.9527671,210.3235918,0
1952,144.9527671,210.3235918,0
1953,144.9527671,210.3235918,0
1954,144.9527671,210.3235918,0
1955,144.9527671,210.3235918,0
1956,144.9527671,210.3235918,0
1957,144.9527671,210.3235918,0
1958,144.9527671,210.3235918,0
1959,144.9527671,210.3235918,0
1960,144.9527671,210.3235918,0
1961,144.9527671,210.3235918,0
1962,144.9527671,210.3235918,0
1963,144.9527671,210.3235918,0
1964,144.9527671,210.3235918,0
1965,144.9527671,210.3235918,0
1966,144.9527671,210.3235918,0
1967,144.9527671,204.6391704,0
1968,144.9527671,204.6391704,0
1969,144.9527671,210.3235918,0
1970,144.9527671,210.3235918,0
1971,144.9527671,210.3235918,0
1972,144.9527671,210.3235918,0
1973,144.9527671,210.3235918,0
1974,144.9527671,210.3235918,0
1975,144.9527671,210.3235918,0
1976,144.9527671,210.3235918,0
1977,144.9527671,210.3235918,0
1978,144.9527671,210.3235918,0
1979,144.9527671,210.3235918,0
1980,144.9527671,210.3235918,0
1981,144.9527671,210.3235918,0
1982,144.9527671,210.3235918,0
1983,144.9527671,210.3235918,0
1984,144.9527671,210.3235918,0
1985,144.9527671,210.3235918,0
1986,144.9527671,210.3235918,0
1987,144.9527671,210.3235918,0
1988,144.9527671,210.3235918,0
1989,144.9527671,210.3235918,0
1990,144.9527671,210.3235918,0
1991,144.9527671,210.3235918,0
1992,144.9527671,210.3235918,0
1993,144.9527671,210.3235918,0
1994,144.9527671,210.3235918,0
1995,142.1105559,210.3235918,0
1996,142.1105559,210.3235918,0
1997,142.1105559,210.3235918,0
1998,142.1105559,210.3235918,0
1999,142.1105559,210.3235918,0
2000,142.1105559,210.3235918,0
2001,142.1105559,210.3235918,0
2002,142.1105559,210.3235918,0
2003,142.1105559,210.3235918,0
2004,142.1105559,210.3235918,0
2005,142.1105559,210.3235918,0
2006,142.1105559,210.3235918,0
2007,142.1105559,210.3235918,0
2008,142.1105559,210.3235918,0
2009,142.1105559,210.3235918,0
2010,142.1105559,210.3235918,0
2011,142.1105559,210.3235918,0
2012,142.1105559,210.3235918,0
2013,142.1105559,210.3235918,0
2014,142.1105559,210.3235918,0
2015,142.1105559,210.3235918,0
2016,142.1105559,210.3235918,0
2017,142.1105559,210.3235918,0
2018,142.1105559,210.3235918,0
2019,142.1105559,210.3235918,0
2020,142.1105559,210.3235918,0
2021,142.1105559,210.3235918,0
2022,142.1105559,210.3235918,0
2023,142.1105559,210.3235918,0
2024,142.1105559,210.3235918,0
2025,142.1105559,210.3235918,0
2026,142.1105559,210.3235918,0
2027,142.1105559,210.3235918,0
2028,142.1105559,210.3235918,0
2029,142.1105559,210.3235918,0
2030,142.1105559,210.3235918,0
2031,139.2683449,210.3235918,0
2032,139.2683449,210.3235918,0
2033,139.2683449,210.3235918,0
2034,139.2683449,210.3235918,0
2035,139.2683449,210.3235918,0
2036,139.2683449,210.3235918,0
2037,139.2683449,210.3235918,0
2038,139.2683449,210.3235918,0
2039,139.2683449,210.3235918,0
2040,139.2683449,210.3235918,0
2041,139.2683449,210.3235918,0
2042,139.2683449,210.3235918,0
2043,139.2683449,210.3235918,0
2044,139.2683449,210.3235918,0
2045,139.2683449,210.3235918,0
2046,139.2683449,210.3235918,0
2047,139.2683449,210.3235918,0
2048,139.2683449,210.3235918,0
2049,139.2683449,210.3235918,0
2050,139.2683449,210.3235918,0
2051,139.2683449,210.3235918,0
2052,139.2683449,210.3235918,0
2053,139.2683449,210.3235918,0
2054,139.2683449,210.3235918,0
2055,139.2683449,210.3235918,0
2056,139.2683449,210.3235918,0
2057,139.2683449,210.3235918,0
2058,139.2683449,210.3235918,0
2059,139.2683449,210.3235918,0
2060,139.2683449,210.3235918,0
2061,139.2683449,210.3235918,0
2062,139.2683449,210.3235918,0
2063,139.2683449,210.3235918,0
2064,139.2683449,210.3235918,0
2065,139.2683449,210.3235918,0
2066,139.2683449,210.3235918,0
2067,139.2683449,210.3235918,0
2068,139.2683449,210.3235918,0
2069,139.2683449,210.3235918,0
2070,139.2683449,210.3235918,0
2071,139.2683449,210.3235918,0
2072,139.2683449,210.3235918,0
2073,139.2683449,210.3235918,0
2074,139.2683449,210.3235918,0
2075,139.2683449,210.3235918,0
2076,139.2683449,213.1658025,0
2077,139.2683449,213.1658025,0
2078,139.2683449,213.1658025,0
2079,139.2683449,213.1658025,0
2080,139.2683449,213.1658025,0
2081,139.2683449,213.1658025,0
2082,139.2683449,213.1658025,0
2083,139.2683449,213.1658025,0
2084,139.2683449,213.1658025,0
2085,139.2683449,213.1658025,0
2086,139.2683449,213.1658025,0
2087,139.2683449,213.1658025,0
2088,139.2683449,213.1658025,0
2089,139.2683449,213.1658025,0
2090,139.2683449,213.1658025,0
2091,139.2683449,213.1658025,0
2092,139.2683449,213.1658025,0
2093,139.2683449,213.1658025,0
2094,139.2683449,213.1658025,0
2095,139.2683449,213.1658025,0
2096,139.2683449,213.1658025,0
2097,139.2683449,213.1658025,0
2098,139.2683449,213.1658025,0
2099,139.2683449,213.1658025,0
2100,139.2683449,213.1658025,0
2101,139.2683449,213.1658025,0
2102,139.2683449,213.1658025,0
2103,139.2683449,213.1658025,0
2104,139.2683449,213.1658025,0
2105,139.2683449,213.1658025,0
2106,139.2683449,213.1658025,0
2107,139.2683449,213.1658025,0
2108,139.2683449,213.1658025,0
2109,139.2683449,213.1658025,0
2110,139.2683449,213.1658025,0
2111,139.2683449,213.1658025,0
2112,139.2683449,213.1658025,0
2113,139.2683449,213.1658025,0
2114,139.2683449,213.1658025,0
2115,139.2683449,213.1658025,0
2116,139.2683449,213.1658025,0
2117,139.2683449,213.1658025,0
2118,139.2683449,213.1658025,0
2119,139.2683449,213.1658025,0
2120,139.2683449,213.1658025,0
2121,139.2683449,213.1658025,0
2122,139.2683449,213.1658025,0
2123,139.2683449,213.1658025,0
2124,139.2683449,213.1658025,0
2125,139.2683449,213.1658025,0
2126,139.2683449,210.3235918,0
2127,139.2683449,210.3235918,0
2128,139.2683449,210.3235918,0
2129,139.2683449,210.3235918,0
2130,139.2683448,210.3235918,0
2131,139.2683448,210.3235918,0
2132,139.2683448,210.3235918,0
2133,139.2683448,210.3235918,0
2134,139.2683448,210.3235918,0
2135,139.2683448,210.3235918,0
2136,139.2683448,210.3235918,0
2137,139.2683448,210.3235918,0
2138,139.2683448,210.3235918,0
2139,139.2683448,210.3235918,0
2140,139.2683448,210.3235918,0
2141,139.2683448,210.3235918,0
2142,139.2683448,210.3235918,0
2143,139.2683448,210.3235918,0
2144,139.2683448,210.3235918,0
2145,139.2683448,210.3235918,0
2146,139.2683448,210.3235918,0
2147,139.2683448,210.3235918,0
2148,139.2683448,210.3235918,0
2149,139.2683448,210.3235918,0
2150,139.2683448,210.3235918,0
2151,139.2683448,210.3235918,0
2152,139.2683448,210.3235918,0
2153,139.2683448,210.3235918,0
2154,139.2683448,210.3235918,0
2155,139.2683448,210.3235918,0
2156,139.2683448,210.3235918,0
2157,139.2683448,210.3235918,0
2158,139.2683448,210.3235918,0
2159,139.2683448,210.3235918,0
2160,139.2683448,210.3235918,0
2161,139.2683448,210.3235918,0
2162,139.2683448,210.3235918,0
2163,139.2683448,210.3235918,0
2164,139.2683448,210.3235918,0
2165,139.2683448,210.3235918,0
2166,139.2683448,210.3235918,0
2167,136.4261337,210.3235918,0
2168,136.4261337,210.3235918,0
2169,136.4261337,210.3235918,0
2170,136.4261337,210.3235918,0
2171,136.4261337,210.3235918,0
2172,136.4261337,210.3235918,0
2173,136.4261337,210.3235918,0
2174,136.4261337,210.3235918,0
2175,136.4261337,210.3235918,0
2176,136.4261337,210.3235918,0
2177,136.4261337,210.3235918,0
2178,139.2683448,210.3235918,0
2179,139.2683448,210.3235918,0
2180,139.2683448,210.3235918,0
2181,139.2683448,210.3235918,0
2182,139.2683448,210.3235918,0
2183,139.2683448,210.3235918,0
2184,139.2683448,210.3235918,0
2185,139.2683448,210.3235918,0
2186,139.2683448,210.3235918,0
2187,139.2683448,210.3235918,0
2188,139.2683448,210.3235918,0
2189,139.2683448,210.3235918,0
2190,139.2683448,210.3235918,0
2191,139.2683448,210.3235918,0
2192,139.2683448,210.3235918,0
2193,139.2683448,210.3235918,0
2194,139.2683448,210.3235918,0
2195,139.2683448,210.3235918,0
2196,139.2683448,210.3235918,0
2197,139.2683448,207.4813811,0
2198,139.2683448,207.4813811,0
2199,139.2683448,207.4813811,0
2200,139.2683448,207.4813811,0
2201,139.2683448,207.4813811,0
2202,139.2683448,207.4813811,0
2203,139.2683448,207.4813811,0
2204,139.2683448,207.4813811,0
2205,139.2683448,207.4813811,0
2206,139.2683448,207.4813811,0
2207,139.2683448,207.4813811,0
2208,139.2683448,210.3235918,0
2209,139.2683448,210.3235918,0
2210,139.2683448,210.3235918,0
2211,139.2683448,210.3235918,0
2212,139.2683448,210.3235918,0
2213,139.2683448,210.3235918,0
2214,139.2683448,210.3235918,0
2215,139.2683448,210.3235918,0
2216,139.2683448,210.3235918,0
2217,139.2683448,210.3235918,0
2218,139.2683448,210.3235918,0
2219,139.2683448,210.3235918,0
2220,139.2683448,210.3235918,0
2221,139.2683448,210.3235918,0
2222,139.2683448,210.3235918,0
2223,139.2683448,210.3235918,0
2224,139.2683448,210.3235918,0
2225,139.2683448,210.3235918,0
2226,139.2683448,210.3235918,0
2227,139.2683448,210.3235918,0
2228,136.4261337,210.3235918,0
2229,136.4261337,210.3235918,0
2230,136.4261337,210.3235918,0
2231,136.4261337,210.3235918,0
2232,136.4261337,210.3235918,0
2233,136.4261337,210.3235918,0
2234,136.4261337,210.3235918,0
2235,136.4261337,210.3235918,0
2236,136.4261337,210.3235918,0
2237,136.4261337,210.3235918,0
2238,136.4261337,210.3235918,0
2239,136.4261337,210.3235918,0
2240,136.4261337,210.3235918,0
2241,136.4261337,210.3235918,0
2242,136.4261337,210.3235918,0
2243,136.4261337,210.3235918,0
2244,136.4261337,210.3235918,0
2245,136.4261337,210.3235918,0
2246,136.4261337,210.3235918,0
2247,136.4261337,210.3235918,0
2248,136.4261337,210.3235918,0
2249,136.4261337,210.3235918,0
2250,136.4261337,210.3235918,0
2251,136.4261337,210.3235918,0
2252,136.4261337,210.3235918,0
2253,136.4261337,210.3235918,0
2254,136.4261337,210.3235918,0
2255,136.4261337,210.3235918,0
2256,136.4261337,210.3235918,0
2257,136.4261337,210.3235918,0
2258,136.4261337,207.4813811,0
2259,136.4261337,207.4813811,0
2260,136.4261337,207.4813811,0
2261,136.4261337,207.4813811,0
2262,136.4261337,207.4813811,0
2263,136.4261337,207.4813811,0
2264,136.4261337,207.4813811,0
2265,136.4261337,207.4813811,0
2266,136.4261337,207.4813811,0
2267,136.4261337,207.4813811,0
2268,136.4261337,207.4813811,0
2269,133.5839226,207.4813811,0
2270,133.5839226,207.4813811,0
2271,133.5839226,207.4813811,0
2272,133.5839226,207.4813811,0
2273,133.5839226,207.4813811,0
2274,133.5839226,207.4813811,0
2275,133.5839226,207.4813811,0
2276,133.5839226,207.4813811,0
2277,133.5839226,207.4813811,0
2278,133.5839226,207.4813811,0
2279,133.5839226,207.4813811,0
2280,133.5839226,207.4813811,0
2281,133.5839226,207.4813811,0
2282,133.5839226,207.4813811,0
2283,133.5839226,207.4813811,0
2284,133.5839226,207.4813811,0
2285,133.5839226,207.4813811,0
2286,133.5839226,207.4813811,0
2287,133.5839226,207.4813811,0
2288,133.5839226,207.4813811,0
2289,133.5839226,207.4813811,0
2290,133.5839226,207.4813811,0
2291,133.5839226,207.4813811,0
2292,133.5839226,207.4813811,0
2293,133.5839226,207.4813811,0
2294,133.5839226,207.4813811,0
2295,133.5839226,207.4813811,0
2296,133.5839226,207.4813811,0
2297,133.5839226,207.4813811,0
2298,133.5839226,207.4813811,0
2299,133.5839226,207.4813811,0
2300,133.5839226,207.4813811,0
2301,133.5839226,207.4813811,0
2302,133.5839226,207.4813811,0
2303,133.5839226,207.4813811,0
2304,133.5839226,207.4813811,0
2305,133.5839226,207.4813811,0
2306,133.5839226,207.4813811,0
2307,133.5839226,207.4813811,0
2308,133.5839226,207.4813811,0
2309,133.5839226,207.4813811,0
2310,133.5839226,207.4813811,0
2311,133.5839226,207.4813811,0
2312,133.5839226,207.4813811,0
2313,133.5839226,207.4813811,0
2314,133.5839226,207.4813811,0
2315,133.5839226,207.4813811,0
2316,133.5839226,207.4813811,0
2317,133.5839226,207.4813811,0
2318,133.5839226,207.4813811,0
2319,133.5839226,207.4813811,0
2320,133.5839226,207.4813811,0
2321,133.5839226,207.4813811,0
2322,133.5839226,207.4813811,0
2323,133.5839226,207.4813811,0
2324,133.5839226,207.4813811,0
2325,133.5839226,207.4813811,0
2326,133.5839226,210.3235918,0
2327,133.5839226,210.3235918,0
2328,133.5839226,210.3235918,0
2329,133.5839226,210.3235918,0
2330,133.5839226,210.3235918,0
2331,133.5839226,210.3235918,0
2332,133.5839226,210.3235918,0
2333,133.5839226,210.3235918,0
2334,133.5839226,210.3235918,0
2335,133.5839226,210.3235918,0
2336,133.5839226,210.3235918,0
2337,133.5839226,210.3235918,0
2338,133.5839226,210.3235918,0
2339,133.5839226,210.3235918,0
2340,133.5839226,210.3235918,0
2341,133.5839226,210.3235918,0
2342,133.5839226,213.1658025,0
2343,133.5839226,213.1658025,0
2344,133.5839226,213.1658025,0
2345,133.5839226,213.1658025,0
2346,133.5839226,213.1658025,0
2347,133.5839226,213.1658025,0
2348,133.5839226,213.1658025,0
2349,133.5839226,213.1658025,0
2350,133.5839226,213.1658025,0
2351,133.5839226,213.1658025,0
2352,133.5839226,213.1658025,0
2353,133.5839226,213.1658025,0
2354,133.5839226,213.1658025,0
2355,133.5839226,213.1658025,0
2356,133.5839226,213.1658025,0
2357,133.5839226,213.1658025,0
2358,133.5839226,213.1658025,0
2359,133.5839226,213.1658025,0
2360,133.5839226,213.1658025,0
2361,133.5839226,213.1658025,0
2362,133.5839226,213.1658025,0
2363,133.5839226,213.1658025,0
2364,133.5839226,213.1658025,0
2365,133.5839226,213.1658025,0
2366,133.5839226,213.1658025,0
2367,133.5839226,213.1658025,0
2368,133.5839226,213.1658025,0
2369,133.5839226,213.1658025,0
2370,133.5839226,213.1658025,0
2371,133.5839226,213.1658025,0
2372,133.5839226,213.1658025,0
2373,133.5839226,213.1658025,0
2374,133.5839226,213.1658025,0
2375,133.5839226,213.1658025,0
2376,133.5839226,213.1658025,0
2377,133.5839226,213.1658025,0
2378,133.5839226,213.1658025,0
2379,133.5839226,213.1658025,0
2380,133.5839226,213.1658025,0
2381,133.5839226,213.1658025,0
2382,133.5839226,213.1658025,0
2383,133.5839226,213.1658025,0
2384,133.5839226,213.1658025,0
2385,133.5839226,213.1658025,0
2386,133.5839226,213.1658025,0
2387,136.4261337,213.1658025,0
2388,136.4261337,213.1658025,0
2389,136.4261337,213.1658025,0
2390,136.4261337,213.1658025,0
2391,136.4261337,213.1658025,0
2392,136.4261337,207.4813811,0
2393,136.4261337,207.4813811,0
2394,136.4261337,207.4813811,0
2395,136.4261337,207.4813811,0
2396,136.4261337,207.4813811,0
2397,136.4261337,207.4813811,0
2398,136.4261337,207.4813811,0
2399,136.4261337,207.4813811,0
2400,136.4261337,207.4813811,0
2401,136.4261337,207.4813811,0
2402,136.4261337,207.4813811,0
2403,136.4261337,207.4813811,0
2404,136.4261337,207.4813811,0
2405,136.4261337,207.4813811,0
2406,136.4261337,207.4813811,0
2407,136.4261337,207.4813811,0
2408,136.4261337,207.4813811,0
2409,136.4261337,207.4813811,0
2410,136.4261337,207.4813811,0
2411,136.4261337,207.4813811,0
2412,136.4261337,207.4813811,0
2413,136.4261337,207.4813811,0
2414,136.4261337,207.4813811,0
2415,136.4261337,207.4813811,0
2416,136.4261337,207.4813811,0
2417,136.4261337,207.4813811,0
2418,136.4261337,207.4813811,0
2419,136.4261337,207.4813811,0
2420,136.4261337,207.4813811,0
2421,136.4261337,207.4813811,0
2422,136.4261337,207.4813811,0
2423,136.4261337,207.4813811,0
2424,136.4261337,204.6391704,0
2425,136.4261337,204.6391704,0
2426,136.4261337,213.1658025,0
2427,136.4261337,213.1658025,0
2428,136.4261337,213.1658025,0
2429,136.4261337,213.1658025,0
2430,136.4261337,213.1658025,0
2431,136.4261337,213.1658025,0
2432,136.4261337,213.1658025,0
2433,136.4261337,213.1658025,0
2434,136.4261337,213.1658025,0
2435,136.4261337,213.1658025,0
2436,136.4261337,213.1658025,0
2437,133.5839226,213.1658025,0
2438,133.5839226,213.1658025,0
2439,133.5839226,213.1658025,0
2440,133.5839226,213.1658025,0
2441,133.5839226,213.1658025,0
2442,133.5839226,213.1658025,0
2443,133.5839226,213.1658025,0
2444,133.5839226,213.1658025,0
2445,133.5839226,213.1658025,0
2446,133.5839226,213.1658025,0
2447,133.5839226,213.1658025,0
2448,133.5839226,213.1658025,0
2449,133.5839226,213.1658025,0
2450,133.5839226,213.1658025,0
2451,133.5839226,213.1658025,0
2452,133.5839226,213.1658025,0
2453,133.5839226,213.1658025,0
2454,133.5839226,213.1658025,0
2455,133.5839226,213.1658025,0
2456,133.5839226,213.1658025,0
2457,133.5839226,213.1658025,0
2458,133.5839226,213.1658025,0
2459,133.5839226,213.1658025,0
2460,133.5839226,213.1658025,0
2461,133.5839226,213.1658025,0
2462,133.5839226,213.1658025,0
2463,133.5839226,213.1658025,0
2464,133.5839226,213.1658025,0
2465,133.5839226,213.1658025,0
2466,133.5839226,213.1658025,0
2467,133.5839226,213.1658025,0
2468,133.5839226,213.1658025,0
2469,133.5839226,213.1658025,0
2470,133.5839226,213.1658025,0
2471,133.5839226,213.1658025,0
2472,133.5839226,213.1658025,0
2473,133.5839226,213.1658025,0
2474,133.5839226,213.1658025,0
2475,133.5839226,213.1658025,0
2476,133.5839226,210.3235918,0
2477,133.5839226,210.3235918,0
2478,133.5839226,210.3235918,0
2479,133.5839226,210.3235918,0
2480,133.5839226,210.3235918,0
2481,133.5839226,210.3235918,0
2482,133.5839226,210.3235918,0
2483,133.5839226,210.3235918,0
2484,133.5839226,210.3235918,0
2485,133.5839226,210.3235918,0
2486,133.5839226,210.3235918,0
2487,133.5839226,210.3235918,0
2488,133.5839226,210.3235918,0
2489,133.5839226,210.3235918,0
2490,133.5839226,210.3235918,0
2491,133.5839226,210.3235918,0
2492,133.5839226,210.3235918,0
2493,133.5839226,210.3235918,0
2494,133.5839226,210.3235918,0
2495,133.5839226,210.3235918,0
2496,133.5839226,210.3235918,0
2497,133.5839226,210.3235918,0
2498,133.5839226,210.3235918,0
2499,133.5839226,210.3235918,0
2500,133.5839226,210.3235918,0
2501,133.5839226,210.3235918,0
2502,133.5839226,210.3235918,0
2503,133.5839226,210.3235918,0
2504,133.5839226,210.3235918,0
2505,133.5839226,210.3235918,0
2506,133.5839226,210.3235918,0
2507,133.5839226,210.3235918,0
2508,133.5839226,210.3235918,0
2509,133.5839226,210.3235918,0
2510,133.5839226,210.3235918,0
2511,133.5839226,210.3235918,0
2512,133.5839226,210.3235918,0
2513,133.5839226,210.3235918,0
2514,133.5839226,210.3235918,0
2515,133.5839226,210.3235918,0
2516,133.5839226,210.3235918,0
2517,133.5839226,210.3235918,0
2518,133.5839226,210.3235918,0
2519,133.5839226,210.3235918,0
2520,133.5839226,210.3235918,0
2521,133.5839226,210.3235918,0
2522,133.5839226,210.3235918,0
2523,133.5839226,210.3235918,0
2524,133.5839226,210.3235918,0
2525,133.5839226,210.3235918,0
2526,133.5839226,210.3235918,0
2527,133.5839226,210.3235918,0
2528,133.5839226,210.3235918,0
2529,133.5839226,210.3235918,0
2530,133.5839226,210.3235918,0
2531,133.5839226,210.3235918,0
2532,133.5839226,210.3235918,0
2533,133.5839226,210.3235918,0
2534,133.5839226,210.3235918,0
2535,133.5839226,210.3235918,0
2536,133.5839226,210.3235918,0
2537,133.5839226,210.3235918,0
2538,133.5839226,210.3235918,0
2539,133.5839226,210.3235918,0
2540,133.5839226,210.3235918,0
2541,133.5839226,210.3235918,0
2542,133.5839226,210.3235918,0
2543,133.5839226,210.3235918,0
2544,133.5839226,210.3235918,0
2545,133.5839226,210.3235918,0
2546,133.5839226,210.3235918,0
2547,133.5839226,210.3235918,0
2548,133.5839226,210.3235918,0
2549,133.5839226,210.3235918,0
2550,133.5839226,210.3235918,0
2551,133.5839226,210.3235918,0
2552,133.5839226,210.3235918,0
2553,133.5839226,210.3235918,0
2554,133.5839226,210.3235918,0
2555,133.5839226,210.3235918,0
2556,133.5839226,210.3235918,0
2557,133.5839226,210.3235918,0
2558,133.5839226,210.3235918,0
2559,133.5839226,210.3235918,0
2560,133.5839226,210.3235918,0
2561,133.5839226,210.3235918,0
2562,133.5839226,210.3235918,0
2563,133.5839226,210.3235918,0
2564,133.5839226,210.3235918,0
2565,133.5839226,210.3235918,0
2566,133.5839226,210.3235918,0
2567,133.5839226,210.3235918,0
2568,133.5839226,210.3235918,0
2569,133.5839226,210.3235918,0
2570,133.5839226,210.3235918,0
2571,133.5839226,210.3235918,0
2572,133.5839226,210.3235918,0
2573,133.5839226,210.3235918,0
2574,133.5839226,210.3235918,0
2575,133.5839226,210.3235918,0
2576,133.5839226,210.3235918,0
2577,133.5839226,210.3235918,0
2578,133.5839226,207.4813811,0
2579,133.5839226,207.4813811,0
2580,133.5839226,207.4813811,0
2581,133.5839226,207.4813811,0
2582,133.5839226,207.4813811,0
2583,133.5839226,210.3235918,0
2584,133.5839226,210.3235918,0
2585,133.5839226,210.3235918,0
2586,133.5839226,210.3235918,0
2587,133.5839226,210.3235918,0
2588,133.5839226,210.3235918,0
2589,133.5839226,210.3235918,0
2590,133.5839226,210.3235918,0
2591,133.5839226,210.3235918,0
2592,133.5839226,210.3235918,0
2593,133.5839226,210.3235918,0
2594,133.5839226,210.3235918,0
2595,133.5839226,210.3235918,0
2596,133.5839226,210.3235918,0
2597,133.5839226,210.3235918,0
2598,133.5839226,210.3235918,0
2599,133.5839226,210.3235918,0
2600,133.5839226,210.3235918,0
2601,133.5839226,210.3235918,0
2602,133.5839226,210.3235918,0
2603,133.5839226,210.3235918,0
2604,133.5839226,210.3235918,0
2605,133.5839226,210.3235918,0
2606,133.5839226,210.3235918,0
2607,133.5839226,210.3235918,0
2608,133.5839226,210.3235918,0
2609,133.5839226,210.3235918,0
2610,133.5839226,210.3235918,0
2611,133.5839226,210.3235918,0
2612,133.5839226,210.3235918,0
2613,133.5839226,210.3235918,0
2614,133.5839226,210.3235918,0
2615,133.5839226,210.3235918,0
2616,133.5839226,210.3235918,0
2617,133.5839226,210.3235918,0
2618,133.5839226,210.3235918,0
2619,133.5839226,210.3235918,0
2620,133.5839226,210.3235918,0
2621,133.5839226,210.3235918,0
2622,133.5839226,210.3235918,0
2623,133.5839226,210.3235918,0
2624,133.5839226,210.3235918,0
2625,133.5839226,210.3235918,0
2626,133.5839226,210.3235918,0
2627,133.5839226,210.3235918,0
2628,133.5839226,210.3235918,0
2629,133.5839226,210.3235918,0
2630,133.5839226,210.3235918,0
2631,133.5839226,210.3235918,0
2632,133.5839226,210.3235918,0
2633,133.5839226,210.3235918,0
2634,133.5839226,210.3235918,0
2635,133.5839226,210.3235918,0
2636,133.5839226,210.3235918,0
2637,133.5839226,210.3235918,0
2638,133.5839226,210.3235918,0
2639,133.5839226,210.3235918,0
2640,133.5839226,210.3235918,0
2641,133.5839226,210.3235918,0
2642,133.5839226,210.3235918,0
2643,133.5839226,210.3235918,0
2644,133.5839226,210.3235918,0
2645,133.5839226,210.3235918,0
2646,133.5839226,210.3235918,0
2647,133.5839226,210.3235918,0
2648,133.5839226,210.3235918,0
2649,133.5839226,210.3235918,0
2650,133.5839226,210.3235918,0
2651,133.5839226,210.3235918,0
2652,133.5839226,210.3235918,0
2653,133.5839226,210.3235918,0
2654,133.5839226,210.3235918,0
2655,133.5839226,210.3235918,0
2656,133.5839226,210.3235918,0
2657,133.5839226,210.3235918,0
2658,133.5839226,210.3235918,0
2659,133.5839226,210.3235918,0
2660,133.5839226,210.3235918,0
2661,133.5839226,210.3235918,0
2662,133.5839226,210.3235918,0
2663,133.5839226,210.3235918,0
2664,133.5839226,210.3235918,0
2665,133.5839226,210.3235918,0
2666,130.7417115,210.3235918,0
2667,130.7417115,210.3235918,0
2668,130.7417115,210.3235918,0
2669,130.7417115,210.3235918,0
2670,130.7417114,210.3235918,0
2671,130.7417114,210.3235918,0
2672,130.7417114,210.3235918,0
2673,130.7417114,210.3235918,0
2674,130.7417114,210.3235918,0
2675,130.7417114,210.3235918,0
2676,130.7417114,210.3235918,0
2677,130.7417114,210.3235918,0
2678,130.7417114,210.3235918,0
2679,130.7417114,210.3235918,0
2680,130.7417114,210.3235918,0
2681,130.7417114,210.3235918,0
2682,130.7417114,210.3235918,0
2683,130.7417114,210.3235918,0
2684,130.7417114,210.3235918,0
2685,130.7417114,210.3235918,0
2686,130.7417114,210.3235918,0
2687,130.7417114,210.3235918,0
2688,130.7417114,210.3235918,0
2689,130.7417114,210.3235918,0
2690,130.7417114,210.3235918,0
2691,130.7417114,210.3235918,0
2692,130.7417114,210.3235918,0
2693,130.7417114,210.3235918,0
2694,130.7417114,210.3235918,0
2695,130.7417114,210.3235918,0
2696,130.7417114,210.3235918,0
2697,130.7417114,210.3235918,0
2698,130.7417114,210.3235918,0
2699,130.7417114,210.3235918,0
2700,133.5839226,210.3235918,0
2701,133.5839226,210.3235918,0
2702,133.5839226,210.3235918,0
2703,133.5839226,210.3235918,0
2704,133.5839226,207.4813811,0
2705,133.5839226,207.4813811,0
2706,133.5839226,207.4813811,0
2707,133.5839226,207.4813811,0
2708,133.5839226,207.4813811,0
2709,133.5839226,207.4813811,0
2710,133.5839226,207.4813811,0
2711,133.5839226,207.4813811,0
2712,133.5839226,207.4813811,0
2713,133.5839226,207.4813811,0
2714,133.5839226,207.4813811,0
2715,133.5839226,207.4813811,0
2716,133.5839226,207.4813811,0
2717,133.5839226,207.4813811,0
2718,133.5839226,207.4813811,0
2719,133.5839226,207.4813811,0
2720,133.5839226,207.4813811,0
2721,133.5839226,207.4813811,0
2722,133.5839226,207.4813811,0
2723,133.5839226,207.4813811,0
2724,133.5839226,207.4813811,0
2725,133.5839226,207.4813811,0
2726,133.5839226,207.4813811,0
2727,133.5839226,207.4813811,0
2728,133.5839226,207.4813811,0
2729,133.5839226,207.4813811,0
2730,133.5839226,207.4813811,0
2731,133.5839226,207.4813811,0
2732,133.5839226,207.4813811,0
2733,133.5839226,207.4813811,0
2734,133.5839226,207.4813811,0
2735,133.5839226,207.4813811,0
2736,133.5839226,207.4813811,0
2737,133.5839226,207.4813811,0
2738,133.5839226,207.4813811,0
2739,133.5839226,207.4813811,0
2740,133.5839226,207.4813811,0
2741,133.5839226,207.4813811,0
2742,133.5839226,207.4813811,0
2743,133.5839226,207.4813811,0
2744,133.5839226,207.4813811,0
2745,133.5839226,207.4813811,0
2746,133.5839226,207.4813811,0
2747,133.5839226,207.4813811,0
2748,133.5839226,207.4813811,0
2749,133.5839226,207.4813811,0
2750,133.5839226,207.4813811,0
2751,133.5839226,207.4813811,0
2752,133.5839226,207.4813811,0
2753,133.5839226,207.4813811,0
2754,133.5839226,207.4813811,0
2755,133.5839226,207.4813811,0
2756,133.5839226,207.4813811,0
2757,133.5839226,207.4813811,0
2758,133.5839226,207.4813811,0
2759,133.5839226,207.4813811,0
2760,133.5839226,207.4813811,0
2761,133.5839226,207.4813811,0
2762,133.5839226,207.4813811,0
2763,133.5839226,207.4813811,0
2764,133.5839226,210.3235918,0
2765,133.5839226,210.3235918,0
2766,133.5839226,210.3235918,0
2767,133.5839226,210.3235918,0
2768,133.5839226,210.3235918,0
2769,133.5839226,210.3235918,0
2770,133.5839226,210.3235918,0
2771,133.5839226,210.3235918,0
2772,133.5839226,210.3235918,0
2773,133.5839226,210.3235918,0
2774,133.5839226,210.3235918,0
2775,133.5839226,210.3235918,0
2776,133.5839226,210.3235918,0
2777,133.5839226,210.3235918,0
2778,130.7417115,210.3235918,0
2779,130.7417115,210.3235918,0
2780,130.7417115,210.3235918,0
2781,130.7417115,210.3235918,0
2782,130.7417115,210.3235918,0
2783,130.7417115,210.3235918,0
2784,130.7417115,210.3235918,0
2785,130.7417115,210.3235918,0
2786,130.7417115,210.3235918,0
2787,130.7417115,210.3235918,0
2788,130.7417115,210.3235918,0
2789,130.7417115,210.3235918,0
2790,130.7417115,210.3235918,0
2791,130.7417115,210.3235918,0
2792,130.7417115,210.3235918,0
2793,130.7417115,210.3235918,0
2794,130.7417115,210.3235918,0
2795,130.7417115,210.3235918,0
2796,130.7417115,210.3235918,0
2797,130.7417115,210.3235918,0
2798,130.7417115,210.3235918,0
2799,130.7417115,210.3235918,0
2800,130.7417115,210.3235918,0
2801,130.7417115,210.3235918,0
2802,130.7417115,210.3235918,0
2803,130.7417115,210.3235918,0
2804,130.7417115,210.3235918,0
2805,130.7417115,210.3235918,0
2806,130.7417115,210.3235918,0
2807,130.7417115,210.3235918,0
2808,130.7417115,210.3235918,0
2809,130.7417115,210.3235918,0
2810,130.7417115,210.3235918,0
2811,130.7417115,210.3235918,0
2812,130.7417115,210.3235918,0
2813,130.7417115,210.3235918,0
2814,130.7417115,210.3235918,0
2815,130.7417115,210.3235918,0
2816,130.7417115,210.3235918,0
2817,130.7417115,210.3235918,0
2818,130.7417115,210.3235918,0
2819,130.7417115,210.3235918,0
2820,130.7417115,210.3235918,0
2821,130.7417115,210.3235918,0
2822,130.7417115,210.3235918,0
2823,130.7417115,210.3235918,0
2824,130.7417115,210.3235918,0
2825,130.7417115,210.3235918,0
2826,130.7417115,210.3235918,0
2827,130.7417115,210.3235918,0
2828,130.7417115,210.3235918,0
2829,130.7417115,210.3235918,0
2830,130.7417115,210.3235918,0
2831,130.7417115,210.3235918,0
2832,130.7417115,210.3235918,0
2833,130.7417115,210.3235918,0
2834,130.7417115,210.3235918,0
2835,130.7417115,210.3235918,0
2836,130.7417115,210.3235918,0
2837,130.7417115,210.3235918,0
2838,130.7417115,210.3235918,0
2839,130.7417115,210.3235918,0
2840,130.7417115,210.3235918,0
2841,130.7417115,210.3235918,0
2842,130.7417115,210.3235918,0
2843,130.7417115,210.3235918,0
2844,130.7417115,210.3235918,0
2845,130.7417115,210.3235918,0
2846,130.7417115,210.3235918,0
2847,130.7417115,210.3235918,0
2848,127.8995004,210.3235918,0
2849,127.8995004,210.3235918,0
2850,127.8995004,210.3235918,0
2851,127.8995004,210.3235918,0
2852,127.8995004,210.3235918,0
2853,127.8995004,210.3235918,0
2854,127.8995004,210.3235918,0
2855,127.8995004,210.3235918,0
2856,127.8995004,207.4813811,0
2857,127.8995004,207.4813811,0
2858,127.8995004,207.4813811,0
2859,127.8995004,207.4813811,0
2860,127.8995003,207.4813811,0
2861,127.8995003,207.4813811,0
2862,127.8995003,207.4813811,0
2863,127.8995003,207.4813811,0
2864,127.8995003,207.4813811,0
2865,127.8995003,207.4813811,0
2866,127.8995003,207.4813811,0
2867,127.8995003,207.4813811,0
2868,127.8995003,207.4813811,0
2869,127.8995003,207.4813811,0
2870,127.8995003,207.4813811,0
2871,127.8995003,207.4813811,0
2872,127.8995003,207.4813811,0
2873,127.8995003,207.4813811,0
2874,127.8995003,207.4813811,0
2875,127.8995003,207.4813811,0
2876,127.8995003,207.4813811,0
2877,127.8995003,207.4813811,0
2878,127.8995003,207.4813811,0
2879,127.8995003,207.4813811,0
2880,127.8995003,207.4813811,0
2881,127.8995003,207.4813811,0
2882,127.8995003,207.4813811,0
2883,127.8995003,207.4813811,0
2884,127.8995003,207.4813811,0
2885,127.8995003,207.4813811,0
2886,127.8995003,213.1658025,0
2887,127.8995003,213.1658025,0
2888,127.8995003,213.1658025,0
2889,127.8995003,213.1658025,0
2890,127.8995003,213.1658025,0
2891,127.8995003,213.1658025,0
2892,127.8995003,213.1658025,0
2893,127.8995003,213.1658025,0
2894,127.8995003,213.1658025,0
2895,127.8995003,213.1658025,0
2896,125.0572893,213.1658025,0
2897,125.0572893,213.1658025,0
2898,125.0572893,213.1658025,0
2899,125.0572893,213.1658025,0
2900,125.0572893,213.1658025,0
2901,125.0572893,213.1658025,0
2902,125.0572893,213.1658025,0
2903,125.0572893,213.1658025,0
2904,125.0572893,213.1658025,0
2905,125.0572893,213.1658025,0
2906,125.0572893,213.1658025,0
2907,125.0572893,213.1658025,0
2908,125.0572893,213.1658025,0
2909,125.0572893,213.1658025,0
2910,125.0572893,213.1658025,0
2911,125.0572893,213.1658025,0
2912,125.0572893,213.1658025,0
2913,125.0572893,213.1658025,0
2914,125.0572893,213.1658025,0
2915,125.0572893,213.1658025,0
2916,125.0572893,213.1658025,0
2917,125.0572893,213.1658025,0
2918,127.8995004,213.1658025,0
2919,127.8995004,213.1658025,0
2920,127.8995004,213.1658025,0
2921,127.8995004,213.1658025,0
2922,127.8995004,213.1658025,0
2923,127.8995004,213.1658025,0
2924,127.8995004,213.1658025,0
2925,127.8995004,213.1658025,0
2926,127.8995004,213.1658025,0
2927,127.8995004,213.1658025,0
2928,127.8995004,213.1658025,0
2929,127.8995004,213.1658025,0
2930,127.8995004,213.1658025,0
2931,127.8995004,213.1658025,0
2932,127.8995004,213.1658025,0
2933,127.8995004,213.1658025,0
2934,127.8995004,213.1658025,0
2935,127.8995004,213.1658025,0
2936,127.8995004,210.3235918,0
2937,127.8995004,210.3235918,0
2938,127.8995004,210.3235918,0
2939,127.8995004,210.3235918,0
2940,127.8995004,210.3235918,0
2941,127.8995004,210.3235918,0
2942,127.8995004,210.3235918,0
2943,127.8995004,210.3235918,0
2944,127.8995004,210.3235918,0
2945,127.8995004,210.3235918,0
2946,127.8995004,210.3235918,0
2947,127.8995004,210.3235918,0
2948,127.8995004,210.3235918,0
2949,127.8995004,210.3235918,0
2950,127.8995004,210.3235918,0
2951,127.8995004,210.3235918,0
2952,127.8995004,210.3235918,0
2953,127.8995004,210.3235918,0
2954,127.8995004,210.3235918,0
2955,127.8995004,210.3235918,0
2956,127.8995004,210.3235918,0
2957,127.8995004,210.3235918,0
2958,127.8995004,210.3235918,0
2959,127.8995004,210.3235918,0
2960,127.8995004,210.3235918,0
2961,127.8995004,210.3235918,0
2962,127.8995004,210.3235918,0
2963,127.8995004,210.3235918,0
2964,127.8995004,210.3235918,0
2965,127.8995004,210.3235918,0
2966,127.8995004,210.3235918,0
2967,127.8995004,210.3235918,0
2968,127.8995003,210.3235918,0
2969,127.8995003,210.3235918,0
2970,127.8995003,210.3235918,0
2971,127.8995003,210.3235918,0
2972,127.8995003,210.3235918,0
2973,127.8995003,210.3235918,0
2974,127.8995003,210.3235918,0
2975,127.8995003,210.3235918,0
2976,127.8995003,210.3235918,0
2977,127.8995003,210.3235918,0
2978,127.8995003,210.3235918,0
2979,127.8995003,207.4813811,0
2980,127.8995003,207.4813811,0
2981,127.8995003,207.4813811,0
2982,127.8995003,204.6391704,0
2983,127.8995003,204.6391704,0
2984,127.8995003,204.6391704,0
2985,127.8995003,204.6391704,0
2986,127.8995003,204.6391704,0
2987,127.8995003,204.6391704,0
2988,127.8995003,204.6391704,0
2989,127.8995003,204.6391704,0
2990,127.8995003,204.6391704,0
2991,127.8995003,204.6391704,0
2992,127.8995003,204.6391704,0
2993,127.8995003,204.6391704,0
2994,127.8995003,207.4813811,0
2995,127.8995003,207.4813811,0
2996,127.8995003,207.4813811,0
2997,127.8995003,207.4813811,0
2998,127.8995003,207.4813811,0
2999,127.8995003,207.4813811,0
3000,127.8995003,207.4813811,0
3001,127.8995003,207.4813811,0
3002,127.8995003,207.4813811,0
3003,127.8995003,207.4813811,0
3004,127.8995003,207.4813811,0
3005,127.8995003,207.4813811,0
3006,127.8995003,207.4813811,0
3007,125.0572893,207.4813811,0
3008,125.0572893,207.4813811,0
3009,125.0572893,207.4813811,0
3010,125.0572893,207.4813811,0
3011,127.8995003,207.4813811,0
3012,127.8995003,207.4813811,0
3013,127.8995003,207.4813811,0
3014,127.8995003,207.4813811,0
3015,127.8995003,207.4813811,0
3016,127.8995003,207.4813811,0
3017,127.8995003,207.4813811,0
3018,127.8995003,207.4813811,0
3019,127.8995003,207.4813811,0
3020,127.8995003,207.4813811,0
3021,127.8995003,207.4813811,0
3022,127.8995003,207.4813811,0
3023,127.8995003,207.4813811,0
3024,127.8995003,207.4813811,0
3025,127.8995003,207.4813811,0
3026,127.8995003,207.4813811,0
3027,127.8995003,207.4813811,0
3028,127.8995003,207.4813811,0
3029,127.8995003,207.4813811,0
3030,127.8995003,207.4813811,0
3031,127.8995003,207.4813811,0
3032,127.8995003,207.4813811,0
3033,127.8995003,207.4813811,0
3034,127.8995003,207.4813811,0
3035,127.8995003,207.4813811,0
3036,127.8995003,207.4813811,0
3037,127.8995003,207.4813811,0
3038,127.8995003,207.4813811,0
3039,127.8995003,207.4813811,0
3040,127.8995003,207.4813811,0
3041,127.8995003,207.4813811,0
3042,127.8995003,207.4813811,0
3043,127.8995004,207.4813811,0
3044,127.8995004,207.4813811,0
3045,127.8995004,207.4813811,0
3046,127.8995004,207.4813811,0
3047,127.8995004,207.4813811,0
3048,127.8995004,207.4813811,0
3049,127.8995004,207.4813811,0
3050,127.8995004,207.4813811,0
3051,127.8995004,207.4813811,0
3052,127.8995004,207.4813811,0
3053,127.8995004,207.4813811,0
3054,127.8995004,207.4813811,0
3055,127.8995004,207.4813811,0
3056,127.8995004,207.4813811,0
3057,127.8995004,207.4813811,0
3058,127.8995004,207.4813811,0
3059,127.8995004,207.4813811,0
3060,127.8995004,207.4813811,0
3061,127.8995004,207.4813811,0
3062,127.8995004,207.4813811,0
3063,127.8995004,207.4813811,0
3064,127.8995004,207.4813811,0
3065,127.8995004,207.4813811,0
3066,127.8995004,207.4813811,0
3067,127.8995004,207.4813811,0
3068,127.8995004,207.4813811,0
3069,127.8995004,207.4813811,0
3070,127.8995004,207.4813811,0
3071,127.8995004,207.4813811,0
3072,127.8995004,207.4813811,0
3073,127.8995004,207.4813811,0
3074,127.8995004,207.4813811,0
3075,127.8995004,207.4813811,0
3076,127.8995004,207.4813811,0
3077,127.8995004,207.4813811,0
3078,127.8995004,207.4813811,0
3079,127.8995004,207.4813811,0
3080,127.8995004,207.4813811,0
3081,127.8995004,207.4813811,0
3082,127.8995004,207.4813811,0
3083,127.8995004,207.4813811,0
3084,127.8995004,207.4813811,0
3085,127.8995004,207.4813811,0
3086,127.8995004,207.4813811,0
3087,127.8995004,207.4813811,0
3088,127.8995004,207.4813811,0
3089,127.8995004,207.4813811,0
3090,127.8995004,207.4813811,0
3091,127.8995004,207.4813811,0
3092,127.8995004,207.4813811,0
3093,125.0572893,207.4813811,0
3094,125.0572893,207.4813811,0
3095,125.0572893,207.4813811,0
3096,125.0572893,207.4813811,0
3097,125.0572893,207.4813811,0
3098,125.0572893,207.4813811,0
3099,125.0572893,207.4813811,0
3100,125.0572893,207.4813811,0
3101,125.0572893,207.4813811,0
3102,125.0572893,207.4813811,0
3103,125.0572893,207.4813811,0
3104,125.0572893,207.4813811,0
3105,125.0572893,207.4813811,0
3106,125.0572893,207.4813811,0
3107,125.0572893,207.4813811,0
3108,125.0572893,207.4813811,0
3109,125.0572893,207.4813811,0
3110,127.8995003,207.4813811,0
3111,127.8995003,207.4813811,0
3112,127.8995003,207.4813811,0
3113,127.8995003,207.4813811,0
3114,127.8995003,207.4813811,0
3115,127.8995003,207.4813811,0
3116,127.8995003,207.4813811,0
3117,127.8995003,207.4813811,0
3118,127.8995003,207.4813811,0
3119,127.8995003,207.4813811,0
3120,127.8995003,207.4813811,0
3121,127.8995003,207.4813811,0
3122,127.8995003,207.4813811,0
3123,127.8995003,207.4813811,0
3124,127.8995003,207.4813811,0
3125,127.8995003,207.4813811,0
3126,127.8995003,207.4813811,0
3127,127.8995003,207.4813811,0
3128,127.8995003,207.4813811,0
3129,127.8995003,207.4813811,0
3130,127.8995003,207.4813811,0
3131,127.8995003,207.4813811,0
3132,127.8995003,207.4813811,0
3133,127.8995003,207.4813811,0
3134,127.8995003,207.4813811,0
3135,127.8995003,207.4813811,0
3136,127.8995003,207.4813811,0
3137,127.8995003,207.4813811,0
3138,127.8995003,207.4813811,0
3139,127.8995003,207.4813811,0
3140,127.8995003,207.4813811,0
3141,127.8995003,207.4813811,0
3142,127.8995003,207.4813811,0
3143,127.8995003,207.4813811,0
3144,127.8995003,207.4813811,0
3145,127.8995003,207.4813811,0
3146,127.8995003,207.4813811,0
3147,127.8995003,207.4813811,0
3148,127.8995003,207.4813811,0
3149,127.8995003,207.4813811,0
3150,127.8995003,207.4813811,0
3151,127.8995003,207.4813811,0
3152,127.8995003,207.4813811,0
3153,127.8995003,207.4813811,0
3154,127.8995003,207.4813811,0
3155,127.8995003,207.4813811,0
3156,127.8995003,207.4813811,0
3157,127.8995003,207.4813811,0
3158,127.8995003,207.4813811,0
3159,127.8995004,207.4813811,0
3160,127.8995004,207.4813811,0
3161,127.8995004,207.4813811,0
3162,127.8995004,207.4813811,0
3163,127.8995004,207.4813811,0
3164,127.8995004,207.4813811,0
3165,127.8995004,207.4813811,0
3166,127.8995004,207.4813811,0
3167,127.8995004,207.4813811,0
3168,127.8995004,207.4813811,0
3169,127.8995004,207.4813811,0
3170,127.8995004,207.4813811,0
3171,127.8995004,207.4813811,0
3172,127.8995004,207.4813811,0
3173,127.8995004,207.4813811,0
3174,127.8995004,207.4813811,0
3175,127.8995004,207.4813811,0
3176,127.8995004,207.4813811,0
3177,127.8995004,207.4813811,0
3178,127.8995004,207.4813811,0
3179,127.8995004,207.4813811,0
3180,127.8995004,207.4813811,0
3181,127.8995004,207.4813811,0
3182,127.8995004,207.4813811,0
3183,127.8995004,207.4813811,0
3184,127.8995004,207.4813811,0
3185,127.8995004,207.4813811,0
3186,127.8995004,207.4813811,0
3187,127.8995004,207.4813811,0
3188,127.8995004,207.4813811,0
3189,127.8995004,207.4813811,0
3190,127.8995004,207.4813811,0
3191,127.8995004,207.4813811,0
3192,127.8995004,207.4813811,0
3193,127.8995004,207.4813811,0
3194,127.8995004,207.4813811,0
3195,127.8995004,207.4813811,0
3196,127.8995004,207.4813811,0
3197,127.8995004,207.4813811,0
3198,127.8995004,207.4813811,0
3199,127.8995004,207.4813811,0
3200,127.8995004,207.4813811,0
3201,127.8995004,204.6391704,0
3202,127.8995004,204.6391704,0
3203,127.8995004,204.6391704,0
3204,127.8995004,207.4813811,0
3205,127.8995004,207.4813811,0
3206,127.8995004,207.4813811,0
3207,127.8995004,207.4813811,0
3208,127.8995004,207.4813811,0
3209,127.8995004,207.4813811,0
3210,127.8995004,207.4813811,0
3211,127.8995004,207.4813811,0
3212,127.8995004,207.4813811,0
3213,127.8995004,207.4813811,0
3214,127.8995004,207.4813811,0
3215,127.8995004,207.4813811,0
3216,127.8995004,207.4813811,0
3217,127.8995004,207.4813811,0
3218,127.8995004,207.4813811,0
3219,127.8995004,207.4813811,0
3220,127.8995004,207.4813811,0
3221,127.8995004,207.4813811,0
3222,127.8995004,207.4813811,0
3223,127.8995004,207.4813811,0
3224,127.8995004,207.4813811,0
3225,127.8995004,207.4813811,0
3226,127.8995004,207.4813811,0
3227,127.8995004,207.4813811,0
3228,127.8995004,207.4813811,0
3229,127.8995004,207.4813811,0
3230,127.8995004,207.4813811,0
3231,127.8995004,207.4813811,0
3232,127.8995004,207.4813811,0
3233,127.8995004,207.4813811,0
3234,127.8995004,207.4813811,0
3235,127.8995004,207.4813811,0
3236,127.8995004,207.4813811,0
3237,127.8995004,207.4813811,0
3238,127.8995004,207.4813811,0
3239,127.8995004,207.4813811,0
3240,127.8995004,207.4813811,0
3241,127.8995004,207.4813811,0
3242,127.8995004,207.4813811,0
3243,127.8995004,207.4813811,0
3244,127.8995004,207.4813811,0
3245,127.8995004,207.4813811,0
3246,127.8995004,207.4813811,0
3247,127.8995004,207.4813811,0
3248,127.8995004,207.4813811,0
3249,127.8995004,207.4813811,0
3250,127.8995004,207.4813811,0
3251,127.8995004,207.4813811,0
3252,127.8995004,207.4813811,0
3253,127.8995004,207.4813811,0
3254,127.8995004,204.6391704,0
3255,127.8995004,204.6391704,0
3256,127.8995004,204.6391704,0
3257,127.8995004,204.6391704,0
3258,127.8995004,204.6391704,0
3259,127.8995004,204.6391704,0
3260,127.8995004,204.6391704,0
3261,127.8995004,204.6391704,0
3262,125.0572893,204.6391704,0
3263,125.0572893,204.6391704,0
3264,125.0572893,204.6391704,0
3265,125.0572893,204.6391704,0
3266,125.0572893,204.6391704,0
3267,125.0572893,204.6391704,0
3268,125.0572893,204.6391704,0
3269,125.0572893,204.6391704,0
3270,125.0572893,204.6391704,0
3271,125.0572893,204.6391704,0
3272,125.0572893,204.6391704,0
3273,125.0572893,204.6391704,0
3274,125.0572893,204.6391704,0
3275,125.0572893,204.6391704,0
3276,125.0572893,207.4813811,0
3277,125.0572893,207.4813811,0
3278,125.0572893,207.4813811,0
3279,125.0572893,207.4813811,0
3280,125.0572893,207.4813811,0
3281,125.0572893,207.4813811,0
3282,125.0572893,207.4813811,0
3283,125.0572893,207.4813811,0
3284,125.0572893,207.4813811,0
3285,125.0572893,207.4813811,0
3286,125.0572893,207.4813811,0
3287,125.0572893,207.4813811,0
3288,125.0572893,207.4813811,0
3289,125.0572893,207.4813811,0
3290,125.0572893,207.4813811,0
3291,125.0572893,207.4813811,0
3292,125.0572893,207.4813811,0
3293,125.0572893,207.4813811,0
3294,125.0572893,207.4813811,0
3295,125.0572893,207.4813811,0
3296,125.0572893,207.4813811,0
3297,125.0572893,207.4813811,0
3298,125.0572893,207.4813811,0
3299,125.0572893,207.4813811,0
3300,125.0572893,207.4813811,0
3301,125.0572893,207.4813811,0
3302,125.0572893,207.4813811,0
3303,125.0572893,207.4813811,0
3304,125.0572893,207.4813811,0
3305,125.0572893,207.4813811,0
3306,125.0572893,207.4813811,0
3307,125.0572893,210.3235918,0
3308,125.0572893,210.3235918,0
3309,125.0572893,210.3235918,0
3310,125.0572893,210.3235918,0
3311,125.0572893,210.3235918,0
3312,125.0572893,210.3235918,0
3313,125.0572893,210.3235918,0
3314,125.0572893,210.3235918,0
3315,125.0572893,210.3235918,0
3316,125.0572893,210.3235918,0
3317,125.0572893,210.3235918,0
3318,125.0572893,210.3235918,0
3319,125.0572893,210.3235918,0
3320,125.0572893,210.3235918,0
3321,125.0572893,210.3235918,0
3322,125.0572893,210.3235918,0
3323,125.0572893,210.3235918,0
3324,125.0572893,210.3235918,0
3325,125.0572893,210.3235918,0
3326,125.0572893,210.3235918,0
3327,125.0572893,210.3235918,0
3328,125.0572893,210.3235918,0
3329,125.0572893,210.3235918,0
3330,125.0572893,210.3235918,0
3331,125.0572893,210.3235918,0
3332,125.0572893,210.3235918,0
3333,125.0572893,210.3235918,0
3334,125.0572893,210.3235918,0
3335,125.0572893,210.3235918,0
3336,125.0572893,210.3235918,0
3337,125.0572893,210.3235918,0
3338,125.0572893,210.3235918,0
3339,125.0572893,210.3235918,0
3340,125.0572893,210.3235918,0
3341,125.0572893,210.3235918,0
3342,125.0572893,210.3235918,0
3343,125.0572893,210.3235918,0
3344,125.0572893,210.3235918,0
3345,125.0572893,210.3235918,0
3346,125.0572893,210.3235918,0
3347,125.0572893,210.3235918,0
3348,125.0572893,210.3235918,0
3349,125.0572893,210.3235918,0
3350,125.0572893,210.3235918,0
3351,125.0572893,210.3235918,0
3352,125.0572892,210.3235918,0
3353,125.0572892,210.3235918,0
3354,125.0572892,210.3235918,0
3355,125.0572892,210.3235918,0
3356,125.0572892,210.3235918,0
3357,125.0572892,210.3235918,0
3358,125.0572892,210.3235918,0
3359,125.0572892,210.3235918,0
3360,125.0572892,210.3235918,0
3361,125.0572892,210.3235918,0
3362,125.0572892,210.3235918,0
3363,125.0572892,210.3235918,0
3364,125.0572892,210.3235918,0
3365,125.0572892,210.3235918,0
3366,125.0572892,210.3235918,0
3367,125.0572892,210.3235918,0
3368,125.0572892,210.3235918,0
3369,125.0572892,210.3235918,0
3370,125.0572892,210.3235918,0
3371,125.0572892,210.3235918,0
3372,125.0572892,210.3235918,0
3373,125.0572892,210.3235918,0
3374,125.0572892,210.3235918,0
3375,125.0572892,210.3235918,0
3376,125.0572892,210.3235918,0
3377,125.0572892,210.3235918,0
3378,125.0572892,210.3235918,0
3379,125.0572892,210.3235918,0
3380,125.0572892,210.3235918,0
3381,125.0572892,210.3235918,0
3382,125.0572892,210.3235918,0
3383,125.0572892,210.3235918,0
3384,125.0572892,210.3235918,0
3385,125.0572892,210.3235918,0
3386,125.0572892,207.4813811,0
3387,125.0572892,207.4813811,0
3388,125.0572892,207.4813811,0
3389,125.0572892,207.4813811,0
3390,125.0572892,207.4813811,0
3391,125.0572892,207.4813811,0
3392,125.0572892,207.4813811,0
3393,125.0572892,207.4813811,0
3394,125.0572892,207.4813811,0
3395,125.0572892,207.4813811,0
3396,125.0572892,207.4813811,0
3397,125.0572892,207.4813811,0
3398,125.0572892,207.4813811,0
3399,125.0572892,207.4813811,0
3400,125.0572892,207.4813811,0
3401,125.0572892,207.4813811,0
3402,125.0572892,207.4813811,0
3403,122.2150781,207.4813811,0
3404,122.2150781,207.4813811,0
3405,122.2150781,207.4813811,0
3406,122.2150781,207.4813811,0
3407,122.2150781,207.4813811,0
3408,122.2150781,207.4813811,0
3409,122.2150781,207.4813811,0
3410,122.2150781,207.4813811,0
3411,122.2150781,207.4813811,0
3412,122.2150781,207.4813811,0
3413,122.2150781,207.4813811,0
3414,122.2150781,207.4813811,0
3415,122.2150781,207.4813811,0
3416,122.2150781,207.4813811,0
3417,122.2150781,207.4813811,0
3418,122.2150781,207.4813811,0
3419,122.2150781,207.4813811,0
3420,122.2150781,207.4813811,0
3421,122.2150781,207.4813811,0
3422,122.2150781,207.4813811,0
3423,122.2150781,207.4813811,0
3424,122.2150781,207.4813811,0
3425,122.2150781,207.4813811,0
3426,122.2150781,207.4813811,0
3427,122.2150781,207.4813811,0
3428,122.2150781,207.4813811,0
3429,122.2150781,207.4813811,0
3430,122.2150781,207.4813811,0
3431,122.2150781,207.4813811,0
3432,122.2150781,207.4813811,0
3433,122.2150781,201.7969597,0
3434,122.2150781,201.7969597,0
3435,122.2150781,201.7969597,0
3436,122.2150781,201.7969597,0
3437,122.2150781,201.7969597,0
3438,122.2150781,201.7969597,0
3439,122.2150781,207.4813811,0
3440,122.2150781,207.4813811,0
3441,122.2150781,207.4813811,0
3442,122.2150781,207.4813811,0
3443,122.2150781,207.4813811,0
3444,125.0572892,207.4813811,0
3445,125.0572892,207.4813811,0
3446,125.0572892,207.4813811,0
3447,125.0572892,207.4813811,0
3448,125.0572892,207.4813811,0
3449,125.0572892,207.4813811,0
3450,125.0572892,207.4813811,0
3451,125.0572892,207.4813811,0
3452,125.0572892,207.4813811,0
3453,125.0572892,207.4813811,0
3454,125.0572892,207.4813811,0
3455,125.0572892,207.4813811,0
3456,125.0572892,207.4813811,0
3457,125.0572892,207.4813811,0
3458,125.0572892,207.4813811,0
3459,125.0572892,207.4813811,0
3460,125.0572892,207.4813811,0
3461,125.0572892,207.4813811,0
3462,125.0572892,207.4813811,0
3463,125.0572892,207.4813811,0
3464,125.0572892,207.4813811,0
3465,125.0572892,207.4813811,0
3466,125.0572892,207.4813811,0
3467,125.0572892,207.4813811,0
3468,125.0572892,207.4813811,0
3469,125.0572892,207.4813811,0
3470,125.0572892,207.4813811,0
3471,125.0572892,207.4813811,0
3472,125.0572892,207.4813811,0
3473,125.0572892,207.4813811,0
3474,125.0572892,207.4813811,0
3475,125.0572892,207.4813811,0
3476,125.0572892,207.4813811,0
3477,125.0572892,207.4813811,0
3478,125.0572892,207.4813811,0
3479,125.0572892,207.4813811,0
3480,125.0572892,207.4813811,0
3481,125.0572892,207.4813811,0
3482,125.0572892,207.4813811,0
3483,125.0572892,207.4813811,0
3484,125.0572892,207.4813811,0
3485,125.0572892,207.4813811,0
3486,125.0572892,207.4813811,0
3487,125.0572892,207.4813811,0
3488,125.0572892,207.4813811,0
3489,125.0572892,207.4813811,0
3490,125.0572892,207.4813811,0
3491,125.0572892,207.4813811,0
3492,125.0572892,207.4813811,0
3493,125.0572892,207.4813811,0
3494,122.2150781,207.4813811,0
3495,122.2150781,207.4813811,0
3496,122.2150781,207.4813811,0
3497,122.2150781,207.4813811,0
3498,122.2150781,207.4813811,0
3499,122.2150781,207.4813811,0
3500,122.2150781,207.4813811,0
3501,122.2150781,207.4813811,0
3502,122.2150781,207.4813811,0
3503,122.2150781,207.4813811,0
3504,122.2150781,207.4813811,0
3505,122.2150781,207.4813811,0
3506,122.2150781,207.4813811,0
3507,122.2150781,207.4813811,0
3508,122.2150781,207.4813811,0
3509,122.2150781,207.4813811,0
3510,122.2150781,207.4813811,0
3511,122.2150781,207.4813811,0
3512,122.2150781,207.4813811,0
3513,122.2150781,207.4813811,0
3514,122.2150781,207.4813811,0
3515,122.2150781,207.4813811,0
3516,122.2150781,207.4813811,0
3517,122.2150781,207.4813811,0
3518,122.2150781,207.4813811,0
3519,122.2150781,207.4813811,0
3520,122.2150781,207.4813811,0
3521,122.2150781,207.4813811,0
3522,122.2150781,207.4813811,0
3523,122.2150781,207.4813811,0
3524,122.2150781,207.4813811,0
3525,122.2150781,207.4813811,0
3526,122.2150781,207.4813811,0
3527,122.2150781,207.4813811,0
3528,122.2150781,207.4813811,0
3529,122.2150781,207.4813811,0
3530,122.2150781,207.4813811,0
3531,122.2150781,207.4813811,0
3532,122.2150781,207.4813811,0
3533,122.2150781,207.4813811,0
3534,122.2150781,207.4813811,0
3535,122.2150781,207.4813811,0
3536,122.2150781,207.4813811,0
3537,122.2150781,207.4813811,0
3538,122.2150781,207.4813811,0
3539,122.2150781,207.4813811,0
3540,122.2150781,207.4813811,0
3541,122.2150781,207.4813811,0
3542,122.2150781,207.4813811,0
3543,122.2150781,207.4813811,0
3544,122.2150781,207.4813811,0
3545,122.2150781,207.4813811,0
3546,122.2150781,207.4813811,0
3547,122.2150781,207.4813811,0
3548,122.2150781,207.4813811,0
3549,122.2150781,207.4813811,0
3550,122.2150781,207.4813811,0
3551,122.2150781,207.4813811,0
3552,122.2150781,207.4813811,0
3553,122.2150781,207.4813811,0
3554,122.2150781,207.4813811,0
3555,122.2150781,207.4813811,0
3556,122.2150781,207.4813811,0
3557,122.2150781,207.4813811,0
3558,122.2150781,207.4813811,0
3559,122.2150781,207.4813811,0
3560,122.2150781,207.4813811,0
3561,122.2150781,207.4813811,0
3562,122.2150781,207.4813811,0
3563,122.2150781,207.4813811,0
3564,122.2150781,207.4813811,0
3565,122.2150781,207.4813811,0
3566,122.2150781,207.4813811,0
3567,122.2150781,207.4813811,0
3568,122.2150781,207.4813811,0
3569,122.2150781,207.4813811,0
3570,122.2150781,207.4813811,0
3571,122.2150781,207.4813811,0
3572,122.2150781,207.4813811,0
3573,122.2150781,207.4813811,0
3574,122.2150781,207.4813811,0
3575,122.2150781,207.4813811,0
3576,122.2150781,207.4813811,0
3577,122.2150781,207.4813811,0
3578,122.2150781,207.4813811,0
3579,122.2150781,207.4813811,0
3580,122.2150781,207.4813811,0
3581,122.2150781,207.4813811,0
3582,122.2150781,207.4813811,0
3583,122.2150781,207.4813811,0
3584,122.2150781,207.4813811,0
3585,122.2150781,207.4813811,0
3586,122.2150781,207.4813811,0
3587,122.2150781,207.4813811,0
3588,122.2150781,207.4813811,0
3589,122.2150781,207.4813811,0
3590,122.2150781,207.4813811,0
3591,122.2150781,207.4813811,0
3592,122.2150781,207.4813811,0
3593,122.2150781,207.4813811,0
3594,122.2150781,207.4813811,0
3595,122.2150781,207.4813811,0
3596,122.2150781,207.4813811,0
3597,122.2150781,207.4813811,0
3598,122.2150781,207.4813811,0
3599,122.2150781,207.4813811,0
3600,122.2150781,207.4813811,0
3601,122.2150781,207.4813811,0
3602,122.2150781,207.4813811,0
3603,122.2150781,207.4813811,0
3604,122.2150781,207.4813811,0
3605,122.2150781,207.4813811,0
3606,122.2150781,207.4813811,0
3607,122.2150781,207.4813811,0
3608,122.2150781,207.4813811,0
3609,122.2150781,207.4813811,0
3610,122.2150781,207.4813811,0
3611,122.2150781,207.4813811,0
3612,119.372867,207.4813811,0
3613,119.372867,207.4813811,0
3614,119.372867,207.4813811,0
3615,119.372867,207.4813811,0
3616,119.372867,207.4813811,0
3617,119.372867,207.4813811,0
3618,119.372867,207.4813811,0
3619,119.372867,207.4813811,0
3620,119.372867,207.4813811,0
3621,119.372867,207.4813811,0
3622,119.372867,207.4813811,0
3623,119.372867,207.4813811,0
3624,119.372867,207.4813811,0
3625,119.372867,207.4813811,0
3626,119.372867,207.4813811,0
3627,119.372867,207.4813811,0
3628,119.372867,207.4813811,0
3629,119.372867,207.4813811,0
3630,119.372867,207.4813811,0
3631,122.2150781,207.4813811,0
3632,122.2150781,207.4813811,0
3633,122.2150781,207.4813811,0
3634,122.2150781,207.4813811,0
3635,122.2150781,207.4813811,0
3636,122.2150781,207.4813811,0
3637,122.2150781,207.4813811,0
3638,122.2150781,207.4813811,0
3639,122.2150781,201.7969597,0
3640,122.2150781,201.7969597,0
3641,122.2150781,201.7969597,0
3642,122.2150781,201.7969597,0
3643,122.2150781,201.7969597,0
3644,122.2150781,201.7969597,0
3645,122.2150781,201.7969597,0
3646,122.2150781,201.7969597,0
3647,122.2150781,204.6391704,0
3648,122.2150781,204.6391704,0
3649,122.2150781,204.6391704,0
3650,122.2150781,204.6391704,0
3651,122.2150781,204.6391704,0
3652,122.2150781,204.6391704,0
3653,122.2150781,204.6391704,0
3654,122.2150781,204.6391704,0
3655,122.2150781,204.6391704,0
3656,122.2150781,204.6391704,0
3657,122.2150781,204.6391704,0
3658,122.2150781,204.6391704,0
3659,122.2150781,204.6391704,0
3660,122.2150781,204.6391704,0
3661,122.2150781,204.6391704,0
3662,122.2150781,204.6391704,0
3663,122.2150781,204.6391704,0
3664,122.2150781,204.6391704,0
3665,122.2150781,204.6391704,0
3666,122.2150781,207.4813811,0
3667,122.2150781,207.4813811,0
3668,122.2150781,207.4813811,0
3669,122.2150781,207.4813811,0
3670,122.2150781,207.4813811,0
3671,122.2150781,207.4813811,0
3672,122.2150781,207.4813811,0
3673,122.2150781,207.4813811,0
3674,122.2150781,207.4813811,0
3675,122.2150781,207.4813811,0
3676,122.2150781,207.4813811,0
3677,122.2150781,207.4813811,0
3678,122.2150781,207.4813811,0
3679,122.2150781,207.4813811,0
3680,122.2150781,207.4813811,0
3681,122.2150781,207.4813811,0
3682,122.2150781,207.4813811,0
3683,122.2150781,207.4813811,0
3684,122.2150781,207.4813811,0
3685,122.2150781,207.4813811,0
3686,122.2150781,207.4813811,0
3687,122.2150781,207.4813811,0
3688,122.2150781,207.4813811,0
3689,122.2150781,207.4813811,0
3690,122.2150781,207.4813811,0
3691,122.2150781,207.4813811,0
3692,122.2150781,207.4813811,0
3693,122.2150781,207.4813811,0
3694,122.2150781,207.4813811,0
3695,122.2150781,207.4813811,0
3696,122.2150781,210.3235918,0
3697,122.2150781,210.3235918,0
3698,122.2150781,210.3235918,0
3699,122.2150781,210.3235918,0
3700,122.2150781,210.3235918,0
3701,122.2150781,210.3235918,0
3702,122.2150781,210.3235918,0
3703,122.2150781,210.3235918,0
3704,122.2150781,210.3235918,0
3705,122.2150781,210.3235918,0
3706,122.2150781,210.3235918,0
3707,122.2150781,210.3235918,0
3708,122.2150781,210.3235918,0
3709,122.2150781,210.3235918,0
3710,122.2150781,210.3235918,0
3711,122.2150781,210.3235918,0
3712,122.2150781,210.3235918,0
3713,122.2150781,210.3235918,0
3714,122.2150781,210.3235918,0
3715,122.2150781,210.3235918,0
3716,122.2150781,210.3235918,0
3717,122.2150781,210.3235918,0
3718,122.2150781,210.3235918,0
3719,122.2150781,210.3235918,0
3720,122.2150781,210.3235918,0
3721,122.2150781,210.3235918,0
3722,122.2150781,210.3235918,0
3723,122.2150781,210.3235918,0
3724,122.2150781,210.3235918,0
3725,122.2150781,210.3235918,0
3726,122.2150781,210.3235918,0
3727,122.2150781,210.3235918,0
3728,119.372867,210.3235918,0
3729,119.372867,210.3235918,0
3730,119.372867,210.3235918,0
3731,119.372867,210.3235918,0
3732,119.372867,210.3235918,0
3733,119.372867,210.3235918,0
3734,119.372867,210.3235918,0
3735,119.372867,210.3235918,0
3736,119.372867,210.3235918,0
3737,119.372867,210.3235918,0
3738,119.372867,210.3235918,0
3739,119.372867,210.3235918,0
3740,119.372867,210.3235918,0
3741,119.372867,210.3235918,0
3742,119.372867,210.3235918,0
3743,119.372867,210.3235918,0
3744,119.372867,210.3235918,0
3745,119.372867,210.3235918,0
3746,119.372867,207.4813811,0
3747,119.372867,207.4813811,0
3748,119.372867,207.4813811,0
3749,119.372867,207.4813811,0
3750,119.372867,207.4813811,0
3751,119.372867,207.4813811,0
3752,119.372867,207.4813811,0
3753,119.372867,207.4813811,0
3754,119.372867,207.4813811,0
3755,119.372867,207.4813811,0
3756,119.372867,207.4813811,0
3757,119.372867,207.4813811,0
3758,119.372867,207.4813811,0
3759,119.372867,207.4813811,0
3760,119.372867,207.4813811,0
3761,119.372867,207.4813811,0
3762,119.372867,207.4813811,0
3763,119.372867,207.4813811,0
3764,119.372867,207.4813811,0
3765,119.372867,207.4813811,0
3766,119.372867,207.4813811,0
3767,119.372867,207.4813811,0
3768,119.372867,207.4813811,0
3769,119.372867,207.4813811,0
3770,119.3728669,207.4813811,0
3771,119.3728669,207.4813811,0
3772,119.372867,207.4813811,0
3773,119.372867,207.4813811,0
3774,119.372867,207.4813811,0
3775,119.372867,207.4813811,0
3776,119.372867,207.4813811,0
3777,119.372867,207.4813811,0
3778,119.372867,207.4813811,0
3779,119.372867,207.4813811,0
3780,119.372867,207.4813811,0
3781,119.372867,207.4813811,0
3782,119.372867,207.4813811,0
3783,119.372867,207.4813811,0
3784,119.372867,207.4813811,0
3785,119.372867,207.4813811,0
3786,119.372867,207.4813811,0
3787,119.372867,207.4813811,0
3788,119.372867,207.4813811,0
3789,119.372867,207.4813811,0
3790,119.372867,207.4813811,0
3791,119.372867,207.4813811,0
3792,119.372867,207.4813811,0
3793,119.372867,207.4813811,0
3794,119.372867,207.4813811,0
3795,119.372867,207.4813811,0
3796,119.372867,207.4813811,0
3797,119.372867,207.4813811,0
3798,119.372867,207.4813811,0
3799,119.372867,207.4813811,0
3800,119.372867,207.4813811,0
3801,119.372867,207.4813811,0
3802,119.372867,207.4813811,0
3803,119.372867,207.4813811,0
3804,119.372867,207.4813811,0
3805,119.372867,207.4813811,0
3806,119.372867,207.4813811,0
3807,119.372867,207.4813811,0
3808,119.372867,207.4813811,0
3809,119.372867,207.4813811,0
3810,119.372867,207.4813811,0
3811,119.372867,207.4813811,0
3812,119.372867,207.4813811,0
3813,119.372867,207.4813811,0
3814,119.372867,207.4813811,0
3815,119.372867,207.4813811,0
3816,119.372867,207.4813811,0
3817,119.372867,207.4813811,0
3818,119.372867,207.4813811,0
3819,119.372867,207.4813811,0
3820,119.372867,204.6391704,0
3821,119.372867,204.6391704,0
3822,119.3728669,204.6391704,0
3823,119.3728669,204.6391704,0
3824,119.3728669,207.4813811,0
3825,119.3728669,207.4813811,0
3826,119.3728669,207.4813811,0
3827,119.3728669,207.4813811,0
3828,119.3728669,207.4813811,0
3829,119.3728669,207.4813811,0
3830,119.3728669,207.4813811,0
3831,119.3728669,207.4813811,0
3832,119.3728669,207.4813811,0
3833,119.3728669,207.4813811,0
3834,110.8462336,207.4813811,0
3835,110.8462336,207.4813811,0
3836,110.8462336,207.4813811,0
3837,110.8462336,207.4813811,0
3838,110.8462336,207.4813811,0
3839,110.8462336,207.4813811,0
3840,110.8462336,207.4813811,0
3841,119.372867,207.4813811,0
3842,119.372867,207.4813811,0
3843,119.372867,207.4813811,0
3844,119.372867,207.4813811,0
3845,119.372867,207.4813811,0
3846,119.372867,207.4813811,0
3847,119.372867,207.4813811,0
3848,119.372867,207.4813811,0
3849,119.372867,207.4813811,0
3850,119.372867,207.4813811,0
3851,119.372867,207.4813811,0
3852,119.372867,207.4813811,0
3853,119.372867,207.4813811,0
3854,119.372867,207.4813811,0
3855,119.372867,207.4813811,0
3856,119.372867,207.4813811,0
3857,119.372867,207.4813811,0
3858,119.372867,207.4813811,0
3859,119.372867,207.4813811,0
3860,119.372867,207.4813811,0
3861,119.372867,207.4813811,0
3862,119.372867,207.4813811,0
3863,119.372867,207.4813811,0
3864,119.372867,207.4813811,0
3865,119.372867,207.4813811,0
3866,119.372867,207.4813811,0
3867,119.372867,207.4813811,0
3868,119.372867,207.4813811,0
3869,119.372867,207.4813811,0
3870,119.372867,207.4813811,0
3871,119.372867,207.4813811,0
3872,119.372867,207.4813811,0
3873,119.372867,207.4813811,0
3874,119.372867,207.4813811,0
3875,119.372867,207.4813811,0
3876,119.372867,207.4813811,0
3877,119.372867,207.4813811,0
3878,119.372867,207.4813811,0
3879,119.372867,207.4813811,0
3880,119.372867,207.4813811,0
3881,119.372867,207.4813811,0
3882,119.372867,207.4813811,0
3883,119.372867,207.4813811,0
3884,119.372867,207.4813811,0
3885,119.372867,207.4813811,0
3886,119.372867,207.4813811,0
3887,119.372867,207.4813811,0
3888,119.372867,207.4813811,0
3889,119.372867,207.4813811,0
3890,119.372867,207.4813811,0
3891,119.372867,207.4813811,0
3892,119.372867,207.4813811,0
3893,119.372867,207.4813811,0
3894,119.372867,207.4813811,0
3895,119.372867,207.4813811,0
3896,119.372867,207.4813811,0
3897,119.372867,207.4813811,0
3898,119.372867,207.4813811,0
3899,119.372867,207.4813811,0
3900,119.372867,207.4813811,0
3901,119.372867,207.4813811,0
3902,119.372867,207.4813811,0
3903,119.372867,207.4813811,0
3904,119.372867,207.4813811,0
3905,119.372867,207.4813811,0
3906,119.372867,207.4813811,0
3907,119.372867,207.4813811,0
3908,119.372867,207.4813811,0
3909,119.372867,207.4813811,0
3910,119.372867,207.4813811,0
3911,119.372867,207.4813811,0
3912,119.372867,207.4813811,0
3913,119.372867,207.4813811,0
3914,119.372867,207.4813811,0
3915,119.372867,207.4813811,0
3916,119.372867,207.4813811,0
3917,119.372867,207.4813811,0
3918,119.372867,207.4813811,0
3919,119.372867,207.4813811,0
3920,119.372867,207.4813811,0
3921,119.372867,207.4813811,0
3922,119.372867,207.4813811,0
3923,119.372867,207.4813811,0
3924,119.372867,207.4813811,0
3925,119.372867,207.4813811,0
3926,119.372867,207.4813811,0
3927,119.372867,207.4813811,0
3928,119.372867,207.4813811,0
3929,119.372867,207.4813811,0
3930,119.372867,207.4813811,0
3931,119.372867,207.4813811,0
3932,119.372867,207.4813811,0
3933,119.372867,207.4813811,0
3934,119.372867,207.4813811,0
3935,119.372867,207.4813811,0
3936,119.372867,207.4813811,0
3937,119.372867,207.4813811,0
3938,119.372867,207.4813811,0
3939,119.372867,207.4813811,0
3940,119.372867,207.4813811,0
3941,119.372867,207.4813811,0
3942,119.372867,207.4813811,0
3943,119.372867,207.4813811,0
3944,119.372867,207.4813811,0
3945,119.372867,207.4813811,0
3946,119.372867,207.4813811,0
3947,119.372867,207.4813811,0
3948,119.372867,207.4813811,0
3949,119.372867,207.4813811,0
3950,119.372867,207.4813811,0
3951,119.372867,207.4813811,0
3952,119.372867,207.4813811,0
3953,119.372867,207.4813811,0
3954,119.372867,207.4813811,0
3955,119.372867,207.4813811,0
3956,119.372867,207.4813811,0
3957,119.372867,207.4813811,0
3958,119.372867,207.4813811,0
3959,119.372867,207.4813811,0
3960,119.372867,207.4813811,0
3961,119.372867,207.4813811,0
3962,119.372867,207.4813811,0
3963,119.372867,207.4813811,0
3964,119.372867,207.4813811,0
3965,119.372867,207.4813811,0
3966,119.372867,207.4813811,0
3967,119.372867,207.4813811,0
3968,119.372867,207.4813811,0
3969,119.372867,207.4813811,0
3970,119.372867,207.4813811,0
3971,119.372867,207.4813811,0
3972,119.372867,207.4813811,0
3973,119.372867,207.4813811,0
3974,119.372867,207.4813811,0
3975,119.372867,207.4813811,0
3976,119.372867,207.4813811,0
3977,119.372867,207.4813811,0
3978,119.372867,207.4813811,0
3979,119.372867,207.4813811,0
3980,119.372867,207.4813811,0
3981,119.372867,207.4813811,0
3982,119.372867,207.4813811,0
3983,119.372867,207.4813811,0
3984,119.372867,207.4813811,0
3985,119.372867,207.4813811,0
3986,119.372867,207.4813811,0
3987,119.372867,207.4813811,0
3988,119.372867,207.4813811,0
3989,119.372867,207.4813811,0
3990,119.372867,207.4813811,0
3991,119.372867,207.4813811,0
3992,119.372867,207.4813811,0
3993,119.372867,207.4813811,0
3994,119.372867,207.4813811,0
3995,119.372867,207.4813811,0
3996,119.372867,207.4813811,0
3997,119.372867,207.4813811,0
3998,119.372867,207.4813811,0
3999,119.372867,207.4813811,0
4000,119.372867,207.4813811,0
4001,119.372867,207.4813811,0
4002,119.372867,207.4813811,0
4003,119.372867,207.4813811,0
4004,119.372867,207.4813811,0
4005,119.372867,207.4813811,0
4006,119.372867,207.4813811,0
4007,119.372867,207.4813811,0
4008,119.372867,207.4813811,0
4009,119.372867,207.4813811,0
4010,119.372867,207.4813811,0
4011,119.372867,207.4813811,0
4012,119.372867,207.4813811,0
4013,119.372867,207.4813811,0
4014,119.3728669,207.4813811,0
4015,119.3728669,207.4813811,0
4016,119.3728669,207.4813811,0
4017,119.3728669,207.4813811,0
4018,119.3728669,207.4813811,0
4019,119.3728669,207.4813811,0
4020,119.372867,207.4813811,0
4021,119.372867,207.4813811,0
4022,119.372867,207.4813811,0
4023,119.372867,207.4813811,0
4024,119.372867,207.4813811,0
4025,119.372867,207.4813811,0
4026,119.372867,207.4813811,0
4027,119.372867,207.4813811,0
4028,119.372867,207.4813811,0
4029,119.372867,207.4813811,0
4030,119.372867,207.4813811,0
4031,119.372867,207.4813811,0
4032,119.372867,207.4813811,0
4033,119.372867,207.4813811,0
4034,119.372867,207.4813811,0
4035,119.372867,207.4813811,0
4036,119.372867,207.4813811,0
4037,119.372867,207.4813811,0
4038,119.372867,207.4813811,0
4039,119.372867,207.4813811,0
4040,119.372867,207.4813811,0
4041,119.372867,207.4813811,0
4042,122.2150781,207.4813811,0
4043,122.2150781,207.4813811,0
4044,122.2150781,207.4813811,0
4045,122.2150781,207.4813811,0
4046,122.2150781,207.4813811,0
4047,122.2150781,207.4813811,0
4048,122.2150781,207.4813811,0
4049,122.2150781,207.4813811,0
4050,122.2150781,207.4813811,0
4051,122.2150781,207.4813811,0
4052,122.2150781,207.4813811,0
4053,122.2150781,207.4813811,0
4054,122.2150781,207.4813811,0
4055,122.2150781,207.4813811,0
4056,122.2150781,207.4813811,0
4057,122.2150781,207.4813811,0
4058,122.2150781,207.4813811,0
4059,122.2150781,207.4813811,0
4060,122.2150781,207.4813811,0
4061,122.2150781,207.4813811,0
4062,122.2150781,207.4813811,0
4063,122.2150781,207.4813811,0
4064,122.2150781,207.4813811,0
4065,122.2150781,207.4813811,0
4066,122.2150781,207.4813811,0
4067,122.2150781,207.4813811,0
4068,122.2150781,207.4813811,0
4069,122.2150781,207.4813811,0
4070,122.2150781,207.4813811,0
4071,122.2150781,207.4813811,0
4072,122.2150781,207.4813811,0
4073,122.2150781,207.4813811,0
4074,122.2150781,207.4813811,0
4075,122.2150781,207.4813811,0
4076,122.2150781,207.4813811,0
4077,122.2150781,207.4813811,0
4078,122.2150781,207.4813811,0
4079,122.2150781,207.4813811,0
4080,122.2150781,207.4813811,0
4081,122.2150781,207.4813811,0
4082,122.2150781,207.4813811,0
4083,122.2150781,207.4813811,0
4084,122.2150781,207.4813811,0
4085,122.2150781,207.4813811,0
4086,122.2150781,207.4813811,0
4087,122.2150781,207.4813811,0
4088,122.2150781,207.4813811,0
4089,122.2150781,207.4813811,0
4090,122.2150781,207.4813811,0
4091,122.2150781,207.4813811,0
4092,119.372867,207.4813811,0
4093,119.372867,207.4813811,0
4094,119.372867,207.4813811,0
4095,119.372867,207.4813811,0
4096,119.372867,207.4813811,0
4097,119.372867,207.4813811,0
4098,119.372867,207.4813811,0
4099,119.372867,207.4813811,0
4100,119.372867,207.4813811,0
4101,119.372867,207.4813811,0
4102,119.372867,207.4813811,0
4103,119.372867,207.4813811,0
4104,119.372867,207.4813811,0
4105,119.372867,207.4813811,0
4106,119.372867,207.4813811,0
4107,119.372867,204.6391704,0
4108,119.372867,204.6391704,0
4109,119.372867,204.6391704,0
4110,119.372867,204.6391704,0
4111,119.372867,204.6391704,0
4112,119.372867,204.6391704,0
4113,119.372867,204.6391704,0
4114,119.372867,204.6391704,0
4115,119.372867,204.6391704,0
4116,119.372867,204.6391704,0
4117,119.372867,204.6391704,0
4118,119.372867,204.6391704,0
4119,119.372867,207.4813811,0
4120,119.372867,207.4813811,0
4121,119.372867,207.4813811,0
4122,119.372867,207.4813811,0
4123,119.372867,207.4813811,0
4124,119.372867,207.4813811,0
4125,119.372867,207.4813811,0
4126,119.372867,207.4813811,0
4127,119.372867,207.4813811,0
4128,119.372867,207.4813811,0
4129,119.372867,207.4813811,0
4130,119.372867,207.4813811,0
4131,119.372867,207.4813811,0
4132,119.372867,207.4813811,0
4133,119.372867,207.4813811,0
4134,119.372867,207.4813811,0
4135,119.372867,207.4813811,0
4136,119.372867,207.4813811,0
4137,119.372867,207.4813811,0
4138,119.3728669,207.4813811,0
4139,119.3728669,207.4813811,0
4140,119.3728669,207.4813811,0
4141,119.3728669,207.4813811,0
4142,119.3728669,207.4813811,0
4143,119.3728669,207.4813811,0
4144,119.3728669,207.4813811,0
4145,116.5306559,207.4813811,0
4146,116.5306559,207.4813811,0
4147,116.5306559,207.4813811,0
4148,116.5306559,207.4813811,0
4149,116.5306559,207.4813811,0
4150,116.5306559,207.4813811,0
4151,116.5306559,207.4813811,0
4152,116.5306559,207.4813811,0
4153,116.5306559,207.4813811,0
4154,116.5306559,207.4813811,0
4155,116.5306559,207.4813811,0
4156,116.5306559,207.4813811,0
4157,116.5306559,207.4813811,0
4158,116.5306559,207.4813811,0
4159,116.5306559,207.4813811,0
4160,116.5306559,207.4813811,0
4161,116.5306559,207.4813811,0
4162,116.5306559,207.4813811,0
4163,116.5306559,207.4813811,0
4164,116.5306559,207.4813811,0
4165,116.5306559,207.4813811,0
4166,116.5306559,207.4813811,0
4167,116.5306559,207.4813811,0
4168,116.5306559,207.4813811,0
4169,119.3728669,207.4813811,0
4170,119.3728669,207.4813811,0
4171,119.3728669,207.4813811,0
4172,119.3728669,207.4813811,0
4173,119.3728669,207.4813811,0
4174,119.3728669,207.4813811,0
4175,119.3728669,207.4813811,0
4176,119.3728669,207.4813811,0
4177,119.3728669,207.4813811,0
4178,119.3728669,207.4813811,0
4179,119.3728669,207.4813811,0
4180,119.3728669,207.4813811,0
4181,119.3728669,207.4813811,0
4182,119.3728669,207.4813811,0
4183,119.3728669,207.4813811,0
4184,119.3728669,207.4813811,0
4185,119.3728669,207.4813811,0
4186,119.3728669,207.4813811,0
4187,119.3728669,207.4813811,0
4188,119.3728669,207.4813811,0
4189,119.3728669,207.4813811,0
4190,119.3728669,207.4813811,0
4191,119.3728669,207.4813811,0
4192,119.3728669,207.4813811,0
4193,119.372867,207.4813811,0
4194,119.372867,207.4813811,0
4195,119.372867,207.4813811,0
4196,119.372867,207.4813811,0
4197,119.372867,207.4813811,0
4198,119.372867,207.4813811,0
4199,119.372867,207.4813811,0
4200,119.372867,207.4813811,0
4201,119.372867,207.4813811,0
4202,119.372867,207.4813811,0
4203,119.372867,207.4813811,0
4204,119.372867,207.4813811,0
4205,119.372867,207.4813811,0
4206,119.372867,207.4813811,0
4207,119.372867,207.4813811,0
4208,119.372867,207.4813811,0
4209,119.372867,207.4813811,0
4210,119.372867,207.4813811,0
4211,119.372867,207.4813811,0
4212,119.372867,207.4813811,0
4213,119.372867,207.4813811,0
4214,119.372867,207.4813811,0
4215,119.372867,207.4813811,0
4216,119.372867,207.4813811,0
4217,119.372867,207.4813811,0
4218,119.372867,207.4813811,0
4219,119.372867,207.4813811,0
4220,119.372867,207.4813811,0
4221,119.372867,207.4813811,0
4222,119.372867,207.4813811,0
4223,119.372867,207.4813811,0
4224,119.372867,207.4813811,0
4225,119.372867,207.4813811,0
4226,119.372867,207.4813811,0
4227,119.372867,207.4813811,0
4228,119.372867,207.4813811,0
4229,119.372867,207.4813811,0
4230,119.372867,207.4813811,0
4231,122.2150781,207.4813811,0
4232,122.2150781,207.4813811,0
4233,122.2150781,207.4813811,0
4234,122.2150781,207.4813811,0
4235,122.2150781,207.4813811,0
4236,122.2150781,207.4813811,0
4237,122.2150781,207.4813811,0
4238,122.2150781,207.4813811,0
4239,122.2150781,207.4813811,0
4240,122.2150781,207.4813811,0
4241,122.2150781,207.4813811,0
4242,122.2150781,207.4813811,0
4243,122.2150781,207.4813811,0
4244,122.2150781,207.4813811,0
4245,122.2150781,207.4813811,0
4246,122.2150781,207.4813811,0
4247,122.2150781,207.4813811,0
4248,122.2150781,207.4813811,0
4249,122.2150781,207.4813811,0
4250,122.2150781,207.4813811,0
4251,122.2150781,207.4813811,0
4252,122.2150781,207.4813811,0
4253,122.2150781,207.4813811,0
4254,122.2150781,207.4813811,0
4255,122.2150781,207.4813811,0
4256,122.2150781,207.4813811,0
4257,122.2150781,207.4813811,0
4258,122.2150781,204.6391704,0
4259,122.2150781,204.6391704,0
4260,122.2150781,204.6391704,0
4261,122.2150781,210.3235918,0
4262,122.2150781,210.3235918,0
4263,122.2150781,210.3235918,0
4264,122.2150781,210.3235918,0
4265,122.2150781,210.3235918,0
4266,122.2150781,210.3235918,0
4267,122.2150781,210.3235918,0
4268,122.2150781,210.3235918,0
4269,122.2150781,210.3235918,0
4270,122.2150781,210.3235918,0
4271,122.2150781,210.3235918,0
4272,122.2150781,210.3235918,0
4273,122.2150781,210.3235918,0
4274,122.2150781,210.3235918,0
4275,122.2150781,210.3235918,0
4276,122.2150781,210.3235918,0
4277,122.2150781,210.3235918,0
4278,122.2150781,210.3235918,0
4279,122.2150781,210.3235918,0
4280,122.2150781,210.3235918,0
4281,122.2150781,210.3235918,0
4282,122.2150781,210.3235918,0
4283,122.2150781,210.3235918,0
4284,122.2150781,210.3235918,0
4285,122.2150781,210.3235918,0
4286,122.2150781,210.3235918,0
4287,122.2150781,210.3235918,0
4288,122.2150781,210.3235918,0
4289,122.2150781,210.3235918,0
4290,122.2150781,210.3235918,0
4291,122.2150781,210.3235918,0
4292,122.2150781,210.3235918,0
4293,122.2150781,210.3235918,0
4294,122.2150781,210.3235918,0
4295,122.2150781,210.3235918,0
4296,122.2150781,210.3235918,0
4297,122.2150781,210.3235918,0
4298,119.372867,210.3235918,0
4299,119.372867,210.3235918,0
4300,119.372867,210.3235918,0
4301,119.372867,210.3235918,0
4302,119.372867,210.3235918,0
4303,119.372867,210.3235918,0
4304,119.372867,210.3235918,0
4305,119.372867,210.3235918,0
4306,119.372867,210.3235918,0
4307,119.372867,210.3235918,0
4308,119.372867,210.3235918,0
4309,119.372867,210.3235918,0
4310,119.372867,210.3235918,0
4311,119.372867,207.4813811,0
4312,119.372867,207.4813811,0
4313,119.372867,207.4813811,0
4314,119.372867,207.4813811,0
4315,119.372867,207.4813811,0
4316,119.372867,207.4813811,0
4317,119.372867,207.4813811,0
4318,119.372867,207.4813811,0
4319,119.372867,207.4813811,0
4320,119.372867,207.4813811,0
4321,119.372867,207.4813811,0
4322,119.372867,207.4813811,0
4323,122.2150781,207.4813811,0
4324,122.2150781,204.6391704,0
4325,122.2150781,204.6391704,0
4326,122.2150781,207.4813811,0
4327,122.2150781,207.4813811,0
4328,122.2150781,207.4813811,0
4329,122.2150781,207.4813811,0
4330,122.2150781,207.4813811,0
4331,122.2150781,207.4813811,0
4332,122.2150781,207.4813811,0
4333,122.2150781,207.4813811,0
4334,122.2150781,207.4813811,0
4335,122.2150781,207.4813811,0
4336,122.2150781,207.4813811,0
4337,122.2150781,207.4813811,0
4338,122.2150781,207.4813811,0
4339,122.2150781,207.4813811,0
4340,122.2150781,207.4813811,0
4341,122.2150781,207.4813811,0
4342,122.2150781,207.4813811,0
4343,122.2150781,207.4813811,0
4344,122.2150781,207.4813811,0
4345,122.2150781,207.4813811,0
4346,122.2150781,207.4813811,0
4347,122.2150781,207.4813811,0
4348,122.2150781,207.4813811,0
4349,122.2150781,207.4813811,0
4350,122.2150781,207.4813811,0
4351,122.2150781,207.4813811,0
4352,122.2150781,207.4813811,0
4353,122.2150781,207.4813811,0
4354,122.2150781,207.4813811,0
4355,122.2150781,207.4813811,0
4356,122.2150781,207.4813811,0
4357,122.2150781,207.4813811,0
4358,122.2150781,207.4813811,0
4359,122.2150781,207.4813811,0
4360,122.2150781,207.4813811,0
4361,122.2150781,207.4813811,0
4362,122.2150781,207.4813811,0
4363,122.2150781,207.4813811,0
4364,122.2150781,207.4813811,0
4365,122.2150781,207.4813811,0
4366,122.2150781,207.4813811,0
4367,122.2150781,207.4813811,0
4368,122.2150781,207.4813811,0
4369,122.2150781,207.4813811,0
4370,122.2150781,207.4813811,0
4371,122.2150781,207.4813811,0
4372,122.2150781,207.4813811,0
4373,116.5306559,207.4813811,0
4374,116.5306559,207.4813811,0
4375,116.5306559,207.4813811,0
4376,116.5306559,210.3235918,0
4377,116.5306559,210.3235918,0
4378,116.5306559,210.3235918,0
4379,116.5306559,210.3235918,0
4380,116.5306559,210.3235918,0
4381,116.5306559,210.3235918,0
4382,116.5306559,210.3235918,0
4383,116.5306559,210.3235918,0
4384,116.5306559,210.3235918,0
4385,116.5306559,210.3235918,0
4386,116.5306559,210.3235918,0
4387,116.5306559,210.3235918,0
4388,116.5306559,210.3235918,0
4389,116.5306559,210.3235918,0
4390,116.5306559,210.3235918,0
4391,116.5306559,210.3235918,0
4392,116.5306559,210.3235918,0
4393,116.5306559,210.3235918,0
4394,116.5306559,210.3235918,0
4395,119.372867,210.3235918,0
4396,119.372867,210.3235918,0
4397,119.372867,210.3235918,0
4398,119.372867,210.3235918,0
4399,119.372867,210.3235918,0
4400,119.372867,210.3235918,0
4401,119.372867,210.3235918,0
4402,119.372867,210.3235918,0
4403,119.372867,210.3235918,0
4404,119.372867,210.3235918,0
4405,119.372867,210.3235918,0
4406,119.372867,210.3235918,0
4407,119.372867,210.3235918,0
4408,119.372867,210.3235918,0
4409,119.372867,210.3235918,0
4410,119.372867,210.3235918,0
4411,119.372867,210.3235918,0
4412,119.372867,210.3235918,0
4413,119.372867,210.3235918,0
4414,122.2150781,210.3235918,0
4415,122.2150781,210.3235918,0
4416,122.2150781,210.3235918,0
4417,122.2150781,210.3235918,0
4418,122.2150781,210.3235918,0
4419,122.2150781,210.3235918,0
4420,122.2150781,210.3235918,0
4421,122.2150781,210.3235918,0
4422,122.2150781,210.3235918,0
4423,122.2150781,210.3235918,0
4424,122.2150781,210.3235918,0
4425,122.2150781,210.3235918,0
4426,122.2150781,207.4813811,0
4427,122.2150781,207.4813811,0
4428,122.2150781,207.4813811,0
4429,122.2150781,207.4813811,0
4430,122.2150781,207.4813811,0
4431,122.2150781,207.4813811,0
4432,122.2150781,207.4813811,0
4433,122.2150781,207.4813811,0
4434,122.2150781,207.4813811,0
4435,122.2150781,207.4813811,0
4436,122.2150781,207.4813811,0
4437,122.2150781,207.4813811,0
4438,122.2150781,207.4813811,0
4439,122.2150781,207.4813811,0
4440,122.2150781,207.4813811,0
4441,122.2150781,207.4813811,0
4442,122.2150781,207.4813811,0
4443,122.2150781,207.4813811,0
4444,122.2150781,207.4813811,0
4445,122.2150781,207.4813811,0
4446,122.2150781,207.4813811,0
4447,122.2150781,207.4813811,0
4448,122.2150781,207.4813811,0
4449,122.2150781,207.4813811,0
4450,122.2150781,207.4813811,0
4451,122.2150781,207.4813811,0
4452,122.2150781,207.4813811,0
4453,122.2150781,207.4813811,0
4454,122.2150781,207.4813811,0
4455,122.2150781,207.4813811,0
4456,122.2150781,207.4813811,0
4457,122.2150781,207.4813811,0
4458,122.2150781,207.4813811,0
4459,122.2150781,207.4813811,0
4460,122.2150781,207.4813811,0
4461,122.2150781,207.4813811,0
4462,122.2150781,207.4813811,0
4463,122.2150781,207.4813811,0
4464,122.2150781,207.4813811,0
4465,122.2150781,207.4813811,0
4466,122.2150781,207.4813811,0
4467,122.2150781,207.4813811,0
4468,122.2150781,207.4813811,0
4469,122.2150781,207.4813811,0
4470,122.2150781,207.4813811,0
4471,122.2150781,207.4813811,0
4472,122.2150781,207.4813811,0
4473,122.2150781,207.4813811,0
4474,122.2150781,207.4813811,0
4475,122.2150781,207.4813811,0
4476,122.2150781,207.4813811,0
4477,122.2150781,207.4813811,0
4478,122.2150781,207.4813811,0
4479,122.2150781,207.4813811,0
4480,122.2150781,207.4813811,0
4481,122.2150781,207.4813811,0
4482,122.2150781,207.4813811,0
4483,122.2150781,207.4813811,0
4484,122.2150781,207.4813811,0
4485,122.2150781,207.4813811,0
4486,122.2150781,207.4813811,0
4487,122.2150781,207.4813811,0
4488,122.2150781,207.4813811,0
4489,122.2150781,207.4813811,0
4490,122.2150781,207.4813811,0
4491,122.2150781,207.4813811,0
4492,122.2150781,207.4813811,0
4493,122.2150781,207.4813811,0
4494,122.2150781,207.4813811,0
4495,122.2150781,207.4813811,0
4496,122.2150781,207.4813811,0
4497,122.2150781,207.4813811,0
4498,122.2150781,207.4813811,0
4499,122.2150781,207.4813811,0
4500,122.2150781,207.4813811,0
4501,122.2150781,207.4813811,0
4502,122.2150781,207.4813811,0
4503,122.2150781,204.6391704,0
4504,122.2150781,204.6391704,0
4505,122.2150781,204.6391704,0
4506,122.2150781,204.6391704,0
4507,122.2150781,204.6391704,0
4508,122.2150781,204.6391704,0
4509,122.2150781,204.6391704,0
4510,122.2150781,204.6391704,0
4511,122.2150781,204.6391704,0
4512,122.2150781,204.6391704,0
4513,122.2150781,204.6391704,0
4514,122.2150781,204.6391704,0
4515,122.2150781,204.6391704,0
4516,122.2150781,204.6391704,0
4517,122.2150781,204.6391704,0
4518,122.2150781,204.6391704,0
4519,122.2150781,204.6391704,0
4520,122.2150781,204.6391704,0
4521,122.2150781,204.6391704,0
4522,122.2150781,204.6391704,0
4523,119.372867,204.6391704,0
4524,119.372867,204.6391704,0
4525,119.372867,204.6391704,0
4526,119.372867,204.6391704,0
4527,119.372867,204.6391704,0
4528,119.372867,204.6391704,0
4529,119.372867,204.6391704,0
4530,119.372867,204.6391704,0
4531,119.372867,204.6391704,0
4532,119.372867,204.6391704,0
4533,119.372867,204.6391704,0
4534,119.372867,204.6391704,0
4535,119.372867,204.6391704,0
4536,119.372867,204.6391704,0
4537,119.372867,204.6391704,0
4538,119.372867,204.6391704,0
4539,119.372867,204.6391704,0
4540,119.372867,204.6391704,0
4541,119.372867,207.4813811,0
4542,119.372867,207.4813811,0
4543,119.372867,207.4813811,0
4544,119.372867,207.4813811,0
4545,119.372867,207.4813811,0
4546,119.372867,207.4813811,0
4547,119.372867,207.4813811,0
4548,119.372867,207.4813811,0
4549,119.372867,207.4813811,0
4550,119.372867,207.4813811,0
4551,119.372867,207.4813811,0
4552,119.372867,207.4813811,0
4553,119.372867,207.4813811,0
4554,119.372867,207.4813811,0
4555,119.372867,207.4813811,0
4556,119.372867,207.4813811,0
4557,119.372867,207.4813811,0
4558,119.372867,207.4813811,0
4559,119.372867,207.4813811,0
4560,119.372867,207.4813811,0
4561,119.372867,207.4813811,0
4562,119.372867,207.4813811,0
4563,119.372867,207.4813811,0
4564,119.372867,207.4813811,0
4565,119.372867,207.4813811,0
4566,119.372867,207.4813811,0
4567,119.372867,207.4813811,0
4568,119.372867,207.4813811,0
4569,119.372867,207.4813811,0
4570,119.372867,207.4813811,0
4571,119.372867,207.4813811,0
4572,119.372867,207.4813811,0
4573,119.372867,207.4813811,0
4574,119.372867,207.4813811,0
4575,119.372867,207.4813811,0
4576,119.372867,207.4813811,0
4577,119.372867,207.4813811,0
4578,119.372867,207.4813811,0
4579,119.372867,207.4813811,0
4580,119.372867,207.4813811,0
4581,119.372867,207.4813811,0
4582,119.372867,207.4813811,0
4583,119.372867,207.4813811,0
4584,119.372867,207.4813811,0
4585,119.372867,207.4813811,0
4586,119.372867,207.4813811,0
4587,119.372867,207.4813811,0
4588,119.372867,207.4813811,0
4589,119.372867,207.4813811,0
4590,119.372867,207.4813811,0
4591,119.372867,204.6391704,0
4592,119.372867,204.6391704,0
4593,119.372867,204.6391704,0
4594,119.3728669,204.6391704,0
4595,119.3728669,204.6391704,0
4596,119.3728669,204.6391704,0
4597,119.3728669,204.6391704,0
4598,119.3728669,204.6391704,0
4599,119.3728669,204.6391704,0
4600,119.3728669,204.6391704,0
4601,119.3728669,204.6391704,0
4602,119.3728669,207.4813811,0
4603,119.3728669,207.4813811,0
4604,119.3728669,207.4813811,0
4605,119.3728669,207.4813811,0
4606,119.3728669,207.4813811,0
4607,119.3728669,207.4813811,0
4608,119.3728669,207.4813811,0
4609,119.3728669,207.4813811,0
4610,119.3728669,207.4813811,0
4611,119.3728669,207.4813811,0
4612,119.3728669,207.4813811,0
4613,119.3728669,207.4813811,0
4614,119.3728669,207.4813811,0
4615,119.3728669,207.4813811,0
4616,119.3728669,207.4813811,0
4617,119.3728669,207.4813811,0
4618,119.3728669,207.4813811,0
4619,116.5306559,207.4813811,0
4620,116.5306559,207.4813811,0
4621,116.5306559,207.4813811,0
4622,116.5306559,207.4813811,0
4623,116.5306559,207.4813811,0
4624,116.5306559,207.4813811,0
4625,116.5306559,207.4813811,0
4626,116.5306559,207.4813811,0
4627,116.5306559,207.4813811,0
4628,116.5306559,207.4813811,0
4629,116.5306559,207.4813811,0
4630,116.5306559,207.4813811,0
4631,116.5306559,207.4813811,0
4632,116.5306559,207.4813811,0
4633,116.5306559,207.4813811,0
4634,116.5306559,207.4813811,0
4635,116.5306559,207.4813811,0
4636,116.5306559,207.4813811,0
4637,116.5306559,207.4813811,0
4638,116.5306559,207.4813811,0
4639,116.5306559,207.4813811,0
4640,116.5306559,207.4813811,0
4641,116.5306559,207.4813811,0
4642,116.5306559,207.4813811,0
4643,116.5306559,207.4813811,0
4644,116.5306559,207.4813811,0
4645,116.5306559,207.4813811,0
4646,116.5306559,207.4813811,0
4647,116.5306559,207.4813811,0
4648,116.5306559,207.4813811,0
4649,116.5306559,207.4813811,0
4650,116.5306559,207.4813811,0
4651,116.5306559,207.4813811,0
4652,116.5306559,204.6391704,0
4653,113.6884448,204.6391704,0
4654,113.6884448,204.6391704,0
4655,113.6884448,204.6391704,0
4656,113.6884448,204.6391704,0
4657,113.6884448,207.4813811,0
4658,113.6884448,207.4813811,0
4659,116.5306558,207.4813811,0
4660,116.5306558,207.4813811,0
4661,116.5306558,207.4813811,0
4662,116.5306558,207.4813811,0
4663,116.5306558,207.4813811,0
4664,116.5306559,207.4813811,0
4665,116.5306559,207.4813811,0
4666,116.5306559,207.4813811,0
4667,116.5306559,207.4813811,0
4668,116.5306559,207.4813811,0
4669,116.5306559,207.4813811,0
4670,116.5306559,207.4813811,0
4671,116.5306559,207.4813811,0
4672,116.5306559,207.4813811,0
4673,116.5306559,207.4813811,0
4674,116.5306559,207.4813811,0
4675,116.5306559,207.4813811,0
4676,119.3728669,207.4813811,0
4677,119.3728669,207.4813811,0
4678,119.3728669,207.4813811,0
4679,119.3728669,207.4813811,0
4680,119.3728669,207.4813811,0
4681,119.3728669,207.4813811,0
4682,119.3728669,207.4813811,0
4683,119.3728669,207.4813811,0
4684,119.3728669,207.4813811,0
4685,119.3728669,207.4813811,0
4686,119.3728669,207.4813811,0
4687,119.3728669,207.4813811,0
4688,119.3728669,207.4813811,0
4689,119.3728669,207.4813811,0
4690,119.3728669,207.4813811,0
4691,119.3728669,207.4813811,0
4692,119.3728669,207.4813811,0
4693,119.3728669,207.4813811,0
4694,119.3728669,207.4813811,0
4695,119.3728669,207.4813811,0
4696,119.3728669,207.4813811,0
4697,119.3728669,207.4813811,0
4698,119.3728669,207.4813811,0
4699,119.3728669,207.4813811,0
4700,119.3728669,207.4813811,0
4701,119.3728669,207.4813811,0
4702,119.3728669,207.4813811,0
4703,119.3728669,207.4813811,0
4704,119.3728669,207.4813811,0
4705,119.3728669,207.4813811,0
4706,119.3728669,207.4813811,0
4707,119.3728669,207.4813811,0
4708,119.3728669,207.4813811,0
4709,119.3728669,207.4813811,0
4710,119.3728669,207.4813811,0
4711,119.3728669,207.4813811,0
4712,119.3728669,207.4813811,0
4713,119.3728669,207.4813811,0
4714,119.3728669,207.4813811,0
4715,119.3728669,207.4813811,0
4716,119.3728669,207.4813811,0
4717,119.3728669,207.4813811,0
4718,119.3728669,207.4813811,0
4719,119.3728669,207.4813811,0
4720,119.3728669,207.4813811,0
4721,119.3728669,207.4813811,0
4722,119.3728669,207.4813811,0
4723,119.3728669,207.4813811,0
4724,119.3728669,207.4813811,0
4725,119.3728669,207.4813811,0
4726,108.0040225,207.4813811,0
4727,108.0040225,207.4813811,0
4728,108.0040225,207.4813811,0
4729,108.0040225,207.4813811,0
4730,108.0040225,207.4813811,0
4731,108.0040225,207.4813811,0
4732,108.0040225,207.4813811,0
4733,108.0040225,207.4813811,0
4734,108.0040225,207.4813811,0
4735,108.0040225,207.4813811,0
4736,108.0040225,207.4813811,0
4737,108.0040225,207.4813811,0
4738,113.6884447,207.4813811,0
4739,113.6884447,207.4813811,0
4740,113.6884447,207.4813811,0
4741,113.6884447,207.4813811,0
4742,113.6884447,207.4813811,0
4743,113.6884447,207.4813811,0
4744,113.6884447,207.4813811,0
4745,113.6884447,207.4813811,0
4746,113.6884447,207.4813811,0
4747,113.6884447,207.4813811,0
4748,113.6884447,207.4813811,0
4749,113.6884447,207.4813811,0
4750,113.6884447,207.4813811,0
4751,113.6884447,207.4813811,0
4752,113.6884447,207.4813811,0
4753,113.6884447,207.4813811,0
4754,113.6884447,207.4813811,0
4755,113.6884447,207.4813811,0
4756,113.6884447,204.6391704,0
4757,113.6884447,204.6391704,0
4758,113.6884447,204.6391704,0
4759,113.6884447,204.6391704,0
4760,113.6884447,204.6391704,0
4761,113.6884447,204.6391704,0
4762,113.6884447,204.6391704,0
4763,113.6884447,204.6391704,0
4764,113.6884447,204.6391704,0
4765,113.6884447,204.6391704,0
4766,113.6884447,204.6391704,0
4767,113.6884447,204.6391704,0
4768,113.6884447,204.6391704,0
4769,113.6884447,204.6391704,0
4770,113.6884447,204.6391704,0
4771,113.6884447,204.6391704,0
4772,113.6884447,204.6391704,0
4773,113.6884447,204.6391704,0
4774,113.6884447,204.6391704,0
4775,113.6884447,204.6391704,0
4776,113.6884447,204.6391704,0
4777,113.6884448,204.6391704,0
4778,113.6884448,204.6391704,0
4779,113.6884448,204.6391704,0
4780,113.6884448,204.6391704,0
4781,113.6884448,204.6391704,0
4782,113.6884448,204.6391704,0
4783,113.6884448,204.6391704,0
4784,113.6884448,204.6391704,0
4785,113.6884448,204.6391704,0
4786,113.6884448,204.6391704,0
4787,113.6884448,204.6391704,0
4788,113.6884448,204.6391704,0
4789,119.372867,207.4813811,0
4790,119.372867,207.4813811,0
4791,119.372867,207.4813811,0
4792,119.372867,207.4813811,0
4793,119.372867,207.4813811,0
4794,119.372867,207.4813811,0
4795,119.372867,207.4813811,0
4796,119.372867,207.4813811,0
4797,119.372867,207.4813811,0
4798,119.372867,207.4813811,0
4799,119.372867,207.4813811,0
4800,119.372867,207.4813811,0
4801,119.372867,207.4813811,0
4802,119.372867,207.4813811,0
4803,119.372867,207.4813811,0
4804,119.372867,207.4813811,0
4805,119.372867,207.4813811,0
4806,119.372867,207.4813811,0
4807,119.372867,207.4813811,0
4808,119.372867,207.4813811,0
4809,119.372867,207.4813811,0
4810,119.372867,207.4813811,0
4811,119.372867,207.4813811,0
4812,119.372867,207.4813811,0
4813,119.372867,207.4813811,0
4814,119.372867,207.4813811,0
4815,119.372867,207.4813811,0
4816,119.372867,207.4813811,0
4817,119.372867,207.4813811,0
4818,119.372867,207.4813811,0
4819,119.372867,207.4813811,0
4820,119.372867,207.4813811,0
4821,119.372867,207.4813811,0
4822,119.372867,207.4813811,0
4823,119.372867,207.4813811,0
4824,119.372867,207.4813811,0
4825,119.372867,207.4813811,0
4826,119.372867,207.4813811,0
4827,119.372867,207.4813811,0
4828,119.372867,207.4813811,0
4829,119.372867,207.4813811,0
4830,119.372867,207.4813811,0
4831,119.372867,207.4813811,0
4832,119.372867,207.4813811,0
4833,119.372867,207.4813811,0
4834,119.372867,207.4813811,0
4835,119.372867,207.4813811,0
4836,119.372867,207.4813811,0
4837,119.372867,207.4813811,0
4838,119.372867,207.4813811,0
4839,119.3728669,204.6391704,0
4840,119.3728669,204.6391704,0
4841,119.3728669,204.6391704,0
4842,119.3728669,204.6391704,0
4843,119.3728669,204.6391704,0
4844,119.3728669,204.6391704,0
4845,119.3728669,204.6391704,0
4846,119.3728669,204.6391704,0
4847,119.3728669,204.6391704,0
4848,119.3728669,204.6391704,0
4849,119.3728669,204.6391704,0
4850,119.3728669,204.6391704,0
4851,119.3728669,204.6391704,0
4852,119.3728669,204.6391704,0
4853,119.3728669,204.6391704,0
4854,119.3728669,204.6391704,0
4855,119.3728669,204.6391704,0
4856,119.3728669,204.6391704,0
4857,119.3728669,204.6391704,0
4858,119.3728669,204.6391704,0
4859,119.3728669,204.6391704,0
4860,119.3728669,204.6391704,0
4861,119.3728669,204.6391704,0
4862,119.3728669,204.6391704,0
4863,119.3728669,204.6391704,0
4864,119.3728669,204.6391704,0
4865,119.3728669,204.6391704,0
4866,119.3728669,204.6391704,0
4867,119.3728669,204.6391704,0
4868,119.3728669,204.6391704,0
4869,119.3728669,204.6391704,0
4870,119.3728669,204.6391704,0
4871,119.3728669,204.6391704,0
4872,119.3728669,204.6391704,0
4873,119.3728669,204.6391704,0
4874,119.3728669,204.6391704,0
4875,119.3728669,204.6391704,0
4876,119.3728669,204.6391704,0
4877,119.3728669,204.6391704,0
4878,119.3728669,207.4813811,0
4879,119.372867,207.4813811,0
4880,119.372867,207.4813811,0
4881,119.372867,207.4813811,0
4882,119.372867,207.4813811,0
4883,119.372867,207.4813811,0
4884,119.372867,207.4813811,0
4885,119.372867,207.4813811,0
4886,119.372867,207.4813811,0
4887,119.372867,207.4813811,0
4888,119.372867,207.4813811,0
4889,119.372867,207.4813811,0
4890,119.372867,207.4813811,0
4891,119.372867,207.4813811,0
4892,119.372867,207.4813811,0
4893,119.372867,207.4813811,0
4894,119.372867,207.4813811,0
4895,119.372867,207.4813811,0
4896,119.372867,207.4813811,0
4897,119.372867,207.4813811,0
4898,119.372867,207.4813811,0
4899,119.372867,207.4813811,0
4900,119.372867,207.4813811,0
4901,119.372867,207.4813811,0
4902,119.372867,207.4813811,0
4903,119.372867,207.4813811,0
4904,119.372867,207.4813811,0
4905,119.372867,207.4813811,0
4906,119.372867,207.4813811,0
4907,119.372867,207.4813811,0
4908,119.372867,207.4813811,0
4909,119.372867,207.4813811,0
4910,119.372867,207.4813811,0
4911,119.372867,207.4813811,0
4912,119.372867,207.4813811,0
4913,119.372867,207.4813811,0
4914,119.372867,207.4813811,0
4915,119.372867,207.4813811,0
4916,119.372867,207.4813811,0
4917,119.372867,207.4813811,0
4918,119.372867,207.4813811,0
4919,119.372867,207.4813811,0
4920,119.372867,207.4813811,0
4921,119.372867,207.4813811,0
4922,119.372867,207.4813811,0
4923,119.372867,207.4813811,0
4924,119.372867,207.4813811,0
4925,119.372867,207.4813811,0
4926,119.372867,207.4813811,0
4927,119.372867,207.4813811,0
4928,119.372867,207.4813811,0
4929,119.372867,207.4813811,0
4930,119.372867,207.4813811,0
4931,119.372867,207.4813811,0
4932,119.372867,207.4813811,0
4933,119.372867,207.4813811,0
4934,119.3728669,207.4813811,0
4935,119.3728669,207.4813811,0
4936,119.3728669,207.4813811,0
4937,119.3728669,207.4813811,0
4938,119.3728669,207.4813811,0
4939,119.3728669,207.4813811,0
4940,119.3728669,207.4813811,0
4941,119.3728669,207.4813811,0
4942,119.3728669,207.4813811,0
4943,119.3728669,207.4813811,0
4944,119.3728669,207.4813811,0
4945,119.3728669,207.4813811,0
4946,119.372867,207.4813811,0
4947,119.372867,207.4813811,0
4948,119.372867,207.4813811,0
4949,119.372867,207.4813811,0
4950,119.372867,204.6391704,0
4951,119.372867,204.6391704,0
4952,119.372867,204.6391704,0
4953,119.372867,204.6391704,0
4954,119.372867,204.6391704,0
4955,119.372867,204.6391704,0
4956,119.372867,204.6391704,0
4957,119.372867,204.6391704,0
4958,119.372867,207.4813811,0
4959,119.372867,207.4813811,0
4960,119.372867,207.4813811,0
4961,119.372867,207.4813811,0
4962,119.372867,207.4813811,0
4963,119.372867,207.4813811,0
4964,119.372867,207.4813811,0
4965,119.372867,207.4813811,0
4966,119.372867,207.4813811,0
4967,119.372867,207.4813811,0
4968,119.372867,207.4813811,0
4969,119.372867,207.4813811,0
4970,119.372867,207.4813811,0
4971,119.372867,207.4813811,0
4972,119.372867,207.4813811,0
4973,119.372867,207.4813811,0
4974,119.372867,207.4813811,0
4975,119.372867,207.4813811,0
4976,119.372867,207.4813811,0
4977,119.372867,207.4813811,0
4978,119.372867,207.4813811,0
4979,119.372867,207.4813811,0
4980,119.372867,207.4813811,0
4981,119.372867,207.4813811,0
4982,119.372867,207.4813811,0
4983,119.372867,207.4813811,0
4984,119.372867,207.4813811,0
4985,119.372867,207.4813811,0
4986,119.372867,207.4813811,0
4987,119.372867,207.4813811,0
4988,119.372867,207.4813811,0
4989,119.372867,207.4813811,0
4990,119.372867,207.4813811,0
4991,119.372867,207.4813811,0
4992,119.372867,210.3235918,0
4993,119.372867,210.3235918,0
4994,119.372867,210.3235918,0
4995,119.372867,210.3235918,0
4996,119.372867,210.3235918,0
4997,119.372867,210.3235918,0
4998,119.372867,210.3235918,0
4999,119.372867,210.3235918,0
5000,119.372867,210.3235918,0
5001,119.3728669,210.3235918,0
5002,119.3728669,210.3235918,0
5003,119.3728669,210.3235918,0
5004,119.3728669,210.3235918,0
5005,119.3728669,210.3235918,0
5006,119.3728669,210.3235918,0
5007,119.3728669,210.3235918,0
5008,119.3728669,210.3235918,0
5009,119.3728669,210.3235918,0
5010,119.3728669,210.3235918,0
5011,119.372867,210.3235918,0
5012,119.372867,210.3235918,0
5013,119.372867,210.3235918,0
5014,119.372867,210.3235918,0
5015,119.372867,210.3235918,0
5016,119.372867,210.3235918,0
5017,119.372867,210.3235918,0
5018,119.372867,210.3235918,0
5019,119.372867,210.3235918,0
5020,119.372867,210.3235918,0
5021,119.372867,210.3235918,0
5022,119.372867,210.3235918,0
5023,119.372867,210.3235918,0
5024,119.372867,210.3235918,0
5025,119.372867,210.3235918,0
5026,119.372867,210.3235918,0
5027,119.372867,210.3235918,0
5028,119.372867,210.3235918,0
5029,119.372867,210.3235918,0
5030,119.372867,210.3235918,0
5031,119.372867,210.3235918,0
5032,119.372867,210.3235918,0
5033,119.372867,210.3235918,0
5034,119.372867,210.3235918,0
5035,119.372867,210.3235918,0
5036,119.372867,210.3235918,0
5037,119.372867,210.3235918,0
5038,119.372867,210.3235918,0
5039,119.372867,210.3235918,0
5040,119.372867,210.3235918,0
5041,119.372867,210.3235918,0
5042,119.372867,207.4813811,0
5043,119.372867,207.4813811,0
5044,119.372867,207.4813811,0
5045,119.372867,207.4813811,0
5046,119.372867,207.4813811,0
5047,119.372867,207.4813811,0
5048,119.372867,207.4813811,0
5049,119.372867,207.4813811,0
5050,119.372867,207.4813811,0
5051,119.372867,207.4813811,0
5052,119.372867,207.4813811,0
5053,119.372867,207.4813811,0
5054,119.372867,207.4813811,0
5055,119.372867,207.4813811,0
5056,119.372867,207.4813811,0
5057,119.372867,207.4813811,0
5058,119.372867,207.4813811,0
5059,119.372867,207.4813811,0
5060,119.372867,207.4813811,0
5061,119.3728669,207.4813811,0
5062,119.3728669,207.4813811,0
5063,119.3728669,207.4813811,0
5064,122.2150781,207.4813811,0
5065,122.2150781,207.4813811,0
5066,122.2150781,207.4813811,0
5067,122.2150781,207.4813811,0
5068,122.2150781,207.4813811,0
5069,122.2150781,207.4813811,0
5070,122.2150781,207.4813811,0
5071,122.2150781,207.4813811,0
5072,122.2150781,207.4813811,0
5073,122.2150781,207.4813811,0
5074,122.2150781,207.4813811,0
5075,122.2150781,207.4813811,0
5076,122.2150781,207.4813811,0
5077,122.2150781,207.4813811,0
5078,122.2150781,207.4813811,0
5079,122.2150781,207.4813811,0
5080,122.2150781,207.4813811,0
5081,122.2150781,207.4813811,0
5082,122.2150781,207.4813811,0
5083,122.2150781,207.4813811,0
5084,122.2150781,207.4813811,0
5085,122.2150781,207.4813811,0
5086,122.2150781,207.4813811,0
5087,122.2150781,207.4813811,0
5088,122.2150781,207.4813811,0
5089,122.2150781,207.4813811,0
5090,122.2150781,207.4813811,0
5091,122.2150781,207.4813811,0
5092,122.2150781,207.4813811,0
5093,122.2150781,207.4813811,0
5094,122.2150781,207.4813811,0
5095,122.2150781,207.4813811,0
5096,122.2150781,207.4813811,0
5097,122.2150781,207.4813811,0
5098,122.2150781,207.4813811,0
5099,122.2150781,207.4813811,0
5100,122.2150781,207.4813811,0
5101,122.2150781,207.4813811,0
5102,122.2150781,207.4813811,0
5103,122.2150781,207.4813811,0
5104,122.2150781,207.4813811,0
5105,122.2150781,207.4813811,0
5106,122.2150781,207.4813811,0
5107,122.2150781,207.4813811,0
5108,122.2150781,207.4813811,0
5109,122.2150781,207.4813811,0
5110,122.2150781,207.4813811,0
5111,122.2150781,207.4813811,0
5112,122.2150781,207.4813811,0
5113,122.2150781,207.4813811,0
5114,119.372867,207.4813811,0
5115,119.372867,207.4813811,0
5116,122.2150781,207.4813811,0
5117,122.2150781,207.4813811,0
5118,122.2150781,207.4813811,0
5119,122.2150781,207.4813811,0
5120,122.2150781,207.4813811,0
5121,122.2150781,207.4813811,0
5122,122.2150781,207.4813811,0
5123,122.2150781,204.6391704,0
5124,122.2150781,204.6391704,0
5125,122.2150781,204.6391704,0
5126,122.2150781,204.6391704,0
5127,122.2150781,204.6391704,0
5128,122.2150781,204.6391704,0
5129,122.2150781,204.6391704,0
5130,122.2150781,204.6391704,0
5131,122.2150781,204.6391704,0
5132,122.2150781,204.6391704,0
5133,122.2150781,204.6391704,0
5134,122.2150781,204.6391704,0
5135,122.2150781,204.6391704,0
5136,122.2150781,204.6391704,0
5137,122.2150781,204.6391704,0
5138,122.2150781,204.6391704,0
5139,122.2150781,204.6391704,0
5140,122.2150781,204.6391704,0
5141,122.2150781,204.6391704,0
5142,122.2150781,204.6391704,0
5143,122.2150781,204.6391704,0
5144,122.2150781,201.7969597,0
5145,122.2150781,201.7969597,0
5146,122.2150781,204.6391704,0
5147,122.2150781,204.6391704,0
5148,122.2150781,204.6391704,0
5149,122.2150781,204.6391704,0
5150,122.2150781,204.6391704,0
5151,122.2150781,204.6391704,0
5152,122.2150781,204.6391704,0
5153,122.2150781,204.6391704,0
5154,122.2150781,204.6391704,0
5155,122.2150781,204.6391704,0
5156,122.2150781,204.6391704,0
5157,122.2150781,204.6391704,0
5158,122.2150781,204.6391704,0
5159,122.2150781,204.6391704,0
5160,122.2150781,204.6391704,0
5161,122.2150781,204.6391704,0
5162,122.2150781,204.6391704,0
5163,122.2150781,204.6391704,0
5164,122.2150781,204.6391704,0
5165,122.2150781,204.6391704,0
5166,119.372867,204.6391704,0
5167,119.372867,204.6391704,0
5168,119.372867,204.6391704,0
5169,119.372867,204.6391704,0
5170,119.372867,204.6391704,0
5171,119.372867,204.6391704,0
5172,119.372867,204.6391704,0
5173,119.372867,204.6391704,0
5174,119.372867,204.6391704,0
5175,119.372867,204.6391704,0
5176,119.372867,204.6391704,0
5177,119.372867,204.6391704,0
5178,119.372867,204.6391704,0
5179,119.372867,204.6391704,0
5180,119.372867,204.6391704,0
5181,119.372867,204.6391704,0
5182,119.372867,207.4813811,0
5183,119.372867,207.4813811,0
5184,119.372867,207.4813811,0
5185,119.372867,207.4813811,0
5186,119.372867,207.4813811,0
5187,119.372867,207.4813811,0
5188,119.372867,207.4813811,0
5189,119.372867,207.4813811,0
5190,119.372867,207.4813811,0
5191,119.372867,207.4813811,0
5192,119.372867,207.4813811,0
5193,119.372867,207.4813811,0
5194,119.372867,207.4813811,0
5195,119.372867,207.4813811,0
5196,119.372867,207.4813811,0
5197,119.372867,207.4813811,0
5198,119.372867,207.4813811,0
5199,119.372867,207.4813811,0
5200,119.372867,207.4813811,0
5201,119.372867,207.4813811,0
5202,119.372867,207.4813811,0
5203,119.372867,207.4813811,0
5204,119.372867,207.4813811,0
5205,119.372867,207.4813811,0
5206,119.372867,207.4813811,0
5207,119.372867,207.4813811,0
5208,119.372867,207.4813811,0
5209,119.372867,207.4813811,0
5210,119.372867,207.4813811,0
5211,119.372867,207.4813811,0
5212,119.372867,207.4813811,0
5213,119.372867,207.4813811,0
5214,119.372867,207.4813811,0
5215,119.372867,207.4813811,0
5216,119.372867,207.4813811,0
5217,119.372867,207.4813811,0
5218,119.372867,207.4813811,0
5219,119.372867,207.4813811,0
5220,119.372867,207.4813811,0
5221,119.372867,207.4813811,0
5222,119.372867,207.4813811,0
5223,119.372867,207.4813811,0
5224,119.372867,207.4813811,0
5225,119.372867,207.4813811,0
5226,119.372867,207.4813811,0
5227,119.372867,207.4813811,0
5228,119.3728669,207.4813811,0
5229,119.3728669,207.4813811,0
5230,119.3728669,207.4813811,0
5231,119.3728669,207.4813811,0
5232,119.3728669,207.4813811,0
5233,119.3728669,207.4813811,0
5234,119.3728669,207.4813811,0
5235,119.3728669,207.4813811,0
5236,119.3728669,207.4813811,0
5237,119.3728669,207.4813811,0
5238,119.3728669,207.4813811,0
5239,119.3728669,207.4813811,0
5240,122.2150781,207.4813811,0
5241,122.2150781,207.4813811,0
5242,122.2150781,207.4813811,0
5243,122.2150781,207.4813811,0
5244,122.2150781,207.4813811,0
5245,122.2150781,207.4813811,0
5246,122.2150781,207.4813811,0
5247,122.2150781,207.4813811,0
5248,122.2150781,207.4813811,0
5249,122.2150781,207.4813811,0
5250,122.2150781,207.4813811,0
5251,122.2150781,210.3235918,0
5252,122.2150781,210.3235918,0
5253,122.2150781,210.3235918,0
5254,122.2150781,210.3235918,0
5255,122.2150781,210.3235918,0
5256,122.2150781,210.3235918,0
5257,122.2150781,210.3235918,0
5258,122.2150781,210.3235918,0
5259,122.2150781,210.3235918,0
5260,122.2150781,210.3235918,0
5261,122.2150781,210.3235918,0
5262,122.2150781,210.3235918,0
5263,122.2150781,210.3235918,0
5264,122.2150781,210.3235918,0
5265,122.2150781,210.3235918,0
5266,122.2150781,210.3235918,0
5267,122.2150781,210.3235918,0
5268,122.2150781,210.3235918,0
5269,122.2150781,210.3235918,0
5270,122.2150781,210.3235918,0
5271,122.2150781,210.3235918,0
5272,122.2150781,210.3235918,0
5273,122.2150781,210.3235918,0
5274,122.2150781,210.3235918,0
5275,122.2150781,210.3235918,0
5276,122.2150781,210.3235918,0
5277,122.2150781,210.3235918,0
5278,122.2150781,210.3235918,0
5279,122.2150781,210.3235918,0
5280,122.2150781,210.3235918,0
5281,122.2150781,210.3235918,0
5282,122.2150781,210.3235918,0
5283,122.2150781,210.3235918,0
5284,122.2150781,210.3235918,0
5285,122.2150781,210.3235918,0
5286,122.2150781,210.3235918,0
5287,122.2150781,210.3235918,0
5288,122.2150781,210.3235918,0
5289,122.2150781,210.3235918,0
5290,119.372867,210.3235918,0
5291,119.372867,210.3235918,0
5292,119.372867,210.3235918,0
5293,119.372867,210.3235918,0
5294,119.372867,210.3235918,0
5295,119.372867,210.3235918,0
5296,119.372867,210.3235918,0
5297,119.372867,210.3235918,0
5298,119.372867,210.3235918,0
5299,119.372867,210.3235918,0
5300,119.372867,210.3235918,0
5301,119.372867,204.6391704,0
5302,119.372867,204.6391704,0
5303,119.372867,207.4813811,0
5304,119.372867,207.4813811,0
5305,119.372867,207.4813811,0
5306,119.372867,207.4813811,0
5307,119.372867,207.4813811,0
5308,119.372867,207.4813811,0
5309,119.372867,207.4813811,0
5310,119.372867,207.4813811,0
5311,119.372867,207.4813811,0
5312,119.372867,207.4813811,0
5313,119.372867,207.4813811,0
5314,119.372867,207.4813811,0
5315,119.372867,207.4813811,0
5316,119.372867,207.4813811,0
5317,119.372867,207.4813811,0
5318,119.372867,207.4813811,0
5319,119.372867,207.4813811,0
5320,119.372867,207.4813811,0
5321,119.372867,207.4813811,0
5322,119.372867,207.4813811,0
5323,119.372867,207.4813811,0
5324,119.372867,207.4813811,0
5325,119.372867,207.4813811,0
5326,119.372867,207.4813811,0
5327,119.372867,207.4813811,0
5328,119.372867,207.4813811,0
5329,119.372867,207.4813811,0
5330,119.372867,207.4813811,0
5331,119.372867,207.4813811,0
5332,119.372867,207.4813811,0
5333,119.372867,207.4813811,0
5334,119.372867,207.4813811,0
5335,119.372867,207.4813811,0
5336,119.372867,207.4813811,0
5337,119.372867,207.4813811,0
5338,119.372867,207.4813811,0
5339,119.372867,207.4813811,0
5340,119.372867,207.4813811,0
5341,119.372867,207.4813811,0
5342,119.372867,207.4813811,0
5343,119.372867,207.4813811,0
5344,119.372867,207.4813811,0
5345,119.372867,207.4813811,0
5346,119.372867,207.4813811,0
5347,119.372867,207.4813811,0
5348,119.372867,207.4813811,0
5349,119.372867,207.4813811,0
5350,119.372867,207.4813811,0
5351,119.372867,207.4813811,0
5352,119.372867,207.4813811,0
5353,119.372867,207.4813811,0
5354,119.3728669,207.4813811,0
5355,119.3728669,207.4813811,0
5356,119.3728669,207.4813811,0
5357,119.3728669,207.4813811,0
5358,119.3728669,207.4813811,0
5359,119.3728669,207.4813811,0
5360,119.3728669,207.4813811,0
5361,119.3728669,207.4813811,0
5362,119.3728669,207.4813811,0
5363,119.3728669,207.4813811,0
5364,119.3728669,207.4813811,0
5365,119.3728669,207.4813811,0
5366,119.3728669,207.4813811,0
5367,119.3728669,207.4813811,0
5368,119.3728669,207.4813811,0
5369,119.3728669,207.4813811,0
5370,119.3728669,207.4813811,0
5371,119.3728669,207.4813811,0
5372,119.3728669,207.4813811,0
5373,119.3728669,207.4813811,0
5374,119.3728669,207.4813811,0
5375,119.3728669,207.4813811,0
5376,119.3728669,207.4813811,0
5377,119.3728669,207.4813811,0
5378,119.3728669,207.4813811,0
5379,119.3728669,207.4813811,0
5380,119.3728669,207.4813811,0
5381,119.3728669,207.4813811,0
5382,119.3728669,207.4813811,0
5383,119.3728669,207.4813811,0
5384,119.3728669,207.4813811,0
5385,119.3728669,207.4813811,0
5386,119.3728669,210.3235918,0
5387,119.3728669,210.3235918,0
5388,119.3728669,210.3235918,0
5389,119.3728669,210.3235918,0
5390,119.3728669,210.3235918,0
5391,119.3728669,210.3235918,0
5392,119.3728669,210.3235918,0
5393,119.3728669,210.3235918,0
5394,119.3728669,210.3235918,0
5395,119.3728669,210.3235918,0
5396,119.3728669,210.3235918,0
5397,119.3728669,210.3235918,0
5398,119.3728669,210.3235918,0
5399,119.3728669,210.3235918,0
5400,119.3728669,210.3235918,0
5401,119.3728669,210.3235918,0
5402,119.3728669,210.3235918,0
5403,119.3728669,210.3235918,0
5404,119.3728669,210.3235918,0
5405,119.3728669,210.3235918,0
5406,119.3728669,210.3235918,0
5407,119.3728669,210.3235918,0
5408,119.3728669,210.3235918,0
5409,119.3728669,210.3235918,0
5410,119.3728669,210.3235918,0
5411,119.3728669,210.3235918,0
5412,119.3728669,210.3235918,0
5413,119.3728669,210.3235918,0
5414,119.3728669,210.3235918,0
5415,119.3728669,210.3235918,0
5416,119.3728669,210.3235918,0
5417,119.3728669,210.3235918,0
5418,119.3728669,210.3235918,0
5419,119.3728669,210.3235918,0
5420,119.3728669,210.3235918,0
5421,119.3728669,210.3235918,0
5422,119.3728669,210.3235918,0
5423,119.3728669,210.3235918,0
5424,119.3728669,210.3235918,0
5425,119.3728669,210.3235918,0
5426,119.3728669,210.3235918,0
5427,119.3728669,210.3235918,0
5428,119.3728669,210.3235918,0
5429,119.3728669,210.3235918,0
5430,119.3728669,210.3235918,0
5431,119.3728669,210.3235918,0
5432,119.3728669,210.3235918,0
5433,119.3728669,210.3235918,0
5434,119.3728669,210.3235918,0
5435,119.3728669,210.3235918,0
5436,119.3728669,207.4813811,0
5437,119.3728669,207.4813811,0
5438,119.3728669,207.4813811,0
5439,119.3728669,207.4813811,0
5440,119.3728669,207.4813811,0
5441,119.3728669,207.4813811,0
5442,119.3728669,207.4813811,0
5443,119.3728669,207.4813811,0
5444,119.3728669,207.4813811,0
5445,116.5306559,207.4813811,0
5446,116.5306559,207.4813811,0
5447,116.5306559,207.4813811,0
5448,116.5306559,207.4813811,0
5449,116.5306559,207.4813811,0
5450,116.5306559,207.4813811,0
5451,116.5306559,207.4813811,0
5452,116.5306559,207.4813811,0
5453,116.5306559,207.4813811,0
5454,116.5306559,207.4813811,0
5455,116.5306559,207.4813811,0
5456,116.5306559,207.4813811,0
5457,116.5306559,207.4813811,0
5458,116.5306559,207.4813811,0
5459,116.5306559,207.4813811,0
5460,116.5306559,207.4813811,0
5461,116.5306559,207.4813811,0
5462,116.5306559,207.4813811,0
5463,116.5306559,207.4813811,0
5464,116.5306559,207.4813811,0
5465,116.5306559,207.4813811,0
5466,116.5306559,207.4813811,0
5467,122.2150781,207.4813811,0
5468,122.2150781,207.4813811,0
5469,122.2150781,207.4813811,0
5470,122.2150781,207.4813811,0
5471,122.2150781,207.4813811,0
5472,122.2150781,207.4813811,0
5473,122.2150781,207.4813811,0
5474,122.2150781,207.4813811,0
5475,122.2150781,207.4813811,0
5476,122.2150781,207.4813811,0
5477,122.2150781,207.4813811,0
5478,122.2150781,207.4813811,0
5479,122.2150781,207.4813811,0
5480,122.2150781,207.4813811,0
5481,122.2150781,207.4813811,0
5482,122.2150781,207.4813811,0
5483,122.2150781,207.4813811,0
5484,122.2150781,207.4813811,0
5485,122.2150781,207.4813811,0
5486,122.2150781,207.4813811,0
5487,122.2150781,207.4813811,0
5488,122.2150781,207.4813811,0
5489,122.2150781,207.4813811,0
5490,122.2150781,207.4813811,0
5491,122.2150781,207.4813811,0
5492,122.2150781,207.4813811,0
5493,122.2150781,207.4813811,0
5494,122.2150781,207.4813811,0
5495,122.2150781,207.4813811,0
5496,122.2150781,207.4813811,0
5497,122.2150781,207.4813811,0
5498,122.2150781,207.4813811,0
5499,122.2150781,207.4813811,0
5500,122.2150781,207.4813811,0
5501,122.2150781,207.4813811,0
5502,122.2150781,207.4813811,0
5503,122.2150781,207.4813811,0
5504,122.2150781,207.4813811,0
5505,122.2150781,207.4813811,0
5506,122.2150781,207.4813811,0
5507,122.2150781,207.4813811,0
5508,122.2150781,207.4813811,0
5509,122.2150781,207.4813811,0
5510,122.2150781,207.4813811,0
5511,122.2150781,207.4813811,0
5512,122.2150781,207.4813811,0
5513,122.2150781,207.4813811,0
5514,122.2150781,207.4813811,0
5515,122.2150781,207.4813811,0
5516,122.2150781,207.4813811,0
5517,122.2150781,207.4813811,0
5518,122.2150781,207.4813811,0
5519,122.2150781,207.4813811,0
5520,122.2150781,207.4813811,0
5521,122.2150781,207.4813811,0
5522,122.2150781,207.4813811,0
5523,122.2150781,207.4813811,0
5524,122.2150781,207.4813811,0
5525,122.2150781,207.4813811,0
5526,122.2150781,207.4813811,0
5527,122.2150781,207.4813811,0
5528,122.2150781,207.4813811,0
5529,122.2150781,207.4813811,0
5530,122.2150781,207.4813811,0
5531,122.2150781,207.4813811,0
5532,122.2150781,207.4813811,0
5533,122.2150781,207.4813811,0
5534,122.2150781,207.4813811,0
5535,122.2150781,210.3235918,0
5536,122.2150781,210.3235918,0
5537,122.2150781,210.3235918,0
5538,122.2150781,210.3235918,0
5539,122.2150781,210.3235918,0
5540,122.2150781,210.3235918,0
5541,122.2150781,210.3235918,0
5542,122.2150781,210.3235918,0
5543,122.2150781,210.3235918,0
5544,122.2150781,210.3235918,0
5545,122.2150781,210.3235918,0
5546,122.2150781,210.3235918,0
5547,122.2150781,210.3235918,0
5548,122.2150781,210.3235918,0
5549,122.2150781,210.3235918,0
5550,119.372867,210.3235918,0
5551,119.372867,210.3235918,0
5552,119.372867,210.3235918,0
5553,119.372867,210.3235918,0
5554,119.372867,210.3235918,0
5555,119.372867,210.3235918,0
5556,119.372867,210.3235918,0
5557,119.372867,210.3235918,0
5558,119.372867,210.3235918,0
5559,119.372867,210.3235918,0
5560,119.372867,210.3235918,0
5561,119.372867,210.3235918,0
5562,119.3728669,210.3235918,0
5563,119.3728669,210.3235918,0
5564,119.3728669,210.3235918,0
5565,119.3728669,210.3235918,0
5566,119.3728669,210.3235918,0
5567,119.3728669,210.3235918,0
5568,119.3728669,210.3235918,0
5569,119.3728669,210.3235918,0
5570,119.3728669,210.3235918,0
5571,119.3728669,210.3235918,0
5572,119.3728669,210.3235918,0
5573,119.3728669,210.3235918,0
5574,119.3728669,210.3235918,0
5575,119.3728669,210.3235918,0
5576,119.3728669,210.3235918,0
5577,119.3728669,210.3235918,0
5578,119.3728669,210.3235918,0
5579,119.3728669,210.3235918,0
5580,119.3728669,210.3235918,0
5581,119.3728669,210.3235918,0
5582,119.3728669,210.3235918,0
5583,119.3728669,210.3235918,0
5584,119.3728669,210.3235918,0
5585,119.3728669,207.4813811,0
5586,119.3728669,207.4813811,0
5587,119.3728669,207.4813811,0
5588,119.3728669,207.4813811,0
5589,119.3728669,207.4813811,0
5590,119.3728669,207.4813811,0
5591,119.3728669,207.4813811,0
5592,119.3728669,207.4813811,0
5593,119.3728669,207.4813811,0
5594,119.3728669,207.4813811,0
5595,119.3728669,207.4813811,0
5596,119.3728669,207.4813811,0
5597,119.3728669,207.4813811,0
5598,119.372867,207.4813811,0
5599,119.372867,207.4813811,0
5600,119.372867,207.4813811,0
5601,119.372867,207.4813811,0
5602,119.372867,207.4813811,0
5603,119.372867,207.4813811,0
5604,119.372867,207.4813811,0
5605,119.372867,207.4813811,0
5606,119.372867,207.4813811,0
5607,119.372867,207.4813811,0
5608,119.372867,207.4813811,0
5609,119.372867,207.4813811,0
5610,119.372867,207.4813811,0
5611,119.372867,207.4813811,0
5612,119.372867,207.4813811,0
5613,119.372867,207.4813811,0
5614,119.372867,207.4813811,0
5615,119.372867,207.4813811,0
5616,119.372867,207.4813811,0
5617,119.372867,207.4813811,0
5618,119.372867,207.4813811,0
5619,119.372867,207.4813811,0
5620,119.372867,207.4813811,0
5621,119.372867,207.4813811,0
5622,119.372867,207.4813811,0
5623,119.372867,207.4813811,0
5624,119.372867,207.4813811,0
5625,119.372867,207.4813811,0
5626,119.372867,207.4813811,0
5627,119.372867,207.4813811,0
5628,119.372867,207.4813811,0
5629,119.372867,204.6391704,0
5630,119.372867,204.6391704,0
5631,119.372867,204.6391704,0
5632,119.372867,204.6391704,0
5633,119.372867,204.6391704,0
5634,119.372867,204.6391704,0
5635,119.372867,204.6391704,0
5636,119.372867,204.6391704,0
5637,119.372867,204.6391704,0
5638,119.372867,204.6391704,0
5639,119.372867,204.6391704,0
5640,119.372867,204.6391704,0
5641,119.372867,204.6391704,0
5642,119.372867,204.6391704,0
5643,119.372867,201.7969597,0
5644,119.372867,201.7969597,0
5645,119.372867,201.7969597,0
5646,119.372867,201.7969597,0
5647,119.372867,201.7969597,0
5648,119.372867,198.954749,0
5649,119.372867,198.954749,0
5650,119.372867,204.6391704,0
5651,119.372867,204.6391704,0
5652,119.372867,204.6391704,0
5653,119.372867,204.6391704,0
5654,119.372867,204.6391704,0
5655,119.372867,204.6391704,0
5656,119.372867,204.6391704,0
5657,119.372867,204.6391704,0
5658,119.372867,204.6391704,0
5659,119.372867,204.6391704,0
5660,119.372867,204.6391704,0
5661,119.372867,204.6391704,0
5662,119.372867,204.6391704,0
5663,119.372867,204.6391704,0
5664,119.372867,204.6391704,0
5665,119.372867,204.6391704,0
5666,119.372867,204.6391704,0
5667,119.372867,204.6391704,0
5668,119.372867,204.6391704,0
5669,119.372867,204.6391704,0
5670,119.372867,204.6391704,0
5671,119.372867,204.6391704,0
5672,119.372867,204.6391704,0
5673,119.372867,204.6391704,0
5674,119.372867,204.6391704,0
5675,119.372867,204.6391704,0
5676,119.372867,204.6391704,0
5677,119.372867,204.6391704,0
5678,119.372867,204.6391704,0
5679,119.372867,204.6391704,0
5680,119.372867,204.6391704,0
5681,119.372867,207.4813811,0
5682,119.372867,207.4813811,0
5683,119.372867,207.4813811,0
5684,119.372867,207.4813811,0
5685,119.372867,207.4813811,0
5686,119.372867,207.4813811,0
5687,119.372867,207.4813811,0
5688,119.372867,207.4813811,0
5689,119.372867,207.4813811,0
5690,119.372867,207.4813811,0
5691,119.372867,207.4813811,0
5692,119.372867,207.4813811,0
5693,119.372867,207.4813811,0
5694,119.372867,207.4813811,0
5695,119.372867,207.4813811,0
5696,119.372867,207.4813811,0
5697,119.372867,207.4813811,0
5698,119.372867,207.4813811,0
5699,119.372867,207.4813811,0
5700,119.372867,207.4813811,0
5701,119.372867,207.4813811,0
5702,119.372867,207.4813811,0
5703,119.372867,207.4813811,0
5704,119.372867,207.4813811,0
5705,119.372867,207.4813811,0
5706,119.372867,207.4813811,0
5707,119.372867,207.4813811,0
5708,119.372867,207.4813811,0
5709,119.372867,207.4813811,0
5710,119.372867,207.4813811,0
5711,119.372867,207.4813811,0
5712,119.372867,207.4813811,0
5713,119.372867,207.4813811,0
5714,119.372867,207.4813811,0
5715,119.372867,207.4813811,0
5716,119.372867,207.4813811,0
5717,119.372867,207.4813811,0
5718,119.372867,207.4813811,0
5719,119.372867,207.4813811,0
5720,119.372867,207.4813811,0
5721,119.372867,207.4813811,0
5722,119.372867,207.4813811,0
5723,119.372867,207.4813811,0
5724,119.372867,207.4813811,0
5725,119.372867,207.4813811,0
5726,119.372867,207.4813811,0
5727,119.372867,207.4813811,0
5728,119.372867,207.4813811,0
5729,119.372867,207.4813811,0
5730,119.372867,207.4813811,0
5731,119.372867,207.4813811,0
5732,119.372867,207.4813811,0
5733,119.372867,207.4813811,0
5734,119.372867,207.4813811,0
5735,119.372867,207.4813811,0
5736,119.372867,207.4813811,0
5737,119.372867,207.4813811,0
5738,119.372867,207.4813811,0
5739,119.372867,207.4813811,0
5740,119.372867,207.4813811,0
5741,119.372867,207.4813811,0
5742,119.372867,207.4813811,0
5743,119.372867,207.4813811,0
5744,119.372867,207.4813811,0
5745,119.372867,207.4813811,0
5746,119.372867,207.4813811,0
5747,119.372867,207.4813811,0
5748,119.372867,207.4813811,0
5749,119.372867,207.4813811,0
5750,119.372867,207.4813811,0
5751,119.372867,207.4813811,0
5752,119.372867,207.4813811,0
5753,119.372867,207.4813811,0
5754,119.372867,207.4813811,0
5755,119.372867,207.4813811,0
5756,119.372867,207.4813811,0
5757,119.3728669,207.4813811,0
5758,119.3728669,207.4813811,0
5759,119.3728669,207.4813811,0
5760,119.3728669,207.4813811,0
5761,119.3728669,207.4813811,0
5762,119.3728669,207.4813811,0
5763,119.3728669,207.4813811,0
5764,119.3728669,207.4813811,0
5765,119.3728669,207.4813811,0
5766,119.3728669,207.4813811,0
5767,119.3728669,204.6391704,0
5768,119.3728669,204.6391704,0
5769,119.3728669,204.6391704,0
5770,119.3728669,204.6391704,0
5771,119.3728669,204.6391704,0
5772,113.6884448,204.6391704,0
5773,113.6884448,204.6391704,0
5774,113.6884448,204.6391704,0
5775,113.6884448,204.6391704,0
5776,113.6884448,204.6391704,0
5777,113.6884448,204.6391704,0
5778,113.6884448,207.4813811,0
5779,113.6884448,207.4813811,0
5780,113.6884448,207.4813811,0
5781,113.6884448,207.4813811,0
5782,113.6884448,207.4813811,0
5783,113.6884448,207.4813811,0
5784,113.6884448,207.4813811,0
5785,113.6884448,207.4813811,0
5786,113.6884448,207.4813811,0
5787,113.6884448,207.4813811,0
5788,113.6884448,207.4813811,0
5789,113.6884448,207.4813811,0
5790,113.6884448,207.4813811,0
5791,113.6884448,207.4813811,0
5792,116.5306558,207.4813811,0
5793,116.5306558,207.4813811,0
5794,116.5306558,207.4813811,0
5795,116.5306558,207.4813811,0
5796,116.5306558,207.4813811,0
5797,116.5306558,207.4813811,0
5798,116.5306558,207.4813811,0
5799,122.215078,207.4813811,0
5800,122.215078,207.4813811,0
5801,122.215078,207.4813811,0
5802,122.215078,207.4813811,0
5803,122.215078,207.4813811,0
5804,122.215078,207.4813811,0
5805,122.215078,207.4813811,0
5806,122.215078,207.4813811,0
5807,122.215078,207.4813811,0
5808,122.215078,207.4813811,0
5809,122.215078,207.4813811,0
5810,122.215078,207.4813811,0
5811,122.215078,207.4813811,0
5812,122.215078,207.4813811,0
5813,122.215078,207.4813811,0
5814,122.215078,207.4813811,0
5815,122.215078,207.4813811,0
5816,122.2150781,207.4813811,0
5817,122.2150781,207.4813811,0
5818,122.2150781,207.4813811,0
5819,122.2150781,207.4813811,0
5820,122.2150781,207.4813811,0
5821,122.2150781,207.4813811,0
5822,122.2150781,207.4813811,0
5823,122.2150781,207.4813811,0
5824,122.2150781,207.4813811,0
5825,122.2150781,207.4813811,0
5826,122.2150781,207.4813811,0
5827,122.2150781,207.4813811,0
5828,122.2150781,207.4813811,0
5829,122.2150781,207.4813811,0
5830,122.2150781,207.4813811,0
5831,122.2150781,207.4813811,0
5832,122.2150781,207.4813811,0
5833,122.2150781,207.4813811,0
5834,122.2150781,207.4813811,0
5835,122.2150781,207.4813811,0
5836,122.2150781,207.4813811,0
5837,122.2150781,207.4813811,0
5838,122.2150781,207.4813811,0
5839,122.2150781,207.4813811,0
5840,122.2150781,207.4813811,0
5841,122.2150781,207.4813811,0
5842,122.2150781,207.4813811,0
5843,122.2150781,207.4813811,0
5844,122.2150781,207.4813811,0
5845,122.2150781,207.4813811,0
5846,122.2150781,207.4813811,0
5847,122.2150781,207.4813811,0
5848,122.2150781,207.4813811,0
5849,122.2150781,207.4813811,0
5850,122.2150781,207.4813811,0
5851,122.2150781,207.4813811,0
5852,122.2150781,207.4813811,0
5853,122.2150781,207.4813811,0
5854,122.2150781,207.4813811,0
5855,122.2150781,207.4813811,0
5856,122.2150781,207.4813811,0
5857,122.2150781,207.4813811,0
5858,122.2150781,207.4813811,0
5859,122.2150781,207.4813811,0
5860,122.2150781,207.4813811,0
5861,122.2150781,207.4813811,0
5862,122.2150781,207.4813811,0
5863,122.2150781,207.4813811,0
5864,122.2150781,207.4813811,0
5865,122.2150781,207.4813811,0
5866,119.372867,207.4813811,0
5867,119.372867,207.4813811,0
5868,119.372867,207.4813811,0
5869,119.372867,207.4813811,0
5870,119.372867,207.4813811,0
5871,119.372867,207.4813811,0
5872,119.372867,207.4813811,0
5873,119.372867,207.4813811,0
5874,119.372867,207.4813811,0
5875,119.372867,207.4813811,0
5876,122.215078,207.4813811,0
5877,122.215078,207.4813811,0
5878,122.215078,207.4813811,0
5879,122.215078,207.4813811,0
5880,122.215078,207.4813811,0
5881,122.215078,207.4813811,0
5882,122.215078,207.4813811,0
5883,122.215078,207.4813811,0
5884,122.215078,207.4813811,0
5885,122.215078,207.4813811,0
5886,122.215078,207.4813811,0
5887,122.215078,207.4813811,0
5888,122.215078,207.4813811,0
5889,122.215078,207.4813811,0
5890,122.215078,207.4813811,0
5891,122.2150781,207.4813811,0
5892,122.2150781,207.4813811,0
5893,122.2150781,207.4813811,0
5894,122.2150781,207.4813811,0
5895,122.2150781,207.4813811,0
5896,122.2150781,207.4813811,0
5897,122.2150781,207.4813811,0
5898,122.2150781,207.4813811,0
5899,122.2150781,207.4813811,0
5900,122.2150781,207.4813811,0
5901,122.2150781,207.4813811,0
5902,122.2150781,207.4813811,0
5903,122.2150781,207.4813811,0
5904,122.2150781,207.4813811,0
5905,122.2150781,207.4813811,0
5906,122.2150781,207.4813811,0
5907,122.2150781,207.4813811,0
5908,122.2150781,207.4813811,0
5909,122.2150781,207.4813811,0
5910,122.2150781,207.4813811,0
5911,122.2150781,207.4813811,0
5912,122.2150781,207.4813811,0
5913,122.2150781,207.4813811,0
5914,122.2150781,207.4813811,0
5915,122.2150781,207.4813811,0
5916,122.2150781,207.4813811,0
5917,122.2150781,207.4813811,0
5918,122.2150781,207.4813811,0
5919,122.2150781,207.4813811,0
5920,122.2150781,207.4813811,0
5921,122.2150781,207.4813811,0
5922,122.2150781,207.4813811,0
5923,122.2150781,207.4813811,0
5924,125.0572892,207.4813811,0
5925,125.0572892,207.4813811,0
5926,125.0572892,207.4813811,0
5927,125.0572892,207.4813811,0
5928,125.0572892,207.4813811,0
5929,125.0572892,207.4813811,0
5930,125.0572892,207.4813811,0
5931,125.0572892,207.4813811,0
5932,125.0572892,207.4813811,0
5933,125.0572892,207.4813811,0
5934,125.0572892,207.4813811,0
5935,125.0572892,207.4813811,0
5936,125.0572892,207.4813811,0
5937,125.0572892,207.4813811,0
5938,125.0572892,207.4813811,0
5939,125.0572892,207.4813811,0
5940,125.0572892,207.4813811,0
5941,125.0572892,207.4813811,0
5942,125.0572892,207.4813811,0
5943,125.0572892,207.4813811,0
5944,125.0572892,207.4813811,0
5945,125.0572892,207.4813811,0
5946,125.0572892,207.4813811,0
5947,125.0572892,207.4813811,0
5948,125.0572892,207.4813811,0
5949,125.0572892,207.4813811,0
5950,125.0572892,207.4813811,0
5951,125.0572892,207.4813811,0
5952,125.0572892,207.4813811,0
5953,125.0572892,207.4813811,0
5954,125.0572892,207.4813811,0
5955,125.0572892,207.4813811,0
5956,125.0572892,207.4813811,0
5957,125.0572892,207.4813811,0
5958,125.0572892,207.4813811,0
5959,125.0572892,207.4813811,0
5960,125.0572892,207.4813811,0
5961,125.0572892,207.4813811,0
5962,125.0572892,207.4813811,0
5963,125.0572892,207.4813811,0
5964,125.0572893,207.4813811,0
5965,125.0572893,207.4813811,0
5966,125.0572893,207.4813811,0
5967,125.0572893,207.4813811,0
5968,125.0572893,207.4813811,0
5969,125.0572893,207.4813811,0
5970,125.0572893,207.4813811,0
5971,125.0572893,207.4813811,0
5972,125.0572893,207.4813811,0
5973,125.0572893,207.4813811,0
5974,125.0572893,207.4813811,0
5975,125.0572893,207.4813811,0
5976,125.0572893,207.4813811,0
5977,125.0572893,207.4813811,0
5978,125.0572893,207.4813811,0
5979,125.0572893,207.4813811,0
5980,125.0572893,207.4813811,0
5981,125.0572893,207.4813811,0
5982,125.0572893,207.4813811,0
5983,125.0572893,207.4813811,0
5984,125.0572893,204.6391704,0
5985,125.0572893,204.6391704,0
5986,125.0572893,204.6391704,0
5987,125.0572893,204.6391704,0
5988,125.0572893,204.6391704,0
5989,125.0572893,204.6391704,0
5990,125.0572893,204.6391704,0
5991,125.0572893,204.6391704,0
5992,125.0572893,204.6391704,0
5993,125.0572893,204.6391704,0
5994,125.0572893,204.6391704,0
5995,125.0572893,204.6391704,0
5996,125.0572893,204.6391704,0
5997,125.0572893,204.6391704,0
5998,125.0572893,204.6391704,0
5999,125.0572893,204.6391704,0
6000,125.0572893,204.6391704,0
6001,125.0572893,204.6391704,0
6002,125.0572893,204.6391704,0
6003,125.0572893,204.6391704,0
6004,125.0572893,204.6391704,0
6005,125.0572893,204.6391704,0
6006,125.0572893,204.6391704,0
6007,125.0572893,207.4813811,0
6008,125.0572893,207.4813811,0
6009,125.0572893,207.4813811,0
6010,125.0572893,207.4813811,0
6011,125.0572893,207.4813811,0
6012,125.0572893,207.4813811,0
6013,125.0572893,207.4813811,0
6014,122.2150781,207.4813811,0
6015,122.2150781,207.4813811,0
6016,122.2150781,207.4813811,0
6017,122.2150781,207.4813811,0
6018,122.2150781,207.4813811,0
6019,122.2150781,207.4813811,0
6020,122.2150781,207.4813811,0
6021,122.2150781,207.4813811,0
6022,122.2150781,207.4813811,0
6023,122.2150781,207.4813811,0
6024,122.2150781,207.4813811,0
6025,122.2150781,207.4813811,0
6026,122.2150781,207.4813811,0
6027,122.2150781,207.4813811,0
6028,122.2150781,207.4813811,0
6029,122.2150781,207.4813811,0
6030,122.2150781,207.4813811,0
6031,122.2150781,207.4813811,0
6032,122.2150781,207.4813811,0
6033,122.2150781,207.4813811,0
6034,122.2150781,207.4813811,0
6035,122.2150781,207.4813811,0
6036,122.2150781,207.4813811,0
6037,122.2150781,207.4813811,0
6038,122.2150781,207.4813811,0
6039,122.2150781,207.4813811,0
6040,122.2150781,207.4813811,0
6041,122.2150781,207.4813811,0
6042,122.2150781,207.4813811,0
6043,122.2150781,207.4813811,0
6044,122.2150781,207.4813811,0
6045,122.2150781,207.4813811,0
6046,122.2150781,207.4813811,0
6047,122.2150781,207.4813811,0
6048,122.2150781,207.4813811,0
6049,122.2150781,207.4813811,0
6050,122.2150781,207.4813811,0
6051,122.2150781,207.4813811,0
6052,122.2150781,207.4813811,0
6053,122.2150781,207.4813811,0
6054,122.2150781,207.4813811,0
6055,122.2150781,207.4813811,0
6056,122.2150781,207.4813811,0
6057,122.2150781,207.4813811,0
6058,122.2150781,207.4813811,0
6059,122.2150781,207.4813811,0
6060,122.2150781,207.4813811,0
6061,122.2150781,207.4813811,0
6062,122.2150781,207.4813811,0
6063,122.2150781,207.4813811,0
6064,122.2150781,207.4813811,0
6065,113.6884448,207.4813811,0
6066,113.6884448,207.4813811,0
6067,113.6884448,207.4813811,0
6068,113.6884448,207.4813811,0
6069,113.6884448,207.4813811,0
6070,113.6884448,207.4813811,0
6071,113.6884448,207.4813811,0
6072,113.6884448,207.4813811,0
6073,113.6884448,207.4813811,0
6074,122.2150781,207.4813811,0
6075,122.2150781,207.4813811,0
6076,125.0572892,207.4813811,0
6077,125.0572892,207.4813811,0
6078,125.0572892,207.4813811,0
6079,125.0572892,207.4813811,0
6080,125.0572892,207.4813811,0
6081,125.0572892,207.4813811,0
6082,125.0572892,207.4813811,0
6083,125.0572892,207.4813811,0
6084,125.0572892,207.4813811,0
6085,125.0572892,207.4813811,0
6086,125.0572892,207.4813811,0
6087,125.0572892,207.4813811,0
6088,125.0572892,207.4813811,0
6089,125.0572892,207.4813811,0
6090,125.0572892,210.3235918,0
6091,125.0572892,210.3235918,0
6092,125.0572892,210.3235918,0
6093,125.0572892,210.3235918,0
6094,125.0572892,210.3235918,0
6095,125.0572892,210.3235918,0
6096,125.0572892,210.3235918,0
6097,125.0572892,210.3235918,0
6098,125.0572892,210.3235918,0
6099,125.0572892,210.3235918,0
6100,125.0572892,210.3235918,0
6101,125.0572892,210.3235918,0
6102,125.0572892,210.3235918,0
6103,125.0572892,210.3235918,0
6104,125.0572892,210.3235918,0
6105,125.0572892,210.3235918,0
6106,125.0572892,210.3235918,0
6107,125.0572892,210.3235918,0
6108,125.0572892,210.3235918,0
6109,125.0572892,210.3235918,0
6110,125.0572892,210.3235918,0
6111,125.0572892,210.3235918,0
6112,125.0572892,210.3235918,0
6113,125.0572892,210.3235918,0
6114,125.0572892,210.3235918,0
6115,125.0572892,210.3235918,0
6116,125.0572892,210.3235918,0
6117,125.0572892,210.3235918,0
6118,125.0572892,210.3235918,0
6119,125.0572892,210.3235918,0
6120,125.0572892,210.3235918,0
6121,125.0572892,210.3235918,0
6122,125.0572892,210.3235918,0
6123,125.0572892,210.3235918,0
6124,125.0572892,210.3235918,0
6125,125.0572892,210.3235918,0
6126,125.0572892,210.3235918,0
6127,125.0572892,210.3235918,0
6128,125.0572892,210.3235918,0
6129,125.0572892,210.3235918,0
6130,125.0572892,210.3235918,0
6131,125.0572892,210.3235918,0
6132,125.0572892,210.3235918,0
6133,125.0572892,210.3235918,0
6134,125.0572892,210.3235918,0
6135,125.0572892,210.3235918,0
6136,125.0572892,210.3235918,0
6137,125.0572892,210.3235918,0
6138,125.0572892,210.3235918,0
6139,125.0572892,210.3235918,0
6140,125.0572892,207.4813811,0
6141,125.0572892,207.4813811,0
6142,125.0572891,207.4813811,0
6143,125.0572891,207.4813811,0
6144,125.0572891,207.4813811,0
6145,125.0572891,207.4813811,0
6146,125.0572891,207.4813811,0
6147,125.0572891,207.4813811,0
6148,125.0572891,207.4813811,0
6149,125.0572891,207.4813811,0
6150,125.0572891,207.4813811,0
6151,125.0572891,207.4813811,0
6152,125.0572891,207.4813811,0
6153,125.0572891,207.4813811,0
6154,125.0572891,207.4813811,0
6155,125.0572891,207.4813811,0
6156,125.0572891,207.4813811,0
6157,125.0572891,207.4813811,0
6158,125.0572891,207.4813811,0
6159,125.0572891,207.4813811,0
6160,125.0572891,207.4813811,0
6161,125.0572891,207.4813811,0
6162,125.0572891,207.4813811,0
6163,122.2150781,207.4813811,0
6164,122.2150781,207.4813811,0
6165,122.2150781,207.4813811,0
6166,122.2150781,207.4813811,0
6167,122.2150781,207.4813811,0
6168,122.2150781,207.4813811,0
6169,122.2150781,207.4813811,0
6170,122.2150781,207.4813811,0
6171,122.2150781,207.4813811,0
6172,122.2150781,207.4813811,0
6173,122.2150781,207.4813811,0
6174,122.2150781,204.6391704,0
6175,122.2150781,204.6391704,0
6176,122.2150781,204.6391704,0
6177,122.2150781,204.6391704,0
6178,122.2150781,204.6391704,0
6179,122.2150781,204.6391704,0
6180,122.2150781,207.4813811,0
6181,122.2150781,207.4813811,0
6182,122.2150781,207.4813811,0
6183,122.2150781,207.4813811,0
6184,122.2150781,207.4813811,0
6185,122.2150781,207.4813811,0
6186,122.2150781,207.4813811,0
6187,125.0572893,207.4813811,0
6188,125.0572893,207.4813811,0
6189,125.0572893,207.4813811,0
6190,125.0572893,207.4813811,0
6191,125.0572893,207.4813811,0
6192,125.0572893,207.4813811,0
6193,125.0572893,207.4813811,0
6194,125.0572893,207.4813811,0
6195,125.0572893,207.4813811,0
6196,125.0572893,207.4813811,0
6197,125.0572893,207.4813811,0
6198,125.0572893,207.4813811,0
6199,125.0572893,207.4813811,0
6200,125.0572893,207.4813811,0
6201,125.0572893,207.4813811,0
6202,125.0572893,207.4813811,0
6203,125.0572893,207.4813811,0
6204,125.0572893,207.4813811,0
6205,125.0572893,207.4813811,0
6206,125.0572893,207.4813811,0
6207,125.0572893,207.4813811,0
6208,125.0572893,207.4813811,0
6209,125.0572893,207.4813811,0
6210,125.0572893,207.4813811,0
6211,125.0572893,207.4813811,0
6212,125.0572893,207.4813811,0
6213,125.0572893,207.4813811,0
6214,125.0572893,207.4813811,0
6215,125.0572893,207.4813811,0
6216,125.0572893,207.4813811,0
6217,125.0572893,207.4813811,0
6218,125.0572893,207.4813811,0
6219,125.0572893,207.4813811,0
6220,125.0572893,207.4813811,0
6221,125.0572893,207.4813811,0
6222,125.0572893,207.4813811,0
6223,125.0572893,207.4813811,0
6224,125.0572893,207.4813811,0
6225,125.0572893,207.4813811,0
6226,125.0572893,207.4813811,0
6227,125.0572893,207.4813811,0
6228,125.0572893,207.4813811,0
6229,125.0572893,207.4813811,0
6230,125.0572893,207.4813811,0
6231,125.0572893,207.4813811,0
6232,125.0572893,207.4813811,0
6233,125.0572893,207.4813811,0
6234,125.0572893,207.4813811,0
6235,125.0572893,207.4813811,0
6236,125.0572893,207.4813811,0
6237,122.2150781,207.4813811,0
6238,122.2150781,207.4813811,0
6239,122.2150781,207.4813811,0
6240,122.2150781,207.4813811,0
6241,122.2150781,207.4813811,0
6242,122.2150781,207.4813811,0
6243,113.6884446,207.4813811,0
6244,113.6884446,207.4813811,0
6245,113.6884446,207.4813811,0
6246,113.6884446,207.4813811,0
6247,113.6884446,207.4813811,0
6248,113.6884446,207.4813811,0
6249,113.6884446,207.4813811,0
6250,113.6884446,207.4813811,0
6251,113.6884446,207.4813811,0
6252,113.6884446,207.4813811,0
6253,113.6884446,207.4813811,0
6254,122.215078,207.4813811,0
6255,122.215078,207.4813811,0
6256,122.215078,207.4813811,0
6257,122.215078,207.4813811,0
6258,122.215078,207.4813811,0
6259,122.215078,207.4813811,0
6260,122.215078,207.4813811,0
6261,122.215078,207.4813811,0
6262,122.215078,207.4813811,0
6263,122.215078,207.4813811,0
6264,122.2150781,207.4813811,0
6265,122.2150781,207.4813811,0
6266,122.2150781,207.4813811,0
6267,122.2150781,207.4813811,0
6268,122.2150781,207.4813811,0
6269,122.2150781,207.4813811,0
6270,122.2150781,207.4813811,0
6271,122.2150781,207.4813811,0
6272,122.2150781,207.4813811,0
6273,122.2150781,207.4813811,0
6274,122.2150781,207.4813811,0
6275,122.2150781,207.4813811,0
6276,122.2150781,207.4813811,0
6277,122.2150781,207.4813811,0
6278,125.0572891,207.4813811,0
6279,125.0572891,207.4813811,0
6280,125.0572892,207.4813811,0
6281,125.0572892,207.4813811,0
6282,125.0572892,207.4813811,0
6283,125.0572892,207.4813811,0
6284,125.0572892,207.4813811,0
6285,125.0572892,207.4813811,0
6286,125.0572892,207.4813811,0
6287,125.0572892,207.4813811,0
6288,125.0572892,207.4813811,0
6289,125.0572892,207.4813811,0
6290,125.0572892,207.4813811,0
6291,125.0572892,207.4813811,0
6292,125.0572892,207.4813811,0
6293,125.0572892,207.4813811,0
6294,125.0572892,207.4813811,0
6295,125.0572892,207.4813811,0
6296,125.0572892,207.4813811,0
6297,125.0572892,207.4813811,0
6298,125.0572892,207.4813811,0
6299,125.0572892,207.4813811,0
6300,125.0572892,207.4813811,0
6301,125.0572892,207.4813811,0
6302,125.0572892,207.4813811,0
6303,125.0572892,207.4813811,0
6304,125.0572892,207.4813811,0
6305,125.0572892,204.6391704,0
6306,125.0572892,204.6391704,0
6307,125.0572892,204.6391704,0
6308,125.0572892,204.6391704,0
6309,125.0572892,204.6391704,0
6310,125.0572892,204.6391704,0
6311,125.0572892,204.6391704,0
6312,125.0572892,204.6391704,0
6313,125.0572892,204.6391704,0
6314,125.0572892,204.6391704,0
6315,125.0572892,207.4813811,0
6316,125.0572892,207.4813811,0
6317,125.0572892,207.4813811,0
6318,125.0572892,207.4813811,0
6319,125.0572892,207.4813811,0
6320,125.0572892,207.4813811,0
6321,125.0572892,207.4813811,0
6322,125.0572892,207.4813811,0
6323,125.0572892,207.4813811,0
6324,125.0572892,207.4813811,0
6325,125.0572892,207.4813811,0
6326,125.0572892,207.4813811,0
6327,125.0572892,207.4813811,0
6328,125.0572892,207.4813811,0
6329,125.0572892,207.4813811,0
6330,125.0572892,207.4813811,0
6331,125.0572892,207.4813811,0
6332,125.0572892,207.4813811,0
6333,125.0572892,207.4813811,0
6334,125.0572892,207.4813811,0
6335,125.0572892,207.4813811,0
6336,125.0572892,207.4813811,0
6337,125.0572892,207.4813811,0
6338,125.0572892,207.4813811,0
6339,125.0572892,207.4813811,0
6340,125.0572892,207.4813811,0
6341,125.0572892,207.4813811,0
6342,125.0572892,207.4813811,0
6343,125.0572893,207.4813811,0
6344,125.0572893,207.4813811,0
6345,125.0572893,207.4813811,0
6346,125.0572893,207.4813811,0
6347,125.0572893,207.4813811,0
6348,125.0572893,207.4813811,0
6349,125.0572893,207.4813811,0
6350,125.0572893,207.4813811,0
6351,125.0572893,207.4813811,0
6352,125.0572893,207.4813811,0
6353,125.0572893,207.4813811,0
6354,125.0572893,207.4813811,0
6355,125.0572893,207.4813811,0
6356,125.0572893,207.4813811,0
6357,125.0572893,207.4813811,0
6358,125.0572893,207.4813811,0
6359,125.0572893,207.4813811,0
6360,125.0572893,207.4813811,0
6361,125.0572893,207.4813811,0
6362,125.0572893,207.4813811,0
6363,125.0572893,207.4813811,0
6364,125.0572893,207.4813811,0
6365,125.0572893,204.6391704,0
6366,125.0572893,204.6391704,0
6367,125.0572893,204.6391704,0
6368,125.0572893,204.6391704,0
6369,125.0572893,204.6391704,0
6370,125.0572893,204.6391704,0
6371,125.0572893,204.6391704,0
6372,125.0572893,204.6391704,0
6373,125.0572893,204.6391704,0
6374,125.0572893,204.6391704,0
6375,125.0572893,204.6391704,0
6376,125.0572893,204.6391704,0
6377,125.0572893,204.6391704,0
6378,125.0572893,204.6391704,0
6379,125.0572893,204.6391704,0
6380,125.0572893,204.6391704,0
6381,125.0572893,204.6391704,0
6382,125.0572893,204.6391704,0
6383,125.0572893,201.7969597,0
6384,125.0572893,201.7969597,0
6385,125.0572893,201.7969597,0
6386,125.0572893,201.7969597,0
6387,125.0572893,201.7969597,0
6388,125.0572893,201.7969597,0
6389,125.0572893,201.7969597,0
6390,125.0572893,201.7969597,0
6391,125.0572893,204.6391704,0
6392,125.0572893,204.6391704,0
6393,125.0572892,204.6391704,0
6394,125.0572892,204.6391704,0
6395,125.0572892,204.6391704,0
6396,125.0572892,204.6391704,0
6397,125.0572892,204.6391704,0
6398,122.215078,204.6391704,0
6399,122.215078,204.6391704,0
6400,122.215078,204.6391704,0
6401,125.0572891,204.6391704,0
6402,125.0572891,204.6391704,0
6403,125.0572891,204.6391704,0
6404,125.0572891,204.6391704,0
6405,125.0572891,204.6391704,0
6406,125.0572891,204.6391704,0
6407,125.0572891,204.6391704,0
6408,125.0572891,207.4813811,0
6409,125.0572891,207.4813811,0
6410,125.0572891,207.4813811,0
6411,125.0572891,207.4813811,0
6412,125.0572891,207.4813811,0
6413,125.0572892,207.4813811,0
6414,125.0572892,207.4813811,0
6415,125.0572892,207.4813811,0
6416,125.0572892,207.4813811,0
6417,125.0572892,207.4813811,0
6418,125.0572892,207.4813811,0
6419,125.0572892,207.4813811,0
6420,125.0572892,207.4813811,0
6421,125.0572892,207.4813811,0
6422,125.0572892,207.4813811,0
6423,125.0572892,207.4813811,0
6424,125.0572892,207.4813811,0
6425,125.0572892,207.4813811,0
6426,125.0572892,207.4813811,0
6427,125.0572892,207.4813811,0
6428,125.0572892,207.4813811,0
6429,125.0572892,207.4813811,0
6430,125.0572892,207.4813811,0
6431,125.0572892,207.4813811,0
6432,125.0572892,207.4813811,0
6433,125.0572892,207.4813811,0
6434,125.0572892,207.4813811,0
6435,125.0572892,210.3235918,0
6436,125.0572892,210.3235918,0
6437,125.0572892,210.3235918,0
6438,125.0572892,210.3235918,0
6439,125.0572892,210.3235918,0
6440,125.0572892,210.3235918,0
6441,125.0572892,210.3235918,0
6442,125.0572892,210.3235918,0
6443,125.0572892,210.3235918,0
6444,125.0572892,210.3235918,0
6445,125.0572892,210.3235918,0
6446,125.0572892,210.3235918,0
6447,125.0572892,210.3235918,0
6448,125.0572892,210.3235918,0
6449,125.0572892,210.3235918,0
6450,125.0572892,210.3235918,0
6451,125.0572892,210.3235918,0
6452,125.0572892,210.3235918,0
6453,125.0572892,210.3235918,0
6454,125.0572892,210.3235918,0
6455,125.0572892,210.3235918,0
6456,125.0572892,210.3235918,0
6457,125.0572892,210.3235918,0
6458,125.0572892,210.3235918,0
6459,125.0572892,210.3235918,0
6460,125.0572892,210.3235918,0
6461,125.0572892,210.3235918,0
6462,125.0572892,210.3235918,0
6463,125.0572892,210.3235918,0
6464,125.0572892,210.3235918,0
6465,125.0572892,210.3235918,0
6466,125.0572892,210.3235918,0
6467,125.0572892,210.3235918,0
6468,125.0572892,210.3235918,0
6469,125.0572892,210.3235918,0
6470,125.0572892,210.3235918,0
6471,125.0572892,210.3235918,0
6472,125.0572892,210.3235918,0
6473,125.0572892,210.3235918,0
6474,125.0572892,210.3235918,0
6475,125.0572892,210.3235918,0
6476,125.0572892,210.3235918,0
6477,125.0572892,210.3235918,0
6478,125.0572892,210.3235918,0
6479,125.0572892,210.3235918,0
6480,125.0572892,210.3235918,0
6481,125.0572892,210.3235918,0
6482,125.0572892,210.3235918,0
6483,125.0572892,210.3235918,0
6484,125.0572892,210.3235918,0
6485,125.0572892,204.6391704,0
6486,125.0572892,204.6391704,0
6487,125.0572892,204.6391704,0
6488,125.0572892,204.6391704,0
6489,125.0572892,204.6391704,0
6490,125.0572892,204.6391704,0
6491,125.0572892,207.4813811,0
6492,125.0572892,207.4813811,0
6493,125.0572892,207.4813811,0
6494,125.0572892,207.4813811,0
6495,125.0572892,207.4813811,0
6496,125.0572892,207.4813811,0
6497,125.0572891,207.4813811,0
6498,125.0572891,207.4813811,0
6499,125.0572891,207.4813811,0
6500,125.0572891,207.4813811,0
6501,125.0572891,207.4813811,0
6502,125.0572891,207.4813811,0
6503,127.8995002,207.4813811,0
6504,127.8995002,207.4813811,0
6505,127.8995002,207.4813811,0
6506,127.8995002,207.4813811,0
6507,127.8995002,207.4813811,0
6508,127.8995002,207.4813811,0
6509,127.8995002,207.4813811,0
6510,127.8995002,207.4813811,0
6511,127.8995002,207.4813811,0
6512,127.8995002,207.4813811,0
6513,127.8995002,207.4813811,0
6514,127.8995002,207.4813811,0
6515,127.8995002,207.4813811,0
6516,127.8995002,207.4813811,0
6517,127.8995002,207.4813811,0
6518,127.8995002,207.4813811,0
6519,127.8995002,207.4813811,0
6520,127.8995002,207.4813811,0
6521,127.8995002,207.4813811,0
6522,127.8995002,207.4813811,0
6523,127.8995002,207.4813811,0
6524,127.8995002,207.4813811,0
6525,127.8995002,207.4813811,0
6526,127.8995002,207.4813811,0
6527,127.8995002,207.4813811,0
6528,127.8995002,207.4813811,0
6529,127.8995002,207.4813811,0
6530,127.8995002,207.4813811,0
6531,127.8995002,207.4813811,0
6532,127.8995002,207.4813811,0
6533,127.8995002,207.4813811,0
6534,127.8995002,207.4813811,0
6535,127.8995002,207.4813811,0
6536,127.8995002,207.4813811,0
6537,127.8995002,207.4813811,0
6538,127.8995002,207.4813811,0
6539,127.8995002,207.4813811,0
6540,127.8995002,207.4813811,0
6541,127.8995002,207.4813811,0
6542,127.8995002,207.4813811,0
6543,127.8995002,207.4813811,0
6544,127.8995002,207.4813811,0
6545,127.8995002,207.4813811,0
6546,127.8995002,210.3235918,0
6547,127.8995002,210.3235918,0
6548,127.8995002,210.3235918,0
6549,127.8995002,210.3235918,0
6550,127.8995002,210.3235918,0
6551,127.8995002,210.3235918,0
6552,127.8995002,210.3235918,0
6553,125.0572893,210.3235918,0
6554,125.0572893,210.3235918,0
6555,125.0572893,210.3235918,0
6556,125.0572893,210.3235918,0
6557,125.0572893,210.3235918,0
6558,125.0572893,210.3235918,0
6559,125.0572893,210.3235918,0
6560,125.0572893,210.3235918,0
6561,125.0572893,210.3235918,0
6562,125.0572893,210.3235918,0
6563,125.0572893,210.3235918,0
6564,125.0572893,210.3235918,0
6565,127.8995004,210.3235918,0
6566,127.8995004,210.3235918,0
6567,127.8995004,210.3235918,0
6568,127.8995004,210.3235918,0
6569,127.8995004,210.3235918,0
6570,127.8995004,210.3235918,0
6571,127.8995004,210.3235918,0
6572,127.8995004,210.3235918,0
6573,127.8995004,210.3235918,0
6574,127.8995004,210.3235918,0
6575,127.8995004,210.3235918,0
6576,127.8995004,210.3235918,0
6577,127.8995004,210.3235918,0
6578,127.8995004,210.3235918,0
6579,127.8995004,210.3235918,0
6580,127.8995004,210.3235918,0
6581,127.8995004,210.3235918,0
6582,127.8995004,210.3235918,0
6583,127.8995004,210.3235918,0
6584,127.8995004,210.3235918,0
6585,127.8995004,210.3235918,0
6586,127.8995004,210.3235918,0
6587,127.8995004,210.3235918,0
6588,127.8995004,210.3235918,0
6589,127.8995004,210.3235918,0
6590,127.8995004,210.3235918,0
6591,127.8995004,210.3235918,0
6592,127.8995004,210.3235918,0
6593,127.8995004,210.3235918,0
6594,127.8995004,210.3235918,0
6595,127.8995004,210.3235918,0
6596,127.8995004,210.3235918,0
6597,127.8995004,210.3235918,0
6598,127.8995004,210.3235918,0
6599,127.8995004,210.3235918,0
6600,127.8995004,210.3235918,0
6601,127.8995004,210.3235918,0
6602,127.8995004,210.3235918,0
6603,127.8995004,210.3235918,0
6604,127.8995004,210.3235918,0
6605,127.8995004,210.3235918,0
6606,127.8995004,210.3235918,0
6607,127.8995004,210.3235918,0
6608,127.8995004,210.3235918,0
6609,127.8995004,210.3235918,0
6610,127.8995004,210.3235918,0
6611,127.8995004,210.3235918,0
6612,127.8995004,210.3235918,0
6613,127.8995004,210.3235918,0
6614,127.8995004,210.3235918,0
6615,127.8995003,210.3235918,0
6616,127.8995003,210.3235918,0
6617,127.8995003,210.3235918,0
6618,127.8995003,210.3235918,0
6619,127.8995003,210.3235918,0
6620,125.0572891,210.3235918,0
6621,125.0572891,210.3235918,0
6622,125.0572891,210.3235918,0
6623,125.0572891,210.3235918,0
6624,125.0572891,210.3235918,0
6625,125.0572891,210.3235918,0
6626,125.0572891,210.3235918,0
6627,125.0572891,210.3235918,0
6628,125.0572891,210.3235918,0
6629,125.0572891,210.3235918,0
6630,125.0572891,210.3235918,0
6631,125.0572891,210.3235918,0
6632,125.0572891,210.3235918,0
6633,125.0572891,210.3235918,0
6634,125.0572891,210.3235918,0
6635,125.0572891,210.3235918,0
6636,125.0572891,210.3235918,0
6637,125.0572891,210.3235918,0
6638,125.0572891,210.3235918,0
6639,125.0572891,210.3235918,0
6640,125.0572891,210.3235918,0
6641,125.0572891,210.3235918,0
6642,125.0572891,210.3235918,0
6643,125.0572891,210.3235918,0
6644,125.0572891,210.3235918,0
6645,125.0572891,210.3235918,0
6646,125.0572891,210.3235918,0
6647,125.0572891,210.3235918,0
6648,125.0572891,210.3235918,0
6649,125.0572891,210.3235918,0
6650,125.0572891,210.3235918,0
6651,125.0572891,207.4813811,0
6652,125.0572891,207.4813811,0
6653,125.0572891,207.4813811,0
6654,125.0572891,207.4813811,0
6655,122.215078,207.4813811,0
6656,122.215078,207.4813811,0
6657,122.215078,207.4813811,0
6658,122.215078,207.4813811,0
6659,122.215078,207.4813811,0
6660,122.215078,207.4813811,0
6661,119.372867,207.4813811,0
6662,119.372867,207.4813811,0
6663,119.372867,207.4813811,0
6664,119.372867,207.4813811,0
6665,119.372867,207.4813811,0
6666,119.372867,207.4813811,0
6667,122.215078,207.4813811,0
6668,122.215078,207.4813811,0
6669,122.215078,207.4813811,0
6670,122.215078,207.4813811,0
6671,122.215078,207.4813811,0
6672,122.215078,207.4813811,0
6673,122.215078,207.4813811,0
6674,122.215078,207.4813811,0
6675,122.215078,207.4813811,0
6676,122.215078,207.4813811,0
6677,122.215078,207.4813811,0
6678,122.215078,207.4813811,0
6679,122.215078,207.4813811,0
6680,122.215078,207.4813811,0
6681,122.215078,207.4813811,0
6682,122.215078,207.4813811,0
6683,122.215078,207.4813811,0
6684,122.215078,207.4813811,0
6685,122.215078,207.4813811,0
6686,122.215078,207.4813811,0
6687,122.215078,207.4813811,0
6688,122.215078,207.4813811,0
6689,122.215078,207.4813811,0
6690,122.215078,207.4813811,0
6691,125.0572892,207.4813811,0
6692,125.0572892,207.4813811,0
6693,125.0572893,207.4813811,0
6694,125.0572893,207.4813811,0
6695,125.0572893,207.4813811,0
6696,125.0572893,207.4813811,0
6697,125.0572893,207.4813811,0
6698,125.0572893,207.4813811,0
6699,125.0572893,207.4813811,0
6700,125.0572893,207.4813811,0
6701,125.0572893,207.4813811,0
6702,125.0572893,207.4813811,0
6703,125.0572893,207.4813811,0
6704,125.0572893,207.4813811,0
6705,125.0572893,207.4813811,0
6706,125.0572893,207.4813811,0
6707,125.0572893,207.4813811,0
6708,125.0572893,207.4813811,0
6709,125.0572893,207.4813811,0
6710,125.0572893,210.3235918,0
6711,125.0572893,210.3235918,0
6712,125.0572893,210.3235918,0
6713,125.0572893,210.3235918,0
6714,125.0572893,210.3235918,0
6715,125.0572893,210.3235918,0
6716,125.0572893,210.3235918,0
6717,125.0572893,210.3235918,0
6718,125.0572893,210.3235918,0
6719,125.0572893,210.3235918,0
6720,125.0572893,210.3235918,0
6721,125.0572893,210.3235918,0
6722,125.0572893,210.3235918,0
6723,125.0572893,210.3235918,0
6724,125.0572893,210.3235918,0
6725,125.0572893,210.3235918,0
6726,125.0572893,210.3235918,0
6727,125.0572893,210.3235918,0
6728,125.0572893,210.3235918,0
6729,125.0572893,210.3235918,0
6730,125.0572893,210.3235918,0
6731,125.0572893,210.3235918,0
6732,125.0572893,210.3235918,0
6733,125.0572893,210.3235918,0
6734,125.0572893,210.3235918,0
6735,125.0572893,210.3235918,0
6736,125.0572893,210.3235918,0
6737,125.0572893,210.3235918,0
6738,125.0572893,210.3235918,0
6739,125.0572893,210.3235918,0
6740,125.0572893,210.3235918,0
6741,125.0572893,210.3235918,0
6742,125.0572893,210.3235918,0
6743,125.0572892,210.3235918,0
6744,125.0572892,210.3235918,0
6745,125.0572892,210.3235918,0
6746,125.0572892,210.3235918,0
6747,125.0572892,210.3235918,0
6748,125.0572892,210.3235918,0
6749,125.0572892,210.3235918,0
6750,125.0572892,210.3235918,0
6751,125.0572892,210.3235918,0
6752,125.0572892,210.3235918,0
6753,125.0572892,210.3235918,0
6754,125.0572892,210.3235918,0
6755,125.0572892,210.3235918,0
6756,125.0572892,210.3235918,0
6757,125.0572892,210.3235918,0
6758,125.0572891,210.3235918,0
6759,125.0572891,210.3235918,0
6760,125.0572891,207.4813811,0
6761,125.0572891,207.4813811,0
6762,125.0572891,207.4813811,0
6763,125.0572891,207.4813811,0
6764,125.0572891,207.4813811,0
6765,125.0572891,207.4813811,0
6766,125.0572891,207.4813811,0
6767,125.0572891,207.4813811,0
6768,125.0572893,207.4813811,0
6769,125.0572893,207.4813811,0
6770,125.0572893,207.4813811,0
6771,125.0572893,210.3235918,0
6772,125.0572893,210.3235918,0
6773,125.0572893,210.3235918,0
6774,125.0572893,210.3235918,0
6775,125.0572893,210.3235918,0
6776,125.0572893,210.3235918,0
6777,125.0572893,210.3235918,0
6778,125.0572893,210.3235918,0
6779,125.0572893,210.3235918,0
6780,125.0572893,210.3235918,0
6781,125.0572893,210.3235918,0
6782,125.0572893,210.3235918,0
6783,125.0572893,210.3235918,0
6784,125.0572893,210.3235918,0
6785,125.0572893,210.3235918,0
6786,125.0572893,210.3235918,0
6787,125.0572893,210.3235918,0
6788,125.0572893,210.3235918,0
6789,125.0572893,210.3235918,0
6790,125.0572893,210.3235918,0
6791,125.0572893,210.3235918,0
6792,125.0572893,210.3235918,0
6793,125.0572893,210.3235918,0
6794,125.0572893,210.3235918,0
6795,127.8995002,210.3235918,0
6796,127.8995002,210.3235918,0
6797,127.8995002,210.3235918,0
6798,127.8995004,210.3235918,0
6799,127.8995004,210.3235918,0
6800,127.8995004,210.3235918,0
6801,127.8995004,210.3235918,0
6802,127.8995004,210.3235918,0
6803,127.8995004,210.3235918,0
6804,127.8995004,210.3235918,0
6805,127.8995004,210.3235918,0
6806,127.8995004,210.3235918,0
6807,127.8995004,210.3235918,0
6808,127.8995004,210.3235918,0
6809,127.8995004,210.3235918,0
6810,127.8995004,210.3235918,0
6811,127.8995004,210.3235918,0
6812,127.8995004,210.3235918,0
6813,127.8995004,210.3235918,0
6814,127.8995004,210.3235918,0
6815,127.8995004,210.3235918,0
6816,127.8995004,210.3235918,0
6817,127.8995004,210.3235918,0
6818,127.8995004,210.3235918,0
6819,127.8995004,210.3235918,0
6820,127.8995004,210.3235918,0
6821,127.8995004,207.4813811,0
6822,127.8995004,207.4813811,0
6823,130.7417114,207.4813811,0
6824,130.7417114,207.4813811,0
6825,130.7417114,207.4813811,0
6826,130.7417114,207.4813811,0
6827,130.7417114,207.4813811,0
6828,130.7417114,207.4813811,0
6829,130.7417114,207.4813811,0
6830,130.7417114,207.4813811,0
6831,130.7417114,207.4813811,0
6832,130.7417114,207.4813811,0
6833,130.7417114,207.4813811,0
6834,130.7417114,207.4813811,0
6835,130.7417114,207.4813811,0
6836,130.7417114,207.4813811,0
6837,130.7417114,207.4813811,0
6838,130.7417114,207.4813811,0
6839,130.7417114,207.4813811,0
6840,130.7417114,207.4813811,0
6841,130.7417114,207.4813811,0
6842,130.7417114,207.4813811,0
6843,130.7417114,207.4813811,0
6844,130.7417114,207.4813811,0
6845,130.7417114,207.4813811,0
6846,130.7417114,207.4813811,0
6847,130.7417114,207.4813811,0
6848,130.7417114,207.4813811,0
6849,130.7417114,207.4813811,0
6850,130.7417114,207.4813811,0
6851,130.7417114,207.4813811,0
6852,130.7417114,207.4813811,0
6853,130.7417114,207.4813811,0
6854,130.7417114,207.4813811,0
6855,130.7417114,204.6391704,0
6856,130.7417114,204.6391704,0
6857,130.7417114,204.6391704,0
6858,130.7417114,204.6391704,0
6859,130.7417114,204.6391704,0
6860,130.7417114,204.6391704,0
6861,130.7417114,204.6391704,0
6862,130.7417114,207.4813811,0
6863,130.7417114,207.4813811,0
6864,130.7417114,207.4813811,0
6865,130.7417114,207.4813811,0
6866,130.7417114,207.4813811,0
6867,130.7417114,207.4813811,0
6868,130.7417114,207.4813811,0
6869,130.7417114,207.4813811,0
6870,130.7417114,207.4813811,0
6871,130.7417114,207.4813811,0
6872,130.7417114,207.4813811,0
6873,127.8995004,207.4813811,0
6874,127.8995004,207.4813811,0
6875,127.8995003,207.4813811,0
6876,127.8995003,207.4813811,0
6877,127.8995003,207.4813811,0
6878,130.7417114,207.4813811,0
6879,130.7417114,207.4813811,0
6880,130.7417114,207.4813811,0
6881,130.7417114,207.4813811,0
6882,130.7417114,207.4813811,0
6883,133.5839225,207.4813811,0
6884,133.5839225,207.4813811,0
6885,133.5839225,207.4813811,0
6886,133.5839225,207.4813811,0
6887,133.5839225,207.4813811,0
6888,133.5839225,207.4813811,0
6889,133.5839225,207.4813811,0
6890,133.5839225,207.4813811,0
6891,133.5839225,207.4813811,0
6892,133.5839225,207.4813811,0
6893,133.5839225,207.4813811,0
6894,133.5839225,207.4813811,0
6895,133.5839225,207.4813811,0
6896,133.5839225,207.4813811,0
6897,133.5839225,207.4813811,0
6898,133.5839225,207.4813811,0
6899,133.5839225,207.4813811,0
6900,133.5839225,207.4813811,0
6901,133.5839225,207.4813811,0
6902,133.5839225,207.4813811,0
6903,133.5839225,207.4813811,0
6904,133.5839225,207.4813811,0
6905,133.5839225,207.4813811,0
6906,133.5839225,207.4813811,0
6907,133.5839225,210.3235918,0
6908,133.5839225,210.3235918,0
6909,133.5839225,210.3235918,0
6910,133.5839225,210.3235918,0
6911,133.5839225,210.3235918,0
6912,133.5839225,210.3235918,0
6913,133.5839225,210.3235918,0
6914,133.5839225,210.3235918,0
6915,133.5839225,210.3235918,0
6916,133.5839225,210.3235918,0
6917,133.5839225,210.3235918,0
6918,133.5839225,210.3235918,0
6919,133.5839225,210.3235918,0
6920,133.5839225,210.3235918,0
6921,133.5839225,210.3235918,0
6922,133.5839225,210.3235918,0
6923,133.5839225,210.3235918,0
6924,133.5839225,210.3235918,0
6925,133.5839225,210.3235918,0
6926,133.5839225,210.3235918,0
6927,133.5839225,210.3235918,0
6928,133.5839225,210.3235918,0
6929,133.5839225,210.3235918,0
6930,133.5839225,210.3235918,0
6931,133.5839225,210.3235918,0
6932,133.5839225,210.3235918,0
6933,127.8995004,210.3235918,0
6934,127.8995004,210.3235918,0
6935,127.8995004,210.3235918,0
6936,127.8995004,210.3235918,0
6937,127.8995004,210.3235918,0
6938,127.8995004,210.3235918,0
6939,127.8995004,210.3235918,0
6940,127.8995004,210.3235918,0
6941,127.8995004,210.3235918,0
6942,127.8995004,210.3235918,0
6943,127.8995004,210.3235918,0
6944,127.8995004,210.3235918,0
6945,127.8995004,210.3235918,0
6946,127.8995004,210.3235918,0
6947,127.8995004,210.3235918,0
6948,127.8995004,210.3235918,0
6949,127.8995004,210.3235918,0
6950,127.8995004,210.3235918,0
6951,127.8995004,210.3235918,0
6952,127.8995004,210.3235918,0
6953,127.8995004,210.3235918,0
6954,127.8995004,210.3235918,0
6955,127.8995004,210.3235918,0
6956,127.8995004,210.3235918,0
6957,127.8995004,210.3235918,0
6958,127.8995004,210.3235918,0
6959,127.8995004,210.3235918,0
6960,127.8995004,210.3235918,0
6961,127.8995004,210.3235918,0
6962,127.8995004,210.3235918,0
6963,127.8995004,210.3235918,0
6964,127.8995004,210.3235918,0
6965,127.8995004,210.3235918,0
6966,127.8995004,210.3235918,0
6967,127.8995004,210.3235918,0
6968,127.8995004,210.3235918,0
6969,127.8995004,210.3235918,0
6970,127.8995004,210.3235918,0
6971,127.8995004,210.3235918,0
6972,127.8995004,210.3235918,0
6973,127.8995004,210.3235918,0
6974,127.8995004,210.3235918,0
6975,127.8995004,210.3235918,0
6976,127.8995004,210.3235918,0
6977,127.8995004,210.3235918,0
6978,127.8995004,210.3235918,0
6979,127.8995004,210.3235918,0
6980,127.8995004,210.3235918,0
6981,127.8995004,210.3235918,0
6982,127.8995004,210.3235918,0
6983,127.8995004,210.3235918,0
6984,127.8995002,210.3235918,0
6985,127.8995002,210.3235918,0
6986,127.8995002,210.3235918,0
6987,127.8995002,210.3235918,0
6988,127.8995002,210.3235918,0
6989,127.8995002,210.3235918,0
6990,127.8995002,210.3235918,0
6991,127.8995002,210.3235918,0
6992,127.8995002,210.3235918,0
6993,127.8995002,210.3235918,0
6994,127.8995002,210.3235918,0
6995,127.8995002,210.3235918,0
6996,127.8995002,210.3235918,0
6997,127.8995002,210.3235918,0
6998,127.8995002,210.3235918,0
6999,127.8995002,210.3235918,0
7000,127.8995002,210.3235918,0
7001,127.8995002,210.3235918,0
7002,127.8995002,210.3235918,0
7003,127.8995002,210.3235918,0
7004,127.8995002,210.3235918,0
7005,127.8995002,210.3235918,0
7006,127.8995002,210.3235918,0
7007,127.8995002,210.3235918,0
7008,127.8995002,210.3235918,0
7009,127.8995002,210.3235918,0
7010,127.8995002,210.3235918,0
7011,127.8995002,210.3235918,0
7012,127.8995002,210.3235918,0
7013,127.8995002,210.3235918,0
7014,127.8995002,210.3235918,0
7015,127.8995002,210.3235918,0
7016,127.8995002,210.3235918,0
7017,127.8995002,210.3235918,0
7018,127.8995002,210.3235918,0
7019,127.8995002,210.3235918,0
7020,127.8995002,210.3235918,0
7021,127.8995002,210.3235918,0
7022,127.8995002,210.3235918,0
7023,127.8995002,210.3235918,0
7024,127.8995002,210.3235918,0
7025,127.8995002,207.4813811,0
7026,127.8995002,207.4813811,0
7027,127.8995002,207.4813811,0
7028,127.8995002,207.4813811,0
7029,127.8995002,207.4813811,0
7030,125.0572891,207.4813811,0
7031,125.0572891,207.4813811,0
7032,125.0572891,207.4813811,0
7033,125.0572891,207.4813811,0
7034,125.0572891,207.4813811,0
7035,125.0572891,207.4813811,0
7036,125.0572891,207.4813811,0
7037,125.0572891,207.4813811,0
7038,125.0572891,207.4813811,0
7039,125.0572891,207.4813811,0
7040,125.0572891,207.4813811,0
7041,125.0572891,207.4813811,0
7042,125.0572891,207.4813811,0
7043,125.0572891,207.4813811,0
7044,125.0572891,207.4813811,0
7045,125.0572891,207.4813811,0
7046,125.0572891,207.4813811,0
7047,125.0572891,207.4813811,0
7048,125.0572891,207.4813811,0
7049,125.0572891,207.4813811,0
7050,125.0572891,207.4813811,0
7051,125.0572891,207.4813811,0
7052,125.0572891,207.4813811,0
7053,125.0572891,207.4813811,0
7054,125.0572891,207.4813811,0
7055,125.0572891,207.4813811,0
7056,125.0572891,207.4813811,0
7057,125.0572891,207.4813811,0
7058,130.7417114,207.4813811,0
7059,130.7417114,207.4813811,0
7060,130.7417114,207.4813811,0
7061,130.7417114,207.4813811,0
7062,130.7417114,207.4813811,0
7063,130.7417114,207.4813811,0
7064,130.7417114,207.4813811,0
7065,130.7417114,207.4813811,0
7066,130.7417114,207.4813811,0
7067,130.7417114,207.4813811,0
7068,130.7417114,207.4813811,0
7069,130.7417114,207.4813811,0
7070,130.7417114,207.4813811,0
7071,130.7417114,207.4813811,0
7072,130.7417114,207.4813811,0
7073,130.7417114,207.4813811,0
7074,130.7417114,207.4813811,0
7075,130.7417114,207.4813811,0
7076,130.7417114,207.4813811,0
7077,130.7417114,207.4813811,0
7078,130.7417114,207.4813811,0
7079,130.7417114,207.4813811,0
7080,130.7417114,207.4813811,0
7081,130.7417114,207.4813811,0
7082,130.7417114,207.4813811,0
7083,130.7417114,207.4813811,0
7084,130.7417114,207.4813811,0
7085,130.7417114,207.4813811,0
7086,130.7417114,207.4813811,0
7087,130.7417114,207.4813811,0
7088,130.7417114,207.4813811,0
7089,130.7417114,207.4813811,0
7090,130.7417114,207.4813811,0
7091,130.7417114,207.4813811,0
7092,130.7417114,207.4813811,0
7093,130.7417114,207.4813811,0
7094,130.7417114,207.4813811,0
7095,130.7417114,207.4813811,0
7096,130.7417114,207.4813811,0
7097,130.7417114,207.4813811,0
7098,130.7417114,207.4813811,0
7099,130.7417114,207.4813811,0
7100,130.7417114,207.4813811,0
7101,130.7417114,207.4813811,0
7102,130.7417114,207.4813811,0
7103,130.7417114,207.4813811,0
7104,130.7417114,207.4813811,0
7105,130.7417114,210.3235918,0
7106,130.7417114,210.3235918,0
7107,130.7417114,210.3235918,0
7108,130.7417114,210.3235918,0
7109,130.7417114,210.3235918,0
7110,130.7417114,210.3235918,0
7111,130.7417114,210.3235918,0
7112,127.8995004,210.3235918,0
7113,127.8995004,210.3235918,0
7114,127.8995004,210.3235918,0
7115,127.8995004,210.3235918,0
7116,127.8995004,210.3235918,0
7117,127.8995004,210.3235918,0
7118,127.8995004,210.3235918,0
7119,130.7417114,210.3235918,0
7120,130.7417114,210.3235918,0
7121,130.7417114,210.3235918,0
7122,130.7417114,210.3235918,0
7123,130.7417114,210.3235918,0
7124,130.7417114,210.3235918,0
7125,130.7417114,210.3235918,0
7126,130.7417114,210.3235918,0
7127,130.7417114,210.3235918,0
7128,130.7417114,210.3235918,0
7129,130.7417114,210.3235918,0
7130,130.7417114,210.3235918,0
7131,130.7417114,210.3235918,0
7132,130.7417114,210.3235918,0
7133,130.7417114,210.3235918,0
7134,130.7417114,210.3235918,0
7135,130.7417114,210.3235918,0
7136,130.7417114,210.3235918,0
7137,130.7417114,210.3235918,0
7138,130.7417114,210.3235918,0
7139,130.7417114,210.3235918,0
7140,130.7417114,210.3235918,0
7141,130.7417114,210.3235918,0
7142,130.7417114,210.3235918,0
7143,130.7417114,210.3235918,0
7144,130.7417114,210.3235918,0
7145,130.7417114,210.3235918,0
7146,130.7417114,210.3235918,0
7147,130.7417114,210.3235918,0
7148,130.7417114,210.3235918,0
7149,130.7417114,210.3235918,0
7150,130.7417114,210.3235918,0
7151,130.7417114,210.3235918,0
7152,130.7417114,210.3235918,0
7153,130.7417114,210.3235918,0
7154,130.7417114,210.3235918,0
7155,130.7417114,207.4813811,0
7156,130.7417114,207.4813811,0
7157,130.7417114,207.4813811,0
7158,130.7417114,207.4813811,0
7159,130.7417114,207.4813811,0
7160,130.7417114,207.4813811,0
7161,130.7417114,207.4813811,0
7162,130.7417114,207.4813811,0
7163,130.7417114,207.4813811,0
7164,130.7417114,207.4813811,0
7165,130.7417114,207.4813811,0
7166,130.7417114,207.4813811,0
7167,130.7417114,207.4813811,0
7168,130.7417114,207.4813811,0
7169,127.8995004,207.4813811,0
7170,127.8995004,207.4813811,0
7171,127.8995004,210.3235918,0
7172,127.8995004,210.3235918,0
7173,127.8995004,210.3235918,0
7174,127.8995004,210.3235918,0
7175,127.8995004,210.3235918,0
7176,127.8995004,210.3235918,0
7177,127.8995004,210.3235918,0
7178,127.8995004,210.3235918,0
7179,127.8995004,210.3235918,0
7180,127.8995004,210.3235918,0
7181,127.8995004,210.3235918,0
7182,127.8995004,210.3235918,0
7183,127.8995004,210.3235918,0
7184,127.8995004,210.3235918,0
7185,127.8995004,210.3235918,0
7186,127.8995004,210.3235918,0
7187,127.8995004,210.3235918,0
7188,130.7417115,210.3235918,0
7189,130.7417115,210.3235918,0
7190,130.7417115,210.3235918,0
7191,130.7417115,210.3235918,0
7192,130.7417115,210.3235918,0
7193,130.7417115,210.3235918,0
7194,130.7417115,210.3235918,0
7195,130.7417115,210.3235918,0
7196,130.7417115,210.3235918,0
7197,130.7417115,210.3235918,0
7198,130.7417115,210.3235918,0
7199,130.7417115,210.3235918,0
7200,130.7417115,210.3235918,0
7201,130.7417115,210.3235918,0
7202,130.7417115,210.3235918,0
7203,130.7417115,210.3235918,0
7204,130.7417115,210.3235918,0
7205,130.7417115,210.3235918,0
7206,130.7417115,210.3235918,0
7207,130.7417115,210.3235918,0
7208,130.7417115,210.3235918,0
7209,130.7417115,210.3235918,0
7210,130.7417115,210.3235918,0
7211,130.7417115,210.3235918,0
7212,130.7417115,210.3235918,0
7213,130.7417115,210.3235918,0
7214,130.7417115,210.3235918,0
7215,130.7417115,210.3235918,0
7216,130.7417115,210.3235918,0
7217,130.7417115,210.3235918,0
7218,130.7417115,210.3235918,0
7219,130.7417115,210.3235918,0
7220,130.7417115,210.3235918,0
7221,130.7417115,210.3235918,0
7222,130.7417115,210.3235918,0
7223,130.7417115,210.3235918,0
7224,130.7417115,210.3235918,0
7225,130.7417115,210.3235918,0
7226,130.7417115,210.3235918,0
7227,130.7417115,210.3235918,0
7228,130.7417115,210.3235918,0
7229,130.7417115,210.3235918,0
7230,130.7417115,210.3235918,0
7231,130.7417115,210.3235918,0
7232,130.7417115,210.3235918,0
7233,130.7417115,210.3235918,0
7234,130.7417115,210.3235918,0
7235,130.7417115,210.3235918,0
7236,130.7417115,210.3235918,0
7237,130.7417115,210.3235918,0
7238,130.7417114,210.3235918,0
7239,130.7417114,210.3235918,0
7240,130.7417114,210.3235918,0
7241,130.7417114,210.3235918,0
7242,130.7417114,210.3235918,0
7243,130.7417114,210.3235918,0
7244,130.7417114,210.3235918,0
7245,130.7417114,210.3235918,0
7246,130.7417114,210.3235918,0
7247,130.7417114,210.3235918,0
7248,130.7417114,210.3235918,0
7249,130.7417114,210.3235918,0
7250,130.7417114,210.3235918,0
7251,130.7417114,210.3235918,0
7252,130.7417114,210.3235918,0
7253,130.7417114,210.3235918,0
7254,130.7417114,210.3235918,0
7255,130.7417114,210.3235918,0
7256,130.7417114,207.4813811,0
7257,130.7417114,207.4813811,0
7258,130.7417114,207.4813811,0
7259,130.7417114,207.4813811,0
7260,130.7417114,207.4813811,0
7261,130.7417114,207.4813811,0
7262,130.7417114,207.4813811,0
7263,130.7417114,207.4813811,0
7264,130.7417114,207.4813811,0
7265,130.7417114,207.4813811,0
7266,130.7417114,207.4813811,0
7267,122.2150781,207.4813811,0
7268,122.2150781,207.4813811,0
7269,122.2150781,207.4813811,0
7270,122.2150781,207.4813811,0
7271,122.2150781,207.4813811,0
7272,122.2150781,207.4813811,0
7273,130.7417114,207.4813811,0
7274,130.7417114,207.4813811,0
7275,130.7417114,207.4813811,0
7276,130.7417114,207.4813811,0
7277,130.7417114,207.4813811,0
7278,130.7417114,207.4813811,0
7279,130.7417114,207.4813811,0
7280,130.7417114,207.4813811,0
7281,130.7417114,207.4813811,0
7282,130.7417114,207.4813811,0
7283,130.7417114,207.4813811,0
7284,130.7417114,207.4813811,0
7285,130.7417114,207.4813811,0
7286,130.7417114,207.4813811,0
7287,130.7417114,207.4813811,0
7288,130.7417114,207.4813811,0
7289,130.7417114,207.4813811,0
7290,130.7417114,207.4813811,0
7291,130.7417114,207.4813811,0
7292,130.7417114,207.4813811,0
7293,130.7417114,207.4813811,0
7294,130.7417114,207.4813811,0
7295,130.7417114,207.4813811,0
7296,130.7417114,207.4813811,0
7297,130.7417114,207.4813811,0
7298,130.7417114,207.4813811,0
7299,130.7417114,207.4813811,0
7300,130.7417114,207.4813811,0
7301,130.7417114,207.4813811,0
7302,130.7417114,207.4813811,0
7303,130.7417114,207.4813811,0
7304,130.7417114,207.4813811,0
7305,130.7417114,207.4813811,0
7306,130.7417114,207.4813811,0
7307,130.7417114,207.4813811,0
7308,130.7417114,207.4813811,0
7309,130.7417114,207.4813811,0
7310,130.7417114,207.4813811,0
7311,130.7417114,207.4813811,0
7312,130.7417114,207.4813811,0
7313,130.7417114,207.4813811,0
7314,130.7417114,207.4813811,0
7315,130.7417114,207.4813811,0
7316,130.7417114,207.4813811,0
7317,130.7417114,207.4813811,0
7318,130.7417114,207.4813811,0
7319,130.7417114,207.4813811,0
7320,130.7417114,207.4813811,0
7321,130.7417114,207.4813811,0
7322,130.7417114,207.4813811,0
7323,127.8995003,207.4813811,0
7324,127.8995003,207.4813811,0
7325,127.8995003,207.4813811,0
7326,127.8995003,207.4813811,0
7327,127.8995003,207.4813811,0
7328,127.8995003,207.4813811,0
7329,127.8995003,207.4813811,0
7330,127.8995003,207.4813811,0
7331,127.8995003,207.4813811,0
7332,127.8995003,207.4813811,0
7333,127.8995003,207.4813811,0
7334,127.8995003,207.4813811,0
7335,127.8995003,207.4813811,0
7336,127.8995003,207.4813811,0
7337,127.8995003,207.4813811,0
7338,127.8995003,207.4813811,0
7339,127.8995003,207.4813811,0
7340,127.8995003,207.4813811,0
7341,127.8995003,207.4813811,0
7342,127.8995003,204.6391704,0
7343,127.8995003,204.6391704,0
7344,127.8995003,204.6391704,0
7345,127.8995003,204.6391704,0
7346,130.7417114,204.6391704,0
7347,130.7417114,204.6391704,0
7348,130.7417114,204.6391704,0
7349,130.7417114,204.6391704,0
7350,130.7417114,204.6391704,0
7351,130.7417114,204.6391704,0
7352,130.7417114,204.6391704,0
7353,130.7417114,204.6391704,0
7354,130.7417114,204.6391704,0
7355,130.7417114,204.6391704,0
7356,130.7417114,204.6391704,0
7357,130.7417114,204.6391704,0
7358,130.7417114,204.6391704,0
7359,130.7417114,207.4813811,0
7360,130.7417114,207.4813811,0
7361,130.7417114,207.4813811,0
7362,130.7417114,207.4813811,0
7363,130.7417114,207.4813811,0
7364,130.7417114,207.4813811,0
7365,130.7417114,207.4813811,0
7366,130.7417114,207.4813811,0
7367,130.7417114,207.4813811,0
7368,130.7417114,207.4813811,0
7369,130.7417114,207.4813811,0
7370,130.7417114,207.4813811,0
7371,130.7417114,207.4813811,0
7372,130.7417114,207.4813811,0
7373,130.7417114,207.4813811,0
7374,130.7417114,207.4813811,0
7375,130.7417114,207.4813811,0
7376,130.7417114,207.4813811,0
7377,130.7417114,207.4813811,0
7378,130.7417114,207.4813811,0
7379,130.7417114,207.4813811,0
7380,130.7417114,207.4813811,0
7381,130.7417114,207.4813811,0
7382,130.7417114,207.4813811,0
7383,130.7417114,207.4813811,0
7384,130.7417114,207.4813811,0
7385,130.7417114,207.4813811,0
7386,130.7417114,207.4813811,0
7387,130.7417114,207.4813811,0
7388,130.7417114,207.4813811,0
7389,130.7417114,207.4813811,0
7390,130.7417114,207.4813811,0
7391,130.7417114,207.4813811,0
7392,130.7417114,207.4813811,0
7393,130.7417114,207.4813811,0
7394,130.7417114,207.4813811,0
7395,130.7417114,207.4813811,0
7396,127.8995004,207.4813811,0
7397,127.8995004,207.4813811,0
7398,127.8995004,207.4813811,0
7399,127.8995004,207.4813811,0
7400,127.8995004,207.4813811,0
7401,127.8995004,207.4813811,0
7402,127.8995004,207.4813811,0
7403,127.8995004,207.4813811,0
7404,127.8995004,207.4813811,0
7405,127.8995004,207.4813811,0
7406,127.8995004,207.4813811,0
7407,127.8995004,207.4813811,0
7408,127.8995004,207.4813811,0
7409,127.8995004,207.4813811,0
7410,127.8995004,207.4813811,0
7411,127.8995004,207.4813811,0
7412,127.8995004,207.4813811,0
7413,127.8995004,207.4813811,0
7414,127.8995004,207.4813811,0
7415,127.8995004,207.4813811,0
7416,127.8995004,207.4813811,0
7417,127.8995004,207.4813811,0
7418,127.8995004,210.3235918,0
7419,127.8995004,210.3235918,0
7420,127.8995004,210.3235918,0
7421,127.8995004,210.3235918,0
7422,127.8995004,210.3235918,0
7423,127.8995004,210.3235918,0
7424,127.8995004,210.3235918,0
7425,127.8995004,210.3235918,0
7426,127.8995004,210.3235918,0
7427,127.8995004,210.3235918,0
7428,127.8995004,210.3235918,0
7429,127.8995004,210.3235918,0
7430,127.8995004,210.3235918,0
7431,127.8995004,210.3235918,0
7432,127.8995004,210.3235918,0
7433,127.8995004,210.3235918,0
7434,127.8995004,210.3235918,0
7435,127.8995004,210.3235918,0
7436,127.8995004,210.3235918,0
7437,127.8995004,210.3235918,0
7438,127.8995004,210.3235918,0
7439,127.8995004,210.3235918,0
7440,127.8995004,210.3235918,0
7441,127.8995004,210.3235918,0
7442,127.8995004,210.3235918,0
7443,127.8995004,210.3235918,0
7444,130.7417114,210.3235918,0
7445,130.7417114,210.3235918,0
7446,130.7417114,210.3235918,0
7447,130.7417114,210.3235918,0
7448,130.7417114,210.3235918,0
7449,130.7417114,210.3235918,0
7450,130.7417114,210.3235918,0
7451,130.7417114,210.3235918,0
7452,130.7417114,210.3235918,0
7453,130.7417114,210.3235918,0
7454,130.7417114,210.3235918,0
7455,130.7417114,210.3235918,0
7456,130.7417114,210.3235918,0
7457,130.7417114,210.3235918,0
7458,130.7417114,210.3235918,0
7459,130.7417114,210.3235918,0
7460,130.7417114,210.3235918,0
7461,130.7417114,210.3235918,0
7462,130.7417114,210.3235918,0
7463,130.7417114,210.3235918,0
7464,130.7417114,210.3235918,0
7465,130.7417114,210.3235918,0
7466,130.7417114,210.3235918,0
7467,130.7417114,210.3235918,0
7468,130.7417114,210.3235918,0
7469,130.7417114,210.3235918,0
7470,130.7417114,210.3235918,0
7471,130.7417114,210.3235918,0
7472,130.7417114,210.3235918,0
7473,130.7417114,210.3235918,0
7474,130.7417114,210.3235918,0
7475,130.7417114,210.3235918,0
7476,130.7417114,210.3235918,0
7477,130.7417114,210.3235918,0
7478,130.7417114,210.3235918,0
7479,130.7417114,210.3235918,0
7480,130.7417114,210.3235918,0
7481,130.7417114,210.3235918,0
7482,130.7417114,210.3235918,0
7483,130.7417114,210.3235918,0
7484,130.7417114,210.3235918,0
7485,130.7417114,210.3235918,0
7486,130.7417114,210.3235918,0
7487,130.7417114,210.3235918,0
7488,130.7417114,210.3235918,0
7489,130.7417114,210.3235918,0
7490,130.7417114,210.3235918,0
7491,133.5839226,210.3235918,0
7492,133.5839226,210.3235918,0
7493,133.5839226,210.3235918,0
7494,133.5839226,210.3235918,0
7495,133.5839226,210.3235918,0
7496,133.5839226,210.3235918,0
7497,133.5839226,210.3235918,0
7498,133.5839226,210.3235918,0
7499,133.5839226,210.3235918,0
7500,133.5839226,210.3235918,0
7501,133.5839226,210.3235918,0
7502,133.5839226,210.3235918,0
7503,133.5839226,210.3235918,0
7504,133.5839226,210.3235918,0
7505,133.5839226,210.3235918,0
7506,133.5839226,210.3235918,0
7507,133.5839226,210.3235918,0
7508,133.5839226,210.3235918,0
7509,133.5839226,210.3235918,0
7510,133.5839226,210.3235918,0
7511,133.5839226,210.3235918,0
7512,133.5839226,210.3235918,0
7513,133.5839226,210.3235918,0
7514,133.5839226,210.3235918,0
7515,133.5839226,210.3235918,0
7516,133.5839226,210.3235918,0
7517,133.5839226,210.3235918,0
7518,133.5839226,210.3235918,0
7519,133.5839226,210.3235918,0
7520,133.5839226,210.3235918,0
7521,133.5839226,210.3235918,0
7522,133.5839226,210.3235918,0
7523,133.5839226,210.3235918,0
7524,133.5839226,210.3235918,0
7525,133.5839226,210.3235918,0
7526,133.5839226,210.3235918,0
7527,133.5839226,210.3235918,0
7528,133.5839226,210.3235918,0
7529,133.5839226,210.3235918,0
7530,133.5839226,210.3235918,0
7531,133.5839226,210.3235918,0
7532,133.5839226,210.3235918,0
7533,133.5839226,210.3235918,0
7534,133.5839226,210.3235918,0
7535,133.5839226,210.3235918,0
7536,133.5839226,210.3235918,0
7537,133.5839226,210.3235918,0
7538,133.5839226,210.3235918,0
7539,133.5839226,210.3235918,0
7540,133.5839226,210.3235918,0
7541,122.2150781,210.3235918,0
7542,122.2150781,210.3235918,0
7543,122.2150781,210.3235918,0
7544,122.2150781,210.3235918,0
7545,127.8995002,210.3235918,0
7546,133.5839226,210.3235918,0
7547,133.5839226,210.3235918,0
7548,133.5839226,210.3235918,0
7549,133.5839226,210.3235918,0
7550,133.5839226,210.3235918,0
7551,133.5839226,210.3235918,0
7552,133.5839226,210.3235918,0
7553,133.5839226,210.3235918,0
7554,133.5839226,210.3235918,0
7555,133.5839226,210.3235918,0
7556,133.5839226,210.3235918,0
7557,133.5839226,210.3235918,0
7558,133.5839226,210.3235918,0
7559,133.5839226,210.3235918,0
7560,133.5839226,210.3235918,0
7561,133.5839226,210.3235918,0
7562,133.5839226,210.3235918,0
7563,133.5839226,210.3235918,0
7564,133.5839226,210.3235918,0
7565,133.5839226,210.3235918,0
7566,133.5839226,210.3235918,0
7567,133.5839226,210.3235918,0
7568,133.5839226,210.3235918,0
7569,133.5839226,210.3235918,0
7570,133.5839226,210.3235918,0
7571,133.5839226,210.3235918,0
7572,133.5839226,210.3235918,0
7573,133.5839226,210.3235918,0
7574,133.5839226,210.3235918,0
7575,133.5839226,210.3235918,0
7576,133.5839226,210.3235918,0
7577,133.5839226,210.3235918,0
7578,133.5839226,210.3235918,0
7579,133.5839226,210.3235918,0
7580,133.5839226,210.3235918,0
7581,133.5839226,210.3235918,0
7582,133.5839226,210.3235918,0
7583,133.5839226,210.3235918,0
7584,133.5839226,210.3235918,0
7585,133.5839226,210.3235918,0
7586,133.5839226,210.3235918,0
7587,133.5839226,210.3235918,0
7588,133.5839226,210.3235918,0
7589,133.5839226,210.3235918,0
7590,133.5839226,210.3235918,0
7591,133.5839226,210.3235918,0
7592,133.5839226,210.3235918,0
7593,133.5839226,210.3235918,0
7594,133.5839226,210.3235918,0
7595,133.5839226,210.3235918,0
7596,127.8995002,210.3235918,0
7597,127.8995002,210.3235918,0
7598,127.8995002,210.3235918,0
7599,127.8995002,210.3235918,0
7600,127.8995002,210.3235918,0
7601,127.8995002,210.3235918,0
7602,127.8995002,210.3235918,0
7603,127.8995002,210.3235918,0
7604,127.8995002,210.3235918,0
7605,127.8995002,210.3235918,0
7606,127.8995002,210.3235918,0
7607,125.0572891,210.3235918,0
7608,125.0572891,210.3235918,0
7609,125.0572891,210.3235918,0
7610,125.0572891,210.3235918,0
7611,125.0572891,210.3235918,0
7612,125.0572891,210.3235918,0
7613,125.0572891,210.3235918,0
7614,127.8995002,210.3235918,0
7615,127.8995004,210.3235918,0
7616,127.8995004,210.3235918,0
7617,127.8995004,210.3235918,0
7618,127.8995004,210.3235918,0
7619,127.8995004,210.3235918,0
7620,127.8995004,210.3235918,0
7621,127.8995004,210.3235918,0
7622,127.8995004,210.3235918,0
7623,127.8995004,210.3235918,0
7624,127.8995004,210.3235918,0
7625,127.8995004,210.3235918,0
7626,127.8995004,210.3235918,0
7627,127.8995004,210.3235918,0
7628,127.8995004,210.3235918,0
7629,127.8995004,210.3235918,0
7630,127.8995004,210.3235918,0
7631,127.8995004,210.3235918,0
7632,127.8995004,210.3235918,0
7633,127.8995004,210.3235918,0
7634,127.8995004,210.3235918,0
7635,127.8995004,210.3235918,0
7636,127.8995004,210.3235918,0
7637,127.8995004,210.3235918,0
7638,127.8995004,210.3235918,0
7639,127.8995004,210.3235918,0
7640,127.8995004,210.3235918,0
7641,127.8995004,210.3235918,0
7642,127.8995004,210.3235918,0
7643,127.8995004,210.3235918,0
7644,127.8995004,210.3235918,0
7645,127.8995004,210.3235918,0
7646,127.8995004,210.3235918,0
7647,127.8995004,210.3235918,0
7648,127.8995004,207.4813811,0
7649,127.8995004,207.4813811,0
7650,127.8995004,207.4813811,0
7651,127.8995004,207.4813811,0
7652,127.8995004,207.4813811,0
7653,127.8995004,207.4813811,0
7654,127.8995004,207.4813811,0
7655,127.8995004,207.4813811,0
7656,127.8995004,207.4813811,0
7657,127.8995004,207.4813811,0
7658,127.8995004,207.4813811,0
7659,127.8995004,207.4813811,0
7660,127.8995004,207.4813811,0
7661,127.8995004,207.4813811,0
7662,127.8995004,207.4813811,0
7663,127.8995004,207.4813811,0
7664,127.8995004,207.4813811,0
7665,127.8995003,207.4813811,0
7666,127.8995004,207.4813811,0
7667,127.8995004,207.4813811,0
7668,127.8995004,207.4813811,0
7669,127.8995004,207.4813811,0
7670,127.8995004,207.4813811,0
7671,127.8995004,207.4813811,0
7672,127.8995004,207.4813811,0
7673,127.8995004,207.4813811,0
7674,127.8995004,207.4813811,0
7675,127.8995004,207.4813811,0
7676,127.8995004,207.4813811,0
7677,127.8995004,207.4813811,0
7678,127.8995004,207.4813811,0
7679,127.8995004,207.4813811,0
7680,127.8995004,207.4813811,0
7681,127.8995004,207.4813811,0
7682,127.8995004,207.4813811,0
7683,127.8995004,207.4813811,0
7684,127.8995004,207.4813811,0
7685,127.8995004,207.4813811,0
7686,127.8995004,207.4813811,0
7687,127.8995004,207.4813811,0
7688,127.8995004,207.4813811,0
7689,127.8995004,207.4813811,0
7690,127.8995004,204.6391704,0
7691,127.8995004,204.6391704,0
7692,127.8995004,204.6391704,0
7693,127.8995004,204.6391704,0
7694,127.8995004,204.6391704,0
7695,127.8995004,204.6391704,0
7696,127.8995004,204.6391704,0
7697,127.8995004,204.6391704,0
7698,127.8995004,204.6391704,0
7699,127.8995004,204.6391704,0
7700,127.8995004,204.6391704,0
7701,127.8995004,204.6391704,0
7702,127.8995004,204.6391704,0
7703,127.8995004,204.6391704,0
7704,127.8995004,204.6391704,0
7705,127.8995004,204.6391704,0
7706,127.8995004,204.6391704,0
7707,127.8995004,204.6391704,0
7708,127.8995004,204.6391704,0
7709,127.8995004,204.6391704,0
7710,127.8995004,207.4813811,0
7711,127.8995004,207.4813811,0
7712,127.8995004,207.4813811,0
7713,127.8995004,207.4813811,0
7714,127.8995004,207.4813811,0
7715,127.8995004,207.4813811,0
7716,125.0572893,207.4813811,0
7717,125.0572893,207.4813811,0
7718,125.0572893,207.4813811,0
7719,125.0572893,207.4813811,0
7720,125.0572893,207.4813811,0
7721,125.0572893,207.4813811,0
7722,125.0572893,207.4813811,0
7723,125.0572893,207.4813811,0
7724,125.0572893,207.4813811,0
7725,125.0572893,207.4813811,0
7726,125.0572893,207.4813811,0
7727,125.0572893,207.4813811,0
7728,125.0572893,207.4813811,0
7729,125.0572893,210.3235918,0
7730,125.0572893,210.3235918,0
7731,125.0572893,210.3235918,0
7732,125.0572893,210.3235918,0
7733,125.0572893,210.3235918,0
7734,125.0572893,210.3235918,0
7735,125.0572893,210.3235918,0
7736,125.0572893,210.3235918,0
7737,125.0572893,210.3235918,0
7738,125.0572893,210.3235918,0
7739,125.0572893,210.3235918,0
7740,125.0572893,210.3235918,0
7741,125.0572893,210.3235918,0
7742,125.0572893,210.3235918,0
7743,125.0572893,210.3235918,0
7744,125.0572893,210.3235918,0
7745,125.0572893,210.3235918,0
7746,125.0572893,210.3235918,0
7747,125.0572893,210.3235918,0
7748,125.0572893,210.3235918,0
7749,125.0572893,210.3235918,0
7750,125.0572893,210.3235918,0
7751,125.0572893,210.3235918,0
7752,125.0572893,210.3235918,0
7753,125.0572893,210.3235918,0
7754,125.0572893,210.3235918,0
7755,125.0572893,210.3235918,0
7756,125.0572893,210.3235918,0
7757,125.0572893,210.3235918,0
7758,125.0572893,210.3235918,0
7759,122.2150781,210.3235918,0
7760,122.2150781,210.3235918,0
7761,122.2150781,210.3235918,0
7762,122.2150781,210.3235918,0
7763,122.2150781,210.3235918,0
7764,122.2150781,210.3235918,0
7765,122.2150781,210.3235918,0
7766,122.2150781,210.3235918,0
7767,122.2150781,210.3235918,0
7768,122.2150781,210.3235918,0
7769,122.2150781,210.3235918,0
7770,122.2150781,210.3235918,0
7771,122.2150781,210.3235918,0
7772,122.2150781,210.3235918,0
7773,122.2150781,210.3235918,0
7774,122.2150781,210.3235918,0
7775,122.2150781,210.3235918,0
7776,122.2150781,210.3235918,0
7777,122.2150781,210.3235918,0
7778,122.2150781,210.3235918,0
7779,122.2150781,207.4813811,0
7780,122.2150781,207.4813811,0
7781,122.2150781,207.4813811,0
7782,122.2150781,207.4813811,0
7783,122.2150781,207.4813811,0
7784,122.2150781,207.4813811,0
7785,122.2150781,207.4813811,0
7786,122.2150781,207.4813811,0
7787,122.2150781,207.4813811,0
7788,122.2150781,207.4813811,0
7789,122.2150781,207.4813811,0
7790,122.2150781,207.4813811,0
7791,122.2150781,207.4813811,0
7792,122.2150781,207.4813811,0
7793,122.2150781,207.4813811,0
7794,122.2150781,207.4813811,0
7795,122.2150781,207.4813811,0
7796,122.2150781,207.4813811,0
7797,122.2150781,207.4813811,0
7798,122.215078,207.4813811,0
7799,122.215078,207.4813811,0
7800,122.215078,204.6391704,0
7801,122.215078,204.6391704,0
7802,122.215078,204.6391704,0
7803,122.215078,204.6391704,0
7804,122.215078,204.6391704,0
7805,116.5306559,204.6391704,0
7806,116.5306559,204.6391704,0
7807,116.5306559,204.6391704,0
7808,116.5306559,204.6391704,0
7809,116.5306559,204.6391704,0
7810,116.5306559,204.6391704,0
7811,116.5306559,204.6391704,0
7812,116.5306559,204.6391704,0
7813,113.6884446,204.6391704,0
7814,113.6884446,204.6391704,0
7815,113.6884446,204.6391704,0
7816,113.6884446,204.6391704,0
7817,113.6884446,204.6391704,0
7818,113.6884446,204.6391704,0
7819,113.6884446,204.6391704,0
7820,113.6884446,204.6391704,0
7821,113.6884446,204.6391704,0
7822,113.6884446,204.6391704,0
7823,113.6884446,204.6391704,0
7824,113.6884446,204.6391704,0
7825,113.6884446,204.6391704,0
7826,113.6884446,204.6391704,0
7827,113.6884446,204.6391704,0
7828,113.6884446,204.6391704,0
7829,113.6884446,204.6391704,0
7830,113.6884446,204.6391704,0
7831,113.6884446,207.4813811,0
7832,113.6884446,207.4813811,0
7833,113.6884446,207.4813811,0
7834,113.6884446,207.4813811,0
7835,113.6884446,207.4813811,0
7836,113.6884446,207.4813811,0
7837,113.6884446,207.4813811,0
7838,113.6884446,207.4813811,0
7839,110.8462336,207.4813811,0
7840,110.8462336,207.4813811,0
7841,110.8462336,207.4813811,0
7842,110.8462336,207.4813811,0
7843,110.8462336,207.4813811,0
7844,110.8462336,207.4813811,0
7845,110.8462336,207.4813811,0
7846,110.8462336,207.4813811,0
7847,110.8462336,207.4813811,0
7848,110.8462336,207.4813811,0
7849,110.8462336,207.4813811,0
7850,113.6884446,207.4813811,0
7851,113.6884446,207.4813811,0
7852,113.6884446,207.4813811,0
7853,113.6884446,207.4813811,0
7854,113.6884446,207.4813811,0
7855,113.6884446,207.4813811,0
7856,113.6884446,207.4813811,0
7857,113.6884446,207.4813811,0
7858,113.6884446,207.4813811,0
7859,113.6884446,207.4813811,0
7860,113.6884446,207.4813811,0
7861,113.6884446,207.4813811,0
7862,113.6884446,207.4813811,0
7863,113.6884446,207.4813811,0
7864,113.6884446,207.4813811,0
7865,113.6884446,207.4813811,0
7866,113.6884446,207.4813811,0
7867,113.6884446,207.4813811,0
7868,113.6884446,207.4813811,0
7869,113.6884446,207.4813811,0
7870,113.6884446,207.4813811,0
7871,113.6884446,207.4813811,0
7872,113.6884446,207.4813811,0
7873,113.6884446,207.4813811,0
7874,113.6884446,207.4813811,0
7875,113.6884446,207.4813811,0
7876,113.6884446,207.4813811,0
7877,113.6884446,207.4813811,0
7878,113.6884446,207.4813811,0
7879,113.6884446,207.4813811,0
7880,113.6884446,207.4813811,0
7881,113.6884446,207.4813811,0
7882,113.6884446,207.4813811,0
7883,113.6884446,207.4813811,0
7884,113.6884446,207.4813811,0
7885,113.6884446,207.4813811,0
7886,113.6884446,207.4813811,0
7887,113.6884446,207.4813811,0
7888,113.6884446,207.4813811,0
7889,113.6884446,207.4813811,0
7890,113.6884446,207.4813811,0
7891,113.6884446,207.4813811,0
7892,113.6884446,207.4813811,0
7893,113.6884446,207.4813811,0
7894,113.6884446,207.4813811,0
7895,113.6884446,207.4813811,0
7896,113.6884446,207.4813811,0
7897,113.6884446,207.4813811,0
7898,113.6884446,207.4813811,0
7899,113.6884446,207.4813811,0
7900,110.8462336,207.4813811,0
7901,110.8462336,207.4813811,0
7902,110.8462336,207.4813811,0
7903,110.8462336,207.4813811,0
7904,110.8462336,207.4813811,0
7905,110.8462336,207.4813811,0
7906,110.8462336,207.4813811,0
7907,110.8462336,207.4813811,0
7908,110.8462336,207.4813811,0
7909,110.8462336,207.4813811,0
7910,108.0040224,207.4813811,0
7911,108.0040224,207.4813811,0
7912,108.0040224,207.4813811,0
7913,108.0040224,207.4813811,0
7914,108.0040224,207.4813811,0
7915,102.3196003,207.4813811,0
7916,102.3196003,207.4813811,0
7917,102.3196003,207.4813811,0
7918,102.3196003,207.4813811,0
7919,102.3196003,207.4813811,0
7920,102.3196003,207.4813811,0
7921,102.3196003,207.4813811,0
7922,102.3196003,207.4813811,0
7923,102.3196003,207.4813811,0
7924,99.47738906,204.6391704,0
7925,99.47738906,204.6391704,0
7926,99.47738906,204.6391704,0
7927,99.47738906,204.6391704,0
7928,99.47738906,204.6391704,0
7929,99.47738906,204.6391704,0
7930,96.63517808,204.6391704,0
7931,96.63517808,204.6391704,0
7932,96.63517808,204.6391704,0
7933,96.63517808,204.6391704,0
7934,96.63517808,204.6391704,0
7935,96.63517808,204.6391704,0
7936,96.63517808,204.6391704,0
7937,96.63517808,204.6391704,0
7938,96.63517808,204.6391704,0
7939,96.63517808,204.6391704,0
7940,90.95075569,204.6391704,0
7941,90.95075569,204.6391704,0
7942,90.95075569,204.6391704,0
7943,90.95075576,204.6391704,0
7944,90.95075576,204.6391704,0
7945,90.95075576,204.6391704,0
7946,90.95075576,204.6391704,0
7947,90.95075576,204.6391704,0
7948,90.95075576,204.6391704,0
7949,90.95075576,204.6391704,0
7950,90.95075576,204.6391704,0
7951,90.95075576,204.6391704,0
7952,90.95075576,204.6391704,0
7953,90.95075576,204.6391704,0
7954,90.95075576,204.6391704,0
7955,90.95075576,204.6391704,0
7956,90.95075576,204.6391704,0
7957,90.95075576,204.6391704,0
7958,90.95075576,204.6391704,0
7959,90.95075576,204.6391704,0
7960,90.95075576,204.6391704,0
7961,90.95075576,204.6391704,0
7962,90.95075576,204.6391704,0
7963,90.95075576,204.6391704,0
7964,90.95075576,204.6391704,0
7965,90.95075576,204.6391704,0
7966,90.95075576,204.6391704,0
7967,90.95075576,204.6391704,0
7968,90.95075576,204.6391704,0
7969,90.95075576,204.6391704,0
7970,90.95075576,204.6391704,0
7971,90.95075576,201.7969597,0
7972,90.95075576,201.7969597,0
7973,90.95075576,204.6391704,0
7974,90.95075576,204.6391704,0
7975,90.95075576,204.6391704,0
7976,90.95075576,204.6391704,0
7977,90.95075576,204.6391704,0
7978,90.95075576,204.6391704,0
7979,90.95075576,204.6391704,0
7980,90.95075576,204.6391704,0
7981,90.95075576,204.6391704,0
7982,90.95075576,204.6391704,0
7983,90.95075576,204.6391704,0
7984,90.95075576,204.6391704,0
7985,90.95075576,204.6391704,0
7986,90.95075576,204.6391704,0
7987,90.95075576,204.6391704,0
7988,90.95075576,204.6391704,0
7989,90.95075576,204.6391704,0
7990,90.95075576,204.6391704,0
7991,90.95075576,204.6391704,0
7992,90.95075576,204.6391704,0
7993,90.95075569,204.6391704,0
7994,90.95075569,204.6391704,0
7995,90.95075569,204.6391704,0
7996,90.95075569,204.6391704,0
7997,90.95075569,204.6391704,0
7998,90.95075569,204.6391704,0
7999,90.95075583,204.6391704,0
8000,90.95075583,204.6391704,0
8001,90.95075583,204.6391704,0
8002,90.95075583,204.6391704,0
8003,90.95075583,204.6391704,0
8004,90.95075583,204.6391704,0
8005,90.95075583,204.6391704,0
8006,90.95075583,204.6391704,0
8007,90.95075583,204.6391704,0
8008,90.95075583,204.6391704,0
8009,90.95075583,204.6391704,0
8010,90.95075583,204.6391704,0
8011,90.95075583,204.6391704,0
8012,90.95075583,204.6391704,0
8013,90.95075583,204.6391704,0
8014,90.95075583,204.6391704,0
8015,90.95075583,204.6391704,0
8016,90.95075583,204.6391704,0
8017,90.95075583,204.6391704,0
8018,90.95075583,204.6391704,0
8019,90.95075583,204.6391704,0
8020,90.95075583,204.6391704,0
8021,90.95075583,204.6391704,0
8022,90.95075583,204.6391704,0
8023,90.95075583,201.7969597,0
8024,90.95075583,201.7969597,0
8025,90.95075583,201.7969597,0
8026,90.95075583,201.7969597,0
8027,90.95075583,201.7969597,0
8028,90.95075583,201.7969597,0
8029,90.95075583,201.7969597,0
8030,90.95075583,201.7969597,0
8031,90.95075583,201.7969597,0
8032,90.95075583,201.7969597,0
8033,90.95075583,201.7969597,0
8034,90.95075583,201.7969597,0
8035,90.95075583,201.7969597,0
8036,90.95075583,201.7969597,0
8037,90.95075583,201.7969597,0
8038,90.95075583,201.7969597,0
8039,90.95075583,201.7969597,0
8040,90.95075583,201.7969597,0
8041,90.95075583,201.7969597,0
8042,90.95075583,201.7969597,0
8043,90.95075583,201.7969597,0
8044,90.95075583,201.7969597,0
8045,90.95075583,201.7969597,0
8046,90.95075583,201.7969597,0
8047,90.95075583,201.7969597,0
8048,90.95075583,201.7969597,0
8049,90.95075576,201.7969597,0
8050,90.95075576,201.7969597,0
8051,90.95075576,201.7969597,0
8052,90.95075576,201.7969597,0
8053,90.95075576,201.7969597,0
8054,88.10854471,201.7969597,0
8055,88.10854471,201.7969597,0
8056,88.10854471,201.7969597,0
8057,88.10854471,201.7969597,0
8058,88.10854471,201.7969597,0
8059,88.10854471,201.7969597,0
8060,88.10854464,201.7969597,0
8061,88.10854464,201.7969597,0
8062,88.10854464,201.7969597,0
8063,88.10854464,201.7969597,0
8064,90.95075569,201.7969597,0
8065,90.95075569,201.7969597,0
8066,90.95075569,201.7969597,0
8067,90.95075569,201.7969597,0
8068,90.95075569,201.7969597,0
8069,90.95075569,201.7969597,0
8070,90.95075569,201.7969597,0
8071,90.95075569,201.7969597,0
8072,90.95075569,201.7969597,0
8073,90.95075569,204.6391704,0
8074,90.95075569,204.6391704,0
8075,90.95075569,204.6391704,0
8076,90.95075569,204.6391704,0
8077,90.95075569,204.6391704,0
8078,90.95075569,204.6391704,0
8079,90.95075569,204.6391704,0
8080,90.95075569,204.6391704,0
8081,90.95075569,204.6391704,0
8082,90.95075569,204.6391704,0
8083,90.95075569,204.6391704,0
8084,90.95075569,204.6391704,0
8085,90.95075569,204.6391704,0
8086,90.95075569,204.6391704,0
8087,90.95075569,204.6391704,0
8088,90.95075569,204.6391704,0
8089,90.95075569,204.6391704,0
8090,90.95075569,204.6391704,0
8091,90.95075569,204.6391704,0
8092,90.95075569,204.6391704,0
8093,90.95075569,204.6391704,0
8094,90.95075569,204.6391704,0
8095,90.95075569,204.6391704,0
8096,90.95075569,204.6391704,0
8097,90.95075569,204.6391704,0
8098,90.95075569,204.6391704,0
8099,90.95075569,204.6391704,0
8100,90.95075569,204.6391704,0
8101,90.95075569,204.6391704,0
8102,90.95075569,204.6391704,0
8103,90.95075569,204.6391704,0
8104,90.95075569,204.6391704,0
8105,90.95075569,204.6391704,0
8106,90.95075569,204.6391704,0
8107,90.95075569,204.6391704,0
8108,90.95075569,204.6391704,0
8109,90.95075569,204.6391704,0
8110,90.95075569,204.6391704,0
8111,90.95075569,204.6391704,0
8112,90.95075569,204.6391704,0
8113,90.95075569,204.6391704,0
8114,85.26633344,204.6391704,0
8115,85.26633344,204.6391704,0
8116,85.26633344,204.6391704,0
8117,85.26633344,204.6391704,0
8118,85.26633344,204.6391704,0
8119,85.26633344,204.6391704,0
8120,85.26633344,204.6391704,0
8121,85.26633344,204.6391704,0
8122,85.26633344,204.6391704,0
8123,85.26633344,204.6391704,0
8124,85.26633344,204.6391704,0
8125,85.26633344,204.6391704,0
8126,85.26633344,204.6391704,0
8127,85.26633344,204.6391704,0
8128,85.26633344,204.6391704,0
8129,85.26633344,204.6391704,0
8130,85.26633344,204.6391704,0
8131,85.26633344,204.6391704,0
8132,85.26633344,204.6391704,0
8133,85.26633344,204.6391704,0
8134,85.26633344,204.6391704,0
8135,88.10854457,204.6391704,0
8136,88.10854457,204.6391704,0
8137,88.10854457,201.7969597,0
8138,88.10854457,201.7969597,0
8139,88.10854457,201.7969597,0
8140,88.10854457,201.7969597,0
8141,88.10854457,201.7969597,0
8142,88.10854457,201.7969597,0
8143,88.10854457,201.7969597,0
8144,88.10854457,201.7969597,0
8145,88.10854457,201.7969597,0
8146,88.10854457,201.7969597,0
8147,88.10854457,201.7969597,0
8148,88.10854457,201.7969597,0
8149,88.10854457,201.7969597,0
8150,88.10854457,201.7969597,0
8151,88.10854457,201.7969597,0
8152,88.10854457,201.7969597,0
8153,88.10854457,201.7969597,0
8154,88.10854457,201.7969597,0
8155,88.10854457,201.7969597,0
8156,88.10854457,201.7969597,0
8157,88.10854457,201.7969597,0
8158,88.10854457,201.7969597,0
8159,88.10854457,201.7969597,0
8160,88.10854457,201.7969597,0
8161,88.10854457,201.7969597,0
8162,88.10854457,201.7969597,0
8163,88.10854457,201.7969597,0
8164,88.10854457,201.7969597,0
8165,88.10854457,201.7969597,0
8166,88.10854457,201.7969597,0
8167,88.10854457,201.7969597,0
8168,88.10854464,201.7969597,0
8169,88.10854464,201.7969597,0
8170,88.10854464,201.7969597,0
8171,88.10854464,201.7969597,0
8172,88.10854464,201.7969597,0
8173,88.10854464,201.7969597,0
8174,88.10854464,201.7969597,0
8175,88.10854464,201.7969597,0
8176,88.10854464,201.7969597,0
8177,88.10854464,201.7969597,0
8178,88.10854464,201.7969597,0
8179,88.10854464,201.7969597,0
8180,88.10854464,201.7969597,0
8181,88.10854464,201.7969597,0
8182,88.10854464,201.7969597,0
8183,88.10854464,201.7969597,0
8184,88.10854464,201.7969597,0
8185,88.10854464,201.7969597,0
8186,88.10854464,201.7969597,0
8187,88.10854464,201.7969597,0
8188,88.10854464,198.954749,0
8189,88.10854464,198.954749,0
8190,88.10854464,198.954749,0
8191,88.10854464,198.954749,0
8192,88.10854464,198.954749,0
8193,88.10854464,198.954749,0
8194,88.10854464,198.954749,0
8195,88.10854464,201.7969597,0
8196,88.10854464,201.7969597,0
8197,88.10854464,201.7969597,0
8198,88.10854464,201.7969597,0
8199,88.10854464,201.7969597,0
8200,88.10854464,201.7969597,0
8201,88.10854464,201.7969597,0
8202,88.10854464,201.7969597,0
8203,88.10854464,201.7969597,0
8204,88.10854464,201.7969597,0
8205,88.10854464,201.7969597,0
8206,88.10854464,201.7969597,0
8207,88.10854464,201.7969597,0
8208,88.10854464,201.7969597,0
8209,88.10854464,201.7969597,0
8210,88.10854464,201.7969597,0
8211,88.10854464,201.7969597,0
8212,90.95075576,201.7969597,0
8213,90.95075576,201.7969597,0
8214,90.95075576,201.7969597,0
8215,90.95075576,201.7969597,0
8216,90.95075576,201.7969597,0
8217,90.95075576,201.7969597,0
8218,90.95075576,201.7969597,0
8219,90.95075576,201.7969597,0
8220,90.95075576,201.7969597,0
8221,90.95075576,201.7969597,0
8222,90.95075576,201.7969597,0
8223,90.95075576,201.7969597,0
8224,90.95075576,201.7969597,0
8225,90.95075576,201.7969597,0
8226,90.95075576,201.7969597,0
8227,90.95075576,201.7969597,0
8228,90.95075576,201.7969597,0
8229,90.95075576,201.7969597,0
8230,90.95075576,201.7969597,0
8231,90.95075576,201.7969597,0
8232,90.95075576,201.7969597,0
8233,90.95075576,201.7969597,0
8234,90.95075576,201.7969597,0
8235,90.95075576,201.7969597,0
8236,90.95075576,201.7969597,0
8237,90.95075576,201.7969597,0
8238,90.95075576,201.7969597,0
8239,90.95075576,201.7969597,0
8240,90.95075576,201.7969597,0
8241,90.95075576,204.6391704,0
8242,90.95075576,204.6391704,0
8243,90.95075576,204.6391704,0
8244,90.95075576,204.6391704,0
8245,90.95075576,204.6391704,0
8246,90.95075576,204.6391704,0
8247,90.95075576,204.6391704,0
8248,90.95075576,204.6391704,0
8249,90.95075576,204.6391704,0
8250,90.95075576,204.6391704,0
8251,90.95075576,204.6391704,0
8252,90.95075576,204.6391704,0
8253,90.95075576,204.6391704,0
8254,90.95075576,204.6391704,0
8255,90.95075576,204.6391704,0
8256,90.95075576,204.6391704,0
8257,90.95075576,204.6391704,0
8258,90.95075576,204.6391704,0
8259,90.95075576,204.6391704,0
8260,90.95075576,204.6391704,0
8261,90.95075576,204.6391704,0
8262,88.10854471,204.6391704,0
8263,88.10854471,204.6391704,0
8264,88.10854471,204.6391704,0
8265,88.10854471,204.6391704,0
8266,88.10854471,204.6391704,0
8267,88.10854471,204.6391704,0
8268,88.10854471,204.6391704,0
8269,88.10854471,204.6391704,0
8270,88.10854471,204.6391704,0
8271,88.10854471,204.6391704,0
8272,88.10854471,204.6391704,0
8273,88.10854471,204.6391704,0
8274,88.10854471,204.6391704,0
8275,88.10854471,204.6391704,0
8276,88.10854471,204.6391704,0
8277,85.26633351,204.6391704,0
8278,85.26633351,204.6391704,0
8279,85.26633351,204.6391704,0
8280,85.26633351,204.6391704,0
8281,85.26633351,204.6391704,0
8282,85.26633351,204.6391704,0
8283,85.26633351,204.6391704,0
8284,85.26633351,204.6391704,0
8285,85.26633351,204.6391704,0
8286,85.26633351,204.6391704,0
8287,85.26633351,204.6391704,0
8288,85.26633351,204.6391704,0
8289,85.26633351,204.6391704,0
8290,85.26633351,204.6391704,0
8291,85.26633351,204.6391704,0
8292,85.26633351,204.6391704,0
8293,85.26633351,204.6391704,0
8294,85.26633351,204.6391704,0
8295,85.26633351,204.6391704,0
8296,88.10854457,204.6391704,0
8297,88.10854471,204.6391704,0
8298,88.10854471,204.6391704,0
8299,88.10854471,204.6391704,0
8300,88.10854471,204.6391704,0
8301,88.10854471,204.6391704,0
8302,88.10854471,204.6391704,0
8303,88.10854471,204.6391704,0
8304,88.10854471,204.6391704,0
8305,88.10854471,204.6391704,0
8306,88.10854471,204.6391704,0
8307,88.10854471,204.6391704,0
8308,88.10854471,204.6391704,0
8309,88.10854471,204.6391704,0
8310,88.10854471,204.6391704,0
8311,88.10854471,201.7969597,0
8312,88.10854471,201.7969597,0
8313,88.10854471,201.7969597,0
8314,88.10854471,201.7969597,0
8315,88.10854471,201.7969597,0
8316,88.10854471,201.7969597,0
8317,88.10854471,201.7969597,0
8318,88.10854471,201.7969597,0
8319,88.10854471,201.7969597,0
8320,88.10854471,201.7969597,0
8321,88.10854471,201.7969597,0
8322,88.10854471,201.7969597,0
8323,88.10854471,201.7969597,0
8324,88.10854471,201.7969597,0
8325,88.10854471,201.7969597,0
8326,88.10854471,201.7969597,0
8327,88.10854471,201.7969597,0
8328,88.10854471,201.7969597,0
8329,88.10854471,201.7969597,0
8330,88.10854471,201.7969597,0
8331,88.10854471,201.7969597,0
8332,88.10854471,201.7969597,0
8333,88.10854471,201.7969597,0
8334,88.10854471,201.7969597,0
8335,88.10854471,201.7969597,0
8336,88.10854471,201.7969597,0
8337,88.10854471,201.7969597,0
8338,88.10854471,201.7969597,0
8339,88.10854471,201.7969597,0
8340,88.10854471,201.7969597,0
8341,88.10854471,201.7969597,0
8342,88.10854471,201.7969597,0
8343,88.10854471,201.7969597,0
8344,88.10854471,201.7969597,0
8345,88.10854471,201.7969597,0
8346,88.10854471,201.7969597,0
8347,88.10854471,201.7969597,0
8348,88.10854471,201.7969597,0
8349,88.10854471,201.7969597,0
8350,88.10854471,201.7969597,0
8351,88.10854471,201.7969597,0
8352,88.10854471,201.7969597,0
8353,88.10854471,201.7969597,0
8354,88.10854471,201.7969597,0
8355,88.10854471,201.7969597,0
8356,88.10854471,201.7969597,0
8357,88.10854471,201.7969597,0
8358,88.10854471,201.7969597,0
8359,88.10854471,201.7969597,0
8360,88.10854471,201.7969597,0
8361,88.10854471,201.7969597,0
8362,88.10854471,201.7969597,0
8363,88.10854471,201.7969597,0
8364,88.10854471,201.7969597,0
8365,88.10854471,201.7969597,0
8366,88.10854471,201.7969597,0
8367,88.10854471,201.7969597,0
8368,88.10854471,201.7969597,0
8369,88.10854471,201.7969597,0
8370,88.10854471,201.7969597,0
8371,88.10854471,201.7969597,0
8372,88.10854471,201.7969597,0
8373,88.10854471,201.7969597,0
8374,88.10854471,201.7969597,0
8375,88.10854471,201.7969597,0
8376,88.10854471,201.7969597,0
8377,88.10854471,201.7969597,0
8378,88.10854471,201.7969597,0
8379,88.10854471,201.7969597,0
8380,88.10854471,201.7969597,0
8381,88.10854471,201.7969597,0
8382,88.10854471,201.7969597,0
8383,88.10854471,201.7969597,0
8384,88.10854471,201.7969597,0
8385,88.10854471,201.7969597,0
8386,88.10854471,201.7969597,0
8387,88.10854471,201.7969597,0
8388,88.10854471,201.7969597,0
8389,88.10854471,201.7969597,0
8390,88.10854471,201.7969597,0
8391,88.10854471,201.7969597,0
8392,88.10854471,201.7969597,0
8393,88.10854471,201.7969597,0
8394,88.10854471,201.7969597,0
8395,88.10854471,201.7969597,0
8396,88.10854471,201.7969597,0
8397,88.10854471,201.7969597,0
8398,88.10854457,201.7969597,0
8399,88.10854457,201.7969597,0
8400,85.26633358,201.7969597,0
8401,85.26633358,201.7969597,0
8402,85.26633358,201.7969597,0
8403,85.26633358,201.7969597,0
8404,85.26633358,201.7969597,0
8405,85.26633358,201.7969597,0
8406,85.26633358,201.7969597,0
8407,85.26633358,201.7969597,1
8408,85.26633358,201.7969597,1
8409,85.26633358,201.7969597,1
8410,85.26633358,201.7969597,1
8411,85.26633358,201.7969597,1
8412,85.26633358,201.7969597,1
8413,85.26633358,201.7969597,1
8414,85.26633358,201.7969597,1
8415,85.26633358,201.7969597,1
8416,85.26633358,201.7969597,1
8417,85.26633358,201.7969597,1
8418,85.26633358,201.7969597,1
8419,85.26633358,201.7969597,1
8420,85.26633358,201.7969597,1
8421,85.26633358,201.7969597,1
8422,85.26633358,201.7969597,1
8423,85.26633358,201.7969597,1
8424,85.26633358,201.7969597,1
8425,85.26633358,201.7969597,1
8426,85.26633358,201.7969597,1
8427,85.26633358,201.7969597,1
8428,85.26633358,201.7969597,1
8429,85.26633358,201.7969597,1
8430,85.26633358,201.7969597,1
8431,85.26633358,201.7969597,1
8432,85.26633358,201.7969597,1
8433,85.26633358,201.7969597,1
8434,85.26633358,201.7969597,1
8435,85.26633358,201.7969597,1
8436,85.26633344,201.7969597,1
8437,85.26633344,201.7969597,1
8438,85.26633344,201.7969597,1
8439,85.26633344,201.7969597,1
8440,85.26633344,201.7969597,1
8441,85.26633344,201.7969597,1
8442,85.26633344,201.7969597,1
8443,85.26633344,201.7969597,1
8444,85.26633344,201.7969597,1
8445,85.26633344,201.7969597,1
8446,85.26633344,201.7969597,1
8447,85.26633344,201.7969597,1
8448,85.26633344,201.7969597,1
8449,85.26633344,201.7969597,1
8450,85.26633344,201.7969597,1
8451,85.26633344,201.7969597,1
8452,85.26633344,201.7969597,1
8453,85.26633344,201.7969597,1
8454,85.26633344,201.7969597,1
8455,85.26633344,201.7969597,1
8456,85.26633344,201.7969597,1
8457,85.26633344,201.7969597,1
8458,85.26633344,201.7969597,1
8459,85.26633344,201.7969597,1
8460,85.26633344,201.7969597,1
8461,85.26633344,201.7969597,1
8462,85.26633344,201.7969597,1
8463,85.26633344,201.7969597,1
8464,85.26633344,201.7969597,1
8465,85.26633344,201.7969597,1
8466,88.10854457,201.7969597,1
8467,88.10854457,201.7969597,1
8468,88.10854457,201.7969597,1
8469,88.10854457,201.7969597,1
8470,88.10854457,201.7969597,1
8471,88.10854464,201.7969597,1
8472,88.10854464,201.7969597,1
8473,88.10854464,198.954749,1
8474,88.10854464,198.954749,1
8475,88.10854464,198.954749,1
8476,88.10854464,198.954749,1
8477,88.10854464,198.954749,1
8478,88.10854464,198.954749,1
8479,88.10854464,201.7969597,1
8480,88.10854464,201.7969597,1
8481,88.10854464,201.7969597,1
8482,88.10854464,201.7969597,1
8483,88.10854464,201.7969597,1
8484,88.10854464,201.7969597,1
8485,88.10854464,201.7969597,1
8486,88.10854464,201.7969597,1
8487,88.10854464,201.7969597,1
8488,88.10854464,201.7969597,1
8489,88.10854464,201.7969597,1
8490,88.10854464,201.7969597,1
8491,88.10854464,201.7969597,1
8492,88.10854464,201.7969597,1
8493,88.10854464,201.7969597,1
8494,88.10854464,201.7969597,1
8495,88.10854464,201.7969597,1
8496,88.10854464,201.7969597,1
8497,88.10854464,201.7969597,1
8498,88.10854464,201.7969597,1
8499,88.10854464,201.7969597,1
8500,88.10854464,201.7969597,1
8501,88.10854464,201.7969597,1
8502,88.10854464,201.7969597,1
8503,88.10854464,201.7969597,1
8504,88.10854464,201.7969597,1
8505,88.10854464,201.7969597,1
8506,88.10854464,201.7969597,1
8507,88.10854464,201.7969597,1
8508,88.10854464,201.7969597,1
8509,88.10854464,201.7969597,1
8510,88.10854464,201.7969597,1
8511,88.10854464,201.7969597,1
8512,88.10854464,201.7969597,1
8513,88.10854464,201.7969597,1
8514,88.10854464,201.7969597,1
8515,88.10854464,201.7969597,1
8516,88.10854464,201.7969597,1
8517,88.10854464,201.7969597,1
8518,88.10854464,201.7969597,1
8519,88.10854464,201.7969597,1
8520,88.10854464,201.7969597,1
8521,85.26633358,201.7969597,1
8522,85.26633358,201.7969597,1
8523,85.26633358,201.7969597,1
8524,85.26633358,201.7969597,1
8525,85.26633358,201.7969597,1
8526,85.26633358,201.7969597,1
8527,85.26633358,201.7969597,1
8528,85.26633358,201.7969597,1
8529,85.26633358,201.7969597,1
8530,85.26633358,201.7969597,1
8531,85.26633358,201.7969597,1
8532,85.26633358,201.7969597,1
8533,85.26633358,201.7969597,1
8534,85.26633351,201.7969597,1
8535,85.26633351,201.7969597,1
8536,85.26633351,201.7969597,1
8537,85.26633351,201.7969597,1
8538,85.26633351,201.7969597,1
8539,85.26633351,201.7969597,1
8540,85.26633351,201.7969597,1
8541,85.26633351,201.7969597,1
8542,85.26633351,201.7969597,1
8543,85.26633351,201.7969597,1
8544,85.26633351,201.7969597,1
8545,85.26633351,201.7969597,1
8546,85.26633351,201.7969597,1
8547,85.26633351,201.7969597,1
8548,85.26633351,201.7969597,1
8549,85.26633351,201.7969597,1
8550,85.26633351,201.7969597,1
8551,85.26633351,201.7969597,1
8552,85.26633351,201.7969597,1
8553,85.26633351,201.7969597,1
8554,85.26633351,201.7969597,1
8555,85.26633351,201.7969597,1
8556,85.26633351,201.7969597,1
8557,85.26633351,201.7969597,1
8558,85.26633358,201.7969597,1
8559,85.26633358,201.7969597,1
8560,85.26633358,201.7969597,1
8561,85.26633358,201.7969597,1
8562,85.26633358,201.7969597,1
8563,85.26633358,201.7969597,1
8564,85.26633358,201.7969597,1
8565,85.26633358,201.7969597,1
8566,85.26633358,201.7969597,1
8567,85.26633358,201.7969597,1
8568,85.26633358,201.7969597,1
8569,85.26633358,201.7969597,1
8570,85.26633358,201.7969597,1
8571,85.26633358,201.7969597,1
8572,85.26633358,201.7969597,1
8573,85.26633358,201.7969597,1
8574,85.26633358,201.7969597,1
8575,85.26633358,201.7969597,1
8576,85.26633358,201.7969597,1
8577,85.26633358,201.7969597,1
8578,85.26633358,201.7969597,1
8579,85.26633358,201.7969597,1
8580,85.26633358,204.6391704,1
8581,85.26633358,204.6391704,1
8582,85.26633358,204.6391704,1
8583,85.26633358,204.6391704,1
8584,85.26633358,204.6391704,1
8585,85.26633358,204.6391704,1
8586,85.26633358,204.6391704,1
8587,85.26633358,204.6391704,1
8588,85.26633358,204.6391704,1
8589,85.26633358,204.6391704,1
8590,85.26633358,204.6391704,1
8591,85.26633358,204.6391704,1
8592,85.26633358,204.6391704,1
8593,85.26633358,204.6391704,1
8594,85.26633358,204.6391704,1
8595,85.26633358,204.6391704,1
8596,85.26633358,204.6391704,1
8597,85.26633358,204.6391704,1
8598,85.26633358,204.6391704,1
8599,85.26633358,204.6391704,1
8600,85.26633358,204.6391704,1
8601,85.26633358,204.6391704,1
8602,85.26633358,204.6391704,1
8603,85.26633358,204.6391704,1
8604,85.26633358,204.6391704,1
8605,85.26633358,204.6391704,1
8606,85.26633358,204.6391704,1
8607,85.26633358,204.6391704,1
8608,85.26633358,204.6391704,1
8609,85.26633358,204.6391704,1
8610,85.26633358,204.6391704,1
8611,85.26633358,204.6391704,1
8612,85.26633358,204.6391704,1
8613,85.26633358,204.6391704,1
8614,85.26633358,204.6391704,1
8615,85.26633358,204.6391704,1
8616,85.26633358,204.6391704,1
8617,85.26633358,204.6391704,1
8618,85.26633358,204.6391704,1
8619,85.26633358,204.6391704,1
8620,85.26633358,204.6391704,1
8621,85.26633358,204.6391704,1
8622,85.26633358,204.6391704,1
8623,85.26633358,204.6391704,1
8624,85.26633358,204.6391704,1
8625,85.26633358,204.6391704,1
8626,85.26633358,204.6391704,1
8627,85.26633358,204.6391704,1
8628,85.26633358,204.6391704,1
8629,85.26633358,204.6391704,1
8630,85.26633358,201.7969597,1
8631,85.26633358,201.7969597,1
8632,85.26633358,201.7969597,1
8633,85.26633358,201.7969597,1
8634,85.26633358,204.6391704,1
8635,85.26633358,204.6391704,1
8636,85.26633358,204.6391704,1
8637,85.26633358,204.6391704,1
8638,85.26633358,204.6391704,1
8639,85.26633358,204.6391704,1
8640,85.26633358,204.6391704,1
8641,85.26633358,204.6391704,1
8642,85.26633358,204.6391704,1
8643,85.26633358,204.6391704,1
8644,85.26633358,204.6391704,1
8645,85.26633358,204.6391704,1
8646,85.26633358,204.6391704,1
8647,85.26633358,204.6391704,1
8648,85.26633358,204.6391704,1
8649,85.26633358,204.6391704,1
8650,85.26633358,204.6391704,1
8651,85.26633358,204.6391704,1
8652,85.26633358,204.6391704,1
8653,85.26633358,204.6391704,1
8654,85.26633358,204.6391704,1
8655,85.26633358,204.6391704,1
8656,85.26633358,204.6391704,1
8657,85.26633358,204.6391704,1
8658,85.26633358,204.6391704,1
8659,85.26633358,204.6391704,1
8660,85.26633358,204.6391704,1
8661,85.26633358,204.6391704,1
8662,85.26633358,204.6391704,1
8663,85.26633358,204.6391704,1
8664,85.26633358,204.6391704,1
8665,85.26633358,204.6391704,1
8666,85.26633358,204.6391704,1
8667,85.26633358,204.6391704,1
8668,85.26633358,204.6391704,1
8669,85.26633358,204.6391704,1
8670,85.26633358,204.6391704,1
8671,85.26633358,204.6391704,1
8672,85.26633358,204.6391704,1
8673,85.26633358,204.6391704,1
8674,85.26633358,204.6391704,1
8675,85.26633358,204.6391704,1
8676,85.26633358,204.6391704,1
8677,85.26633358,204.6391704,1
8678,85.26633358,204.6391704,1
8679,85.26633358,204.6391704,1
8680,85.26633351,204.6391704,1
8681,85.26633351,204.6391704,1
8682,85.26633351,204.6391704,1
8683,85.26633351,204.6391704,1
8684,82.42412246,201.7969597,1
8685,82.42412246,201.7969597,1
8686,82.42412246,201.7969597,1
8687,82.42412246,201.7969597,1
8688,82.42412246,201.7969597,1
8689,82.42412246,201.7969597,1
8690,82.42412246,201.7969597,1
8691,82.42412246,201.7969597,1
8692,82.42412246,201.7969597,1
8693,82.42412246,201.7969597,1
8694,82.42412246,201.7969597,1
8695,82.42412246,201.7969597,1
8696,82.42412246,201.7969597,1
8697,82.42412246,201.7969597,1
8698,82.42412246,201.7969597,1
8699,82.42412246,201.7969597,1
8700,82.42412246,201.7969597,1
8701,82.42412246,201.7969597,1
8702,82.42412246,201.7969597,1
8703,82.42412246,201.7969597,1
8704,82.42412246,201.7969597,1
8705,82.42412246,201.7969597,1
8706,82.42412246,201.7969597,1
8707,82.42412246,201.7969597,1
8708,82.42412246,201.7969597,1
8709,85.26633344,201.7969597,1
8710,85.26633344,201.7969597,1
8711,85.26633344,201.7969597,1
8712,85.26633344,201.7969597,1
8713,85.26633351,201.7969597,1
8714,85.26633351,201.7969597,1
8715,85.26633358,201.7969597,1
8716,85.26633358,201.7969597,1
8717,85.26633358,201.7969597,1
8718,85.26633358,201.7969597,1
8719,85.26633358,201.7969597,1
8720,85.26633358,201.7969597,1
8721,85.26633358,201.7969597,1
8722,85.26633358,201.7969597,1
8723,85.26633358,201.7969597,1
8724,85.26633358,201.7969597,1
8725,85.26633358,204.6391704,1
8726,85.26633358,204.6391704,1
8727,85.26633358,204.6391704,1
8728,85.26633358,204.6391704,1
8729,85.26633358,204.6391704,1
8730,85.26633358,204.6391704,1
8731,85.26633358,204.6391704,1
8732,85.26633358,204.6391704,1
8733,85.26633358,204.6391704,1
8734,85.26633358,204.6391704,1
8735,85.26633358,204.6391704,1
8736,85.26633358,204.6391704,1
8737,85.26633358,204.6391704,1
8738,85.26633358,204.6391704,1
8739,85.26633358,204.6391704,1
8740,85.26633358,204.6391704,1
8741,85.26633358,204.6391704,1
8742,85.26633358,204.6391704,1
8743,85.26633358,204.6391704,1
8744,85.26633358,204.6391704,1
8745,85.26633358,204.6391704,1
8746,85.26633358,204.6391704,1
8747,85.26633358,204.6391704,1
8748,85.26633358,204.6391704,1
8749,85.26633358,204.6391704,1
8750,85.26633358,204.6391704,1
8751,85.26633358,204.6391704,1
8752,85.26633358,204.6391704,1
8753,85.26633358,204.6391704,1
8754,85.26633358,204.6391704,1
8755,85.26633358,204.6391704,1
8756,85.26633358,204.6391704,1
8757,85.26633358,204.6391704,1
8758,85.26633358,204.6391704,1
8759,85.26633358,204.6391704,1
8760,85.26633358,204.6391704,1
8761,85.26633358,204.6391704,1
8762,85.26633358,204.6391704,1
8763,85.26633358,204.6391704,1
8764,85.26633358,204.6391704,1
8765,85.26633351,204.6391704,1
8766,85.26633351,204.6391704,1
8767,85.26633351,204.6391704,1
8768,85.26633351,204.6391704,1
8769,85.26633351,204.6391704,1
8770,85.26633351,204.6391704,1
8771,85.26633351,204.6391704,1
8772,85.26633351,204.6391704,1
8773,85.26633351,204.6391704,1
8774,85.26633351,204.6391704,1
8775,85.26633351,204.6391704,1
8776,85.26633351,204.6391704,1
8777,85.26633351,204.6391704,1
8778,85.26633351,204.6391704,1
8779,85.26633351,204.6391704,1
8780,85.26633351,204.6391704,1
8781,85.26633351,204.6391704,1
8782,85.26633351,204.6391704,1
8783,85.26633351,204.6391704,1
8784,85.26633351,204.6391704,1
8785,85.26633351,204.6391704,1
8786,85.26633351,204.6391704,1
8787,85.26633351,204.6391704,1
8788,85.26633351,204.6391704,1
8789,85.26633351,204.6391704,1
8790,85.26633351,204.6391704,1
8791,85.26633351,204.6391704,1
8792,85.26633351,204.6391704,1
8793,85.26633351,204.6391704,1
8794,85.26633351,204.6391704,1
8795,85.26633351,204.6391704,1
8796,85.26633351,204.6391704,1
8797,85.26633351,204.6391704,1
8798,85.26633351,201.7969597,1
8799,85.26633351,201.7969597,1
8800,85.26633351,201.7969597,1
8801,85.26633351,201.7969597,1
8802,85.26633351,201.7969597,1
8803,85.26633351,201.7969597,1
8804,85.26633351,201.7969597,1
8805,85.26633351,201.7969597,1
8806,85.26633351,201.7969597,1
8807,85.26633351,201.7969597,1
8808,85.26633351,201.7969597,1
8809,85.26633351,204.6391704,1
8810,85.26633351,204.6391704,1
8811,85.26633351,204.6391704,1
8812,85.26633351,204.6391704,1
8813,85.26633351,204.6391704,1
8814,85.26633351,204.6391704,1
8815,85.26633351,204.6391704,1
8816,85.26633351,204.6391704,1
8817,85.26633351,204.6391704,1
8818,85.26633351,204.6391704,1
8819,85.26633344,204.6391704,1
8820,85.26633344,204.6391704,1
8821,85.26633344,204.6391704,1
8822,85.26633344,204.6391704,1
8823,85.26633344,204.6391704,1
8824,85.26633344,204.6391704,1
8825,85.26633344,204.6391704,1
8826,85.26633344,204.6391704,1
8827,85.26633344,204.6391704,1
8828,85.26633344,204.6391704,1
8829,85.26633344,204.6391704,1
8830,85.26633344,204.6391704,1
8831,85.26633344,204.6391704,1
8832,85.26633344,204.6391704,1
8833,85.26633344,204.6391704,1
8834,85.26633344,204.6391704,1
8835,85.26633344,204.6391704,1
8836,85.26633344,204.6391704,1
8837,85.26633344,204.6391704,1
8838,85.26633344,204.6391704,1
8839,85.26633344,204.6391704,1
8840,85.26633344,204.6391704,1
8841,85.26633344,204.6391704,1
8842,85.26633351,204.6391704,1
8843,85.26633358,204.6391704,1
8844,85.26633358,204.6391704,1
8845,85.26633358,204.6391704,1
8846,85.26633358,204.6391704,1
8847,85.26633358,204.6391704,1
8848,85.26633358,204.6391704,1
8849,85.26633358,204.6391704,1
8850,85.26633358,204.6391704,1
8851,85.26633358,204.6391704,1
8852,85.26633358,204.6391704,1
8853,85.26633358,204.6391704,1
8854,85.26633358,204.6391704,1
8855,85.26633358,204.6391704,1
8856,85.26633358,204.6391704,1
8857,85.26633358,204.6391704,1
8858,85.26633358,204.6391704,1
8859,85.26633358,204.6391704,1
8860,85.26633358,204.6391704,1
8861,85.26633358,204.6391704,1
8862,85.26633358,204.6391704,1
8863,85.26633358,204.6391704,1
8864,85.26633358,204.6391704,1
8865,85.26633358,204.6391704,1
8866,85.26633358,201.7969597,1
8867,85.26633358,201.7969597,1
8868,85.26633358,201.7969597,1
8869,85.26633358,201.7969597,1
8870,85.26633358,201.7969597,1
8871,85.26633358,198.954749,1
8872,85.26633358,201.7969597,1
8873,85.26633358,201.7969597,1
8874,85.26633358,201.7969597,1
8875,85.26633358,201.7969597,1
8876,85.26633358,201.7969597,1
8877,85.26633358,201.7969597,1
8878,85.26633358,201.7969597,1
8879,85.26633358,201.7969597,1
8880,85.26633358,201.7969597,1
8881,85.26633358,201.7969597,1
8882,85.26633358,204.6391704,1
8883,85.26633358,204.6391704,1
8884,85.26633358,204.6391704,1
8885,85.26633358,204.6391704,1
8886,85.26633358,204.6391704,1
8887,85.26633358,204.6391704,1
8888,85.26633358,204.6391704,1
8889,85.26633358,204.6391704,1
8890,85.26633358,204.6391704,1
8891,85.26633358,204.6391704,1
8892,85.26633358,204.6391704,1
8893,85.26633344,204.6391704,1
8894,85.26633344,204.6391704,1
8895,85.26633344,204.6391704,1
8896,85.26633344,204.6391704,1
8897,85.26633344,204.6391704,1
8898,85.26633344,204.6391704,1
8899,85.26633344,204.6391704,1
8900,85.26633344,204.6391704,1
8901,85.26633344,204.6391704,1
8902,85.26633344,204.6391704,1
8903,85.26633344,204.6391704,1
8904,85.26633344,204.6391704,1
8905,85.26633344,204.6391704,1
8906,85.26633344,204.6391704,1
8907,85.26633344,204.6391704,1
8908,85.26633344,204.6391704,1
8909,85.26633344,204.6391704,1
8910,85.26633344,204.6391704,1
8911,85.26633344,204.6391704,1
8912,85.26633344,204.6391704,1
8913,85.26633344,204.6391704,1
8914,85.26633344,204.6391704,1
8915,85.26633344,204.6391704,1
8916,85.26633344,204.6391704,1
8917,85.26633344,204.6391704,1
8918,85.26633344,204.6391704,1
8919,85.26633344,204.6391704,1
8920,85.26633344,204.6391704,1
8921,85.26633344,204.6391704,1
8922,85.26633344,204.6391704,1
8923,85.26633344,204.6391704,1
8924,85.26633344,204.6391704,1
8925,85.26633344,204.6391704,1
8926,85.26633344,204.6391704,1
8927,85.26633344,204.6391704,1
8928,85.26633344,204.6391704,1
8929,85.26633344,204.6391704,1
8930,82.42412246,204.6391704,1
8931,82.42412246,204.6391704,1
8932,82.42412246,204.6391704,1
8933,82.42412246,204.6391704,1
8934,82.42412246,204.6391704,1
8935,82.42412246,204.6391704,1
8936,82.42412246,204.6391704,1
8937,82.42412246,204.6391704,1
8938,85.26633358,204.6391704,1
8939,85.26633358,204.6391704,1
8940,85.26633358,204.6391704,1
8941,88.10854464,204.6391704,1
8942,88.10854464,204.6391704,1
8943,88.10854464,204.6391704,1
8944,88.10854464,204.6391704,1
8945,88.10854464,204.6391704,1
8946,88.10854464,204.6391704,1
8947,88.10854464,204.6391704,1
8948,88.10854464,204.6391704,1
8949,88.10854464,201.7969597,1
8950,88.10854464,201.7969597,1
8951,88.10854464,201.7969597,1
8952,88.10854464,201.7969597,1
8953,88.10854464,201.7969597,1
8954,88.10854464,201.7969597,1
8955,88.10854464,201.7969597,1
8956,88.10854464,201.7969597,1
8957,88.10854464,201.7969597,1
8958,88.10854464,201.7969597,1
8959,88.10854464,201.7969597,1
8960,88.10854464,201.7969597,1
8961,88.10854464,201.7969597,1
8962,88.10854464,201.7969597,1
8963,88.10854464,201.7969597,1
8964,88.10854464,201.7969597,1
8965,88.10854464,201.7969597,1
8966,88.10854464,201.7969597,1
8967,88.10854464,201.7969597,1
8968,88.10854464,201.7969597,1
8969,88.10854464,201.7969597,1
8970,88.10854464,201.7969597,1
8971,88.10854464,201.7969597,1
8972,88.10854464,201.7969597,1
8973,88.10854464,201.7969597,1
8974,88.10854464,201.7969597,1
8975,88.10854464,201.7969597,1
8976,88.10854464,201.7969597,1
8977,88.10854464,201.7969597,1
8978,88.10854464,201.7969597,1
8979,88.10854464,201.7969597,1
8980,88.10854464,201.7969597,1
8981,88.10854464,201.7969597,1
8982,88.10854464,201.7969597,1
8983,88.10854464,201.7969597,1
8984,88.10854464,201.7969597,1
8985,88.10854464,201.7969597,1
8986,88.10854464,201.7969597,1
8987,88.10854464,201.7969597,1
8988,88.10854464,201.7969597,1
8989,88.10854464,201.7969597,1
8990,88.10854464,201.7969597,1
8991,85.26633358,201.7969597,1
8992,85.26633358,201.7969597,1
8993,85.26633358,201.7969597,1
8994,85.26633358,201.7969597,1
8995,85.26633358,201.7969597,1
8996,85.26633358,201.7969597,1
8997,85.26633358,201.7969597,1
8998,85.26633358,201.7969597,1
8999,85.26633358,201.7969597,1
9000,85.26633358,201.7969597,1
9001,85.26633358,201.7969597,1
9002,85.26633358,201.7969597,1
9003,85.26633358,201.7969597,1
9004,85.26633358,201.7969597,1
9005,85.26633358,201.7969597,1
9006,85.26633358,201.7969597,1
9007,85.26633358,201.7969597,1
9008,85.26633358,201.7969597,1
9009,85.26633358,201.7969597,1
9010,85.26633358,201.7969597,1
9011,85.26633358,201.7969597,1
9012,85.26633358,201.7969597,1
9013,85.26633358,201.7969597,1
9014,85.26633358,201.7969597,1
9015,85.26633358,201.7969597,1
9016,85.26633358,201.7969597,1
9017,85.26633358,201.7969597,1
9018,85.26633358,201.7969597,1
9019,85.26633358,201.7969597,1
9020,85.26633358,201.7969597,1
9021,85.26633358,201.7969597,1
9022,85.26633358,201.7969597,1
9023,85.26633358,201.7969597,1
9024,85.26633358,201.7969597,1
9025,85.26633358,201.7969597,1
9026,85.26633358,201.7969597,1
9027,85.26633358,201.7969597,1
9028,85.26633358,201.7969597,1
9029,85.26633358,201.7969597,1
9030,85.26633358,201.7969597,1
9031,85.26633358,201.7969597,1
9032,85.26633358,201.7969597,1
9033,85.26633358,201.7969597,1
9034,85.26633358,204.6391704,1
9035,85.26633358,204.6391704,1
9036,85.26633344,204.6391704,1
9037,85.26633344,204.6391704,1
9038,85.26633344,204.6391704,1
9039,85.26633344,204.6391704,1
9040,85.26633344,204.6391704,1
9041,85.26633344,204.6391704,1
9042,85.26633344,204.6391704,1
9043,85.26633344,204.6391704,1
9044,85.26633344,204.6391704,1
9045,85.26633344,204.6391704,1
9046,85.26633344,204.6391704,1
9047,85.26633344,204.6391704,1
9048,85.26633344,204.6391704,1
9049,85.26633344,204.6391704,1
9050,85.26633344,204.6391704,1
9051,85.26633344,204.6391704,1
9052,85.26633344,204.6391704,1
9053,85.26633344,204.6391704,1
9054,85.26633344,204.6391704,1
9055,85.26633344,204.6391704,1
9056,85.26633344,204.6391704,1
9057,85.26633344,204.6391704,1
9058,85.26633344,204.6391704,1
9059,85.26633344,204.6391704,1
9060,85.26633344,204.6391704,1
9061,85.26633344,204.6391704,1
9062,85.26633344,204.6391704,1
9063,85.26633344,204.6391704,1
9064,85.26633344,204.6391704,1
9065,85.26633344,204.6391704,1
9066,85.26633344,204.6391704,1
9067,85.26633344,204.6391704,1
9068,85.26633344,204.6391704,1
9069,85.26633344,204.6391704,1
9070,85.26633344,204.6391704,1
9071,85.26633344,204.6391704,1
9072,85.26633344,204.6391704,1
9073,85.26633344,204.6391704,1
9074,85.26633344,204.6391704,1
9075,85.26633344,204.6391704,1
9076,85.26633344,204.6391704,1
9077,85.26633344,204.6391704,1
9078,85.26633344,204.6391704,1
9079,85.26633344,204.6391704,1
9080,85.26633344,204.6391704,1
9081,85.26633344,204.6391704,1
9082,85.26633344,204.6391704,1
9083,85.26633344,204.6391704,1
9084,82.42412246,204.6391704,1
9085,82.42412246,204.6391704,1
9086,82.42412246,204.6391704,1
9087,82.42412246,204.6391704,1
9088,82.42412246,204.6391704,1
9089,82.42412246,204.6391704,1
9090,82.42412246,204.6391704,1
9091,82.42412246,204.6391704,1
9092,82.42412246,204.6391704,1
9093,82.42412246,204.6391704,1
9094,82.42412246,204.6391704,1
9095,82.42412246,204.6391704,1
9096,85.26633344,204.6391704,1
9097,85.26633344,204.6391704,1
9098,85.26633344,204.6391704,1
9099,85.26633344,204.6391704,1
9100,85.26633344,204.6391704,1
9101,85.26633344,204.6391704,1
9102,85.26633344,204.6391704,1
9103,85.26633344,204.6391704,1
9104,85.26633344,204.6391704,1
9105,85.26633344,201.7969597,1
9106,85.26633344,201.7969597,1
9107,85.26633344,201.7969597,1
9108,85.26633344,201.7969597,1
9109,85.26633344,201.7969597,1
9110,85.26633344,201.7969597,1
9111,85.26633344,201.7969597,1
9112,85.26633344,201.7969597,1
9113,85.26633344,201.7969597,1
9114,85.26633344,201.7969597,1
9115,85.26633351,201.7969597,1
9116,85.26633351,201.7969597,1
9117,85.26633351,201.7969597,1
9118,85.26633351,201.7969597,1
9119,85.26633351,201.7969597,1
9120,85.26633351,201.7969597,1
9121,85.26633351,201.7969597,1
9122,85.26633351,201.7969597,1
9123,85.26633351,201.7969597,1
9124,85.26633351,201.7969597,1
9125,85.26633351,201.7969597,1
9126,85.26633351,201.7969597,1
9127,85.26633351,201.7969597,1
9128,85.26633351,201.7969597,1
9129,85.26633351,201.7969597,1
9130,85.26633351,201.7969597,1
9131,85.26633351,201.7969597,1
9132,85.26633351,201.7969597,1
9133,88.10854471,201.7969597,1
9134,88.10854471,201.7969597,1
9135,88.10854471,201.7969597,1
9136,88.10854471,201.7969597,1
9137,88.10854471,201.7969597,1
9138,88.10854471,201.7969597,1
9139,88.10854471,201.7969597,1
9140,88.10854471,201.7969597,1
9141,88.10854471,201.7969597,1
9142,88.10854471,201.7969597,1
9143,88.10854471,201.7969597,1
9144,88.10854471,201.7969597,1
9145,88.10854471,201.7969597,1
9146,88.10854471,201.7969597,1
9147,88.10854471,201.7969597,1
9148,88.10854471,201.7969597,1
9149,88.10854471,201.7969597,1
9150,88.10854471,201.7969597,1
9151,88.10854471,201.7969597,1
9152,88.10854471,201.7969597,1
9153,88.10854471,201.7969597,1
9154,88.10854471,201.7969597,1
9155,88.10854471,201.7969597,1
9156,88.10854471,201.7969597,1
9157,88.10854471,201.7969597,1
9158,88.10854471,201.7969597,1
9159,88.10854471,201.7969597,1
9160,88.10854471,201.7969597,1
9161,88.10854471,201.7969597,1
9162,88.10854471,201.7969597,1
9163,88.10854471,201.7969597,1
9164,88.10854471,201.7969597,1
9165,88.10854471,201.7969597,1
9166,88.10854471,201.7969597,1
9167,88.10854471,201.7969597,1
9168,88.10854471,201.7969597,1
9169,88.10854471,201.7969597,1
9170,88.10854471,201.7969597,1
9171,88.10854471,201.7969597,1
9172,88.10854471,201.7969597,1
9173,88.10854471,201.7969597,1
9174,88.10854471,201.7969597,1
9175,88.10854471,201.7969597,1
9176,88.10854471,201.7969597,1
9177,88.10854471,201.7969597,1
9178,88.10854471,201.7969597,1
9179,88.10854471,201.7969597,1
9180,88.10854471,201.7969597,1
9181,88.10854471,201.7969597,1
9182,88.10854471,201.7969597,1
9183,85.26633344,201.7969597,1
9184,85.26633344,201.7969597,1
9185,85.26633344,201.7969597,1
9186,85.26633344,201.7969597,1
9187,85.26633344,201.7969597,1
9188,85.26633344,201.7969597,1
9189,85.26633344,201.7969597,1
9190,85.26633344,201.7969597,1
9191,85.26633344,201.7969597,1
9192,85.26633344,201.7969597,1
9193,85.26633344,201.7969597,1
9194,85.26633344,201.7969597,1
9195,82.42412239,201.7969597,1
9196,82.42412239,201.7969597,1
9197,82.42412232,201.7969597,1
9198,82.42412232,201.7969597,1
9199,82.42412232,201.7969597,1
9200,82.42412232,201.7969597,1
9201,82.42412232,201.7969597,1
9202,82.42412232,201.7969597,1
9203,82.42412239,201.7969597,1
9204,82.42412239,201.7969597,1
9205,82.42412239,201.7969597,1
9206,82.42412239,201.7969597,1
9207,82.42412239,201.7969597,1
9208,82.42412239,201.7969597,1
9209,82.42412239,201.7969597,1
9210,82.42412239,201.7969597,1
9211,82.42412239,201.7969597,1
9212,82.42412239,201.7969597,1
9213,82.42412239,201.7969597,1
9214,82.42412239,201.7969597,1
9215,82.42412239,201.7969597,1
9216,82.42412239,201.7969597,1
9217,82.42412239,201.7969597,1
9218,82.42412239,201.7969597,1
9219,82.42412239,201.7969597,1
9220,82.42412239,201.7969597,1
9221,82.42412239,201.7969597,1
9222,82.42412239,201.7969597,1
9223,82.42412239,201.7969597,1
9224,85.26633351,201.7969597,1
9225,85.26633351,201.7969597,1
9226,85.26633351,201.7969597,1
9227,85.26633351,201.7969597,1
9228,85.26633351,201.7969597,1
9229,85.26633351,201.7969597,1
9230,85.26633351,201.7969597,1
9231,85.26633351,201.7969597,1
9232,85.26633351,201.7969597,1
9233,85.26633351,201.7969597,1
9234,85.26633351,201.7969597,1
9235,85.26633351,201.7969597,1
9236,85.26633351,201.7969597,1
9237,85.26633351,201.7969597,1
9238,85.26633351,201.7969597,1
9239,85.26633351,201.7969597,1
9240,85.26633351,201.7969597,1
9241,85.26633351,201.7969597,1
9242,85.26633351,201.7969597,1
9243,88.10854471,201.7969597,1
9244,88.10854471,204.6391704,1
9245,88.10854471,204.6391704,1
9246,88.10854471,204.6391704,1
9247,88.10854471,204.6391704,1
9248,88.10854471,204.6391704,1
9249,88.10854471,204.6391704,1
9250,88.10854471,204.6391704,1
9251,88.10854471,204.6391704,1
9252,88.10854471,204.6391704,1
9253,88.10854471,204.6391704,1
9254,88.10854471,204.6391704,1
9255,88.10854471,204.6391704,1
9256,88.10854471,204.6391704,1
9257,88.10854471,204.6391704,1
9258,88.10854471,204.6391704,1
9259,88.10854471,204.6391704,1
9260,88.10854471,204.6391704,1
9261,88.10854471,204.6391704,1
9262,88.10854471,204.6391704,1
9263,88.10854471,204.6391704,1
9264,88.10854471,204.6391704,1
9265,88.10854471,204.6391704,1
9266,88.10854471,204.6391704,1
9267,88.10854471,204.6391704,1
9268,88.10854471,204.6391704,1
9269,88.10854471,204.6391704,1
9270,88.10854471,204.6391704,1
9271,88.10854471,204.6391704,1
9272,88.10854471,204.6391704,1
9273,88.10854471,204.6391704,1
9274,88.10854471,204.6391704,1
9275,88.10854471,204.6391704,1
9276,88.10854471,204.6391704,1
9277,88.10854471,204.6391704,1
9278,88.10854471,204.6391704,1
9279,88.10854471,204.6391704,1
9280,88.10854471,204.6391704,1
9281,88.10854471,204.6391704,1
9282,88.10854471,204.6391704,1
9283,88.10854471,204.6391704,1
9284,88.10854471,204.6391704,1
9285,88.10854471,204.6391704,1
9286,88.10854471,204.6391704,1
9287,88.10854471,204.6391704,1
9288,88.10854471,204.6391704,1
9289,88.10854471,204.6391704,1
9290,88.10854471,204.6391704,1
9291,88.10854471,204.6391704,1
9292,88.10854471,204.6391704,1
9293,85.26633358,204.6391704,1
9294,85.26633358,201.7969597,1
9295,85.26633358,201.7969597,1
9296,85.26633358,201.7969597,1
9297,85.26633358,201.7969597,1
9298,85.26633358,201.7969597,1
9299,85.26633358,201.7969597,1
9300,85.26633358,201.7969597,1
9301,85.26633344,201.7969597,1
9302,85.26633344,201.7969597,1
9303,85.26633344,201.7969597,1
9304,85.26633344,201.7969597,1
9305,85.26633344,201.7969597,1
9306,85.26633344,201.7969597,1
9307,85.26633344,201.7969597,1
9308,85.26633344,201.7969597,1
9309,85.26633344,201.7969597,1
9310,85.26633344,201.7969597,1
9311,85.26633344,201.7969597,1
9312,85.26633344,204.6391704,1
9313,85.26633344,204.6391704,1
9314,85.26633344,204.6391704,1
9315,85.26633344,204.6391704,1
9316,85.26633344,204.6391704,1
9317,85.26633344,204.6391704,1
9318,85.26633344,204.6391704,1
9319,85.26633344,204.6391704,1
9320,85.26633344,204.6391704,1
9321,85.26633344,204.6391704,1
9322,85.26633344,204.6391704,1
9323,85.26633344,204.6391704,1
9324,85.26633344,204.6391704,1
9325,85.26633344,204.6391704,1
9326,85.26633344,204.6391704,1
9327,85.26633344,204.6391704,1
9328,85.26633344,204.6391704,1
9329,85.26633344,204.6391704,1
9330,85.26633344,204.6391704,1
9331,85.26633344,204.6391704,1
9332,85.26633344,204.6391704,1
9333,85.26633344,204.6391704,1
9334,85.26633344,204.6391704,1
9335,85.26633344,204.6391704,1
9336,85.26633344,204.6391704,1
9337,85.26633344,204.6391704,1
9338,85.26633344,204.6391704,1
9339,85.26633344,204.6391704,1
9340,85.26633344,204.6391704,1
9341,85.26633344,204.6391704,1
9342,85.26633344,204.6391704,1
9343,85.26633344,204.6391704,1
9344,85.26633344,204.6391704,1
9345,85.26633344,204.6391704,1
9346,85.26633344,204.6391704,1
9347,85.26633344,204.6391704,1
9348,85.26633344,204.6391704,1
9349,85.26633344,204.6391704,1
9350,85.26633344,204.6391704,1
9351,85.26633351,204.6391704,1
9352,85.26633351,204.6391704,1
9353,85.26633358,204.6391704,1
9354,85.26633358,204.6391704,1
9355,85.26633358,204.6391704,1
9356,85.26633358,204.6391704,1
9357,85.26633358,204.6391704,1
9358,85.26633358,204.6391704,1
9359,85.26633358,204.6391704,1
9360,85.26633358,204.6391704,1
9361,85.26633358,204.6391704,1
9362,85.26633358,201.7969597,1
9363,85.26633358,201.7969597,1
9364,85.26633358,201.7969597,1
9365,85.26633358,201.7969597,1
9366,85.26633358,201.7969597,1
9367,85.26633358,201.7969597,1
9368,85.26633358,201.7969597,1
9369,85.26633358,201.7969597,1
9370,85.26633358,201.7969597,1
9371,85.26633358,201.7969597,1
9372,85.26633358,201.7969597,1
9373,85.26633358,201.7969597,1
9374,85.26633358,201.7969597,1
9375,85.26633358,201.7969597,1
9376,85.26633358,201.7969597,1
9377,85.26633358,201.7969597,1
9378,85.26633358,201.7969597,1
9379,85.26633358,201.7969597,1
9380,85.26633358,201.7969597,1
9381,85.26633358,201.7969597,1
9382,85.26633358,201.7969597,1
9383,85.26633358,201.7969597,1
9384,85.26633358,201.7969597,1
9385,85.26633358,201.7969597,1
9386,85.26633358,201.7969597,1
9387,85.26633358,201.7969597,1
9388,85.26633358,201.7969597,1
9389,85.26633358,201.7969597,1
9390,85.26633358,201.7969597,1
9391,85.26633358,201.7969597,1
9392,85.26633358,201.7969597,1
9393,85.26633358,201.7969597,1
9394,85.26633358,201.7969597,1
9395,85.26633358,201.7969597,1
9396,85.26633358,201.7969597,1
9397,85.26633358,201.7969597,1
9398,85.26633358,201.7969597,1
9399,85.26633358,201.7969597,1
9400,85.26633358,201.7969597,1
9401,85.26633358,201.7969597,1
9402,85.26633358,201.7969597,1
9403,85.26633351,201.7969597,1
9404,85.26633351,201.7969597,1
9405,85.26633351,201.7969597,1
9406,85.26633351,201.7969597,1
9407,85.26633351,201.7969597,1
9408,85.26633351,201.7969597,1
9409,85.26633351,201.7969597,1
9410,85.26633351,201.7969597,1
9411,85.26633351,201.7969597,1
9412,85.26633351,201.7969597,1
9413,85.26633351,201.7969597,1
9414,85.26633351,201.7969597,1
9415,85.26633351,201.7969597,1
9416,85.26633351,201.7969597,1
9417,85.26633351,201.7969597,1
9418,85.26633351,201.7969597,1
9419,85.26633351,201.7969597,1
9420,85.26633351,201.7969597,1
9421,85.26633351,201.7969597,1
9422,85.26633351,201.7969597,1
9423,85.26633351,201.7969597,1
9424,85.26633351,201.7969597,1
9425,85.26633351,201.7969597,1
9426,85.26633351,201.7969597,1
9427,85.26633351,201.7969597,1
9428,85.26633351,201.7969597,1
9429,85.26633351,201.7969597,1
9430,85.26633351,201.7969597,1
9431,85.26633351,201.7969597,1
9432,85.26633351,201.7969597,1
9433,85.26633351,201.7969597,1
9434,85.26633351,201.7969597,1
9435,85.26633351,201.7969597,1
9436,85.26633351,201.7969597,1
9437,85.26633351,201.7969597,1
9438,85.26633351,201.7969597,1
9439,85.26633351,201.7969597,1
9440,85.26633351,201.7969597,1
9441,85.26633351,201.7969597,1
9442,85.26633351,201.7969597,1
9443,85.26633351,201.7969597,1
9444,85.26633351,201.7969597,1
9445,85.26633351,201.7969597,1
9446,85.26633351,201.7969597,1
9447,85.26633351,201.7969597,1
9448,85.26633351,201.7969597,1
9449,85.26633351,201.7969597,1
9450,85.26633351,201.7969597,1
9451,85.26633351,201.7969597,1
9452,85.26633351,201.7969597,1
9453,85.26633351,201.7969597,1
9454,85.26633351,201.7969597,1
9455,85.26633351,201.7969597,1
9456,85.26633351,201.7969597,1
9457,85.26633351,201.7969597,1
9458,85.26633351,201.7969597,1
9459,85.26633351,201.7969597,1
9460,85.26633351,201.7969597,1
9461,85.26633351,201.7969597,1
9462,85.26633351,201.7969597,1
9463,85.26633351,201.7969597,1
9464,85.26633351,201.7969597,1
9465,85.26633351,201.7969597,1
9466,85.26633351,201.7969597,1
9467,85.26633351,201.7969597,1
9468,85.26633351,201.7969597,1
9469,85.26633351,201.7969597,1
9470,85.26633351,201.7969597,1
9471,85.26633351,201.7969597,1
9472,85.26633351,201.7969597,1
9473,85.26633351,201.7969597,1
9474,85.26633351,201.7969597,1
9475,85.26633351,201.7969597,1
9476,85.26633351,201.7969597,1
9477,85.26633351,201.7969597,1
9478,85.26633351,201.7969597,1
9479,85.26633351,201.7969597,1
9480,85.26633351,201.7969597,1
9481,82.42412232,201.7969597,1
9482,82.42412232,201.7969597,1
9483,82.42412232,201.7969597,1
9484,82.42412232,201.7969597,1
9485,82.42412232,201.7969597,1
9486,82.42412232,201.7969597,1
9487,82.42412232,201.7969597,1
9488,85.26633351,201.7969597,1
9489,85.26633358,201.7969597,1
9490,85.26633358,201.7969597,1
9491,85.26633358,201.7969597,1
9492,85.26633358,201.7969597,1
9493,85.26633358,201.7969597,1
9494,85.26633358,201.7969597,1
9495,85.26633358,201.7969597,1
9496,85.26633358,201.7969597,1
9497,85.26633358,201.7969597,1
9498,85.26633358,201.7969597,1
9499,85.26633358,201.7969597,1
9500,85.26633358,201.7969597,1
9501,85.26633358,201.7969597,1
9502,88.10854457,201.7969597,1
9503,88.10854457,201.7969597,1
9504,88.10854457,201.7969597,1
9505,88.10854457,204.6391704,1
9506,88.10854457,204.6391704,1
9507,88.10854457,204.6391704,1
9508,88.10854457,204.6391704,1
9509,88.10854457,204.6391704,1
9510,88.10854457,204.6391704,1
9511,88.10854457,204.6391704,1
9512,88.10854457,204.6391704,1
9513,88.10854457,204.6391704,1
9514,88.10854457,204.6391704,1
9515,88.10854457,204.6391704,1
9516,88.10854457,204.6391704,1
9517,88.10854457,204.6391704,1
9518,88.10854457,204.6391704,1
9519,88.10854457,204.6391704,1
9520,88.10854457,204.6391704,1
9521,88.10854457,204.6391704,1
9522,88.10854457,204.6391704,1
9523,88.10854457,204.6391704,1
9524,88.10854457,204.6391704,1
9525,88.10854457,204.6391704,1
9526,88.10854457,204.6391704,1
9527,88.10854457,204.6391704,1
9528,88.10854457,204.6391704,1
9529,88.10854457,204.6391704,1
9530,88.10854457,204.6391704,1
9531,88.10854457,204.6391704,1
9532,88.10854457,204.6391704,1
9533,88.10854457,204.6391704,1
9534,88.10854457,204.6391704,1
9535,88.10854457,204.6391704,1
9536,88.10854457,204.6391704,1
9537,88.10854457,204.6391704,1
9538,88.10854457,204.6391704,1
9539,88.10854457,204.6391704,1
9540,88.10854457,204.6391704,1
9541,88.10854457,204.6391704,1
9542,88.10854457,204.6391704,1
9543,88.10854457,204.6391704,1
9544,88.10854457,204.6391704,1
9545,88.10854457,204.6391704,1
9546,88.10854457,204.6391704,1
9547,88.10854457,204.6391704,1
9548,88.10854457,204.6391704,1
9549,88.10854457,204.6391704,1
9550,88.10854457,204.6391704,1
9551,88.10854457,204.6391704,1
9552,85.26633358,204.6391704,1
9553,85.26633358,204.6391704,1
9554,85.26633358,204.6391704,1
9555,85.26633358,201.7969597,1
9556,85.26633358,201.7969597,1
9557,85.26633358,201.7969597,1
9558,85.26633358,201.7969597,1
9559,85.26633358,201.7969597,1
9560,85.26633358,201.7969597,1
9561,85.26633358,201.7969597,1
9562,85.26633358,201.7969597,1
9563,85.26633358,201.7969597,1
9564,85.26633358,201.7969597,1
9565,85.26633358,201.7969597,1
9566,85.26633358,201.7969597,1
9567,85.26633358,201.7969597,1
9568,85.26633358,201.7969597,1
9569,85.26633358,201.7969597,1
9570,85.26633358,201.7969597,1
9571,85.26633358,201.7969597,1
9572,85.26633358,201.7969597,1
9573,85.26633358,201.7969597,1
9574,85.26633358,201.7969597,1
9575,85.26633358,201.7969597,1
9576,85.26633358,201.7969597,1
9577,85.26633358,201.7969597,1
9578,85.26633358,201.7969597,1
9579,85.26633358,201.7969597,1
9580,85.26633358,201.7969597,1
9581,82.42412232,201.7969597,1
9582,82.42412232,201.7969597,1
9583,82.42412246,201.7969597,1
9584,85.26633358,204.6391704,1
9585,85.26633358,204.6391704,1
9586,85.26633358,204.6391704,1
9587,85.26633358,204.6391704,1
9588,85.26633358,204.6391704,1
9589,85.26633358,204.6391704,1
9590,85.26633358,204.6391704,1
9591,85.26633358,204.6391704,1
9592,85.26633358,204.6391704,1
9593,85.26633358,204.6391704,1
9594,85.26633358,204.6391704,1
9595,85.26633358,204.6391704,1
9596,85.26633358,204.6391704,1
9597,85.26633358,204.6391704,1
9598,85.26633358,204.6391704,1
9599,85.26633358,204.6391704,1
9600,85.26633358,204.6391704,1
9601,85.26633358,204.6391704,1
9602,85.26633358,204.6391704,1
9603,85.26633358,204.6391704,1
9604,85.26633358,204.6391704,1
9605,85.26633358,204.6391704,1
9606,85.26633358,204.6391704,1
9607,85.26633358,204.6391704,1
9608,85.26633358,204.6391704,1
9609,85.26633358,204.6391704,1
9610,85.26633358,204.6391704,1
9611,85.26633358,204.6391704,1
9612,85.26633358,204.6391704,1
9613,85.26633358,204.6391704,1
9614,85.26633358,204.6391704,1
9615,85.26633358,204.6391704,1
9616,85.26633358,204.6391704,1
9617,85.26633358,204.6391704,1
9618,85.26633358,204.6391704,1
9619,85.26633358,204.6391704,1
9620,85.26633358,204.6391704,1
9621,85.26633358,204.6391704,1
9622,85.26633358,204.6391704,1
9623,85.26633358,204.6391704,1
9624,85.26633358,204.6391704,1
9625,85.26633358,204.6391704,1
9626,85.26633358,204.6391704,1
9627,85.26633358,204.6391704,1
9628,85.26633358,204.6391704,1
9629,85.26633358,204.6391704,1
9630,85.26633358,204.6391704,1
9631,85.26633358,204.6391704,1
9632,85.26633358,204.6391704,1
9633,88.10854457,204.6391704,1
9634,88.10854457,204.6391704,1
9635,88.10854457,204.6391704,1
9636,88.10854457,204.6391704,1
9637,88.10854457,204.6391704,1
9638,88.10854457,204.6391704,1
9639,88.10854457,204.6391704,1
9640,88.10854457,204.6391704,1
9641,88.10854457,204.6391704,1
9642,88.10854457,204.6391704,1
9643,88.10854457,204.6391704,1
9644,88.10854457,204.6391704,1
9645,88.10854457,204.6391704,1
9646,88.10854457,204.6391704,1
9647,88.10854457,204.6391704,1
9648,88.10854457,204.6391704,1
9649,88.10854457,204.6391704,1
9650,88.10854457,204.6391704,1
9651,88.10854457,204.6391704,1
9652,88.10854457,204.6391704,1
9653,88.10854457,204.6391704,1
9654,88.10854457,204.6391704,1
9655,88.10854457,204.6391704,1
9656,88.10854457,204.6391704,1
9657,88.10854457,204.6391704,1
9658,88.10854457,204.6391704,1
9659,88.10854457,204.6391704,1
9660,88.10854457,204.6391704,1
9661,88.10854457,204.6391704,1
9662,88.10854457,204.6391704,1
9663,88.10854457,204.6391704,1
9664,88.10854457,204.6391704,1
9665,88.10854457,201.7969597,1
9666,88.10854457,201.7969597,1
9667,88.10854457,201.7969597,1
9668,88.10854457,201.7969597,1
9669,88.10854457,201.7969597,1
9670,88.10854457,201.7969597,1
9671,88.10854457,201.7969597,1
9672,88.10854457,201.7969597,1
9673,88.10854457,201.7969597,1
9674,88.10854457,201.7969597,1
9675,88.10854457,201.7969597,1
9676,88.10854457,201.7969597,1
9677,88.10854457,201.7969597,1
9678,88.10854457,201.7969597,1
9679,88.10854457,201.7969597,1
9680,88.10854457,201.7969597,1
9681,88.10854457,201.7969597,1
9682,88.10854457,201.7969597,1
9683,85.26633358,201.7969597,1
9684,85.26633358,201.7969597,1
9685,85.26633358,201.7969597,1
9686,85.26633358,201.7969597,1
9687,85.26633358,201.7969597,1
9688,85.26633358,201.7969597,1
9689,85.26633358,201.7969597,1
9690,85.26633358,201.7969597,1
9691,85.26633358,201.7969597,1
9692,85.26633358,201.7969597,1
9693,85.26633358,201.7969597,1
9694,85.26633358,201.7969597,1
9695,85.26633358,201.7969597,1
9696,85.26633358,201.7969597,1
9697,85.26633358,201.7969597,1
9698,85.26633358,201.7969597,1
9699,85.26633351,201.7969597,1
9700,85.26633351,201.7969597,1
9701,85.26633351,201.7969597,1
9702,85.26633351,201.7969597,1
9703,85.26633351,201.7969597,1
9704,85.26633351,201.7969597,1
9705,85.26633351,201.7969597,1
9706,85.26633351,201.7969597,1
9707,85.26633351,201.7969597,1
9708,85.26633351,201.7969597,1
9709,85.26633351,201.7969597,1
9710,85.26633351,201.7969597,1
9711,85.26633351,201.7969597,1
9712,85.26633351,201.7969597,1
9713,85.26633351,201.7969597,1
9714,85.26633351,201.7969597,1
9715,85.26633351,201.7969597,1
9716,85.26633351,201.7969597,1
9717,85.26633351,201.7969597,1
9718,85.26633351,201.7969597,1
9719,85.26633358,201.7969597,1
9720,85.26633358,201.7969597,1
9721,85.26633358,201.7969597,1
9722,85.26633358,201.7969597,1
9723,85.26633358,201.7969597,1
9724,85.26633358,201.7969597,1
9725,85.26633358,201.7969597,1
9726,85.26633358,201.7969597,1
9727,85.26633358,201.7969597,1
9728,85.26633358,201.7969597,1
9729,85.26633358,201.7969597,1
9730,85.26633358,201.7969597,1
9731,85.26633358,201.7969597,1
9732,85.26633358,201.7969597,1
9733,85.26633358,201.7969597,1
9734,85.26633358,201.7969597,1
9735,85.26633358,201.7969597,1
9736,85.26633358,201.7969597,1
9737,85.26633358,201.7969597,1
9738,85.26633358,201.7969597,1
9739,85.26633358,201.7969597,1
9740,85.26633358,201.7969597,1
9741,85.26633358,201.7969597,1
9742,85.26633358,201.7969597,1
9743,85.26633358,201.7969597,1
9744,85.26633358,201.7969597,1
9745,85.26633358,201.7969597,1
9746,85.26633358,201.7969597,1
9747,85.26633358,201.7969597,1
9748,85.26633358,198.954749,1
9749,85.26633358,198.954749,1
9750,85.26633358,198.954749,1
9751,85.26633358,198.954749,1
9752,85.26633358,198.954749,1
9753,85.26633358,198.954749,1
9754,85.26633358,198.954749,1
9755,85.26633358,198.954749,1
9756,85.26633358,198.954749,1
9757,85.26633358,198.954749,1
9758,85.26633358,198.954749,1
9759,85.26633358,198.954749,1
9760,85.26633358,198.954749,1
9761,85.26633358,198.954749,1
9762,85.26633358,198.954749,1
9763,85.26633358,198.954749,1
9764,85.26633358,198.954749,1
9765,85.26633358,201.7969597,1
9766,85.26633358,201.7969597,1
9767,85.26633358,201.7969597,1
9768,85.26633358,201.7969597,1
9769,85.26633351,201.7969597,1
9770,85.26633351,201.7969597,1
9771,85.26633351,201.7969597,1
9772,85.26633351,201.7969597,1
9773,85.26633351,201.7969597,1
9774,85.26633351,201.7969597,1
9775,85.26633351,201.7969597,1
9776,85.26633351,201.7969597,1
9777,85.26633351,201.7969597,1
9778,85.26633351,201.7969597,1
9779,85.26633351,201.7969597,1
9780,85.26633351,201.7969597,1
9781,85.26633351,201.7969597,1
9782,85.26633351,201.7969597,1
9783,85.26633351,201.7969597,1
9784,85.26633351,201.7969597,1
9785,85.26633351,201.7969597,1
9786,85.26633351,201.7969597,1
9787,85.26633351,201.7969597,1
9788,85.26633351,201.7969597,1
9789,85.26633351,201.7969597,1
9790,85.26633351,201.7969597,1
9791,85.26633351,201.7969597,1
9792,85.26633351,201.7969597,1
9793,85.26633351,201.7969597,1
9794,85.26633351,201.7969597,1
9795,85.26633351,201.7969597,1
9796,85.26633351,201.7969597,1
9797,85.26633351,201.7969597,1
9798,85.26633351,201.7969597,1
9799,85.26633351,201.7969597,1
9800,85.26633358,201.7969597,1
9801,85.26633358,201.7969597,1
9802,85.26633358,201.7969597,1
9803,85.26633358,201.7969597,1
9804,85.26633358,201.7969597,1
9805,85.26633358,201.7969597,1
9806,85.26633358,201.7969597,1
9807,85.26633358,201.7969597,1
9808,85.26633358,201.7969597,1
9809,85.26633358,201.7969597,1
9810,85.26633358,201.7969597,1
9811,85.26633358,201.7969597,1
9812,85.26633358,201.7969597,1
9813,85.26633358,201.7969597,1
9814,85.26633358,201.7969597,1
9815,85.26633358,201.7969597,1
9816,85.26633358,201.7969597,1
9817,85.26633358,201.7969597,1
9818,85.26633358,201.7969597,1
9819,85.26633358,201.7969597,1
9820,85.26633358,201.7969597,1
9821,85.26633358,201.7969597,1
9822,85.26633358,201.7969597,1
9823,85.26633358,201.7969597,1
9824,85.26633358,201.7969597,1
9825,85.26633358,204.6391704,1
9826,85.26633358,204.6391704,1
9827,85.26633358,204.6391704,1
9828,85.26633358,204.6391704,1
9829,85.26633358,204.6391704,1
9830,85.26633358,204.6391704,1
9831,85.26633358,204.6391704,1
9832,85.26633358,204.6391704,1
9833,85.26633358,204.6391704,1
9834,85.26633358,204.6391704,1
9835,85.26633358,204.6391704,1
9836,85.26633358,204.6391704,1
9837,85.26633358,204.6391704,1
9838,85.26633358,204.6391704,1
9839,85.26633358,204.6391704,1
9840,85.26633358,204.6391704,1
9841,85.26633358,204.6391704,1
9842,85.26633358,204.6391704,1
9843,85.26633358,204.6391704,1
9844,85.26633358,204.6391704,1
9845,85.26633358,204.6391704,1
9846,85.26633358,204.6391704,1
9847,85.26633358,204.6391704,1
9848,85.26633358,204.6391704,1
9849,85.26633358,204.6391704,1
9850,85.26633351,204.6391704,1
9851,85.26633351,204.6391704,1
9852,85.26633351,204.6391704,1
9853,85.26633351,204.6391704,1
9854,85.26633351,204.6391704,1
9855,85.26633351,204.6391704,1
9856,85.26633344,204.6391704,1
9857,85.26633351,204.6391704,1
9858,85.26633351,204.6391704,1
9859,85.26633351,204.6391704,1
9860,85.26633351,204.6391704,1
9861,85.26633351,204.6391704,1
9862,85.26633351,204.6391704,1
9863,85.26633351,204.6391704,1
9864,85.26633351,204.6391704,1
9865,85.26633351,204.6391704,1
9866,85.26633351,204.6391704,1
9867,85.26633351,204.6391704,1
9868,85.26633351,204.6391704,1
9869,85.26633351,204.6391704,1
9870,85.26633351,204.6391704,1
9871,85.26633351,204.6391704,1
9872,85.26633351,204.6391704,1
9873,85.26633351,204.6391704,1
9874,85.26633351,204.6391704,1
9875,85.26633351,201.7969597,1
9876,85.26633351,201.7969597,1
9877,85.26633351,201.7969597,1
9878,85.26633351,201.7969597,1
9879,85.26633351,201.7969597,1
9880,85.26633351,201.7969597,1
9881,85.26633351,201.7969597,1
9882,85.26633351,201.7969597,1
9883,85.26633351,201.7969597,1
9884,85.26633351,201.7969597,1
9885,85.26633351,201.7969597,1
9886,85.26633351,201.7969597,1
9887,85.26633351,201.7969597,1
9888,85.26633351,201.7969597,1
9889,85.26633351,201.7969597,1
9890,85.26633351,201.7969597,1
9891,85.26633351,201.7969597,1
9892,85.26633351,201.7969597,1
9893,85.26633351,201.7969597,1
9894,85.26633351,201.7969597,1
9895,85.26633351,201.7969597,1
9896,85.26633351,201.7969597,1
9897,85.26633351,201.7969597,1
9898,85.26633351,201.7969597,1
9899,85.26633351,201.7969597,1
9900,85.26633351,201.7969597,1
9901,85.26633351,201.7969597,1
9902,85.26633358,201.7969597,1
9903,85.26633358,201.7969597,1
9904,85.26633358,201.7969597,1
9905,85.26633358,201.7969597,1
9906,85.26633358,201.7969597,1
9907,85.26633358,201.7969597,1
9908,85.26633358,201.7969597,1
9909,85.26633358,201.7969597,1
9910,85.26633358,201.7969597,1
9911,85.26633358,201.7969597,1
9912,85.26633358,201.7969597,1
9913,85.26633358,201.7969597,1
9914,85.26633358,201.7969597,1
9915,85.26633358,201.7969597,1
9916,85.26633358,201.7969597,1
9917,85.26633358,201.7969597,1
9918,85.26633358,201.7969597,1
9919,85.26633358,201.7969597,1
9920,85.26633358,201.7969597,1
9921,85.26633358,201.7969597,1
9922,85.26633358,201.7969597,1
9923,85.26633358,201.7969597,1
9924,85.26633358,204.6391704,1
9925,85.26633358,204.6391704,1
9926,85.26633358,204.6391704,1
9927,85.26633358,204.6391704,1
9928,85.26633358,204.6391704,1
9929,85.26633358,204.6391704,1
9930,85.26633358,204.6391704,1
9931,85.26633358,204.6391704,1
9932,85.26633358,204.6391704,1
9933,85.26633358,204.6391704,1
9934,85.26633358,204.6391704,1
9935,85.26633358,204.6391704,1
9936,85.26633358,204.6391704,1
9937,85.26633358,204.6391704,1
9938,85.26633358,204.6391704,1
9939,85.26633358,204.6391704,1
9940,85.26633358,204.6391704,1
9941,85.26633358,204.6391704,1
9942,85.26633358,204.6391704,1
9943,85.26633358,204.6391704,1
9944,85.26633358,204.6391704,1
9945,85.26633358,204.6391704,1
9946,85.26633358,204.6391704,1
9947,85.26633358,204.6391704,1
9948,85.26633358,204.6391704,1
9949,85.26633358,204.6391704,1
9950,85.26633358,204.6391704,1
9951,85.26633358,204.6391704,1
9952,82.42412232,204.6391704,1
9953,82.42412232,204.6391704,1
9954,82.42412232,204.6391704,1
9955,82.42412232,204.6391704,1
9956,82.42412232,204.6391704,1
9957,82.42412232,204.6391704,1
9958,82.42412232,204.6391704,1
9959,85.26633351,204.6391704,1
9960,85.26633351,204.6391704,1
9961,85.26633351,204.6391704,1
9962,85.26633351,204.6391704,1
9963,85.26633351,204.6391704,1
9964,85.26633351,204.6391704,1
9965,85.26633351,204.6391704,1
9966,85.26633351,204.6391704,1
9967,85.26633351,204.6391704,1
9968,85.26633351,204.6391704,1
9969,85.26633351,204.6391704,1
9970,85.26633351,204.6391704,1
9971,85.26633351,204.6391704,1
9972,85.26633351,204.6391704,1
9973,85.26633351,204.6391704,1
9974,85.26633351,201.7969597,1
9975,85.26633351,201.7969597,1
9976,85.26633351,201.7969597,1
9977,85.26633351,201.7969597,1
9978,85.26633351,201.7969597,1
9979,85.26633351,201.7969597,1
9980,85.26633351,201.7969597,1
9981,85.26633351,201.7969597,1
9982,85.26633351,201.7969597,1
9983,85.26633351,201.7969597,1
9984,85.26633351,201.7969597,1
9985,85.26633351,201.7969597,1
9986,85.26633351,201.7969597,1
9987,85.26633351,201.7969597,1
9988,85.26633351,201.7969597,1
9989,85.26633351,201.7969597,1
